retriever,query_id,n_results,precision_at_all,recall_at_all,f1_at_all,ndcg_at_all,mrr,ap,hit_rate_at_all,vs_Classic,vs_BM25
Classic,5299788,0,0.0,0.0,0.0,0.0,0.0,0.0,0,,0.0
Classic,6287934,0,0.0,0.0,0.0,0.0,0.0,0.0,0,,0.0
Classic,1011209,0,0.0,0.0,0.0,0.0,0.0,0.0,0,,0.0
Classic,5507504,0,0.0,0.0,0.0,0.0,0.0,0.0,0,,0.0
Classic,346568,0,0.0,0.0,0.0,0.0,0.0,0.0,0,,0.0
Classic,1203808,0,0.0,0.0,0.0,0.0,0.0,0.0,0,,0.0
Classic,1010335,0,0.0,0.0,0.0,0.0,0.0,0.0,0,,0.0
Classic,3409325,0,0.0,0.0,0.0,0.0,0.0,0.0,0,,0.0
Classic,4895081,0,0.0,0.0,0.0,0.0,0.0,0.0,0,,0.0
Classic,1397599,0,0.0,0.0,0.0,0.0,0.0,0.0,0,,0.0
Classic,1644652,0,0.0,0.0,0.0,0.0,0.0,0.0,0,,0.0
Classic,2227097,0,0.0,0.0,0.0,0.0,0.0,0.0,0,,0.0
Classic,3601209,0,0.0,0.0,0.0,0.0,0.0,0.0,0,,0.0
Classic,3711744,0,0.0,0.0,0.0,0.0,0.0,0.0,0,,0.0
Classic,1776679,0,0.0,0.0,0.0,0.0,0.0,0.0,0,,0.0
Classic,5851433,0,0.0,0.0,0.0,0.0,0.0,0.0,0,,0.0
Classic,4370660,0,0.0,0.0,0.0,0.0,0.0,0.0,0,,0.0
Classic,1040527,0,0.0,0.0,0.0,0.0,0.0,0.0,0,,0.0
Classic,3895110,0,0.0,0.0,0.0,0.0,0.0,0.0,0,,0.0
Classic,4382555,0,0.0,0.0,0.0,0.0,0.0,0.0,0,,0.0
Classic,5767055,0,0.0,0.0,0.0,0.0,0.0,0.0,0,,0.0
Classic,2966359,0,0.0,0.0,0.0,0.0,0.0,0.0,0,,0.0
Classic,2105501,0,0.0,0.0,0.0,0.0,0.0,0.0,0,,0.0
Classic,1706796,0,0.0,0.0,0.0,0.0,0.0,0.0,0,,0.0
Classic,2151547,0,0.0,0.0,0.0,0.0,0.0,0.0,0,,0.0
Classic,4499037,0,0.0,0.0,0.0,0.0,0.0,0.0,0,,0.0
Classic,5590619,0,0.0,0.0,0.0,0.0,0.0,0.0,0,,0.0
Classic,1305866,0,0.0,0.0,0.0,0.0,0.0,0.0,0,,0.0
Classic,1070632,0,0.0,0.0,0.0,0.0,0.0,0.0,0,,0.0
Classic,1579621,0,0.0,0.0,0.0,0.0,0.0,0.0,0,,0.0
Classic,3353693,0,0.0,0.0,0.0,0.0,0.0,0.0,0,,0.0
Classic,3183267,0,0.0,0.0,0.0,0.0,0.0,0.0,0,,0.0
Classic,267585,0,0.0,0.0,0.0,0.0,0.0,0.0,0,,0.0
Classic,2208303,0,0.0,0.0,0.0,0.0,0.0,0.0,0,,0.0
Classic,3843978,0,0.0,0.0,0.0,0.0,0.0,0.0,0,,0.0
Classic,5635806,0,0.0,0.0,0.0,0.0,0.0,0.0,0,,0.0
Classic,1265872,0,0.0,0.0,0.0,0.0,0.0,0.0,0,,0.0
Classic,3677350,0,0.0,0.0,0.0,0.0,0.0,0.0,0,,0.0
Classic,3513416,0,0.0,0.0,0.0,0.0,0.0,0.0,0,,0.0
Classic,4432085,0,0.0,0.0,0.0,0.0,0.0,0.0,0,,0.0
Classic,3084813,0,0.0,0.0,0.0,0.0,0.0,0.0,0,,0.0
Classic,5679395,0,0.0,0.0,0.0,0.0,0.0,0.0,0,,0.0
Classic,4018265,0,0.0,0.0,0.0,0.0,0.0,0.0,0,,0.0
Classic,3527049,0,0.0,0.0,0.0,0.0,0.0,0.0,0,,0.0
Classic,1077998,0,0.0,0.0,0.0,0.0,0.0,0.0,0,,0.0
Classic,6219647,0,0.0,0.0,0.0,0.0,0.0,0.0,0,,0.0
Classic,4003778,0,0.0,0.0,0.0,0.0,0.0,0.0,0,,0.0
Classic,1850213,1,0.0,0.0,0.0,0.0,0.0,0.0,0,,1.0
Classic,3450981,0,0.0,0.0,0.0,0.0,0.0,0.0,0,,0.0
Classic,3421016,0,0.0,0.0,0.0,0.0,0.0,0.0,0,,0.0
Classic,316293,0,0.0,0.0,0.0,0.0,0.0,0.0,0,,0.0
Classic,2819930,0,0.0,0.0,0.0,0.0,0.0,0.0,0,,0.0
Classic,5634233,0,0.0,0.0,0.0,0.0,0.0,0.0,0,,0.0
Classic,5984821,0,0.0,0.0,0.0,0.0,0.0,0.0,0,,0.0
Classic,2859729,0,0.0,0.0,0.0,0.0,0.0,0.0,0,,0.0
Classic,1555823,0,0.0,0.0,0.0,0.0,0.0,0.0,0,,0.0
Classic,1250062,0,0.0,0.0,0.0,0.0,0.0,0.0,0,,0.0
Classic,1682807,0,0.0,0.0,0.0,0.0,0.0,0.0,0,,0.0
Classic,4604261,0,0.0,0.0,0.0,0.0,0.0,0.0,0,,0.0
Classic,525313,0,0.0,0.0,0.0,0.0,0.0,0.0,0,,0.0
Classic,1340509,0,0.0,0.0,0.0,0.0,0.0,0.0,0,,0.0
Classic,3289123,0,0.0,0.0,0.0,0.0,0.0,0.0,0,,0.0
Classic,5662233,0,0.0,0.0,0.0,0.0,0.0,0.0,0,,0.0
Classic,3223160,0,0.0,0.0,0.0,0.0,0.0,0.0,0,,0.0
Classic,3258688,0,0.0,0.0,0.0,0.0,0.0,0.0,0,,0.0
Classic,2045751,0,0.0,0.0,0.0,0.0,0.0,0.0,0,,0.0
Classic,6053021,0,0.0,0.0,0.0,0.0,0.0,0.0,0,,0.0
Classic,1552659,0,0.0,0.0,0.0,0.0,0.0,0.0,0,,0.0
Classic,3714755,0,0.0,0.0,0.0,0.0,0.0,0.0,0,,0.0
Classic,4994038,1,0.0,0.0,0.0,0.0,0.0,0.0,0,,1.0
Classic,5546008,0,0.0,0.0,0.0,0.0,0.0,0.0,0,,0.0
Classic,5591184,0,0.0,0.0,0.0,0.0,0.0,0.0,0,,0.0
Classic,5019203,0,0.0,0.0,0.0,0.0,0.0,0.0,0,,0.0
Classic,4646715,0,0.0,0.0,0.0,0.0,0.0,0.0,0,,0.0
Classic,1346416,0,0.0,0.0,0.0,0.0,0.0,0.0,0,,0.0
Classic,4175214,0,0.0,0.0,0.0,0.0,0.0,0.0,0,,0.0
Classic,4011263,0,0.0,0.0,0.0,0.0,0.0,0.0,0,,0.0
Classic,5571959,0,0.0,0.0,0.0,0.0,0.0,0.0,0,,0.0
Classic,2720946,0,0.0,0.0,0.0,0.0,0.0,0.0,0,,0.0
Classic,3746682,0,0.0,0.0,0.0,0.0,0.0,0.0,0,,0.0
Classic,297891,0,0.0,0.0,0.0,0.0,0.0,0.0,0,,0.0
Classic,1455271,0,0.0,0.0,0.0,0.0,0.0,0.0,0,,0.0
Classic,5894445,0,0.0,0.0,0.0,0.0,0.0,0.0,0,,0.0
Classic,1241174,0,0.0,0.0,0.0,0.0,0.0,0.0,0,,0.0
Classic,3924770,0,0.0,0.0,0.0,0.0,0.0,0.0,0,,0.0
Classic,434590,0,0.0,0.0,0.0,0.0,0.0,0.0,0,,0.0
Classic,4695937,0,0.0,0.0,0.0,0.0,0.0,0.0,0,,0.0
Classic,5832927,0,0.0,0.0,0.0,0.0,0.0,0.0,0,,0.0
Classic,4321671,0,0.0,0.0,0.0,0.0,0.0,0.0,0,,0.0
Classic,5508475,0,0.0,0.0,0.0,0.0,0.0,0.0,0,,0.0
Classic,5324522,0,0.0,0.0,0.0,0.0,0.0,0.0,0,,0.0
Classic,6013566,0,0.0,0.0,0.0,0.0,0.0,0.0,0,,0.0
Classic,4363037,0,0.0,0.0,0.0,0.0,0.0,0.0,0,,0.0
Classic,5516488,0,0.0,0.0,0.0,0.0,0.0,0.0,0,,0.0
Classic,4972606,2,0.0,0.0,0.0,0.0,0.0,0.0,0,,1.0
Classic,1925113,0,0.0,0.0,0.0,0.0,0.0,0.0,0,,0.0
Classic,2435093,0,0.0,0.0,0.0,0.0,0.0,0.0,0,,0.0
Classic,2962173,0,0.0,0.0,0.0,0.0,0.0,0.0,0,,0.0
Classic,6386375,0,0.0,0.0,0.0,0.0,0.0,0.0,0,,0.0
Classic,3878668,0,0.0,0.0,0.0,0.0,0.0,0.0,0,,0.0
Classic,5998189,0,0.0,0.0,0.0,0.0,0.0,0.0,0,,0.0
Classic,3180305,1,0.0,0.0,0.0,0.0,0.0,0.0,0,,1.0
Classic,1515659,0,0.0,0.0,0.0,0.0,0.0,0.0,0,,0.0
Classic,6341489,0,0.0,0.0,0.0,0.0,0.0,0.0,0,,0.0
Classic,1671167,0,0.0,0.0,0.0,0.0,0.0,0.0,0,,0.0
Classic,5984743,0,0.0,0.0,0.0,0.0,0.0,0.0,0,,0.0
Classic,2119365,0,0.0,0.0,0.0,0.0,0.0,0.0,0,,0.0
Classic,1263837,0,0.0,0.0,0.0,0.0,0.0,0.0,0,,0.0
Classic,2284722,0,0.0,0.0,0.0,0.0,0.0,0.0,0,,0.0
Classic,1407940,0,0.0,0.0,0.0,0.0,0.0,0.0,0,,0.0
Classic,5136947,0,0.0,0.0,0.0,0.0,0.0,0.0,0,,0.0
Classic,2011460,0,0.0,0.0,0.0,0.0,0.0,0.0,0,,0.0
Classic,2263688,0,0.0,0.0,0.0,0.0,0.0,0.0,0,,0.0
Classic,1320455,0,0.0,0.0,0.0,0.0,0.0,0.0,0,,0.0
Classic,1773046,1,0.0,0.0,0.0,0.0,0.0,0.0,0,,1.0
Classic,1202815,0,0.0,0.0,0.0,0.0,0.0,0.0,0,,0.0
Classic,2765403,0,0.0,0.0,0.0,0.0,0.0,0.0,0,,0.0
Classic,1020829,0,0.0,0.0,0.0,0.0,0.0,0.0,0,,0.0
Classic,435424,0,0.0,0.0,0.0,0.0,0.0,0.0,0,,0.0
Classic,352956,0,0.0,0.0,0.0,0.0,0.0,0.0,0,,0.0
Classic,425874,0,0.0,0.0,0.0,0.0,0.0,0.0,0,,0.0
Classic,4955213,0,0.0,0.0,0.0,0.0,0.0,0.0,0,,0.0
Classic,6163035,0,0.0,0.0,0.0,0.0,0.0,0.0,0,,0.0
Classic,3446482,0,0.0,0.0,0.0,0.0,0.0,0.0,0,,0.0
Classic,2409062,2,0.0,0.0,0.0,0.0,0.0,0.0,0,,1.0
Classic,6075455,0,0.0,0.0,0.0,0.0,0.0,0.0,0,,0.0
Classic,221171,0,0.0,0.0,0.0,0.0,0.0,0.0,0,,0.0
Classic,1708585,0,0.0,0.0,0.0,0.0,0.0,0.0,0,,0.0
Classic,3431872,0,0.0,0.0,0.0,0.0,0.0,0.0,0,,0.0
Classic,3899907,0,0.0,0.0,0.0,0.0,0.0,0.0,0,,0.0
Classic,333210,0,0.0,0.0,0.0,0.0,0.0,0.0,0,,0.0
Classic,3408817,0,0.0,0.0,0.0,0.0,0.0,0.0,0,,0.0
Classic,2456608,0,0.0,0.0,0.0,0.0,0.0,0.0,0,,0.0
Classic,1138728,0,0.0,0.0,0.0,0.0,0.0,0.0,0,,0.0
Classic,102381,0,0.0,0.0,0.0,0.0,0.0,0.0,0,,0.0
Classic,3310199,0,0.0,0.0,0.0,0.0,0.0,0.0,0,,0.0
Classic,384192,0,0.0,0.0,0.0,0.0,0.0,0.0,0,,0.0
Classic,3790054,0,0.0,0.0,0.0,0.0,0.0,0.0,0,,0.0
Classic,4134703,0,0.0,0.0,0.0,0.0,0.0,0.0,0,,0.0
Classic,114977,0,0.0,0.0,0.0,0.0,0.0,0.0,0,,0.0
Classic,159878,0,0.0,0.0,0.0,0.0,0.0,0.0,0,,0.0
Classic,4223029,0,0.0,0.0,0.0,0.0,0.0,0.0,0,,0.0
Classic,5211805,0,0.0,0.0,0.0,0.0,0.0,0.0,0,,0.0
Classic,292631,0,0.0,0.0,0.0,0.0,0.0,0.0,0,,0.0
Classic,1016522,0,0.0,0.0,0.0,0.0,0.0,0.0,0,,0.0
Classic,6351265,1,0.0,0.0,0.0,0.0,0.0,0.0,0,,1.0
Classic,3990258,0,0.0,0.0,0.0,0.0,0.0,0.0,0,,0.0
Classic,1154489,0,0.0,0.0,0.0,0.0,0.0,0.0,0,,0.0
Classic,5517500,0,0.0,0.0,0.0,0.0,0.0,0.0,0,,0.0
Classic,1952166,0,0.0,0.0,0.0,0.0,0.0,0.0,0,,0.0
Classic,1416349,0,0.0,0.0,0.0,0.0,0.0,0.0,0,,0.0
Classic,3216677,0,0.0,0.0,0.0,0.0,0.0,0.0,0,,0.0
Classic,5719491,0,0.0,0.0,0.0,0.0,0.0,0.0,0,,0.0
Classic,1341494,0,0.0,0.0,0.0,0.0,0.0,0.0,0,,0.0
Classic,1028197,0,0.0,0.0,0.0,0.0,0.0,0.0,0,,0.0
Classic,2364664,0,0.0,0.0,0.0,0.0,0.0,0.0,0,,0.0
Classic,4702150,0,0.0,0.0,0.0,0.0,0.0,0.0,0,,0.0
Classic,5210824,0,0.0,0.0,0.0,0.0,0.0,0.0,0,,0.0
Classic,2958343,0,0.0,0.0,0.0,0.0,0.0,0.0,0,,0.0
Classic,1568471,0,0.0,0.0,0.0,0.0,0.0,0.0,0,,0.0
Classic,3964562,0,0.0,0.0,0.0,0.0,0.0,0.0,0,,0.0
Classic,1717352,0,0.0,0.0,0.0,0.0,0.0,0.0,0,,0.0
Classic,5837609,0,0.0,0.0,0.0,0.0,0.0,0.0,0,,0.0
Classic,5813041,0,0.0,0.0,0.0,0.0,0.0,0.0,0,,0.0
Classic,2997872,0,0.0,0.0,0.0,0.0,0.0,0.0,0,,0.0
Classic,3284246,0,0.0,0.0,0.0,0.0,0.0,0.0,0,,0.0
Classic,2130387,0,0.0,0.0,0.0,0.0,0.0,0.0,0,,0.0
Classic,5858213,0,0.0,0.0,0.0,0.0,0.0,0.0,0,,0.0
Classic,3823779,0,0.0,0.0,0.0,0.0,0.0,0.0,0,,0.0
Classic,4449340,0,0.0,0.0,0.0,0.0,0.0,0.0,0,,0.0
Classic,5242937,0,0.0,0.0,0.0,0.0,0.0,0.0,0,,0.0
Classic,3345443,0,0.0,0.0,0.0,0.0,0.0,0.0,0,,0.0
Classic,5489694,0,0.0,0.0,0.0,0.0,0.0,0.0,0,,0.0
Classic,3727614,1,0.0,0.0,0.0,0.0,0.0,0.0,0,,1.0
Classic,5725329,0,0.0,0.0,0.0,0.0,0.0,0.0,0,,0.0
Classic,2388017,0,0.0,0.0,0.0,0.0,0.0,0.0,0,,0.0
Classic,4337388,0,0.0,0.0,0.0,0.0,0.0,0.0,0,,0.0
Classic,4542555,0,0.0,0.0,0.0,0.0,0.0,0.0,0,,0.0
Classic,1742928,0,0.0,0.0,0.0,0.0,0.0,0.0,0,,0.0
Classic,1208620,0,0.0,0.0,0.0,0.0,0.0,0.0,0,,0.0
Classic,6372446,0,0.0,0.0,0.0,0.0,0.0,0.0,0,,0.0
Classic,3678780,0,0.0,0.0,0.0,0.0,0.0,0.0,0,,0.0
Classic,3637792,0,0.0,0.0,0.0,0.0,0.0,0.0,0,,0.0
Classic,5835632,0,0.0,0.0,0.0,0.0,0.0,0.0,0,,0.0
Classic,3412552,0,0.0,0.0,0.0,0.0,0.0,0.0,0,,0.0
Classic,3784642,0,0.0,0.0,0.0,0.0,0.0,0.0,0,,0.0
Classic,2249513,0,0.0,0.0,0.0,0.0,0.0,0.0,0,,0.0
Classic,3994629,0,0.0,0.0,0.0,0.0,0.0,0.0,0,,0.0
Classic,4093193,0,0.0,0.0,0.0,0.0,0.0,0.0,0,,0.0
Classic,3940443,0,0.0,0.0,0.0,0.0,0.0,0.0,0,,0.0
Classic,5342699,0,0.0,0.0,0.0,0.0,0.0,0.0,0,,0.0
Classic,2983666,0,0.0,0.0,0.0,0.0,0.0,0.0,0,,0.0
Classic,529339,0,0.0,0.0,0.0,0.0,0.0,0.0,0,,0.0
Classic,2997326,0,0.0,0.0,0.0,0.0,0.0,0.0,0,,0.0
Classic,1181883,0,0.0,0.0,0.0,0.0,0.0,0.0,0,,0.0
Classic,1578571,0,0.0,0.0,0.0,0.0,0.0,0.0,0,,0.0
Classic,4990938,0,0.0,0.0,0.0,0.0,0.0,0.0,0,,0.0
Classic,5193988,0,0.0,0.0,0.0,0.0,0.0,0.0,0,,0.0
Classic,4171316,0,0.0,0.0,0.0,0.0,0.0,0.0,0,,0.0
Classic,595005,0,0.0,0.0,0.0,0.0,0.0,0.0,0,,0.0
Classic,2974317,0,0.0,0.0,0.0,0.0,0.0,0.0,0,,0.0
Classic,172332,1,0.0,0.0,0.0,0.0,0.0,0.0,0,,1.0
Classic,1451423,0,0.0,0.0,0.0,0.0,0.0,0.0,0,,0.0
Classic,2403263,0,0.0,0.0,0.0,0.0,0.0,0.0,0,,0.0
Classic,3335342,0,0.0,0.0,0.0,0.0,0.0,0.0,0,,0.0
Classic,1295286,0,0.0,0.0,0.0,0.0,0.0,0.0,0,,0.0
Classic,6020647,0,0.0,0.0,0.0,0.0,0.0,0.0,0,,0.0
Classic,5913997,0,0.0,0.0,0.0,0.0,0.0,0.0,0,,0.0
Classic,114290,0,0.0,0.0,0.0,0.0,0.0,0.0,0,,0.0
Classic,3668800,0,0.0,0.0,0.0,0.0,0.0,0.0,0,,0.0
Classic,4852505,0,0.0,0.0,0.0,0.0,0.0,0.0,0,,0.0
Classic,2667746,0,0.0,0.0,0.0,0.0,0.0,0.0,0,,0.0
Classic,1202645,0,0.0,0.0,0.0,0.0,0.0,0.0,0,,0.0
Classic,221628,0,0.0,0.0,0.0,0.0,0.0,0.0,0,,0.0
Classic,5892697,0,0.0,0.0,0.0,0.0,0.0,0.0,0,,0.0
Classic,3420522,0,0.0,0.0,0.0,0.0,0.0,0.0,0,,0.0
Classic,5375356,0,0.0,0.0,0.0,0.0,0.0,0.0,0,,0.0
Classic,4556631,0,0.0,0.0,0.0,0.0,0.0,0.0,0,,0.0
Classic,3880043,0,0.0,0.0,0.0,0.0,0.0,0.0,0,,0.0
Classic,4557468,0,0.0,0.0,0.0,0.0,0.0,0.0,0,,0.0
Classic,1262444,0,0.0,0.0,0.0,0.0,0.0,0.0,0,,0.0
Classic,2144649,0,0.0,0.0,0.0,0.0,0.0,0.0,0,,0.0
Classic,4965439,0,0.0,0.0,0.0,0.0,0.0,0.0,0,,0.0
Classic,176319,0,0.0,0.0,0.0,0.0,0.0,0.0,0,,0.0
Classic,5262524,0,0.0,0.0,0.0,0.0,0.0,0.0,0,,0.0
Classic,4988240,0,0.0,0.0,0.0,0.0,0.0,0.0,0,,0.0
Classic,4536961,0,0.0,0.0,0.0,0.0,0.0,0.0,0,,0.0
Classic,5827256,0,0.0,0.0,0.0,0.0,0.0,0.0,0,,0.0
Classic,1107871,0,0.0,0.0,0.0,0.0,0.0,0.0,0,,0.0
Classic,1742368,0,0.0,0.0,0.0,0.0,0.0,0.0,0,,0.0
Classic,2182354,0,0.0,0.0,0.0,0.0,0.0,0.0,0,,0.0
Classic,4392637,0,0.0,0.0,0.0,0.0,0.0,0.0,0,,0.0
Classic,57975,0,0.0,0.0,0.0,0.0,0.0,0.0,0,,0.0
Classic,6319414,0,0.0,0.0,0.0,0.0,0.0,0.0,0,,0.0
Classic,4164053,0,0.0,0.0,0.0,0.0,0.0,0.0,0,,0.0
Classic,277058,0,0.0,0.0,0.0,0.0,0.0,0.0,0,,0.0
Classic,1401471,0,0.0,0.0,0.0,0.0,0.0,0.0,0,,0.0
Classic,5163910,0,0.0,0.0,0.0,0.0,0.0,0.0,0,,0.0
Classic,3794093,0,0.0,0.0,0.0,0.0,0.0,0.0,0,,0.0
Classic,4938255,0,0.0,0.0,0.0,0.0,0.0,0.0,0,,0.0
Classic,255457,0,0.0,0.0,0.0,0.0,0.0,0.0,0,,0.0
Classic,1885819,0,0.0,0.0,0.0,0.0,0.0,0.0,0,,0.0
Classic,2160326,0,0.0,0.0,0.0,0.0,0.0,0.0,0,,0.0
Classic,4444346,0,0.0,0.0,0.0,0.0,0.0,0.0,0,,0.0
Classic,4684037,0,0.0,0.0,0.0,0.0,0.0,0.0,0,,0.0
Classic,3817273,0,0.0,0.0,0.0,0.0,0.0,0.0,0,,0.0
Classic,5471841,0,0.0,0.0,0.0,0.0,0.0,0.0,0,,0.0
Classic,261112,5,0.0,0.0,0.0,0.0,0.0,0.0,0,,1.0
Classic,1940858,0,0.0,0.0,0.0,0.0,0.0,0.0,0,,0.0
Classic,39751,1,0.0,0.0,0.0,0.0,0.0,0.0,0,,1.0
Classic,1006365,0,0.0,0.0,0.0,0.0,0.0,0.0,0,,0.0
Classic,4961817,0,0.0,0.0,0.0,0.0,0.0,0.0,0,,0.0
Classic,2663338,1,0.0,0.0,0.0,0.0,0.0,0.0,0,,1.0
Classic,4703848,1,0.0,0.0,0.0,0.0,0.0,0.0,0,,1.0
Classic,4566246,0,0.0,0.0,0.0,0.0,0.0,0.0,0,,0.0
Classic,1609854,0,0.0,0.0,0.0,0.0,0.0,0.0,0,,0.0
Classic,4997395,0,0.0,0.0,0.0,0.0,0.0,0.0,0,,0.0
Classic,2401207,0,0.0,0.0,0.0,0.0,0.0,0.0,0,,0.0
Classic,2616251,0,0.0,0.0,0.0,0.0,0.0,0.0,0,,0.0
Classic,4720752,0,0.0,0.0,0.0,0.0,0.0,0.0,0,,0.0
Classic,5446902,0,0.0,0.0,0.0,0.0,0.0,0.0,0,,0.0
Classic,4304490,0,0.0,0.0,0.0,0.0,0.0,0.0,0,,0.0
Classic,6220453,0,0.0,0.0,0.0,0.0,0.0,0.0,0,,0.0
Classic,6244530,0,0.0,0.0,0.0,0.0,0.0,0.0,0,,0.0
Classic,6057081,0,0.0,0.0,0.0,0.0,0.0,0.0,0,,0.0
Classic,5731699,0,0.0,0.0,0.0,0.0,0.0,0.0,0,,0.0
Classic,5519007,0,0.0,0.0,0.0,0.0,0.0,0.0,0,,0.0
Classic,1775170,0,0.0,0.0,0.0,0.0,0.0,0.0,0,,0.0
Classic,4832681,0,0.0,0.0,0.0,0.0,0.0,0.0,0,,0.0
Classic,2736719,0,0.0,0.0,0.0,0.0,0.0,0.0,0,,0.0
Classic,4335992,1,0.0,0.0,0.0,0.0,0.0,0.0,0,,1.0
Classic,4722891,0,0.0,0.0,0.0,0.0,0.0,0.0,0,,0.0
Classic,5095605,0,0.0,0.0,0.0,0.0,0.0,0.0,0,,0.0
Classic,2064070,0,0.0,0.0,0.0,0.0,0.0,0.0,0,,0.0
Classic,4437445,0,0.0,0.0,0.0,0.0,0.0,0.0,0,,0.0
Classic,32046,0,0.0,0.0,0.0,0.0,0.0,0.0,0,,0.0
Classic,2722684,0,0.0,0.0,0.0,0.0,0.0,0.0,0,,0.0
Classic,114185,0,0.0,0.0,0.0,0.0,0.0,0.0,0,,0.0
Classic,3763304,0,0.0,0.0,0.0,0.0,0.0,0.0,0,,0.0
Classic,3118616,0,0.0,0.0,0.0,0.0,0.0,0.0,0,,0.0
Classic,1119434,0,0.0,0.0,0.0,0.0,0.0,0.0,0,,0.0
Classic,3178780,0,0.0,0.0,0.0,0.0,0.0,0.0,0,,0.0
Classic,2775355,0,0.0,0.0,0.0,0.0,0.0,0.0,0,,0.0
Classic,2177379,0,0.0,0.0,0.0,0.0,0.0,0.0,0,,0.0
Classic,32329,0,0.0,0.0,0.0,0.0,0.0,0.0,0,,0.0
Classic,5950416,0,0.0,0.0,0.0,0.0,0.0,0.0,0,,0.0
Classic,5736119,0,0.0,0.0,0.0,0.0,0.0,0.0,0,,0.0
Classic,4887472,0,0.0,0.0,0.0,0.0,0.0,0.0,0,,0.0
Classic,1306156,2,0.0,0.0,0.0,0.0,0.0,0.0,0,,1.0
Classic,1359907,0,0.0,0.0,0.0,0.0,0.0,0.0,0,,0.0
Classic,5433002,0,0.0,0.0,0.0,0.0,0.0,0.0,0,,0.0
Classic,5865847,0,0.0,0.0,0.0,0.0,0.0,0.0,0,,0.0
Classic,108141,0,0.0,0.0,0.0,0.0,0.0,0.0,0,,0.0
Classic,3790860,0,0.0,0.0,0.0,0.0,0.0,0.0,0,,0.0
Classic,1762055,0,0.0,0.0,0.0,0.0,0.0,0.0,0,,0.0
Classic,5679396,0,0.0,0.0,0.0,0.0,0.0,0.0,0,,0.0
Classic,598090,0,0.0,0.0,0.0,0.0,0.0,0.0,0,,0.0
Classic,4556098,0,0.0,0.0,0.0,0.0,0.0,0.0,0,,0.0
Classic,2987957,0,0.0,0.0,0.0,0.0,0.0,0.0,0,,0.0
Classic,436019,0,0.0,0.0,0.0,0.0,0.0,0.0,0,,0.0
Classic,5573495,0,0.0,0.0,0.0,0.0,0.0,0.0,0,,0.0
Classic,2298254,0,0.0,0.0,0.0,0.0,0.0,0.0,0,,0.0
Classic,2703379,0,0.0,0.0,0.0,0.0,0.0,0.0,0,,0.0
Classic,4926591,0,0.0,0.0,0.0,0.0,0.0,0.0,0,,0.0
Classic,365705,0,0.0,0.0,0.0,0.0,0.0,0.0,0,,0.0
Classic,2075574,0,0.0,0.0,0.0,0.0,0.0,0.0,0,,0.0
Classic,5640946,0,0.0,0.0,0.0,0.0,0.0,0.0,0,,0.0
Classic,2892764,0,0.0,0.0,0.0,0.0,0.0,0.0,0,,0.0
Classic,5358454,0,0.0,0.0,0.0,0.0,0.0,0.0,0,,0.0
Classic,5590627,0,0.0,0.0,0.0,0.0,0.0,0.0,0,,0.0
Classic,2902047,0,0.0,0.0,0.0,0.0,0.0,0.0,0,,0.0
Classic,3350380,0,0.0,0.0,0.0,0.0,0.0,0.0,0,,0.0
Classic,4220432,0,0.0,0.0,0.0,0.0,0.0,0.0,0,,0.0
Classic,1597130,0,0.0,0.0,0.0,0.0,0.0,0.0,0,,0.0
Classic,5469765,0,0.0,0.0,0.0,0.0,0.0,0.0,0,,0.0
Classic,4789489,0,0.0,0.0,0.0,0.0,0.0,0.0,0,,0.0
Classic,4832773,0,0.0,0.0,0.0,0.0,0.0,0.0,0,,0.0
Classic,2823270,0,0.0,0.0,0.0,0.0,0.0,0.0,0,,0.0
Classic,1961411,0,0.0,0.0,0.0,0.0,0.0,0.0,0,,0.0
Classic,2023599,0,0.0,0.0,0.0,0.0,0.0,0.0,0,,0.0
Classic,6155967,0,0.0,0.0,0.0,0.0,0.0,0.0,0,,0.0
Classic,4180731,0,0.0,0.0,0.0,0.0,0.0,0.0,0,,0.0
Classic,32902,0,0.0,0.0,0.0,0.0,0.0,0.0,0,,0.0
Classic,6168664,0,0.0,0.0,0.0,0.0,0.0,0.0,0,,0.0
Classic,1570337,0,0.0,0.0,0.0,0.0,0.0,0.0,0,,0.0
Classic,1101380,0,0.0,0.0,0.0,0.0,0.0,0.0,0,,0.0
Classic,5207652,0,0.0,0.0,0.0,0.0,0.0,0.0,0,,0.0
Classic,407765,0,0.0,0.0,0.0,0.0,0.0,0.0,0,,0.0
Classic,4042131,0,0.0,0.0,0.0,0.0,0.0,0.0,0,,0.0
Classic,5207645,0,0.0,0.0,0.0,0.0,0.0,0.0,0,,0.0
Classic,1390975,0,0.0,0.0,0.0,0.0,0.0,0.0,0,,0.0
Classic,1960028,0,0.0,0.0,0.0,0.0,0.0,0.0,0,,0.0
Classic,5468039,0,0.0,0.0,0.0,0.0,0.0,0.0,0,,0.0
Classic,4865176,0,0.0,0.0,0.0,0.0,0.0,0.0,0,,0.0
Classic,3736729,0,0.0,0.0,0.0,0.0,0.0,0.0,0,,0.0
Classic,1765059,1,0.0,0.0,0.0,0.0,0.0,0.0,0,,1.0
Classic,5884875,0,0.0,0.0,0.0,0.0,0.0,0.0,0,,0.0
Classic,3260497,0,0.0,0.0,0.0,0.0,0.0,0.0,0,,0.0
Classic,1199396,0,0.0,0.0,0.0,0.0,0.0,0.0,0,,0.0
Classic,3534087,0,0.0,0.0,0.0,0.0,0.0,0.0,0,,0.0
Classic,3754566,0,0.0,0.0,0.0,0.0,0.0,0.0,0,,0.0
Classic,1991478,0,0.0,0.0,0.0,0.0,0.0,0.0,0,,0.0
Classic,1024056,0,0.0,0.0,0.0,0.0,0.0,0.0,0,,0.0
Classic,3460811,0,0.0,0.0,0.0,0.0,0.0,0.0,0,,0.0
Classic,1938310,0,0.0,0.0,0.0,0.0,0.0,0.0,0,,0.0
Classic,4032973,0,0.0,0.0,0.0,0.0,0.0,0.0,0,,0.0
Classic,543562,0,0.0,0.0,0.0,0.0,0.0,0.0,0,,0.0
Classic,5975249,0,0.0,0.0,0.0,0.0,0.0,0.0,0,,0.0
Classic,4507798,1,0.0,0.0,0.0,0.0,0.0,0.0,0,,1.0
Classic,6381629,0,0.0,0.0,0.0,0.0,0.0,0.0,0,,0.0
Classic,6356930,0,0.0,0.0,0.0,0.0,0.0,0.0,0,,0.0
Classic,6357695,0,0.0,0.0,0.0,0.0,0.0,0.0,0,,0.0
Classic,5965768,0,0.0,0.0,0.0,0.0,0.0,0.0,0,,0.0
Classic,2616095,0,0.0,0.0,0.0,0.0,0.0,0.0,0,,0.0
Classic,5935727,0,0.0,0.0,0.0,0.0,0.0,0.0,0,,0.0
Classic,3405327,0,0.0,0.0,0.0,0.0,0.0,0.0,0,,0.0
Classic,6213291,0,0.0,0.0,0.0,0.0,0.0,0.0,0,,0.0
Classic,1445590,0,0.0,0.0,0.0,0.0,0.0,0.0,0,,0.0
Classic,2571477,0,0.0,0.0,0.0,0.0,0.0,0.0,0,,0.0
Classic,1757962,0,0.0,0.0,0.0,0.0,0.0,0.0,0,,0.0
Classic,134441,0,0.0,0.0,0.0,0.0,0.0,0.0,0,,0.0
Classic,4175890,0,0.0,0.0,0.0,0.0,0.0,0.0,0,,0.0
Classic,2997428,0,0.0,0.0,0.0,0.0,0.0,0.0,0,,0.0
Classic,2730746,0,0.0,0.0,0.0,0.0,0.0,0.0,0,,0.0
Classic,303246,0,0.0,0.0,0.0,0.0,0.0,0.0,0,,0.0
Classic,5255166,0,0.0,0.0,0.0,0.0,0.0,0.0,0,,0.0
Classic,5119166,0,0.0,0.0,0.0,0.0,0.0,0.0,0,,0.0
Classic,2143759,0,0.0,0.0,0.0,0.0,0.0,0.0,0,,0.0
Classic,1012393,1,0.0,0.0,0.0,0.0,0.0,0.0,0,,1.0
Classic,1725061,0,0.0,0.0,0.0,0.0,0.0,0.0,0,,0.0
Classic,2184043,2,0.0,0.0,0.0,0.0,0.0,0.0,0,,1.0
Classic,5779990,0,0.0,0.0,0.0,0.0,0.0,0.0,0,,0.0
Classic,5502419,0,0.0,0.0,0.0,0.0,0.0,0.0,0,,0.0
Classic,2839061,0,0.0,0.0,0.0,0.0,0.0,0.0,0,,0.0
Classic,4610332,0,0.0,0.0,0.0,0.0,0.0,0.0,0,,0.0
Classic,1401465,0,0.0,0.0,0.0,0.0,0.0,0.0,0,,0.0
Classic,3934033,0,0.0,0.0,0.0,0.0,0.0,0.0,0,,0.0
Classic,2183102,0,0.0,0.0,0.0,0.0,0.0,0.0,0,,0.0
Classic,3470450,0,0.0,0.0,0.0,0.0,0.0,0.0,0,,0.0
Classic,3077285,0,0.0,0.0,0.0,0.0,0.0,0.0,0,,0.0
Classic,377287,0,0.0,0.0,0.0,0.0,0.0,0.0,0,,0.0
Classic,5616865,0,0.0,0.0,0.0,0.0,0.0,0.0,0,,0.0
Classic,2376462,0,0.0,0.0,0.0,0.0,0.0,0.0,0,,0.0
Classic,3050231,0,0.0,0.0,0.0,0.0,0.0,0.0,0,,0.0
Classic,1553444,0,0.0,0.0,0.0,0.0,0.0,0.0,0,,0.0
Classic,4153945,0,0.0,0.0,0.0,0.0,0.0,0.0,0,,0.0
Classic,4246057,0,0.0,0.0,0.0,0.0,0.0,0.0,0,,0.0
Classic,1180348,0,0.0,0.0,0.0,0.0,0.0,0.0,0,,0.0
Classic,328548,0,0.0,0.0,0.0,0.0,0.0,0.0,0,,0.0
Classic,2230476,0,0.0,0.0,0.0,0.0,0.0,0.0,0,,0.0
Classic,426529,0,0.0,0.0,0.0,0.0,0.0,0.0,0,,0.0
Classic,2850614,0,0.0,0.0,0.0,0.0,0.0,0.0,0,,0.0
Classic,4416303,0,0.0,0.0,0.0,0.0,0.0,0.0,0,,0.0
Classic,3101236,0,0.0,0.0,0.0,0.0,0.0,0.0,0,,0.0
Classic,3638231,0,0.0,0.0,0.0,0.0,0.0,0.0,0,,0.0
Classic,1679427,0,0.0,0.0,0.0,0.0,0.0,0.0,0,,0.0
Classic,2138088,0,0.0,0.0,0.0,0.0,0.0,0.0,0,,0.0
Classic,2995132,0,0.0,0.0,0.0,0.0,0.0,0.0,0,,0.0
Classic,2585972,0,0.0,0.0,0.0,0.0,0.0,0.0,0,,0.0
Classic,1848574,0,0.0,0.0,0.0,0.0,0.0,0.0,0,,0.0
Classic,114873,0,0.0,0.0,0.0,0.0,0.0,0.0,0,,0.0
Classic,2267564,0,0.0,0.0,0.0,0.0,0.0,0.0,0,,0.0
Classic,3173110,0,0.0,0.0,0.0,0.0,0.0,0.0,0,,0.0
Classic,3227933,0,0.0,0.0,0.0,0.0,0.0,0.0,0,,0.0
Classic,3378328,0,0.0,0.0,0.0,0.0,0.0,0.0,0,,0.0
Classic,133403,0,0.0,0.0,0.0,0.0,0.0,0.0,0,,0.0
Classic,2381783,0,0.0,0.0,0.0,0.0,0.0,0.0,0,,0.0
Classic,2849736,0,0.0,0.0,0.0,0.0,0.0,0.0,0,,0.0
Classic,2737656,0,0.0,0.0,0.0,0.0,0.0,0.0,0,,0.0
Classic,570516,5,0.0,0.0,0.0,0.0,0.0,0.0,0,,1.0
Classic,1003868,0,0.0,0.0,0.0,0.0,0.0,0.0,0,,0.0
Classic,4108047,0,0.0,0.0,0.0,0.0,0.0,0.0,0,,0.0
Classic,2216762,0,0.0,0.0,0.0,0.0,0.0,0.0,0,,0.0
Classic,2170698,0,0.0,0.0,0.0,0.0,0.0,0.0,0,,0.0
Classic,329015,0,0.0,0.0,0.0,0.0,0.0,0.0,0,,0.0
Classic,1371149,0,0.0,0.0,0.0,0.0,0.0,0.0,0,,0.0
Classic,4259303,0,0.0,0.0,0.0,0.0,0.0,0.0,0,,0.0
Classic,3158632,0,0.0,0.0,0.0,0.0,0.0,0.0,0,,0.0
Classic,5483756,0,0.0,0.0,0.0,0.0,0.0,0.0,0,,0.0
Classic,1470329,0,0.0,0.0,0.0,0.0,0.0,0.0,0,,0.0
Classic,3504407,0,0.0,0.0,0.0,0.0,0.0,0.0,0,,0.0
Classic,3978029,0,0.0,0.0,0.0,0.0,0.0,0.0,0,,0.0
Classic,4848204,0,0.0,0.0,0.0,0.0,0.0,0.0,0,,0.0
Classic,2626366,0,0.0,0.0,0.0,0.0,0.0,0.0,0,,0.0
Classic,2394252,0,0.0,0.0,0.0,0.0,0.0,0.0,0,,0.0
Classic,4925629,0,0.0,0.0,0.0,0.0,0.0,0.0,0,,0.0
Classic,131924,0,0.0,0.0,0.0,0.0,0.0,0.0,0,,0.0
Classic,4389733,0,0.0,0.0,0.0,0.0,0.0,0.0,0,,0.0
Classic,1481006,0,0.0,0.0,0.0,0.0,0.0,0.0,0,,0.0
Classic,2572817,0,0.0,0.0,0.0,0.0,0.0,0.0,0,,0.0
Classic,2607150,0,0.0,0.0,0.0,0.0,0.0,0.0,0,,0.0
Classic,5602650,0,0.0,0.0,0.0,0.0,0.0,0.0,0,,0.0
Classic,441342,0,0.0,0.0,0.0,0.0,0.0,0.0,0,,0.0
Classic,3467540,1,0.0,0.0,0.0,0.0,0.0,0.0,0,,1.0
Classic,1917102,2,0.0,0.0,0.0,0.0,0.0,0.0,0,,1.0
Classic,5669909,0,0.0,0.0,0.0,0.0,0.0,0.0,0,,0.0
Classic,4817739,0,0.0,0.0,0.0,0.0,0.0,0.0,0,,0.0
Classic,3579104,0,0.0,0.0,0.0,0.0,0.0,0.0,0,,0.0
Classic,2091789,0,0.0,0.0,0.0,0.0,0.0,0.0,0,,0.0
Classic,2860888,0,0.0,0.0,0.0,0.0,0.0,0.0,0,,0.0
Classic,464025,0,0.0,0.0,0.0,0.0,0.0,0.0,0,,0.0
Classic,5966834,0,0.0,0.0,0.0,0.0,0.0,0.0,0,,0.0
Classic,4101141,0,0.0,0.0,0.0,0.0,0.0,0.0,0,,0.0
Classic,1018172,0,0.0,0.0,0.0,0.0,0.0,0.0,0,,0.0
Classic,4459676,0,0.0,0.0,0.0,0.0,0.0,0.0,0,,0.0
Classic,6333575,0,0.0,0.0,0.0,0.0,0.0,0.0,0,,0.0
Classic,262161,0,0.0,0.0,0.0,0.0,0.0,0.0,0,,0.0
Classic,2354370,0,0.0,0.0,0.0,0.0,0.0,0.0,0,,0.0
Classic,527910,0,0.0,0.0,0.0,0.0,0.0,0.0,0,,0.0
Classic,2255639,0,0.0,0.0,0.0,0.0,0.0,0.0,0,,0.0
Classic,541811,0,0.0,0.0,0.0,0.0,0.0,0.0,0,,0.0
Classic,583256,0,0.0,0.0,0.0,0.0,0.0,0.0,0,,0.0
Classic,4127095,0,0.0,0.0,0.0,0.0,0.0,0.0,0,,0.0
Classic,4872862,0,0.0,0.0,0.0,0.0,0.0,0.0,0,,0.0
Classic,1211754,0,0.0,0.0,0.0,0.0,0.0,0.0,0,,0.0
Classic,1851445,0,0.0,0.0,0.0,0.0,0.0,0.0,0,,0.0
Classic,5605815,0,0.0,0.0,0.0,0.0,0.0,0.0,0,,0.0
Classic,1404683,0,0.0,0.0,0.0,0.0,0.0,0.0,0,,0.0
Classic,4079683,0,0.0,0.0,0.0,0.0,0.0,0.0,0,,0.0
Classic,3331871,0,0.0,0.0,0.0,0.0,0.0,0.0,0,,0.0
Classic,3795207,0,0.0,0.0,0.0,0.0,0.0,0.0,0,,0.0
Classic,5271262,0,0.0,0.0,0.0,0.0,0.0,0.0,0,,0.0
Classic,1728132,0,0.0,0.0,0.0,0.0,0.0,0.0,0,,0.0
Classic,4907076,0,0.0,0.0,0.0,0.0,0.0,0.0,0,,0.0
Classic,1284155,0,0.0,0.0,0.0,0.0,0.0,0.0,0,,0.0
Classic,5322075,0,0.0,0.0,0.0,0.0,0.0,0.0,0,,0.0
Classic,2185446,0,0.0,0.0,0.0,0.0,0.0,0.0,0,,0.0
Classic,144272,0,0.0,0.0,0.0,0.0,0.0,0.0,0,,0.0
Classic,5733342,0,0.0,0.0,0.0,0.0,0.0,0.0,0,,0.0
Classic,6155859,0,0.0,0.0,0.0,0.0,0.0,0.0,0,,0.0
Classic,631174,0,0.0,0.0,0.0,0.0,0.0,0.0,0,,0.0
Classic,2253001,0,0.0,0.0,0.0,0.0,0.0,0.0,0,,0.0
Classic,1072810,0,0.0,0.0,0.0,0.0,0.0,0.0,0,,0.0
Classic,382577,0,0.0,0.0,0.0,0.0,0.0,0.0,0,,0.0
Classic,1125455,0,0.0,0.0,0.0,0.0,0.0,0.0,0,,0.0
Classic,4338937,0,0.0,0.0,0.0,0.0,0.0,0.0,0,,0.0
Classic,4422428,0,0.0,0.0,0.0,0.0,0.0,0.0,0,,0.0
Classic,4082142,0,0.0,0.0,0.0,0.0,0.0,0.0,0,,0.0
Classic,483921,0,0.0,0.0,0.0,0.0,0.0,0.0,0,,0.0
Classic,2351278,0,0.0,0.0,0.0,0.0,0.0,0.0,0,,0.0
Classic,2457668,0,0.0,0.0,0.0,0.0,0.0,0.0,0,,0.0
Classic,6079444,0,0.0,0.0,0.0,0.0,0.0,0.0,0,,0.0
Classic,1679576,0,0.0,0.0,0.0,0.0,0.0,0.0,0,,0.0
Classic,5785923,0,0.0,0.0,0.0,0.0,0.0,0.0,0,,0.0
Classic,5039203,0,0.0,0.0,0.0,0.0,0.0,0.0,0,,0.0
Classic,5828929,0,0.0,0.0,0.0,0.0,0.0,0.0,0,,0.0
Classic,1145657,0,0.0,0.0,0.0,0.0,0.0,0.0,0,,0.0
Classic,2351599,0,0.0,0.0,0.0,0.0,0.0,0.0,0,,0.0
Classic,544321,0,0.0,0.0,0.0,0.0,0.0,0.0,0,,0.0
Classic,2010779,0,0.0,0.0,0.0,0.0,0.0,0.0,0,,0.0
Classic,3533868,0,0.0,0.0,0.0,0.0,0.0,0.0,0,,0.0
Classic,3050557,0,0.0,0.0,0.0,0.0,0.0,0.0,0,,0.0
Classic,4239886,0,0.0,0.0,0.0,0.0,0.0,0.0,0,,0.0
Classic,2567125,0,0.0,0.0,0.0,0.0,0.0,0.0,0,,0.0
Classic,6341076,0,0.0,0.0,0.0,0.0,0.0,0.0,0,,0.0
Classic,239464,0,0.0,0.0,0.0,0.0,0.0,0.0,0,,0.0
Classic,1085625,0,0.0,0.0,0.0,0.0,0.0,0.0,0,,0.0
Classic,252574,0,0.0,0.0,0.0,0.0,0.0,0.0,0,,0.0
Classic,4775767,0,0.0,0.0,0.0,0.0,0.0,0.0,0,,0.0
Classic,2352421,0,0.0,0.0,0.0,0.0,0.0,0.0,0,,0.0
Classic,443487,0,0.0,0.0,0.0,0.0,0.0,0.0,0,,0.0
Classic,4147273,0,0.0,0.0,0.0,0.0,0.0,0.0,0,,0.0
Classic,4389381,0,0.0,0.0,0.0,0.0,0.0,0.0,0,,0.0
Classic,2575944,0,0.0,0.0,0.0,0.0,0.0,0.0,0,,0.0
Classic,563879,0,0.0,0.0,0.0,0.0,0.0,0.0,0,,0.0
Classic,4672468,1,0.0,0.0,0.0,0.0,0.0,0.0,0,,1.0
Classic,2753570,0,0.0,0.0,0.0,0.0,0.0,0.0,0,,0.0
Classic,4946320,0,0.0,0.0,0.0,0.0,0.0,0.0,0,,0.0
Classic,4235441,0,0.0,0.0,0.0,0.0,0.0,0.0,0,,0.0
Classic,1977745,0,0.0,0.0,0.0,0.0,0.0,0.0,0,,0.0
Classic,5231602,0,0.0,0.0,0.0,0.0,0.0,0.0,0,,0.0
Classic,1146188,0,0.0,0.0,0.0,0.0,0.0,0.0,0,,0.0
Classic,5809935,0,0.0,0.0,0.0,0.0,0.0,0.0,0,,0.0
Classic,1334191,0,0.0,0.0,0.0,0.0,0.0,0.0,0,,0.0
Classic,499389,0,0.0,0.0,0.0,0.0,0.0,0.0,0,,0.0
Classic,2268103,0,0.0,0.0,0.0,0.0,0.0,0.0,0,,0.0
Classic,5718400,0,0.0,0.0,0.0,0.0,0.0,0.0,0,,0.0
Classic,4069697,0,0.0,0.0,0.0,0.0,0.0,0.0,0,,0.0
Classic,5639753,0,0.0,0.0,0.0,0.0,0.0,0.0,0,,0.0
Classic,4346860,0,0.0,0.0,0.0,0.0,0.0,0.0,0,,0.0
Classic,5972324,0,0.0,0.0,0.0,0.0,0.0,0.0,0,,0.0
Classic,4602234,0,0.0,0.0,0.0,0.0,0.0,0.0,0,,0.0
Classic,2821445,0,0.0,0.0,0.0,0.0,0.0,0.0,0,,0.0
Classic,1483495,0,0.0,0.0,0.0,0.0,0.0,0.0,0,,0.0
Classic,5538472,0,0.0,0.0,0.0,0.0,0.0,0.0,0,,0.0
Classic,5994916,0,0.0,0.0,0.0,0.0,0.0,0.0,0,,0.0
Classic,5213680,0,0.0,0.0,0.0,0.0,0.0,0.0,0,,0.0
Classic,6214747,0,0.0,0.0,0.0,0.0,0.0,0.0,0,,0.0
Classic,1776829,0,0.0,0.0,0.0,0.0,0.0,0.0,0,,0.0
Classic,3729268,0,0.0,0.0,0.0,0.0,0.0,0.0,0,,0.0
Classic,5559189,0,0.0,0.0,0.0,0.0,0.0,0.0,0,,0.0
Classic,3208189,0,0.0,0.0,0.0,0.0,0.0,0.0,0,,0.0
Classic,5527000,0,0.0,0.0,0.0,0.0,0.0,0.0,0,,0.0
Classic,4610979,0,0.0,0.0,0.0,0.0,0.0,0.0,0,,0.0
Classic,4346957,0,0.0,0.0,0.0,0.0,0.0,0.0,0,,0.0
Classic,416205,0,0.0,0.0,0.0,0.0,0.0,0.0,0,,0.0
Classic,2438086,0,0.0,0.0,0.0,0.0,0.0,0.0,0,,0.0
Classic,1374089,0,0.0,0.0,0.0,0.0,0.0,0.0,0,,0.0
Classic,6236609,0,0.0,0.0,0.0,0.0,0.0,0.0,0,,0.0
Classic,544160,0,0.0,0.0,0.0,0.0,0.0,0.0,0,,0.0
Classic,2089863,0,0.0,0.0,0.0,0.0,0.0,0.0,0,,0.0
Classic,3847613,0,0.0,0.0,0.0,0.0,0.0,0.0,0,,0.0
Classic,1419407,0,0.0,0.0,0.0,0.0,0.0,0.0,0,,0.0
Classic,5820128,0,0.0,0.0,0.0,0.0,0.0,0.0,0,,0.0
Classic,416465,0,0.0,0.0,0.0,0.0,0.0,0.0,0,,0.0
Classic,3250211,0,0.0,0.0,0.0,0.0,0.0,0.0,0,,0.0
Classic,1181554,0,0.0,0.0,0.0,0.0,0.0,0.0,0,,0.0
Classic,4326700,1,0.0,0.0,0.0,0.0,0.0,0.0,0,,1.0
Classic,1866208,0,0.0,0.0,0.0,0.0,0.0,0.0,0,,0.0
Classic,4966019,0,0.0,0.0,0.0,0.0,0.0,0.0,0,,0.0
Classic,3734341,0,0.0,0.0,0.0,0.0,0.0,0.0,0,,0.0
Classic,3089024,0,0.0,0.0,0.0,0.0,0.0,0.0,0,,0.0
Classic,4563269,0,0.0,0.0,0.0,0.0,0.0,0.0,0,,0.0
Classic,5241113,0,0.0,0.0,0.0,0.0,0.0,0.0,0,,0.0
Classic,3957364,0,0.0,0.0,0.0,0.0,0.0,0.0,0,,0.0
Classic,3723343,0,0.0,0.0,0.0,0.0,0.0,0.0,0,,0.0
Classic,1218527,0,0.0,0.0,0.0,0.0,0.0,0.0,0,,0.0
Classic,3368656,0,0.0,0.0,0.0,0.0,0.0,0.0,0,,0.0
Classic,151596,0,0.0,0.0,0.0,0.0,0.0,0.0,0,,0.0
Classic,1425761,0,0.0,0.0,0.0,0.0,0.0,0.0,0,,0.0
Classic,550092,0,0.0,0.0,0.0,0.0,0.0,0.0,0,,0.0
Classic,5786594,0,0.0,0.0,0.0,0.0,0.0,0.0,0,,0.0
Classic,3449640,0,0.0,0.0,0.0,0.0,0.0,0.0,0,,0.0
Classic,1828756,0,0.0,0.0,0.0,0.0,0.0,0.0,0,,0.0
Classic,3409621,0,0.0,0.0,0.0,0.0,0.0,0.0,0,,0.0
Classic,4959077,0,0.0,0.0,0.0,0.0,0.0,0.0,0,,0.0
Classic,3417151,0,0.0,0.0,0.0,0.0,0.0,0.0,0,,0.0
Classic,4393988,0,0.0,0.0,0.0,0.0,0.0,0.0,0,,0.0
Classic,2341087,0,0.0,0.0,0.0,0.0,0.0,0.0,0,,0.0
Classic,4816123,0,0.0,0.0,0.0,0.0,0.0,0.0,0,,0.0
Classic,2145204,0,0.0,0.0,0.0,0.0,0.0,0.0,0,,0.0
Classic,495949,0,0.0,0.0,0.0,0.0,0.0,0.0,0,,0.0
Classic,3296939,0,0.0,0.0,0.0,0.0,0.0,0.0,0,,0.0
Classic,4518053,0,0.0,0.0,0.0,0.0,0.0,0.0,0,,0.0
Classic,5201624,0,0.0,0.0,0.0,0.0,0.0,0.0,0,,0.0
Classic,1656204,0,0.0,0.0,0.0,0.0,0.0,0.0,0,,0.0
Classic,2883408,0,0.0,0.0,0.0,0.0,0.0,0.0,0,,0.0
Classic,527358,0,0.0,0.0,0.0,0.0,0.0,0.0,0,,0.0
Classic,317466,0,0.0,0.0,0.0,0.0,0.0,0.0,0,,0.0
Classic,3307887,0,0.0,0.0,0.0,0.0,0.0,0.0,0,,0.0
Classic,2014017,0,0.0,0.0,0.0,0.0,0.0,0.0,0,,0.0
Classic,1495317,0,0.0,0.0,0.0,0.0,0.0,0.0,0,,0.0
Classic,5288688,0,0.0,0.0,0.0,0.0,0.0,0.0,0,,0.0
Classic,1946645,0,0.0,0.0,0.0,0.0,0.0,0.0,0,,0.0
Classic,2383369,0,0.0,0.0,0.0,0.0,0.0,0.0,0,,0.0
Classic,1489898,0,0.0,0.0,0.0,0.0,0.0,0.0,0,,0.0
Classic,5845137,0,0.0,0.0,0.0,0.0,0.0,0.0,0,,0.0
Classic,5490351,0,0.0,0.0,0.0,0.0,0.0,0.0,0,,0.0
Classic,1389845,0,0.0,0.0,0.0,0.0,0.0,0.0,0,,0.0
Classic,2223199,0,0.0,0.0,0.0,0.0,0.0,0.0,0,,0.0
Classic,313874,5,0.0,0.0,0.0,0.0,0.0,0.0,0,,1.0
Classic,2133704,0,0.0,0.0,0.0,0.0,0.0,0.0,0,,0.0
Classic,1712723,0,0.0,0.0,0.0,0.0,0.0,0.0,0,,0.0
Classic,4207095,0,0.0,0.0,0.0,0.0,0.0,0.0,0,,0.0
Classic,4257437,0,0.0,0.0,0.0,0.0,0.0,0.0,0,,0.0
Classic,2866825,0,0.0,0.0,0.0,0.0,0.0,0.0,0,,0.0
Classic,1698385,0,0.0,0.0,0.0,0.0,0.0,0.0,0,,0.0
Classic,3349374,0,0.0,0.0,0.0,0.0,0.0,0.0,0,,0.0
Classic,2182546,0,0.0,0.0,0.0,0.0,0.0,0.0,0,,0.0
Classic,2053262,0,0.0,0.0,0.0,0.0,0.0,0.0,0,,0.0
Classic,4266176,0,0.0,0.0,0.0,0.0,0.0,0.0,0,,0.0
Classic,2963158,0,0.0,0.0,0.0,0.0,0.0,0.0,0,,0.0
Classic,5458144,0,0.0,0.0,0.0,0.0,0.0,0.0,0,,0.0
Classic,3797871,0,0.0,0.0,0.0,0.0,0.0,0.0,0,,0.0
Classic,5512795,0,0.0,0.0,0.0,0.0,0.0,0.0,0,,0.0
Classic,5499635,0,0.0,0.0,0.0,0.0,0.0,0.0,0,,0.0
Classic,1874923,0,0.0,0.0,0.0,0.0,0.0,0.0,0,,0.0
Classic,623340,0,0.0,0.0,0.0,0.0,0.0,0.0,0,,0.0
Classic,3288985,0,0.0,0.0,0.0,0.0,0.0,0.0,0,,0.0
Classic,2818548,0,0.0,0.0,0.0,0.0,0.0,0.0,0,,0.0
Classic,4793901,0,0.0,0.0,0.0,0.0,0.0,0.0,0,,0.0
Classic,2305257,0,0.0,0.0,0.0,0.0,0.0,0.0,0,,0.0
Classic,4549309,0,0.0,0.0,0.0,0.0,0.0,0.0,0,,0.0
Classic,2972406,0,0.0,0.0,0.0,0.0,0.0,0.0,0,,0.0
Classic,3014250,0,0.0,0.0,0.0,0.0,0.0,0.0,0,,0.0
Classic,1672871,0,0.0,0.0,0.0,0.0,0.0,0.0,0,,0.0
Classic,1074798,0,0.0,0.0,0.0,0.0,0.0,0.0,0,,0.0
Classic,4248795,0,0.0,0.0,0.0,0.0,0.0,0.0,0,,0.0
Classic,6024428,0,0.0,0.0,0.0,0.0,0.0,0.0,0,,0.0
Classic,4475585,0,0.0,0.0,0.0,0.0,0.0,0.0,0,,0.0
Classic,5979841,0,0.0,0.0,0.0,0.0,0.0,0.0,0,,0.0
Classic,3646966,0,0.0,0.0,0.0,0.0,0.0,0.0,0,,0.0
Classic,3134845,0,0.0,0.0,0.0,0.0,0.0,0.0,0,,0.0
Classic,3657359,0,0.0,0.0,0.0,0.0,0.0,0.0,0,,0.0
Classic,3494751,0,0.0,0.0,0.0,0.0,0.0,0.0,0,,0.0
Classic,4012235,0,0.0,0.0,0.0,0.0,0.0,0.0,0,,0.0
Classic,2872682,0,0.0,0.0,0.0,0.0,0.0,0.0,0,,0.0
Classic,4098349,0,0.0,0.0,0.0,0.0,0.0,0.0,0,,0.0
Classic,1939841,0,0.0,0.0,0.0,0.0,0.0,0.0,0,,0.0
Classic,3029287,0,0.0,0.0,0.0,0.0,0.0,0.0,0,,0.0
Classic,4270585,0,0.0,0.0,0.0,0.0,0.0,0.0,0,,0.0
Classic,6337530,0,0.0,0.0,0.0,0.0,0.0,0.0,0,,0.0
Classic,5559447,0,0.0,0.0,0.0,0.0,0.0,0.0,0,,0.0
Classic,2492200,0,0.0,0.0,0.0,0.0,0.0,0.0,0,,0.0
Classic,3506958,0,0.0,0.0,0.0,0.0,0.0,0.0,0,,0.0
Classic,4280289,0,0.0,0.0,0.0,0.0,0.0,0.0,0,,0.0
Classic,4600871,0,0.0,0.0,0.0,0.0,0.0,0.0,0,,0.0
Classic,5478105,0,0.0,0.0,0.0,0.0,0.0,0.0,0,,0.0
Classic,5161710,0,0.0,0.0,0.0,0.0,0.0,0.0,0,,0.0
Classic,2140677,0,0.0,0.0,0.0,0.0,0.0,0.0,0,,0.0
Classic,6244236,0,0.0,0.0,0.0,0.0,0.0,0.0,0,,0.0
Classic,3025411,0,0.0,0.0,0.0,0.0,0.0,0.0,0,,0.0
Classic,1210230,0,0.0,0.0,0.0,0.0,0.0,0.0,0,,0.0
Classic,5891364,0,0.0,0.0,0.0,0.0,0.0,0.0,0,,0.0
Classic,1716415,1,0.0,0.0,0.0,0.0,0.0,0.0,0,,1.0
Classic,1149463,0,0.0,0.0,0.0,0.0,0.0,0.0,0,,0.0
Classic,4547086,0,0.0,0.0,0.0,0.0,0.0,0.0,0,,0.0
Classic,6201636,0,0.0,0.0,0.0,0.0,0.0,0.0,0,,0.0
Classic,426218,0,0.0,0.0,0.0,0.0,0.0,0.0,0,,0.0
Classic,5116237,0,0.0,0.0,0.0,0.0,0.0,0.0,0,,0.0
Classic,3375418,0,0.0,0.0,0.0,0.0,0.0,0.0,0,,0.0
Classic,4644312,0,0.0,0.0,0.0,0.0,0.0,0.0,0,,0.0
Classic,134842,0,0.0,0.0,0.0,0.0,0.0,0.0,0,,0.0
Classic,4710580,0,0.0,0.0,0.0,0.0,0.0,0.0,0,,0.0
Classic,581914,0,0.0,0.0,0.0,0.0,0.0,0.0,0,,0.0
Classic,1674565,0,0.0,0.0,0.0,0.0,0.0,0.0,0,,0.0
Classic,3369189,0,0.0,0.0,0.0,0.0,0.0,0.0,0,,0.0
Classic,5318494,0,0.0,0.0,0.0,0.0,0.0,0.0,0,,0.0
Classic,1956956,0,0.0,0.0,0.0,0.0,0.0,0.0,0,,0.0
Classic,3584287,0,0.0,0.0,0.0,0.0,0.0,0.0,0,,0.0
Classic,5871812,0,0.0,0.0,0.0,0.0,0.0,0.0,0,,0.0
Classic,4849183,0,0.0,0.0,0.0,0.0,0.0,0.0,0,,0.0
Classic,5519066,0,0.0,0.0,0.0,0.0,0.0,0.0,0,,0.0
Classic,5807249,0,0.0,0.0,0.0,0.0,0.0,0.0,0,,0.0
Classic,5161178,0,0.0,0.0,0.0,0.0,0.0,0.0,0,,0.0
Classic,3189416,0,0.0,0.0,0.0,0.0,0.0,0.0,0,,0.0
Classic,5093856,0,0.0,0.0,0.0,0.0,0.0,0.0,0,,0.0
Classic,14081,0,0.0,0.0,0.0,0.0,0.0,0.0,0,,0.0
Classic,3371797,0,0.0,0.0,0.0,0.0,0.0,0.0,0,,0.0
Classic,6009715,0,0.0,0.0,0.0,0.0,0.0,0.0,0,,0.0
Classic,5130169,0,0.0,0.0,0.0,0.0,0.0,0.0,0,,0.0
Classic,4536966,0,0.0,0.0,0.0,0.0,0.0,0.0,0,,0.0
Classic,5141891,0,0.0,0.0,0.0,0.0,0.0,0.0,0,,0.0
Classic,1056367,0,0.0,0.0,0.0,0.0,0.0,0.0,0,,0.0
Classic,3054306,0,0.0,0.0,0.0,0.0,0.0,0.0,0,,0.0
Classic,1400501,0,0.0,0.0,0.0,0.0,0.0,0.0,0,,0.0
Classic,2129555,0,0.0,0.0,0.0,0.0,0.0,0.0,0,,0.0
Classic,2277682,0,0.0,0.0,0.0,0.0,0.0,0.0,0,,0.0
Classic,5216541,0,0.0,0.0,0.0,0.0,0.0,0.0,0,,0.0
Classic,2045127,0,0.0,0.0,0.0,0.0,0.0,0.0,0,,0.0
Classic,4656891,0,0.0,0.0,0.0,0.0,0.0,0.0,0,,0.0
Classic,2065591,0,0.0,0.0,0.0,0.0,0.0,0.0,0,,0.0
Classic,1131241,1,0.0,0.0,0.0,0.0,0.0,0.0,0,,1.0
Classic,3917828,0,0.0,0.0,0.0,0.0,0.0,0.0,0,,0.0
Classic,2284353,0,0.0,0.0,0.0,0.0,0.0,0.0,0,,0.0
Classic,3299760,0,0.0,0.0,0.0,0.0,0.0,0.0,0,,0.0
Classic,4048139,0,0.0,0.0,0.0,0.0,0.0,0.0,0,,0.0
Classic,2247982,0,0.0,0.0,0.0,0.0,0.0,0.0,0,,0.0
Classic,1621077,0,0.0,0.0,0.0,0.0,0.0,0.0,0,,0.0
Classic,3331144,0,0.0,0.0,0.0,0.0,0.0,0.0,0,,0.0
Classic,1792141,0,0.0,0.0,0.0,0.0,0.0,0.0,0,,0.0
Classic,1141676,0,0.0,0.0,0.0,0.0,0.0,0.0,0,,0.0
Classic,1233181,0,0.0,0.0,0.0,0.0,0.0,0.0,0,,0.0
Classic,636700,0,0.0,0.0,0.0,0.0,0.0,0.0,0,,0.0
Classic,4671892,0,0.0,0.0,0.0,0.0,0.0,0.0,0,,0.0
Classic,2096772,0,0.0,0.0,0.0,0.0,0.0,0.0,0,,0.0
Classic,3394837,0,0.0,0.0,0.0,0.0,0.0,0.0,0,,0.0
Classic,6104666,0,0.0,0.0,0.0,0.0,0.0,0.0,0,,0.0
Classic,5315539,0,0.0,0.0,0.0,0.0,0.0,0.0,0,,0.0
Classic,356041,0,0.0,0.0,0.0,0.0,0.0,0.0,0,,0.0
Classic,5763739,0,0.0,0.0,0.0,0.0,0.0,0.0,0,,0.0
Classic,2673476,0,0.0,0.0,0.0,0.0,0.0,0.0,0,,0.0
Classic,5612772,0,0.0,0.0,0.0,0.0,0.0,0.0,0,,0.0
Classic,5709980,0,0.0,0.0,0.0,0.0,0.0,0.0,0,,0.0
Classic,5374565,0,0.0,0.0,0.0,0.0,0.0,0.0,0,,0.0
Classic,2967781,0,0.0,0.0,0.0,0.0,0.0,0.0,0,,0.0
Classic,5157284,0,0.0,0.0,0.0,0.0,0.0,0.0,0,,0.0
Classic,5463212,0,0.0,0.0,0.0,0.0,0.0,0.0,0,,0.0
Classic,2276496,0,0.0,0.0,0.0,0.0,0.0,0.0,0,,0.0
Classic,2857216,0,0.0,0.0,0.0,0.0,0.0,0.0,0,,0.0
Classic,4067802,0,0.0,0.0,0.0,0.0,0.0,0.0,0,,0.0
Classic,3467850,0,0.0,0.0,0.0,0.0,0.0,0.0,0,,0.0
Classic,1466717,0,0.0,0.0,0.0,0.0,0.0,0.0,0,,0.0
Classic,6348401,0,0.0,0.0,0.0,0.0,0.0,0.0,0,,0.0
Classic,1045667,0,0.0,0.0,0.0,0.0,0.0,0.0,0,,0.0
Classic,4357655,0,0.0,0.0,0.0,0.0,0.0,0.0,0,,0.0
Classic,5355416,0,0.0,0.0,0.0,0.0,0.0,0.0,0,,0.0
Classic,2156003,0,0.0,0.0,0.0,0.0,0.0,0.0,0,,0.0
Classic,1340392,0,0.0,0.0,0.0,0.0,0.0,0.0,0,,0.0
Classic,144030,0,0.0,0.0,0.0,0.0,0.0,0.0,0,,0.0
Classic,5574465,0,0.0,0.0,0.0,0.0,0.0,0.0,0,,0.0
Classic,1549801,1,0.0,0.0,0.0,0.0,0.0,0.0,0,,1.0
Classic,3096727,0,0.0,0.0,0.0,0.0,0.0,0.0,0,,0.0
Classic,266254,0,0.0,0.0,0.0,0.0,0.0,0.0,0,,0.0
Classic,2465167,1,0.0,0.0,0.0,0.0,0.0,0.0,0,,0.0
Classic,470861,0,0.0,0.0,0.0,0.0,0.0,0.0,0,,0.0
Classic,34557,0,0.0,0.0,0.0,0.0,0.0,0.0,0,,0.0
Classic,4838265,0,0.0,0.0,0.0,0.0,0.0,0.0,0,,0.0
Classic,4151609,0,0.0,0.0,0.0,0.0,0.0,0.0,0,,0.0
Classic,3890237,0,0.0,0.0,0.0,0.0,0.0,0.0,0,,0.0
Classic,6031947,0,0.0,0.0,0.0,0.0,0.0,0.0,0,,0.0
Classic,1934038,0,0.0,0.0,0.0,0.0,0.0,0.0,0,,0.0
Classic,14039,0,0.0,0.0,0.0,0.0,0.0,0.0,0,,0.0
Classic,6019659,0,0.0,0.0,0.0,0.0,0.0,0.0,0,,0.0
Classic,5860328,1,0.0,0.0,0.0,0.0,0.0,0.0,0,,1.0
Classic,6123851,1,0.0,0.0,0.0,0.0,0.0,0.0,0,,1.0
Classic,5004568,0,0.0,0.0,0.0,0.0,0.0,0.0,0,,0.0
Classic,3834869,0,0.0,0.0,0.0,0.0,0.0,0.0,0,,0.0
Classic,3312569,0,0.0,0.0,0.0,0.0,0.0,0.0,0,,0.0
Classic,2540577,0,0.0,0.0,0.0,0.0,0.0,0.0,0,,0.0
Classic,2329040,1,0.0,0.0,0.0,0.0,0.0,0.0,0,,1.0
Classic,3827249,0,0.0,0.0,0.0,0.0,0.0,0.0,0,,0.0
Classic,6238444,5,0.0,0.0,0.0,0.0,0.0,0.0,0,,1.0
Classic,5537725,0,0.0,0.0,0.0,0.0,0.0,0.0,0,,0.0
Classic,2150872,0,0.0,0.0,0.0,0.0,0.0,0.0,0,,0.0
Classic,5375968,0,0.0,0.0,0.0,0.0,0.0,0.0,0,,0.0
Classic,2412075,0,0.0,0.0,0.0,0.0,0.0,0.0,0,,0.0
Classic,4711167,0,0.0,0.0,0.0,0.0,0.0,0.0,0,,0.0
Classic,5656940,0,0.0,0.0,0.0,0.0,0.0,0.0,0,,0.0
Classic,4298954,0,0.0,0.0,0.0,0.0,0.0,0.0,0,,0.0
Classic,1459856,0,0.0,0.0,0.0,0.0,0.0,0.0,0,,0.0
Classic,6085026,0,0.0,0.0,0.0,0.0,0.0,0.0,0,,0.0
Classic,4987229,0,0.0,0.0,0.0,0.0,0.0,0.0,0,,0.0
Classic,2111910,0,0.0,0.0,0.0,0.0,0.0,0.0,0,,0.0
Classic,6019970,0,0.0,0.0,0.0,0.0,0.0,0.0,0,,0.0
Classic,4736213,0,0.0,0.0,0.0,0.0,0.0,0.0,0,,0.0
Classic,1470710,0,0.0,0.0,0.0,0.0,0.0,0.0,0,,0.0
Classic,2525335,0,0.0,0.0,0.0,0.0,0.0,0.0,0,,0.0
Classic,3076814,0,0.0,0.0,0.0,0.0,0.0,0.0,0,,0.0
Classic,4497077,0,0.0,0.0,0.0,0.0,0.0,0.0,0,,0.0
Classic,1484311,1,0.0,0.0,0.0,0.0,0.0,0.0,0,,1.0
Classic,3130029,0,0.0,0.0,0.0,0.0,0.0,0.0,0,,0.0
Classic,1411378,0,0.0,0.0,0.0,0.0,0.0,0.0,0,,0.0
Classic,4631905,0,0.0,0.0,0.0,0.0,0.0,0.0,0,,0.0
Classic,4547288,0,0.0,0.0,0.0,0.0,0.0,0.0,0,,0.0
Classic,468377,0,0.0,0.0,0.0,0.0,0.0,0.0,0,,0.0
Classic,5245704,0,0.0,0.0,0.0,0.0,0.0,0.0,0,,0.0
Classic,2571620,0,0.0,0.0,0.0,0.0,0.0,0.0,0,,0.0
Classic,3633749,0,0.0,0.0,0.0,0.0,0.0,0.0,0,,0.0
Classic,4271222,0,0.0,0.0,0.0,0.0,0.0,0.0,0,,0.0
Classic,3486001,0,0.0,0.0,0.0,0.0,0.0,0.0,0,,0.0
Classic,5069519,0,0.0,0.0,0.0,0.0,0.0,0.0,0,,0.0
Classic,1216804,0,0.0,0.0,0.0,0.0,0.0,0.0,0,,0.0
Classic,4112705,0,0.0,0.0,0.0,0.0,0.0,0.0,0,,0.0
Classic,3737610,0,0.0,0.0,0.0,0.0,0.0,0.0,0,,0.0
Classic,4154683,0,0.0,0.0,0.0,0.0,0.0,0.0,0,,0.0
Classic,3730430,0,0.0,0.0,0.0,0.0,0.0,0.0,0,,0.0
Classic,4237791,0,0.0,0.0,0.0,0.0,0.0,0.0,0,,0.0
Classic,2573332,0,0.0,0.0,0.0,0.0,0.0,0.0,0,,0.0
Classic,106544,0,0.0,0.0,0.0,0.0,0.0,0.0,0,,0.0
Classic,1334134,0,0.0,0.0,0.0,0.0,0.0,0.0,0,,0.0
Classic,4497363,0,0.0,0.0,0.0,0.0,0.0,0.0,0,,0.0
Classic,6002614,0,0.0,0.0,0.0,0.0,0.0,0.0,0,,0.0
Classic,4211860,0,0.0,0.0,0.0,0.0,0.0,0.0,0,,0.0
Classic,3580359,0,0.0,0.0,0.0,0.0,0.0,0.0,0,,0.0
Classic,4382311,1,0.0,0.0,0.0,0.0,0.0,0.0,0,,1.0
Classic,4431314,0,0.0,0.0,0.0,0.0,0.0,0.0,0,,0.0
Classic,4241244,0,0.0,0.0,0.0,0.0,0.0,0.0,0,,0.0
Classic,4196959,0,0.0,0.0,0.0,0.0,0.0,0.0,0,,0.0
Classic,1949648,0,0.0,0.0,0.0,0.0,0.0,0.0,0,,0.0
Classic,5078384,0,0.0,0.0,0.0,0.0,0.0,0.0,0,,0.0
Classic,5097701,0,0.0,0.0,0.0,0.0,0.0,0.0,0,,0.0
Classic,1451762,0,0.0,0.0,0.0,0.0,0.0,0.0,0,,0.0
Classic,6002684,0,0.0,0.0,0.0,0.0,0.0,0.0,0,,0.0
Classic,5825909,5,0.0,0.0,0.0,0.0,0.0,0.0,0,,1.0
Classic,4496667,0,0.0,0.0,0.0,0.0,0.0,0.0,0,,0.0
Classic,5255518,0,0.0,0.0,0.0,0.0,0.0,0.0,0,,0.0
Classic,2440457,0,0.0,0.0,0.0,0.0,0.0,0.0,0,,0.0
Classic,1671070,0,0.0,0.0,0.0,0.0,0.0,0.0,0,,0.0
Classic,4131094,0,0.0,0.0,0.0,0.0,0.0,0.0,0,,0.0
Classic,3152728,0,0.0,0.0,0.0,0.0,0.0,0.0,0,,0.0
Classic,289549,0,0.0,0.0,0.0,0.0,0.0,0.0,0,,0.0
Classic,1506519,0,0.0,0.0,0.0,0.0,0.0,0.0,0,,0.0
Classic,3516831,0,0.0,0.0,0.0,0.0,0.0,0.0,0,,0.0
Classic,1509884,0,0.0,0.0,0.0,0.0,0.0,0.0,0,,0.0
Classic,3449914,0,0.0,0.0,0.0,0.0,0.0,0.0,0,,0.0
Classic,5452715,0,0.0,0.0,0.0,0.0,0.0,0.0,0,,0.0
Classic,1220618,0,0.0,0.0,0.0,0.0,0.0,0.0,0,,0.0
Classic,1711487,0,0.0,0.0,0.0,0.0,0.0,0.0,0,,0.0
Classic,5475534,0,0.0,0.0,0.0,0.0,0.0,0.0,0,,0.0
Classic,5446866,0,0.0,0.0,0.0,0.0,0.0,0.0,0,,0.0
Classic,4222138,0,0.0,0.0,0.0,0.0,0.0,0.0,0,,0.0
Classic,427641,0,0.0,0.0,0.0,0.0,0.0,0.0,0,,0.0
Classic,2497872,0,0.0,0.0,0.0,0.0,0.0,0.0,0,,0.0
Classic,6268528,0,0.0,0.0,0.0,0.0,0.0,0.0,0,,0.0
Classic,5523895,0,0.0,0.0,0.0,0.0,0.0,0.0,0,,0.0
Classic,5012075,0,0.0,0.0,0.0,0.0,0.0,0.0,0,,0.0
Classic,629903,0,0.0,0.0,0.0,0.0,0.0,0.0,0,,0.0
Classic,618954,0,0.0,0.0,0.0,0.0,0.0,0.0,0,,0.0
Classic,1747307,0,0.0,0.0,0.0,0.0,0.0,0.0,0,,0.0
Classic,2663232,0,0.0,0.0,0.0,0.0,0.0,0.0,0,,0.0
Classic,5109015,0,0.0,0.0,0.0,0.0,0.0,0.0,0,,0.0
Classic,398287,0,0.0,0.0,0.0,0.0,0.0,0.0,0,,0.0
Classic,374300,0,0.0,0.0,0.0,0.0,0.0,0.0,0,,0.0
Classic,4965925,5,0.0,0.0,0.0,0.0,0.0,0.0,0,,1.0
Classic,3337510,0,0.0,0.0,0.0,0.0,0.0,0.0,0,,0.0
Classic,4071243,0,0.0,0.0,0.0,0.0,0.0,0.0,0,,0.0
Classic,2944561,0,0.0,0.0,0.0,0.0,0.0,0.0,0,,0.0
Classic,6334469,0,0.0,0.0,0.0,0.0,0.0,0.0,0,,0.0
Classic,4710152,0,0.0,0.0,0.0,0.0,0.0,0.0,0,,0.0
Classic,4019189,0,0.0,0.0,0.0,0.0,0.0,0.0,0,,0.0
Classic,1008960,0,0.0,0.0,0.0,0.0,0.0,0.0,0,,0.0
Classic,385828,0,0.0,0.0,0.0,0.0,0.0,0.0,0,,0.0
Classic,2398763,1,0.0,0.0,0.0,0.0,0.0,0.0,0,,1.0
Classic,5749657,0,0.0,0.0,0.0,0.0,0.0,0.0,0,,0.0
Classic,2564110,0,0.0,0.0,0.0,0.0,0.0,0.0,0,,0.0
Classic,248965,0,0.0,0.0,0.0,0.0,0.0,0.0,0,,0.0
Classic,2553883,0,0.0,0.0,0.0,0.0,0.0,0.0,0,,0.0
Classic,1109802,0,0.0,0.0,0.0,0.0,0.0,0.0,0,,0.0
Classic,4244456,0,0.0,0.0,0.0,0.0,0.0,0.0,0,,0.0
Classic,6228621,0,0.0,0.0,0.0,0.0,0.0,0.0,0,,0.0
Classic,5017515,0,0.0,0.0,0.0,0.0,0.0,0.0,0,,0.0
Classic,118186,1,0.0,0.0,0.0,0.0,0.0,0.0,0,,1.0
Classic,1486403,0,0.0,0.0,0.0,0.0,0.0,0.0,0,,0.0
Classic,3886844,0,0.0,0.0,0.0,0.0,0.0,0.0,0,,0.0
Classic,1332237,0,0.0,0.0,0.0,0.0,0.0,0.0,0,,0.0
Classic,5089218,1,0.0,0.0,0.0,0.0,0.0,0.0,0,,1.0
Classic,252193,0,0.0,0.0,0.0,0.0,0.0,0.0,0,,0.0
Classic,4677589,1,0.0,0.0,0.0,0.0,0.0,0.0,0,,1.0
Classic,4192405,0,0.0,0.0,0.0,0.0,0.0,0.0,0,,0.0
Classic,5799660,0,0.0,0.0,0.0,0.0,0.0,0.0,0,,0.0
Classic,4499704,0,0.0,0.0,0.0,0.0,0.0,0.0,0,,0.0
Classic,5739806,0,0.0,0.0,0.0,0.0,0.0,0.0,0,,0.0
Classic,4590235,0,0.0,0.0,0.0,0.0,0.0,0.0,0,,0.0
Classic,2882474,0,0.0,0.0,0.0,0.0,0.0,0.0,0,,0.0
Classic,1456935,0,0.0,0.0,0.0,0.0,0.0,0.0,0,,0.0
Classic,5273871,0,0.0,0.0,0.0,0.0,0.0,0.0,0,,0.0
Classic,2775930,0,0.0,0.0,0.0,0.0,0.0,0.0,0,,0.0
Classic,4287619,0,0.0,0.0,0.0,0.0,0.0,0.0,0,,0.0
Classic,307373,0,0.0,0.0,0.0,0.0,0.0,0.0,0,,0.0
Classic,4921122,0,0.0,0.0,0.0,0.0,0.0,0.0,0,,0.0
Classic,1140444,0,0.0,0.0,0.0,0.0,0.0,0.0,0,,0.0
Classic,2380941,0,0.0,0.0,0.0,0.0,0.0,0.0,0,,0.0
Classic,2964885,0,0.0,0.0,0.0,0.0,0.0,0.0,0,,0.0
Classic,1409524,0,0.0,0.0,0.0,0.0,0.0,0.0,0,,0.0
Classic,3952935,0,0.0,0.0,0.0,0.0,0.0,0.0,0,,0.0
Classic,4065797,0,0.0,0.0,0.0,0.0,0.0,0.0,0,,0.0
Classic,1987019,0,0.0,0.0,0.0,0.0,0.0,0.0,0,,0.0
Classic,3944044,0,0.0,0.0,0.0,0.0,0.0,0.0,0,,0.0
Classic,5245492,0,0.0,0.0,0.0,0.0,0.0,0.0,0,,0.0
Classic,1906998,0,0.0,0.0,0.0,0.0,0.0,0.0,0,,0.0
Classic,2070689,0,0.0,0.0,0.0,0.0,0.0,0.0,0,,0.0
Classic,4479260,0,0.0,0.0,0.0,0.0,0.0,0.0,0,,0.0
Classic,5287891,0,0.0,0.0,0.0,0.0,0.0,0.0,0,,0.0
Classic,5282651,0,0.0,0.0,0.0,0.0,0.0,0.0,0,,0.0
Classic,2659553,0,0.0,0.0,0.0,0.0,0.0,0.0,0,,0.0
Classic,2947113,1,0.0,0.0,0.0,0.0,0.0,0.0,0,,1.0
Classic,4164689,0,0.0,0.0,0.0,0.0,0.0,0.0,0,,0.0
Classic,5746950,0,0.0,0.0,0.0,0.0,0.0,0.0,0,,0.0
Classic,459476,1,0.0,0.0,0.0,0.0,0.0,0.0,0,,1.0
Classic,5976027,0,0.0,0.0,0.0,0.0,0.0,0.0,0,,0.0
Classic,1341370,0,0.0,0.0,0.0,0.0,0.0,0.0,0,,0.0
Classic,5233318,0,0.0,0.0,0.0,0.0,0.0,0.0,0,,0.0
Classic,247695,0,0.0,0.0,0.0,0.0,0.0,0.0,0,,0.0
Classic,5978756,0,0.0,0.0,0.0,0.0,0.0,0.0,0,,0.0
Classic,6018740,0,0.0,0.0,0.0,0.0,0.0,0.0,0,,0.0
Classic,4379005,0,0.0,0.0,0.0,0.0,0.0,0.0,0,,0.0
Classic,1358442,0,0.0,0.0,0.0,0.0,0.0,0.0,0,,0.0
Classic,2396449,0,0.0,0.0,0.0,0.0,0.0,0.0,0,,0.0
Classic,1162415,1,0.0,0.0,0.0,0.0,0.0,0.0,0,,1.0
Classic,1744672,0,0.0,0.0,0.0,0.0,0.0,0.0,0,,0.0
Classic,1140078,0,0.0,0.0,0.0,0.0,0.0,0.0,0,,0.0
Classic,3106757,0,0.0,0.0,0.0,0.0,0.0,0.0,0,,0.0
Classic,1003655,0,0.0,0.0,0.0,0.0,0.0,0.0,0,,0.0
Classic,1704209,0,0.0,0.0,0.0,0.0,0.0,0.0,0,,0.0
Classic,5704761,1,0.0,0.0,0.0,0.0,0.0,0.0,0,,1.0
Classic,5531947,0,0.0,0.0,0.0,0.0,0.0,0.0,0,,0.0
Classic,3045502,0,0.0,0.0,0.0,0.0,0.0,0.0,0,,0.0
Classic,623100,0,0.0,0.0,0.0,0.0,0.0,0.0,0,,0.0
Classic,2642439,0,0.0,0.0,0.0,0.0,0.0,0.0,0,,0.0
Classic,5276254,0,0.0,0.0,0.0,0.0,0.0,0.0,0,,0.0
Classic,1704362,0,0.0,0.0,0.0,0.0,0.0,0.0,0,,0.0
Classic,3028180,0,0.0,0.0,0.0,0.0,0.0,0.0,0,,0.0
Classic,1444620,0,0.0,0.0,0.0,0.0,0.0,0.0,0,,0.0
Classic,3150630,0,0.0,0.0,0.0,0.0,0.0,0.0,0,,0.0
Classic,2272178,0,0.0,0.0,0.0,0.0,0.0,0.0,0,,0.0
Classic,5427227,0,0.0,0.0,0.0,0.0,0.0,0.0,0,,0.0
Classic,4313573,0,0.0,0.0,0.0,0.0,0.0,0.0,0,,0.0
Classic,5798963,0,0.0,0.0,0.0,0.0,0.0,0.0,0,,0.0
Classic,5919132,0,0.0,0.0,0.0,0.0,0.0,0.0,0,,0.0
Classic,325775,0,0.0,0.0,0.0,0.0,0.0,0.0,0,,0.0
Classic,2284504,0,0.0,0.0,0.0,0.0,0.0,0.0,0,,0.0
Classic,323727,0,0.0,0.0,0.0,0.0,0.0,0.0,0,,0.0
Classic,2367373,0,0.0,0.0,0.0,0.0,0.0,0.0,0,,0.0
Classic,2818639,0,0.0,0.0,0.0,0.0,0.0,0.0,0,,0.0
Classic,4730229,0,0.0,0.0,0.0,0.0,0.0,0.0,0,,0.0
Classic,3908695,0,0.0,0.0,0.0,0.0,0.0,0.0,0,,0.0
Classic,5142481,0,0.0,0.0,0.0,0.0,0.0,0.0,0,,0.0
Classic,5726137,0,0.0,0.0,0.0,0.0,0.0,0.0,0,,0.0
Classic,5029187,0,0.0,0.0,0.0,0.0,0.0,0.0,0,,0.0
Classic,2147283,0,0.0,0.0,0.0,0.0,0.0,0.0,0,,0.0
Classic,2047468,0,0.0,0.0,0.0,0.0,0.0,0.0,0,,0.0
Classic,4513386,0,0.0,0.0,0.0,0.0,0.0,0.0,0,,0.0
Classic,2295012,0,0.0,0.0,0.0,0.0,0.0,0.0,0,,0.0
Classic,1193461,0,0.0,0.0,0.0,0.0,0.0,0.0,0,,0.0
Classic,4289882,0,0.0,0.0,0.0,0.0,0.0,0.0,0,,0.0
Classic,450211,0,0.0,0.0,0.0,0.0,0.0,0.0,0,,0.0
Classic,6106194,0,0.0,0.0,0.0,0.0,0.0,0.0,0,,0.0
Classic,5150046,0,0.0,0.0,0.0,0.0,0.0,0.0,0,,0.0
Classic,4659608,0,0.0,0.0,0.0,0.0,0.0,0.0,0,,0.0
Classic,1326539,0,0.0,0.0,0.0,0.0,0.0,0.0,0,,0.0
Classic,4370797,0,0.0,0.0,0.0,0.0,0.0,0.0,0,,0.0
Classic,3954786,0,0.0,0.0,0.0,0.0,0.0,0.0,0,,0.0
Classic,1313562,0,0.0,0.0,0.0,0.0,0.0,0.0,0,,0.0
Classic,5360190,0,0.0,0.0,0.0,0.0,0.0,0.0,0,,0.0
Classic,2154201,0,0.0,0.0,0.0,0.0,0.0,0.0,0,,0.0
Classic,5802495,0,0.0,0.0,0.0,0.0,0.0,0.0,0,,0.0
Classic,442927,0,0.0,0.0,0.0,0.0,0.0,0.0,0,,0.0
Classic,4708186,0,0.0,0.0,0.0,0.0,0.0,0.0,0,,0.0
Classic,4185516,0,0.0,0.0,0.0,0.0,0.0,0.0,0,,0.0
Classic,6065753,0,0.0,0.0,0.0,0.0,0.0,0.0,0,,0.0
Classic,5599908,0,0.0,0.0,0.0,0.0,0.0,0.0,0,,0.0
Classic,4944787,0,0.0,0.0,0.0,0.0,0.0,0.0,0,,0.0
Classic,6252676,0,0.0,0.0,0.0,0.0,0.0,0.0,0,,0.0
Classic,30491,0,0.0,0.0,0.0,0.0,0.0,0.0,0,,0.0
Classic,5223234,0,0.0,0.0,0.0,0.0,0.0,0.0,0,,0.0
Classic,617680,0,0.0,0.0,0.0,0.0,0.0,0.0,0,,0.0
Classic,5219299,0,0.0,0.0,0.0,0.0,0.0,0.0,0,,0.0
Classic,2898439,0,0.0,0.0,0.0,0.0,0.0,0.0,0,,0.0
Classic,3243817,0,0.0,0.0,0.0,0.0,0.0,0.0,0,,0.0
Classic,3021056,0,0.0,0.0,0.0,0.0,0.0,0.0,0,,0.0
Classic,200026,0,0.0,0.0,0.0,0.0,0.0,0.0,0,,0.0
Classic,4511591,0,0.0,0.0,0.0,0.0,0.0,0.0,0,,0.0
Classic,5843246,0,0.0,0.0,0.0,0.0,0.0,0.0,0,,0.0
Classic,1482995,0,0.0,0.0,0.0,0.0,0.0,0.0,0,,0.0
Classic,1118987,0,0.0,0.0,0.0,0.0,0.0,0.0,0,,0.0
Classic,6344891,0,0.0,0.0,0.0,0.0,0.0,0.0,0,,0.0
Classic,3201824,0,0.0,0.0,0.0,0.0,0.0,0.0,0,,0.0
Classic,3911637,0,0.0,0.0,0.0,0.0,0.0,0.0,0,,0.0
Classic,5325451,0,0.0,0.0,0.0,0.0,0.0,0.0,0,,0.0
Classic,4221125,0,0.0,0.0,0.0,0.0,0.0,0.0,0,,0.0
Classic,2200424,0,0.0,0.0,0.0,0.0,0.0,0.0,0,,0.0
Classic,1379072,0,0.0,0.0,0.0,0.0,0.0,0.0,0,,0.0
Classic,4852704,0,0.0,0.0,0.0,0.0,0.0,0.0,0,,0.0
Classic,488165,0,0.0,0.0,0.0,0.0,0.0,0.0,0,,0.0
Classic,3577571,0,0.0,0.0,0.0,0.0,0.0,0.0,0,,0.0
Classic,5044872,0,0.0,0.0,0.0,0.0,0.0,0.0,0,,0.0
Classic,5921798,0,0.0,0.0,0.0,0.0,0.0,0.0,0,,0.0
Classic,1807641,0,0.0,0.0,0.0,0.0,0.0,0.0,0,,0.0
Classic,4186465,0,0.0,0.0,0.0,0.0,0.0,0.0,0,,0.0
Classic,3969739,0,0.0,0.0,0.0,0.0,0.0,0.0,0,,0.0
Classic,1784190,0,0.0,0.0,0.0,0.0,0.0,0.0,0,,0.0
Classic,3451282,0,0.0,0.0,0.0,0.0,0.0,0.0,0,,0.0
Classic,4602526,0,0.0,0.0,0.0,0.0,0.0,0.0,0,,0.0
Classic,6094792,0,0.0,0.0,0.0,0.0,0.0,0.0,0,,0.0
Classic,2099269,0,0.0,0.0,0.0,0.0,0.0,0.0,0,,0.0
Classic,5995908,0,0.0,0.0,0.0,0.0,0.0,0.0,0,,0.0
Classic,5688213,0,0.0,0.0,0.0,0.0,0.0,0.0,0,,0.0
Classic,3758627,0,0.0,0.0,0.0,0.0,0.0,0.0,0,,0.0
Classic,2999367,0,0.0,0.0,0.0,0.0,0.0,0.0,0,,0.0
Classic,5835162,0,0.0,0.0,0.0,0.0,0.0,0.0,0,,0.0
Classic,1169611,0,0.0,0.0,0.0,0.0,0.0,0.0,0,,0.0
Classic,2242006,0,0.0,0.0,0.0,0.0,0.0,0.0,0,,0.0
Classic,2100845,0,0.0,0.0,0.0,0.0,0.0,0.0,0,,0.0
Classic,1179775,0,0.0,0.0,0.0,0.0,0.0,0.0,0,,0.0
Classic,2337021,0,0.0,0.0,0.0,0.0,0.0,0.0,0,,0.0
Classic,5164352,0,0.0,0.0,0.0,0.0,0.0,0.0,0,,0.0
Classic,4356762,0,0.0,0.0,0.0,0.0,0.0,0.0,0,,0.0
Classic,2067626,0,0.0,0.0,0.0,0.0,0.0,0.0,0,,0.0
Classic,1495570,0,0.0,0.0,0.0,0.0,0.0,0.0,0,,0.0
Classic,3561152,0,0.0,0.0,0.0,0.0,0.0,0.0,0,,0.0
Classic,2021764,0,0.0,0.0,0.0,0.0,0.0,0.0,0,,0.0
Classic,4339074,0,0.0,0.0,0.0,0.0,0.0,0.0,0,,0.0
Classic,5148632,0,0.0,0.0,0.0,0.0,0.0,0.0,0,,0.0
Classic,3012761,1,0.0,0.0,0.0,0.0,0.0,0.0,0,,1.0
Classic,5347592,0,0.0,0.0,0.0,0.0,0.0,0.0,0,,0.0
Classic,1539123,0,0.0,0.0,0.0,0.0,0.0,0.0,0,,0.0
Classic,595893,0,0.0,0.0,0.0,0.0,0.0,0.0,0,,0.0
Classic,4733461,0,0.0,0.0,0.0,0.0,0.0,0.0,0,,0.0
Classic,2364708,0,0.0,0.0,0.0,0.0,0.0,0.0,0,,0.0
BM25,5299788,1351,0.0,0.0,0.0,0.0,0.0,0.0,0,0.0,
BM25,6287934,385,0.0,0.0,0.0,0.0,0.0,0.0,0,0.0,
BM25,1011209,2981,0.0,0.0,0.0,0.0,0.0,0.0,0,0.0,
BM25,5507504,953,0.0,0.0,0.0,0.0,0.0,0.0,0,0.0,
BM25,346568,1705,0.0,0.0,0.0,0.0,0.0,0.0,0,0.0,
BM25,1203808,227,0.0,0.0,0.0,0.0,0.0,0.0,0,0.0,
BM25,1010335,2267,0.0,0.0,0.0,0.0,0.0,0.0,0,0.0,
BM25,3409325,5238,0.0,0.0,0.0,0.0,0.0,0.0,0,0.0,
BM25,4895081,3367,0.000297000297000297,1.0,0.0005938242280285036,0.10323645750017778,0.001215066828675577,0.001215066828675577,1,0.0,
BM25,1397599,130,0.0,0.0,0.0,0.0,0.0,0.0,0,0.0,
BM25,1644652,552,0.0,0.0,0.0,0.0,0.0,0.0,0,0.0,
BM25,2227097,477,0.0,0.0,0.0,0.0,0.0,0.0,0,0.0,
BM25,3601209,793,0.0,0.0,0.0,0.0,0.0,0.0,0,0.0,
BM25,3711744,2113,0.0,0.0,0.0,0.0,0.0,0.0,0,0.0,
BM25,1776679,757,0.0,0.0,0.0,0.0,0.0,0.0,0,0.0,
BM25,5851433,1703,0.0,0.0,0.0,0.0,0.0,0.0,0,0.0,
BM25,4370660,1681,0.0,0.0,0.0,0.0,0.0,0.0,0,0.0,
BM25,1040527,1632,0.0,0.0,0.0,0.0,0.0,0.0,0,0.0,
BM25,3895110,2106,0.0,0.0,0.0,0.0,0.0,0.0,0,0.0,
BM25,4382555,3247,0.0,0.0,0.0,0.0,0.0,0.0,0,0.0,
BM25,5767055,1565,0.0,0.0,0.0,0.0,0.0,0.0,0,0.0,
BM25,2966359,2473,0.0,0.0,0.0,0.0,0.0,0.0,0,0.0,
BM25,2105501,6,0.0,0.0,0.0,0.0,0.0,0.0,0,0.0,
BM25,1706796,7,0.0,0.0,0.0,0.0,0.0,0.0,0,0.0,
BM25,2151547,800,0.0,0.0,0.0,0.0,0.0,0.0,0,0.0,
BM25,4499037,2792,0.0,0.0,0.0,0.0,0.0,0.0,0,0.0,
BM25,5590619,1930,0.0,0.0,0.0,0.0,0.0,0.0,0,0.0,
BM25,1305866,2106,0.0,0.0,0.0,0.0,0.0,0.0,0,0.0,
BM25,1070632,1770,0.0,0.0,0.0,0.0,0.0,0.0,0,0.0,
BM25,1579621,768,0.0,0.0,0.0,0.0,0.0,0.0,0,0.0,
BM25,3353693,1140,0.0,0.0,0.0,0.0,0.0,0.0,0,0.0,
BM25,3183267,2792,0.0,0.0,0.0,0.0,0.0,0.0,0,0.0,
BM25,267585,1993,0.0,0.0,0.0,0.0,0.0,0.0,0,0.0,
BM25,2208303,1408,0.0,0.0,0.0,0.0,0.0,0.0,0,0.0,
BM25,3843978,4186,0.0,0.0,0.0,0.0,0.0,0.0,0,0.0,
BM25,5635806,3503,0.0,0.0,0.0,0.0,0.0,0.0,0,0.0,
BM25,1265872,1480,0.0,0.0,0.0,0.0,0.0,0.0,0,0.0,
BM25,3677350,648,0.0,0.0,0.0,0.0,0.0,0.0,0,0.0,
BM25,3513416,1724,0.0,0.0,0.0,0.0,0.0,0.0,0,0.0,
BM25,4432085,378,0.0,0.0,0.0,0.0,0.0,0.0,0,0.0,
BM25,3084813,929,0.0,0.0,0.0,0.0,0.0,0.0,0,0.0,
BM25,5679395,908,0.0,0.0,0.0,0.0,0.0,0.0,0,0.0,
BM25,4018265,192,0.0,0.0,0.0,0.0,0.0,0.0,0,0.0,
BM25,3527049,2980,0.0,0.0,0.0,0.0,0.0,0.0,0,0.0,
BM25,1077998,949,0.0,0.0,0.0,0.0,0.0,0.0,0,0.0,
BM25,6219647,1024,0.0,0.0,0.0,0.0,0.0,0.0,0,0.0,
BM25,4003778,757,0.0,0.0,0.0,0.0,0.0,0.0,0,0.0,
BM25,1850213,2111,0.0,0.0,0.0,0.0,0.0,0.0,0,0.0004737091425864519,
BM25,3450981,2404,0.0,0.0,0.0,0.0,0.0,0.0,0,0.0,
BM25,3421016,173,0.0,0.0,0.0,0.0,0.0,0.0,0,0.0,
BM25,316293,62,0.0,0.0,0.0,0.0,0.0,0.0,0,0.0,
BM25,2819930,0,0.0,0.0,0.0,0.0,0.0,0.0,0,0.0,
BM25,5634233,438,0.0,0.0,0.0,0.0,0.0,0.0,0,0.0,
BM25,5984821,371,0.0,0.0,0.0,0.0,0.0,0.0,0,0.0,
BM25,2859729,1950,0.0,0.0,0.0,0.0,0.0,0.0,0,0.0,
BM25,1555823,2584,0.0,0.0,0.0,0.0,0.0,0.0,0,0.0,
BM25,1250062,455,0.0,0.0,0.0,0.0,0.0,0.0,0,0.0,
BM25,1682807,2981,0.0,0.0,0.0,0.0,0.0,0.0,0,0.0,
BM25,4604261,1917,0.0,0.0,0.0,0.0,0.0,0.0,0,0.0,
BM25,525313,957,0.0,0.0,0.0,0.0,0.0,0.0,0,0.0,
BM25,1340509,1603,0.0,0.0,0.0,0.0,0.0,0.0,0,0.0,
BM25,3289123,136,0.0,0.0,0.0,0.0,0.0,0.0,0,0.0,
BM25,5662233,114,0.0,0.0,0.0,0.0,0.0,0.0,0,0.0,
BM25,3223160,664,0.0,0.0,0.0,0.0,0.0,0.0,0,0.0,
BM25,3258688,1271,0.0,0.0,0.0,0.0,0.0,0.0,0,0.0,
BM25,2045751,925,0.0,0.0,0.0,0.0,0.0,0.0,0,0.0,
BM25,6053021,701,0.0,0.0,0.0,0.0,0.0,0.0,0,0.0,
BM25,1552659,243,0.0,0.0,0.0,0.0,0.0,0.0,0,0.0,
BM25,3714755,1904,0.0,0.0,0.0,0.0,0.0,0.0,0,0.0,
BM25,4994038,236,0.0,0.0,0.0,0.0,0.0,0.0,0,0.00423728813559322,
BM25,5546008,548,0.0,0.0,0.0,0.0,0.0,0.0,0,0.0,
BM25,5591184,155,0.0,0.0,0.0,0.0,0.0,0.0,0,0.0,
BM25,5019203,1664,0.0,0.0,0.0,0.0,0.0,0.0,0,0.0,
BM25,4646715,1489,0.0,0.0,0.0,0.0,0.0,0.0,0,0.0,
BM25,1346416,2454,0.0,0.0,0.0,0.0,0.0,0.0,0,0.0,
BM25,4175214,6250,0.0,0.0,0.0,0.0,0.0,0.0,0,0.0,
BM25,4011263,1140,0.0,0.0,0.0,0.0,0.0,0.0,0,0.0,
BM25,5571959,173,0.0,0.0,0.0,0.0,0.0,0.0,0,0.0,
BM25,2720946,1724,0.0,0.0,0.0,0.0,0.0,0.0,0,0.0,
BM25,3746682,4625,0.0,0.0,0.0,0.0,0.0,0.0,0,0.0,
BM25,297891,1029,0.0,0.0,0.0,0.0,0.0,0.0,0,0.0,
BM25,1455271,2063,0.0,0.0,0.0,0.0,0.0,0.0,0,0.0,
BM25,5894445,1607,0.0,0.0,0.0,0.0,0.0,0.0,0,0.0,
BM25,1241174,1542,0.0,0.0,0.0,0.0,0.0,0.0,0,0.0,
BM25,3924770,1766,0.0,0.0,0.0,0.0,0.0,0.0,0,0.0,
BM25,434590,6851,0.0,0.0,0.0,0.0,0.0,0.0,0,0.0,
BM25,4695937,405,0.0,0.0,0.0,0.0,0.0,0.0,0,0.0,
BM25,5832927,983,0.0,0.0,0.0,0.0,0.0,0.0,0,0.0,
BM25,4321671,2538,0.0,0.0,0.0,0.0,0.0,0.0,0,0.0,
BM25,5508475,115,0.0,0.0,0.0,0.0,0.0,0.0,0,0.0,
BM25,5324522,1557,0.0,0.0,0.0,0.0,0.0,0.0,0,0.0,
BM25,6013566,681,0.0,0.0,0.0,0.0,0.0,0.0,0,0.0,
BM25,4363037,4364,0.0,0.0,0.0,0.0,0.0,0.0,0,0.0,
BM25,5516488,793,0.0,0.0,0.0,0.0,0.0,0.0,0,0.0,
BM25,4972606,1563,0.0,0.0,0.0,0.0,0.0,0.0,0,0.0012795905310300703,
BM25,1925113,817,0.0,0.0,0.0,0.0,0.0,0.0,0,0.0,
BM25,2435093,3034,0.0,0.0,0.0,0.0,0.0,0.0,0,0.0,
BM25,2962173,1687,0.0,0.0,0.0,0.0,0.0,0.0,0,0.0,
BM25,6386375,1410,0.0,0.0,0.0,0.0,0.0,0.0,0,0.0,
BM25,3878668,295,0.0,0.0,0.0,0.0,0.0,0.0,0,0.0,
BM25,5998189,5,0.0,0.0,0.0,0.0,0.0,0.0,0,0.0,
BM25,3180305,1528,0.0,0.0,0.0,0.0,0.0,0.0,0,0.0006544502617801048,
BM25,1515659,2140,0.0,0.0,0.0,0.0,0.0,0.0,0,0.0,
BM25,6341489,136,0.0,0.0,0.0,0.0,0.0,0.0,0,0.0,
BM25,1671167,1443,0.0,0.0,0.0,0.0,0.0,0.0,0,0.0,
BM25,5984743,927,0.0,0.0,0.0,0.0,0.0,0.0,0,0.0,
BM25,2119365,20,0.0,0.0,0.0,0.0,0.0,0.0,0,0.0,
BM25,1263837,1037,0.0,0.0,0.0,0.0,0.0,0.0,0,0.0,
BM25,2284722,108,0.0,0.0,0.0,0.0,0.0,0.0,0,0.0,
BM25,1407940,214,0.0,0.0,0.0,0.0,0.0,0.0,0,0.0,
BM25,5136947,6589,0.0,0.0,0.0,0.0,0.0,0.0,0,0.0,
BM25,2011460,816,0.0,0.0,0.0,0.0,0.0,0.0,0,0.0,
BM25,2263688,2134,0.0,0.0,0.0,0.0,0.0,0.0,0,0.0,
BM25,1320455,976,0.0,0.0,0.0,0.0,0.0,0.0,0,0.0,
BM25,1773046,1900,0.0,0.0,0.0,0.0,0.0,0.0,0,0.0005263157894736842,
BM25,1202815,160,0.0,0.0,0.0,0.0,0.0,0.0,0,0.0,
BM25,2765403,1794,0.0,0.0,0.0,0.0,0.0,0.0,0,0.0,
BM25,1020829,2066,0.0,0.0,0.0,0.0,0.0,0.0,0,0.0,
BM25,435424,981,0.0,0.0,0.0,0.0,0.0,0.0,0,0.0,
BM25,352956,337,0.0,0.0,0.0,0.0,0.0,0.0,0,0.0,
BM25,425874,1896,0.0,0.0,0.0,0.0,0.0,0.0,0,0.0,
BM25,4955213,36,0.0,0.0,0.0,0.0,0.0,0.0,0,0.0,
BM25,6163035,529,0.0,0.0,0.0,0.0,0.0,0.0,0,0.0,
BM25,3446482,3240,0.0,0.0,0.0,0.0,0.0,0.0,0,0.0,
BM25,2409062,1561,0.0,0.0,0.0,0.0,0.0,0.0,0,0.0012812299807815502,
BM25,6075455,1554,0.0,0.0,0.0,0.0,0.0,0.0,0,0.0,
BM25,221171,1557,0.0,0.0,0.0,0.0,0.0,0.0,0,0.0,
BM25,1708585,2470,0.0,0.0,0.0,0.0,0.0,0.0,0,0.0,
BM25,3431872,7,0.0,0.0,0.0,0.0,0.0,0.0,0,0.0,
BM25,3899907,941,0.0,0.0,0.0,0.0,0.0,0.0,0,0.0,
BM25,333210,611,0.0,0.0,0.0,0.0,0.0,0.0,0,0.0,
BM25,3408817,2052,0.0,0.0,0.0,0.0,0.0,0.0,0,0.0,
BM25,2456608,957,0.0,0.0,0.0,0.0,0.0,0.0,0,0.0,
BM25,1138728,1617,0.0,0.0,0.0,0.0,0.0,0.0,0,0.0,
BM25,102381,1280,0.0,0.0,0.0,0.0,0.0,0.0,0,0.0,
BM25,3310199,390,0.0,0.0,0.0,0.0,0.0,0.0,0,0.0,
BM25,384192,2103,0.0,0.0,0.0,0.0,0.0,0.0,0,0.0,
BM25,3790054,954,0.0,0.0,0.0,0.0,0.0,0.0,0,0.0,
BM25,4134703,13,0.0,0.0,0.0,0.0,0.0,0.0,0,0.0,
BM25,114977,4529,0.0,0.0,0.0,0.0,0.0,0.0,0,0.0,
BM25,159878,922,0.0,0.0,0.0,0.0,0.0,0.0,0,0.0,
BM25,4223029,7,0.0,0.0,0.0,0.0,0.0,0.0,0,0.0,
BM25,5211805,1024,0.0,0.0,0.0,0.0,0.0,0.0,0,0.0,
BM25,292631,1056,0.0,0.0,0.0,0.0,0.0,0.0,0,0.0,
BM25,1016522,1044,0.0,0.0,0.0,0.0,0.0,0.0,0,0.0,
BM25,6351265,1483,0.0,0.0,0.0,0.0,0.0,0.0,0,0.0006743088334457181,
BM25,3990258,3755,0.0,0.0,0.0,0.0,0.0,0.0,0,0.0,
BM25,1154489,69,0.0,0.0,0.0,0.0,0.0,0.0,0,0.0,
BM25,5517500,63,0.0,0.0,0.0,0.0,0.0,0.0,0,0.0,
BM25,1952166,1334,0.0,0.0,0.0,0.0,0.0,0.0,0,0.0,
BM25,1416349,619,0.0,0.0,0.0,0.0,0.0,0.0,0,0.0,
BM25,3216677,859,0.0,0.0,0.0,0.0,0.0,0.0,0,0.0,
BM25,5719491,1073,0.0,0.0,0.0,0.0,0.0,0.0,0,0.0,
BM25,1341494,1480,0.0,0.0,0.0,0.0,0.0,0.0,0,0.0,
BM25,1028197,1755,0.0,0.0,0.0,0.0,0.0,0.0,0,0.0,
BM25,2364664,371,0.0,0.0,0.0,0.0,0.0,0.0,0,0.0,
BM25,4702150,1686,0.0,0.0,0.0,0.0,0.0,0.0,0,0.0,
BM25,5210824,990,0.0,0.0,0.0,0.0,0.0,0.0,0,0.0,
BM25,2958343,306,0.0,0.0,0.0,0.0,0.0,0.0,0,0.0,
BM25,1568471,626,0.0,0.0,0.0,0.0,0.0,0.0,0,0.0,
BM25,3964562,1214,0.0,0.0,0.0,0.0,0.0,0.0,0,0.0,
BM25,1717352,1235,0.0,0.0,0.0,0.0,0.0,0.0,0,0.0,
BM25,5837609,154,0.0,0.0,0.0,0.0,0.0,0.0,0,0.0,
BM25,5813041,3175,0.0,0.0,0.0,0.0,0.0,0.0,0,0.0,
BM25,2997872,613,0.0,0.0,0.0,0.0,0.0,0.0,0,0.0,
BM25,3284246,20,0.0,0.0,0.0,0.0,0.0,0.0,0,0.0,
BM25,2130387,1640,0.0,0.0,0.0,0.0,0.0,0.0,0,0.0,
BM25,5858213,1489,0.0,0.0,0.0,0.0,0.0,0.0,0,0.0,
BM25,3823779,2200,0.0,0.0,0.0,0.0,0.0,0.0,0,0.0,
BM25,4449340,613,0.0,0.0,0.0,0.0,0.0,0.0,0,0.0,
BM25,5242937,864,0.0,0.0,0.0,0.0,0.0,0.0,0,0.0,
BM25,3345443,2806,0.0,0.0,0.0,0.0,0.0,0.0,0,0.0,
BM25,5489694,372,0.0,0.0,0.0,0.0,0.0,0.0,0,0.0,
BM25,3727614,775,0.0,0.0,0.0,0.0,0.0,0.0,0,0.0012903225806451613,
BM25,5725329,1542,0.0,0.0,0.0,0.0,0.0,0.0,0,0.0,
BM25,2388017,992,0.0,0.0,0.0,0.0,0.0,0.0,0,0.0,
BM25,4337388,329,0.0,0.0,0.0,0.0,0.0,0.0,0,0.0,
BM25,4542555,20,0.0,0.0,0.0,0.0,0.0,0.0,0,0.0,
BM25,1742928,1271,0.0,0.0,0.0,0.0,0.0,0.0,0,0.0,
BM25,1208620,155,0.0,0.0,0.0,0.0,0.0,0.0,0,0.0,
BM25,6372446,2026,0.0,0.0,0.0,0.0,0.0,0.0,0,0.0,
BM25,3678780,2584,0.0,0.0,0.0,0.0,0.0,0.0,0,0.0,
BM25,3637792,3503,0.0,0.0,0.0,0.0,0.0,0.0,0,0.0,
BM25,5835632,3503,0.0,0.0,0.0,0.0,0.0,0.0,0,0.0,
BM25,3412552,737,0.0,0.0,0.0,0.0,0.0,0.0,0,0.0,
BM25,3784642,1724,0.0,0.0,0.0,0.0,0.0,0.0,0,0.0,
BM25,2249513,1186,0.0,0.0,0.0,0.0,0.0,0.0,0,0.0,
BM25,3994629,1909,0.0,0.0,0.0,0.0,0.0,0.0,0,0.0,
BM25,4093193,691,0.0,0.0,0.0,0.0,0.0,0.0,0,0.0,
BM25,3940443,2063,0.0,0.0,0.0,0.0,0.0,0.0,0,0.0,
BM25,5342699,337,0.0,0.0,0.0,0.0,0.0,0.0,0,0.0,
BM25,2983666,3450,0.0,0.0,0.0,0.0,0.0,0.0,0,0.0,
BM25,529339,919,0.0,0.0,0.0,0.0,0.0,0.0,0,0.0,
BM25,2997326,547,0.0,0.0,0.0,0.0,0.0,0.0,0,0.0,
BM25,1181883,1963,0.0,0.0,0.0,0.0,0.0,0.0,0,0.0,
BM25,1578571,1024,0.0,0.0,0.0,0.0,0.0,0.0,0,0.0,
BM25,4990938,398,0.0,0.0,0.0,0.0,0.0,0.0,0,0.0,
BM25,5193988,4102,0.0,0.0,0.0,0.0,0.0,0.0,0,0.0,
BM25,4171316,998,0.0,0.0,0.0,0.0,0.0,0.0,0,0.0,
BM25,595005,1766,0.0,0.0,0.0,0.0,0.0,0.0,0,0.0,
BM25,2974317,243,0.0,0.0,0.0,0.0,0.0,0.0,0,0.0,
BM25,172332,236,0.0,0.0,0.0,0.0,0.0,0.0,0,0.00423728813559322,
BM25,1451423,3798,0.0,0.0,0.0,0.0,0.0,0.0,0,0.0,
BM25,2403263,1607,0.0,0.0,0.0,0.0,0.0,0.0,0,0.0,
BM25,3335342,19,0.0,0.0,0.0,0.0,0.0,0.0,0,0.0,
BM25,1295286,983,0.0,0.0,0.0,0.0,0.0,0.0,0,0.0,
BM25,6020647,1227,0.0,0.0,0.0,0.0,0.0,0.0,0,0.0,
BM25,5913997,177,0.0,0.0,0.0,0.0,0.0,0.0,0,0.0,
BM25,114290,1003,0.0,0.0,0.0,0.0,0.0,0.0,0,0.0,
BM25,3668800,1585,0.0,0.0,0.0,0.0,0.0,0.0,0,0.0,
BM25,4852505,1480,0.0,0.0,0.0,0.0,0.0,0.0,0,0.0,
BM25,2667746,1509,0.0,0.0,0.0,0.0,0.0,0.0,0,0.0,
BM25,1202645,1496,0.0,0.0,0.0,0.0,0.0,0.0,0,0.0,
BM25,221628,1358,0.0,0.0,0.0,0.0,0.0,0.0,0,0.0,
BM25,5892697,3267,0.0,0.0,0.0,0.0,0.0,0.0,0,0.0,
BM25,3420522,2141,0.0,0.0,0.0,0.0,0.0,0.0,0,0.0,
BM25,5375356,1615,0.0,0.0,0.0,0.0,0.0,0.0,0,0.0,
BM25,4556631,1480,0.0,0.0,0.0,0.0,0.0,0.0,0,0.0,
BM25,3880043,1490,0.0,0.0,0.0,0.0,0.0,0.0,0,0.0,
BM25,4557468,268,0.0,0.0,0.0,0.0,0.0,0.0,0,0.0,
BM25,1262444,981,0.0,0.0,0.0,0.0,0.0,0.0,0,0.0,
BM25,2144649,3973,0.0,0.0,0.0,0.0,0.0,0.0,0,0.0,
BM25,4965439,2388,0.0,0.0,0.0,0.0,0.0,0.0,0,0.0,
BM25,176319,518,0.0,0.0,0.0,0.0,0.0,0.0,0,0.0,
BM25,5262524,961,0.0,0.0,0.0,0.0,0.0,0.0,0,0.0,
BM25,4988240,929,0.0,0.0,0.0,0.0,0.0,0.0,0,0.0,
BM25,4536961,697,0.0,0.0,0.0,0.0,0.0,0.0,0,0.0,
BM25,5827256,1376,0.0,0.0,0.0,0.0,0.0,0.0,0,0.0,
BM25,1107871,1752,0.0,0.0,0.0,0.0,0.0,0.0,0,0.0,
BM25,1742368,1605,0.0,0.0,0.0,0.0,0.0,0.0,0,0.0,
BM25,2182354,532,0.0,0.0,0.0,0.0,0.0,0.0,0,0.0,
BM25,4392637,3158,0.0,0.0,0.0,0.0,0.0,0.0,0,0.0,
BM25,57975,1623,0.0,0.0,0.0,0.0,0.0,0.0,0,0.0,
BM25,6319414,1963,0.0,0.0,0.0,0.0,0.0,0.0,0,0.0,
BM25,4164053,2447,0.0,0.0,0.0,0.0,0.0,0.0,0,0.0,
BM25,277058,1484,0.0,0.0,0.0,0.0,0.0,0.0,0,0.0,
BM25,1401471,2103,0.0,0.0,0.0,0.0,0.0,0.0,0,0.0,
BM25,5163910,1163,0.0,0.0,0.0,0.0,0.0,0.0,0,0.0,
BM25,3794093,1225,0.0,0.0,0.0,0.0,0.0,0.0,0,0.0,
BM25,4938255,1679,0.0,0.0,0.0,0.0,0.0,0.0,0,0.0,
BM25,255457,1073,0.0,0.0,0.0,0.0,0.0,0.0,0,0.0,
BM25,1885819,357,0.0,0.0,0.0,0.0,0.0,0.0,0,0.0,
BM25,2160326,1136,0.0,0.0,0.0,0.0,0.0,0.0,0,0.0,
BM25,4444346,1136,0.0,0.0,0.0,0.0,0.0,0.0,0,0.0,
BM25,4684037,681,0.0,0.0,0.0,0.0,0.0,0.0,0,0.0,
BM25,3817273,19,0.0,0.0,0.0,0.0,0.0,0.0,0,0.0,
BM25,5471841,1890,0.0,0.0,0.0,0.0,0.0,0.0,0,0.0,
BM25,261112,974,0.0,0.0,0.0,0.0,0.0,0.0,0,0.00513347022587269,
BM25,1940858,7,0.0,0.0,0.0,0.0,0.0,0.0,0,0.0,
BM25,39751,1404,0.0,0.0,0.0,0.0,0.0,0.0,0,0.0007122507122507123,
BM25,1006365,271,0.0,0.0,0.0,0.0,0.0,0.0,0,0.0,
BM25,4961817,1249,0.0,0.0,0.0,0.0,0.0,0.0,0,0.0,
BM25,2663338,2584,0.0,0.0,0.0,0.0,0.0,0.0,0,0.0003869969040247678,
BM25,4703848,775,0.0,0.0,0.0,0.0,0.0,0.0,0,0.0012903225806451613,
BM25,4566246,1990,0.0,0.0,0.0,0.0,0.0,0.0,0,0.0,
BM25,1609854,922,0.0,0.0,0.0,0.0,0.0,0.0,0,0.0,
BM25,4997395,2134,0.0,0.0,0.0,0.0,0.0,0.0,0,0.0,
BM25,2401207,1073,0.0,0.0,0.0,0.0,0.0,0.0,0,0.0,
BM25,2616251,36,0.0,0.0,0.0,0.0,0.0,0.0,0,0.0,
BM25,4720752,2141,0.0,0.0,0.0,0.0,0.0,0.0,0,0.0,
BM25,5446902,1554,0.0,0.0,0.0,0.0,0.0,0.0,0,0.0,
BM25,4304490,1064,0.0,0.0,0.0,0.0,0.0,0.0,0,0.0,
BM25,6220453,1970,0.0,0.0,0.0,0.0,0.0,0.0,0,0.0,
BM25,6244530,1353,0.0,0.0,0.0,0.0,0.0,0.0,0,0.0,
BM25,6057081,991,0.0,0.0,0.0,0.0,0.0,0.0,0,0.0,
BM25,5731699,1489,0.0,0.0,0.0,0.0,0.0,0.0,0,0.0,
BM25,5519007,1049,0.0,0.0,0.0,0.0,0.0,0.0,0,0.0,
BM25,1775170,2884,0.0,0.0,0.0,0.0,0.0,0.0,0,0.0,
BM25,4832681,1522,0.0,0.0,0.0,0.0,0.0,0.0,0,0.0,
BM25,2736719,438,0.0,0.0,0.0,0.0,0.0,0.0,0,0.0,
BM25,4335992,4507,0.0,0.0,0.0,0.0,0.0,0.0,0,0.00022187708009762592,
BM25,4722891,2397,0.0,0.0,0.0,0.0,0.0,0.0,0,0.0,
BM25,5095605,1619,0.0006176652254478073,0.5,0.0012338062924120913,0.07802859196855365,0.004329004329004329,0.0021645021645021645,1,0.0,
BM25,2064070,1484,0.0,0.0,0.0,0.0,0.0,0.0,0,0.0,
BM25,4437445,957,0.0,0.0,0.0,0.0,0.0,0.0,0,0.0,
BM25,32046,930,0.0,0.0,0.0,0.0,0.0,0.0,0,0.0,
BM25,2722684,72,0.0,0.0,0.0,0.0,0.0,0.0,0,0.0,
BM25,114185,2075,0.00048192771084337347,1.0,0.0009633911368015413,0.10804936931919012,0.001639344262295082,0.001639344262295082,1,0.0,
BM25,3763304,532,0.0,0.0,0.0,0.0,0.0,0.0,0,0.0,
BM25,3118616,2182,0.0,0.0,0.0,0.0,0.0,0.0,0,0.0,
BM25,1119434,1358,0.0,0.0,0.0,0.0,0.0,0.0,0,0.0,
BM25,3178780,6791,0.0,0.0,0.0,0.0,0.0,0.0,0,0.0,
BM25,2775355,155,0.0,0.0,0.0,0.0,0.0,0.0,0,0.0,
BM25,2177379,35,0.0,0.0,0.0,0.0,0.0,0.0,0,0.0,
BM25,32329,164,0.0,0.0,0.0,0.0,0.0,0.0,0,0.0,
BM25,5950416,2462,0.0,0.0,0.0,0.0,0.0,0.0,0,0.0,
BM25,5736119,2008,0.0,0.0,0.0,0.0,0.0,0.0,0,0.0,
BM25,4887472,594,0.0,0.0,0.0,0.0,0.0,0.0,0,0.0,
BM25,1306156,701,0.0,0.0,0.0,0.0,0.0,0.0,0,0.0028530670470756064,
BM25,1359907,900,0.0,0.0,0.0,0.0,0.0,0.0,0,0.0,
BM25,5433002,1673,0.0,0.0,0.0,0.0,0.0,0.0,0,0.0,
BM25,5865847,2762,0.0,0.0,0.0,0.0,0.0,0.0,0,0.0,
BM25,108141,581,0.0,0.0,0.0,0.0,0.0,0.0,0,0.0,
BM25,3790860,1073,0.0,0.0,0.0,0.0,0.0,0.0,0,0.0,
BM25,1762055,1580,0.0,0.0,0.0,0.0,0.0,0.0,0,0.0,
BM25,5679396,988,0.0,0.0,0.0,0.0,0.0,0.0,0,0.0,
BM25,598090,3918,0.0,0.0,0.0,0.0,0.0,0.0,0,0.0,
BM25,4556098,1583,0.0,0.0,0.0,0.0,0.0,0.0,0,0.0,
BM25,2987957,1137,0.0,0.0,0.0,0.0,0.0,0.0,0,0.0,
BM25,436019,1644,0.0,0.0,0.0,0.0,0.0,0.0,0,0.0,
BM25,5573495,3918,0.0,0.0,0.0,0.0,0.0,0.0,0,0.0,
BM25,2298254,116,0.0,0.0,0.0,0.0,0.0,0.0,0,0.0,
BM25,2703379,1230,0.0,0.0,0.0,0.0,0.0,0.0,0,0.0,
BM25,4926591,4470,0.0,0.0,0.0,0.0,0.0,0.0,0,0.0,
BM25,365705,1963,0.0,0.0,0.0,0.0,0.0,0.0,0,0.0,
BM25,2075574,2210,0.0,0.0,0.0,0.0,0.0,0.0,0,0.0,
BM25,5640946,3014,0.0,0.0,0.0,0.0,0.0,0.0,0,0.0,
BM25,2892764,2079,0.0,0.0,0.0,0.0,0.0,0.0,0,0.0,
BM25,5358454,477,0.0,0.0,0.0,0.0,0.0,0.0,0,0.0,
BM25,5590627,611,0.0,0.0,0.0,0.0,0.0,0.0,0,0.0,
BM25,2902047,171,0.0,0.0,0.0,0.0,0.0,0.0,0,0.0,
BM25,3350380,371,0.0,0.0,0.0,0.0,0.0,0.0,0,0.0,
BM25,4220432,1766,0.0,0.0,0.0,0.0,0.0,0.0,0,0.0,
BM25,1597130,1615,0.0,0.0,0.0,0.0,0.0,0.0,0,0.0,
BM25,5469765,594,0.0,0.0,0.0,0.0,0.0,0.0,0,0.0,
BM25,4789489,456,0.0,0.0,0.0,0.0,0.0,0.0,0,0.0,
BM25,4832773,2103,0.0,0.0,0.0,0.0,0.0,0.0,0,0.0,
BM25,2823270,929,0.0,0.0,0.0,0.0,0.0,0.0,0,0.0,
BM25,1961411,4628,0.0,0.0,0.0,0.0,0.0,0.0,0,0.0,
BM25,2023599,2134,0.0,0.0,0.0,0.0,0.0,0.0,0,0.0,
BM25,6155967,552,0.0,0.0,0.0,0.0,0.0,0.0,0,0.0,
BM25,4180731,851,0.0,0.0,0.0,0.0,0.0,0.0,0,0.0,
BM25,32902,1550,0.0006451612903225806,1.0,0.0012894906511927786,0.10201462183303721,0.0011210762331838565,0.0011210762331838565,1,0.0,
BM25,6168664,1536,0.0,0.0,0.0,0.0,0.0,0.0,0,0.0,
BM25,1570337,1469,0.0,0.0,0.0,0.0,0.0,0.0,0,0.0,
BM25,1101380,5884,0.0,0.0,0.0,0.0,0.0,0.0,0,0.0,
BM25,5207652,611,0.0,0.0,0.0,0.0,0.0,0.0,0,0.0,
BM25,407765,1997,0.0,0.0,0.0,0.0,0.0,0.0,0,0.0,
BM25,4042131,2244,0.0,0.0,0.0,0.0,0.0,0.0,0,0.0,
BM25,5207645,611,0.0,0.0,0.0,0.0,0.0,0.0,0,0.0,
BM25,1390975,129,0.0,0.0,0.0,0.0,0.0,0.0,0,0.0,
BM25,1960028,427,0.0,0.0,0.0,0.0,0.0,0.0,0,0.0,
BM25,5468039,235,0.0,0.0,0.0,0.0,0.0,0.0,0,0.0,
BM25,4865176,709,0.0,0.0,0.0,0.0,0.0,0.0,0,0.0,
BM25,3736729,1864,0.0,0.0,0.0,0.0,0.0,0.0,0,0.0,
BM25,1765059,1411,0.0,0.0,0.0,0.0,0.0,0.0,0,0.0007087172218284905,
BM25,5884875,1178,0.0,0.0,0.0,0.0,0.0,0.0,0,0.0,
BM25,3260497,1044,0.0,0.0,0.0,0.0,0.0,0.0,0,0.0,
BM25,1199396,23,0.0,0.0,0.0,0.0,0.0,0.0,0,0.0,
BM25,3534087,768,0.0,0.0,0.0,0.0,0.0,0.0,0,0.0,
BM25,3754566,776,0.0,0.0,0.0,0.0,0.0,0.0,0,0.0,
BM25,1991478,1271,0.0,0.0,0.0,0.0,0.0,0.0,0,0.0,
BM25,1024056,1270,0.0,0.0,0.0,0.0,0.0,0.0,0,0.0,
BM25,3460811,3483,0.0,0.0,0.0,0.0,0.0,0.0,0,0.0,
BM25,1938310,859,0.0,0.0,0.0,0.0,0.0,0.0,0,0.0,
BM25,4032973,197,0.0,0.0,0.0,0.0,0.0,0.0,0,0.0,
BM25,543562,1271,0.0,0.0,0.0,0.0,0.0,0.0,0,0.0,
BM25,5975249,563,0.0,0.0,0.0,0.0,0.0,0.0,0,0.0,
BM25,4507798,1900,0.0,0.0,0.0,0.0,0.0,0.0,0,0.0005263157894736842,
BM25,6381629,1591,0.0,0.0,0.0,0.0,0.0,0.0,0,0.0,
BM25,6356930,1542,0.0,0.0,0.0,0.0,0.0,0.0,0,0.0,
BM25,6357695,1129,0.0,0.0,0.0,0.0,0.0,0.0,0,0.0,
BM25,5965768,864,0.0,0.0,0.0,0.0,0.0,0.0,0,0.0,
BM25,2616095,1156,0.0,0.0,0.0,0.0,0.0,0.0,0,0.0,
BM25,5935727,701,0.0,0.0,0.0,0.0,0.0,0.0,0,0.0,
BM25,3405327,1349,0.0,0.0,0.0,0.0,0.0,0.0,0,0.0,
BM25,6213291,388,0.0,0.0,0.0,0.0,0.0,0.0,0,0.0,
BM25,1445590,1447,0.0,0.0,0.0,0.0,0.0,0.0,0,0.0,
BM25,2571477,1213,0.0,0.0,0.0,0.0,0.0,0.0,0,0.0,
BM25,1757962,1905,0.0,0.0,0.0,0.0,0.0,0.0,0,0.0,
BM25,134441,1415,0.0,0.0,0.0,0.0,0.0,0.0,0,0.0,
BM25,4175890,2236,0.0,0.0,0.0,0.0,0.0,0.0,0,0.0,
BM25,2997428,925,0.0,0.0,0.0,0.0,0.0,0.0,0,0.0,
BM25,2730746,1484,0.0,0.0,0.0,0.0,0.0,0.0,0,0.0,
BM25,303246,1484,0.0,0.0,0.0,0.0,0.0,0.0,0,0.0,
BM25,5255166,2017,0.0,0.0,0.0,0.0,0.0,0.0,0,0.0,
BM25,5119166,5002,0.0,0.0,0.0,0.0,0.0,0.0,0,0.0,
BM25,2143759,1484,0.0,0.0,0.0,0.0,0.0,0.0,0,0.0,
BM25,1012393,775,0.0,0.0,0.0,0.0,0.0,0.0,0,0.0012903225806451613,
BM25,1725061,3431,0.0,0.0,0.0,0.0,0.0,0.0,0,0.0,
BM25,2184043,1561,0.0,0.0,0.0,0.0,0.0,0.0,0,0.0012812299807815502,
BM25,5779990,691,0.0,0.0,0.0,0.0,0.0,0.0,0,0.0,
BM25,5502419,2360,0.0,0.0,0.0,0.0,0.0,0.0,0,0.0,
BM25,2839061,516,0.0,0.0,0.0,0.0,0.0,0.0,0,0.0,
BM25,4610332,4001,0.0,0.0,0.0,0.0,0.0,0.0,0,0.0,
BM25,1401465,2103,0.0,0.0,0.0,0.0,0.0,0.0,0,0.0,
BM25,3934033,1321,0.0,0.0,0.0,0.0,0.0,0.0,0,0.0,
BM25,2183102,2473,0.0,0.0,0.0,0.0,0.0,0.0,0,0.0,
BM25,3470450,3847,0.0,0.0,0.0,0.0,0.0,0.0,0,0.0,
BM25,3077285,290,0.0,0.0,0.0,0.0,0.0,0.0,0,0.0,
BM25,377287,793,0.0,0.0,0.0,0.0,0.0,0.0,0,0.0,
BM25,5616865,2706,0.0,0.0,0.0,0.0,0.0,0.0,0,0.0,
BM25,2376462,3860,0.0,0.0,0.0,0.0,0.0,0.0,0,0.0,
BM25,3050231,1811,0.0,0.0,0.0,0.0,0.0,0.0,0,0.0,
BM25,1553444,1235,0.0,0.0,0.0,0.0,0.0,0.0,0,0.0,
BM25,4153945,3014,0.0,0.0,0.0,0.0,0.0,0.0,0,0.0,
BM25,4246057,35,0.0,0.0,0.0,0.0,0.0,0.0,0,0.0,
BM25,1180348,335,0.0,0.0,0.0,0.0,0.0,0.0,0,0.0,
BM25,328548,1490,0.0,0.0,0.0,0.0,0.0,0.0,0,0.0,
BM25,2230476,998,0.0,0.0,0.0,0.0,0.0,0.0,0,0.0,
BM25,426529,1489,0.0,0.0,0.0,0.0,0.0,0.0,0,0.0,
BM25,2850614,4216,0.0,0.0,0.0,0.0,0.0,0.0,0,0.0,
BM25,4416303,2072,0.0,0.0,0.0,0.0,0.0,0.0,0,0.0,
BM25,3101236,503,0.0,0.0,0.0,0.0,0.0,0.0,0,0.0,
BM25,3638231,1945,0.0,0.0,0.0,0.0,0.0,0.0,0,0.0,
BM25,1679427,574,0.0,0.0,0.0,0.0,0.0,0.0,0,0.0,
BM25,2138088,822,0.0,0.0,0.0,0.0,0.0,0.0,0,0.0,
BM25,2995132,6184,0.0,0.0,0.0,0.0,0.0,0.0,0,0.0,
BM25,2585972,1108,0.0,0.0,0.0,0.0,0.0,0.0,0,0.0,
BM25,1848574,1321,0.0,0.0,0.0,0.0,0.0,0.0,0,0.0,
BM25,114873,710,0.0,0.0,0.0,0.0,0.0,0.0,0,0.0,
BM25,2267564,611,0.0,0.0,0.0,0.0,0.0,0.0,0,0.0,
BM25,3173110,919,0.0,0.0,0.0,0.0,0.0,0.0,0,0.0,
BM25,3227933,132,0.0,0.0,0.0,0.0,0.0,0.0,0,0.0,
BM25,3378328,1791,0.0,0.0,0.0,0.0,0.0,0.0,0,0.0,
BM25,133403,2372,0.0,0.0,0.0,0.0,0.0,0.0,0,0.0,
BM25,2381783,697,0.0,0.0,0.0,0.0,0.0,0.0,0,0.0,
BM25,2849736,357,0.0,0.0,0.0,0.0,0.0,0.0,0,0.0,
BM25,2737656,949,0.0,0.0,0.0,0.0,0.0,0.0,0,0.0,
BM25,570516,974,0.0,0.0,0.0,0.0,0.0,0.0,0,0.00513347022587269,
BM25,1003868,4364,0.0,0.0,0.0,0.0,0.0,0.0,0,0.0,
BM25,4108047,954,0.0,0.0,0.0,0.0,0.0,0.0,0,0.0,
BM25,2216762,1152,0.0,0.0,0.0,0.0,0.0,0.0,0,0.0,
BM25,2170698,1582,0.0,0.0,0.0,0.0,0.0,0.0,0,0.0,
BM25,329015,2489,0.0,0.0,0.0,0.0,0.0,0.0,0,0.0,
BM25,1371149,701,0.0,0.0,0.0,0.0,0.0,0.0,0,0.0,
BM25,4259303,3918,0.0,0.0,0.0,0.0,0.0,0.0,0,0.0,
BM25,3158632,1522,0.0,0.0,0.0,0.0,0.0,0.0,0,0.0,
BM25,5483756,619,0.0,0.0,0.0,0.0,0.0,0.0,0,0.0,
BM25,1470329,1387,0.0,0.0,0.0,0.0,0.0,0.0,0,0.0,
BM25,3504407,692,0.0,0.0,0.0,0.0,0.0,0.0,0,0.0,
BM25,3978029,1035,0.0,0.0,0.0,0.0,0.0,0.0,0,0.0,
BM25,4848204,1542,0.0,0.0,0.0,0.0,0.0,0.0,0,0.0,
BM25,2626366,673,0.0,0.0,0.0,0.0,0.0,0.0,0,0.0,
BM25,2394252,611,0.0,0.0,0.0,0.0,0.0,0.0,0,0.0,
BM25,4925629,1576,0.0,0.0,0.0,0.0,0.0,0.0,0,0.0,
BM25,131924,1484,0.0,0.0,0.0,0.0,0.0,0.0,0,0.0,
BM25,4389733,227,0.0,0.0,0.0,0.0,0.0,0.0,0,0.0,
BM25,1481006,681,0.0,0.0,0.0,0.0,0.0,0.0,0,0.0,
BM25,2572817,1240,0.0,0.0,0.0,0.0,0.0,0.0,0,0.0,
BM25,2607150,13,0.0,0.0,0.0,0.0,0.0,0.0,0,0.0,
BM25,5602650,3520,0.0,0.0,0.0,0.0,0.0,0.0,0,0.0,
BM25,441342,574,0.0,0.0,0.0,0.0,0.0,0.0,0,0.0,
BM25,3467540,1414,0.0,0.0,0.0,0.0,0.0,0.0,0,0.0007072135785007072,
BM25,1917102,1561,0.0,0.0,0.0,0.0,0.0,0.0,0,0.0012812299807815502,
BM25,5669909,1191,0.0,0.0,0.0,0.0,0.0,0.0,0,0.0,
BM25,4817739,2016,0.0,0.0,0.0,0.0,0.0,0.0,0,0.0,
BM25,3579104,211,0.0,0.0,0.0,0.0,0.0,0.0,0,0.0,
BM25,2091789,1408,0.0,0.0,0.0,0.0,0.0,0.0,0,0.0,
BM25,2860888,419,0.0,0.0,0.0,0.0,0.0,0.0,0,0.0,
BM25,464025,1658,0.0,0.0,0.0,0.0,0.0,0.0,0,0.0,
BM25,5966834,2384,0.0,0.0,0.0,0.0,0.0,0.0,0,0.0,
BM25,4101141,448,0.0,0.0,0.0,0.0,0.0,0.0,0,0.0,
BM25,1018172,379,0.0,0.0,0.0,0.0,0.0,0.0,0,0.0,
BM25,4459676,2090,0.0,0.0,0.0,0.0,0.0,0.0,0,0.0,
BM25,6333575,983,0.0,0.0,0.0,0.0,0.0,0.0,0,0.0,
BM25,262161,1481,0.0,0.0,0.0,0.0,0.0,0.0,0,0.0,
BM25,2354370,619,0.0,0.0,0.0,0.0,0.0,0.0,0,0.0,
BM25,527910,1452,0.0,0.0,0.0,0.0,0.0,0.0,0,0.0,
BM25,2255639,2031,0.0,0.0,0.0,0.0,0.0,0.0,0,0.0,
BM25,541811,532,0.0,0.0,0.0,0.0,0.0,0.0,0,0.0,
BM25,583256,691,0.0,0.0,0.0,0.0,0.0,0.0,0,0.0,
BM25,4127095,3918,0.0,0.0,0.0,0.0,0.0,0.0,0,0.0,
BM25,4872862,1125,0.0,0.0,0.0,0.0,0.0,0.0,0,0.0,
BM25,1211754,1576,0.0,0.0,0.0,0.0,0.0,0.0,0,0.0,
BM25,1851445,1006,0.0,0.0,0.0,0.0,0.0,0.0,0,0.0,
BM25,5605815,2706,0.0,0.0,0.0,0.0,0.0,0.0,0,0.0,
BM25,1404683,398,0.0,0.0,0.0,0.0,0.0,0.0,0,0.0,
BM25,4079683,1565,0.0,0.0,0.0,0.0,0.0,0.0,0,0.0,
BM25,3331871,619,0.0,0.0,0.0,0.0,0.0,0.0,0,0.0,
BM25,3795207,4914,0.0,0.0,0.0,0.0,0.0,0.0,0,0.0,
BM25,5271262,552,0.0,0.0,0.0,0.0,0.0,0.0,0,0.0,
BM25,1728132,2547,0.0,0.0,0.0,0.0,0.0,0.0,0,0.0,
BM25,4907076,29,0.0,0.0,0.0,0.0,0.0,0.0,0,0.0,
BM25,1284155,983,0.0,0.0,0.0,0.0,0.0,0.0,0,0.0,
BM25,5322075,1321,0.0,0.0,0.0,0.0,0.0,0.0,0,0.0,
BM25,2185446,822,0.0,0.0,0.0,0.0,0.0,0.0,0,0.0,
BM25,144272,7,0.0,0.0,0.0,0.0,0.0,0.0,0,0.0,
BM25,5733342,928,0.0,0.0,0.0,0.0,0.0,0.0,0,0.0,
BM25,6155859,1980,0.0,0.0,0.0,0.0,0.0,0.0,0,0.0,
BM25,631174,2487,0.0,0.0,0.0,0.0,0.0,0.0,0,0.0,
BM25,2253001,1035,0.0,0.0,0.0,0.0,0.0,0.0,0,0.0,
BM25,1072810,2817,0.0,0.0,0.0,0.0,0.0,0.0,0,0.0,
BM25,382577,1972,0.0,0.0,0.0,0.0,0.0,0.0,0,0.0,
BM25,1125455,1512,0.0,0.0,0.0,0.0,0.0,0.0,0,0.0,
BM25,4338937,6975,0.0,0.0,0.0,0.0,0.0,0.0,0,0.0,
BM25,4422428,199,0.0,0.0,0.0,0.0,0.0,0.0,0,0.0,
BM25,4082142,1271,0.0,0.0,0.0,0.0,0.0,0.0,0,0.0,
BM25,483921,243,0.0,0.0,0.0,0.0,0.0,0.0,0,0.0,
BM25,2351278,2462,0.0,0.0,0.0,0.0,0.0,0.0,0,0.0,
BM25,2457668,3026,0.0,0.0,0.0,0.0,0.0,0.0,0,0.0,
BM25,6079444,2360,0.0,0.0,0.0,0.0,0.0,0.0,0,0.0,
BM25,1679576,939,0.0,0.0,0.0,0.0,0.0,0.0,0,0.0,
BM25,5785923,2935,0.0,0.0,0.0,0.0,0.0,0.0,0,0.0,
BM25,5039203,1574,0.0,0.0,0.0,0.0,0.0,0.0,0,0.0,
BM25,5828929,160,0.0,0.0,0.0,0.0,0.0,0.0,0,0.0,
BM25,1145657,1737,0.0,0.0,0.0,0.0,0.0,0.0,0,0.0,
BM25,2351599,5152,0.0,0.0,0.0,0.0,0.0,0.0,0,0.0,
BM25,544321,4821,0.0,0.0,0.0,0.0,0.0,0.0,0,0.0,
BM25,2010779,1518,0.0,0.0,0.0,0.0,0.0,0.0,0,0.0,
BM25,3533868,19,0.0,0.0,0.0,0.0,0.0,0.0,0,0.0,
BM25,3050557,2315,0.0,0.0,0.0,0.0,0.0,0.0,0,0.0,
BM25,4239886,2073,0.0,0.0,0.0,0.0,0.0,0.0,0,0.0,
BM25,2567125,116,0.0,0.0,0.0,0.0,0.0,0.0,0,0.0,
BM25,6341076,1119,0.0,0.0,0.0,0.0,0.0,0.0,0,0.0,
BM25,239464,2871,0.0,0.0,0.0,0.0,0.0,0.0,0,0.0,
BM25,1085625,2115,0.0,0.0,0.0,0.0,0.0,0.0,0,0.0,
BM25,252574,919,0.0,0.0,0.0,0.0,0.0,0.0,0,0.0,
BM25,4775767,1811,0.0,0.0,0.0,0.0,0.0,0.0,0,0.0,
BM25,2352421,695,0.0,0.0,0.0,0.0,0.0,0.0,0,0.0,
BM25,443487,5629,0.0,0.0,0.0,0.0,0.0,0.0,0,0.0,
BM25,4147273,3704,0.0,0.0,0.0,0.0,0.0,0.0,0,0.0,
BM25,4389381,1489,0.0,0.0,0.0,0.0,0.0,0.0,0,0.0,
BM25,2575944,423,0.0,0.0,0.0,0.0,0.0,0.0,0,0.0,
BM25,563879,1480,0.0,0.0,0.0,0.0,0.0,0.0,0,0.0,
BM25,4672468,1404,0.0,0.0,0.0,0.0,0.0,0.0,0,0.0007122507122507123,
BM25,2753570,1760,0.0,0.0,0.0,0.0,0.0,0.0,0,0.0,
BM25,4946320,189,0.0,0.0,0.0,0.0,0.0,0.0,0,0.0,
BM25,4235441,1997,0.0,0.0,0.0,0.0,0.0,0.0,0,0.0,
BM25,1977745,348,0.0,0.0,0.0,0.0,0.0,0.0,0,0.0,
BM25,5231602,1615,0.0,0.0,0.0,0.0,0.0,0.0,0,0.0,
BM25,1146188,574,0.0,0.0,0.0,0.0,0.0,0.0,0,0.0,
BM25,5809935,46,0.0,0.0,0.0,0.0,0.0,0.0,0,0.0,
BM25,1334191,1460,0.0,0.0,0.0,0.0,0.0,0.0,0,0.0,
BM25,499389,1375,0.0,0.0,0.0,0.0,0.0,0.0,0,0.0,
BM25,2268103,1283,0.0,0.0,0.0,0.0,0.0,0.0,0,0.0,
BM25,5718400,2451,0.0,0.0,0.0,0.0,0.0,0.0,0,0.0,
BM25,4069697,1504,0.0,0.0,0.0,0.0,0.0,0.0,0,0.0,
BM25,5639753,1554,0.0,0.0,0.0,0.0,0.0,0.0,0,0.0,
BM25,4346860,1687,0.0,0.0,0.0,0.0,0.0,0.0,0,0.0,
BM25,5972324,1939,0.0,0.0,0.0,0.0,0.0,0.0,0,0.0,
BM25,4602234,1729,0.0,0.0,0.0,0.0,0.0,0.0,0,0.0,
BM25,2821445,1582,0.0,0.0,0.0,0.0,0.0,0.0,0,0.0,
BM25,1483495,1791,0.0,0.0,0.0,0.0,0.0,0.0,0,0.0,
BM25,5538472,1178,0.0,0.0,0.0,0.0,0.0,0.0,0,0.0,
BM25,5994916,850,0.0,0.0,0.0,0.0,0.0,0.0,0,0.0,
BM25,5213680,8110,0.0,0.0,0.0,0.0,0.0,0.0,0,0.0,
BM25,6214747,371,0.0,0.0,0.0,0.0,0.0,0.0,0,0.0,
BM25,1776829,1847,0.0,0.0,0.0,0.0,0.0,0.0,0,0.0,
BM25,3729268,1819,0.0,0.0,0.0,0.0,0.0,0.0,0,0.0,
BM25,5559189,1228,0.0,0.0,0.0,0.0,0.0,0.0,0,0.0,
BM25,3208189,2145,0.0,0.0,0.0,0.0,0.0,0.0,0,0.0,
BM25,5527000,1481,0.0,0.0,0.0,0.0,0.0,0.0,0,0.0,
BM25,4610979,2079,0.0,0.0,0.0,0.0,0.0,0.0,0,0.0,
BM25,4346957,1175,0.0,0.0,0.0,0.0,0.0,0.0,0,0.0,
BM25,416205,1995,0.0,0.0,0.0,0.0,0.0,0.0,0,0.0,
BM25,2438086,2028,0.0,0.0,0.0,0.0,0.0,0.0,0,0.0,
BM25,1374089,115,0.0,0.0,0.0,0.0,0.0,0.0,0,0.0,
BM25,6236609,3693,0.0,0.0,0.0,0.0,0.0,0.0,0,0.0,
BM25,544160,20,0.0,0.0,0.0,0.0,0.0,0.0,0,0.0,
BM25,2089863,2410,0.0,0.0,0.0,0.0,0.0,0.0,0,0.0,
BM25,3847613,1632,0.0,0.0,0.0,0.0,0.0,0.0,0,0.0,
BM25,1419407,1509,0.0,0.0,0.0,0.0,0.0,0.0,0,0.0,
BM25,5820128,721,0.0,0.0,0.0,0.0,0.0,0.0,0,0.0,
BM25,416465,1374,0.0,0.0,0.0,0.0,0.0,0.0,0,0.0,
BM25,3250211,3918,0.0,0.0,0.0,0.0,0.0,0.0,0,0.0,
BM25,1181554,2817,0.0,0.0,0.0,0.0,0.0,0.0,0,0.0,
BM25,4326700,791,0.0,0.0,0.0,0.0,0.0,0.0,0,0.0012642225031605564,
BM25,1866208,1003,0.0,0.0,0.0,0.0,0.0,0.0,0,0.0,
BM25,4966019,1688,0.0,0.0,0.0,0.0,0.0,0.0,0,0.0,
BM25,3734341,1995,0.0,0.0,0.0,0.0,0.0,0.0,0,0.0,
BM25,3089024,1697,0.0,0.0,0.0,0.0,0.0,0.0,0,0.0,
BM25,4563269,2126,0.0,0.0,0.0,0.0,0.0,0.0,0,0.0,
BM25,5241113,1505,0.0,0.0,0.0,0.0,0.0,0.0,0,0.0,
BM25,3957364,2792,0.0,0.0,0.0,0.0,0.0,0.0,0,0.0,
BM25,3723343,1512,0.0,0.0,0.0,0.0,0.0,0.0,0,0.0,
BM25,1218527,137,0.0,0.0,0.0,0.0,0.0,0.0,0,0.0,
BM25,3368656,953,0.0,0.0,0.0,0.0,0.0,0.0,0,0.0,
BM25,151596,374,0.0,0.0,0.0,0.0,0.0,0.0,0,0.0,
BM25,1425761,43,0.0,0.0,0.0,0.0,0.0,0.0,0,0.0,
BM25,550092,3158,0.0,0.0,0.0,0.0,0.0,0.0,0,0.0,
BM25,5786594,1220,0.0,0.0,0.0,0.0,0.0,0.0,0,0.0,
BM25,3449640,2327,0.0,0.0,0.0,0.0,0.0,0.0,0,0.0,
BM25,1828756,722,0.0,0.0,0.0,0.0,0.0,0.0,0,0.0,
BM25,3409621,1864,0.0,0.0,0.0,0.0,0.0,0.0,0,0.0,
BM25,4959077,1093,0.0,0.0,0.0,0.0,0.0,0.0,0,0.0,
BM25,3417151,1043,0.0,0.0,0.0,0.0,0.0,0.0,0,0.0,
BM25,4393988,2473,0.0,0.0,0.0,0.0,0.0,0.0,0,0.0,
BM25,2341087,1617,0.0,0.0,0.0,0.0,0.0,0.0,0,0.0,
BM25,4816123,1471,0.0,0.0,0.0,0.0,0.0,0.0,0,0.0,
BM25,2145204,1512,0.0,0.0,0.0,0.0,0.0,0.0,0,0.0,
BM25,495949,531,0.0,0.0,0.0,0.0,0.0,0.0,0,0.0,
BM25,3296939,2440,0.0,0.0,0.0,0.0,0.0,0.0,0,0.0,
BM25,4518053,1533,0.0,0.0,0.0,0.0,0.0,0.0,0,0.0,
BM25,5201624,957,0.0,0.0,0.0,0.0,0.0,0.0,0,0.0,
BM25,1656204,1374,0.0,0.0,0.0,0.0,0.0,0.0,0,0.0,
BM25,2883408,477,0.0,0.0,0.0,0.0,0.0,0.0,0,0.0,
BM25,527358,1415,0.0,0.0,0.0,0.0,0.0,0.0,0,0.0,
BM25,317466,1895,0.0,0.0,0.0,0.0,0.0,0.0,0,0.0,
BM25,3307887,2200,0.0,0.0,0.0,0.0,0.0,0.0,0,0.0,
BM25,2014017,992,0.0,0.0,0.0,0.0,0.0,0.0,0,0.0,
BM25,1495317,1576,0.0,0.0,0.0,0.0,0.0,0.0,0,0.0,
BM25,5288688,1724,0.0,0.0,0.0,0.0,0.0,0.0,0,0.0,
BM25,1946645,6791,0.0,0.0,0.0,0.0,0.0,0.0,0,0.0,
BM25,2383369,845,0.0,0.0,0.0,0.0,0.0,0.0,0,0.0,
BM25,1489898,4250,0.00023529411764705883,1.0,0.0004704775346977182,0.08457258093121646,0.00027586206896551725,0.00027586206896551725,1,0.0,
BM25,5845137,1151,0.0,0.0,0.0,0.0,0.0,0.0,0,0.0,
BM25,5490351,3073,0.0,0.0,0.0,0.0,0.0,0.0,0,0.0,
BM25,1389845,1563,0.0,0.0,0.0,0.0,0.0,0.0,0,0.0,
BM25,2223199,5502,0.0,0.0,0.0,0.0,0.0,0.0,0,0.0,
BM25,313874,974,0.0,0.0,0.0,0.0,0.0,0.0,0,0.00513347022587269,
BM25,2133704,2871,0.0,0.0,0.0,0.0,0.0,0.0,0,0.0,
BM25,1712723,5499,0.0,0.0,0.0,0.0,0.0,0.0,0,0.0,
BM25,4207095,1679,0.0,0.0,0.0,0.0,0.0,0.0,0,0.0,
BM25,4257437,52,0.0,0.0,0.0,0.0,0.0,0.0,0,0.0,
BM25,2866825,1251,0.0,0.0,0.0,0.0,0.0,0.0,0,0.0,
BM25,1698385,531,0.0,0.0,0.0,0.0,0.0,0.0,0,0.0,
BM25,3349374,547,0.0,0.0,0.0,0.0,0.0,0.0,0,0.0,
BM25,2182546,2026,0.0,0.0,0.0,0.0,0.0,0.0,0,0.0,
BM25,2053262,69,0.0,0.0,0.0,0.0,0.0,0.0,0,0.0,
BM25,4266176,1367,0.0,0.0,0.0,0.0,0.0,0.0,0,0.0,
BM25,2963158,75,0.0,0.0,0.0,0.0,0.0,0.0,0,0.0,
BM25,5458144,35,0.0,0.0,0.0,0.0,0.0,0.0,0,0.0,
BM25,3797871,856,0.0,0.0,0.0,0.0,0.0,0.0,0,0.0,
BM25,5512795,1607,0.0,0.0,0.0,0.0,0.0,0.0,0,0.0,
BM25,5499635,950,0.0,0.0,0.0,0.0,0.0,0.0,0,0.0,
BM25,1874923,2243,0.0,0.0,0.0,0.0,0.0,0.0,0,0.0,
BM25,623340,2451,0.0,0.0,0.0,0.0,0.0,0.0,0,0.0,
BM25,3288985,3685,0.0,0.0,0.0,0.0,0.0,0.0,0,0.0,
BM25,2818548,574,0.0,0.0,0.0,0.0,0.0,0.0,0,0.0,
BM25,4793901,769,0.0,0.0,0.0,0.0,0.0,0.0,0,0.0,
BM25,2305257,1347,0.0,0.0,0.0,0.0,0.0,0.0,0,0.0,
BM25,4549309,2292,0.0,0.0,0.0,0.0,0.0,0.0,0,0.0,
BM25,2972406,5630,0.0,0.0,0.0,0.0,0.0,0.0,0,0.0,
BM25,3014250,1939,0.0,0.0,0.0,0.0,0.0,0.0,0,0.0,
BM25,1672871,1387,0.0,0.0,0.0,0.0,0.0,0.0,0,0.0,
BM25,1074798,164,0.0,0.0,0.0,0.0,0.0,0.0,0,0.0,
BM25,4248795,1811,0.0,0.0,0.0,0.0,0.0,0.0,0,0.0,
BM25,6024428,864,0.0,0.0,0.0,0.0,0.0,0.0,0,0.0,
BM25,4475585,4529,0.0,0.0,0.0,0.0,0.0,0.0,0,0.0,
BM25,5979841,2357,0.0,0.0,0.0,0.0,0.0,0.0,0,0.0,
BM25,3646966,2105,0.0,0.0,0.0,0.0,0.0,0.0,0,0.0,
BM25,3134845,1697,0.0,0.0,0.0,0.0,0.0,0.0,0,0.0,
BM25,3657359,378,0.0,0.0,0.0,0.0,0.0,0.0,0,0.0,
BM25,3494751,529,0.0,0.0,0.0,0.0,0.0,0.0,0,0.0,
BM25,4012235,1897,0.0,0.0,0.0,0.0,0.0,0.0,0,0.0,
BM25,2872682,320,0.0,0.0,0.0,0.0,0.0,0.0,0,0.0,
BM25,4098349,4625,0.0,0.0,0.0,0.0,0.0,0.0,0,0.0,
BM25,1939841,3014,0.0,0.0,0.0,0.0,0.0,0.0,0,0.0,
BM25,3029287,23,0.0,0.0,0.0,0.0,0.0,0.0,0,0.0,
BM25,4270585,348,0.0,0.0,0.0,0.0,0.0,0.0,0,0.0,
BM25,6337530,2549,0.0,0.0,0.0,0.0,0.0,0.0,0,0.0,
BM25,5559447,1358,0.0,0.0,0.0,0.0,0.0,0.0,0,0.0,
BM25,2492200,5171,0.0,0.0,0.0,0.0,0.0,0.0,0,0.0,
BM25,3506958,1547,0.0,0.0,0.0,0.0,0.0,0.0,0,0.0,
BM25,4280289,53,0.0,0.0,0.0,0.0,0.0,0.0,0,0.0,
BM25,4600871,3026,0.0,0.0,0.0,0.0,0.0,0.0,0,0.0,
BM25,5478105,5122,0.0,0.0,0.0,0.0,0.0,0.0,0,0.0,
BM25,5161710,563,0.0,0.0,0.0,0.0,0.0,0.0,0,0.0,
BM25,2140677,600,0.0,0.0,0.0,0.0,0.0,0.0,0,0.0,
BM25,6244236,2156,0.0,0.0,0.0,0.0,0.0,0.0,0,0.0,
BM25,3025411,2792,0.0,0.0,0.0,0.0,0.0,0.0,0,0.0,
BM25,1210230,1064,0.0,0.0,0.0,0.0,0.0,0.0,0,0.0,
BM25,5891364,2066,0.0,0.0,0.0,0.0,0.0,0.0,0,0.0,
BM25,1716415,557,0.0,0.0,0.0,0.0,0.0,0.0,0,0.0017953321364452424,
BM25,1149463,1993,0.0,0.0,0.0,0.0,0.0,0.0,0,0.0,
BM25,4547086,106,0.0,0.0,0.0,0.0,0.0,0.0,0,0.0,
BM25,6201636,697,0.0,0.0,0.0,0.0,0.0,0.0,0,0.0,
BM25,426218,1230,0.0,0.0,0.0,0.0,0.0,0.0,0,0.0,
BM25,5116237,290,0.0,0.0,0.0,0.0,0.0,0.0,0,0.0,
BM25,3375418,1585,0.0,0.0,0.0,0.0,0.0,0.0,0,0.0,
BM25,4644312,268,0.0,0.0,0.0,0.0,0.0,0.0,0,0.0,
BM25,134842,2871,0.0,0.0,0.0,0.0,0.0,0.0,0,0.0,
BM25,4710580,370,0.0,0.0,0.0,0.0,0.0,0.0,0,0.0,
BM25,581914,42,0.0,0.0,0.0,0.0,0.0,0.0,0,0.0,
BM25,1674565,2398,0.0,0.0,0.0,0.0,0.0,0.0,0,0.0,
BM25,3369189,20,0.0,0.0,0.0,0.0,0.0,0.0,0,0.0,
BM25,5318494,3250,0.0,0.0,0.0,0.0,0.0,0.0,0,0.0,
BM25,1956956,423,0.0,0.0,0.0,0.0,0.0,0.0,0,0.0,
BM25,3584287,369,0.0,0.0,0.0,0.0,0.0,0.0,0,0.0,
BM25,5871812,1967,0.0,0.0,0.0,0.0,0.0,0.0,0,0.0,
BM25,4849183,3990,0.0,0.0,0.0,0.0,0.0,0.0,0,0.0,
BM25,5519066,53,0.0,0.0,0.0,0.0,0.0,0.0,0,0.0,
BM25,5807249,634,0.0,0.0,0.0,0.0,0.0,0.0,0,0.0,
BM25,5161178,1834,0.0,0.0,0.0,0.0,0.0,0.0,0,0.0,
BM25,3189416,1927,0.0,0.0,0.0,0.0,0.0,0.0,0,0.0,
BM25,5093856,961,0.0,0.0,0.0,0.0,0.0,0.0,0,0.0,
BM25,14081,977,0.0,0.0,0.0,0.0,0.0,0.0,0,0.0,
BM25,3371797,1963,0.0,0.0,0.0,0.0,0.0,0.0,0,0.0,
BM25,6009715,1917,0.0,0.0,0.0,0.0,0.0,0.0,0,0.0,
BM25,5130169,2430,0.0,0.0,0.0,0.0,0.0,0.0,0,0.0,
BM25,4536966,697,0.0,0.0,0.0,0.0,0.0,0.0,0,0.0,
BM25,5141891,5041,0.0,0.0,0.0,0.0,0.0,0.0,0,0.0,
BM25,1056367,1518,0.0,0.0,0.0,0.0,0.0,0.0,0,0.0,
BM25,3054306,1136,0.0,0.0,0.0,0.0,0.0,0.0,0,0.0,
BM25,1400501,199,0.0,0.0,0.0,0.0,0.0,0.0,0,0.0,
BM25,2129555,2063,0.0,0.0,0.0,0.0,0.0,0.0,0,0.0,
BM25,2277682,405,0.0,0.0,0.0,0.0,0.0,0.0,0,0.0,
BM25,5216541,378,0.0,0.0,0.0,0.0,0.0,0.0,0,0.0,
BM25,2045127,1945,0.0,0.0,0.0,0.0,0.0,0.0,0,0.0,
BM25,4656891,2103,0.0,0.0,0.0,0.0,0.0,0.0,0,0.0,
BM25,2065591,593,0.0,0.0,0.0,0.0,0.0,0.0,0,0.0,
BM25,1131241,1956,0.0,0.0,0.0,0.0,0.0,0.0,0,0.0005112474437627812,
BM25,3917828,822,0.0,0.0,0.0,0.0,0.0,0.0,0,0.0,
BM25,2284353,2261,0.0,0.0,0.0,0.0,0.0,0.0,0,0.0,
BM25,3299760,379,0.0,0.0,0.0,0.0,0.0,0.0,0,0.0,
BM25,4048139,114,0.0,0.0,0.0,0.0,0.0,0.0,0,0.0,
BM25,2247982,864,0.0,0.0,0.0,0.0,0.0,0.0,0,0.0,
BM25,1621077,583,0.0,0.0,0.0,0.0,0.0,0.0,0,0.0,
BM25,3331144,1681,0.0,0.0,0.0,0.0,0.0,0.0,0,0.0,
BM25,1792141,5122,0.0,0.0,0.0,0.0,0.0,0.0,0,0.0,
BM25,1141676,1617,0.0,0.0,0.0,0.0,0.0,0.0,0,0.0,
BM25,1233181,856,0.0,0.0,0.0,0.0,0.0,0.0,0,0.0,
BM25,636700,1712,0.0,0.0,0.0,0.0,0.0,0.0,0,0.0,
BM25,4671892,463,0.0,0.0,0.0,0.0,0.0,0.0,0,0.0,
BM25,2096772,3212,0.0,0.0,0.0,0.0,0.0,0.0,0,0.0,
BM25,3394837,133,0.0,0.0,0.0,0.0,0.0,0.0,0,0.0,
BM25,6104666,348,0.0,0.0,0.0,0.0,0.0,0.0,0,0.0,
BM25,5315539,2157,0.0,0.0,0.0,0.0,0.0,0.0,0,0.0,
BM25,356041,4515,0.0,0.0,0.0,0.0,0.0,0.0,0,0.0,
BM25,5763739,2665,0.0,0.0,0.0,0.0,0.0,0.0,0,0.0,
BM25,2673476,2063,0.0,0.0,0.0,0.0,0.0,0.0,0,0.0,
BM25,5612772,2473,0.0,0.0,0.0,0.0,0.0,0.0,0,0.0,
BM25,5709980,199,0.0,0.0,0.0,0.0,0.0,0.0,0,0.0,
BM25,5374565,1375,0.0,0.0,0.0,0.0,0.0,0.0,0,0.0,
BM25,2967781,738,0.0,0.0,0.0,0.0,0.0,0.0,0,0.0,
BM25,5157284,1002,0.0,0.0,0.0,0.0,0.0,0.0,0,0.0,
BM25,5463212,1518,0.0,0.0,0.0,0.0,0.0,0.0,0,0.0,
BM25,2276496,7645,0.0,0.0,0.0,0.0,0.0,0.0,0,0.0,
BM25,2857216,1554,0.0,0.0,0.0,0.0,0.0,0.0,0,0.0,
BM25,4067802,2430,0.0,0.0,0.0,0.0,0.0,0.0,0,0.0,
BM25,3467850,1022,0.0,0.0,0.0,0.0,0.0,0.0,0,0.0,
BM25,1466717,2549,0.0,0.0,0.0,0.0,0.0,0.0,0,0.0,
BM25,6348401,2304,0.00043402777777777775,1.0,0.0008676789587852495,0.09094408659973935,0.0004899559039686428,0.0004899559039686428,1,0.0,
BM25,1045667,570,0.0,0.0,0.0,0.0,0.0,0.0,0,0.0,
BM25,4357655,3014,0.0,0.0,0.0,0.0,0.0,0.0,0,0.0,
BM25,5355416,8110,0.0,0.0,0.0,0.0,0.0,0.0,0,0.0,
BM25,2156003,8009,0.0,0.0,0.0,0.0,0.0,0.0,0,0.0,
BM25,1340392,243,0.0,0.0,0.0,0.0,0.0,0.0,0,0.0,
BM25,144030,292,0.0,0.0,0.0,0.0,0.0,0.0,0,0.0,
BM25,5574465,1847,0.0,0.0,0.0,0.0,0.0,0.0,0,0.0,
BM25,1549801,2072,0.0,0.0,0.0,0.0,0.0,0.0,0,0.00048262548262548264,
BM25,3096727,20,0.0,0.0,0.0,0.0,0.0,0.0,0,0.0,
BM25,266254,5267,0.0,0.0,0.0,0.0,0.0,0.0,0,0.0,
BM25,2465167,360,0.0,0.0,0.0,0.0,0.0,0.0,0,0.0,
BM25,470861,1644,0.0,0.0,0.0,0.0,0.0,0.0,0,0.0,
BM25,34557,545,0.0,0.0,0.0,0.0,0.0,0.0,0,0.0,
BM25,4838265,248,0.0,0.0,0.0,0.0,0.0,0.0,0,0.0,
BM25,4151609,1281,0.0,0.0,0.0,0.0,0.0,0.0,0,0.0,
BM25,3890237,3073,0.0,0.0,0.0,0.0,0.0,0.0,0,0.0,
BM25,6031947,777,0.0,0.0,0.0,0.0,0.0,0.0,0,0.0,
BM25,1934038,673,0.0,0.0,0.0,0.0,0.0,0.0,0,0.0,
BM25,14039,859,0.0,0.0,0.0,0.0,0.0,0.0,0,0.0,
BM25,6019659,845,0.0,0.0,0.0,0.0,0.0,0.0,0,0.0,
BM25,5860328,1482,0.0,0.0,0.0,0.0,0.0,0.0,0,0.0006747638326585695,
BM25,6123851,110,0.0,0.0,0.0,0.0,0.0,0.0,0,0.00909090909090909,
BM25,5004568,2880,0.0,0.0,0.0,0.0,0.0,0.0,0,0.0,
BM25,3834869,2279,0.0,0.0,0.0,0.0,0.0,0.0,0,0.0,
BM25,3312569,793,0.0,0.0,0.0,0.0,0.0,0.0,0,0.0,
BM25,2540577,768,0.0,0.0,0.0,0.0,0.0,0.0,0,0.0,
BM25,2329040,1411,0.0,0.0,0.0,0.0,0.0,0.0,0,0.0007087172218284905,
BM25,3827249,7645,0.0,0.0,0.0,0.0,0.0,0.0,0,0.0,
BM25,6238444,968,0.0,0.0,0.0,0.0,0.0,0.0,0,0.005165289256198347,
BM25,5537725,2871,0.0,0.0,0.0,0.0,0.0,0.0,0,0.0,
BM25,2150872,3163,0.0,0.0,0.0,0.0,0.0,0.0,0,0.0,
BM25,5375968,961,0.0,0.0,0.0,0.0,0.0,0.0,0,0.0,
BM25,2412075,372,0.0,0.0,0.0,0.0,0.0,0.0,0,0.0,
BM25,4711167,2009,0.0,0.0,0.0,0.0,0.0,0.0,0,0.0,
BM25,5656940,2016,0.0,0.0,0.0,0.0,0.0,0.0,0,0.0,
BM25,4298954,370,0.0,0.0,0.0,0.0,0.0,0.0,0,0.0,
BM25,1459856,4274,0.0,0.0,0.0,0.0,0.0,0.0,0,0.0,
BM25,6085026,1522,0.0,0.0,0.0,0.0,0.0,0.0,0,0.0,
BM25,4987229,192,0.0,0.0,0.0,0.0,0.0,0.0,0,0.0,
BM25,2111910,9987,0.0,0.0,0.0,0.0,0.0,0.0,0,0.0,
BM25,6019970,618,0.0,0.0,0.0,0.0,0.0,0.0,0,0.0,
BM25,4736213,929,0.0,0.0,0.0,0.0,0.0,0.0,0,0.0,
BM25,1470710,4883,0.0,0.0,0.0,0.0,0.0,0.0,0,0.0,
BM25,2525335,1834,0.0,0.0,0.0,0.0,0.0,0.0,0,0.0,
BM25,3076814,2089,0.0,0.0,0.0,0.0,0.0,0.0,0,0.0,
BM25,4497077,1990,0.0,0.0,0.0,0.0,0.0,0.0,0,0.0,
BM25,1484311,557,0.0,0.0,0.0,0.0,0.0,0.0,0,0.0017953321364452424,
BM25,3130029,1481,0.0,0.0,0.0,0.0,0.0,0.0,0,0.0,
BM25,1411378,1591,0.0,0.0,0.0,0.0,0.0,0.0,0,0.0,
BM25,4631905,552,0.0,0.0,0.0,0.0,0.0,0.0,0,0.0,
BM25,4547288,992,0.0,0.0,0.0,0.0,0.0,0.0,0,0.0,
BM25,468377,731,0.0,0.0,0.0,0.0,0.0,0.0,0,0.0,
BM25,5245704,2172,0.0,0.0,0.0,0.0,0.0,0.0,0,0.0,
BM25,2571620,1554,0.0,0.0,0.0,0.0,0.0,0.0,0,0.0,
BM25,3633749,2126,0.0,0.0,0.0,0.0,0.0,0.0,0,0.0,
BM25,4271222,701,0.0,0.0,0.0,0.0,0.0,0.0,0,0.0,
BM25,3486001,1591,0.0,0.0,0.0,0.0,0.0,0.0,0,0.0,
BM25,5069519,477,0.0,0.0,0.0,0.0,0.0,0.0,0,0.0,
BM25,1216804,1582,0.0,0.0,0.0,0.0,0.0,0.0,0,0.0,
BM25,4112705,2655,0.0,0.0,0.0,0.0,0.0,0.0,0,0.0,
BM25,3737610,625,0.0,0.0,0.0,0.0,0.0,0.0,0,0.0,
BM25,4154683,2462,0.0,0.0,0.0,0.0,0.0,0.0,0,0.0,
BM25,3730430,137,0.0,0.0,0.0,0.0,0.0,0.0,0,0.0,
BM25,4237791,1429,0.0,0.0,0.0,0.0,0.0,0.0,0,0.0,
BM25,2573332,463,0.0,0.0,0.0,0.0,0.0,0.0,0,0.0,
BM25,106544,1895,0.0,0.0,0.0,0.0,0.0,0.0,0,0.0,
BM25,1334134,1970,0.0,0.0,0.0,0.0,0.0,0.0,0,0.0,
BM25,4497363,27,0.0,0.0,0.0,0.0,0.0,0.0,0,0.0,
BM25,6002614,2106,0.0,0.0,0.0,0.0,0.0,0.0,0,0.0,
BM25,4211860,2243,0.0,0.0,0.0,0.0,0.0,0.0,0,0.0,
BM25,3580359,7226,0.0,0.0,0.0,0.0,0.0,0.0,0,0.0,
BM25,4382311,2731,0.0003661662394727206,1.0,0.0007320644216691068,0.09276679355505325,0.0005691519635742744,0.0005691519635742744,1,0.0003661662394727206,
BM25,4431314,3247,0.0,0.0,0.0,0.0,0.0,0.0,0,0.0,
BM25,4241244,160,0.0,0.0,0.0,0.0,0.0,0.0,0,0.0,
BM25,4196959,905,0.0,0.0,0.0,0.0,0.0,0.0,0,0.0,
BM25,1949648,187,0.0,0.0,0.0,0.0,0.0,0.0,0,0.0,
BM25,5078384,3928,0.0,0.0,0.0,0.0,0.0,0.0,0,0.0,
BM25,5097701,3014,0.0,0.0,0.0,0.0,0.0,0.0,0,0.0,
BM25,1451762,1881,0.0,0.0,0.0,0.0,0.0,0.0,0,0.0,
BM25,6002684,1730,0.0,0.0,0.0,0.0,0.0,0.0,0,0.0,
BM25,5825909,974,0.0,0.0,0.0,0.0,0.0,0.0,0,0.00513347022587269,
BM25,4496667,60,0.0,0.0,0.0,0.0,0.0,0.0,0,0.0,
BM25,5255518,345,0.0,0.0,0.0,0.0,0.0,0.0,0,0.0,
BM25,2440457,851,0.0,0.0,0.0,0.0,0.0,0.0,0,0.0,
BM25,1671070,68,0.0,0.0,0.0,0.0,0.0,0.0,0,0.0,
BM25,4131094,3226,0.0,0.0,0.0,0.0,0.0,0.0,0,0.0,
BM25,3152728,1927,0.0,0.0,0.0,0.0,0.0,0.0,0,0.0,
BM25,289549,2008,0.0,0.0,0.0,0.0,0.0,0.0,0,0.0,
BM25,1506519,1518,0.0,0.0,0.0,0.0,0.0,0.0,0,0.0,
BM25,3516831,1367,0.0,0.0,0.0,0.0,0.0,0.0,0,0.0,
BM25,1509884,2596,0.0,0.0,0.0,0.0,0.0,0.0,0,0.0,
BM25,3449914,20,0.0,0.0,0.0,0.0,0.0,0.0,0,0.0,
BM25,5452715,1207,0.0,0.0,0.0,0.0,0.0,0.0,0,0.0,
BM25,1220618,770,0.0,0.0,0.0,0.0,0.0,0.0,0,0.0,
BM25,1711487,20,0.0,0.0,0.0,0.0,0.0,0.0,0,0.0,
BM25,5475534,2454,0.0,0.0,0.0,0.0,0.0,0.0,0,0.0,
BM25,5446866,1623,0.0,0.0,0.0,0.0,0.0,0.0,0,0.0,
BM25,4222138,1502,0.0,0.0,0.0,0.0,0.0,0.0,0,0.0,
BM25,427641,2211,0.0,0.0,0.0,0.0,0.0,0.0,0,0.0,
BM25,2497872,800,0.0,0.0,0.0,0.0,0.0,0.0,0,0.0,
BM25,6268528,954,0.0,0.0,0.0,0.0,0.0,0.0,0,0.0,
BM25,5523895,271,0.0,0.0,0.0,0.0,0.0,0.0,0,0.0,
BM25,5012075,1117,0.0,0.0,0.0,0.0,0.0,0.0,0,0.0,
BM25,629903,367,0.0,0.0,0.0,0.0,0.0,0.0,0,0.0,
BM25,618954,4529,0.0,0.0,0.0,0.0,0.0,0.0,0,0.0,
BM25,1747307,4574,0.0,0.0,0.0,0.0,0.0,0.0,0,0.0,
BM25,2663232,3693,0.0,0.0,0.0,0.0,0.0,0.0,0,0.0,
BM25,5109015,620,0.0,0.0,0.0,0.0,0.0,0.0,0,0.0,
BM25,398287,344,0.0,0.0,0.0,0.0,0.0,0.0,0,0.0,
BM25,374300,130,0.0,0.0,0.0,0.0,0.0,0.0,0,0.0,
BM25,4965925,967,0.0,0.0,0.0,0.0,0.0,0.0,0,0.005170630816959669,
BM25,3337510,1178,0.0,0.0,0.0,0.0,0.0,0.0,0,0.0,
BM25,4071243,3026,0.0,0.0,0.0,0.0,0.0,0.0,0,0.0,
BM25,2944561,1370,0.0,0.0,0.0,0.0,0.0,0.0,0,0.0,
BM25,6334469,1249,0.0,0.0,0.0,0.0,0.0,0.0,0,0.0,
BM25,4710152,2419,0.0,0.0,0.0,0.0,0.0,0.0,0,0.0,
BM25,4019189,4675,0.0,0.0,0.0,0.0,0.0,0.0,0,0.0,
BM25,1008960,981,0.0,0.0,0.0,0.0,0.0,0.0,0,0.0,
BM25,385828,2089,0.0,0.0,0.0,0.0,0.0,0.0,0,0.0,
BM25,2398763,110,0.0,0.0,0.0,0.0,0.0,0.0,0,0.00909090909090909,
BM25,5749657,337,0.0,0.0,0.0,0.0,0.0,0.0,0,0.0,
BM25,2564110,1679,0.0,0.0,0.0,0.0,0.0,0.0,0,0.0,
BM25,248965,581,0.0,0.0,0.0,0.0,0.0,0.0,0,0.0,
BM25,2553883,3026,0.0,0.0,0.0,0.0,0.0,0.0,0,0.0,
BM25,1109802,5094,0.0,0.0,0.0,0.0,0.0,0.0,0,0.0,
BM25,4244456,505,0.0,0.0,0.0,0.0,0.0,0.0,0,0.0,
BM25,6228621,447,0.0,0.0,0.0,0.0,0.0,0.0,0,0.0,
BM25,5017515,586,0.0,0.0,0.0,0.0,0.0,0.0,0,0.0,
BM25,118186,2072,0.0,0.0,0.0,0.0,0.0,0.0,0,0.00048262548262548264,
BM25,1486403,532,0.0,0.0,0.0,0.0,0.0,0.0,0,0.0,
BM25,3886844,1441,0.0,0.0,0.0,0.0,0.0,0.0,0,0.0,
BM25,1332237,155,0.0,0.0,0.0,0.0,0.0,0.0,0,0.0,
BM25,5089218,1515,0.0,0.0,0.0,0.0,0.0,0.0,0,0.0006600660066006601,
BM25,252193,0,0.0,0.0,0.0,0.0,0.0,0.0,0,0.0,
BM25,4677589,1900,0.0,0.0,0.0,0.0,0.0,0.0,0,0.0005263157894736842,
BM25,4192405,2538,0.0,0.0,0.0,0.0,0.0,0.0,0,0.0,
BM25,5799660,2063,0.0,0.0,0.0,0.0,0.0,0.0,0,0.0,
BM25,4499704,1079,0.0,0.0,0.0,0.0,0.0,0.0,0,0.0,
BM25,5739806,3685,0.0,0.0,0.0,0.0,0.0,0.0,0,0.0,
BM25,4590235,6,0.0,0.0,0.0,0.0,0.0,0.0,0,0.0,
BM25,2882474,1856,0.0,0.0,0.0,0.0,0.0,0.0,0,0.0,
BM25,1456935,983,0.0,0.0,0.0,0.0,0.0,0.0,0,0.0,
BM25,5273871,594,0.0,0.0,0.0,0.0,0.0,0.0,0,0.0,
BM25,2775930,1183,0.0,0.0,0.0,0.0,0.0,0.0,0,0.0,
BM25,4287619,2473,0.0,0.0,0.0,0.0,0.0,0.0,0,0.0,
BM25,307373,4216,0.0,0.0,0.0,0.0,0.0,0.0,0,0.0,
BM25,4921122,880,0.0,0.0,0.0,0.0,0.0,0.0,0,0.0,
BM25,1140444,1886,0.0,0.0,0.0,0.0,0.0,0.0,0,0.0,
BM25,2380941,983,0.0,0.0,0.0,0.0,0.0,0.0,0,0.0,
BM25,2964885,1684,0.0,0.0,0.0,0.0,0.0,0.0,0,0.0,
BM25,1409524,950,0.0,0.0,0.0,0.0,0.0,0.0,0,0.0,
BM25,3952935,2486,0.0,0.0,0.0,0.0,0.0,0.0,0,0.0,
BM25,4065797,2845,0.0,0.0,0.0,0.0,0.0,0.0,0,0.0,
BM25,1987019,1577,0.0,0.0,0.0,0.0,0.0,0.0,0,0.0,
BM25,3944044,941,0.0,0.0,0.0,0.0,0.0,0.0,0,0.0,
BM25,5245492,697,0.0,0.0,0.0,0.0,0.0,0.0,0,0.0,
BM25,1906998,27,0.0,0.0,0.0,0.0,0.0,0.0,0,0.0,
BM25,2070689,749,0.0,0.0,0.0,0.0,0.0,0.0,0,0.0,
BM25,4479260,3425,0.0,0.0,0.0,0.0,0.0,0.0,0,0.0,
BM25,5287891,52,0.0,0.0,0.0,0.0,0.0,0.0,0,0.0,
BM25,5282651,787,0.0,0.0,0.0,0.0,0.0,0.0,0,0.0,
BM25,2659553,1955,0.0,0.0,0.0,0.0,0.0,0.0,0,0.0,
BM25,2947113,1653,0.0,0.0,0.0,0.0,0.0,0.0,0,0.0006049606775559589,
BM25,4164689,4470,0.0,0.0,0.0,0.0,0.0,0.0,0,0.0,
BM25,5746950,709,0.0,0.0,0.0,0.0,0.0,0.0,0,0.0,
BM25,459476,1653,0.0,0.0,0.0,0.0,0.0,0.0,0,0.0006049606775559589,
BM25,5976027,1353,0.0,0.0,0.0,0.0,0.0,0.0,0,0.0,
BM25,1341370,1591,0.0,0.0,0.0,0.0,0.0,0.0,0,0.0,
BM25,5233318,10,0.0,0.0,0.0,0.0,0.0,0.0,0,0.0,
BM25,247695,1687,0.0,0.0,0.0,0.0,0.0,0.0,0,0.0,
BM25,5978756,978,0.0,0.0,0.0,0.0,0.0,0.0,0,0.0,
BM25,6018740,1819,0.0,0.0,0.0,0.0,0.0,0.0,0,0.0,
BM25,4379005,23,0.0,0.0,0.0,0.0,0.0,0.0,0,0.0,
BM25,1358442,239,0.0,0.0,0.0,0.0,0.0,0.0,0,0.0,
BM25,2396449,3026,0.0,0.0,0.0,0.0,0.0,0.0,0,0.0,
BM25,1162415,2011,0.0,0.0,0.0,0.0,0.0,0.0,0,0.0004972650422675286,
BM25,1744672,1528,0.0,0.0,0.0,0.0,0.0,0.0,0,0.0,
BM25,1140078,20,0.0,0.0,0.0,0.0,0.0,0.0,0,0.0,
BM25,3106757,1811,0.0,0.0,0.0,0.0,0.0,0.0,0,0.0,
BM25,1003655,2202,0.0,0.0,0.0,0.0,0.0,0.0,0,0.0,
BM25,1704209,1635,0.0,0.0,0.0,0.0,0.0,0.0,0,0.0,
BM25,5704761,557,0.0,0.0,0.0,0.0,0.0,0.0,0,0.0017953321364452424,
BM25,5531947,807,0.0,0.0,0.0,0.0,0.0,0.0,0,0.0,
BM25,3045502,1632,0.0,0.0,0.0,0.0,0.0,0.0,0,0.0,
BM25,623100,5197,0.0,0.0,0.0,0.0,0.0,0.0,0,0.0,
BM25,2642439,1766,0.0,0.0,0.0,0.0,0.0,0.0,0,0.0,
BM25,5276254,1563,0.0,0.0,0.0,0.0,0.0,0.0,0,0.0,
BM25,1704362,1235,0.0,0.0,0.0,0.0,0.0,0.0,0,0.0,
BM25,3028180,1415,0.0,0.0,0.0,0.0,0.0,0.0,0,0.0,
BM25,1444620,1615,0.0,0.0,0.0,0.0,0.0,0.0,0,0.0,
BM25,3150630,2871,0.0,0.0,0.0,0.0,0.0,0.0,0,0.0,
BM25,2272178,1484,0.0,0.0,0.0,0.0,0.0,0.0,0,0.0,
BM25,5427227,1687,0.0,0.0,0.0,0.0,0.0,0.0,0,0.0,
BM25,4313573,8729,0.0,0.0,0.0,0.0,0.0,0.0,0,0.0,
BM25,5798963,1079,0.0,0.0,0.0,0.0,0.0,0.0,0,0.0,
BM25,5919132,992,0.0,0.0,0.0,0.0,0.0,0.0,0,0.0,
BM25,325775,864,0.0,0.0,0.0,0.0,0.0,0.0,0,0.0,
BM25,2284504,925,0.0,0.0,0.0,0.0,0.0,0.0,0,0.0,
BM25,323727,780,0.0,0.0,0.0,0.0,0.0,0.0,0,0.0,
BM25,2367373,2164,0.0,0.0,0.0,0.0,0.0,0.0,0,0.0,
BM25,2818639,650,0.0,0.0,0.0,0.0,0.0,0.0,0,0.0,
BM25,4730229,6250,0.0,0.0,0.0,0.0,0.0,0.0,0,0.0,
BM25,3908695,2474,0.0,0.0,0.0,0.0,0.0,0.0,0,0.0,
BM25,5142481,498,0.0,0.0,0.0,0.0,0.0,0.0,0,0.0,
BM25,5726137,2792,0.0,0.0,0.0,0.0,0.0,0.0,0,0.0,
BM25,5029187,2813,0.0,0.0,0.0,0.0,0.0,0.0,0,0.0,
BM25,2147283,851,0.0,0.0,0.0,0.0,0.0,0.0,0,0.0,
BM25,2047468,1358,0.0,0.0,0.0,0.0,0.0,0.0,0,0.0,
BM25,4513386,3976,0.0,0.0,0.0,0.0,0.0,0.0,0,0.0,
BM25,2295012,807,0.0,0.0,0.0,0.0,0.0,0.0,0,0.0,
BM25,1193461,3386,0.0,0.0,0.0,0.0,0.0,0.0,0,0.0,
BM25,4289882,1536,0.0,0.0,0.0,0.0,0.0,0.0,0,0.0,
BM25,450211,1778,0.0,0.0,0.0,0.0,0.0,0.0,0,0.0,
BM25,6106194,80,0.0,0.0,0.0,0.0,0.0,0.0,0,0.0,
BM25,5150046,5587,0.0,0.0,0.0,0.0,0.0,0.0,0,0.0,
BM25,4659608,13,0.0,0.0,0.0,0.0,0.0,0.0,0,0.0,
BM25,1326539,372,0.0,0.0,0.0,0.0,0.0,0.0,0,0.0,
BM25,4370797,864,0.0,0.0,0.0,0.0,0.0,0.0,0,0.0,
BM25,3954786,35,0.0,0.0,0.0,0.0,0.0,0.0,0,0.0,
BM25,1313562,1518,0.0,0.0,0.0,0.0,0.0,0.0,0,0.0,
BM25,5360190,1963,0.0,0.0,0.0,0.0,0.0,0.0,0,0.0,
BM25,2154201,1871,0.0,0.0,0.0,0.0,0.0,0.0,0,0.0,
BM25,5802495,575,0.0,0.0,0.0,0.0,0.0,0.0,0,0.0,
BM25,442927,1315,0.0,0.0,0.0,0.0,0.0,0.0,0,0.0,
BM25,4708186,419,0.0,0.0,0.0,0.0,0.0,0.0,0,0.0,
BM25,4185516,52,0.0,0.0,0.0,0.0,0.0,0.0,0,0.0,
BM25,6065753,1975,0.0,0.0,0.0,0.0,0.0,0.0,0,0.0,
BM25,5599908,368,0.0,0.0,0.0,0.0,0.0,0.0,0,0.0,
BM25,4944787,943,0.0,0.0,0.0,0.0,0.0,0.0,0,0.0,
BM25,6252676,2063,0.0,0.0,0.0,0.0,0.0,0.0,0,0.0,
BM25,30491,3026,0.0,0.0,0.0,0.0,0.0,0.0,0,0.0,
BM25,5223234,944,0.0,0.0,0.0,0.0,0.0,0.0,0,0.0,
BM25,617680,1129,0.0,0.0,0.0,0.0,0.0,0.0,0,0.0,
BM25,5219299,1358,0.0,0.0,0.0,0.0,0.0,0.0,0,0.0,
BM25,2898439,2335,0.0,0.0,0.0,0.0,0.0,0.0,0,0.0,
BM25,3243817,709,0.0,0.0,0.0,0.0,0.0,0.0,0,0.0,
BM25,3021056,2958,0.0,0.0,0.0,0.0,0.0,0.0,0,0.0,
BM25,200026,532,0.0,0.0,0.0,0.0,0.0,0.0,0,0.0,
BM25,4511591,5152,0.0,0.0,0.0,0.0,0.0,0.0,0,0.0,
BM25,5843246,1591,0.0,0.0,0.0,0.0,0.0,0.0,0,0.0,
BM25,1482995,1947,0.0,0.0,0.0,0.0,0.0,0.0,0,0.0,
BM25,1118987,3163,0.0,0.0,0.0,0.0,0.0,0.0,0,0.0,
BM25,6344891,3026,0.0,0.0,0.0,0.0,0.0,0.0,0,0.0,
BM25,3201824,2454,0.0,0.0,0.0,0.0,0.0,0.0,0,0.0,
BM25,3911637,574,0.0,0.0,0.0,0.0,0.0,0.0,0,0.0,
BM25,5325451,130,0.0,0.0,0.0,0.0,0.0,0.0,0,0.0,
BM25,4221125,1108,0.0,0.0,0.0,0.0,0.0,0.0,0,0.0,
BM25,2200424,1133,0.0,0.0,0.0,0.0,0.0,0.0,0,0.0,
BM25,1379072,243,0.0,0.0,0.0,0.0,0.0,0.0,0,0.0,
BM25,4852704,927,0.0,0.0,0.0,0.0,0.0,0.0,0,0.0,
BM25,488165,925,0.0,0.0,0.0,0.0,0.0,0.0,0,0.0,
BM25,3577571,1881,0.0,0.0,0.0,0.0,0.0,0.0,0,0.0,
BM25,5044872,2487,0.0,0.0,0.0,0.0,0.0,0.0,0,0.0,
BM25,5921798,1780,0.0,0.0,0.0,0.0,0.0,0.0,0,0.0,
BM25,1807641,199,0.0,0.0,0.0,0.0,0.0,0.0,0,0.0,
BM25,4186465,1505,0.0,0.0,0.0,0.0,0.0,0.0,0,0.0,
BM25,3969739,1321,0.0,0.0,0.0,0.0,0.0,0.0,0,0.0,
BM25,1784190,1484,0.0,0.0,0.0,0.0,0.0,0.0,0,0.0,
BM25,3451282,425,0.0,0.0,0.0,0.0,0.0,0.0,0,0.0,
BM25,4602526,822,0.0,0.0,0.0,0.0,0.0,0.0,0,0.0,
BM25,6094792,1688,0.0,0.0,0.0,0.0,0.0,0.0,0,0.0,
BM25,2099269,992,0.0,0.0,0.0,0.0,0.0,0.0,0,0.0,
BM25,5995908,38,0.0,0.0,0.0,0.0,0.0,0.0,0,0.0,
BM25,5688213,2625,0.0,0.0,0.0,0.0,0.0,0.0,0,0.0,
BM25,3758627,673,0.0,0.0,0.0,0.0,0.0,0.0,0,0.0,
BM25,2999367,822,0.0,0.0,0.0,0.0,0.0,0.0,0,0.0,
BM25,5835162,681,0.0,0.0,0.0,0.0,0.0,0.0,0,0.0,
BM25,1169611,2008,0.0,0.0,0.0,0.0,0.0,0.0,0,0.0,
BM25,2242006,3684,0.0,0.0,0.0,0.0,0.0,0.0,0,0.0,
BM25,2100845,1171,0.0,0.0,0.0,0.0,0.0,0.0,0,0.0,
BM25,1179775,1995,0.0,0.0,0.0,0.0,0.0,0.0,0,0.0,
BM25,2337021,1898,0.0,0.0,0.0,0.0,0.0,0.0,0,0.0,
BM25,5164352,2017,0.0,0.0,0.0,0.0,0.0,0.0,0,0.0,
BM25,4356762,7030,0.0,0.0,0.0,0.0,0.0,0.0,0,0.0,
BM25,2067626,5122,0.0,0.0,0.0,0.0,0.0,0.0,0,0.0,
BM25,1495570,2625,0.0,0.0,0.0,0.0,0.0,0.0,0,0.0,
BM25,3561152,290,0.0,0.0,0.0,0.0,0.0,0.0,0,0.0,
BM25,2021764,2628,0.0,0.0,0.0,0.0,0.0,0.0,0,0.0,
BM25,4339074,423,0.0,0.0,0.0,0.0,0.0,0.0,0,0.0,
BM25,5148632,721,0.0,0.0,0.0,0.0,0.0,0.0,0,0.0,
BM25,3012761,1495,0.0,0.0,0.0,0.0,0.0,0.0,0,0.0006688963210702341,
BM25,5347592,447,0.0,0.0,0.0,0.0,0.0,0.0,0,0.0,
BM25,1539123,421,0.0,0.0,0.0,0.0,0.0,0.0,0,0.0,
BM25,595893,1347,0.0,0.0,0.0,0.0,0.0,0.0,0,0.0,
BM25,4733461,364,0.0,0.0,0.0,0.0,0.0,0.0,0,0.0,
BM25,2364708,374,0.0,0.0,0.0,0.0,0.0,0.0,0,0.0,
MinHashDBSCAN,5299788,2,0.0,0.0,0.0,0.0,0.0,0.0,0,0.0,1.0
MinHashDBSCAN,6287934,3,0.0,0.0,0.0,0.0,0.0,0.0,0,0.0,1.0
MinHashDBSCAN,1011209,2,0.0,0.0,0.0,0.0,0.0,0.0,0,0.0,1.0
MinHashDBSCAN,5507504,2,0.0,0.0,0.0,0.0,0.0,0.0,0,0.0,1.0
MinHashDBSCAN,346568,2,0.0,0.0,0.0,0.0,0.0,0.0,0,0.0,1.0
MinHashDBSCAN,1203808,2,0.0,0.0,0.0,0.0,0.0,0.0,0,0.0,1.0
MinHashDBSCAN,1010335,2,0.0,0.0,0.0,0.0,0.0,0.0,0,0.0,1.0
MinHashDBSCAN,3409325,2,0.0,0.0,0.0,0.0,0.0,0.0,0,0.0,1.0
MinHashDBSCAN,4895081,2,0.0,0.0,0.0,0.0,0.0,0.0,0,0.0,1.0
MinHashDBSCAN,1397599,2,0.0,0.0,0.0,0.0,0.0,0.0,0,0.0,1.0
MinHashDBSCAN,1644652,2,0.0,0.0,0.0,0.0,0.0,0.0,0,0.0,1.0
MinHashDBSCAN,2227097,2,0.0,0.0,0.0,0.0,0.0,0.0,0,0.0,1.0
MinHashDBSCAN,3601209,2,0.0,0.0,0.0,0.0,0.0,0.0,0,0.0,1.0
MinHashDBSCAN,3711744,2,0.0,0.0,0.0,0.0,0.0,0.0,0,0.0,1.0
MinHashDBSCAN,1776679,2,0.0,0.0,0.0,0.0,0.0,0.0,0,0.0,0.5
MinHashDBSCAN,5851433,2,0.0,0.0,0.0,0.0,0.0,0.0,0,0.0,1.0
MinHashDBSCAN,4370660,2,0.0,0.0,0.0,0.0,0.0,0.0,0,0.0,1.0
MinHashDBSCAN,1040527,2,0.0,0.0,0.0,0.0,0.0,0.0,0,0.0,1.0
MinHashDBSCAN,3895110,2,0.0,0.0,0.0,0.0,0.0,0.0,0,0.0,1.0
MinHashDBSCAN,4382555,2,0.0,0.0,0.0,0.0,0.0,0.0,0,0.0,1.0
MinHashDBSCAN,5767055,2,0.0,0.0,0.0,0.0,0.0,0.0,0,0.0,1.0
MinHashDBSCAN,2966359,2,0.0,0.0,0.0,0.0,0.0,0.0,0,0.0,1.0
MinHashDBSCAN,2105501,4278,0.0,0.0,0.0,0.0,0.0,0.0,0,0.0,0.0
MinHashDBSCAN,1706796,2,0.0,0.0,0.0,0.0,0.0,0.0,0,0.0,0.5
MinHashDBSCAN,2151547,2,0.0,0.0,0.0,0.0,0.0,0.0,0,0.0,0.5
MinHashDBSCAN,4499037,2,0.0,0.0,0.0,0.0,0.0,0.0,0,0.0,0.0
MinHashDBSCAN,5590619,2,0.0,0.0,0.0,0.0,0.0,0.0,0,0.0,1.0
MinHashDBSCAN,1305866,2,0.0,0.0,0.0,0.0,0.0,0.0,0,0.0,1.0
MinHashDBSCAN,1070632,2,0.0,0.0,0.0,0.0,0.0,0.0,0,0.0,0.5
MinHashDBSCAN,1579621,2,0.0,0.0,0.0,0.0,0.0,0.0,0,0.0,1.0
MinHashDBSCAN,3353693,2,0.0,0.0,0.0,0.0,0.0,0.0,0,0.0,1.0
MinHashDBSCAN,3183267,2,0.0,0.0,0.0,0.0,0.0,0.0,0,0.0,0.0
MinHashDBSCAN,267585,2,0.0,0.0,0.0,0.0,0.0,0.0,0,0.0,0.0
MinHashDBSCAN,2208303,2,0.0,0.0,0.0,0.0,0.0,0.0,0,0.0,0.0
MinHashDBSCAN,3843978,2,0.0,0.0,0.0,0.0,0.0,0.0,0,0.0,1.0
MinHashDBSCAN,5635806,2,0.0,0.0,0.0,0.0,0.0,0.0,0,0.0,1.0
MinHashDBSCAN,1265872,2,0.0,0.0,0.0,0.0,0.0,0.0,0,0.0,1.0
MinHashDBSCAN,3677350,2,0.0,0.0,0.0,0.0,0.0,0.0,0,0.0,1.0
MinHashDBSCAN,3513416,2,0.0,0.0,0.0,0.0,0.0,0.0,0,0.0,1.0
MinHashDBSCAN,4432085,2,0.0,0.0,0.0,0.0,0.0,0.0,0,0.0,0.5
MinHashDBSCAN,3084813,2,0.0,0.0,0.0,0.0,0.0,0.0,0,0.0,1.0
MinHashDBSCAN,5679395,2,0.0,0.0,0.0,0.0,0.0,0.0,0,0.0,1.0
MinHashDBSCAN,4018265,2,0.0,0.0,0.0,0.0,0.0,0.0,0,0.0,0.0
MinHashDBSCAN,3527049,2,0.0,0.0,0.0,0.0,0.0,0.0,0,0.0,1.0
MinHashDBSCAN,1077998,2,0.0,0.0,0.0,0.0,0.0,0.0,0,0.0,1.0
MinHashDBSCAN,6219647,2,0.0,0.0,0.0,0.0,0.0,0.0,0,0.0,0.0
MinHashDBSCAN,4003778,2,0.0,0.0,0.0,0.0,0.0,0.0,0,0.0,0.5
MinHashDBSCAN,1850213,2,0.0,0.0,0.0,0.0,0.0,0.0,0,0.0,1.0
MinHashDBSCAN,3450981,2,0.0,0.0,0.0,0.0,0.0,0.0,0,0.0,1.0
MinHashDBSCAN,3421016,2,0.0,0.0,0.0,0.0,0.0,0.0,0,0.0,0.5
MinHashDBSCAN,316293,2,0.0,0.0,0.0,0.0,0.0,0.0,0,0.0,0.0
MinHashDBSCAN,2819930,4278,0.0,0.0,0.0,0.0,0.0,0.0,0,0.0,0.0
MinHashDBSCAN,5634233,2,0.0,0.0,0.0,0.0,0.0,0.0,0,0.0,1.0
MinHashDBSCAN,5984821,2,0.0,0.0,0.0,0.0,0.0,0.0,0,0.0,1.0
MinHashDBSCAN,2859729,2,0.0,0.0,0.0,0.0,0.0,0.0,0,0.0,0.0
MinHashDBSCAN,1555823,2,0.0,0.0,0.0,0.0,0.0,0.0,0,0.0,1.0
MinHashDBSCAN,1250062,2,0.0,0.0,0.0,0.0,0.0,0.0,0,0.0,1.0
MinHashDBSCAN,1682807,2,0.0,0.0,0.0,0.0,0.0,0.0,0,0.0,1.0
MinHashDBSCAN,4604261,2,0.0,0.0,0.0,0.0,0.0,0.0,0,0.0,1.0
MinHashDBSCAN,525313,2,0.0,0.0,0.0,0.0,0.0,0.0,0,0.0,1.0
MinHashDBSCAN,1340509,2,0.0,0.0,0.0,0.0,0.0,0.0,0,0.0,1.0
MinHashDBSCAN,3289123,2,0.0,0.0,0.0,0.0,0.0,0.0,0,0.0,0.5
MinHashDBSCAN,5662233,2,0.0,0.0,0.0,0.0,0.0,0.0,0,0.0,1.0
MinHashDBSCAN,3223160,2,0.0,0.0,0.0,0.0,0.0,0.0,0,0.0,1.0
MinHashDBSCAN,3258688,2,0.0,0.0,0.0,0.0,0.0,0.0,0,0.0,1.0
MinHashDBSCAN,2045751,2,0.0,0.0,0.0,0.0,0.0,0.0,0,0.0,1.0
MinHashDBSCAN,6053021,2,0.0,0.0,0.0,0.0,0.0,0.0,0,0.0,1.0
MinHashDBSCAN,1552659,2,0.0,0.0,0.0,0.0,0.0,0.0,0,0.0,0.0
MinHashDBSCAN,3714755,2,0.0,0.0,0.0,0.0,0.0,0.0,0,0.0,1.0
MinHashDBSCAN,4994038,4,0.0,0.0,0.0,0.0,0.0,0.0,0,0.0,0.75
MinHashDBSCAN,5546008,2,0.0,0.0,0.0,0.0,0.0,0.0,0,0.0,1.0
MinHashDBSCAN,5591184,2,0.0,0.0,0.0,0.0,0.0,0.0,0,0.0,0.0
MinHashDBSCAN,5019203,2,0.0,0.0,0.0,0.0,0.0,0.0,0,0.0,1.0
MinHashDBSCAN,4646715,2,0.0,0.0,0.0,0.0,0.0,0.0,0,0.0,0.0
MinHashDBSCAN,1346416,3,0.0,0.0,0.0,0.0,0.0,0.0,0,0.0,1.0
MinHashDBSCAN,4175214,2,0.0,0.0,0.0,0.0,0.0,0.0,0,0.0,1.0
MinHashDBSCAN,4011263,2,0.0,0.0,0.0,0.0,0.0,0.0,0,0.0,1.0
MinHashDBSCAN,5571959,2,0.0,0.0,0.0,0.0,0.0,0.0,0,0.0,1.0
MinHashDBSCAN,2720946,2,0.0,0.0,0.0,0.0,0.0,0.0,0,0.0,1.0
MinHashDBSCAN,3746682,2,0.0,0.0,0.0,0.0,0.0,0.0,0,0.0,1.0
MinHashDBSCAN,297891,2,0.0,0.0,0.0,0.0,0.0,0.0,0,0.0,1.0
MinHashDBSCAN,1455271,2,0.0,0.0,0.0,0.0,0.0,0.0,0,0.0,0.0
MinHashDBSCAN,5894445,2,0.0,0.0,0.0,0.0,0.0,0.0,0,0.0,1.0
MinHashDBSCAN,1241174,2,0.0,0.0,0.0,0.0,0.0,0.0,0,0.0,0.0
MinHashDBSCAN,3924770,2,0.0,0.0,0.0,0.0,0.0,0.0,0,0.0,1.0
MinHashDBSCAN,434590,2,0.0,0.0,0.0,0.0,0.0,0.0,0,0.0,1.0
MinHashDBSCAN,4695937,2,0.0,0.0,0.0,0.0,0.0,0.0,0,0.0,1.0
MinHashDBSCAN,5832927,2,0.0,0.0,0.0,0.0,0.0,0.0,0,0.0,1.0
MinHashDBSCAN,4321671,3,0.0,0.0,0.0,0.0,0.0,0.0,0,0.0,1.0
MinHashDBSCAN,5508475,2,0.0,0.0,0.0,0.0,0.0,0.0,0,0.0,0.0
MinHashDBSCAN,5324522,2,0.0,0.0,0.0,0.0,0.0,0.0,0,0.0,1.0
MinHashDBSCAN,6013566,2,0.0,0.0,0.0,0.0,0.0,0.0,0,0.0,0.0
MinHashDBSCAN,4363037,2,0.0,0.0,0.0,0.0,0.0,0.0,0,0.0,1.0
MinHashDBSCAN,5516488,2,0.0,0.0,0.0,0.0,0.0,0.0,0,0.0,1.0
MinHashDBSCAN,4972606,2,0.0,0.0,0.0,0.0,0.0,0.0,0,0.0,1.0
MinHashDBSCAN,1925113,2,0.0,0.0,0.0,0.0,0.0,0.0,0,0.0,1.0
MinHashDBSCAN,2435093,4,0.0,0.0,0.0,0.0,0.0,0.0,0,0.0,1.0
MinHashDBSCAN,2962173,2,0.0,0.0,0.0,0.0,0.0,0.0,0,0.0,1.0
MinHashDBSCAN,6386375,2,0.0,0.0,0.0,0.0,0.0,0.0,0,0.0,1.0
MinHashDBSCAN,3878668,2,0.0,0.0,0.0,0.0,0.0,0.0,0,0.0,1.0
MinHashDBSCAN,5998189,2,0.0,0.0,0.0,0.0,0.0,0.0,0,0.0,0.5
MinHashDBSCAN,3180305,2,0.0,0.0,0.0,0.0,0.0,0.0,0,0.0,1.0
MinHashDBSCAN,1515659,2,0.0,0.0,0.0,0.0,0.0,0.0,0,0.0,1.0
MinHashDBSCAN,6341489,2,0.0,0.0,0.0,0.0,0.0,0.0,0,0.0,0.5
MinHashDBSCAN,1671167,2,0.0,0.0,0.0,0.0,0.0,0.0,0,0.0,0.5
MinHashDBSCAN,5984743,2,0.0,0.0,0.0,0.0,0.0,0.0,0,0.0,0.5
MinHashDBSCAN,2119365,2,0.0,0.0,0.0,0.0,0.0,0.0,0,0.0,1.0
MinHashDBSCAN,1263837,2,0.0,0.0,0.0,0.0,0.0,0.0,0,0.0,1.0
MinHashDBSCAN,2284722,2,0.0,0.0,0.0,0.0,0.0,0.0,0,0.0,0.5
MinHashDBSCAN,1407940,2,0.0,0.0,0.0,0.0,0.0,0.0,0,0.0,1.0
MinHashDBSCAN,5136947,2,0.0,0.0,0.0,0.0,0.0,0.0,0,0.0,1.0
MinHashDBSCAN,2011460,2,0.0,0.0,0.0,0.0,0.0,0.0,0,0.0,0.5
MinHashDBSCAN,2263688,2,0.0,0.0,0.0,0.0,0.0,0.0,0,0.0,1.0
MinHashDBSCAN,1320455,2,0.0,0.0,0.0,0.0,0.0,0.0,0,0.0,1.0
MinHashDBSCAN,1773046,3,0.0,0.0,0.0,0.0,0.0,0.0,0,0.0,1.0
MinHashDBSCAN,1202815,2,0.0,0.0,0.0,0.0,0.0,0.0,0,0.0,1.0
MinHashDBSCAN,2765403,2,0.0,0.0,0.0,0.0,0.0,0.0,0,0.0,1.0
MinHashDBSCAN,1020829,2,0.0,0.0,0.0,0.0,0.0,0.0,0,0.0,1.0
MinHashDBSCAN,435424,2,0.0,0.0,0.0,0.0,0.0,0.0,0,0.0,1.0
MinHashDBSCAN,352956,2,0.0,0.0,0.0,0.0,0.0,0.0,0,0.0,1.0
MinHashDBSCAN,425874,2,0.0,0.0,0.0,0.0,0.0,0.0,0,0.0,1.0
MinHashDBSCAN,4955213,4278,0.0,0.0,0.0,0.0,0.0,0.0,0,0.0,0.0
MinHashDBSCAN,6163035,2,0.0,0.0,0.0,0.0,0.0,0.0,0,0.0,1.0
MinHashDBSCAN,3446482,3,0.0,0.0,0.0,0.0,0.0,0.0,0,0.0,1.0
MinHashDBSCAN,2409062,2,0.0,0.0,0.0,0.0,0.0,0.0,0,0.0,1.0
MinHashDBSCAN,6075455,2,0.0,0.0,0.0,0.0,0.0,0.0,0,0.0,1.0
MinHashDBSCAN,221171,2,0.0,0.0,0.0,0.0,0.0,0.0,0,0.0,1.0
MinHashDBSCAN,1708585,3,0.0,0.0,0.0,0.0,0.0,0.0,0,0.0,1.0
MinHashDBSCAN,3431872,2,0.0,0.0,0.0,0.0,0.0,0.0,0,0.0,0.5
MinHashDBSCAN,3899907,2,0.0,0.0,0.0,0.0,0.0,0.0,0,0.0,1.0
MinHashDBSCAN,333210,2,0.0,0.0,0.0,0.0,0.0,0.0,0,0.0,1.0
MinHashDBSCAN,3408817,2,0.0,0.0,0.0,0.0,0.0,0.0,0,0.0,1.0
MinHashDBSCAN,2456608,2,0.0,0.0,0.0,0.0,0.0,0.0,0,0.0,1.0
MinHashDBSCAN,1138728,2,0.0,0.0,0.0,0.0,0.0,0.0,0,0.0,1.0
MinHashDBSCAN,102381,2,0.0,0.0,0.0,0.0,0.0,0.0,0,0.0,1.0
MinHashDBSCAN,3310199,2,0.0,0.0,0.0,0.0,0.0,0.0,0,0.0,1.0
MinHashDBSCAN,384192,3,0.0,0.0,0.0,0.0,0.0,0.0,0,0.0,1.0
MinHashDBSCAN,3790054,2,0.0,0.0,0.0,0.0,0.0,0.0,0,0.0,1.0
MinHashDBSCAN,4134703,2,0.0,0.0,0.0,0.0,0.0,0.0,0,0.0,1.0
MinHashDBSCAN,114977,2,0.0,0.0,0.0,0.0,0.0,0.0,0,0.0,1.0
MinHashDBSCAN,159878,2,0.0,0.0,0.0,0.0,0.0,0.0,0,0.0,0.0
MinHashDBSCAN,4223029,2,0.0,0.0,0.0,0.0,0.0,0.0,0,0.0,0.0
MinHashDBSCAN,5211805,2,0.0,0.0,0.0,0.0,0.0,0.0,0,0.0,0.0
MinHashDBSCAN,292631,2,0.0,0.0,0.0,0.0,0.0,0.0,0,0.0,1.0
MinHashDBSCAN,1016522,2,0.0,0.0,0.0,0.0,0.0,0.0,0,0.0,1.0
MinHashDBSCAN,6351265,2,0.0,0.0,0.0,0.0,0.0,0.0,0,0.0,1.0
MinHashDBSCAN,3990258,2,0.0,0.0,0.0,0.0,0.0,0.0,0,0.0,1.0
MinHashDBSCAN,1154489,2,0.0,0.0,0.0,0.0,0.0,0.0,0,0.0,0.0
MinHashDBSCAN,5517500,2,0.0,0.0,0.0,0.0,0.0,0.0,0,0.0,0.5
MinHashDBSCAN,1952166,2,0.0,0.0,0.0,0.0,0.0,0.0,0,0.0,1.0
MinHashDBSCAN,1416349,3,0.0,0.0,0.0,0.0,0.0,0.0,0,0.0,1.0
MinHashDBSCAN,3216677,2,0.0,0.0,0.0,0.0,0.0,0.0,0,0.0,0.5
MinHashDBSCAN,5719491,2,0.0,0.0,0.0,0.0,0.0,0.0,0,0.0,1.0
MinHashDBSCAN,1341494,2,0.0,0.0,0.0,0.0,0.0,0.0,0,0.0,1.0
MinHashDBSCAN,1028197,3,0.0,0.0,0.0,0.0,0.0,0.0,0,0.0,1.0
MinHashDBSCAN,2364664,2,0.0,0.0,0.0,0.0,0.0,0.0,0,0.0,1.0
MinHashDBSCAN,4702150,2,0.0,0.0,0.0,0.0,0.0,0.0,0,0.0,1.0
MinHashDBSCAN,5210824,2,0.0,0.0,0.0,0.0,0.0,0.0,0,0.0,1.0
MinHashDBSCAN,2958343,2,0.0,0.0,0.0,0.0,0.0,0.0,0,0.0,1.0
MinHashDBSCAN,1568471,2,0.0,0.0,0.0,0.0,0.0,0.0,0,0.0,1.0
MinHashDBSCAN,3964562,3,0.0,0.0,0.0,0.0,0.0,0.0,0,0.0,0.3333333333333333
MinHashDBSCAN,1717352,2,0.0,0.0,0.0,0.0,0.0,0.0,0,0.0,1.0
MinHashDBSCAN,5837609,2,0.0,0.0,0.0,0.0,0.0,0.0,0,0.0,1.0
MinHashDBSCAN,5813041,2,0.0,0.0,0.0,0.0,0.0,0.0,0,0.0,1.0
MinHashDBSCAN,2997872,3,0.0,0.0,0.0,0.0,0.0,0.0,0,0.0,1.0
MinHashDBSCAN,3284246,2,0.0,0.0,0.0,0.0,0.0,0.0,0,0.0,1.0
MinHashDBSCAN,2130387,2,0.0,0.0,0.0,0.0,0.0,0.0,0,0.0,1.0
MinHashDBSCAN,5858213,2,0.0,0.0,0.0,0.0,0.0,0.0,0,0.0,0.0
MinHashDBSCAN,3823779,2,0.0,0.0,0.0,0.0,0.0,0.0,0,0.0,1.0
MinHashDBSCAN,4449340,2,0.0,0.0,0.0,0.0,0.0,0.0,0,0.0,1.0
MinHashDBSCAN,5242937,2,0.0,0.0,0.0,0.0,0.0,0.0,0,0.0,1.0
MinHashDBSCAN,3345443,2,0.0,0.0,0.0,0.0,0.0,0.0,0,0.0,1.0
MinHashDBSCAN,5489694,2,0.0,0.0,0.0,0.0,0.0,0.0,0,0.0,1.0
MinHashDBSCAN,3727614,2,0.0,0.0,0.0,0.0,0.0,0.0,0,0.0,1.0
MinHashDBSCAN,5725329,2,0.0,0.0,0.0,0.0,0.0,0.0,0,0.0,1.0
MinHashDBSCAN,2388017,2,0.0,0.0,0.0,0.0,0.0,0.0,0,0.0,1.0
MinHashDBSCAN,4337388,2,0.0,0.0,0.0,0.0,0.0,0.0,0,0.0,1.0
MinHashDBSCAN,4542555,2,0.0,0.0,0.0,0.0,0.0,0.0,0,0.0,1.0
MinHashDBSCAN,1742928,2,0.0,0.0,0.0,0.0,0.0,0.0,0,0.0,1.0
MinHashDBSCAN,1208620,2,0.0,0.0,0.0,0.0,0.0,0.0,0,0.0,0.0
MinHashDBSCAN,6372446,2,0.0,0.0,0.0,0.0,0.0,0.0,0,0.0,1.0
MinHashDBSCAN,3678780,2,0.0,0.0,0.0,0.0,0.0,0.0,0,0.0,1.0
MinHashDBSCAN,3637792,2,0.0,0.0,0.0,0.0,0.0,0.0,0,0.0,1.0
MinHashDBSCAN,5835632,2,0.0,0.0,0.0,0.0,0.0,0.0,0,0.0,1.0
MinHashDBSCAN,3412552,2,0.0,0.0,0.0,0.0,0.0,0.0,0,0.0,1.0
MinHashDBSCAN,3784642,2,0.0,0.0,0.0,0.0,0.0,0.0,0,0.0,1.0
MinHashDBSCAN,2249513,2,0.0,0.0,0.0,0.0,0.0,0.0,0,0.0,1.0
MinHashDBSCAN,3994629,3,0.0,0.0,0.0,0.0,0.0,0.0,0,0.0,0.6666666666666666
MinHashDBSCAN,4093193,2,0.0,0.0,0.0,0.0,0.0,0.0,0,0.0,1.0
MinHashDBSCAN,3940443,2,0.0,0.0,0.0,0.0,0.0,0.0,0,0.0,0.0
MinHashDBSCAN,5342699,2,0.0,0.0,0.0,0.0,0.0,0.0,0,0.0,1.0
MinHashDBSCAN,2983666,2,0.0,0.0,0.0,0.0,0.0,0.0,0,0.0,1.0
MinHashDBSCAN,529339,2,0.0,0.0,0.0,0.0,0.0,0.0,0,0.0,1.0
MinHashDBSCAN,2997326,2,0.0,0.0,0.0,0.0,0.0,0.0,0,0.0,1.0
MinHashDBSCAN,1181883,2,0.0,0.0,0.0,0.0,0.0,0.0,0,0.0,1.0
MinHashDBSCAN,1578571,2,0.0,0.0,0.0,0.0,0.0,0.0,0,0.0,0.0
MinHashDBSCAN,4990938,2,0.0,0.0,0.0,0.0,0.0,0.0,0,0.0,0.0
MinHashDBSCAN,5193988,2,0.0,0.0,0.0,0.0,0.0,0.0,0,0.0,1.0
MinHashDBSCAN,4171316,2,0.0,0.0,0.0,0.0,0.0,0.0,0,0.0,0.5
MinHashDBSCAN,595005,2,0.0,0.0,0.0,0.0,0.0,0.0,0,0.0,1.0
MinHashDBSCAN,2974317,2,0.0,0.0,0.0,0.0,0.0,0.0,0,0.0,1.0
MinHashDBSCAN,172332,4,0.0,0.0,0.0,0.0,0.0,0.0,0,0.0,0.75
MinHashDBSCAN,1451423,2,0.0,0.0,0.0,0.0,0.0,0.0,0,0.0,1.0
MinHashDBSCAN,2403263,2,0.0,0.0,0.0,0.0,0.0,0.0,0,0.0,1.0
MinHashDBSCAN,3335342,2,0.0,0.0,0.0,0.0,0.0,0.0,0,0.0,1.0
MinHashDBSCAN,1295286,2,0.0,0.0,0.0,0.0,0.0,0.0,0,0.0,1.0
MinHashDBSCAN,6020647,2,0.0,0.0,0.0,0.0,0.0,0.0,0,0.0,1.0
MinHashDBSCAN,5913997,2,0.0,0.0,0.0,0.0,0.0,0.0,0,0.0,0.5
MinHashDBSCAN,114290,2,0.0,0.0,0.0,0.0,0.0,0.0,0,0.0,0.0
MinHashDBSCAN,3668800,2,0.0,0.0,0.0,0.0,0.0,0.0,0,0.0,0.0
MinHashDBSCAN,4852505,3,0.0,0.0,0.0,0.0,0.0,0.0,0,0.0,1.0
MinHashDBSCAN,2667746,2,0.0,0.0,0.0,0.0,0.0,0.0,0,0.0,1.0
MinHashDBSCAN,1202645,2,0.0,0.0,0.0,0.0,0.0,0.0,0,0.0,1.0
MinHashDBSCAN,221628,2,0.0,0.0,0.0,0.0,0.0,0.0,0,0.0,1.0
MinHashDBSCAN,5892697,4,0.0,0.0,0.0,0.0,0.0,0.0,0,0.0,1.0
MinHashDBSCAN,3420522,2,0.0,0.0,0.0,0.0,0.0,0.0,0,0.0,1.0
MinHashDBSCAN,5375356,2,0.0,0.0,0.0,0.0,0.0,0.0,0,0.0,1.0
MinHashDBSCAN,4556631,2,0.0,0.0,0.0,0.0,0.0,0.0,0,0.0,1.0
MinHashDBSCAN,3880043,3,0.0,0.0,0.0,0.0,0.0,0.0,0,0.0,1.0
MinHashDBSCAN,4557468,2,0.0,0.0,0.0,0.0,0.0,0.0,0,0.0,0.5
MinHashDBSCAN,1262444,2,0.0,0.0,0.0,0.0,0.0,0.0,0,0.0,1.0
MinHashDBSCAN,2144649,2,0.0,0.0,0.0,0.0,0.0,0.0,0,0.0,1.0
MinHashDBSCAN,4965439,2,0.0,0.0,0.0,0.0,0.0,0.0,0,0.0,1.0
MinHashDBSCAN,176319,2,0.0,0.0,0.0,0.0,0.0,0.0,0,0.0,1.0
MinHashDBSCAN,5262524,2,0.0,0.0,0.0,0.0,0.0,0.0,0,0.0,1.0
MinHashDBSCAN,4988240,2,0.0,0.0,0.0,0.0,0.0,0.0,0,0.0,1.0
MinHashDBSCAN,4536961,3,0.0,0.0,0.0,0.0,0.0,0.0,0,0.0,1.0
MinHashDBSCAN,5827256,2,0.0,0.0,0.0,0.0,0.0,0.0,0,0.0,1.0
MinHashDBSCAN,1107871,2,0.0,0.0,0.0,0.0,0.0,0.0,0,0.0,1.0
MinHashDBSCAN,1742368,2,0.0,0.0,0.0,0.0,0.0,0.0,0,0.0,0.0
MinHashDBSCAN,2182354,2,0.0,0.0,0.0,0.0,0.0,0.0,0,0.0,0.0
MinHashDBSCAN,4392637,2,0.0,0.0,0.0,0.0,0.0,0.0,0,0.0,1.0
MinHashDBSCAN,57975,2,0.0,0.0,0.0,0.0,0.0,0.0,0,0.0,1.0
MinHashDBSCAN,6319414,2,0.0,0.0,0.0,0.0,0.0,0.0,0,0.0,1.0
MinHashDBSCAN,4164053,3,0.0,0.0,0.0,0.0,0.0,0.0,0,0.0,1.0
MinHashDBSCAN,277058,2,0.0,0.0,0.0,0.0,0.0,0.0,0,0.0,1.0
MinHashDBSCAN,1401471,3,0.0,0.0,0.0,0.0,0.0,0.0,0,0.0,1.0
MinHashDBSCAN,5163910,2,0.0,0.0,0.0,0.0,0.0,0.0,0,0.0,1.0
MinHashDBSCAN,3794093,2,0.0,0.0,0.0,0.0,0.0,0.0,0,0.0,1.0
MinHashDBSCAN,4938255,2,0.0,0.0,0.0,0.0,0.0,0.0,0,0.0,0.5
MinHashDBSCAN,255457,2,0.0,0.0,0.0,0.0,0.0,0.0,0,0.0,1.0
MinHashDBSCAN,1885819,2,0.0,0.0,0.0,0.0,0.0,0.0,0,0.0,1.0
MinHashDBSCAN,2160326,2,0.0,0.0,0.0,0.0,0.0,0.0,0,0.0,0.0
MinHashDBSCAN,4444346,2,0.0,0.0,0.0,0.0,0.0,0.0,0,0.0,0.0
MinHashDBSCAN,4684037,2,0.0,0.0,0.0,0.0,0.0,0.0,0,0.0,0.0
MinHashDBSCAN,3817273,2,0.0,0.0,0.0,0.0,0.0,0.0,0,0.0,1.0
MinHashDBSCAN,5471841,2,0.0,0.0,0.0,0.0,0.0,0.0,0,0.0,1.0
MinHashDBSCAN,261112,2,0.0,0.0,0.0,0.0,0.0,0.0,0,0.0,1.0
MinHashDBSCAN,1940858,2,0.0,0.0,0.0,0.0,0.0,0.0,0,0.0,0.5
MinHashDBSCAN,39751,2,0.0,0.0,0.0,0.0,0.0,0.0,0,0.0,1.0
MinHashDBSCAN,1006365,2,0.0,0.0,0.0,0.0,0.0,0.0,0,0.0,1.0
MinHashDBSCAN,4961817,2,0.0,0.0,0.0,0.0,0.0,0.0,0,0.0,1.0
MinHashDBSCAN,2663338,2,0.0,0.0,0.0,0.0,0.0,0.0,0,0.0,1.0
MinHashDBSCAN,4703848,2,0.0,0.0,0.0,0.0,0.0,0.0,0,0.0,1.0
MinHashDBSCAN,4566246,2,0.0,0.0,0.0,0.0,0.0,0.0,0,0.0,1.0
MinHashDBSCAN,1609854,2,0.0,0.0,0.0,0.0,0.0,0.0,0,0.0,0.0
MinHashDBSCAN,4997395,2,0.0,0.0,0.0,0.0,0.0,0.0,0,0.0,1.0
MinHashDBSCAN,2401207,2,0.0,0.0,0.0,0.0,0.0,0.0,0,0.0,1.0
MinHashDBSCAN,2616251,4278,0.0,0.0,0.0,0.0,0.0,0.0,0,0.0,0.0
MinHashDBSCAN,4720752,2,0.0,0.0,0.0,0.0,0.0,0.0,0,0.0,1.0
MinHashDBSCAN,5446902,2,0.0,0.0,0.0,0.0,0.0,0.0,0,0.0,1.0
MinHashDBSCAN,4304490,2,0.0,0.0,0.0,0.0,0.0,0.0,0,0.0,1.0
MinHashDBSCAN,6220453,2,0.0,0.0,0.0,0.0,0.0,0.0,0,0.0,1.0
MinHashDBSCAN,6244530,2,0.0,0.0,0.0,0.0,0.0,0.0,0,0.0,1.0
MinHashDBSCAN,6057081,2,0.0,0.0,0.0,0.0,0.0,0.0,0,0.0,1.0
MinHashDBSCAN,5731699,2,0.0,0.0,0.0,0.0,0.0,0.0,0,0.0,0.0
MinHashDBSCAN,5519007,2,0.0,0.0,0.0,0.0,0.0,0.0,0,0.0,1.0
MinHashDBSCAN,1775170,2,0.0,0.0,0.0,0.0,0.0,0.0,0,0.0,1.0
MinHashDBSCAN,4832681,2,0.0,0.0,0.0,0.0,0.0,0.0,0,0.0,1.0
MinHashDBSCAN,2736719,2,0.0,0.0,0.0,0.0,0.0,0.0,0,0.0,1.0
MinHashDBSCAN,4335992,2,0.0,0.0,0.0,0.0,0.0,0.0,0,0.0,1.0
MinHashDBSCAN,4722891,2,0.0,0.0,0.0,0.0,0.0,0.0,0,0.0,1.0
MinHashDBSCAN,5095605,2,0.0,0.0,0.0,0.0,0.0,0.0,0,0.0,1.0
MinHashDBSCAN,2064070,2,0.0,0.0,0.0,0.0,0.0,0.0,0,0.0,1.0
MinHashDBSCAN,4437445,2,0.0,0.0,0.0,0.0,0.0,0.0,0,0.0,1.0
MinHashDBSCAN,32046,2,0.0,0.0,0.0,0.0,0.0,0.0,0,0.0,0.5
MinHashDBSCAN,2722684,2,0.0,0.0,0.0,0.0,0.0,0.0,0,0.0,0.0
MinHashDBSCAN,114185,2,0.0,0.0,0.0,0.0,0.0,0.0,0,0.0,0.0
MinHashDBSCAN,3763304,2,0.0,0.0,0.0,0.0,0.0,0.0,0,0.0,0.0
MinHashDBSCAN,3118616,2,0.0,0.0,0.0,0.0,0.0,0.0,0,0.0,1.0
MinHashDBSCAN,1119434,2,0.0,0.0,0.0,0.0,0.0,0.0,0,0.0,1.0
MinHashDBSCAN,3178780,2,0.0,0.0,0.0,0.0,0.0,0.0,0,0.0,1.0
MinHashDBSCAN,2775355,2,0.0,0.0,0.0,0.0,0.0,0.0,0,0.0,0.0
MinHashDBSCAN,2177379,2,0.0,0.0,0.0,0.0,0.0,0.0,0,0.0,0.5
MinHashDBSCAN,32329,2,0.0,0.0,0.0,0.0,0.0,0.0,0,0.0,1.0
MinHashDBSCAN,5950416,2,0.0,0.0,0.0,0.0,0.0,0.0,0,0.0,1.0
MinHashDBSCAN,5736119,2,0.0,0.0,0.0,0.0,0.0,0.0,0,0.0,1.0
MinHashDBSCAN,4887472,2,0.0,0.0,0.0,0.0,0.0,0.0,0,0.0,1.0
MinHashDBSCAN,1306156,2,0.0,0.0,0.0,0.0,0.0,0.0,0,0.0,1.0
MinHashDBSCAN,1359907,2,0.0,0.0,0.0,0.0,0.0,0.0,0,0.0,0.5
MinHashDBSCAN,5433002,3,0.0,0.0,0.0,0.0,0.0,0.0,0,0.0,0.0
MinHashDBSCAN,5865847,2,0.0,0.0,0.0,0.0,0.0,0.0,0,0.0,0.0
MinHashDBSCAN,108141,2,0.0,0.0,0.0,0.0,0.0,0.0,0,0.0,1.0
MinHashDBSCAN,3790860,2,0.0,0.0,0.0,0.0,0.0,0.0,0,0.0,1.0
MinHashDBSCAN,1762055,2,0.0,0.0,0.0,0.0,0.0,0.0,0,0.0,1.0
MinHashDBSCAN,5679396,2,0.0,0.0,0.0,0.0,0.0,0.0,0,0.0,1.0
MinHashDBSCAN,598090,2,0.0,0.0,0.0,0.0,0.0,0.0,0,0.0,1.0
MinHashDBSCAN,4556098,2,0.0,0.0,0.0,0.0,0.0,0.0,0,0.0,0.0
MinHashDBSCAN,2987957,2,0.0,0.0,0.0,0.0,0.0,0.0,0,0.0,1.0
MinHashDBSCAN,436019,2,0.0,0.0,0.0,0.0,0.0,0.0,0,0.0,1.0
MinHashDBSCAN,5573495,2,0.0,0.0,0.0,0.0,0.0,0.0,0,0.0,1.0
MinHashDBSCAN,2298254,2,0.0,0.0,0.0,0.0,0.0,0.0,0,0.0,0.0
MinHashDBSCAN,2703379,2,0.0,0.0,0.0,0.0,0.0,0.0,0,0.0,1.0
MinHashDBSCAN,4926591,2,0.0,0.0,0.0,0.0,0.0,0.0,0,0.0,1.0
MinHashDBSCAN,365705,2,0.0,0.0,0.0,0.0,0.0,0.0,0,0.0,1.0
MinHashDBSCAN,2075574,2,0.0,0.0,0.0,0.0,0.0,0.0,0,0.0,0.0
MinHashDBSCAN,5640946,2,0.0,0.0,0.0,0.0,0.0,0.0,0,0.0,1.0
MinHashDBSCAN,2892764,2,0.0,0.0,0.0,0.0,0.0,0.0,0,0.0,0.0
MinHashDBSCAN,5358454,2,0.0,0.0,0.0,0.0,0.0,0.0,0,0.0,1.0
MinHashDBSCAN,5590627,2,0.0,0.0,0.0,0.0,0.0,0.0,0,0.0,1.0
MinHashDBSCAN,2902047,2,0.0,0.0,0.0,0.0,0.0,0.0,0,0.0,1.0
MinHashDBSCAN,3350380,3,0.0,0.0,0.0,0.0,0.0,0.0,0,0.0,1.0
MinHashDBSCAN,4220432,2,0.0,0.0,0.0,0.0,0.0,0.0,0,0.0,1.0
MinHashDBSCAN,1597130,2,0.0,0.0,0.0,0.0,0.0,0.0,0,0.0,1.0
MinHashDBSCAN,5469765,2,0.0,0.0,0.0,0.0,0.0,0.0,0,0.0,1.0
MinHashDBSCAN,4789489,2,0.0,0.0,0.0,0.0,0.0,0.0,0,0.0,0.0
MinHashDBSCAN,4832773,3,0.0,0.0,0.0,0.0,0.0,0.0,0,0.0,1.0
MinHashDBSCAN,2823270,2,0.0,0.0,0.0,0.0,0.0,0.0,0,0.0,1.0
MinHashDBSCAN,1961411,2,0.0,0.0,0.0,0.0,0.0,0.0,0,0.0,1.0
MinHashDBSCAN,2023599,2,0.0,0.0,0.0,0.0,0.0,0.0,0,0.0,1.0
MinHashDBSCAN,6155967,2,0.0,0.0,0.0,0.0,0.0,0.0,0,0.0,1.0
MinHashDBSCAN,4180731,2,0.0,0.0,0.0,0.0,0.0,0.0,0,0.0,1.0
MinHashDBSCAN,32902,2,0.0,0.0,0.0,0.0,0.0,0.0,0,0.0,1.0
MinHashDBSCAN,6168664,2,0.0,0.0,0.0,0.0,0.0,0.0,0,0.0,1.0
MinHashDBSCAN,1570337,2,0.0,0.0,0.0,0.0,0.0,0.0,0,0.0,1.0
MinHashDBSCAN,1101380,2,0.0,0.0,0.0,0.0,0.0,0.0,0,0.0,1.0
MinHashDBSCAN,5207652,2,0.0,0.0,0.0,0.0,0.0,0.0,0,0.0,1.0
MinHashDBSCAN,407765,3,0.0,0.0,0.0,0.0,0.0,0.0,0,0.0,1.0
MinHashDBSCAN,4042131,2,0.0,0.0,0.0,0.0,0.0,0.0,0,0.0,1.0
MinHashDBSCAN,5207645,2,0.0,0.0,0.0,0.0,0.0,0.0,0,0.0,1.0
MinHashDBSCAN,1390975,2,0.0,0.0,0.0,0.0,0.0,0.0,0,0.0,1.0
MinHashDBSCAN,1960028,2,0.0,0.0,0.0,0.0,0.0,0.0,0,0.0,1.0
MinHashDBSCAN,5468039,2,0.0,0.0,0.0,0.0,0.0,0.0,0,0.0,0.5
MinHashDBSCAN,4865176,2,0.0,0.0,0.0,0.0,0.0,0.0,0,0.0,0.5
MinHashDBSCAN,3736729,2,0.0,0.0,0.0,0.0,0.0,0.0,0,0.0,1.0
MinHashDBSCAN,1765059,2,0.0,0.0,0.0,0.0,0.0,0.0,0,0.0,1.0
MinHashDBSCAN,5884875,2,0.0,0.0,0.0,0.0,0.0,0.0,0,0.0,1.0
MinHashDBSCAN,3260497,2,0.0,0.0,0.0,0.0,0.0,0.0,0,0.0,1.0
MinHashDBSCAN,1199396,2,0.0,0.0,0.0,0.0,0.0,0.0,0,0.0,0.5
MinHashDBSCAN,3534087,2,0.0,0.0,0.0,0.0,0.0,0.0,0,0.0,1.0
MinHashDBSCAN,3754566,2,0.0,0.0,0.0,0.0,0.0,0.0,0,0.0,1.0
MinHashDBSCAN,1991478,2,0.0,0.0,0.0,0.0,0.0,0.0,0,0.0,1.0
MinHashDBSCAN,1024056,2,0.0,0.0,0.0,0.0,0.0,0.0,0,0.0,1.0
MinHashDBSCAN,3460811,2,0.0,0.0,0.0,0.0,0.0,0.0,0,0.0,1.0
MinHashDBSCAN,1938310,2,0.0,0.0,0.0,0.0,0.0,0.0,0,0.0,0.5
MinHashDBSCAN,4032973,2,0.0,0.0,0.0,0.0,0.0,0.0,0,0.0,0.5
MinHashDBSCAN,543562,2,0.0,0.0,0.0,0.0,0.0,0.0,0,0.0,1.0
MinHashDBSCAN,5975249,2,0.0,0.0,0.0,0.0,0.0,0.0,0,0.0,0.5
MinHashDBSCAN,4507798,3,0.0,0.0,0.0,0.0,0.0,0.0,0,0.0,1.0
MinHashDBSCAN,6381629,2,0.0,0.0,0.0,0.0,0.0,0.0,0,0.0,1.0
MinHashDBSCAN,6356930,2,0.0,0.0,0.0,0.0,0.0,0.0,0,0.0,0.0
MinHashDBSCAN,6357695,2,0.0,0.0,0.0,0.0,0.0,0.0,0,0.0,1.0
MinHashDBSCAN,5965768,2,0.0,0.0,0.0,0.0,0.0,0.0,0,0.0,1.0
MinHashDBSCAN,2616095,2,0.0,0.0,0.0,0.0,0.0,0.0,0,0.0,1.0
MinHashDBSCAN,5935727,2,0.0,0.0,0.0,0.0,0.0,0.0,0,0.0,1.0
MinHashDBSCAN,3405327,2,0.0,0.0,0.0,0.0,0.0,0.0,0,0.0,1.0
MinHashDBSCAN,6213291,2,0.0,0.0,0.0,0.0,0.0,0.0,0,0.0,1.0
MinHashDBSCAN,1445590,2,0.0,0.0,0.0,0.0,0.0,0.0,0,0.0,0.5
MinHashDBSCAN,2571477,2,0.0,0.0,0.0,0.0,0.0,0.0,0,0.0,1.0
MinHashDBSCAN,1757962,3,0.0,0.0,0.0,0.0,0.0,0.0,0,0.0,1.0
MinHashDBSCAN,134441,2,0.0,0.0,0.0,0.0,0.0,0.0,0,0.0,1.0
MinHashDBSCAN,4175890,2,0.0,0.0,0.0,0.0,0.0,0.0,0,0.0,0.0
MinHashDBSCAN,2997428,2,0.0,0.0,0.0,0.0,0.0,0.0,0,0.0,1.0
MinHashDBSCAN,2730746,2,0.0,0.0,0.0,0.0,0.0,0.0,0,0.0,1.0
MinHashDBSCAN,303246,2,0.0,0.0,0.0,0.0,0.0,0.0,0,0.0,1.0
MinHashDBSCAN,5255166,2,0.0,0.0,0.0,0.0,0.0,0.0,0,0.0,1.0
MinHashDBSCAN,5119166,2,0.0,0.0,0.0,0.0,0.0,0.0,0,0.0,1.0
MinHashDBSCAN,2143759,2,0.0,0.0,0.0,0.0,0.0,0.0,0,0.0,1.0
MinHashDBSCAN,1012393,2,0.0,0.0,0.0,0.0,0.0,0.0,0,0.0,1.0
MinHashDBSCAN,1725061,2,0.0,0.0,0.0,0.0,0.0,0.0,0,0.0,1.0
MinHashDBSCAN,2184043,2,0.0,0.0,0.0,0.0,0.0,0.0,0,0.0,1.0
MinHashDBSCAN,5779990,2,0.0,0.0,0.0,0.0,0.0,0.0,0,0.0,1.0
MinHashDBSCAN,5502419,2,0.0,0.0,0.0,0.0,0.0,0.0,0,0.0,1.0
MinHashDBSCAN,2839061,2,0.0,0.0,0.0,0.0,0.0,0.0,0,0.0,1.0
MinHashDBSCAN,4610332,2,0.0,0.0,0.0,0.0,0.0,0.0,0,0.0,1.0
MinHashDBSCAN,1401465,3,0.0,0.0,0.0,0.0,0.0,0.0,0,0.0,1.0
MinHashDBSCAN,3934033,2,0.0,0.0,0.0,0.0,0.0,0.0,0,0.0,1.0
MinHashDBSCAN,2183102,2,0.0,0.0,0.0,0.0,0.0,0.0,0,0.0,1.0
MinHashDBSCAN,3470450,2,0.0,0.0,0.0,0.0,0.0,0.0,0,0.0,1.0
MinHashDBSCAN,3077285,2,0.0,0.0,0.0,0.0,0.0,0.0,0,0.0,1.0
MinHashDBSCAN,377287,2,0.0,0.0,0.0,0.0,0.0,0.0,0,0.0,1.0
MinHashDBSCAN,5616865,2,0.0,0.0,0.0,0.0,0.0,0.0,0,0.0,1.0
MinHashDBSCAN,2376462,2,0.0,0.0,0.0,0.0,0.0,0.0,0,0.0,1.0
MinHashDBSCAN,3050231,2,0.0,0.0,0.0,0.0,0.0,0.0,0,0.0,1.0
MinHashDBSCAN,1553444,2,0.0,0.0,0.0,0.0,0.0,0.0,0,0.0,0.0
MinHashDBSCAN,4153945,2,0.0,0.0,0.0,0.0,0.0,0.0,0,0.0,1.0
MinHashDBSCAN,4246057,2,0.0,0.0,0.0,0.0,0.0,0.0,0,0.0,0.5
MinHashDBSCAN,1180348,2,0.0,0.0,0.0,0.0,0.0,0.0,0,0.0,1.0
MinHashDBSCAN,328548,3,0.0,0.0,0.0,0.0,0.0,0.0,0,0.0,1.0
MinHashDBSCAN,2230476,2,0.0,0.0,0.0,0.0,0.0,0.0,0,0.0,0.5
MinHashDBSCAN,426529,2,0.0,0.0,0.0,0.0,0.0,0.0,0,0.0,0.0
MinHashDBSCAN,2850614,2,0.0,0.0,0.0,0.0,0.0,0.0,0,0.0,1.0
MinHashDBSCAN,4416303,2,0.0,0.0,0.0,0.0,0.0,0.0,0,0.0,1.0
MinHashDBSCAN,3101236,2,0.0,0.0,0.0,0.0,0.0,0.0,0,0.0,1.0
MinHashDBSCAN,3638231,2,0.0,0.0,0.0,0.0,0.0,0.0,0,0.0,1.0
MinHashDBSCAN,1679427,2,0.0,0.0,0.0,0.0,0.0,0.0,0,0.0,1.0
MinHashDBSCAN,2138088,2,0.0,0.0,0.0,0.0,0.0,0.0,0,0.0,1.0
MinHashDBSCAN,2995132,2,0.0,0.0,0.0,0.0,0.0,0.0,0,0.0,1.0
MinHashDBSCAN,2585972,2,0.0,0.0,0.0,0.0,0.0,0.0,0,0.0,1.0
MinHashDBSCAN,1848574,2,0.0,0.0,0.0,0.0,0.0,0.0,0,0.0,0.5
MinHashDBSCAN,114873,3,0.0,0.0,0.0,0.0,0.0,0.0,0,0.0,1.0
MinHashDBSCAN,2267564,2,0.0,0.0,0.0,0.0,0.0,0.0,0,0.0,1.0
MinHashDBSCAN,3173110,2,0.0,0.0,0.0,0.0,0.0,0.0,0,0.0,1.0
MinHashDBSCAN,3227933,2,0.0,0.0,0.0,0.0,0.0,0.0,0,0.0,0.5
MinHashDBSCAN,3378328,2,0.0,0.0,0.0,0.0,0.0,0.0,0,0.0,1.0
MinHashDBSCAN,133403,2,0.0,0.0,0.0,0.0,0.0,0.0,0,0.0,1.0
MinHashDBSCAN,2381783,3,0.0,0.0,0.0,0.0,0.0,0.0,0,0.0,1.0
MinHashDBSCAN,2849736,2,0.0,0.0,0.0,0.0,0.0,0.0,0,0.0,1.0
MinHashDBSCAN,2737656,2,0.0,0.0,0.0,0.0,0.0,0.0,0,0.0,0.5
MinHashDBSCAN,570516,2,0.0,0.0,0.0,0.0,0.0,0.0,0,0.0,1.0
MinHashDBSCAN,1003868,2,0.0,0.0,0.0,0.0,0.0,0.0,0,0.0,1.0
MinHashDBSCAN,4108047,2,0.0,0.0,0.0,0.0,0.0,0.0,0,0.0,1.0
MinHashDBSCAN,2216762,2,0.0,0.0,0.0,0.0,0.0,0.0,0,0.0,1.0
MinHashDBSCAN,2170698,2,0.0,0.0,0.0,0.0,0.0,0.0,0,0.0,1.0
MinHashDBSCAN,329015,2,0.0,0.0,0.0,0.0,0.0,0.0,0,0.0,1.0
MinHashDBSCAN,1371149,2,0.0,0.0,0.0,0.0,0.0,0.0,0,0.0,1.0
MinHashDBSCAN,4259303,2,0.0,0.0,0.0,0.0,0.0,0.0,0,0.0,1.0
MinHashDBSCAN,3158632,2,0.0,0.0,0.0,0.0,0.0,0.0,0,0.0,1.0
MinHashDBSCAN,5483756,2,0.0,0.0,0.0,0.0,0.0,0.0,0,0.0,0.0
MinHashDBSCAN,1470329,2,0.0,0.0,0.0,0.0,0.0,0.0,0,0.0,1.0
MinHashDBSCAN,3504407,2,0.0,0.0,0.0,0.0,0.0,0.0,0,0.0,1.0
MinHashDBSCAN,3978029,2,0.0,0.0,0.0,0.0,0.0,0.0,0,0.0,1.0
MinHashDBSCAN,4848204,2,0.0,0.0,0.0,0.0,0.0,0.0,0,0.0,0.0
MinHashDBSCAN,2626366,2,0.0,0.0,0.0,0.0,0.0,0.0,0,0.0,1.0
MinHashDBSCAN,2394252,2,0.0,0.0,0.0,0.0,0.0,0.0,0,0.0,1.0
MinHashDBSCAN,4925629,2,0.0,0.0,0.0,0.0,0.0,0.0,0,0.0,0.0
MinHashDBSCAN,131924,2,0.0,0.0,0.0,0.0,0.0,0.0,0,0.0,1.0
MinHashDBSCAN,4389733,2,0.0,0.0,0.0,0.0,0.0,0.0,0,0.0,1.0
MinHashDBSCAN,1481006,2,0.0,0.0,0.0,0.0,0.0,0.0,0,0.0,0.0
MinHashDBSCAN,2572817,2,0.0,0.0,0.0,0.0,0.0,0.0,0,0.0,1.0
MinHashDBSCAN,2607150,2,0.0,0.0,0.0,0.0,0.0,0.0,0,0.0,1.0
MinHashDBSCAN,5602650,2,0.0,0.0,0.0,0.0,0.0,0.0,0,0.0,1.0
MinHashDBSCAN,441342,2,0.0,0.0,0.0,0.0,0.0,0.0,0,0.0,1.0
MinHashDBSCAN,3467540,2,0.0,0.0,0.0,0.0,0.0,0.0,0,0.0,1.0
MinHashDBSCAN,1917102,2,0.0,0.0,0.0,0.0,0.0,0.0,0,0.0,1.0
MinHashDBSCAN,5669909,2,0.0,0.0,0.0,0.0,0.0,0.0,0,0.0,0.5
MinHashDBSCAN,4817739,2,0.0,0.0,0.0,0.0,0.0,0.0,0,0.0,1.0
MinHashDBSCAN,3579104,2,0.0,0.0,0.0,0.0,0.0,0.0,0,0.0,0.0
MinHashDBSCAN,2091789,2,0.0,0.0,0.0,0.0,0.0,0.0,0,0.0,0.0
MinHashDBSCAN,2860888,2,0.0,0.0,0.0,0.0,0.0,0.0,0,0.0,1.0
MinHashDBSCAN,464025,3,0.0,0.0,0.0,0.0,0.0,0.0,0,0.0,1.0
MinHashDBSCAN,5966834,2,0.0,0.0,0.0,0.0,0.0,0.0,0,0.0,1.0
MinHashDBSCAN,4101141,2,0.0,0.0,0.0,0.0,0.0,0.0,0,0.0,1.0
MinHashDBSCAN,1018172,2,0.0,0.0,0.0,0.0,0.0,0.0,0,0.0,1.0
MinHashDBSCAN,4459676,2,0.0,0.0,0.0,0.0,0.0,0.0,0,0.0,1.0
MinHashDBSCAN,6333575,2,0.0,0.0,0.0,0.0,0.0,0.0,0,0.0,1.0
MinHashDBSCAN,262161,2,0.0,0.0,0.0,0.0,0.0,0.0,0,0.0,1.0
MinHashDBSCAN,2354370,2,0.0,0.0,0.0,0.0,0.0,0.0,0,0.0,0.0
MinHashDBSCAN,527910,2,0.0,0.0,0.0,0.0,0.0,0.0,0,0.0,1.0
MinHashDBSCAN,2255639,2,0.0,0.0,0.0,0.0,0.0,0.0,0,0.0,0.5
MinHashDBSCAN,541811,2,0.0,0.0,0.0,0.0,0.0,0.0,0,0.0,0.0
MinHashDBSCAN,583256,2,0.0,0.0,0.0,0.0,0.0,0.0,0,0.0,1.0
MinHashDBSCAN,4127095,2,0.0,0.0,0.0,0.0,0.0,0.0,0,0.0,1.0
MinHashDBSCAN,4872862,2,0.0,0.0,0.0,0.0,0.0,0.0,0,0.0,1.0
MinHashDBSCAN,1211754,3,0.0,0.0,0.0,0.0,0.0,0.0,0,0.0,1.0
MinHashDBSCAN,1851445,2,0.0,0.0,0.0,0.0,0.0,0.0,0,0.0,1.0
MinHashDBSCAN,5605815,2,0.0,0.0,0.0,0.0,0.0,0.0,0,0.0,1.0
MinHashDBSCAN,1404683,2,0.0,0.0,0.0,0.0,0.0,0.0,0,0.0,0.0
MinHashDBSCAN,4079683,2,0.0,0.0,0.0,0.0,0.0,0.0,0,0.0,1.0
MinHashDBSCAN,3331871,3,0.0,0.0,0.0,0.0,0.0,0.0,0,0.0,1.0
MinHashDBSCAN,3795207,2,0.0,0.0,0.0,0.0,0.0,0.0,0,0.0,1.0
MinHashDBSCAN,5271262,2,0.0,0.0,0.0,0.0,0.0,0.0,0,0.0,1.0
MinHashDBSCAN,1728132,2,0.0,0.0,0.0,0.0,0.0,0.0,0,0.0,1.0
MinHashDBSCAN,4907076,3,0.0,0.0,0.0,0.0,0.0,0.0,0,0.0,1.0
MinHashDBSCAN,1284155,2,0.0,0.0,0.0,0.0,0.0,0.0,0,0.0,1.0
MinHashDBSCAN,5322075,2,0.0,0.0,0.0,0.0,0.0,0.0,0,0.0,0.5
MinHashDBSCAN,2185446,2,0.0,0.0,0.0,0.0,0.0,0.0,0,0.0,0.5
MinHashDBSCAN,144272,2,0.0,0.0,0.0,0.0,0.0,0.0,0,0.0,0.5
MinHashDBSCAN,5733342,3,0.0,0.0,0.0,0.0,0.0,0.0,0,0.0,1.0
MinHashDBSCAN,6155859,2,0.0,0.0,0.0,0.0,0.0,0.0,0,0.0,0.0
MinHashDBSCAN,631174,2,0.0,0.0,0.0,0.0,0.0,0.0,0,0.0,1.0
MinHashDBSCAN,2253001,2,0.0,0.0,0.0,0.0,0.0,0.0,0,0.0,1.0
MinHashDBSCAN,1072810,2,0.0,0.0,0.0,0.0,0.0,0.0,0,0.0,1.0
MinHashDBSCAN,382577,2,0.0,0.0,0.0,0.0,0.0,0.0,0,0.0,1.0
MinHashDBSCAN,1125455,2,0.0,0.0,0.0,0.0,0.0,0.0,0,0.0,1.0
MinHashDBSCAN,4338937,2,0.0,0.0,0.0,0.0,0.0,0.0,0,0.0,1.0
MinHashDBSCAN,4422428,2,0.0,0.0,0.0,0.0,0.0,0.0,0,0.0,1.0
MinHashDBSCAN,4082142,2,0.0,0.0,0.0,0.0,0.0,0.0,0,0.0,1.0
MinHashDBSCAN,483921,2,0.0,0.0,0.0,0.0,0.0,0.0,0,0.0,0.0
MinHashDBSCAN,2351278,2,0.0,0.0,0.0,0.0,0.0,0.0,0,0.0,1.0
MinHashDBSCAN,2457668,2,0.0,0.0,0.0,0.0,0.0,0.0,0,0.0,1.0
MinHashDBSCAN,6079444,2,0.0,0.0,0.0,0.0,0.0,0.0,0,0.0,1.0
MinHashDBSCAN,1679576,3,0.0,0.0,0.0,0.0,0.0,0.0,0,0.0,0.6666666666666666
MinHashDBSCAN,5785923,2,0.0,0.0,0.0,0.0,0.0,0.0,0,0.0,1.0
MinHashDBSCAN,5039203,2,0.0,0.0,0.0,0.0,0.0,0.0,0,0.0,1.0
MinHashDBSCAN,5828929,2,0.0,0.0,0.0,0.0,0.0,0.0,0,0.0,1.0
MinHashDBSCAN,1145657,3,0.0,0.0,0.0,0.0,0.0,0.0,0,0.0,1.0
MinHashDBSCAN,2351599,3,0.0,0.0,0.0,0.0,0.0,0.0,0,0.0,1.0
MinHashDBSCAN,544321,3,0.0,0.0,0.0,0.0,0.0,0.0,0,0.0,1.0
MinHashDBSCAN,2010779,2,0.0,0.0,0.0,0.0,0.0,0.0,0,0.0,1.0
MinHashDBSCAN,3533868,2,0.0,0.0,0.0,0.0,0.0,0.0,0,0.0,1.0
MinHashDBSCAN,3050557,2,0.0,0.0,0.0,0.0,0.0,0.0,0,0.0,1.0
MinHashDBSCAN,4239886,2,0.0,0.0,0.0,0.0,0.0,0.0,0,0.0,1.0
MinHashDBSCAN,2567125,2,0.0,0.0,0.0,0.0,0.0,0.0,0,0.0,0.0
MinHashDBSCAN,6341076,2,0.0,0.0,0.0,0.0,0.0,0.0,0,0.0,1.0
MinHashDBSCAN,239464,2,0.0,0.0,0.0,0.0,0.0,0.0,0,0.0,0.0
MinHashDBSCAN,1085625,2,0.0,0.0,0.0,0.0,0.0,0.0,0,0.0,1.0
MinHashDBSCAN,252574,2,0.0,0.0,0.0,0.0,0.0,0.0,0,0.0,1.0
MinHashDBSCAN,4775767,2,0.0,0.0,0.0,0.0,0.0,0.0,0,0.0,1.0
MinHashDBSCAN,2352421,2,0.0,0.0,0.0,0.0,0.0,0.0,0,0.0,1.0
MinHashDBSCAN,443487,2,0.0,0.0,0.0,0.0,0.0,0.0,0,0.0,1.0
MinHashDBSCAN,4147273,2,0.0,0.0,0.0,0.0,0.0,0.0,0,0.0,1.0
MinHashDBSCAN,4389381,2,0.0,0.0,0.0,0.0,0.0,0.0,0,0.0,1.0
MinHashDBSCAN,2575944,2,0.0,0.0,0.0,0.0,0.0,0.0,0,0.0,1.0
MinHashDBSCAN,563879,2,0.0,0.0,0.0,0.0,0.0,0.0,0,0.0,1.0
MinHashDBSCAN,4672468,2,0.0,0.0,0.0,0.0,0.0,0.0,0,0.0,1.0
MinHashDBSCAN,2753570,2,0.0,0.0,0.0,0.0,0.0,0.0,0,0.0,1.0
MinHashDBSCAN,4946320,2,0.0,0.0,0.0,0.0,0.0,0.0,0,0.0,1.0
MinHashDBSCAN,4235441,3,0.0,0.0,0.0,0.0,0.0,0.0,0,0.0,1.0
MinHashDBSCAN,1977745,2,0.0,0.0,0.0,0.0,0.0,0.0,0,0.0,1.0
MinHashDBSCAN,5231602,2,0.0,0.0,0.0,0.0,0.0,0.0,0,0.0,1.0
MinHashDBSCAN,1146188,2,0.0,0.0,0.0,0.0,0.0,0.0,0,0.0,1.0
MinHashDBSCAN,5809935,2,0.0,0.0,0.0,0.0,0.0,0.0,0,0.0,0.5
MinHashDBSCAN,1334191,2,0.0,0.0,0.0,0.0,0.0,0.0,0,0.0,1.0
MinHashDBSCAN,499389,2,0.0,0.0,0.0,0.0,0.0,0.0,0,0.0,0.5
MinHashDBSCAN,2268103,2,0.0,0.0,0.0,0.0,0.0,0.0,0,0.0,1.0
MinHashDBSCAN,5718400,2,0.0,0.0,0.0,0.0,0.0,0.0,0,0.0,1.0
MinHashDBSCAN,4069697,2,0.0,0.0,0.0,0.0,0.0,0.0,0,0.0,1.0
MinHashDBSCAN,5639753,2,0.0,0.0,0.0,0.0,0.0,0.0,0,0.0,1.0
MinHashDBSCAN,4346860,2,0.0,0.0,0.0,0.0,0.0,0.0,0,0.0,1.0
MinHashDBSCAN,5972324,2,0.0,0.0,0.0,0.0,0.0,0.0,0,0.0,1.0
MinHashDBSCAN,4602234,2,0.0,0.0,0.0,0.0,0.0,0.0,0,0.0,1.0
MinHashDBSCAN,2821445,2,0.0,0.0,0.0,0.0,0.0,0.0,0,0.0,1.0
MinHashDBSCAN,1483495,2,0.0,0.0,0.0,0.0,0.0,0.0,0,0.0,1.0
MinHashDBSCAN,5538472,2,0.0,0.0,0.0,0.0,0.0,0.0,0,0.0,1.0
MinHashDBSCAN,5994916,2,0.0,0.0,0.0,0.0,0.0,0.0,0,0.0,1.0
MinHashDBSCAN,5213680,2,0.0,0.0,0.0,0.0,0.0,0.0,0,0.0,1.0
MinHashDBSCAN,6214747,2,0.0,0.0,0.0,0.0,0.0,0.0,0,0.0,1.0
MinHashDBSCAN,1776829,2,0.0,0.0,0.0,0.0,0.0,0.0,0,0.0,1.0
MinHashDBSCAN,3729268,2,0.0,0.0,0.0,0.0,0.0,0.0,0,0.0,1.0
MinHashDBSCAN,5559189,2,0.0,0.0,0.0,0.0,0.0,0.0,0,0.0,0.0
MinHashDBSCAN,3208189,2,0.0,0.0,0.0,0.0,0.0,0.0,0,0.0,1.0
MinHashDBSCAN,5527000,2,0.0,0.0,0.0,0.0,0.0,0.0,0,0.0,0.0
MinHashDBSCAN,4610979,2,0.0,0.0,0.0,0.0,0.0,0.0,0,0.0,0.0
MinHashDBSCAN,4346957,2,0.0,0.0,0.0,0.0,0.0,0.0,0,0.0,1.0
MinHashDBSCAN,416205,2,0.0,0.0,0.0,0.0,0.0,0.0,0,0.0,1.0
MinHashDBSCAN,2438086,2,0.0,0.0,0.0,0.0,0.0,0.0,0,0.0,1.0
MinHashDBSCAN,1374089,2,0.0,0.0,0.0,0.0,0.0,0.0,0,0.0,0.0
MinHashDBSCAN,6236609,2,0.0,0.0,0.0,0.0,0.0,0.0,0,0.0,1.0
MinHashDBSCAN,544160,2,0.0,0.0,0.0,0.0,0.0,0.0,0,0.0,1.0
MinHashDBSCAN,2089863,2,0.0,0.0,0.0,0.0,0.0,0.0,0,0.0,1.0
MinHashDBSCAN,3847613,2,0.0,0.0,0.0,0.0,0.0,0.0,0,0.0,1.0
MinHashDBSCAN,1419407,2,0.0,0.0,0.0,0.0,0.0,0.0,0,0.0,1.0
MinHashDBSCAN,5820128,2,0.0,0.0,0.0,0.0,0.0,0.0,0,0.0,1.0
MinHashDBSCAN,416465,2,0.0,0.0,0.0,0.0,0.0,0.0,0,0.0,1.0
MinHashDBSCAN,3250211,2,0.0,0.0,0.0,0.0,0.0,0.0,0,0.0,1.0
MinHashDBSCAN,1181554,2,0.0,0.0,0.0,0.0,0.0,0.0,0,0.0,1.0
MinHashDBSCAN,4326700,2,0.0,0.0,0.0,0.0,0.0,0.0,0,0.0,1.0
MinHashDBSCAN,1866208,2,0.0,0.0,0.0,0.0,0.0,0.0,0,0.0,0.0
MinHashDBSCAN,4966019,2,0.0,0.0,0.0,0.0,0.0,0.0,0,0.0,1.0
MinHashDBSCAN,3734341,2,0.0,0.0,0.0,0.0,0.0,0.0,0,0.0,1.0
MinHashDBSCAN,3089024,2,0.0,0.0,0.0,0.0,0.0,0.0,0,0.0,1.0
MinHashDBSCAN,4563269,2,0.0,0.0,0.0,0.0,0.0,0.0,0,0.0,1.0
MinHashDBSCAN,5241113,3,0.0,0.0,0.0,0.0,0.0,0.0,0,0.0,0.0
MinHashDBSCAN,3957364,2,0.0,0.0,0.0,0.0,0.0,0.0,0,0.0,0.0
MinHashDBSCAN,3723343,2,0.0,0.0,0.0,0.0,0.0,0.0,0,0.0,1.0
MinHashDBSCAN,1218527,2,0.0,0.0,0.0,0.0,0.0,0.0,0,0.0,1.0
MinHashDBSCAN,3368656,2,0.0,0.0,0.0,0.0,0.0,0.0,0,0.0,1.0
MinHashDBSCAN,151596,2,0.0,0.0,0.0,0.0,0.0,0.0,0,0.0,0.5
MinHashDBSCAN,1425761,2,0.0,0.0,0.0,0.0,0.0,0.0,0,0.0,0.5
MinHashDBSCAN,550092,2,0.0,0.0,0.0,0.0,0.0,0.0,0,0.0,1.0
MinHashDBSCAN,5786594,2,0.0,0.0,0.0,0.0,0.0,0.0,0,0.0,1.0
MinHashDBSCAN,3449640,2,0.0,0.0,0.0,0.0,0.0,0.0,0,0.0,1.0
MinHashDBSCAN,1828756,2,0.0,0.0,0.0,0.0,0.0,0.0,0,0.0,1.0
MinHashDBSCAN,3409621,2,0.0,0.0,0.0,0.0,0.0,0.0,0,0.0,1.0
MinHashDBSCAN,4959077,2,0.0,0.0,0.0,0.0,0.0,0.0,0,0.0,1.0
MinHashDBSCAN,3417151,2,0.0,0.0,0.0,0.0,0.0,0.0,0,0.0,1.0
MinHashDBSCAN,4393988,2,0.0,0.0,0.0,0.0,0.0,0.0,0,0.0,1.0
MinHashDBSCAN,2341087,2,0.0,0.0,0.0,0.0,0.0,0.0,0,0.0,1.0
MinHashDBSCAN,4816123,2,0.0,0.0,0.0,0.0,0.0,0.0,0,0.0,1.0
MinHashDBSCAN,2145204,2,0.0,0.0,0.0,0.0,0.0,0.0,0,0.0,1.0
MinHashDBSCAN,495949,4,0.0,0.0,0.0,0.0,0.0,0.0,0,0.0,1.0
MinHashDBSCAN,3296939,2,0.0,0.0,0.0,0.0,0.0,0.0,0,0.0,1.0
MinHashDBSCAN,4518053,2,0.0,0.0,0.0,0.0,0.0,0.0,0,0.0,0.0
MinHashDBSCAN,5201624,2,0.0,0.0,0.0,0.0,0.0,0.0,0,0.0,1.0
MinHashDBSCAN,1656204,2,0.0,0.0,0.0,0.0,0.0,0.0,0,0.0,1.0
MinHashDBSCAN,2883408,2,0.0,0.0,0.0,0.0,0.0,0.0,0,0.0,1.0
MinHashDBSCAN,527358,2,0.0,0.0,0.0,0.0,0.0,0.0,0,0.0,1.0
MinHashDBSCAN,317466,2,0.0,0.0,0.0,0.0,0.0,0.0,0,0.0,0.0
MinHashDBSCAN,3307887,2,0.0,0.0,0.0,0.0,0.0,0.0,0,0.0,1.0
MinHashDBSCAN,2014017,2,0.0,0.0,0.0,0.0,0.0,0.0,0,0.0,1.0
MinHashDBSCAN,1495317,2,0.0,0.0,0.0,0.0,0.0,0.0,0,0.0,0.0
MinHashDBSCAN,5288688,2,0.0,0.0,0.0,0.0,0.0,0.0,0,0.0,1.0
MinHashDBSCAN,1946645,2,0.0,0.0,0.0,0.0,0.0,0.0,0,0.0,1.0
MinHashDBSCAN,2383369,2,0.0,0.0,0.0,0.0,0.0,0.0,0,0.0,1.0
MinHashDBSCAN,1489898,2,0.0,0.0,0.0,0.0,0.0,0.0,0,0.0,1.0
MinHashDBSCAN,5845137,2,0.0,0.0,0.0,0.0,0.0,0.0,0,0.0,1.0
MinHashDBSCAN,5490351,2,0.0,0.0,0.0,0.0,0.0,0.0,0,0.0,0.0
MinHashDBSCAN,1389845,2,0.0,0.0,0.0,0.0,0.0,0.0,0,0.0,1.0
MinHashDBSCAN,2223199,2,0.0,0.0,0.0,0.0,0.0,0.0,0,0.0,1.0
MinHashDBSCAN,313874,2,0.0,0.0,0.0,0.0,0.0,0.0,0,0.0,1.0
MinHashDBSCAN,2133704,2,0.0,0.0,0.0,0.0,0.0,0.0,0,0.0,0.0
MinHashDBSCAN,1712723,5,0.0,0.0,0.0,0.0,0.0,0.0,0,0.0,1.0
MinHashDBSCAN,4207095,2,0.0,0.0,0.0,0.0,0.0,0.0,0,0.0,0.5
MinHashDBSCAN,4257437,2,0.0,0.0,0.0,0.0,0.0,0.0,0,0.0,1.0
MinHashDBSCAN,2866825,2,0.0,0.0,0.0,0.0,0.0,0.0,0,0.0,1.0
MinHashDBSCAN,1698385,4,0.0,0.0,0.0,0.0,0.0,0.0,0,0.0,1.0
MinHashDBSCAN,3349374,2,0.0,0.0,0.0,0.0,0.0,0.0,0,0.0,1.0
MinHashDBSCAN,2182546,2,0.0,0.0,0.0,0.0,0.0,0.0,0,0.0,1.0
MinHashDBSCAN,2053262,2,0.0,0.0,0.0,0.0,0.0,0.0,0,0.0,0.0
MinHashDBSCAN,4266176,2,0.0,0.0,0.0,0.0,0.0,0.0,0,0.0,1.0
MinHashDBSCAN,2963158,2,0.0,0.0,0.0,0.0,0.0,0.0,0,0.0,0.0
MinHashDBSCAN,5458144,2,0.0,0.0,0.0,0.0,0.0,0.0,0,0.0,0.5
MinHashDBSCAN,3797871,2,0.0,0.0,0.0,0.0,0.0,0.0,0,0.0,1.0
MinHashDBSCAN,5512795,2,0.0,0.0,0.0,0.0,0.0,0.0,0,0.0,1.0
MinHashDBSCAN,5499635,2,0.0,0.0,0.0,0.0,0.0,0.0,0,0.0,1.0
MinHashDBSCAN,1874923,2,0.0,0.0,0.0,0.0,0.0,0.0,0,0.0,1.0
MinHashDBSCAN,623340,2,0.0,0.0,0.0,0.0,0.0,0.0,0,0.0,1.0
MinHashDBSCAN,3288985,2,0.0,0.0,0.0,0.0,0.0,0.0,0,0.0,1.0
MinHashDBSCAN,2818548,3,0.0,0.0,0.0,0.0,0.0,0.0,0,0.0,0.0
MinHashDBSCAN,4793901,2,0.0,0.0,0.0,0.0,0.0,0.0,0,0.0,1.0
MinHashDBSCAN,2305257,2,0.0,0.0,0.0,0.0,0.0,0.0,0,0.0,1.0
MinHashDBSCAN,4549309,3,0.0,0.0,0.0,0.0,0.0,0.0,0,0.0,1.0
MinHashDBSCAN,2972406,2,0.0,0.0,0.0,0.0,0.0,0.0,0,0.0,0.0
MinHashDBSCAN,3014250,2,0.0,0.0,0.0,0.0,0.0,0.0,0,0.0,1.0
MinHashDBSCAN,1672871,2,0.0,0.0,0.0,0.0,0.0,0.0,0,0.0,1.0
MinHashDBSCAN,1074798,2,0.0,0.0,0.0,0.0,0.0,0.0,0,0.0,1.0
MinHashDBSCAN,4248795,2,0.0,0.0,0.0,0.0,0.0,0.0,0,0.0,1.0
MinHashDBSCAN,6024428,2,0.0,0.0,0.0,0.0,0.0,0.0,0,0.0,1.0
MinHashDBSCAN,4475585,2,0.0,0.0,0.0,0.0,0.0,0.0,0,0.0,1.0
MinHashDBSCAN,5979841,2,0.0,0.0,0.0,0.0,0.0,0.0,0,0.0,1.0
MinHashDBSCAN,3646966,2,0.0,0.0,0.0,0.0,0.0,0.0,0,0.0,1.0
MinHashDBSCAN,3134845,2,0.0,0.0,0.0,0.0,0.0,0.0,0,0.0,1.0
MinHashDBSCAN,3657359,2,0.0,0.0,0.0,0.0,0.0,0.0,0,0.0,0.0
MinHashDBSCAN,3494751,2,0.0,0.0,0.0,0.0,0.0,0.0,0,0.0,1.0
MinHashDBSCAN,4012235,2,0.0,0.0,0.0,0.0,0.0,0.0,0,0.0,1.0
MinHashDBSCAN,2872682,2,0.0,0.0,0.0,0.0,0.0,0.0,0,0.0,0.0
MinHashDBSCAN,4098349,2,0.0,0.0,0.0,0.0,0.0,0.0,0,0.0,1.0
MinHashDBSCAN,1939841,2,0.0,0.0,0.0,0.0,0.0,0.0,0,0.0,1.0
MinHashDBSCAN,3029287,2,0.0,0.0,0.0,0.0,0.0,0.0,0,0.0,0.0
MinHashDBSCAN,4270585,2,0.0,0.0,0.0,0.0,0.0,0.0,0,0.0,1.0
MinHashDBSCAN,6337530,2,0.0,0.0,0.0,0.0,0.0,0.0,0,0.0,1.0
MinHashDBSCAN,5559447,2,0.0,0.0,0.0,0.0,0.0,0.0,0,0.0,1.0
MinHashDBSCAN,2492200,2,0.0,0.0,0.0,0.0,0.0,0.0,0,0.0,1.0
MinHashDBSCAN,3506958,2,0.0,0.0,0.0,0.0,0.0,0.0,0,0.0,1.0
MinHashDBSCAN,4280289,3,0.0,0.0,0.0,0.0,0.0,0.0,0,0.0,0.0
MinHashDBSCAN,4600871,2,0.0,0.0,0.0,0.0,0.0,0.0,0,0.0,1.0
MinHashDBSCAN,5478105,2,0.0,0.0,0.0,0.0,0.0,0.0,0,0.0,1.0
MinHashDBSCAN,5161710,2,0.0,0.0,0.0,0.0,0.0,0.0,0,0.0,0.5
MinHashDBSCAN,2140677,4,0.0,0.0,0.0,0.0,0.0,0.0,0,0.0,1.0
MinHashDBSCAN,6244236,2,0.0,0.0,0.0,0.0,0.0,0.0,0,0.0,1.0
MinHashDBSCAN,3025411,2,0.0,0.0,0.0,0.0,0.0,0.0,0,0.0,0.0
MinHashDBSCAN,1210230,2,0.0,0.0,0.0,0.0,0.0,0.0,0,0.0,1.0
MinHashDBSCAN,5891364,2,0.0,0.0,0.0,0.0,0.0,0.0,0,0.0,1.0
MinHashDBSCAN,1716415,2,0.0,0.0,0.0,0.0,0.0,0.0,0,0.0,1.0
MinHashDBSCAN,1149463,2,0.0,0.0,0.0,0.0,0.0,0.0,0,0.0,0.0
MinHashDBSCAN,4547086,4,0.0,0.0,0.0,0.0,0.0,0.0,0,0.0,0.5
MinHashDBSCAN,6201636,3,0.0,0.0,0.0,0.0,0.0,0.0,0,0.0,1.0
MinHashDBSCAN,426218,2,0.0,0.0,0.0,0.0,0.0,0.0,0,0.0,1.0
MinHashDBSCAN,5116237,2,0.0,0.0,0.0,0.0,0.0,0.0,0,0.0,1.0
MinHashDBSCAN,3375418,2,0.0,0.0,0.0,0.0,0.0,0.0,0,0.0,0.0
MinHashDBSCAN,4644312,2,0.0,0.0,0.0,0.0,0.0,0.0,0,0.0,0.5
MinHashDBSCAN,134842,2,0.0,0.0,0.0,0.0,0.0,0.0,0,0.0,0.0
MinHashDBSCAN,4710580,2,0.0,0.0,0.0,0.0,0.0,0.0,0,0.0,0.0
MinHashDBSCAN,581914,3,0.0,0.0,0.0,0.0,0.0,0.0,0,0.0,0.3333333333333333
MinHashDBSCAN,1674565,2,0.0,0.0,0.0,0.0,0.0,0.0,0,0.0,1.0
MinHashDBSCAN,3369189,2,0.0,0.0,0.0,0.0,0.0,0.0,0,0.0,1.0
MinHashDBSCAN,5318494,2,0.0,0.0,0.0,0.0,0.0,0.0,0,0.0,1.0
MinHashDBSCAN,1956956,2,0.0,0.0,0.0,0.0,0.0,0.0,0,0.0,1.0
MinHashDBSCAN,3584287,2,0.0,0.0,0.0,0.0,0.0,0.0,0,0.0,1.0
MinHashDBSCAN,5871812,2,0.0,0.0,0.0,0.0,0.0,0.0,0,0.0,1.0
MinHashDBSCAN,4849183,2,0.0,0.0,0.0,0.0,0.0,0.0,0,0.0,1.0
MinHashDBSCAN,5519066,2,0.0,0.0,0.0,0.0,0.0,0.0,0,0.0,0.0
MinHashDBSCAN,5807249,2,0.0,0.0,0.0,0.0,0.0,0.0,0,0.0,1.0
MinHashDBSCAN,5161178,2,0.0,0.0,0.0,0.0,0.0,0.0,0,0.0,0.0
MinHashDBSCAN,3189416,2,0.0,0.0,0.0,0.0,0.0,0.0,0,0.0,0.0
MinHashDBSCAN,5093856,2,0.0,0.0,0.0,0.0,0.0,0.0,0,0.0,1.0
MinHashDBSCAN,14081,2,0.0,0.0,0.0,0.0,0.0,0.0,0,0.0,1.0
MinHashDBSCAN,3371797,4,0.0,0.0,0.0,0.0,0.0,0.0,0,0.0,1.0
MinHashDBSCAN,6009715,2,0.0,0.0,0.0,0.0,0.0,0.0,0,0.0,1.0
MinHashDBSCAN,5130169,2,0.0,0.0,0.0,0.0,0.0,0.0,0,0.0,1.0
MinHashDBSCAN,4536966,3,0.0,0.0,0.0,0.0,0.0,0.0,0,0.0,1.0
MinHashDBSCAN,5141891,2,0.0,0.0,0.0,0.0,0.0,0.0,0,0.0,1.0
MinHashDBSCAN,1056367,2,0.0,0.0,0.0,0.0,0.0,0.0,0,0.0,1.0
MinHashDBSCAN,3054306,2,0.0,0.0,0.0,0.0,0.0,0.0,0,0.0,0.0
MinHashDBSCAN,1400501,2,0.0,0.0,0.0,0.0,0.0,0.0,0,0.0,1.0
MinHashDBSCAN,2129555,2,0.0,0.0,0.0,0.0,0.0,0.0,0,0.0,0.0
MinHashDBSCAN,2277682,2,0.0,0.0,0.0,0.0,0.0,0.0,0,0.0,1.0
MinHashDBSCAN,5216541,2,0.0,0.0,0.0,0.0,0.0,0.0,0,0.0,0.0
MinHashDBSCAN,2045127,2,0.0,0.0,0.0,0.0,0.0,0.0,0,0.0,1.0
MinHashDBSCAN,4656891,3,0.0,0.0,0.0,0.0,0.0,0.0,0,0.0,1.0
MinHashDBSCAN,2065591,2,0.0,0.0,0.0,0.0,0.0,0.0,0,0.0,0.5
MinHashDBSCAN,1131241,2,0.0,0.0,0.0,0.0,0.0,0.0,0,0.0,1.0
MinHashDBSCAN,3917828,2,0.0,0.0,0.0,0.0,0.0,0.0,0,0.0,1.0
MinHashDBSCAN,2284353,2,0.0,0.0,0.0,0.0,0.0,0.0,0,0.0,1.0
MinHashDBSCAN,3299760,2,0.0,0.0,0.0,0.0,0.0,0.0,0,0.0,1.0
MinHashDBSCAN,4048139,2,0.0,0.0,0.0,0.0,0.0,0.0,0,0.0,1.0
MinHashDBSCAN,2247982,2,0.0,0.0,0.0,0.0,0.0,0.0,0,0.0,1.0
MinHashDBSCAN,1621077,2,0.0,0.0,0.0,0.0,0.0,0.0,0,0.0,1.0
MinHashDBSCAN,3331144,2,0.0,0.0,0.0,0.0,0.0,0.0,0,0.0,1.0
MinHashDBSCAN,1792141,2,0.0,0.0,0.0,0.0,0.0,0.0,0,0.0,1.0
MinHashDBSCAN,1141676,2,0.0,0.0,0.0,0.0,0.0,0.0,0,0.0,1.0
MinHashDBSCAN,1233181,2,0.0,0.0,0.0,0.0,0.0,0.0,0,0.0,1.0
MinHashDBSCAN,636700,2,0.0,0.0,0.0,0.0,0.0,0.0,0,0.0,1.0
MinHashDBSCAN,4671892,2,0.0,0.0,0.0,0.0,0.0,0.0,0,0.0,1.0
MinHashDBSCAN,2096772,2,0.0,0.0,0.0,0.0,0.0,0.0,0,0.0,1.0
MinHashDBSCAN,3394837,2,0.0,0.0,0.0,0.0,0.0,0.0,0,0.0,0.0
MinHashDBSCAN,6104666,2,0.0,0.0,0.0,0.0,0.0,0.0,0,0.0,1.0
MinHashDBSCAN,5315539,2,0.0,0.0,0.0,0.0,0.0,0.0,0,0.0,1.0
MinHashDBSCAN,356041,2,0.0,0.0,0.0,0.0,0.0,0.0,0,0.0,1.0
MinHashDBSCAN,5763739,2,0.0,0.0,0.0,0.0,0.0,0.0,0,0.0,0.0
MinHashDBSCAN,2673476,2,0.0,0.0,0.0,0.0,0.0,0.0,0,0.0,0.0
MinHashDBSCAN,5612772,2,0.0,0.0,0.0,0.0,0.0,0.0,0,0.0,1.0
MinHashDBSCAN,5709980,2,0.0,0.0,0.0,0.0,0.0,0.0,0,0.0,1.0
MinHashDBSCAN,5374565,2,0.0,0.0,0.0,0.0,0.0,0.0,0,0.0,0.5
MinHashDBSCAN,2967781,2,0.0,0.0,0.0,0.0,0.0,0.0,0,0.0,1.0
MinHashDBSCAN,5157284,2,0.0,0.0,0.0,0.0,0.0,0.0,0,0.0,1.0
MinHashDBSCAN,5463212,2,0.0,0.0,0.0,0.0,0.0,0.0,0,0.0,1.0
MinHashDBSCAN,2276496,2,0.0,0.0,0.0,0.0,0.0,0.0,0,0.0,1.0
MinHashDBSCAN,2857216,2,0.0,0.0,0.0,0.0,0.0,0.0,0,0.0,1.0
MinHashDBSCAN,4067802,2,0.0,0.0,0.0,0.0,0.0,0.0,0,0.0,1.0
MinHashDBSCAN,3467850,2,0.0,0.0,0.0,0.0,0.0,0.0,0,0.0,1.0
MinHashDBSCAN,1466717,2,0.0,0.0,0.0,0.0,0.0,0.0,0,0.0,1.0
MinHashDBSCAN,6348401,3,0.0,0.0,0.0,0.0,0.0,0.0,0,0.0,1.0
MinHashDBSCAN,1045667,2,0.0,0.0,0.0,0.0,0.0,0.0,0,0.0,1.0
MinHashDBSCAN,4357655,2,0.0,0.0,0.0,0.0,0.0,0.0,0,0.0,1.0
MinHashDBSCAN,5355416,2,0.0,0.0,0.0,0.0,0.0,0.0,0,0.0,1.0
MinHashDBSCAN,2156003,2,0.0,0.0,0.0,0.0,0.0,0.0,0,0.0,1.0
MinHashDBSCAN,1340392,2,0.0,0.0,0.0,0.0,0.0,0.0,0,0.0,0.0
MinHashDBSCAN,144030,4,0.0,0.0,0.0,0.0,0.0,0.0,0,0.0,1.0
MinHashDBSCAN,5574465,2,0.0,0.0,0.0,0.0,0.0,0.0,0,0.0,1.0
MinHashDBSCAN,1549801,2,0.0,0.0,0.0,0.0,0.0,0.0,0,0.0,1.0
MinHashDBSCAN,3096727,2,0.0,0.0,0.0,0.0,0.0,0.0,0,0.0,1.0
MinHashDBSCAN,266254,2,0.0,0.0,0.0,0.0,0.0,0.0,0,0.0,1.0
MinHashDBSCAN,2465167,2,0.0,0.0,0.0,0.0,0.0,0.0,0,0.0,1.0
MinHashDBSCAN,470861,2,0.0,0.0,0.0,0.0,0.0,0.0,0,0.0,1.0
MinHashDBSCAN,34557,2,0.0,0.0,0.0,0.0,0.0,0.0,0,0.0,1.0
MinHashDBSCAN,4838265,2,0.0,0.0,0.0,0.0,0.0,0.0,0,0.0,0.0
MinHashDBSCAN,4151609,2,0.0,0.0,0.0,0.0,0.0,0.0,0,0.0,1.0
MinHashDBSCAN,3890237,2,0.0,0.0,0.0,0.0,0.0,0.0,0,0.0,0.0
MinHashDBSCAN,6031947,2,0.0,0.0,0.0,0.0,0.0,0.0,0,0.0,0.0
MinHashDBSCAN,1934038,2,0.0,0.0,0.0,0.0,0.0,0.0,0,0.0,1.0
MinHashDBSCAN,14039,2,0.0,0.0,0.0,0.0,0.0,0.0,0,0.0,0.5
MinHashDBSCAN,6019659,2,0.0,0.0,0.0,0.0,0.0,0.0,0,0.0,1.0
MinHashDBSCAN,5860328,2,0.0,0.0,0.0,0.0,0.0,0.0,0,0.0,1.0
MinHashDBSCAN,6123851,5,0.0,0.0,0.0,0.0,0.0,0.0,0,0.0,0.6
MinHashDBSCAN,5004568,2,0.0,0.0,0.0,0.0,0.0,0.0,0,0.0,1.0
MinHashDBSCAN,3834869,2,0.0,0.0,0.0,0.0,0.0,0.0,0,0.0,1.0
MinHashDBSCAN,3312569,2,0.0,0.0,0.0,0.0,0.0,0.0,0,0.0,1.0
MinHashDBSCAN,2540577,2,0.0,0.0,0.0,0.0,0.0,0.0,0,0.0,1.0
MinHashDBSCAN,2329040,2,0.0,0.0,0.0,0.0,0.0,0.0,0,0.0,1.0
MinHashDBSCAN,3827249,2,0.0,0.0,0.0,0.0,0.0,0.0,0,0.0,1.0
MinHashDBSCAN,6238444,2,0.0,0.0,0.0,0.0,0.0,0.0,0,0.0,1.0
MinHashDBSCAN,5537725,2,0.0,0.0,0.0,0.0,0.0,0.0,0,0.0,0.0
MinHashDBSCAN,2150872,2,0.0,0.0,0.0,0.0,0.0,0.0,0,0.0,1.0
MinHashDBSCAN,5375968,2,0.0,0.0,0.0,0.0,0.0,0.0,0,0.0,1.0
MinHashDBSCAN,2412075,2,0.0,0.0,0.0,0.0,0.0,0.0,0,0.0,1.0
MinHashDBSCAN,4711167,2,0.0,0.0,0.0,0.0,0.0,0.0,0,0.0,1.0
MinHashDBSCAN,5656940,2,0.0,0.0,0.0,0.0,0.0,0.0,0,0.0,1.0
MinHashDBSCAN,4298954,2,0.0,0.0,0.0,0.0,0.0,0.0,0,0.0,0.0
MinHashDBSCAN,1459856,2,0.0,0.0,0.0,0.0,0.0,0.0,0,0.0,1.0
MinHashDBSCAN,6085026,2,0.0,0.0,0.0,0.0,0.0,0.0,0,0.0,1.0
MinHashDBSCAN,4987229,2,0.0,0.0,0.0,0.0,0.0,0.0,0,0.0,0.0
MinHashDBSCAN,2111910,2,0.0,0.0,0.0,0.0,0.0,0.0,0,0.0,1.0
MinHashDBSCAN,6019970,2,0.0,0.0,0.0,0.0,0.0,0.0,0,0.0,1.0
MinHashDBSCAN,4736213,2,0.0,0.0,0.0,0.0,0.0,0.0,0,0.0,1.0
MinHashDBSCAN,1470710,2,0.0,0.0,0.0,0.0,0.0,0.0,0,0.0,0.0
MinHashDBSCAN,2525335,2,0.0,0.0,0.0,0.0,0.0,0.0,0,0.0,0.0
MinHashDBSCAN,3076814,3,0.0,0.0,0.0,0.0,0.0,0.0,0,0.0,1.0
MinHashDBSCAN,4497077,2,0.0,0.0,0.0,0.0,0.0,0.0,0,0.0,1.0
MinHashDBSCAN,1484311,2,0.0,0.0,0.0,0.0,0.0,0.0,0,0.0,1.0
MinHashDBSCAN,3130029,2,0.0,0.0,0.0,0.0,0.0,0.0,0,0.0,0.0
MinHashDBSCAN,1411378,2,0.0,0.0,0.0,0.0,0.0,0.0,0,0.0,1.0
MinHashDBSCAN,4631905,2,0.0,0.0,0.0,0.0,0.0,0.0,0,0.0,1.0
MinHashDBSCAN,4547288,2,0.0,0.0,0.0,0.0,0.0,0.0,0,0.0,1.0
MinHashDBSCAN,468377,2,0.0,0.0,0.0,0.0,0.0,0.0,0,0.0,0.0
MinHashDBSCAN,5245704,2,0.0,0.0,0.0,0.0,0.0,0.0,0,0.0,1.0
MinHashDBSCAN,2571620,2,0.0,0.0,0.0,0.0,0.0,0.0,0,0.0,1.0
MinHashDBSCAN,3633749,2,0.0,0.0,0.0,0.0,0.0,0.0,0,0.0,1.0
MinHashDBSCAN,4271222,2,0.0,0.0,0.0,0.0,0.0,0.0,0,0.0,1.0
MinHashDBSCAN,3486001,2,0.0,0.0,0.0,0.0,0.0,0.0,0,0.0,1.0
MinHashDBSCAN,5069519,2,0.0,0.0,0.0,0.0,0.0,0.0,0,0.0,1.0
MinHashDBSCAN,1216804,2,0.0,0.0,0.0,0.0,0.0,0.0,0,0.0,1.0
MinHashDBSCAN,4112705,2,0.0,0.0,0.0,0.0,0.0,0.0,0,0.0,1.0
MinHashDBSCAN,3737610,2,0.0,0.0,0.0,0.0,0.0,0.0,0,0.0,1.0
MinHashDBSCAN,4154683,2,0.0,0.0,0.0,0.0,0.0,0.0,0,0.0,1.0
MinHashDBSCAN,3730430,2,0.0,0.0,0.0,0.0,0.0,0.0,0,0.0,1.0
MinHashDBSCAN,4237791,2,0.0,0.0,0.0,0.0,0.0,0.0,0,0.0,1.0
MinHashDBSCAN,2573332,2,0.0,0.0,0.0,0.0,0.0,0.0,0,0.0,1.0
MinHashDBSCAN,106544,2,0.0,0.0,0.0,0.0,0.0,0.0,0,0.0,0.0
MinHashDBSCAN,1334134,2,0.0,0.0,0.0,0.0,0.0,0.0,0,0.0,1.0
MinHashDBSCAN,4497363,2,0.0,0.0,0.0,0.0,0.0,0.0,0,0.0,1.0
MinHashDBSCAN,6002614,2,0.0,0.0,0.0,0.0,0.0,0.0,0,0.0,1.0
MinHashDBSCAN,4211860,2,0.0,0.0,0.0,0.0,0.0,0.0,0,0.0,1.0
MinHashDBSCAN,3580359,2,0.0,0.0,0.0,0.0,0.0,0.0,0,0.0,1.0
MinHashDBSCAN,4382311,2,0.0,0.0,0.0,0.0,0.0,0.0,0,0.0,1.0
MinHashDBSCAN,4431314,2,0.0,0.0,0.0,0.0,0.0,0.0,0,0.0,1.0
MinHashDBSCAN,4241244,2,0.0,0.0,0.0,0.0,0.0,0.0,0,0.0,1.0
MinHashDBSCAN,4196959,2,0.0,0.0,0.0,0.0,0.0,0.0,0,0.0,1.0
MinHashDBSCAN,1949648,2,0.0,0.0,0.0,0.0,0.0,0.0,0,0.0,1.0
MinHashDBSCAN,5078384,2,0.0,0.0,0.0,0.0,0.0,0.0,0,0.0,1.0
MinHashDBSCAN,5097701,2,0.0,0.0,0.0,0.0,0.0,0.0,0,0.0,1.0
MinHashDBSCAN,1451762,3,0.0,0.0,0.0,0.0,0.0,0.0,0,0.0,1.0
MinHashDBSCAN,6002684,2,0.0,0.0,0.0,0.0,0.0,0.0,0,0.0,1.0
MinHashDBSCAN,5825909,2,0.0,0.0,0.0,0.0,0.0,0.0,0,0.0,1.0
MinHashDBSCAN,4496667,2,0.0,0.0,0.0,0.0,0.0,0.0,0,0.0,1.0
MinHashDBSCAN,5255518,2,0.0,0.0,0.0,0.0,0.0,0.0,0,0.0,1.0
MinHashDBSCAN,2440457,2,0.0,0.0,0.0,0.0,0.0,0.0,0,0.0,1.0
MinHashDBSCAN,1671070,2,0.0,0.0,0.0,0.0,0.0,0.0,0,0.0,1.0
MinHashDBSCAN,4131094,3,0.0,0.0,0.0,0.0,0.0,0.0,0,0.0,0.3333333333333333
MinHashDBSCAN,3152728,2,0.0,0.0,0.0,0.0,0.0,0.0,0,0.0,0.0
MinHashDBSCAN,289549,2,0.0,0.0,0.0,0.0,0.0,0.0,0,0.0,0.0
MinHashDBSCAN,1506519,2,0.0,0.0,0.0,0.0,0.0,0.0,0,0.0,1.0
MinHashDBSCAN,3516831,2,0.0,0.0,0.0,0.0,0.0,0.0,0,0.0,1.0
MinHashDBSCAN,1509884,2,0.0,0.0,0.0,0.0,0.0,0.0,0,0.0,1.0
MinHashDBSCAN,3449914,2,0.0,0.0,0.0,0.0,0.0,0.0,0,0.0,1.0
MinHashDBSCAN,5452715,2,0.0,0.0,0.0,0.0,0.0,0.0,0,0.0,1.0
MinHashDBSCAN,1220618,2,0.0,0.0,0.0,0.0,0.0,0.0,0,0.0,1.0
MinHashDBSCAN,1711487,2,0.0,0.0,0.0,0.0,0.0,0.0,0,0.0,1.0
MinHashDBSCAN,5475534,3,0.0,0.0,0.0,0.0,0.0,0.0,0,0.0,1.0
MinHashDBSCAN,5446866,2,0.0,0.0,0.0,0.0,0.0,0.0,0,0.0,1.0
MinHashDBSCAN,4222138,2,0.0,0.0,0.0,0.0,0.0,0.0,0,0.0,0.0
MinHashDBSCAN,427641,2,0.0,0.0,0.0,0.0,0.0,0.0,0,0.0,1.0
MinHashDBSCAN,2497872,2,0.0,0.0,0.0,0.0,0.0,0.0,0,0.0,0.5
MinHashDBSCAN,6268528,2,0.0,0.0,0.0,0.0,0.0,0.0,0,0.0,1.0
MinHashDBSCAN,5523895,2,0.0,0.0,0.0,0.0,0.0,0.0,0,0.0,1.0
MinHashDBSCAN,5012075,2,0.0,0.0,0.0,0.0,0.0,0.0,0,0.0,1.0
MinHashDBSCAN,629903,2,0.0,0.0,0.0,0.0,0.0,0.0,0,0.0,1.0
MinHashDBSCAN,618954,2,0.0,0.0,0.0,0.0,0.0,0.0,0,0.0,1.0
MinHashDBSCAN,1747307,2,0.0,0.0,0.0,0.0,0.0,0.0,0,0.0,1.0
MinHashDBSCAN,2663232,2,0.0,0.0,0.0,0.0,0.0,0.0,0,0.0,1.0
MinHashDBSCAN,5109015,3,0.0,0.0,0.0,0.0,0.0,0.0,0,0.0,1.0
MinHashDBSCAN,398287,2,0.0,0.0,0.0,0.0,0.0,0.0,0,0.0,0.0
MinHashDBSCAN,374300,2,0.0,0.0,0.0,0.0,0.0,0.0,0,0.0,1.0
MinHashDBSCAN,4965925,2,0.0,0.0,0.0,0.0,0.0,0.0,0,0.0,1.0
MinHashDBSCAN,3337510,3,0.0,0.0,0.0,0.0,0.0,0.0,0,0.0,0.3333333333333333
MinHashDBSCAN,4071243,2,0.0,0.0,0.0,0.0,0.0,0.0,0,0.0,1.0
MinHashDBSCAN,2944561,2,0.0,0.0,0.0,0.0,0.0,0.0,0,0.0,1.0
MinHashDBSCAN,6334469,2,0.0,0.0,0.0,0.0,0.0,0.0,0,0.0,1.0
MinHashDBSCAN,4710152,2,0.0,0.0,0.0,0.0,0.0,0.0,0,0.0,1.0
MinHashDBSCAN,4019189,2,0.0,0.0,0.0,0.0,0.0,0.0,0,0.0,1.0
MinHashDBSCAN,1008960,2,0.0,0.0,0.0,0.0,0.0,0.0,0,0.0,1.0
MinHashDBSCAN,385828,3,0.0,0.0,0.0,0.0,0.0,0.0,0,0.0,1.0
MinHashDBSCAN,2398763,5,0.0,0.0,0.0,0.0,0.0,0.0,0,0.0,0.6
MinHashDBSCAN,5749657,2,0.0,0.0,0.0,0.0,0.0,0.0,0,0.0,1.0
MinHashDBSCAN,2564110,2,0.0,0.0,0.0,0.0,0.0,0.0,0,0.0,0.5
MinHashDBSCAN,248965,2,0.0,0.0,0.0,0.0,0.0,0.0,0,0.0,1.0
MinHashDBSCAN,2553883,2,0.0,0.0,0.0,0.0,0.0,0.0,0,0.0,1.0
MinHashDBSCAN,1109802,2,0.0,0.0,0.0,0.0,0.0,0.0,0,0.0,1.0
MinHashDBSCAN,4244456,2,0.0,0.0,0.0,0.0,0.0,0.0,0,0.0,1.0
MinHashDBSCAN,6228621,2,0.0,0.0,0.0,0.0,0.0,0.0,0,0.0,1.0
MinHashDBSCAN,5017515,2,0.0,0.0,0.0,0.0,0.0,0.0,0,0.0,1.0
MinHashDBSCAN,118186,2,0.0,0.0,0.0,0.0,0.0,0.0,0,0.0,1.0
MinHashDBSCAN,1486403,2,0.0,0.0,0.0,0.0,0.0,0.0,0,0.0,0.0
MinHashDBSCAN,3886844,2,0.0,0.0,0.0,0.0,0.0,0.0,0,0.0,1.0
MinHashDBSCAN,1332237,2,0.0,0.0,0.0,0.0,0.0,0.0,0,0.0,0.0
MinHashDBSCAN,5089218,2,0.0,0.0,0.0,0.0,0.0,0.0,0,0.0,1.0
MinHashDBSCAN,252193,4278,0.0,0.0,0.0,0.0,0.0,0.0,0,0.0,0.0
MinHashDBSCAN,4677589,3,0.0,0.0,0.0,0.0,0.0,0.0,0,0.0,1.0
MinHashDBSCAN,4192405,3,0.0,0.0,0.0,0.0,0.0,0.0,0,0.0,1.0
MinHashDBSCAN,5799660,2,0.0,0.0,0.0,0.0,0.0,0.0,0,0.0,1.0
MinHashDBSCAN,4499704,2,0.0,0.0,0.0,0.0,0.0,0.0,0,0.0,1.0
MinHashDBSCAN,5739806,2,0.0,0.0,0.0,0.0,0.0,0.0,0,0.0,1.0
MinHashDBSCAN,4590235,4278,0.0,0.0,0.0,0.0,0.0,0.0,0,0.0,0.0
MinHashDBSCAN,2882474,2,0.0,0.0,0.0,0.0,0.0,0.0,0,0.0,1.0
MinHashDBSCAN,1456935,2,0.0,0.0,0.0,0.0,0.0,0.0,0,0.0,1.0
MinHashDBSCAN,5273871,2,0.0,0.0,0.0,0.0,0.0,0.0,0,0.0,1.0
MinHashDBSCAN,2775930,2,0.0,0.0,0.0,0.0,0.0,0.0,0,0.0,1.0
MinHashDBSCAN,4287619,2,0.0,0.0,0.0,0.0,0.0,0.0,0,0.0,1.0
MinHashDBSCAN,307373,2,0.0,0.0,0.0,0.0,0.0,0.0,0,0.0,1.0
MinHashDBSCAN,4921122,2,0.0,0.0,0.0,0.0,0.0,0.0,0,0.0,0.0
MinHashDBSCAN,1140444,2,0.0,0.0,0.0,0.0,0.0,0.0,0,0.0,0.0
MinHashDBSCAN,2380941,2,0.0,0.0,0.0,0.0,0.0,0.0,0,0.0,1.0
MinHashDBSCAN,2964885,2,0.0,0.0,0.0,0.0,0.0,0.0,0,0.0,1.0
MinHashDBSCAN,1409524,2,0.0,0.0,0.0,0.0,0.0,0.0,0,0.0,1.0
MinHashDBSCAN,3952935,2,0.0,0.0,0.0,0.0,0.0,0.0,0,0.0,1.0
MinHashDBSCAN,4065797,2,0.0,0.0,0.0,0.0,0.0,0.0,0,0.0,1.0
MinHashDBSCAN,1987019,3,0.0,0.0,0.0,0.0,0.0,0.0,0,0.0,1.0
MinHashDBSCAN,3944044,2,0.0,0.0,0.0,0.0,0.0,0.0,0,0.0,1.0
MinHashDBSCAN,5245492,3,0.0,0.0,0.0,0.0,0.0,0.0,0,0.0,1.0
MinHashDBSCAN,1906998,2,0.0,0.0,0.0,0.0,0.0,0.0,0,0.0,0.0
MinHashDBSCAN,2070689,2,0.0,0.0,0.0,0.0,0.0,0.0,0,0.0,0.0
MinHashDBSCAN,4479260,2,0.0,0.0,0.0,0.0,0.0,0.0,0,0.0,1.0
MinHashDBSCAN,5287891,2,0.0,0.0,0.0,0.0,0.0,0.0,0,0.0,1.0
MinHashDBSCAN,5282651,2,0.0,0.0,0.0,0.0,0.0,0.0,0,0.0,0.0
MinHashDBSCAN,2659553,2,0.0,0.0,0.0,0.0,0.0,0.0,0,0.0,1.0
MinHashDBSCAN,2947113,2,0.0,0.0,0.0,0.0,0.0,0.0,0,0.0,1.0
MinHashDBSCAN,4164689,2,0.0,0.0,0.0,0.0,0.0,0.0,0,0.0,1.0
MinHashDBSCAN,5746950,2,0.0,0.0,0.0,0.0,0.0,0.0,0,0.0,0.0
MinHashDBSCAN,459476,2,0.0,0.0,0.0,0.0,0.0,0.0,0,0.0,1.0
MinHashDBSCAN,5976027,2,0.0,0.0,0.0,0.0,0.0,0.0,0,0.0,1.0
MinHashDBSCAN,1341370,2,0.0,0.0,0.0,0.0,0.0,0.0,0,0.0,1.0
MinHashDBSCAN,5233318,2,0.0,0.0,0.0,0.0,0.0,0.0,0,0.0,1.0
MinHashDBSCAN,247695,2,0.0,0.0,0.0,0.0,0.0,0.0,0,0.0,1.0
MinHashDBSCAN,5978756,2,0.0,0.0,0.0,0.0,0.0,0.0,0,0.0,1.0
MinHashDBSCAN,6018740,2,0.0,0.0,0.0,0.0,0.0,0.0,0,0.0,1.0
MinHashDBSCAN,4379005,2,0.0,0.0,0.0,0.0,0.0,0.0,0,0.0,0.5
MinHashDBSCAN,1358442,2,0.0,0.0,0.0,0.0,0.0,0.0,0,0.0,0.5
MinHashDBSCAN,2396449,2,0.0,0.0,0.0,0.0,0.0,0.0,0,0.0,1.0
MinHashDBSCAN,1162415,2,0.0,0.0,0.0,0.0,0.0,0.0,0,0.0,1.0
MinHashDBSCAN,1744672,2,0.0,0.0,0.0,0.0,0.0,0.0,0,0.0,1.0
MinHashDBSCAN,1140078,2,0.0,0.0,0.0,0.0,0.0,0.0,0,0.0,1.0
MinHashDBSCAN,3106757,2,0.0,0.0,0.0,0.0,0.0,0.0,0,0.0,1.0
MinHashDBSCAN,1003655,2,0.0,0.0,0.0,0.0,0.0,0.0,0,0.0,1.0
MinHashDBSCAN,1704209,2,0.0,0.0,0.0,0.0,0.0,0.0,0,0.0,1.0
MinHashDBSCAN,5704761,2,0.0,0.0,0.0,0.0,0.0,0.0,0,0.0,1.0
MinHashDBSCAN,5531947,2,0.0,0.0,0.0,0.0,0.0,0.0,0,0.0,1.0
MinHashDBSCAN,3045502,2,0.0,0.0,0.0,0.0,0.0,0.0,0,0.0,1.0
MinHashDBSCAN,623100,2,0.0,0.0,0.0,0.0,0.0,0.0,0,0.0,1.0
MinHashDBSCAN,2642439,2,0.0,0.0,0.0,0.0,0.0,0.0,0,0.0,1.0
MinHashDBSCAN,5276254,2,0.0,0.0,0.0,0.0,0.0,0.0,0,0.0,1.0
MinHashDBSCAN,1704362,2,0.0,0.0,0.0,0.0,0.0,0.0,0,0.0,1.0
MinHashDBSCAN,3028180,2,0.0,0.0,0.0,0.0,0.0,0.0,0,0.0,1.0
MinHashDBSCAN,1444620,2,0.0,0.0,0.0,0.0,0.0,0.0,0,0.0,1.0
MinHashDBSCAN,3150630,2,0.0,0.0,0.0,0.0,0.0,0.0,0,0.0,0.0
MinHashDBSCAN,2272178,2,0.0,0.0,0.0,0.0,0.0,0.0,0,0.0,1.0
MinHashDBSCAN,5427227,2,0.0,0.0,0.0,0.0,0.0,0.0,0,0.0,1.0
MinHashDBSCAN,4313573,2,0.0,0.0,0.0,0.0,0.0,0.0,0,0.0,1.0
MinHashDBSCAN,5798963,2,0.0,0.0,0.0,0.0,0.0,0.0,0,0.0,1.0
MinHashDBSCAN,5919132,2,0.0,0.0,0.0,0.0,0.0,0.0,0,0.0,1.0
MinHashDBSCAN,325775,2,0.0,0.0,0.0,0.0,0.0,0.0,0,0.0,1.0
MinHashDBSCAN,2284504,2,0.0,0.0,0.0,0.0,0.0,0.0,0,0.0,1.0
MinHashDBSCAN,323727,3,0.0,0.0,0.0,0.0,0.0,0.0,0,0.0,1.0
MinHashDBSCAN,2367373,3,0.0,0.0,0.0,0.0,0.0,0.0,0,0.0,1.0
MinHashDBSCAN,2818639,2,0.0,0.0,0.0,0.0,0.0,0.0,0,0.0,1.0
MinHashDBSCAN,4730229,2,0.0,0.0,0.0,0.0,0.0,0.0,0,0.0,1.0
MinHashDBSCAN,3908695,2,0.0,0.0,0.0,0.0,0.0,0.0,0,0.0,1.0
MinHashDBSCAN,5142481,2,0.0,0.0,0.0,0.0,0.0,0.0,0,0.0,1.0
MinHashDBSCAN,5726137,2,0.0,0.0,0.0,0.0,0.0,0.0,0,0.0,0.0
MinHashDBSCAN,5029187,2,0.0,0.0,0.0,0.0,0.0,0.0,0,0.0,1.0
MinHashDBSCAN,2147283,2,0.0,0.0,0.0,0.0,0.0,0.0,0,0.0,1.0
MinHashDBSCAN,2047468,2,0.0,0.0,0.0,0.0,0.0,0.0,0,0.0,1.0
MinHashDBSCAN,4513386,2,0.0,0.0,0.0,0.0,0.0,0.0,0,0.0,1.0
MinHashDBSCAN,2295012,2,0.0,0.0,0.0,0.0,0.0,0.0,0,0.0,1.0
MinHashDBSCAN,1193461,2,0.0,0.0,0.0,0.0,0.0,0.0,0,0.0,1.0
MinHashDBSCAN,4289882,2,0.0,0.0,0.0,0.0,0.0,0.0,0,0.0,1.0
MinHashDBSCAN,450211,2,0.0,0.0,0.0,0.0,0.0,0.0,0,0.0,1.0
MinHashDBSCAN,6106194,2,0.0,0.0,0.0,0.0,0.0,0.0,0,0.0,1.0
MinHashDBSCAN,5150046,2,0.0,0.0,0.0,0.0,0.0,0.0,0,0.0,1.0
MinHashDBSCAN,4659608,2,0.0,0.0,0.0,0.0,0.0,0.0,0,0.0,1.0
MinHashDBSCAN,1326539,3,0.0,0.0,0.0,0.0,0.0,0.0,0,0.0,0.6666666666666666
MinHashDBSCAN,4370797,2,0.0,0.0,0.0,0.0,0.0,0.0,0,0.0,1.0
MinHashDBSCAN,3954786,2,0.0,0.0,0.0,0.0,0.0,0.0,0,0.0,0.5
MinHashDBSCAN,1313562,2,0.0,0.0,0.0,0.0,0.0,0.0,0,0.0,1.0
MinHashDBSCAN,5360190,2,0.0,0.0,0.0,0.0,0.0,0.0,0,0.0,1.0
MinHashDBSCAN,2154201,2,0.0,0.0,0.0,0.0,0.0,0.0,0,0.0,1.0
MinHashDBSCAN,5802495,2,0.0,0.0,0.0,0.0,0.0,0.0,0,0.0,0.5
MinHashDBSCAN,442927,2,0.0,0.0,0.0,0.0,0.0,0.0,0,0.0,1.0
MinHashDBSCAN,4708186,2,0.0,0.0,0.0,0.0,0.0,0.0,0,0.0,1.0
MinHashDBSCAN,4185516,2,0.0,0.0,0.0,0.0,0.0,0.0,0,0.0,1.0
MinHashDBSCAN,6065753,2,0.0,0.0,0.0,0.0,0.0,0.0,0,0.0,1.0
MinHashDBSCAN,5599908,2,0.0,0.0,0.0,0.0,0.0,0.0,0,0.0,1.0
MinHashDBSCAN,4944787,2,0.0,0.0,0.0,0.0,0.0,0.0,0,0.0,1.0
MinHashDBSCAN,6252676,2,0.0,0.0,0.0,0.0,0.0,0.0,0,0.0,1.0
MinHashDBSCAN,30491,2,0.0,0.0,0.0,0.0,0.0,0.0,0,0.0,1.0
MinHashDBSCAN,5223234,2,0.0,0.0,0.0,0.0,0.0,0.0,0,0.0,1.0
MinHashDBSCAN,617680,2,0.0,0.0,0.0,0.0,0.0,0.0,0,0.0,1.0
MinHashDBSCAN,5219299,2,0.0,0.0,0.0,0.0,0.0,0.0,0,0.0,1.0
MinHashDBSCAN,2898439,2,0.0,0.0,0.0,0.0,0.0,0.0,0,0.0,1.0
MinHashDBSCAN,3243817,2,0.0,0.0,0.0,0.0,0.0,0.0,0,0.0,0.5
MinHashDBSCAN,3021056,4,0.0,0.0,0.0,0.0,0.0,0.0,0,0.0,1.0
MinHashDBSCAN,200026,2,0.0,0.0,0.0,0.0,0.0,0.0,0,0.0,1.0
MinHashDBSCAN,4511591,3,0.0,0.0,0.0,0.0,0.0,0.0,0,0.0,1.0
MinHashDBSCAN,5843246,2,0.0,0.0,0.0,0.0,0.0,0.0,0,0.0,1.0
MinHashDBSCAN,1482995,2,0.0,0.0,0.0,0.0,0.0,0.0,0,0.0,1.0
MinHashDBSCAN,1118987,2,0.0,0.0,0.0,0.0,0.0,0.0,0,0.0,1.0
MinHashDBSCAN,6344891,2,0.0,0.0,0.0,0.0,0.0,0.0,0,0.0,1.0
MinHashDBSCAN,3201824,2,0.0,0.0,0.0,0.0,0.0,0.0,0,0.0,1.0
MinHashDBSCAN,3911637,2,0.0,0.0,0.0,0.0,0.0,0.0,0,0.0,1.0
MinHashDBSCAN,5325451,2,0.0,0.0,0.0,0.0,0.0,0.0,0,0.0,1.0
MinHashDBSCAN,4221125,2,0.0,0.0,0.0,0.0,0.0,0.0,0,0.0,1.0
MinHashDBSCAN,2200424,4,0.0,0.0,0.0,0.0,0.0,0.0,0,0.0,1.0
MinHashDBSCAN,1379072,2,0.0,0.0,0.0,0.0,0.0,0.0,0,0.0,0.0
MinHashDBSCAN,4852704,2,0.0,0.0,0.0,0.0,0.0,0.0,0,0.0,1.0
MinHashDBSCAN,488165,2,0.0,0.0,0.0,0.0,0.0,0.0,0,0.0,1.0
MinHashDBSCAN,3577571,3,0.0,0.0,0.0,0.0,0.0,0.0,0,0.0,1.0
MinHashDBSCAN,5044872,2,0.0,0.0,0.0,0.0,0.0,0.0,0,0.0,1.0
MinHashDBSCAN,5921798,2,0.0,0.0,0.0,0.0,0.0,0.0,0,0.0,1.0
MinHashDBSCAN,1807641,2,0.0,0.0,0.0,0.0,0.0,0.0,0,0.0,1.0
MinHashDBSCAN,4186465,3,0.0,0.0,0.0,0.0,0.0,0.0,0,0.0,0.0
MinHashDBSCAN,3969739,2,0.0,0.0,0.0,0.0,0.0,0.0,0,0.0,0.5
MinHashDBSCAN,1784190,3,0.0,0.0,0.0,0.0,0.0,0.0,0,0.0,0.0
MinHashDBSCAN,3451282,2,0.0,0.0,0.0,0.0,0.0,0.0,0,0.0,0.0
MinHashDBSCAN,4602526,2,0.0,0.0,0.0,0.0,0.0,0.0,0,0.0,0.5
MinHashDBSCAN,6094792,2,0.0,0.0,0.0,0.0,0.0,0.0,0,0.0,1.0
MinHashDBSCAN,2099269,2,0.0,0.0,0.0,0.0,0.0,0.0,0,0.0,1.0
MinHashDBSCAN,5995908,2,0.0,0.0,0.0,0.0,0.0,0.0,0,0.0,1.0
MinHashDBSCAN,5688213,2,0.0,0.0,0.0,0.0,0.0,0.0,0,0.0,1.0
MinHashDBSCAN,3758627,2,0.0,0.0,0.0,0.0,0.0,0.0,0,0.0,1.0
MinHashDBSCAN,2999367,2,0.0,0.0,0.0,0.0,0.0,0.0,0,0.0,1.0
MinHashDBSCAN,5835162,2,0.0,0.0,0.0,0.0,0.0,0.0,0,0.0,0.0
MinHashDBSCAN,1169611,2,0.0,0.0,0.0,0.0,0.0,0.0,0,0.0,1.0
MinHashDBSCAN,2242006,2,0.0,0.0,0.0,0.0,0.0,0.0,0,0.0,1.0
MinHashDBSCAN,2100845,2,0.0,0.0,0.0,0.0,0.0,0.0,0,0.0,0.0
MinHashDBSCAN,1179775,2,0.0,0.0,0.0,0.0,0.0,0.0,0,0.0,1.0
MinHashDBSCAN,2337021,2,0.0,0.0,0.0,0.0,0.0,0.0,0,0.0,1.0
MinHashDBSCAN,5164352,2,0.0,0.0,0.0,0.0,0.0,0.0,0,0.0,1.0
MinHashDBSCAN,4356762,2,0.0,0.0,0.0,0.0,0.0,0.0,0,0.0,1.0
MinHashDBSCAN,2067626,2,0.0,0.0,0.0,0.0,0.0,0.0,0,0.0,1.0
MinHashDBSCAN,1495570,2,0.0,0.0,0.0,0.0,0.0,0.0,0,0.0,1.0
MinHashDBSCAN,3561152,2,0.0,0.0,0.0,0.0,0.0,0.0,0,0.0,1.0
MinHashDBSCAN,2021764,2,0.0,0.0,0.0,0.0,0.0,0.0,0,0.0,1.0
MinHashDBSCAN,4339074,2,0.0,0.0,0.0,0.0,0.0,0.0,0,0.0,1.0
MinHashDBSCAN,5148632,2,0.0,0.0,0.0,0.0,0.0,0.0,0,0.0,1.0
MinHashDBSCAN,3012761,2,0.0,0.0,0.0,0.0,0.0,0.0,0,0.0,1.0
MinHashDBSCAN,5347592,2,0.0,0.0,0.0,0.0,0.0,0.0,0,0.0,1.0
MinHashDBSCAN,1539123,2,0.0,0.0,0.0,0.0,0.0,0.0,0,0.0,1.0
MinHashDBSCAN,595893,2,0.0,0.0,0.0,0.0,0.0,0.0,0,0.0,1.0
MinHashDBSCAN,4733461,2,0.0,0.0,0.0,0.0,0.0,0.0,0,0.0,1.0
MinHashDBSCAN,2364708,2,0.0,0.0,0.0,0.0,0.0,0.0,0,0.0,0.5
MinHashLSH,5299788,16,0.0,0.0,0.0,0.0,0.0,0.0,0,0.0,0.75
MinHashLSH,6287934,1,0.0,0.0,0.0,0.0,0.0,0.0,0,0.0,1.0
MinHashLSH,1011209,32,0.0,0.0,0.0,0.0,0.0,0.0,0,0.0,1.0
MinHashLSH,5507504,11,0.0,0.0,0.0,0.0,0.0,0.0,0,0.0,1.0
MinHashLSH,346568,56,0.0,0.0,0.0,0.0,0.0,0.0,0,0.0,1.0
MinHashLSH,1203808,2,0.0,0.0,0.0,0.0,0.0,0.0,0,0.0,0.5
MinHashLSH,1010335,124,0.0,0.0,0.0,0.0,0.0,0.0,0,0.0,0.8709677419354839
MinHashLSH,3409325,1,0.0,0.0,0.0,0.0,0.0,0.0,0,0.0,1.0
MinHashLSH,4895081,23,0.0,0.0,0.0,0.0,0.0,0.0,0,0.0,0.8695652173913043
MinHashLSH,1397599,8,0.0,0.0,0.0,0.0,0.0,0.0,0,0.0,0.875
MinHashLSH,1644652,4,0.0,0.0,0.0,0.0,0.0,0.0,0,0.0,0.5
MinHashLSH,2227097,45,0.0,0.0,0.0,0.0,0.0,0.0,0,0.0,0.4444444444444444
MinHashLSH,3601209,23,0.0,0.0,0.0,0.0,0.0,0.0,0,0.0,0.8260869565217391
MinHashLSH,3711744,225,0.0,0.0,0.0,0.0,0.0,0.0,0,0.0,0.8755555555555555
MinHashLSH,1776679,3,0.0,0.0,0.0,0.0,0.0,0.0,0,0.0,1.0
MinHashLSH,5851433,8,0.0,0.0,0.0,0.0,0.0,0.0,0,0.0,1.0
MinHashLSH,4370660,361,0.0,0.0,0.0,0.0,0.0,0.0,0,0.0,0.7368421052631579
MinHashLSH,1040527,7,0.0,0.0,0.0,0.0,0.0,0.0,0,0.0,0.8571428571428571
MinHashLSH,3895110,0,0.0,0.0,0.0,0.0,0.0,0.0,0,0.0,0.0
MinHashLSH,4382555,0,0.0,0.0,0.0,0.0,0.0,0.0,0,0.0,0.0
MinHashLSH,5767055,30,0.0,0.0,0.0,0.0,0.0,0.0,0,0.0,1.0
MinHashLSH,2966359,31,0.0,0.0,0.0,0.0,0.0,0.0,0,0.0,0.8387096774193549
MinHashLSH,2105501,0,0.0,0.0,0.0,0.0,0.0,0.0,0,0.0,0.0
MinHashLSH,1706796,0,0.0,0.0,0.0,0.0,0.0,0.0,0,0.0,0.0
MinHashLSH,2151547,0,0.0,0.0,0.0,0.0,0.0,0.0,0,0.0,0.0
MinHashLSH,4499037,125,0.0,0.0,0.0,0.0,0.0,0.0,0,0.0,0.344
MinHashLSH,5590619,65,0.0,0.0,0.0,0.0,0.0,0.0,0,0.0,0.9076923076923077
MinHashLSH,1305866,0,0.0,0.0,0.0,0.0,0.0,0.0,0,0.0,0.0
MinHashLSH,1070632,0,0.0,0.0,0.0,0.0,0.0,0.0,0,0.0,0.0
MinHashLSH,1579621,20,0.0,0.0,0.0,0.0,0.0,0.0,0,0.0,0.9
MinHashLSH,3353693,18,0.0,0.0,0.0,0.0,0.0,0.0,0,0.0,1.0
MinHashLSH,3183267,125,0.0,0.0,0.0,0.0,0.0,0.0,0,0.0,0.344
MinHashLSH,267585,239,0.0,0.0,0.0,0.0,0.0,0.0,0,0.0,0.9330543933054394
MinHashLSH,2208303,8,0.0,0.0,0.0,0.0,0.0,0.0,0,0.0,0.5
MinHashLSH,3843978,30,0.0,0.0,0.0,0.0,0.0,0.0,0,0.0,1.0
MinHashLSH,5635806,241,0.0,0.0,0.0,0.0,0.0,0.0,0,0.0,0.6514522821576764
MinHashLSH,1265872,2,0.0,0.0,0.0,0.0,0.0,0.0,0,0.0,1.0
MinHashLSH,3677350,5,0.0,0.0,0.0,0.0,0.0,0.0,0,0.0,1.0
MinHashLSH,3513416,3,0.0,0.0,0.0,0.0,0.0,0.0,0,0.0,1.0
MinHashLSH,4432085,0,0.0,0.0,0.0,0.0,0.0,0.0,0,0.0,0.0
MinHashLSH,3084813,2,0.0,0.0,0.0,0.0,0.0,0.0,0,0.0,1.0
MinHashLSH,5679395,3,0.0,0.0,0.0,0.0,0.0,0.0,0,0.0,0.6666666666666666
MinHashLSH,4018265,125,0.0,0.0,0.0,0.0,0.0,0.0,0,0.0,0.392
MinHashLSH,3527049,34,0.0,0.0,0.0,0.0,0.0,0.0,0,0.0,1.0
MinHashLSH,1077998,18,0.0,0.0,0.0,0.0,0.0,0.0,0,0.0,1.0
MinHashLSH,6219647,187,0.0,0.0,0.0,0.0,0.0,0.0,0,0.0,0.6363636363636364
MinHashLSH,4003778,3,0.0,0.0,0.0,0.0,0.0,0.0,0,0.0,1.0
MinHashLSH,1850213,19,0.0,0.0,0.0,0.0,0.0,0.0,0,0.05263157894736842,0.9473684210526315
MinHashLSH,3450981,7,0.0,0.0,0.0,0.0,0.0,0.0,0,0.0,1.0
MinHashLSH,3421016,0,0.0,0.0,0.0,0.0,0.0,0.0,0,0.0,0.0
MinHashLSH,316293,0,0.0,0.0,0.0,0.0,0.0,0.0,0,0.0,0.0
MinHashLSH,2819930,0,0.0,0.0,0.0,0.0,0.0,0.0,0,0.0,0.0
MinHashLSH,5634233,3,0.0,0.0,0.0,0.0,0.0,0.0,0,0.0,0.6666666666666666
MinHashLSH,5984821,16,0.0,0.0,0.0,0.0,0.0,0.0,0,0.0,0.875
MinHashLSH,2859729,0,0.0,0.0,0.0,0.0,0.0,0.0,0,0.0,0.0
MinHashLSH,1555823,6,0.0,0.0,0.0,0.0,0.0,0.0,0,0.0,0.8333333333333334
MinHashLSH,1250062,25,0.0,0.0,0.0,0.0,0.0,0.0,0,0.0,0.32
MinHashLSH,1682807,32,0.0,0.0,0.0,0.0,0.0,0.0,0,0.0,1.0
MinHashLSH,4604261,37,0.0,0.0,0.0,0.0,0.0,0.0,0,0.0,0.7567567567567568
MinHashLSH,525313,8,0.0,0.0,0.0,0.0,0.0,0.0,0,0.0,1.0
MinHashLSH,1340509,0,0.0,0.0,0.0,0.0,0.0,0.0,0,0.0,0.0
MinHashLSH,3289123,0,0.0,0.0,0.0,0.0,0.0,0.0,0,0.0,0.0
MinHashLSH,5662233,2,0.0,0.0,0.0,0.0,0.0,0.0,0,0.0,1.0
MinHashLSH,3223160,6,0.0,0.0,0.0,0.0,0.0,0.0,0,0.0,0.5
MinHashLSH,3258688,11,0.0,0.0,0.0,0.0,0.0,0.0,0,0.0,1.0
MinHashLSH,2045751,278,0.0,0.0,0.0,0.0,0.0,0.0,0,0.0,0.381294964028777
MinHashLSH,6053021,1,0.0,0.0,0.0,0.0,0.0,0.0,0,0.0,1.0
MinHashLSH,1552659,2,0.0,0.0,0.0,0.0,0.0,0.0,0,0.0,1.0
MinHashLSH,3714755,15,0.0,0.0,0.0,0.0,0.0,0.0,0,0.0,0.8
MinHashLSH,4994038,1,0.0,0.0,0.0,0.0,0.0,0.0,0,1.0,1.0
MinHashLSH,5546008,2,0.0,0.0,0.0,0.0,0.0,0.0,0,0.0,1.0
MinHashLSH,5591184,0,0.0,0.0,0.0,0.0,0.0,0.0,0,0.0,0.0
MinHashLSH,5019203,12,0.0,0.0,0.0,0.0,0.0,0.0,0,0.0,0.75
MinHashLSH,4646715,0,0.0,0.0,0.0,0.0,0.0,0.0,0,0.0,0.0
MinHashLSH,1346416,294,0.0,0.0,0.0,0.0,0.0,0.0,0,0.0,0.5748299319727891
MinHashLSH,4175214,1415,0.0,0.0,0.0,0.0,0.0,0.0,0,0.0,0.2812720848056537
MinHashLSH,4011263,18,0.0,0.0,0.0,0.0,0.0,0.0,0,0.0,1.0
MinHashLSH,5571959,1,0.0,0.0,0.0,0.0,0.0,0.0,0,0.0,1.0
MinHashLSH,2720946,3,0.0,0.0,0.0,0.0,0.0,0.0,0,0.0,1.0
MinHashLSH,3746682,0,0.0,0.0,0.0,0.0,0.0,0.0,0,0.0,0.0
MinHashLSH,297891,22,0.0,0.0,0.0,0.0,0.0,0.0,0,0.0,0.8636363636363636
MinHashLSH,1455271,1,0.0,0.0,0.0,0.0,0.0,0.0,0,0.0,1.0
MinHashLSH,5894445,173,0.0,0.0,0.0,0.0,0.0,0.0,0,0.0,0.49710982658959535
MinHashLSH,1241174,29,0.0,0.0,0.0,0.0,0.0,0.0,0,0.0,1.0
MinHashLSH,3924770,77,0.0,0.0,0.0,0.0,0.0,0.0,0,0.0,0.9090909090909091
MinHashLSH,434590,1414,0.0,0.0,0.0,0.0,0.0,0.0,0,0.0,0.33097595473833097
MinHashLSH,4695937,21,0.0,0.0,0.0,0.0,0.0,0.0,0,0.0,0.8095238095238095
MinHashLSH,5832927,56,0.0,0.0,0.0,0.0,0.0,0.0,0,0.0,0.48214285714285715
MinHashLSH,4321671,20,0.0,0.0,0.0,0.0,0.0,0.0,0,0.0,1.0
MinHashLSH,5508475,0,0.0,0.0,0.0,0.0,0.0,0.0,0,0.0,0.0
MinHashLSH,5324522,2,0.0,0.0,0.0,0.0,0.0,0.0,0,0.0,1.0
MinHashLSH,6013566,52,0.0,0.0,0.0,0.0,0.0,0.0,0,0.0,0.4230769230769231
MinHashLSH,4363037,58,0.0,0.0,0.0,0.0,0.0,0.0,0,0.0,1.0
MinHashLSH,5516488,23,0.0,0.0,0.0,0.0,0.0,0.0,0,0.0,0.8260869565217391
MinHashLSH,4972606,2,0.0,0.0,0.0,0.0,0.0,0.0,0,0.0,1.0
MinHashLSH,1925113,52,0.0,0.0,0.0,0.0,0.0,0.0,0,0.0,0.34615384615384615
MinHashLSH,2435093,77,0.0,0.0,0.0,0.0,0.0,0.0,0,0.0,0.987012987012987
MinHashLSH,2962173,4,0.0,0.0,0.0,0.0,0.0,0.0,0,0.0,1.0
MinHashLSH,6386375,62,0.0,0.0,0.0,0.0,0.0,0.0,0,0.0,0.9032258064516129
MinHashLSH,3878668,3,0.0,0.0,0.0,0.0,0.0,0.0,0,0.0,0.6666666666666666
MinHashLSH,5998189,0,0.0,0.0,0.0,0.0,0.0,0.0,0,0.0,0.0
MinHashLSH,3180305,11,0.0,0.0,0.0,0.0,0.0,0.0,0,0.0,1.0
MinHashLSH,1515659,99,0.0,0.0,0.0,0.0,0.0,0.0,0,0.0,1.0
MinHashLSH,6341489,0,0.0,0.0,0.0,0.0,0.0,0.0,0,0.0,0.0
MinHashLSH,1671167,2,0.0,0.0,0.0,0.0,0.0,0.0,0,0.0,1.0
MinHashLSH,5984743,181,0.0,0.0,0.0,0.0,0.0,0.0,0,0.0,0.3425414364640884
MinHashLSH,2119365,2,0.0,0.0,0.0,0.0,0.0,0.0,0,0.0,1.0
MinHashLSH,1263837,3,0.0,0.0,0.0,0.0,0.0,0.0,0,0.0,1.0
MinHashLSH,2284722,0,0.0,0.0,0.0,0.0,0.0,0.0,0,0.0,0.0
MinHashLSH,1407940,7,0.0,0.0,0.0,0.0,0.0,0.0,0,0.0,0.8571428571428571
MinHashLSH,5136947,61,0.0,0.0,0.0,0.0,0.0,0.0,0,0.0,1.0
MinHashLSH,2011460,1,0.0,0.0,0.0,0.0,0.0,0.0,0,0.0,1.0
MinHashLSH,2263688,7,0.0,0.0,0.0,0.0,0.0,0.0,0,0.0,1.0
MinHashLSH,1320455,6,0.0,0.0,0.0,0.0,0.0,0.0,0,0.0,1.0
MinHashLSH,1773046,4,0.0,0.0,0.0,0.0,0.0,0.0,0,0.0,0.75
MinHashLSH,1202815,1,0.0,0.0,0.0,0.0,0.0,0.0,0,0.0,1.0
MinHashLSH,2765403,1,0.0,0.0,0.0,0.0,0.0,0.0,0,0.0,1.0
MinHashLSH,1020829,28,0.0,0.0,0.0,0.0,0.0,0.0,0,0.0,1.0
MinHashLSH,435424,39,0.0,0.0,0.0,0.0,0.0,0.0,0,0.0,0.7435897435897436
MinHashLSH,352956,1,0.0,0.0,0.0,0.0,0.0,0.0,0,0.0,1.0
MinHashLSH,425874,3,0.0,0.0,0.0,0.0,0.0,0.0,0,0.0,0.6666666666666666
MinHashLSH,4955213,0,0.0,0.0,0.0,0.0,0.0,0.0,0,0.0,0.0
MinHashLSH,6163035,8,0.0,0.0,0.0,0.0,0.0,0.0,0,0.0,0.75
MinHashLSH,3446482,168,0.0,0.0,0.0,0.0,0.0,0.0,0,0.0,0.5773809523809523
MinHashLSH,2409062,4,0.0,0.0,0.0,0.0,0.0,0.0,0,0.25,1.0
MinHashLSH,6075455,14,0.0,0.0,0.0,0.0,0.0,0.0,0,0.0,0.35714285714285715
MinHashLSH,221171,2,0.0,0.0,0.0,0.0,0.0,0.0,0,0.0,1.0
MinHashLSH,1708585,9,0.0,0.0,0.0,0.0,0.0,0.0,0,0.0,1.0
MinHashLSH,3431872,0,0.0,0.0,0.0,0.0,0.0,0.0,0,0.0,0.0
MinHashLSH,3899907,10,0.0,0.0,0.0,0.0,0.0,0.0,0,0.0,1.0
MinHashLSH,333210,4,0.0,0.0,0.0,0.0,0.0,0.0,0,0.0,0.75
MinHashLSH,3408817,242,0.0,0.0,0.0,0.0,0.0,0.0,0,0.0,0.4380165289256198
MinHashLSH,2456608,8,0.0,0.0,0.0,0.0,0.0,0.0,0,0.0,1.0
MinHashLSH,1138728,10,0.0,0.0,0.0,0.0,0.0,0.0,0,0.0,1.0
MinHashLSH,102381,1,0.0,0.0,0.0,0.0,0.0,0.0,0,0.0,0.0
MinHashLSH,3310199,3,0.0,0.0,0.0,0.0,0.0,0.0,0,0.0,1.0
MinHashLSH,384192,5,0.0,0.0,0.0,0.0,0.0,0.0,0,0.0,0.6
MinHashLSH,3790054,7,0.0,0.0,0.0,0.0,0.0,0.0,0,0.0,1.0
MinHashLSH,4134703,0,0.0,0.0,0.0,0.0,0.0,0.0,0,0.0,0.0
MinHashLSH,114977,0,0.0,0.0,0.0,0.0,0.0,0.0,0,0.0,0.0
MinHashLSH,159878,4,0.0,0.0,0.0,0.0,0.0,0.0,0,0.0,1.0
MinHashLSH,4223029,0,0.0,0.0,0.0,0.0,0.0,0.0,0,0.0,0.0
MinHashLSH,5211805,187,0.0,0.0,0.0,0.0,0.0,0.0,0,0.0,0.6363636363636364
MinHashLSH,292631,13,0.0,0.0,0.0,0.0,0.0,0.0,0,0.0,1.0
MinHashLSH,1016522,51,0.0,0.0,0.0,0.0,0.0,0.0,0,0.0,0.6666666666666666
MinHashLSH,6351265,5,0.0,0.0,0.0,0.0,0.0,0.0,0,0.2,1.0
MinHashLSH,3990258,84,0.0,0.0,0.0,0.0,0.0,0.0,0,0.0,0.9880952380952381
MinHashLSH,1154489,0,0.0,0.0,0.0,0.0,0.0,0.0,0,0.0,0.0
MinHashLSH,5517500,1,0.0,0.0,0.0,0.0,0.0,0.0,0,0.0,1.0
MinHashLSH,1952166,1,0.0,0.0,0.0,0.0,0.0,0.0,0,0.0,1.0
MinHashLSH,1416349,0,0.0,0.0,0.0,0.0,0.0,0.0,0,0.0,0.0
MinHashLSH,3216677,11,0.0,0.0,0.0,0.0,0.0,0.0,0,0.0,0.6363636363636364
MinHashLSH,5719491,72,0.0,0.0,0.0,0.0,0.0,0.0,0,0.0,0.6944444444444444
MinHashLSH,1341494,2,0.0,0.0,0.0,0.0,0.0,0.0,0,0.0,1.0
MinHashLSH,1028197,13,0.0,0.0,0.0,0.0,0.0,0.0,0,0.0,1.0
MinHashLSH,2364664,16,0.0,0.0,0.0,0.0,0.0,0.0,0,0.0,0.875
MinHashLSH,4702150,2,0.0,0.0,0.0,0.0,0.0,0.0,0,0.0,1.0
MinHashLSH,5210824,7,0.0,0.0,0.0,0.0,0.0,0.0,0,0.0,1.0
MinHashLSH,2958343,1,0.0,0.0,0.0,0.0,0.0,0.0,0,0.0,1.0
MinHashLSH,1568471,0,0.0,0.0,0.0,0.0,0.0,0.0,0,0.0,0.0
MinHashLSH,3964562,3,0.0,0.0,0.0,0.0,0.0,0.0,0,0.0,1.0
MinHashLSH,1717352,11,0.0,0.0,0.0,0.0,0.0,0.0,0,0.0,1.0
MinHashLSH,5837609,11,0.0,0.0,0.0,0.0,0.0,0.0,0,0.0,0.6363636363636364
MinHashLSH,5813041,47,0.0,0.0,0.0,0.0,0.0,0.0,0,0.0,0.9148936170212766
MinHashLSH,2997872,3,0.0,0.0,0.0,0.0,0.0,0.0,0,0.0,0.6666666666666666
MinHashLSH,3284246,2,0.0,0.0,0.0,0.0,0.0,0.0,0,0.0,1.0
MinHashLSH,2130387,20,0.0,0.0,0.0,0.0,0.0,0.0,0,0.0,0.95
MinHashLSH,5858213,0,0.0,0.0,0.0,0.0,0.0,0.0,0,0.0,0.0
MinHashLSH,3823779,36,0.0,0.0,0.0,0.0,0.0,0.0,0,0.0,0.8888888888888888
MinHashLSH,4449340,1,0.0,0.0,0.0,0.0,0.0,0.0,0,0.0,1.0
MinHashLSH,5242937,0,0.0,0.0,0.0,0.0,0.0,0.0,0,0.0,0.0
MinHashLSH,3345443,46,0.0,0.0,0.0,0.0,0.0,0.0,0,0.0,0.782608695652174
MinHashLSH,5489694,0,0.0,0.0,0.0,0.0,0.0,0.0,0,0.0,0.0
MinHashLSH,3727614,0,0.0,0.0,0.0,0.0,0.0,0.0,0,0.0,0.0
MinHashLSH,5725329,21,0.0,0.0,0.0,0.0,0.0,0.0,0,0.0,1.0
MinHashLSH,2388017,65,0.0,0.0,0.0,0.0,0.0,0.0,0,0.0,0.9846153846153847
MinHashLSH,4337388,11,0.0,0.0,0.0,0.0,0.0,0.0,0,0.0,1.0
MinHashLSH,4542555,2,0.0,0.0,0.0,0.0,0.0,0.0,0,0.0,1.0
MinHashLSH,1742928,11,0.0,0.0,0.0,0.0,0.0,0.0,0,0.0,1.0
MinHashLSH,1208620,0,0.0,0.0,0.0,0.0,0.0,0.0,0,0.0,0.0
MinHashLSH,6372446,18,0.0,0.0,0.0,0.0,0.0,0.0,0,0.0,1.0
MinHashLSH,3678780,6,0.0,0.0,0.0,0.0,0.0,0.0,0,0.0,0.8333333333333334
MinHashLSH,3637792,241,0.0,0.0,0.0,0.0,0.0,0.0,0,0.0,0.6514522821576764
MinHashLSH,5835632,241,0.0,0.0,0.0,0.0,0.0,0.0,0,0.0,0.6514522821576764
MinHashLSH,3412552,0,0.0,0.0,0.0,0.0,0.0,0.0,0,0.0,0.0
MinHashLSH,3784642,3,0.0,0.0,0.0,0.0,0.0,0.0,0,0.0,1.0
MinHashLSH,2249513,0,0.0,0.0,0.0,0.0,0.0,0.0,0,0.0,0.0
MinHashLSH,3994629,17,0.0,0.0,0.0,0.0,0.0,0.0,0,0.0,0.8235294117647058
MinHashLSH,4093193,24,0.0,0.0,0.0,0.0,0.0,0.0,0,0.0,1.0
MinHashLSH,3940443,1,0.0,0.0,0.0,0.0,0.0,0.0,0,0.0,1.0
MinHashLSH,5342699,1,0.0,0.0,0.0,0.0,0.0,0.0,0,0.0,1.0
MinHashLSH,2983666,411,0.0,0.0,0.0,0.0,0.0,0.0,0,0.0,0.5328467153284672
MinHashLSH,529339,9,0.0,0.0,0.0,0.0,0.0,0.0,0,0.0,1.0
MinHashLSH,2997326,3,0.0,0.0,0.0,0.0,0.0,0.0,0,0.0,1.0
MinHashLSH,1181883,21,0.0,0.0,0.0,0.0,0.0,0.0,0,0.0,0.9047619047619048
MinHashLSH,1578571,187,0.0,0.0,0.0,0.0,0.0,0.0,0,0.0,0.6363636363636364
MinHashLSH,4990938,0,0.0,0.0,0.0,0.0,0.0,0.0,0,0.0,0.0
MinHashLSH,5193988,43,0.0,0.0,0.0,0.0,0.0,0.0,0,0.0,1.0
MinHashLSH,4171316,16,0.0,0.0,0.0,0.0,0.0,0.0,0,0.0,0.9375
MinHashLSH,595005,77,0.0,0.0,0.0,0.0,0.0,0.0,0,0.0,0.9090909090909091
MinHashLSH,2974317,0,0.0,0.0,0.0,0.0,0.0,0.0,0,0.0,0.0
MinHashLSH,172332,1,0.0,0.0,0.0,0.0,0.0,0.0,0,1.0,1.0
MinHashLSH,1451423,50,0.0,0.0,0.0,0.0,0.0,0.0,0,0.0,0.96
MinHashLSH,2403263,173,0.0,0.0,0.0,0.0,0.0,0.0,0,0.0,0.49710982658959535
MinHashLSH,3335342,2,0.0,0.0,0.0,0.0,0.0,0.0,0,0.0,0.5
MinHashLSH,1295286,56,0.0,0.0,0.0,0.0,0.0,0.0,0,0.0,0.48214285714285715
MinHashLSH,6020647,51,0.0,0.0,0.0,0.0,0.0,0.0,0,0.0,0.7843137254901961
MinHashLSH,5913997,2,0.0,0.0,0.0,0.0,0.0,0.0,0,0.0,0.5
MinHashLSH,114290,0,0.0,0.0,0.0,0.0,0.0,0.0,0,0.0,0.0
MinHashLSH,3668800,7,0.0,0.0,0.0,0.0,0.0,0.0,0,0.0,0.7142857142857143
MinHashLSH,4852505,8,0.0,0.0,0.0,0.0,0.0,0.0,0,0.0,1.0
MinHashLSH,2667746,10,0.0,0.0,0.0,0.0,0.0,0.0,0,0.0,1.0
MinHashLSH,1202645,35,0.0,0.0,0.0,0.0,0.0,0.0,0,0.0,0.8285714285714286
MinHashLSH,221628,66,0.0,0.0,0.0,0.0,0.0,0.0,0,0.0,0.7575757575757576
MinHashLSH,5892697,143,0.0,0.0,0.0,0.0,0.0,0.0,0,0.0,1.0
MinHashLSH,3420522,3,0.0,0.0,0.0,0.0,0.0,0.0,0,0.0,1.0
MinHashLSH,5375356,3,0.0,0.0,0.0,0.0,0.0,0.0,0,0.0,1.0
MinHashLSH,4556631,2,0.0,0.0,0.0,0.0,0.0,0.0,0,0.0,1.0
MinHashLSH,3880043,4,0.0,0.0,0.0,0.0,0.0,0.0,0,0.0,0.75
MinHashLSH,4557468,6,0.0,0.0,0.0,0.0,0.0,0.0,0,0.0,0.8333333333333334
MinHashLSH,1262444,14,0.0,0.0,0.0,0.0,0.0,0.0,0,0.0,1.0
MinHashLSH,2144649,18,0.0,0.0,0.0,0.0,0.0,0.0,0,0.0,0.8888888888888888
MinHashLSH,4965439,13,0.0,0.0,0.0,0.0,0.0,0.0,0,0.0,1.0
MinHashLSH,176319,0,0.0,0.0,0.0,0.0,0.0,0.0,0,0.0,0.0
MinHashLSH,5262524,2,0.0,0.0,0.0,0.0,0.0,0.0,0,0.0,1.0
MinHashLSH,4988240,2,0.0,0.0,0.0,0.0,0.0,0.0,0,0.0,1.0
MinHashLSH,4536961,0,0.0,0.0,0.0,0.0,0.0,0.0,0,0.0,0.0
MinHashLSH,5827256,14,0.0,0.0,0.0,0.0,0.0,0.0,0,0.0,1.0
MinHashLSH,1107871,5,0.0,0.0,0.0,0.0,0.0,0.0,0,0.0,1.0
MinHashLSH,1742368,11,0.0,0.0,0.0,0.0,0.0,0.0,0,0.0,0.7272727272727273
MinHashLSH,2182354,1,0.0,0.0,0.0,0.0,0.0,0.0,0,0.0,1.0
MinHashLSH,4392637,167,0.0,0.0,0.0,0.0,0.0,0.0,0,0.0,0.9700598802395209
MinHashLSH,57975,5,0.0,0.0,0.0,0.0,0.0,0.0,0,0.0,1.0
MinHashLSH,6319414,47,0.0,0.0,0.0,0.0,0.0,0.0,0,0.0,1.0
MinHashLSH,4164053,8,0.0,0.0,0.0,0.0,0.0,0.0,0,0.0,1.0
MinHashLSH,277058,0,0.0,0.0,0.0,0.0,0.0,0.0,0,0.0,0.0
MinHashLSH,1401471,5,0.0,0.0,0.0,0.0,0.0,0.0,0,0.0,0.6
MinHashLSH,5163910,532,0.0,0.0,0.0,0.0,0.0,0.0,0,0.0,0.19360902255639098
MinHashLSH,3794093,23,0.0,0.0,0.0,0.0,0.0,0.0,0,0.0,1.0
MinHashLSH,4938255,11,0.0,0.0,0.0,0.0,0.0,0.0,0,0.0,0.5454545454545454
MinHashLSH,255457,72,0.0,0.0,0.0,0.0,0.0,0.0,0,0.0,0.6944444444444444
MinHashLSH,1885819,23,0.0,0.0,0.0,0.0,0.0,0.0,0,0.0,0.782608695652174
MinHashLSH,2160326,3,0.0,0.0,0.0,0.0,0.0,0.0,0,0.0,1.0
MinHashLSH,4444346,3,0.0,0.0,0.0,0.0,0.0,0.0,0,0.0,1.0
MinHashLSH,4684037,52,0.0,0.0,0.0,0.0,0.0,0.0,0,0.0,0.4230769230769231
MinHashLSH,3817273,2,0.0,0.0,0.0,0.0,0.0,0.0,0,0.0,0.5
MinHashLSH,5471841,9,0.0,0.0,0.0,0.0,0.0,0.0,0,0.0,0.7777777777777778
MinHashLSH,261112,10,0.0,0.0,0.0,0.0,0.0,0.0,0,0.1,1.0
MinHashLSH,1940858,0,0.0,0.0,0.0,0.0,0.0,0.0,0,0.0,0.0
MinHashLSH,39751,5,0.0,0.0,0.0,0.0,0.0,0.0,0,0.0,1.0
MinHashLSH,1006365,19,0.0,0.0,0.0,0.0,0.0,0.0,0,0.0,1.0
MinHashLSH,4961817,8,0.0,0.0,0.0,0.0,0.0,0.0,0,0.0,1.0
MinHashLSH,2663338,4,0.0,0.0,0.0,0.0,0.0,0.0,0,0.25,1.0
MinHashLSH,4703848,0,0.0,0.0,0.0,0.0,0.0,0.0,0,0.0,0.0
MinHashLSH,4566246,41,0.0,0.0,0.0,0.0,0.0,0.0,0,0.0,0.8780487804878049
MinHashLSH,1609854,4,0.0,0.0,0.0,0.0,0.0,0.0,0,0.0,1.0
MinHashLSH,4997395,3,0.0,0.0,0.0,0.0,0.0,0.0,0,0.0,1.0
MinHashLSH,2401207,72,0.0,0.0,0.0,0.0,0.0,0.0,0,0.0,0.6944444444444444
MinHashLSH,2616251,0,0.0,0.0,0.0,0.0,0.0,0.0,0,0.0,0.0
MinHashLSH,4720752,3,0.0,0.0,0.0,0.0,0.0,0.0,0,0.0,1.0
MinHashLSH,5446902,14,0.0,0.0,0.0,0.0,0.0,0.0,0,0.0,0.35714285714285715
MinHashLSH,4304490,5,0.0,0.0,0.0,0.0,0.0,0.0,0,0.0,1.0
MinHashLSH,6220453,48,0.0,0.0,0.0,0.0,0.0,0.0,0,0.0,0.9375
MinHashLSH,6244530,1,0.0,0.0,0.0,0.0,0.0,0.0,0,0.0,1.0
MinHashLSH,6057081,14,0.0,0.0,0.0,0.0,0.0,0.0,0,0.0,0.7142857142857143
MinHashLSH,5731699,0,0.0,0.0,0.0,0.0,0.0,0.0,0,0.0,0.0
MinHashLSH,5519007,15,0.0,0.0,0.0,0.0,0.0,0.0,0,0.0,0.8666666666666667
MinHashLSH,1775170,60,0.0,0.0,0.0,0.0,0.0,0.0,0,0.0,0.9833333333333333
MinHashLSH,4832681,6,0.0,0.0,0.0,0.0,0.0,0.0,0,0.0,1.0
MinHashLSH,2736719,3,0.0,0.0,0.0,0.0,0.0,0.0,0,0.0,0.6666666666666666
MinHashLSH,4335992,76,0.0,0.0,0.0,0.0,0.0,0.0,0,0.0,1.0
MinHashLSH,4722891,22,0.0,0.0,0.0,0.0,0.0,0.0,0,0.0,0.5454545454545454
MinHashLSH,5095605,13,0.0,0.0,0.0,0.0,0.0,0.0,0,0.0,1.0
MinHashLSH,2064070,0,0.0,0.0,0.0,0.0,0.0,0.0,0,0.0,0.0
MinHashLSH,4437445,8,0.0,0.0,0.0,0.0,0.0,0.0,0,0.0,1.0
MinHashLSH,32046,6,0.0,0.0,0.0,0.0,0.0,0.0,0,0.0,1.0
MinHashLSH,2722684,0,0.0,0.0,0.0,0.0,0.0,0.0,0,0.0,0.0
MinHashLSH,114185,15,0.0,0.0,0.0,0.0,0.0,0.0,0,0.0,0.4
MinHashLSH,3763304,1,0.0,0.0,0.0,0.0,0.0,0.0,0,0.0,1.0
MinHashLSH,3118616,25,0.0,0.0,0.0,0.0,0.0,0.0,0,0.0,0.88
MinHashLSH,1119434,66,0.0,0.0,0.0,0.0,0.0,0.0,0,0.0,0.7575757575757576
MinHashLSH,3178780,1394,0.0,0.0,0.0,0.0,0.0,0.0,0,0.0,0.33715925394548063
MinHashLSH,2775355,0,0.0,0.0,0.0,0.0,0.0,0.0,0,0.0,0.0
MinHashLSH,2177379,1,0.0,0.0,0.0,0.0,0.0,0.0,0,0.0,1.0
MinHashLSH,32329,0,0.0,0.0,0.0,0.0,0.0,0.0,0,0.0,0.0
MinHashLSH,5950416,8,0.0,0.0,0.0,0.0,0.0,0.0,0,0.0,1.0
MinHashLSH,5736119,62,0.0,0.0,0.0,0.0,0.0,0.0,0,0.0,1.0
MinHashLSH,4887472,2,0.0,0.0,0.0,0.0,0.0,0.0,0,0.0,1.0
MinHashLSH,1306156,1,0.0,0.0,0.0,0.0,0.0,0.0,0,1.0,1.0
MinHashLSH,1359907,0,0.0,0.0,0.0,0.0,0.0,0.0,0,0.0,0.0
MinHashLSH,5433002,3,0.0,0.0,0.0,0.0,0.0,0.0,0,0.0,1.0
MinHashLSH,5865847,93,0.0,0.0,0.0,0.0,0.0,0.0,0,0.0,0.8064516129032258
MinHashLSH,108141,0,0.0,0.0,0.0,0.0,0.0,0.0,0,0.0,0.0
MinHashLSH,3790860,72,0.0,0.0,0.0,0.0,0.0,0.0,0,0.0,0.6944444444444444
MinHashLSH,1762055,37,0.0,0.0,0.0,0.0,0.0,0.0,0,0.0,0.972972972972973
MinHashLSH,5679396,8,0.0,0.0,0.0,0.0,0.0,0.0,0,0.0,1.0
MinHashLSH,598090,53,0.0,0.0,0.0,0.0,0.0,0.0,0,0.0,1.0
MinHashLSH,4556098,122,0.0,0.0,0.0,0.0,0.0,0.0,0,0.0,0.3770491803278688
MinHashLSH,2987957,187,0.0,0.0,0.0,0.0,0.0,0.0,0,0.0,0.27807486631016043
MinHashLSH,436019,12,0.0,0.0,0.0,0.0,0.0,0.0,0,0.0,0.75
MinHashLSH,5573495,53,0.0,0.0,0.0,0.0,0.0,0.0,0,0.0,1.0
MinHashLSH,2298254,1,0.0,0.0,0.0,0.0,0.0,0.0,0,0.0,1.0
MinHashLSH,2703379,8,0.0,0.0,0.0,0.0,0.0,0.0,0,0.0,1.0
MinHashLSH,4926591,41,0.0,0.0,0.0,0.0,0.0,0.0,0,0.0,1.0
MinHashLSH,365705,47,0.0,0.0,0.0,0.0,0.0,0.0,0,0.0,1.0
MinHashLSH,2075574,17,0.0,0.0,0.0,0.0,0.0,0.0,0,0.0,0.8823529411764706
MinHashLSH,5640946,3,0.0,0.0,0.0,0.0,0.0,0.0,0,0.0,1.0
MinHashLSH,2892764,6,0.0,0.0,0.0,0.0,0.0,0.0,0,0.0,1.0
MinHashLSH,5358454,45,0.0,0.0,0.0,0.0,0.0,0.0,0,0.0,0.4444444444444444
MinHashLSH,5590627,4,0.0,0.0,0.0,0.0,0.0,0.0,0,0.0,0.75
MinHashLSH,2902047,2,0.0,0.0,0.0,0.0,0.0,0.0,0,0.0,1.0
MinHashLSH,3350380,6,0.0,0.0,0.0,0.0,0.0,0.0,0,0.0,1.0
MinHashLSH,4220432,77,0.0,0.0,0.0,0.0,0.0,0.0,0,0.0,0.9090909090909091
MinHashLSH,1597130,3,0.0,0.0,0.0,0.0,0.0,0.0,0,0.0,1.0
MinHashLSH,5469765,2,0.0,0.0,0.0,0.0,0.0,0.0,0,0.0,1.0
MinHashLSH,4789489,0,0.0,0.0,0.0,0.0,0.0,0.0,0,0.0,0.0
MinHashLSH,4832773,5,0.0,0.0,0.0,0.0,0.0,0.0,0,0.0,0.6
MinHashLSH,2823270,38,0.0,0.0,0.0,0.0,0.0,0.0,0,0.0,0.9736842105263158
MinHashLSH,1961411,22,0.0,0.0,0.0,0.0,0.0,0.0,0,0.0,1.0
MinHashLSH,2023599,3,0.0,0.0,0.0,0.0,0.0,0.0,0,0.0,1.0
MinHashLSH,6155967,159,0.0,0.0,0.0,0.0,0.0,0.0,0,0.0,0.5220125786163522
MinHashLSH,4180731,1,0.0,0.0,0.0,0.0,0.0,0.0,0,0.0,1.0
MinHashLSH,32902,9,0.0,0.0,0.0,0.0,0.0,0.0,0,0.0,1.0
MinHashLSH,6168664,3,0.0,0.0,0.0,0.0,0.0,0.0,0,0.0,1.0
MinHashLSH,1570337,2,0.0,0.0,0.0,0.0,0.0,0.0,0,0.0,1.0
MinHashLSH,1101380,570,0.0,0.0,0.0,0.0,0.0,0.0,0,0.0,0.9771929824561404
MinHashLSH,5207652,4,0.0,0.0,0.0,0.0,0.0,0.0,0,0.0,0.75
MinHashLSH,407765,11,0.0,0.0,0.0,0.0,0.0,0.0,0,0.0,1.0
MinHashLSH,4042131,3,0.0,0.0,0.0,0.0,0.0,0.0,0,0.0,1.0
MinHashLSH,5207645,4,0.0,0.0,0.0,0.0,0.0,0.0,0,0.0,0.75
MinHashLSH,1390975,72,0.0,0.0,0.0,0.0,0.0,0.0,0,0.0,0.3472222222222222
MinHashLSH,1960028,0,0.0,0.0,0.0,0.0,0.0,0.0,0,0.0,0.0
MinHashLSH,5468039,2,0.0,0.0,0.0,0.0,0.0,0.0,0,0.0,0.5
MinHashLSH,4865176,1,0.0,0.0,0.0,0.0,0.0,0.0,0,0.0,1.0
MinHashLSH,3736729,7,0.0,0.0,0.0,0.0,0.0,0.0,0,0.0,1.0
MinHashLSH,1765059,13,0.0,0.0,0.0,0.0,0.0,0.0,0,0.07692307692307693,0.9230769230769231
MinHashLSH,5884875,1,0.0,0.0,0.0,0.0,0.0,0.0,0,0.0,1.0
MinHashLSH,3260497,1,0.0,0.0,0.0,0.0,0.0,0.0,0,0.0,1.0
MinHashLSH,1199396,0,0.0,0.0,0.0,0.0,0.0,0.0,0,0.0,0.0
MinHashLSH,3534087,1,0.0,0.0,0.0,0.0,0.0,0.0,0,0.0,1.0
MinHashLSH,3754566,0,0.0,0.0,0.0,0.0,0.0,0.0,0,0.0,0.0
MinHashLSH,1991478,11,0.0,0.0,0.0,0.0,0.0,0.0,0,0.0,1.0
MinHashLSH,1024056,426,0.0,0.0,0.0,0.0,0.0,0.0,0,0.0,0.43896713615023475
MinHashLSH,3460811,1489,0.0,0.0,0.0,0.0,0.0,0.0,0,0.0,0.2552048354600403
MinHashLSH,1938310,11,0.0,0.0,0.0,0.0,0.0,0.0,0,0.0,0.6363636363636364
MinHashLSH,4032973,3,0.0,0.0,0.0,0.0,0.0,0.0,0,0.0,0.6666666666666666
MinHashLSH,543562,11,0.0,0.0,0.0,0.0,0.0,0.0,0,0.0,1.0
MinHashLSH,5975249,0,0.0,0.0,0.0,0.0,0.0,0.0,0,0.0,0.0
MinHashLSH,4507798,4,0.0,0.0,0.0,0.0,0.0,0.0,0,0.0,0.75
MinHashLSH,6381629,0,0.0,0.0,0.0,0.0,0.0,0.0,0,0.0,0.0
MinHashLSH,6356930,29,0.0,0.0,0.0,0.0,0.0,0.0,0,0.0,1.0
MinHashLSH,6357695,7,0.0,0.0,0.0,0.0,0.0,0.0,0,0.0,0.5714285714285714
MinHashLSH,5965768,80,0.0,0.0,0.0,0.0,0.0,0.0,0,0.0,0.9375
MinHashLSH,2616095,1,0.0,0.0,0.0,0.0,0.0,0.0,0,0.0,1.0
MinHashLSH,5935727,1,0.0,0.0,0.0,0.0,0.0,0.0,0,0.0,1.0
MinHashLSH,3405327,78,0.0,0.0,0.0,0.0,0.0,0.0,0,0.0,0.5
MinHashLSH,6213291,84,0.0,0.0,0.0,0.0,0.0,0.0,0,0.0,0.4880952380952381
MinHashLSH,1445590,77,0.0,0.0,0.0,0.0,0.0,0.0,0,0.0,0.36363636363636365
MinHashLSH,2571477,0,0.0,0.0,0.0,0.0,0.0,0.0,0,0.0,0.0
MinHashLSH,1757962,5,0.0,0.0,0.0,0.0,0.0,0.0,0,0.0,1.0
MinHashLSH,134441,11,0.0,0.0,0.0,0.0,0.0,0.0,0,0.0,1.0
MinHashLSH,4175890,28,0.0,0.0,0.0,0.0,0.0,0.0,0,0.0,1.0
MinHashLSH,2997428,278,0.0,0.0,0.0,0.0,0.0,0.0,0,0.0,0.381294964028777
MinHashLSH,2730746,0,0.0,0.0,0.0,0.0,0.0,0.0,0,0.0,0.0
MinHashLSH,303246,0,0.0,0.0,0.0,0.0,0.0,0.0,0,0.0,0.0
MinHashLSH,5255166,14,0.0,0.0,0.0,0.0,0.0,0.0,0,0.0,0.8571428571428571
MinHashLSH,5119166,74,0.0,0.0,0.0,0.0,0.0,0.0,0,0.0,1.0
MinHashLSH,2143759,7,0.0,0.0,0.0,0.0,0.0,0.0,0,0.0,1.0
MinHashLSH,1012393,0,0.0,0.0,0.0,0.0,0.0,0.0,0,0.0,0.0
MinHashLSH,1725061,562,0.0,0.0,0.0,0.0,0.0,0.0,0,0.0,0.33807829181494664
MinHashLSH,2184043,2,0.0,0.0,0.0,0.0,0.0,0.0,0,0.5,1.0
MinHashLSH,5779990,24,0.0,0.0,0.0,0.0,0.0,0.0,0,0.0,1.0
MinHashLSH,5502419,18,0.0,0.0,0.0,0.0,0.0,0.0,0,0.0,0.7222222222222222
MinHashLSH,2839061,14,0.0,0.0,0.0,0.0,0.0,0.0,0,0.0,0.6428571428571429
MinHashLSH,4610332,57,0.0,0.0,0.0,0.0,0.0,0.0,0,0.0,0.9824561403508771
MinHashLSH,1401465,5,0.0,0.0,0.0,0.0,0.0,0.0,0,0.0,0.6
MinHashLSH,3934033,2,0.0,0.0,0.0,0.0,0.0,0.0,0,0.0,1.0
MinHashLSH,2183102,31,0.0,0.0,0.0,0.0,0.0,0.0,0,0.0,0.8387096774193549
MinHashLSH,3470450,15,0.0,0.0,0.0,0.0,0.0,0.0,0,0.0,1.0
MinHashLSH,3077285,1,0.0,0.0,0.0,0.0,0.0,0.0,0,0.0,1.0
MinHashLSH,377287,23,0.0,0.0,0.0,0.0,0.0,0.0,0,0.0,0.8260869565217391
MinHashLSH,5616865,27,0.0,0.0,0.0,0.0,0.0,0.0,0,0.0,1.0
MinHashLSH,2376462,43,0.0,0.0,0.0,0.0,0.0,0.0,0,0.0,1.0
MinHashLSH,3050231,6,0.0,0.0,0.0,0.0,0.0,0.0,0,0.0,1.0
MinHashLSH,1553444,1,0.0,0.0,0.0,0.0,0.0,0.0,0,0.0,1.0
MinHashLSH,4153945,3,0.0,0.0,0.0,0.0,0.0,0.0,0,0.0,1.0
MinHashLSH,4246057,1,0.0,0.0,0.0,0.0,0.0,0.0,0,0.0,1.0
MinHashLSH,1180348,10,0.0,0.0,0.0,0.0,0.0,0.0,0,0.0,0.5
MinHashLSH,328548,4,0.0,0.0,0.0,0.0,0.0,0.0,0,0.0,0.75
MinHashLSH,2230476,16,0.0,0.0,0.0,0.0,0.0,0.0,0,0.0,0.9375
MinHashLSH,426529,0,0.0,0.0,0.0,0.0,0.0,0.0,0,0.0,0.0
MinHashLSH,2850614,5,0.0,0.0,0.0,0.0,0.0,0.0,0,0.0,1.0
MinHashLSH,4416303,54,0.0,0.0,0.0,0.0,0.0,0.0,0,0.0,0.8518518518518519
MinHashLSH,3101236,2,0.0,0.0,0.0,0.0,0.0,0.0,0,0.0,1.0
MinHashLSH,3638231,6,0.0,0.0,0.0,0.0,0.0,0.0,0,0.0,1.0
MinHashLSH,1679427,56,0.0,0.0,0.0,0.0,0.0,0.0,0,0.0,0.8035714285714286
MinHashLSH,2138088,18,0.0,0.0,0.0,0.0,0.0,0.0,0,0.0,1.0
MinHashLSH,2995132,1383,0.0,0.0,0.0,0.0,0.0,0.0,0,0.0,0.16413593637020968
MinHashLSH,2585972,186,0.0,0.0,0.0,0.0,0.0,0.0,0,0.0,0.543010752688172
MinHashLSH,1848574,422,0.0,0.0,0.0,0.0,0.0,0.0,0,0.0,0.37203791469194314
MinHashLSH,114873,12,0.0,0.0,0.0,0.0,0.0,0.0,0,0.0,0.9166666666666666
MinHashLSH,2267564,4,0.0,0.0,0.0,0.0,0.0,0.0,0,0.0,0.75
MinHashLSH,3173110,9,0.0,0.0,0.0,0.0,0.0,0.0,0,0.0,1.0
MinHashLSH,3227933,6,0.0,0.0,0.0,0.0,0.0,0.0,0,0.0,0.6666666666666666
MinHashLSH,3378328,444,0.0,0.0,0.0,0.0,0.0,0.0,0,0.0,0.5292792792792793
MinHashLSH,133403,7,0.0,0.0,0.0,0.0,0.0,0.0,0,0.0,0.8571428571428571
MinHashLSH,2381783,0,0.0,0.0,0.0,0.0,0.0,0.0,0,0.0,0.0
MinHashLSH,2849736,23,0.0,0.0,0.0,0.0,0.0,0.0,0,0.0,0.782608695652174
MinHashLSH,2737656,109,0.0,0.0,0.0,0.0,0.0,0.0,0,0.0,0.8440366972477065
MinHashLSH,570516,2,0.0,0.0,0.0,0.0,0.0,0.0,0,0.0,1.0
MinHashLSH,1003868,58,0.0,0.0,0.0,0.0,0.0,0.0,0,0.0,1.0
MinHashLSH,4108047,7,0.0,0.0,0.0,0.0,0.0,0.0,0,0.0,1.0
MinHashLSH,2216762,6,0.0,0.0,0.0,0.0,0.0,0.0,0,0.0,1.0
MinHashLSH,2170698,112,0.0,0.0,0.0,0.0,0.0,0.0,0,0.0,0.8035714285714286
MinHashLSH,329015,1,0.0,0.0,0.0,0.0,0.0,0.0,0,0.0,1.0
MinHashLSH,1371149,1,0.0,0.0,0.0,0.0,0.0,0.0,0,0.0,1.0
MinHashLSH,4259303,53,0.0,0.0,0.0,0.0,0.0,0.0,0,0.0,1.0
MinHashLSH,3158632,6,0.0,0.0,0.0,0.0,0.0,0.0,0,0.0,1.0
MinHashLSH,5483756,33,0.0,0.0,0.0,0.0,0.0,0.0,0,0.0,0.6060606060606061
MinHashLSH,1470329,68,0.0,0.0,0.0,0.0,0.0,0.0,0,0.0,0.9852941176470589
MinHashLSH,3504407,0,0.0,0.0,0.0,0.0,0.0,0.0,0,0.0,0.0
MinHashLSH,3978029,268,0.0,0.0,0.0,0.0,0.0,0.0,0,0.0,0.5186567164179104
MinHashLSH,4848204,29,0.0,0.0,0.0,0.0,0.0,0.0,0,0.0,1.0
MinHashLSH,2626366,2,0.0,0.0,0.0,0.0,0.0,0.0,0,0.0,1.0
MinHashLSH,2394252,4,0.0,0.0,0.0,0.0,0.0,0.0,0,0.0,0.75
MinHashLSH,4925629,4,0.0,0.0,0.0,0.0,0.0,0.0,0,0.0,1.0
MinHashLSH,131924,0,0.0,0.0,0.0,0.0,0.0,0.0,0,0.0,0.0
MinHashLSH,4389733,0,0.0,0.0,0.0,0.0,0.0,0.0,0,0.0,0.0
MinHashLSH,1481006,52,0.0,0.0,0.0,0.0,0.0,0.0,0,0.0,0.4230769230769231
MinHashLSH,2572817,0,0.0,0.0,0.0,0.0,0.0,0.0,0,0.0,0.0
MinHashLSH,2607150,0,0.0,0.0,0.0,0.0,0.0,0.0,0,0.0,0.0
MinHashLSH,5602650,3,0.0,0.0,0.0,0.0,0.0,0.0,0,0.0,1.0
MinHashLSH,441342,55,0.0,0.0,0.0,0.0,0.0,0.0,0,0.0,0.8545454545454545
MinHashLSH,3467540,2,0.0,0.0,0.0,0.0,0.0,0.0,0,0.5,1.0
MinHashLSH,1917102,2,0.0,0.0,0.0,0.0,0.0,0.0,0,0.5,1.0
MinHashLSH,5669909,110,0.0,0.0,0.0,0.0,0.0,0.0,0,0.0,0.38181818181818183
MinHashLSH,4817739,316,0.0,0.0,0.0,0.0,0.0,0.0,0,0.0,0.5917721518987342
MinHashLSH,3579104,0,0.0,0.0,0.0,0.0,0.0,0.0,0,0.0,0.0
MinHashLSH,2091789,8,0.0,0.0,0.0,0.0,0.0,0.0,0,0.0,0.5
MinHashLSH,2860888,61,0.0,0.0,0.0,0.0,0.0,0.0,0,0.0,0.6721311475409836
MinHashLSH,464025,5,0.0,0.0,0.0,0.0,0.0,0.0,0,0.0,1.0
MinHashLSH,5966834,41,0.0,0.0,0.0,0.0,0.0,0.0,0,0.0,1.0
MinHashLSH,4101141,0,0.0,0.0,0.0,0.0,0.0,0.0,0,0.0,0.0
MinHashLSH,1018172,0,0.0,0.0,0.0,0.0,0.0,0.0,0,0.0,0.0
MinHashLSH,4459676,19,0.0,0.0,0.0,0.0,0.0,0.0,0,0.0,1.0
MinHashLSH,6333575,56,0.0,0.0,0.0,0.0,0.0,0.0,0,0.0,0.48214285714285715
MinHashLSH,262161,6,0.0,0.0,0.0,0.0,0.0,0.0,0,0.0,1.0
MinHashLSH,2354370,33,0.0,0.0,0.0,0.0,0.0,0.0,0,0.0,0.6060606060606061
MinHashLSH,527910,0,0.0,0.0,0.0,0.0,0.0,0.0,0,0.0,0.0
MinHashLSH,2255639,161,0.0,0.0,0.0,0.0,0.0,0.0,0,0.0,0.782608695652174
MinHashLSH,541811,1,0.0,0.0,0.0,0.0,0.0,0.0,0,0.0,1.0
MinHashLSH,583256,24,0.0,0.0,0.0,0.0,0.0,0.0,0,0.0,1.0
MinHashLSH,4127095,53,0.0,0.0,0.0,0.0,0.0,0.0,0,0.0,1.0
MinHashLSH,4872862,4,0.0,0.0,0.0,0.0,0.0,0.0,0,0.0,1.0
MinHashLSH,1211754,8,0.0,0.0,0.0,0.0,0.0,0.0,0,0.0,0.625
MinHashLSH,1851445,21,0.0,0.0,0.0,0.0,0.0,0.0,0,0.0,1.0
MinHashLSH,5605815,27,0.0,0.0,0.0,0.0,0.0,0.0,0,0.0,1.0
MinHashLSH,1404683,0,0.0,0.0,0.0,0.0,0.0,0.0,0,0.0,0.0
MinHashLSH,4079683,30,0.0,0.0,0.0,0.0,0.0,0.0,0,0.0,1.0
MinHashLSH,3331871,0,0.0,0.0,0.0,0.0,0.0,0.0,0,0.0,0.0
MinHashLSH,3795207,73,0.0,0.0,0.0,0.0,0.0,0.0,0,0.0,0.9315068493150684
MinHashLSH,5271262,159,0.0,0.0,0.0,0.0,0.0,0.0,0,0.0,0.5220125786163522
MinHashLSH,1728132,97,0.0,0.0,0.0,0.0,0.0,0.0,0,0.0,0.5463917525773195
MinHashLSH,4907076,0,0.0,0.0,0.0,0.0,0.0,0.0,0,0.0,0.0
MinHashLSH,1284155,56,0.0,0.0,0.0,0.0,0.0,0.0,0,0.0,0.48214285714285715
MinHashLSH,5322075,422,0.0,0.0,0.0,0.0,0.0,0.0,0,0.0,0.37203791469194314
MinHashLSH,2185446,1,0.0,0.0,0.0,0.0,0.0,0.0,0,0.0,1.0
MinHashLSH,144272,0,0.0,0.0,0.0,0.0,0.0,0.0,0,0.0,0.0
MinHashLSH,5733342,509,0.0,0.0,0.0,0.0,0.0,0.0,0,0.0,0.1650294695481336
MinHashLSH,6155859,125,0.0,0.0,0.0,0.0,0.0,0.0,0,0.0,0.72
MinHashLSH,631174,59,0.0,0.0,0.0,0.0,0.0,0.0,0,0.0,1.0
MinHashLSH,2253001,268,0.0,0.0,0.0,0.0,0.0,0.0,0,0.0,0.5186567164179104
MinHashLSH,1072810,30,0.0,0.0,0.0,0.0,0.0,0.0,0,0.0,1.0
MinHashLSH,382577,11,0.0,0.0,0.0,0.0,0.0,0.0,0,0.0,1.0
MinHashLSH,1125455,25,0.0,0.0,0.0,0.0,0.0,0.0,0,0.0,0.88
MinHashLSH,4338937,2377,0.0,0.0,0.0,0.0,0.0,0.0,0,0.0,0.7896508203618006
MinHashLSH,4422428,0,0.0,0.0,0.0,0.0,0.0,0.0,0,0.0,0.0
MinHashLSH,4082142,11,0.0,0.0,0.0,0.0,0.0,0.0,0,0.0,1.0
MinHashLSH,483921,2,0.0,0.0,0.0,0.0,0.0,0.0,0,0.0,1.0
MinHashLSH,2351278,8,0.0,0.0,0.0,0.0,0.0,0.0,0,0.0,1.0
MinHashLSH,2457668,181,0.0,0.0,0.0,0.0,0.0,0.0,0,0.0,0.569060773480663
MinHashLSH,6079444,18,0.0,0.0,0.0,0.0,0.0,0.0,0,0.0,0.7222222222222222
MinHashLSH,1679576,0,0.0,0.0,0.0,0.0,0.0,0.0,0,0.0,0.0
MinHashLSH,5785923,38,0.0,0.0,0.0,0.0,0.0,0.0,0,0.0,1.0
MinHashLSH,5039203,1338,0.0,0.0,0.0,0.0,0.0,0.0,0,0.0,0.31988041853512705
MinHashLSH,5828929,1,0.0,0.0,0.0,0.0,0.0,0.0,0,0.0,1.0
MinHashLSH,1145657,9,0.0,0.0,0.0,0.0,0.0,0.0,0,0.0,1.0
MinHashLSH,2351599,15,0.0,0.0,0.0,0.0,0.0,0.0,0,0.0,1.0
MinHashLSH,544321,2483,0.0,0.0,0.0,0.0,0.0,0.0,0,0.0,0.2094240837696335
MinHashLSH,2010779,2,0.0,0.0,0.0,0.0,0.0,0.0,0,0.0,1.0
MinHashLSH,3533868,2,0.0,0.0,0.0,0.0,0.0,0.0,0,0.0,0.5
MinHashLSH,3050557,26,0.0,0.0,0.0,0.0,0.0,0.0,0,0.0,0.9230769230769231
MinHashLSH,4239886,8,0.0,0.0,0.0,0.0,0.0,0.0,0,0.0,1.0
MinHashLSH,2567125,1,0.0,0.0,0.0,0.0,0.0,0.0,0,0.0,1.0
MinHashLSH,6341076,3,0.0,0.0,0.0,0.0,0.0,0.0,0,0.0,1.0
MinHashLSH,239464,14,0.0,0.0,0.0,0.0,0.0,0.0,0,0.0,0.8571428571428571
MinHashLSH,1085625,115,0.0,0.0,0.0,0.0,0.0,0.0,0,0.0,1.0
MinHashLSH,252574,9,0.0,0.0,0.0,0.0,0.0,0.0,0,0.0,1.0
MinHashLSH,4775767,6,0.0,0.0,0.0,0.0,0.0,0.0,0,0.0,1.0
MinHashLSH,2352421,4,0.0,0.0,0.0,0.0,0.0,0.0,0,0.0,1.0
MinHashLSH,443487,2357,0.0,0.0,0.0,0.0,0.0,0.0,0,0.0,0.19092066185829445
MinHashLSH,4147273,186,0.0,0.0,0.0,0.0,0.0,0.0,0,0.0,0.967741935483871
MinHashLSH,4389381,76,0.0,0.0,0.0,0.0,0.0,0.0,0,0.0,1.0
MinHashLSH,2575944,46,0.0,0.0,0.0,0.0,0.0,0.0,0,0.0,0.6086956521739131
MinHashLSH,563879,2,0.0,0.0,0.0,0.0,0.0,0.0,0,0.0,1.0
MinHashLSH,4672468,5,0.0,0.0,0.0,0.0,0.0,0.0,0,0.0,1.0
MinHashLSH,2753570,50,0.0,0.0,0.0,0.0,0.0,0.0,0,0.0,1.0
MinHashLSH,4946320,0,0.0,0.0,0.0,0.0,0.0,0.0,0,0.0,0.0
MinHashLSH,4235441,11,0.0,0.0,0.0,0.0,0.0,0.0,0,0.0,1.0
MinHashLSH,1977745,4,0.0,0.0,0.0,0.0,0.0,0.0,0,0.0,1.0
MinHashLSH,5231602,7,0.0,0.0,0.0,0.0,0.0,0.0,0,0.0,0.5714285714285714
MinHashLSH,1146188,55,0.0,0.0,0.0,0.0,0.0,0.0,0,0.0,0.8545454545454545
MinHashLSH,5809935,0,0.0,0.0,0.0,0.0,0.0,0.0,0,0.0,0.0
MinHashLSH,1334191,3,0.0,0.0,0.0,0.0,0.0,0.0,0,0.0,0.6666666666666666
MinHashLSH,499389,132,0.0,0.0,0.0,0.0,0.0,0.0,0,0.0,0.6439393939393939
MinHashLSH,2268103,36,0.0,0.0,0.0,0.0,0.0,0.0,0,0.0,0.75
MinHashLSH,5718400,4,0.0,0.0,0.0,0.0,0.0,0.0,0,0.0,1.0
MinHashLSH,4069697,1,0.0,0.0,0.0,0.0,0.0,0.0,0,0.0,1.0
MinHashLSH,5639753,14,0.0,0.0,0.0,0.0,0.0,0.0,0,0.0,0.35714285714285715
MinHashLSH,4346860,4,0.0,0.0,0.0,0.0,0.0,0.0,0,0.0,1.0
MinHashLSH,5972324,8,0.0,0.0,0.0,0.0,0.0,0.0,0,0.0,1.0
MinHashLSH,4602234,25,0.0,0.0,0.0,0.0,0.0,0.0,0,0.0,0.96
MinHashLSH,2821445,112,0.0,0.0,0.0,0.0,0.0,0.0,0,0.0,0.8035714285714286
MinHashLSH,1483495,444,0.0,0.0,0.0,0.0,0.0,0.0,0,0.0,0.5292792792792793
MinHashLSH,5538472,1,0.0,0.0,0.0,0.0,0.0,0.0,0,0.0,1.0
MinHashLSH,5994916,59,0.0,0.0,0.0,0.0,0.0,0.0,0,0.0,0.9661016949152542
MinHashLSH,5213680,232,0.0,0.0,0.0,0.0,0.0,0.0,0,0.0,0.9568965517241379
MinHashLSH,6214747,16,0.0,0.0,0.0,0.0,0.0,0.0,0,0.0,0.875
MinHashLSH,1776829,285,0.0,0.0,0.0,0.0,0.0,0.0,0,0.0,0.7298245614035088
MinHashLSH,3729268,14,0.0,0.0,0.0,0.0,0.0,0.0,0,0.0,0.7857142857142857
MinHashLSH,5559189,17,0.0,0.0,0.0,0.0,0.0,0.0,0,0.0,0.8823529411764706
MinHashLSH,3208189,438,0.0,0.0,0.0,0.0,0.0,0.0,0,0.0,0.5799086757990868
MinHashLSH,5527000,178,0.0,0.0,0.0,0.0,0.0,0.0,0,0.0,0.30337078651685395
MinHashLSH,4610979,6,0.0,0.0,0.0,0.0,0.0,0.0,0,0.0,1.0
MinHashLSH,4346957,31,0.0,0.0,0.0,0.0,0.0,0.0,0,0.0,0.3225806451612903
MinHashLSH,416205,49,0.0,0.0,0.0,0.0,0.0,0.0,0,0.0,0.9387755102040817
MinHashLSH,2438086,45,0.0,0.0,0.0,0.0,0.0,0.0,0,0.0,0.9333333333333333
MinHashLSH,1374089,0,0.0,0.0,0.0,0.0,0.0,0.0,0,0.0,0.0
MinHashLSH,6236609,14,0.0,0.0,0.0,0.0,0.0,0.0,0,0.0,0.8571428571428571
MinHashLSH,544160,2,0.0,0.0,0.0,0.0,0.0,0.0,0,0.0,1.0
MinHashLSH,2089863,44,0.0,0.0,0.0,0.0,0.0,0.0,0,0.0,1.0
MinHashLSH,3847613,9,0.0,0.0,0.0,0.0,0.0,0.0,0,0.0,1.0
MinHashLSH,1419407,10,0.0,0.0,0.0,0.0,0.0,0.0,0,0.0,1.0
MinHashLSH,5820128,27,0.0,0.0,0.0,0.0,0.0,0.0,0,0.0,0.5185185185185185
MinHashLSH,416465,72,0.0,0.0,0.0,0.0,0.0,0.0,0,0.0,0.5555555555555556
MinHashLSH,3250211,53,0.0,0.0,0.0,0.0,0.0,0.0,0,0.0,1.0
MinHashLSH,1181554,205,0.0,0.0,0.0,0.0,0.0,0.0,0,0.0,0.8195121951219512
MinHashLSH,4326700,0,0.0,0.0,0.0,0.0,0.0,0.0,0,0.0,0.0
MinHashLSH,1866208,0,0.0,0.0,0.0,0.0,0.0,0.0,0,0.0,0.0
MinHashLSH,4966019,1,0.0,0.0,0.0,0.0,0.0,0.0,0,0.0,1.0
MinHashLSH,3734341,49,0.0,0.0,0.0,0.0,0.0,0.0,0,0.0,0.9387755102040817
MinHashLSH,3089024,0,0.0,0.0,0.0,0.0,0.0,0.0,0,0.0,0.0
MinHashLSH,4563269,10,0.0,0.0,0.0,0.0,0.0,0.0,0,0.0,0.6
MinHashLSH,5241113,7,0.0,0.0,0.0,0.0,0.0,0.0,0,0.0,0.8571428571428571
MinHashLSH,3957364,125,0.0,0.0,0.0,0.0,0.0,0.0,0,0.0,0.344
MinHashLSH,3723343,14,0.0,0.0,0.0,0.0,0.0,0.0,0,0.0,1.0
MinHashLSH,1218527,0,0.0,0.0,0.0,0.0,0.0,0.0,0,0.0,0.0
MinHashLSH,3368656,11,0.0,0.0,0.0,0.0,0.0,0.0,0,0.0,1.0
MinHashLSH,151596,0,0.0,0.0,0.0,0.0,0.0,0.0,0,0.0,0.0
MinHashLSH,1425761,2,0.0,0.0,0.0,0.0,0.0,0.0,0,0.0,0.5
MinHashLSH,550092,167,0.0,0.0,0.0,0.0,0.0,0.0,0,0.0,0.9700598802395209
MinHashLSH,5786594,8,0.0,0.0,0.0,0.0,0.0,0.0,0,0.0,0.75
MinHashLSH,3449640,141,0.0,0.0,0.0,0.0,0.0,0.0,0,0.0,0.40425531914893614
MinHashLSH,1828756,0,0.0,0.0,0.0,0.0,0.0,0.0,0,0.0,0.0
MinHashLSH,3409621,7,0.0,0.0,0.0,0.0,0.0,0.0,0,0.0,1.0
MinHashLSH,4959077,17,0.0,0.0,0.0,0.0,0.0,0.0,0,0.0,0.9411764705882353
MinHashLSH,3417151,4,0.0,0.0,0.0,0.0,0.0,0.0,0,0.0,1.0
MinHashLSH,4393988,31,0.0,0.0,0.0,0.0,0.0,0.0,0,0.0,0.8387096774193549
MinHashLSH,2341087,10,0.0,0.0,0.0,0.0,0.0,0.0,0,0.0,1.0
MinHashLSH,4816123,1,0.0,0.0,0.0,0.0,0.0,0.0,0,0.0,1.0
MinHashLSH,2145204,14,0.0,0.0,0.0,0.0,0.0,0.0,0,0.0,1.0
MinHashLSH,495949,5,0.0,0.0,0.0,0.0,0.0,0.0,0,0.0,1.0
MinHashLSH,3296939,35,0.0,0.0,0.0,0.0,0.0,0.0,0,0.0,0.8857142857142857
MinHashLSH,4518053,0,0.0,0.0,0.0,0.0,0.0,0.0,0,0.0,0.0
MinHashLSH,5201624,8,0.0,0.0,0.0,0.0,0.0,0.0,0,0.0,1.0
MinHashLSH,1656204,72,0.0,0.0,0.0,0.0,0.0,0.0,0,0.0,0.5555555555555556
MinHashLSH,2883408,45,0.0,0.0,0.0,0.0,0.0,0.0,0,0.0,0.4444444444444444
MinHashLSH,527358,11,0.0,0.0,0.0,0.0,0.0,0.0,0,0.0,1.0
MinHashLSH,317466,18,0.0,0.0,0.0,0.0,0.0,0.0,0,0.0,0.3888888888888889
MinHashLSH,3307887,36,0.0,0.0,0.0,0.0,0.0,0.0,0,0.0,0.8888888888888888
MinHashLSH,2014017,15,0.0,0.0,0.0,0.0,0.0,0.0,0,0.0,1.0
MinHashLSH,1495317,4,0.0,0.0,0.0,0.0,0.0,0.0,0,0.0,1.0
MinHashLSH,5288688,3,0.0,0.0,0.0,0.0,0.0,0.0,0,0.0,1.0
MinHashLSH,1946645,1394,0.0,0.0,0.0,0.0,0.0,0.0,0,0.0,0.33715925394548063
MinHashLSH,2383369,3,0.0,0.0,0.0,0.0,0.0,0.0,0,0.0,1.0
MinHashLSH,1489898,38,0.0,0.0,0.0,0.0,0.0,0.0,0,0.0,1.0
MinHashLSH,5845137,61,0.0,0.0,0.0,0.0,0.0,0.0,0,0.0,0.4426229508196721
MinHashLSH,5490351,88,0.0,0.0,0.0,0.0,0.0,0.0,0,0.0,0.5227272727272727
MinHashLSH,1389845,14,0.0,0.0,0.0,0.0,0.0,0.0,0,0.0,0.35714285714285715
MinHashLSH,2223199,2381,0.0,0.0,0.0,0.0,0.0,0.0,0,0.0,0.20285594288114236
MinHashLSH,313874,10,0.0,0.0,0.0,0.0,0.0,0.0,0,0.1,1.0
MinHashLSH,2133704,14,0.0,0.0,0.0,0.0,0.0,0.0,0,0.0,0.8571428571428571
MinHashLSH,1712723,1413,0.0,0.0,0.0,0.0,0.0,0.0,0,0.0,0.16631280962491155
MinHashLSH,4207095,11,0.0,0.0,0.0,0.0,0.0,0.0,0,0.0,0.5454545454545454
MinHashLSH,4257437,2,0.0,0.0,0.0,0.0,0.0,0.0,0,0.0,0.5
MinHashLSH,2866825,3,0.0,0.0,0.0,0.0,0.0,0.0,0,0.0,0.6666666666666666
MinHashLSH,1698385,5,0.0,0.0,0.0,0.0,0.0,0.0,0,0.0,1.0
MinHashLSH,3349374,3,0.0,0.0,0.0,0.0,0.0,0.0,0,0.0,1.0
MinHashLSH,2182546,18,0.0,0.0,0.0,0.0,0.0,0.0,0,0.0,1.0
MinHashLSH,2053262,0,0.0,0.0,0.0,0.0,0.0,0.0,0,0.0,0.0
MinHashLSH,4266176,35,0.0,0.0,0.0,0.0,0.0,0.0,0,0.0,0.9714285714285714
MinHashLSH,2963158,2,0.0,0.0,0.0,0.0,0.0,0.0,0,0.0,1.0
MinHashLSH,5458144,1,0.0,0.0,0.0,0.0,0.0,0.0,0,0.0,1.0
MinHashLSH,3797871,9,0.0,0.0,0.0,0.0,0.0,0.0,0,0.0,0.8888888888888888
MinHashLSH,5512795,173,0.0,0.0,0.0,0.0,0.0,0.0,0,0.0,0.49710982658959535
MinHashLSH,5499635,37,0.0,0.0,0.0,0.0,0.0,0.0,0,0.0,0.972972972972973
MinHashLSH,1874923,4,0.0,0.0,0.0,0.0,0.0,0.0,0,0.0,1.0
MinHashLSH,623340,4,0.0,0.0,0.0,0.0,0.0,0.0,0,0.0,1.0
MinHashLSH,3288985,2356,0.0,0.0,0.0,0.0,0.0,0.0,0,0.0,0.3166383701188455
MinHashLSH,2818548,183,0.0,0.0,0.0,0.0,0.0,0.0,0,0.0,0.40437158469945356
MinHashLSH,4793901,25,0.0,0.0,0.0,0.0,0.0,0.0,0,0.0,1.0
MinHashLSH,2305257,288,0.0,0.0,0.0,0.0,0.0,0.0,0,0.0,0.5555555555555556
MinHashLSH,4549309,94,0.0,0.0,0.0,0.0,0.0,0.0,0,0.0,1.0
MinHashLSH,2972406,0,0.0,0.0,0.0,0.0,0.0,0.0,0,0.0,0.0
MinHashLSH,3014250,8,0.0,0.0,0.0,0.0,0.0,0.0,0,0.0,1.0
MinHashLSH,1672871,68,0.0,0.0,0.0,0.0,0.0,0.0,0,0.0,0.9852941176470589
MinHashLSH,1074798,0,0.0,0.0,0.0,0.0,0.0,0.0,0,0.0,0.0
MinHashLSH,4248795,6,0.0,0.0,0.0,0.0,0.0,0.0,0,0.0,1.0
MinHashLSH,6024428,5,0.0,0.0,0.0,0.0,0.0,0.0,0,0.0,1.0
MinHashLSH,4475585,0,0.0,0.0,0.0,0.0,0.0,0.0,0,0.0,0.0
MinHashLSH,5979841,188,0.0,0.0,0.0,0.0,0.0,0.0,0,0.0,0.9521276595744681
MinHashLSH,3646966,1,0.0,0.0,0.0,0.0,0.0,0.0,0,0.0,1.0
MinHashLSH,3134845,0,0.0,0.0,0.0,0.0,0.0,0.0,0,0.0,0.0
MinHashLSH,3657359,0,0.0,0.0,0.0,0.0,0.0,0.0,0,0.0,0.0
MinHashLSH,3494751,8,0.0,0.0,0.0,0.0,0.0,0.0,0,0.0,0.75
MinHashLSH,4012235,51,0.0,0.0,0.0,0.0,0.0,0.0,0,0.0,0.7843137254901961
MinHashLSH,2872682,0,0.0,0.0,0.0,0.0,0.0,0.0,0,0.0,0.0
MinHashLSH,4098349,0,0.0,0.0,0.0,0.0,0.0,0.0,0,0.0,0.0
MinHashLSH,1939841,3,0.0,0.0,0.0,0.0,0.0,0.0,0,0.0,1.0
MinHashLSH,3029287,0,0.0,0.0,0.0,0.0,0.0,0.0,0,0.0,0.0
MinHashLSH,4270585,4,0.0,0.0,0.0,0.0,0.0,0.0,0,0.0,1.0
MinHashLSH,6337530,13,0.0,0.0,0.0,0.0,0.0,0.0,0,0.0,1.0
MinHashLSH,5559447,66,0.0,0.0,0.0,0.0,0.0,0.0,0,0.0,0.7575757575757576
MinHashLSH,2492200,2463,0.0,0.0,0.0,0.0,0.0,0.0,0,0.0,0.21680876979293545
MinHashLSH,3506958,2,0.0,0.0,0.0,0.0,0.0,0.0,0,0.0,1.0
MinHashLSH,4280289,0,0.0,0.0,0.0,0.0,0.0,0.0,0,0.0,0.0
MinHashLSH,4600871,181,0.0,0.0,0.0,0.0,0.0,0.0,0,0.0,0.569060773480663
MinHashLSH,5478105,341,0.0,0.0,0.0,0.0,0.0,0.0,0,0.0,0.31378299120234604
MinHashLSH,5161710,0,0.0,0.0,0.0,0.0,0.0,0.0,0,0.0,0.0
MinHashLSH,2140677,23,0.0,0.0,0.0,0.0,0.0,0.0,0,0.0,1.0
MinHashLSH,6244236,28,0.0,0.0,0.0,0.0,0.0,0.0,0,0.0,0.6785714285714286
MinHashLSH,3025411,125,0.0,0.0,0.0,0.0,0.0,0.0,0,0.0,0.344
MinHashLSH,1210230,5,0.0,0.0,0.0,0.0,0.0,0.0,0,0.0,1.0
MinHashLSH,5891364,28,0.0,0.0,0.0,0.0,0.0,0.0,0,0.0,1.0
MinHashLSH,1716415,6,0.0,0.0,0.0,0.0,0.0,0.0,0,0.0,1.0
MinHashLSH,1149463,239,0.0,0.0,0.0,0.0,0.0,0.0,0,0.0,0.9330543933054394
MinHashLSH,4547086,71,0.0,0.0,0.0,0.0,0.0,0.0,0,0.0,0.4788732394366197
MinHashLSH,6201636,0,0.0,0.0,0.0,0.0,0.0,0.0,0,0.0,0.0
MinHashLSH,426218,8,0.0,0.0,0.0,0.0,0.0,0.0,0,0.0,1.0
MinHashLSH,5116237,1,0.0,0.0,0.0,0.0,0.0,0.0,0,0.0,1.0
MinHashLSH,3375418,7,0.0,0.0,0.0,0.0,0.0,0.0,0,0.0,0.7142857142857143
MinHashLSH,4644312,6,0.0,0.0,0.0,0.0,0.0,0.0,0,0.0,0.8333333333333334
MinHashLSH,134842,14,0.0,0.0,0.0,0.0,0.0,0.0,0,0.0,0.8571428571428571
MinHashLSH,4710580,3,0.0,0.0,0.0,0.0,0.0,0.0,0,0.0,0.3333333333333333
MinHashLSH,581914,0,0.0,0.0,0.0,0.0,0.0,0.0,0,0.0,0.0
MinHashLSH,1674565,3,0.0,0.0,0.0,0.0,0.0,0.0,0,0.0,1.0
MinHashLSH,3369189,2,0.0,0.0,0.0,0.0,0.0,0.0,0,0.0,1.0
MinHashLSH,5318494,203,0.0,0.0,0.0,0.0,0.0,0.0,0,0.0,0.5024630541871922
MinHashLSH,1956956,46,0.0,0.0,0.0,0.0,0.0,0.0,0,0.0,0.6086956521739131
MinHashLSH,3584287,0,0.0,0.0,0.0,0.0,0.0,0.0,0,0.0,0.0
MinHashLSH,5871812,23,0.0,0.0,0.0,0.0,0.0,0.0,0,0.0,0.8695652173913043
MinHashLSH,4849183,350,0.0,0.0,0.0,0.0,0.0,0.0,0,0.0,0.7942857142857143
MinHashLSH,5519066,0,0.0,0.0,0.0,0.0,0.0,0.0,0,0.0,0.0
MinHashLSH,5807249,0,0.0,0.0,0.0,0.0,0.0,0.0,0,0.0,0.0
MinHashLSH,5161178,112,0.0,0.0,0.0,0.0,0.0,0.0,0,0.0,0.9375
MinHashLSH,3189416,195,0.0,0.0,0.0,0.0,0.0,0.0,0,0.0,0.7948717948717948
MinHashLSH,5093856,11,0.0,0.0,0.0,0.0,0.0,0.0,0,0.0,1.0
MinHashLSH,14081,3,0.0,0.0,0.0,0.0,0.0,0.0,0,0.0,1.0
MinHashLSH,3371797,182,0.0,0.0,0.0,0.0,0.0,0.0,0,0.0,0.9065934065934066
MinHashLSH,6009715,37,0.0,0.0,0.0,0.0,0.0,0.0,0,0.0,0.7567567567567568
MinHashLSH,5130169,242,0.0,0.0,0.0,0.0,0.0,0.0,0,0.0,0.743801652892562
MinHashLSH,4536966,0,0.0,0.0,0.0,0.0,0.0,0.0,0,0.0,0.0
MinHashLSH,5141891,2,0.0,0.0,0.0,0.0,0.0,0.0,0,0.0,1.0
MinHashLSH,1056367,2,0.0,0.0,0.0,0.0,0.0,0.0,0,0.0,1.0
MinHashLSH,3054306,3,0.0,0.0,0.0,0.0,0.0,0.0,0,0.0,1.0
MinHashLSH,1400501,0,0.0,0.0,0.0,0.0,0.0,0.0,0,0.0,0.0
MinHashLSH,2129555,1,0.0,0.0,0.0,0.0,0.0,0.0,0,0.0,1.0
MinHashLSH,2277682,21,0.0,0.0,0.0,0.0,0.0,0.0,0,0.0,0.8095238095238095
MinHashLSH,5216541,0,0.0,0.0,0.0,0.0,0.0,0.0,0,0.0,0.0
MinHashLSH,2045127,6,0.0,0.0,0.0,0.0,0.0,0.0,0,0.0,1.0
MinHashLSH,4656891,5,0.0,0.0,0.0,0.0,0.0,0.0,0,0.0,0.6
MinHashLSH,2065591,0,0.0,0.0,0.0,0.0,0.0,0.0,0,0.0,0.0
MinHashLSH,1131241,19,0.0,0.0,0.0,0.0,0.0,0.0,0,0.0,1.0
MinHashLSH,3917828,18,0.0,0.0,0.0,0.0,0.0,0.0,0,0.0,1.0
MinHashLSH,2284353,18,0.0,0.0,0.0,0.0,0.0,0.0,0,0.0,1.0
MinHashLSH,3299760,0,0.0,0.0,0.0,0.0,0.0,0.0,0,0.0,0.0
MinHashLSH,4048139,4,0.0,0.0,0.0,0.0,0.0,0.0,0,0.0,1.0
MinHashLSH,2247982,5,0.0,0.0,0.0,0.0,0.0,0.0,0,0.0,1.0
MinHashLSH,1621077,0,0.0,0.0,0.0,0.0,0.0,0.0,0,0.0,0.0
MinHashLSH,3331144,361,0.0,0.0,0.0,0.0,0.0,0.0,0,0.0,0.7368421052631579
MinHashLSH,1792141,341,0.0,0.0,0.0,0.0,0.0,0.0,0,0.0,0.31378299120234604
MinHashLSH,1141676,10,0.0,0.0,0.0,0.0,0.0,0.0,0,0.0,1.0
MinHashLSH,1233181,2,0.0,0.0,0.0,0.0,0.0,0.0,0,0.0,1.0
MinHashLSH,636700,30,0.0,0.0,0.0,0.0,0.0,0.0,0,0.0,1.0
MinHashLSH,4671892,55,0.0,0.0,0.0,0.0,0.0,0.0,0,0.0,0.6727272727272727
MinHashLSH,2096772,27,0.0,0.0,0.0,0.0,0.0,0.0,0,0.0,0.7407407407407407
MinHashLSH,3394837,2,0.0,0.0,0.0,0.0,0.0,0.0,0,0.0,1.0
MinHashLSH,6104666,4,0.0,0.0,0.0,0.0,0.0,0.0,0,0.0,1.0
MinHashLSH,5315539,42,0.0,0.0,0.0,0.0,0.0,0.0,0,0.0,0.30952380952380953
MinHashLSH,356041,1,0.0,0.0,0.0,0.0,0.0,0.0,0,0.0,1.0
MinHashLSH,5763739,0,0.0,0.0,0.0,0.0,0.0,0.0,0,0.0,0.0
MinHashLSH,2673476,1,0.0,0.0,0.0,0.0,0.0,0.0,0,0.0,1.0
MinHashLSH,5612772,31,0.0,0.0,0.0,0.0,0.0,0.0,0,0.0,0.8387096774193549
MinHashLSH,5709980,0,0.0,0.0,0.0,0.0,0.0,0.0,0,0.0,0.0
MinHashLSH,5374565,132,0.0,0.0,0.0,0.0,0.0,0.0,0,0.0,0.6439393939393939
MinHashLSH,2967781,17,0.0,0.0,0.0,0.0,0.0,0.0,0,0.0,0.9411764705882353
MinHashLSH,5157284,3,0.0,0.0,0.0,0.0,0.0,0.0,0,0.0,1.0
MinHashLSH,5463212,2,0.0,0.0,0.0,0.0,0.0,0.0,0,0.0,1.0
MinHashLSH,2276496,2360,0.0,0.0,0.0,0.0,0.0,0.0,0,0.0,0.8953389830508475
MinHashLSH,2857216,14,0.0,0.0,0.0,0.0,0.0,0.0,0,0.0,0.35714285714285715
MinHashLSH,4067802,242,0.0,0.0,0.0,0.0,0.0,0.0,0,0.0,0.743801652892562
MinHashLSH,3467850,273,0.0,0.0,0.0,0.0,0.0,0.0,0,0.0,0.5311355311355311
MinHashLSH,1466717,13,0.0,0.0,0.0,0.0,0.0,0.0,0,0.0,1.0
MinHashLSH,6348401,50,0.0,0.0,0.0,0.0,0.0,0.0,0,0.0,1.0
MinHashLSH,1045667,49,0.0,0.0,0.0,0.0,0.0,0.0,0,0.0,0.8367346938775511
MinHashLSH,4357655,3,0.0,0.0,0.0,0.0,0.0,0.0,0,0.0,1.0
MinHashLSH,5355416,232,0.0,0.0,0.0,0.0,0.0,0.0,0,0.0,0.9568965517241379
MinHashLSH,2156003,133,0.0,0.0,0.0,0.0,0.0,0.0,0,0.0,1.0
MinHashLSH,1340392,2,0.0,0.0,0.0,0.0,0.0,0.0,0,0.0,1.0
MinHashLSH,144030,3,0.0,0.0,0.0,0.0,0.0,0.0,0,0.0,1.0
MinHashLSH,5574465,285,0.0,0.0,0.0,0.0,0.0,0.0,0,0.0,0.7298245614035088
MinHashLSH,1549801,2,0.0,0.0,0.0,0.0,0.0,0.0,0,0.5,1.0
MinHashLSH,3096727,2,0.0,0.0,0.0,0.0,0.0,0.0,0,0.0,1.0
MinHashLSH,266254,49,0.0,0.0,0.0,0.0,0.0,0.0,0,0.0,1.0
MinHashLSH,2465167,8,0.0,0.0,0.0,0.0,0.0,0.0,0,0.0,0.375
MinHashLSH,470861,12,0.0,0.0,0.0,0.0,0.0,0.0,0,0.0,0.75
MinHashLSH,34557,52,0.0,0.0,0.0,0.0,0.0,0.0,0,0.0,0.8076923076923077
MinHashLSH,4838265,12,0.0,0.0,0.0,0.0,0.0,0.0,0,0.0,0.3333333333333333
MinHashLSH,4151609,1416,0.0,0.0,0.0,0.0,0.0,0.0,0,0.0,0.259180790960452
MinHashLSH,3890237,88,0.0,0.0,0.0,0.0,0.0,0.0,0,0.0,0.5227272727272727
MinHashLSH,6031947,20,0.0,0.0,0.0,0.0,0.0,0.0,0,0.0,1.0
MinHashLSH,1934038,2,0.0,0.0,0.0,0.0,0.0,0.0,0,0.0,1.0
MinHashLSH,14039,11,0.0,0.0,0.0,0.0,0.0,0.0,0,0.0,0.6363636363636364
MinHashLSH,6019659,3,0.0,0.0,0.0,0.0,0.0,0.0,0,0.0,1.0
MinHashLSH,5860328,0,0.0,0.0,0.0,0.0,0.0,0.0,0,0.0,0.0
MinHashLSH,6123851,46,0.0,0.0,0.0,0.0,0.0,0.0,0,0.0,0.8478260869565217
MinHashLSH,5004568,12,0.0,0.0,0.0,0.0,0.0,0.0,0,0.0,1.0
MinHashLSH,3834869,264,0.0,0.0,0.0,0.0,0.0,0.0,0,0.0,0.7121212121212122
MinHashLSH,3312569,23,0.0,0.0,0.0,0.0,0.0,0.0,0,0.0,0.8260869565217391
MinHashLSH,2540577,1,0.0,0.0,0.0,0.0,0.0,0.0,0,0.0,1.0
MinHashLSH,2329040,13,0.0,0.0,0.0,0.0,0.0,0.0,0,0.07692307692307693,0.9230769230769231
MinHashLSH,3827249,2360,0.0,0.0,0.0,0.0,0.0,0.0,0,0.0,0.8953389830508475
MinHashLSH,6238444,8,0.0,0.0,0.0,0.0,0.0,0.0,0,0.0,1.0
MinHashLSH,5537725,14,0.0,0.0,0.0,0.0,0.0,0.0,0,0.0,0.8571428571428571
MinHashLSH,2150872,26,0.0,0.0,0.0,0.0,0.0,0.0,0,0.0,0.8846153846153846
MinHashLSH,5375968,11,0.0,0.0,0.0,0.0,0.0,0.0,0,0.0,1.0
MinHashLSH,2412075,1,0.0,0.0,0.0,0.0,0.0,0.0,0,0.0,1.0
MinHashLSH,4711167,6,0.0,0.0,0.0,0.0,0.0,0.0,0,0.0,1.0
MinHashLSH,5656940,316,0.0,0.0,0.0,0.0,0.0,0.0,0,0.0,0.5917721518987342
MinHashLSH,4298954,3,0.0,0.0,0.0,0.0,0.0,0.0,0,0.0,0.3333333333333333
MinHashLSH,1459856,14,0.0,0.0,0.0,0.0,0.0,0.0,0,0.0,0.7142857142857143
MinHashLSH,6085026,6,0.0,0.0,0.0,0.0,0.0,0.0,0,0.0,1.0
MinHashLSH,4987229,125,0.0,0.0,0.0,0.0,0.0,0.0,0,0.0,0.392
MinHashLSH,2111910,1396,0.0,0.0,0.0,0.0,0.0,0.0,0,0.0,0.11962750716332378
MinHashLSH,6019970,8,0.0,0.0,0.0,0.0,0.0,0.0,0,0.0,0.75
MinHashLSH,4736213,2,0.0,0.0,0.0,0.0,0.0,0.0,0,0.0,1.0
MinHashLSH,1470710,11,0.0,0.0,0.0,0.0,0.0,0.0,0,0.0,0.8181818181818182
MinHashLSH,2525335,112,0.0,0.0,0.0,0.0,0.0,0.0,0,0.0,0.9375
MinHashLSH,3076814,43,0.0,0.0,0.0,0.0,0.0,0.0,0,0.0,1.0
MinHashLSH,4497077,41,0.0,0.0,0.0,0.0,0.0,0.0,0,0.0,0.8780487804878049
MinHashLSH,1484311,6,0.0,0.0,0.0,0.0,0.0,0.0,0,0.0,1.0
MinHashLSH,3130029,178,0.0,0.0,0.0,0.0,0.0,0.0,0,0.0,0.30337078651685395
MinHashLSH,1411378,0,0.0,0.0,0.0,0.0,0.0,0.0,0,0.0,0.0
MinHashLSH,4631905,159,0.0,0.0,0.0,0.0,0.0,0.0,0,0.0,0.5220125786163522
MinHashLSH,4547288,65,0.0,0.0,0.0,0.0,0.0,0.0,0,0.0,0.9846153846153847
MinHashLSH,468377,48,0.0,0.0,0.0,0.0,0.0,0.0,0,0.0,0.4583333333333333
MinHashLSH,5245704,0,0.0,0.0,0.0,0.0,0.0,0.0,0,0.0,0.0
MinHashLSH,2571620,14,0.0,0.0,0.0,0.0,0.0,0.0,0,0.0,0.35714285714285715
MinHashLSH,3633749,10,0.0,0.0,0.0,0.0,0.0,0.0,0,0.0,0.6
MinHashLSH,4271222,1,0.0,0.0,0.0,0.0,0.0,0.0,0,0.0,1.0
MinHashLSH,3486001,0,0.0,0.0,0.0,0.0,0.0,0.0,0,0.0,0.0
MinHashLSH,5069519,45,0.0,0.0,0.0,0.0,0.0,0.0,0,0.0,0.4444444444444444
MinHashLSH,1216804,112,0.0,0.0,0.0,0.0,0.0,0.0,0,0.0,0.8035714285714286
MinHashLSH,4112705,20,0.0,0.0,0.0,0.0,0.0,0.0,0,0.0,0.5
MinHashLSH,3737610,2,0.0,0.0,0.0,0.0,0.0,0.0,0,0.0,1.0
MinHashLSH,4154683,8,0.0,0.0,0.0,0.0,0.0,0.0,0,0.0,1.0
MinHashLSH,3730430,0,0.0,0.0,0.0,0.0,0.0,0.0,0,0.0,0.0
MinHashLSH,4237791,2,0.0,0.0,0.0,0.0,0.0,0.0,0,0.0,1.0
MinHashLSH,2573332,55,0.0,0.0,0.0,0.0,0.0,0.0,0,0.0,0.6727272727272727
MinHashLSH,106544,18,0.0,0.0,0.0,0.0,0.0,0.0,0,0.0,0.3888888888888889
MinHashLSH,1334134,48,0.0,0.0,0.0,0.0,0.0,0.0,0,0.0,0.9375
MinHashLSH,4497363,0,0.0,0.0,0.0,0.0,0.0,0.0,0,0.0,0.0
MinHashLSH,6002614,0,0.0,0.0,0.0,0.0,0.0,0.0,0,0.0,0.0
MinHashLSH,4211860,4,0.0,0.0,0.0,0.0,0.0,0.0,0,0.0,1.0
MinHashLSH,3580359,1585,0.0,0.0,0.0,0.0,0.0,0.0,0,0.0,0.2593059936908517
MinHashLSH,4382311,58,0.0,0.0,0.0,0.0,0.0,0.0,0,0.017241379310344827,1.0
MinHashLSH,4431314,0,0.0,0.0,0.0,0.0,0.0,0.0,0,0.0,0.0
MinHashLSH,4241244,1,0.0,0.0,0.0,0.0,0.0,0.0,0,0.0,1.0
MinHashLSH,4196959,86,0.0,0.0,0.0,0.0,0.0,0.0,0,0.0,0.9767441860465116
MinHashLSH,1949648,12,0.0,0.0,0.0,0.0,0.0,0.0,0,0.0,1.0
MinHashLSH,5078384,324,0.0,0.0,0.0,0.0,0.0,0.0,0,0.0,0.9969135802469136
MinHashLSH,5097701,3,0.0,0.0,0.0,0.0,0.0,0.0,0,0.0,1.0
MinHashLSH,1451762,45,0.0,0.0,0.0,0.0,0.0,0.0,0,0.0,1.0
MinHashLSH,6002684,26,0.0,0.0,0.0,0.0,0.0,0.0,0,0.0,0.6538461538461539
MinHashLSH,5825909,3,0.0,0.0,0.0,0.0,0.0,0.0,0,0.3333333333333333,1.0
MinHashLSH,4496667,1,0.0,0.0,0.0,0.0,0.0,0.0,0,0.0,1.0
MinHashLSH,5255518,9,0.0,0.0,0.0,0.0,0.0,0.0,0,0.0,1.0
MinHashLSH,2440457,1,0.0,0.0,0.0,0.0,0.0,0.0,0,0.0,1.0
MinHashLSH,1671070,0,0.0,0.0,0.0,0.0,0.0,0.0,0,0.0,0.0
MinHashLSH,4131094,340,0.0,0.0,0.0,0.0,0.0,0.0,0,0.0,0.9176470588235294
MinHashLSH,3152728,195,0.0,0.0,0.0,0.0,0.0,0.0,0,0.0,0.7948717948717948
MinHashLSH,289549,14,0.0,0.0,0.0,0.0,0.0,0.0,0,0.0,0.21428571428571427
MinHashLSH,1506519,2,0.0,0.0,0.0,0.0,0.0,0.0,0,0.0,1.0
MinHashLSH,3516831,35,0.0,0.0,0.0,0.0,0.0,0.0,0,0.0,0.9714285714285714
MinHashLSH,1509884,3,0.0,0.0,0.0,0.0,0.0,0.0,0,0.0,1.0
MinHashLSH,3449914,2,0.0,0.0,0.0,0.0,0.0,0.0,0,0.0,1.0
MinHashLSH,5452715,11,0.0,0.0,0.0,0.0,0.0,0.0,0,0.0,1.0
MinHashLSH,1220618,26,0.0,0.0,0.0,0.0,0.0,0.0,0,0.0,1.0
MinHashLSH,1711487,0,0.0,0.0,0.0,0.0,0.0,0.0,0,0.0,0.0
MinHashLSH,5475534,294,0.0,0.0,0.0,0.0,0.0,0.0,0,0.0,0.5748299319727891
MinHashLSH,5446866,5,0.0,0.0,0.0,0.0,0.0,0.0,0,0.0,1.0
MinHashLSH,4222138,11,0.0,0.0,0.0,0.0,0.0,0.0,0,0.0,0.7272727272727273
MinHashLSH,427641,3,0.0,0.0,0.0,0.0,0.0,0.0,0,0.0,1.0
MinHashLSH,2497872,0,0.0,0.0,0.0,0.0,0.0,0.0,0,0.0,0.0
MinHashLSH,6268528,7,0.0,0.0,0.0,0.0,0.0,0.0,0,0.0,1.0
MinHashLSH,5523895,19,0.0,0.0,0.0,0.0,0.0,0.0,0,0.0,1.0
MinHashLSH,5012075,13,0.0,0.0,0.0,0.0,0.0,0.0,0,0.0,0.6923076923076923
MinHashLSH,629903,0,0.0,0.0,0.0,0.0,0.0,0.0,0,0.0,0.0
MinHashLSH,618954,0,0.0,0.0,0.0,0.0,0.0,0.0,0,0.0,0.0
MinHashLSH,1747307,561,0.0,0.0,0.0,0.0,0.0,0.0,0,0.0,0.29233511586452765
MinHashLSH,2663232,14,0.0,0.0,0.0,0.0,0.0,0.0,0,0.0,0.8571428571428571
MinHashLSH,5109015,2,0.0,0.0,0.0,0.0,0.0,0.0,0,0.0,1.0
MinHashLSH,398287,0,0.0,0.0,0.0,0.0,0.0,0.0,0,0.0,0.0
MinHashLSH,374300,8,0.0,0.0,0.0,0.0,0.0,0.0,0,0.0,0.875
MinHashLSH,4965925,7,0.0,0.0,0.0,0.0,0.0,0.0,0,0.0,1.0
MinHashLSH,3337510,1,0.0,0.0,0.0,0.0,0.0,0.0,0,0.0,1.0
MinHashLSH,4071243,181,0.0,0.0,0.0,0.0,0.0,0.0,0,0.0,0.569060773480663
MinHashLSH,2944561,66,0.0,0.0,0.0,0.0,0.0,0.0,0,0.0,0.45454545454545453
MinHashLSH,6334469,315,0.0,0.0,0.0,0.0,0.0,0.0,0,0.0,0.4984126984126984
MinHashLSH,4710152,19,0.0,0.0,0.0,0.0,0.0,0.0,0,0.0,1.0
MinHashLSH,4019189,166,0.0,0.0,0.0,0.0,0.0,0.0,0,0.0,1.0
MinHashLSH,1008960,14,0.0,0.0,0.0,0.0,0.0,0.0,0,0.0,1.0
MinHashLSH,385828,43,0.0,0.0,0.0,0.0,0.0,0.0,0,0.0,1.0
MinHashLSH,2398763,46,0.0,0.0,0.0,0.0,0.0,0.0,0,0.0,0.8478260869565217
MinHashLSH,5749657,1,0.0,0.0,0.0,0.0,0.0,0.0,0,0.0,1.0
MinHashLSH,2564110,11,0.0,0.0,0.0,0.0,0.0,0.0,0,0.0,0.5454545454545454
MinHashLSH,248965,0,0.0,0.0,0.0,0.0,0.0,0.0,0,0.0,0.0
MinHashLSH,2553883,181,0.0,0.0,0.0,0.0,0.0,0.0,0,0.0,0.569060773480663
MinHashLSH,1109802,12,0.0,0.0,0.0,0.0,0.0,0.0,0,0.0,1.0
MinHashLSH,4244456,0,0.0,0.0,0.0,0.0,0.0,0.0,0,0.0,0.0
MinHashLSH,6228621,109,0.0,0.0,0.0,0.0,0.0,0.0,0,0.0,0.30275229357798167
MinHashLSH,5017515,38,0.0,0.0,0.0,0.0,0.0,0.0,0,0.0,0.9210526315789473
MinHashLSH,118186,2,0.0,0.0,0.0,0.0,0.0,0.0,0,0.5,1.0
MinHashLSH,1486403,1,0.0,0.0,0.0,0.0,0.0,0.0,0,0.0,1.0
MinHashLSH,3886844,1,0.0,0.0,0.0,0.0,0.0,0.0,0,0.0,1.0
MinHashLSH,1332237,0,0.0,0.0,0.0,0.0,0.0,0.0,0,0.0,0.0
MinHashLSH,5089218,7,0.0,0.0,0.0,0.0,0.0,0.0,0,0.14285714285714285,1.0
MinHashLSH,252193,0,0.0,0.0,0.0,0.0,0.0,0.0,0,0.0,0.0
MinHashLSH,4677589,4,0.0,0.0,0.0,0.0,0.0,0.0,0,0.0,0.75
MinHashLSH,4192405,20,0.0,0.0,0.0,0.0,0.0,0.0,0,0.0,1.0
MinHashLSH,5799660,32,0.0,0.0,0.0,0.0,0.0,0.0,0,0.0,0.9375
MinHashLSH,4499704,0,0.0,0.0,0.0,0.0,0.0,0.0,0,0.0,0.0
MinHashLSH,5739806,2356,0.0,0.0,0.0,0.0,0.0,0.0,0,0.0,0.3166383701188455
MinHashLSH,4590235,0,0.0,0.0,0.0,0.0,0.0,0.0,0,0.0,0.0
MinHashLSH,2882474,309,0.0,0.0,0.0,0.0,0.0,0.0,0,0.0,0.970873786407767
MinHashLSH,1456935,56,0.0,0.0,0.0,0.0,0.0,0.0,0,0.0,0.48214285714285715
MinHashLSH,5273871,2,0.0,0.0,0.0,0.0,0.0,0.0,0,0.0,1.0
MinHashLSH,2775930,17,0.0,0.0,0.0,0.0,0.0,0.0,0,0.0,0.8823529411764706
MinHashLSH,4287619,31,0.0,0.0,0.0,0.0,0.0,0.0,0,0.0,0.8387096774193549
MinHashLSH,307373,5,0.0,0.0,0.0,0.0,0.0,0.0,0,0.0,1.0
MinHashLSH,4921122,2,0.0,0.0,0.0,0.0,0.0,0.0,0,0.0,1.0
MinHashLSH,1140444,75,0.0,0.0,0.0,0.0,0.0,0.0,0,0.0,0.7466666666666667
MinHashLSH,2380941,56,0.0,0.0,0.0,0.0,0.0,0.0,0,0.0,0.48214285714285715
MinHashLSH,2964885,11,0.0,0.0,0.0,0.0,0.0,0.0,0,0.0,0.8181818181818182
MinHashLSH,1409524,37,0.0,0.0,0.0,0.0,0.0,0.0,0,0.0,0.972972972972973
MinHashLSH,3952935,55,0.0,0.0,0.0,0.0,0.0,0.0,0,0.0,1.0
MinHashLSH,4065797,116,0.0,0.0,0.0,0.0,0.0,0.0,0,0.0,1.0
MinHashLSH,1987019,0,0.0,0.0,0.0,0.0,0.0,0.0,0,0.0,0.0
MinHashLSH,3944044,10,0.0,0.0,0.0,0.0,0.0,0.0,0,0.0,1.0
MinHashLSH,5245492,0,0.0,0.0,0.0,0.0,0.0,0.0,0,0.0,0.0
MinHashLSH,1906998,0,0.0,0.0,0.0,0.0,0.0,0.0,0,0.0,0.0
MinHashLSH,2070689,17,0.0,0.0,0.0,0.0,0.0,0.0,0,0.0,0.7058823529411765
MinHashLSH,4479260,220,0.0,0.0,0.0,0.0,0.0,0.0,0,0.0,0.4818181818181818
MinHashLSH,5287891,2,0.0,0.0,0.0,0.0,0.0,0.0,0,0.0,0.5
MinHashLSH,5282651,54,0.0,0.0,0.0,0.0,0.0,0.0,0,0.0,0.4074074074074074
MinHashLSH,2659553,11,0.0,0.0,0.0,0.0,0.0,0.0,0,0.0,1.0
MinHashLSH,2947113,3,0.0,0.0,0.0,0.0,0.0,0.0,0,0.0,1.0
MinHashLSH,4164689,41,0.0,0.0,0.0,0.0,0.0,0.0,0,0.0,1.0
MinHashLSH,5746950,0,0.0,0.0,0.0,0.0,0.0,0.0,0,0.0,0.0
MinHashLSH,459476,3,0.0,0.0,0.0,0.0,0.0,0.0,0,0.0,1.0
MinHashLSH,5976027,83,0.0,0.0,0.0,0.0,0.0,0.0,0,0.0,0.927710843373494
MinHashLSH,1341370,0,0.0,0.0,0.0,0.0,0.0,0.0,0,0.0,0.0
MinHashLSH,5233318,0,0.0,0.0,0.0,0.0,0.0,0.0,0,0.0,0.0
MinHashLSH,247695,4,0.0,0.0,0.0,0.0,0.0,0.0,0,0.0,1.0
MinHashLSH,5978756,1,0.0,0.0,0.0,0.0,0.0,0.0,0,0.0,1.0
MinHashLSH,6018740,14,0.0,0.0,0.0,0.0,0.0,0.0,0,0.0,0.7857142857142857
MinHashLSH,4379005,0,0.0,0.0,0.0,0.0,0.0,0.0,0,0.0,0.0
MinHashLSH,1358442,1,0.0,0.0,0.0,0.0,0.0,0.0,0,0.0,1.0
MinHashLSH,2396449,181,0.0,0.0,0.0,0.0,0.0,0.0,0,0.0,0.569060773480663
MinHashLSH,1162415,0,0.0,0.0,0.0,0.0,0.0,0.0,0,0.0,0.0
MinHashLSH,1744672,2,0.0,0.0,0.0,0.0,0.0,0.0,0,0.0,1.0
MinHashLSH,1140078,2,0.0,0.0,0.0,0.0,0.0,0.0,0,0.0,1.0
MinHashLSH,3106757,6,0.0,0.0,0.0,0.0,0.0,0.0,0,0.0,1.0
MinHashLSH,1003655,7,0.0,0.0,0.0,0.0,0.0,0.0,0,0.0,1.0
MinHashLSH,1704209,2,0.0,0.0,0.0,0.0,0.0,0.0,0,0.0,1.0
MinHashLSH,5704761,6,0.0,0.0,0.0,0.0,0.0,0.0,0,0.0,1.0
MinHashLSH,5531947,177,0.0,0.0,0.0,0.0,0.0,0.0,0,0.0,0.4858757062146893
MinHashLSH,3045502,9,0.0,0.0,0.0,0.0,0.0,0.0,0,0.0,1.0
MinHashLSH,623100,1,0.0,0.0,0.0,0.0,0.0,0.0,0,0.0,1.0
MinHashLSH,2642439,77,0.0,0.0,0.0,0.0,0.0,0.0,0,0.0,0.9090909090909091
MinHashLSH,5276254,14,0.0,0.0,0.0,0.0,0.0,0.0,0,0.0,0.35714285714285715
MinHashLSH,1704362,11,0.0,0.0,0.0,0.0,0.0,0.0,0,0.0,1.0
MinHashLSH,3028180,11,0.0,0.0,0.0,0.0,0.0,0.0,0,0.0,1.0
MinHashLSH,1444620,7,0.0,0.0,0.0,0.0,0.0,0.0,0,0.0,0.5714285714285714
MinHashLSH,3150630,14,0.0,0.0,0.0,0.0,0.0,0.0,0,0.0,0.8571428571428571
MinHashLSH,2272178,7,0.0,0.0,0.0,0.0,0.0,0.0,0,0.0,1.0
MinHashLSH,5427227,4,0.0,0.0,0.0,0.0,0.0,0.0,0,0.0,1.0
MinHashLSH,4313573,1376,0.0,0.0,0.0,0.0,0.0,0.0,0,0.0,0.5087209302325582
MinHashLSH,5798963,0,0.0,0.0,0.0,0.0,0.0,0.0,0,0.0,0.0
MinHashLSH,5919132,15,0.0,0.0,0.0,0.0,0.0,0.0,0,0.0,1.0
MinHashLSH,325775,5,0.0,0.0,0.0,0.0,0.0,0.0,0,0.0,1.0
MinHashLSH,2284504,278,0.0,0.0,0.0,0.0,0.0,0.0,0,0.0,0.381294964028777
MinHashLSH,323727,6,0.0,0.0,0.0,0.0,0.0,0.0,0,0.0,1.0
MinHashLSH,2367373,1,0.0,0.0,0.0,0.0,0.0,0.0,0,0.0,1.0
MinHashLSH,2818639,0,0.0,0.0,0.0,0.0,0.0,0.0,0,0.0,0.0
MinHashLSH,4730229,1415,0.0,0.0,0.0,0.0,0.0,0.0,0,0.0,0.2812720848056537
MinHashLSH,3908695,23,0.0,0.0,0.0,0.0,0.0,0.0,0,0.0,0.8695652173913043
MinHashLSH,5142481,0,0.0,0.0,0.0,0.0,0.0,0.0,0,0.0,0.0
MinHashLSH,5726137,125,0.0,0.0,0.0,0.0,0.0,0.0,0,0.0,0.344
MinHashLSH,5029187,2355,0.0,0.0,0.0,0.0,0.0,0.0,0,0.0,0.5392781316348195
MinHashLSH,2147283,1,0.0,0.0,0.0,0.0,0.0,0.0,0,0.0,1.0
MinHashLSH,2047468,66,0.0,0.0,0.0,0.0,0.0,0.0,0,0.0,0.7575757575757576
MinHashLSH,4513386,14,0.0,0.0,0.0,0.0,0.0,0.0,0,0.0,1.0
MinHashLSH,2295012,177,0.0,0.0,0.0,0.0,0.0,0.0,0,0.0,0.4858757062146893
MinHashLSH,1193461,45,0.0,0.0,0.0,0.0,0.0,0.0,0,0.0,1.0
MinHashLSH,4289882,3,0.0,0.0,0.0,0.0,0.0,0.0,0,0.0,1.0
MinHashLSH,450211,8,0.0,0.0,0.0,0.0,0.0,0.0,0,0.0,1.0
MinHashLSH,6106194,0,0.0,0.0,0.0,0.0,0.0,0.0,0,0.0,0.0
MinHashLSH,5150046,177,0.0,0.0,0.0,0.0,0.0,0.0,0,0.0,1.0
MinHashLSH,4659608,0,0.0,0.0,0.0,0.0,0.0,0.0,0,0.0,0.0
MinHashLSH,1326539,5,0.0,0.0,0.0,0.0,0.0,0.0,0,0.0,1.0
MinHashLSH,4370797,0,0.0,0.0,0.0,0.0,0.0,0.0,0,0.0,0.0
MinHashLSH,3954786,1,0.0,0.0,0.0,0.0,0.0,0.0,0,0.0,1.0
MinHashLSH,1313562,2,0.0,0.0,0.0,0.0,0.0,0.0,0,0.0,1.0
MinHashLSH,5360190,47,0.0,0.0,0.0,0.0,0.0,0.0,0,0.0,1.0
MinHashLSH,2154201,62,0.0,0.0,0.0,0.0,0.0,0.0,0,0.0,1.0
MinHashLSH,5802495,1,0.0,0.0,0.0,0.0,0.0,0.0,0,0.0,1.0
MinHashLSH,442927,14,0.0,0.0,0.0,0.0,0.0,0.0,0,0.0,0.35714285714285715
MinHashLSH,4708186,47,0.0,0.0,0.0,0.0,0.0,0.0,0,0.0,0.9787234042553191
MinHashLSH,4185516,2,0.0,0.0,0.0,0.0,0.0,0.0,0,0.0,0.5
MinHashLSH,6065753,117,0.0,0.0,0.0,0.0,0.0,0.0,0,0.0,0.4444444444444444
MinHashLSH,5599908,0,0.0,0.0,0.0,0.0,0.0,0.0,0,0.0,0.0
MinHashLSH,4944787,1,0.0,0.0,0.0,0.0,0.0,0.0,0,0.0,1.0
MinHashLSH,6252676,32,0.0,0.0,0.0,0.0,0.0,0.0,0,0.0,0.9375
MinHashLSH,30491,181,0.0,0.0,0.0,0.0,0.0,0.0,0,0.0,0.569060773480663
MinHashLSH,5223234,45,0.0,0.0,0.0,0.0,0.0,0.0,0,0.0,0.8666666666666667
MinHashLSH,617680,7,0.0,0.0,0.0,0.0,0.0,0.0,0,0.0,0.5714285714285714
MinHashLSH,5219299,66,0.0,0.0,0.0,0.0,0.0,0.0,0,0.0,0.7575757575757576
MinHashLSH,2898439,7,0.0,0.0,0.0,0.0,0.0,0.0,0,0.0,0.8571428571428571
MinHashLSH,3243817,1,0.0,0.0,0.0,0.0,0.0,0.0,0,0.0,1.0
MinHashLSH,3021056,92,0.0,0.0,0.0,0.0,0.0,0.0,0,0.0,0.9891304347826086
MinHashLSH,200026,16,0.0,0.0,0.0,0.0,0.0,0.0,0,0.0,0.875
MinHashLSH,4511591,15,0.0,0.0,0.0,0.0,0.0,0.0,0,0.0,1.0
MinHashLSH,5843246,0,0.0,0.0,0.0,0.0,0.0,0.0,0,0.0,0.0
MinHashLSH,1482995,0,0.0,0.0,0.0,0.0,0.0,0.0,0,0.0,0.0
MinHashLSH,1118987,26,0.0,0.0,0.0,0.0,0.0,0.0,0,0.0,0.8846153846153846
MinHashLSH,6344891,181,0.0,0.0,0.0,0.0,0.0,0.0,0,0.0,0.569060773480663
MinHashLSH,3201824,46,0.0,0.0,0.0,0.0,0.0,0.0,0,0.0,0.782608695652174
MinHashLSH,3911637,55,0.0,0.0,0.0,0.0,0.0,0.0,0,0.0,0.8545454545454545
MinHashLSH,5325451,8,0.0,0.0,0.0,0.0,0.0,0.0,0,0.0,0.875
MinHashLSH,4221125,186,0.0,0.0,0.0,0.0,0.0,0.0,0,0.0,0.543010752688172
MinHashLSH,2200424,1,0.0,0.0,0.0,0.0,0.0,0.0,0,0.0,0.0
MinHashLSH,1379072,2,0.0,0.0,0.0,0.0,0.0,0.0,0,0.0,1.0
MinHashLSH,4852704,3,0.0,0.0,0.0,0.0,0.0,0.0,0,0.0,1.0
MinHashLSH,488165,278,0.0,0.0,0.0,0.0,0.0,0.0,0,0.0,0.381294964028777
MinHashLSH,3577571,45,0.0,0.0,0.0,0.0,0.0,0.0,0,0.0,1.0
MinHashLSH,5044872,59,0.0,0.0,0.0,0.0,0.0,0.0,0,0.0,1.0
MinHashLSH,5921798,38,0.0,0.0,0.0,0.0,0.0,0.0,0,0.0,1.0
MinHashLSH,1807641,0,0.0,0.0,0.0,0.0,0.0,0.0,0,0.0,0.0
MinHashLSH,4186465,7,0.0,0.0,0.0,0.0,0.0,0.0,0,0.0,0.8571428571428571
MinHashLSH,3969739,422,0.0,0.0,0.0,0.0,0.0,0.0,0,0.0,0.37203791469194314
MinHashLSH,1784190,2,0.0,0.0,0.0,0.0,0.0,0.0,0,0.0,0.5
MinHashLSH,3451282,2,0.0,0.0,0.0,0.0,0.0,0.0,0,0.0,1.0
MinHashLSH,4602526,1,0.0,0.0,0.0,0.0,0.0,0.0,0,0.0,1.0
MinHashLSH,6094792,1,0.0,0.0,0.0,0.0,0.0,0.0,0,0.0,1.0
MinHashLSH,2099269,15,0.0,0.0,0.0,0.0,0.0,0.0,0,0.0,1.0
MinHashLSH,5995908,0,0.0,0.0,0.0,0.0,0.0,0.0,0,0.0,0.0
MinHashLSH,5688213,89,0.0,0.0,0.0,0.0,0.0,0.0,0,0.0,0.9887640449438202
MinHashLSH,3758627,2,0.0,0.0,0.0,0.0,0.0,0.0,0,0.0,1.0
MinHashLSH,2999367,18,0.0,0.0,0.0,0.0,0.0,0.0,0,0.0,1.0
MinHashLSH,5835162,52,0.0,0.0,0.0,0.0,0.0,0.0,0,0.0,0.4230769230769231
MinHashLSH,1169611,62,0.0,0.0,0.0,0.0,0.0,0.0,0,0.0,1.0
MinHashLSH,2242006,36,0.0,0.0,0.0,0.0,0.0,0.0,0,0.0,0.8888888888888888
MinHashLSH,2100845,1,0.0,0.0,0.0,0.0,0.0,0.0,0,0.0,1.0
MinHashLSH,1179775,49,0.0,0.0,0.0,0.0,0.0,0.0,0,0.0,0.9387755102040817
MinHashLSH,2337021,2506,0.0,0.0,0.0,0.0,0.0,0.0,0,0.0,0.24980047885075818
MinHashLSH,5164352,14,0.0,0.0,0.0,0.0,0.0,0.0,0,0.0,0.8571428571428571
MinHashLSH,4356762,117,0.0,0.0,0.0,0.0,0.0,0.0,0,0.0,1.0
MinHashLSH,2067626,341,0.0,0.0,0.0,0.0,0.0,0.0,0,0.0,0.31378299120234604
MinHashLSH,1495570,89,0.0,0.0,0.0,0.0,0.0,0.0,0,0.0,0.9887640449438202
MinHashLSH,3561152,1,0.0,0.0,0.0,0.0,0.0,0.0,0,0.0,1.0
MinHashLSH,2021764,106,0.0,0.0,0.0,0.0,0.0,0.0,0,0.0,1.0
MinHashLSH,4339074,46,0.0,0.0,0.0,0.0,0.0,0.0,0,0.0,0.6086956521739131
MinHashLSH,5148632,27,0.0,0.0,0.0,0.0,0.0,0.0,0,0.0,0.5185185185185185
MinHashLSH,3012761,63,0.0,0.0,0.0,0.0,0.0,0.0,0,0.015873015873015872,1.0
MinHashLSH,5347592,109,0.0,0.0,0.0,0.0,0.0,0.0,0,0.0,0.30275229357798167
MinHashLSH,1539123,1,0.0,0.0,0.0,0.0,0.0,0.0,0,0.0,1.0
MinHashLSH,595893,288,0.0,0.0,0.0,0.0,0.0,0.0,0,0.0,0.5555555555555556
MinHashLSH,4733461,3,0.0,0.0,0.0,0.0,0.0,0.0,0,0.0,1.0
MinHashLSH,2364708,0,0.0,0.0,0.0,0.0,0.0,0.0,0,0.0,0.0
ProbMinHashDBSCAN,5299788,2,0.0,0.0,0.0,0.0,0.0,0.0,0,0.0,1.0
ProbMinHashDBSCAN,6287934,2,0.0,0.0,0.0,0.0,0.0,0.0,0,0.0,1.0
ProbMinHashDBSCAN,1011209,2,0.0,0.0,0.0,0.0,0.0,0.0,0,0.0,1.0
ProbMinHashDBSCAN,5507504,2,0.0,0.0,0.0,0.0,0.0,0.0,0,0.0,1.0
ProbMinHashDBSCAN,346568,2,0.0,0.0,0.0,0.0,0.0,0.0,0,0.0,1.0
ProbMinHashDBSCAN,1203808,2,0.0,0.0,0.0,0.0,0.0,0.0,0,0.0,1.0
ProbMinHashDBSCAN,1010335,2,0.0,0.0,0.0,0.0,0.0,0.0,0,0.0,1.0
ProbMinHashDBSCAN,3409325,2,0.0,0.0,0.0,0.0,0.0,0.0,0,0.0,1.0
ProbMinHashDBSCAN,4895081,2,0.0,0.0,0.0,0.0,0.0,0.0,0,0.0,1.0
ProbMinHashDBSCAN,1397599,2,0.0,0.0,0.0,0.0,0.0,0.0,0,0.0,1.0
ProbMinHashDBSCAN,1644652,2,0.0,0.0,0.0,0.0,0.0,0.0,0,0.0,1.0
ProbMinHashDBSCAN,2227097,2,0.0,0.0,0.0,0.0,0.0,0.0,0,0.0,1.0
ProbMinHashDBSCAN,3601209,2,0.0,0.0,0.0,0.0,0.0,0.0,0,0.0,1.0
ProbMinHashDBSCAN,3711744,3,0.0,0.0,0.0,0.0,0.0,0.0,0,0.0,1.0
ProbMinHashDBSCAN,1776679,2,0.0,0.0,0.0,0.0,0.0,0.0,0,0.0,1.0
ProbMinHashDBSCAN,5851433,3,0.0,0.0,0.0,0.0,0.0,0.0,0,0.0,1.0
ProbMinHashDBSCAN,4370660,2,0.0,0.0,0.0,0.0,0.0,0.0,0,0.0,1.0
ProbMinHashDBSCAN,1040527,2,0.0,0.0,0.0,0.0,0.0,0.0,0,0.0,1.0
ProbMinHashDBSCAN,3895110,2,0.0,0.0,0.0,0.0,0.0,0.0,0,0.0,1.0
ProbMinHashDBSCAN,4382555,2,0.0,0.0,0.0,0.0,0.0,0.0,0,0.0,1.0
ProbMinHashDBSCAN,5767055,2,0.0,0.0,0.0,0.0,0.0,0.0,0,0.0,1.0
ProbMinHashDBSCAN,2966359,2,0.0,0.0,0.0,0.0,0.0,0.0,0,0.0,1.0
ProbMinHashDBSCAN,2105501,2,0.0,0.0,0.0,0.0,0.0,0.0,0,0.0,0.0
ProbMinHashDBSCAN,1706796,2,0.0,0.0,0.0,0.0,0.0,0.0,0,0.0,0.5
ProbMinHashDBSCAN,2151547,2,0.0,0.0,0.0,0.0,0.0,0.0,0,0.0,1.0
ProbMinHashDBSCAN,4499037,2,0.0,0.0,0.0,0.0,0.0,0.0,0,0.0,1.0
ProbMinHashDBSCAN,5590619,2,0.0,0.0,0.0,0.0,0.0,0.0,0,0.0,1.0
ProbMinHashDBSCAN,1305866,2,0.0,0.0,0.0,0.0,0.0,0.0,0,0.0,1.0
ProbMinHashDBSCAN,1070632,2,0.0,0.0,0.0,0.0,0.0,0.0,0,0.0,1.0
ProbMinHashDBSCAN,1579621,2,0.0,0.0,0.0,0.0,0.0,0.0,0,0.0,1.0
ProbMinHashDBSCAN,3353693,2,0.0,0.0,0.0,0.0,0.0,0.0,0,0.0,1.0
ProbMinHashDBSCAN,3183267,2,0.0,0.0,0.0,0.0,0.0,0.0,0,0.0,1.0
ProbMinHashDBSCAN,267585,2,0.0,0.0,0.0,0.0,0.0,0.0,0,0.0,1.0
ProbMinHashDBSCAN,2208303,2,0.0,0.0,0.0,0.0,0.0,0.0,0,0.0,1.0
ProbMinHashDBSCAN,3843978,2,0.0,0.0,0.0,0.0,0.0,0.0,0,0.0,1.0
ProbMinHashDBSCAN,5635806,3,0.0,0.0,0.0,0.0,0.0,0.0,0,0.0,1.0
ProbMinHashDBSCAN,1265872,2,0.0,0.0,0.0,0.0,0.0,0.0,0,0.0,1.0
ProbMinHashDBSCAN,3677350,3,0.0,0.0,0.0,0.0,0.0,0.0,0,0.0,1.0
ProbMinHashDBSCAN,3513416,2,0.0,0.0,0.0,0.0,0.0,0.0,0,0.0,1.0
ProbMinHashDBSCAN,4432085,2,0.0,0.0,0.0,0.0,0.0,0.0,0,0.0,1.0
ProbMinHashDBSCAN,3084813,3,0.0,0.0,0.0,0.0,0.0,0.0,0,0.0,1.0
ProbMinHashDBSCAN,5679395,2,0.0,0.0,0.0,0.0,0.0,0.0,0,0.0,1.0
ProbMinHashDBSCAN,4018265,2,0.0,0.0,0.0,0.0,0.0,0.0,0,0.0,1.0
ProbMinHashDBSCAN,3527049,2,0.0,0.0,0.0,0.0,0.0,0.0,0,0.0,1.0
ProbMinHashDBSCAN,1077998,2,0.0,0.0,0.0,0.0,0.0,0.0,0,0.0,1.0
ProbMinHashDBSCAN,6219647,2,0.0,0.0,0.0,0.0,0.0,0.0,0,0.0,1.0
ProbMinHashDBSCAN,4003778,2,0.0,0.0,0.0,0.0,0.0,0.0,0,0.0,1.0
ProbMinHashDBSCAN,1850213,2,0.0,0.0,0.0,0.0,0.0,0.0,0,0.0,1.0
ProbMinHashDBSCAN,3450981,2,0.0,0.0,0.0,0.0,0.0,0.0,0,0.0,1.0
ProbMinHashDBSCAN,3421016,2,0.0,0.0,0.0,0.0,0.0,0.0,0,0.0,1.0
ProbMinHashDBSCAN,316293,3,0.0,0.0,0.0,0.0,0.0,0.0,0,0.0,1.0
ProbMinHashDBSCAN,2819930,0,0.0,0.0,0.0,0.0,0.0,0.0,0,0.0,0.0
ProbMinHashDBSCAN,5634233,2,0.0,0.0,0.0,0.0,0.0,0.0,0,0.0,1.0
ProbMinHashDBSCAN,5984821,2,0.0,0.0,0.0,0.0,0.0,0.0,0,0.0,1.0
ProbMinHashDBSCAN,2859729,2,0.0,0.0,0.0,0.0,0.0,0.0,0,0.0,1.0
ProbMinHashDBSCAN,1555823,2,0.0,0.0,0.0,0.0,0.0,0.0,0,0.0,1.0
ProbMinHashDBSCAN,1250062,2,0.0,0.0,0.0,0.0,0.0,0.0,0,0.0,1.0
ProbMinHashDBSCAN,1682807,2,0.0,0.0,0.0,0.0,0.0,0.0,0,0.0,1.0
ProbMinHashDBSCAN,4604261,2,0.0,0.0,0.0,0.0,0.0,0.0,0,0.0,1.0
ProbMinHashDBSCAN,525313,3,0.0,0.0,0.0,0.0,0.0,0.0,0,0.0,1.0
ProbMinHashDBSCAN,1340509,2,0.0,0.0,0.0,0.0,0.0,0.0,0,0.0,1.0
ProbMinHashDBSCAN,3289123,2,0.0,0.0,0.0,0.0,0.0,0.0,0,0.0,0.0
ProbMinHashDBSCAN,5662233,3,0.0,0.0,0.0,0.0,0.0,0.0,0,0.0,1.0
ProbMinHashDBSCAN,3223160,2,0.0,0.0,0.0,0.0,0.0,0.0,0,0.0,1.0
ProbMinHashDBSCAN,3258688,3,0.0,0.0,0.0,0.0,0.0,0.0,0,0.0,1.0
ProbMinHashDBSCAN,2045751,3,0.0,0.0,0.0,0.0,0.0,0.0,0,0.0,1.0
ProbMinHashDBSCAN,6053021,2,0.0,0.0,0.0,0.0,0.0,0.0,0,0.0,1.0
ProbMinHashDBSCAN,1552659,2,0.0,0.0,0.0,0.0,0.0,0.0,0,0.0,1.0
ProbMinHashDBSCAN,3714755,2,0.0,0.0,0.0,0.0,0.0,0.0,0,0.0,1.0
ProbMinHashDBSCAN,4994038,2,0.0,0.0,0.0,0.0,0.0,0.0,0,0.0,1.0
ProbMinHashDBSCAN,5546008,2,0.0,0.0,0.0,0.0,0.0,0.0,0,0.0,1.0
ProbMinHashDBSCAN,5591184,2,0.0,0.0,0.0,0.0,0.0,0.0,0,0.0,1.0
ProbMinHashDBSCAN,5019203,2,0.0,0.0,0.0,0.0,0.0,0.0,0,0.0,1.0
ProbMinHashDBSCAN,4646715,2,0.0,0.0,0.0,0.0,0.0,0.0,0,0.0,1.0
ProbMinHashDBSCAN,1346416,2,0.0,0.0,0.0,0.0,0.0,0.0,0,0.0,1.0
ProbMinHashDBSCAN,4175214,2,0.0,0.0,0.0,0.0,0.0,0.0,0,0.0,1.0
ProbMinHashDBSCAN,4011263,2,0.0,0.0,0.0,0.0,0.0,0.0,0,0.0,1.0
ProbMinHashDBSCAN,5571959,2,0.0,0.0,0.0,0.0,0.0,0.0,0,0.0,1.0
ProbMinHashDBSCAN,2720946,2,0.0,0.0,0.0,0.0,0.0,0.0,0,0.0,1.0
ProbMinHashDBSCAN,3746682,2,0.0,0.0,0.0,0.0,0.0,0.0,0,0.0,1.0
ProbMinHashDBSCAN,297891,2,0.0,0.0,0.0,0.0,0.0,0.0,0,0.0,1.0
ProbMinHashDBSCAN,1455271,2,0.0,0.0,0.0,0.0,0.0,0.0,0,0.0,1.0
ProbMinHashDBSCAN,5894445,2,0.0,0.0,0.0,0.0,0.0,0.0,0,0.0,1.0
ProbMinHashDBSCAN,1241174,2,0.0,0.0,0.0,0.0,0.0,0.0,0,0.0,1.0
ProbMinHashDBSCAN,3924770,2,0.0,0.0,0.0,0.0,0.0,0.0,0,0.0,1.0
ProbMinHashDBSCAN,434590,2,0.0,0.0,0.0,0.0,0.0,0.0,0,0.0,1.0
ProbMinHashDBSCAN,4695937,2,0.0,0.0,0.0,0.0,0.0,0.0,0,0.0,1.0
ProbMinHashDBSCAN,5832927,2,0.0,0.0,0.0,0.0,0.0,0.0,0,0.0,1.0
ProbMinHashDBSCAN,4321671,2,0.0,0.0,0.0,0.0,0.0,0.0,0,0.0,1.0
ProbMinHashDBSCAN,5508475,2,0.0,0.0,0.0,0.0,0.0,0.0,0,0.0,1.0
ProbMinHashDBSCAN,5324522,2,0.0,0.0,0.0,0.0,0.0,0.0,0,0.0,0.0
ProbMinHashDBSCAN,6013566,2,0.0,0.0,0.0,0.0,0.0,0.0,0,0.0,1.0
ProbMinHashDBSCAN,4363037,2,0.0,0.0,0.0,0.0,0.0,0.0,0,0.0,1.0
ProbMinHashDBSCAN,5516488,2,0.0,0.0,0.0,0.0,0.0,0.0,0,0.0,1.0
ProbMinHashDBSCAN,4972606,2,0.0,0.0,0.0,0.0,0.0,0.0,0,0.0,1.0
ProbMinHashDBSCAN,1925113,2,0.0,0.0,0.0,0.0,0.0,0.0,0,0.0,1.0
ProbMinHashDBSCAN,2435093,2,0.0,0.0,0.0,0.0,0.0,0.0,0,0.0,1.0
ProbMinHashDBSCAN,2962173,4,0.0,0.0,0.0,0.0,0.0,0.0,0,0.0,1.0
ProbMinHashDBSCAN,6386375,3,0.0,0.0,0.0,0.0,0.0,0.0,0,0.0,1.0
ProbMinHashDBSCAN,3878668,2,0.0,0.0,0.0,0.0,0.0,0.0,0,0.0,1.0
ProbMinHashDBSCAN,5998189,2,0.0,0.0,0.0,0.0,0.0,0.0,0,0.0,0.5
ProbMinHashDBSCAN,3180305,2,0.0,0.0,0.0,0.0,0.0,0.0,0,0.0,1.0
ProbMinHashDBSCAN,1515659,2,0.0,0.0,0.0,0.0,0.0,0.0,0,0.0,1.0
ProbMinHashDBSCAN,6341489,2,0.0,0.0,0.0,0.0,0.0,0.0,0,0.0,0.0
ProbMinHashDBSCAN,1671167,2,0.0,0.0,0.0,0.0,0.0,0.0,0,0.0,1.0
ProbMinHashDBSCAN,5984743,2,0.0,0.0,0.0,0.0,0.0,0.0,0,0.0,1.0
ProbMinHashDBSCAN,2119365,2,0.0,0.0,0.0,0.0,0.0,0.0,0,0.0,1.0
ProbMinHashDBSCAN,1263837,3,0.0,0.0,0.0,0.0,0.0,0.0,0,0.0,1.0
ProbMinHashDBSCAN,2284722,2,0.0,0.0,0.0,0.0,0.0,0.0,0,0.0,0.5
ProbMinHashDBSCAN,1407940,2,0.0,0.0,0.0,0.0,0.0,0.0,0,0.0,1.0
ProbMinHashDBSCAN,5136947,2,0.0,0.0,0.0,0.0,0.0,0.0,0,0.0,1.0
ProbMinHashDBSCAN,2011460,2,0.0,0.0,0.0,0.0,0.0,0.0,0,0.0,1.0
ProbMinHashDBSCAN,2263688,2,0.0,0.0,0.0,0.0,0.0,0.0,0,0.0,1.0
ProbMinHashDBSCAN,1320455,2,0.0,0.0,0.0,0.0,0.0,0.0,0,0.0,1.0
ProbMinHashDBSCAN,1773046,2,0.0,0.0,0.0,0.0,0.0,0.0,0,0.0,1.0
ProbMinHashDBSCAN,1202815,2,0.0,0.0,0.0,0.0,0.0,0.0,0,0.0,1.0
ProbMinHashDBSCAN,2765403,2,0.0,0.0,0.0,0.0,0.0,0.0,0,0.0,1.0
ProbMinHashDBSCAN,1020829,2,0.0,0.0,0.0,0.0,0.0,0.0,0,0.0,1.0
ProbMinHashDBSCAN,435424,2,0.0,0.0,0.0,0.0,0.0,0.0,0,0.0,1.0
ProbMinHashDBSCAN,352956,2,0.0,0.0,0.0,0.0,0.0,0.0,0,0.0,1.0
ProbMinHashDBSCAN,425874,2,0.0,0.0,0.0,0.0,0.0,0.0,0,0.0,1.0
ProbMinHashDBSCAN,4955213,2,0.0,0.0,0.0,0.0,0.0,0.0,0,0.0,1.0
ProbMinHashDBSCAN,6163035,2,0.0,0.0,0.0,0.0,0.0,0.0,0,0.0,1.0
ProbMinHashDBSCAN,3446482,2,0.0,0.0,0.0,0.0,0.0,0.0,0,0.0,1.0
ProbMinHashDBSCAN,2409062,2,0.0,0.0,0.0,0.0,0.0,0.0,0,0.0,1.0
ProbMinHashDBSCAN,6075455,3,0.0,0.0,0.0,0.0,0.0,0.0,0,0.0,1.0
ProbMinHashDBSCAN,221171,2,0.0,0.0,0.0,0.0,0.0,0.0,0,0.0,0.0
ProbMinHashDBSCAN,1708585,2,0.0,0.0,0.0,0.0,0.0,0.0,0,0.0,1.0
ProbMinHashDBSCAN,3431872,2,0.0,0.0,0.0,0.0,0.0,0.0,0,0.0,0.5
ProbMinHashDBSCAN,3899907,3,0.0,0.0,0.0,0.0,0.0,0.0,0,0.0,1.0
ProbMinHashDBSCAN,333210,2,0.0,0.0,0.0,0.0,0.0,0.0,0,0.0,1.0
ProbMinHashDBSCAN,3408817,2,0.0,0.0,0.0,0.0,0.0,0.0,0,0.0,1.0
ProbMinHashDBSCAN,2456608,3,0.0,0.0,0.0,0.0,0.0,0.0,0,0.0,1.0
ProbMinHashDBSCAN,1138728,2,0.0,0.0,0.0,0.0,0.0,0.0,0,0.0,1.0
ProbMinHashDBSCAN,102381,2,0.0,0.0,0.0,0.0,0.0,0.0,0,0.0,1.0
ProbMinHashDBSCAN,3310199,2,0.0,0.0,0.0,0.0,0.0,0.0,0,0.0,1.0
ProbMinHashDBSCAN,384192,3,0.0,0.0,0.0,0.0,0.0,0.0,0,0.0,1.0
ProbMinHashDBSCAN,3790054,3,0.0,0.0,0.0,0.0,0.0,0.0,0,0.0,1.0
ProbMinHashDBSCAN,4134703,2,0.0,0.0,0.0,0.0,0.0,0.0,0,0.0,0.5
ProbMinHashDBSCAN,114977,2,0.0,0.0,0.0,0.0,0.0,0.0,0,0.0,1.0
ProbMinHashDBSCAN,159878,2,0.0,0.0,0.0,0.0,0.0,0.0,0,0.0,1.0
ProbMinHashDBSCAN,4223029,2,0.0,0.0,0.0,0.0,0.0,0.0,0,0.0,0.0
ProbMinHashDBSCAN,5211805,2,0.0,0.0,0.0,0.0,0.0,0.0,0,0.0,1.0
ProbMinHashDBSCAN,292631,3,0.0,0.0,0.0,0.0,0.0,0.0,0,0.0,1.0
ProbMinHashDBSCAN,1016522,3,0.0,0.0,0.0,0.0,0.0,0.0,0,0.0,1.0
ProbMinHashDBSCAN,6351265,2,0.0,0.0,0.0,0.0,0.0,0.0,0,0.0,1.0
ProbMinHashDBSCAN,3990258,2,0.0,0.0,0.0,0.0,0.0,0.0,0,0.0,1.0
ProbMinHashDBSCAN,1154489,4,0.0,0.0,0.0,0.0,0.0,0.0,0,0.0,1.0
ProbMinHashDBSCAN,5517500,2,0.0,0.0,0.0,0.0,0.0,0.0,0,0.0,0.0
ProbMinHashDBSCAN,1952166,2,0.0,0.0,0.0,0.0,0.0,0.0,0,0.0,1.0
ProbMinHashDBSCAN,1416349,2,0.0,0.0,0.0,0.0,0.0,0.0,0,0.0,1.0
ProbMinHashDBSCAN,3216677,2,0.0,0.0,0.0,0.0,0.0,0.0,0,0.0,1.0
ProbMinHashDBSCAN,5719491,3,0.0,0.0,0.0,0.0,0.0,0.0,0,0.0,1.0
ProbMinHashDBSCAN,1341494,2,0.0,0.0,0.0,0.0,0.0,0.0,0,0.0,1.0
ProbMinHashDBSCAN,1028197,2,0.0,0.0,0.0,0.0,0.0,0.0,0,0.0,1.0
ProbMinHashDBSCAN,2364664,2,0.0,0.0,0.0,0.0,0.0,0.0,0,0.0,1.0
ProbMinHashDBSCAN,4702150,2,0.0,0.0,0.0,0.0,0.0,0.0,0,0.0,1.0
ProbMinHashDBSCAN,5210824,3,0.0,0.0,0.0,0.0,0.0,0.0,0,0.0,1.0
ProbMinHashDBSCAN,2958343,3,0.0,0.0,0.0,0.0,0.0,0.0,0,0.0,1.0
ProbMinHashDBSCAN,1568471,2,0.0,0.0,0.0,0.0,0.0,0.0,0,0.0,1.0
ProbMinHashDBSCAN,3964562,2,0.0,0.0,0.0,0.0,0.0,0.0,0,0.0,1.0
ProbMinHashDBSCAN,1717352,3,0.0,0.0,0.0,0.0,0.0,0.0,0,0.0,1.0
ProbMinHashDBSCAN,5837609,2,0.0,0.0,0.0,0.0,0.0,0.0,0,0.0,1.0
ProbMinHashDBSCAN,5813041,2,0.0,0.0,0.0,0.0,0.0,0.0,0,0.0,1.0
ProbMinHashDBSCAN,2997872,3,0.0,0.0,0.0,0.0,0.0,0.0,0,0.0,1.0
ProbMinHashDBSCAN,3284246,2,0.0,0.0,0.0,0.0,0.0,0.0,0,0.0,1.0
ProbMinHashDBSCAN,2130387,2,0.0,0.0,0.0,0.0,0.0,0.0,0,0.0,1.0
ProbMinHashDBSCAN,5858213,2,0.0,0.0,0.0,0.0,0.0,0.0,0,0.0,1.0
ProbMinHashDBSCAN,3823779,3,0.0,0.0,0.0,0.0,0.0,0.0,0,0.0,1.0
ProbMinHashDBSCAN,4449340,2,0.0,0.0,0.0,0.0,0.0,0.0,0,0.0,1.0
ProbMinHashDBSCAN,5242937,2,0.0,0.0,0.0,0.0,0.0,0.0,0,0.0,1.0
ProbMinHashDBSCAN,3345443,2,0.0,0.0,0.0,0.0,0.0,0.0,0,0.0,1.0
ProbMinHashDBSCAN,5489694,3,0.0,0.0,0.0,0.0,0.0,0.0,0,0.0,1.0
ProbMinHashDBSCAN,3727614,2,0.0,0.0,0.0,0.0,0.0,0.0,0,0.0,1.0
ProbMinHashDBSCAN,5725329,2,0.0,0.0,0.0,0.0,0.0,0.0,0,0.0,1.0
ProbMinHashDBSCAN,2388017,2,0.0,0.0,0.0,0.0,0.0,0.0,0,0.0,1.0
ProbMinHashDBSCAN,4337388,2,0.0,0.0,0.0,0.0,0.0,0.0,0,0.0,1.0
ProbMinHashDBSCAN,4542555,2,0.0,0.0,0.0,0.0,0.0,0.0,0,0.0,1.0
ProbMinHashDBSCAN,1742928,3,0.0,0.0,0.0,0.0,0.0,0.0,0,0.0,1.0
ProbMinHashDBSCAN,1208620,2,0.0,0.0,0.0,0.0,0.0,0.0,0,0.0,1.0
ProbMinHashDBSCAN,6372446,2,0.0,0.0,0.0,0.0,0.0,0.0,0,0.0,1.0
ProbMinHashDBSCAN,3678780,2,0.0,0.0,0.0,0.0,0.0,0.0,0,0.0,1.0
ProbMinHashDBSCAN,3637792,3,0.0,0.0,0.0,0.0,0.0,0.0,0,0.0,1.0
ProbMinHashDBSCAN,5835632,3,0.0,0.0,0.0,0.0,0.0,0.0,0,0.0,1.0
ProbMinHashDBSCAN,3412552,2,0.0,0.0,0.0,0.0,0.0,0.0,0,0.0,1.0
ProbMinHashDBSCAN,3784642,2,0.0,0.0,0.0,0.0,0.0,0.0,0,0.0,1.0
ProbMinHashDBSCAN,2249513,3,0.0,0.0,0.0,0.0,0.0,0.0,0,0.0,1.0
ProbMinHashDBSCAN,3994629,2,0.0,0.0,0.0,0.0,0.0,0.0,0,0.0,1.0
ProbMinHashDBSCAN,4093193,2,0.0,0.0,0.0,0.0,0.0,0.0,0,0.0,1.0
ProbMinHashDBSCAN,3940443,2,0.0,0.0,0.0,0.0,0.0,0.0,0,0.0,1.0
ProbMinHashDBSCAN,5342699,2,0.0,0.0,0.0,0.0,0.0,0.0,0,0.0,1.0
ProbMinHashDBSCAN,2983666,2,0.0,0.0,0.0,0.0,0.0,0.0,0,0.0,1.0
ProbMinHashDBSCAN,529339,3,0.0,0.0,0.0,0.0,0.0,0.0,0,0.0,1.0
ProbMinHashDBSCAN,2997326,3,0.0,0.0,0.0,0.0,0.0,0.0,0,0.0,1.0
ProbMinHashDBSCAN,1181883,2,0.0,0.0,0.0,0.0,0.0,0.0,0,0.0,1.0
ProbMinHashDBSCAN,1578571,2,0.0,0.0,0.0,0.0,0.0,0.0,0,0.0,1.0
ProbMinHashDBSCAN,4990938,2,0.0,0.0,0.0,0.0,0.0,0.0,0,0.0,1.0
ProbMinHashDBSCAN,5193988,2,0.0,0.0,0.0,0.0,0.0,0.0,0,0.0,1.0
ProbMinHashDBSCAN,4171316,3,0.0,0.0,0.0,0.0,0.0,0.0,0,0.0,1.0
ProbMinHashDBSCAN,595005,2,0.0,0.0,0.0,0.0,0.0,0.0,0,0.0,1.0
ProbMinHashDBSCAN,2974317,2,0.0,0.0,0.0,0.0,0.0,0.0,0,0.0,1.0
ProbMinHashDBSCAN,172332,2,0.0,0.0,0.0,0.0,0.0,0.0,0,0.0,1.0
ProbMinHashDBSCAN,1451423,2,0.0,0.0,0.0,0.0,0.0,0.0,0,0.0,1.0
ProbMinHashDBSCAN,2403263,2,0.0,0.0,0.0,0.0,0.0,0.0,0,0.0,1.0
ProbMinHashDBSCAN,3335342,2,0.0,0.0,0.0,0.0,0.0,0.0,0,0.0,1.0
ProbMinHashDBSCAN,1295286,2,0.0,0.0,0.0,0.0,0.0,0.0,0,0.0,1.0
ProbMinHashDBSCAN,6020647,2,0.0,0.0,0.0,0.0,0.0,0.0,0,0.0,1.0
ProbMinHashDBSCAN,5913997,2,0.0,0.0,0.0,0.0,0.0,0.0,0,0.0,0.0
ProbMinHashDBSCAN,114290,2,0.0,0.0,0.0,0.0,0.0,0.0,0,0.0,1.0
ProbMinHashDBSCAN,3668800,2,0.0,0.0,0.0,0.0,0.0,0.0,0,0.0,1.0
ProbMinHashDBSCAN,4852505,2,0.0,0.0,0.0,0.0,0.0,0.0,0,0.0,1.0
ProbMinHashDBSCAN,2667746,2,0.0,0.0,0.0,0.0,0.0,0.0,0,0.0,1.0
ProbMinHashDBSCAN,1202645,3,0.0,0.0,0.0,0.0,0.0,0.0,0,0.0,1.0
ProbMinHashDBSCAN,221628,2,0.0,0.0,0.0,0.0,0.0,0.0,0,0.0,1.0
ProbMinHashDBSCAN,5892697,2,0.0,0.0,0.0,0.0,0.0,0.0,0,0.0,1.0
ProbMinHashDBSCAN,3420522,2,0.0,0.0,0.0,0.0,0.0,0.0,0,0.0,1.0
ProbMinHashDBSCAN,5375356,2,0.0,0.0,0.0,0.0,0.0,0.0,0,0.0,1.0
ProbMinHashDBSCAN,4556631,2,0.0,0.0,0.0,0.0,0.0,0.0,0,0.0,1.0
ProbMinHashDBSCAN,3880043,2,0.0,0.0,0.0,0.0,0.0,0.0,0,0.0,1.0
ProbMinHashDBSCAN,4557468,2,0.0,0.0,0.0,0.0,0.0,0.0,0,0.0,1.0
ProbMinHashDBSCAN,1262444,3,0.0,0.0,0.0,0.0,0.0,0.0,0,0.0,1.0
ProbMinHashDBSCAN,2144649,2,0.0,0.0,0.0,0.0,0.0,0.0,0,0.0,1.0
ProbMinHashDBSCAN,4965439,2,0.0,0.0,0.0,0.0,0.0,0.0,0,0.0,1.0
ProbMinHashDBSCAN,176319,2,0.0,0.0,0.0,0.0,0.0,0.0,0,0.0,1.0
ProbMinHashDBSCAN,5262524,2,0.0,0.0,0.0,0.0,0.0,0.0,0,0.0,1.0
ProbMinHashDBSCAN,4988240,3,0.0,0.0,0.0,0.0,0.0,0.0,0,0.0,1.0
ProbMinHashDBSCAN,4536961,3,0.0,0.0,0.0,0.0,0.0,0.0,0,0.0,1.0
ProbMinHashDBSCAN,5827256,3,0.0,0.0,0.0,0.0,0.0,0.0,0,0.0,1.0
ProbMinHashDBSCAN,1107871,2,0.0,0.0,0.0,0.0,0.0,0.0,0,0.0,1.0
ProbMinHashDBSCAN,1742368,2,0.0,0.0,0.0,0.0,0.0,0.0,0,0.0,1.0
ProbMinHashDBSCAN,2182354,2,0.0,0.0,0.0,0.0,0.0,0.0,0,0.0,1.0
ProbMinHashDBSCAN,4392637,4,0.0,0.0,0.0,0.0,0.0,0.0,0,0.0,1.0
ProbMinHashDBSCAN,57975,2,0.0,0.0,0.0,0.0,0.0,0.0,0,0.0,1.0
ProbMinHashDBSCAN,6319414,2,0.0,0.0,0.0,0.0,0.0,0.0,0,0.0,1.0
ProbMinHashDBSCAN,4164053,3,0.0,0.0,0.0,0.0,0.0,0.0,0,0.0,1.0
ProbMinHashDBSCAN,277058,3,0.0,0.0,0.0,0.0,0.0,0.0,0,0.0,1.0
ProbMinHashDBSCAN,1401471,3,0.0,0.0,0.0,0.0,0.0,0.0,0,0.0,1.0
ProbMinHashDBSCAN,5163910,2,0.0,0.0,0.0,0.0,0.0,0.0,0,0.0,1.0
ProbMinHashDBSCAN,3794093,3,0.0,0.0,0.0,0.0,0.0,0.0,0,0.0,1.0
ProbMinHashDBSCAN,4938255,4,0.0,0.0,0.0,0.0,0.0,0.0,0,0.0,1.0
ProbMinHashDBSCAN,255457,3,0.0,0.0,0.0,0.0,0.0,0.0,0,0.0,1.0
ProbMinHashDBSCAN,1885819,4,0.0,0.0,0.0,0.0,0.0,0.0,0,0.0,1.0
ProbMinHashDBSCAN,2160326,2,0.0,0.0,0.0,0.0,0.0,0.0,0,0.0,1.0
ProbMinHashDBSCAN,4444346,2,0.0,0.0,0.0,0.0,0.0,0.0,0,0.0,1.0
ProbMinHashDBSCAN,4684037,2,0.0,0.0,0.0,0.0,0.0,0.0,0,0.0,1.0
ProbMinHashDBSCAN,3817273,2,0.0,0.0,0.0,0.0,0.0,0.0,0,0.0,1.0
ProbMinHashDBSCAN,5471841,2,0.0,0.0,0.0,0.0,0.0,0.0,0,0.0,1.0
ProbMinHashDBSCAN,261112,3,0.0,0.0,0.0,0.0,0.0,0.0,0,0.0,1.0
ProbMinHashDBSCAN,1940858,2,0.0,0.0,0.0,0.0,0.0,0.0,0,0.0,0.5
ProbMinHashDBSCAN,39751,2,0.0,0.0,0.0,0.0,0.0,0.0,0,0.0,1.0
ProbMinHashDBSCAN,1006365,3,0.0,0.0,0.0,0.0,0.0,0.0,0,0.0,1.0
ProbMinHashDBSCAN,4961817,3,0.0,0.0,0.0,0.0,0.0,0.0,0,0.0,1.0
ProbMinHashDBSCAN,2663338,2,0.0,0.0,0.0,0.0,0.0,0.0,0,0.0,1.0
ProbMinHashDBSCAN,4703848,2,0.0,0.0,0.0,0.0,0.0,0.0,0,0.0,1.0
ProbMinHashDBSCAN,4566246,2,0.0,0.0,0.0,0.0,0.0,0.0,0,0.0,1.0
ProbMinHashDBSCAN,1609854,2,0.0,0.0,0.0,0.0,0.0,0.0,0,0.0,1.0
ProbMinHashDBSCAN,4997395,3,0.0,0.0,0.0,0.0,0.0,0.0,0,0.0,1.0
ProbMinHashDBSCAN,2401207,3,0.0,0.0,0.0,0.0,0.0,0.0,0,0.0,1.0
ProbMinHashDBSCAN,2616251,2,0.0,0.0,0.0,0.0,0.0,0.0,0,0.0,1.0
ProbMinHashDBSCAN,4720752,2,0.0,0.0,0.0,0.0,0.0,0.0,0,0.0,1.0
ProbMinHashDBSCAN,5446902,3,0.0,0.0,0.0,0.0,0.0,0.0,0,0.0,1.0
ProbMinHashDBSCAN,4304490,3,0.0,0.0,0.0,0.0,0.0,0.0,0,0.0,1.0
ProbMinHashDBSCAN,6220453,2,0.0,0.0,0.0,0.0,0.0,0.0,0,0.0,1.0
ProbMinHashDBSCAN,6244530,2,0.0,0.0,0.0,0.0,0.0,0.0,0,0.0,1.0
ProbMinHashDBSCAN,6057081,2,0.0,0.0,0.0,0.0,0.0,0.0,0,0.0,1.0
ProbMinHashDBSCAN,5731699,2,0.0,0.0,0.0,0.0,0.0,0.0,0,0.0,1.0
ProbMinHashDBSCAN,5519007,2,0.0,0.0,0.0,0.0,0.0,0.0,0,0.0,1.0
ProbMinHashDBSCAN,1775170,2,0.0,0.0,0.0,0.0,0.0,0.0,0,0.0,1.0
ProbMinHashDBSCAN,4832681,3,0.0,0.0,0.0,0.0,0.0,0.0,0,0.0,1.0
ProbMinHashDBSCAN,2736719,2,0.0,0.0,0.0,0.0,0.0,0.0,0,0.0,1.0
ProbMinHashDBSCAN,4335992,2,0.0,0.0,0.0,0.0,0.0,0.0,0,0.0,1.0
ProbMinHashDBSCAN,4722891,2,0.0,0.0,0.0,0.0,0.0,0.0,0,0.0,1.0
ProbMinHashDBSCAN,5095605,3,0.0,0.0,0.0,0.0,0.0,0.0,0,0.0,1.0
ProbMinHashDBSCAN,2064070,3,0.0,0.0,0.0,0.0,0.0,0.0,0,0.0,1.0
ProbMinHashDBSCAN,4437445,3,0.0,0.0,0.0,0.0,0.0,0.0,0,0.0,1.0
ProbMinHashDBSCAN,32046,3,0.0,0.0,0.0,0.0,0.0,0.0,0,0.0,1.0
ProbMinHashDBSCAN,2722684,2,0.0,0.0,0.0,0.0,0.0,0.0,0,0.0,1.0
ProbMinHashDBSCAN,114185,2,0.0,0.0,0.0,0.0,0.0,0.0,0,0.0,1.0
ProbMinHashDBSCAN,3763304,2,0.0,0.0,0.0,0.0,0.0,0.0,0,0.0,1.0
ProbMinHashDBSCAN,3118616,2,0.0,0.0,0.0,0.0,0.0,0.0,0,0.0,1.0
ProbMinHashDBSCAN,1119434,2,0.0,0.0,0.0,0.0,0.0,0.0,0,0.0,1.0
ProbMinHashDBSCAN,3178780,2,0.0,0.0,0.0,0.0,0.0,0.0,0,0.0,1.0
ProbMinHashDBSCAN,2775355,2,0.0,0.0,0.0,0.0,0.0,0.0,0,0.0,1.0
ProbMinHashDBSCAN,2177379,3,0.0,0.0,0.0,0.0,0.0,0.0,0,0.0,1.0
ProbMinHashDBSCAN,32329,2,0.0,0.0,0.0,0.0,0.0,0.0,0,0.0,1.0
ProbMinHashDBSCAN,5950416,2,0.0,0.0,0.0,0.0,0.0,0.0,0,0.0,1.0
ProbMinHashDBSCAN,5736119,2,0.0,0.0,0.0,0.0,0.0,0.0,0,0.0,1.0
ProbMinHashDBSCAN,4887472,2,0.0,0.0,0.0,0.0,0.0,0.0,0,0.0,1.0
ProbMinHashDBSCAN,1306156,3,0.0,0.0,0.0,0.0,0.0,0.0,0,0.0,1.0
ProbMinHashDBSCAN,1359907,2,0.0,0.0,0.0,0.0,0.0,0.0,0,0.0,1.0
ProbMinHashDBSCAN,5433002,2,0.0,0.0,0.0,0.0,0.0,0.0,0,0.0,1.0
ProbMinHashDBSCAN,5865847,2,0.0,0.0,0.0,0.0,0.0,0.0,0,0.0,1.0
ProbMinHashDBSCAN,108141,2,0.0,0.0,0.0,0.0,0.0,0.0,0,0.0,1.0
ProbMinHashDBSCAN,3790860,3,0.0,0.0,0.0,0.0,0.0,0.0,0,0.0,1.0
ProbMinHashDBSCAN,1762055,2,0.0,0.0,0.0,0.0,0.0,0.0,0,0.0,1.0
ProbMinHashDBSCAN,5679396,3,0.0,0.0,0.0,0.0,0.0,0.0,0,0.0,1.0
ProbMinHashDBSCAN,598090,2,0.0,0.0,0.0,0.0,0.0,0.0,0,0.0,1.0
ProbMinHashDBSCAN,4556098,2,0.0,0.0,0.0,0.0,0.0,0.0,0,0.0,1.0
ProbMinHashDBSCAN,2987957,2,0.0,0.0,0.0,0.0,0.0,0.0,0,0.0,1.0
ProbMinHashDBSCAN,436019,2,0.0,0.0,0.0,0.0,0.0,0.0,0,0.0,1.0
ProbMinHashDBSCAN,5573495,2,0.0,0.0,0.0,0.0,0.0,0.0,0,0.0,1.0
ProbMinHashDBSCAN,2298254,2,0.0,0.0,0.0,0.0,0.0,0.0,0,0.0,1.0
ProbMinHashDBSCAN,2703379,3,0.0,0.0,0.0,0.0,0.0,0.0,0,0.0,1.0
ProbMinHashDBSCAN,4926591,3,0.0,0.0,0.0,0.0,0.0,0.0,0,0.0,1.0
ProbMinHashDBSCAN,365705,2,0.0,0.0,0.0,0.0,0.0,0.0,0,0.0,1.0
ProbMinHashDBSCAN,2075574,2,0.0,0.0,0.0,0.0,0.0,0.0,0,0.0,1.0
ProbMinHashDBSCAN,5640946,2,0.0,0.0,0.0,0.0,0.0,0.0,0,0.0,1.0
ProbMinHashDBSCAN,2892764,2,0.0,0.0,0.0,0.0,0.0,0.0,0,0.0,1.0
ProbMinHashDBSCAN,5358454,2,0.0,0.0,0.0,0.0,0.0,0.0,0,0.0,1.0
ProbMinHashDBSCAN,5590627,2,0.0,0.0,0.0,0.0,0.0,0.0,0,0.0,1.0
ProbMinHashDBSCAN,2902047,2,0.0,0.0,0.0,0.0,0.0,0.0,0,0.0,1.0
ProbMinHashDBSCAN,3350380,2,0.0,0.0,0.0,0.0,0.0,0.0,0,0.0,1.0
ProbMinHashDBSCAN,4220432,2,0.0,0.0,0.0,0.0,0.0,0.0,0,0.0,1.0
ProbMinHashDBSCAN,1597130,2,0.0,0.0,0.0,0.0,0.0,0.0,0,0.0,1.0
ProbMinHashDBSCAN,5469765,2,0.0,0.0,0.0,0.0,0.0,0.0,0,0.0,1.0
ProbMinHashDBSCAN,4789489,2,0.0,0.0,0.0,0.0,0.0,0.0,0,0.0,1.0
ProbMinHashDBSCAN,4832773,3,0.0,0.0,0.0,0.0,0.0,0.0,0,0.0,1.0
ProbMinHashDBSCAN,2823270,4,0.0,0.0,0.0,0.0,0.0,0.0,0,0.0,1.0
ProbMinHashDBSCAN,1961411,2,0.0,0.0,0.0,0.0,0.0,0.0,0,0.0,1.0
ProbMinHashDBSCAN,2023599,3,0.0,0.0,0.0,0.0,0.0,0.0,0,0.0,1.0
ProbMinHashDBSCAN,6155967,2,0.0,0.0,0.0,0.0,0.0,0.0,0,0.0,1.0
ProbMinHashDBSCAN,4180731,2,0.0,0.0,0.0,0.0,0.0,0.0,0,0.0,1.0
ProbMinHashDBSCAN,32902,3,0.0,0.0,0.0,0.0,0.0,0.0,0,0.0,1.0
ProbMinHashDBSCAN,6168664,2,0.0,0.0,0.0,0.0,0.0,0.0,0,0.0,1.0
ProbMinHashDBSCAN,1570337,2,0.0,0.0,0.0,0.0,0.0,0.0,0,0.0,1.0
ProbMinHashDBSCAN,1101380,4,0.0,0.0,0.0,0.0,0.0,0.0,0,0.0,1.0
ProbMinHashDBSCAN,5207652,2,0.0,0.0,0.0,0.0,0.0,0.0,0,0.0,1.0
ProbMinHashDBSCAN,407765,3,0.0,0.0,0.0,0.0,0.0,0.0,0,0.0,1.0
ProbMinHashDBSCAN,4042131,2,0.0,0.0,0.0,0.0,0.0,0.0,0,0.0,1.0
ProbMinHashDBSCAN,5207645,2,0.0,0.0,0.0,0.0,0.0,0.0,0,0.0,1.0
ProbMinHashDBSCAN,1390975,2,0.0,0.0,0.0,0.0,0.0,0.0,0,0.0,0.0
ProbMinHashDBSCAN,1960028,2,0.0,0.0,0.0,0.0,0.0,0.0,0,0.0,1.0
ProbMinHashDBSCAN,5468039,2,0.0,0.0,0.0,0.0,0.0,0.0,0,0.0,1.0
ProbMinHashDBSCAN,4865176,3,0.0,0.0,0.0,0.0,0.0,0.0,0,0.0,1.0
ProbMinHashDBSCAN,3736729,2,0.0,0.0,0.0,0.0,0.0,0.0,0,0.0,1.0
ProbMinHashDBSCAN,1765059,3,0.0,0.0,0.0,0.0,0.0,0.0,0,0.0,1.0
ProbMinHashDBSCAN,5884875,2,0.0,0.0,0.0,0.0,0.0,0.0,0,0.0,1.0
ProbMinHashDBSCAN,3260497,2,0.0,0.0,0.0,0.0,0.0,0.0,0,0.0,1.0
ProbMinHashDBSCAN,1199396,2,0.0,0.0,0.0,0.0,0.0,0.0,0,0.0,0.5
ProbMinHashDBSCAN,3534087,2,0.0,0.0,0.0,0.0,0.0,0.0,0,0.0,1.0
ProbMinHashDBSCAN,3754566,2,0.0,0.0,0.0,0.0,0.0,0.0,0,0.0,1.0
ProbMinHashDBSCAN,1991478,3,0.0,0.0,0.0,0.0,0.0,0.0,0,0.0,1.0
ProbMinHashDBSCAN,1024056,2,0.0,0.0,0.0,0.0,0.0,0.0,0,0.0,1.0
ProbMinHashDBSCAN,3460811,2,0.0,0.0,0.0,0.0,0.0,0.0,0,0.0,1.0
ProbMinHashDBSCAN,1938310,2,0.0,0.0,0.0,0.0,0.0,0.0,0,0.0,1.0
ProbMinHashDBSCAN,4032973,2,0.0,0.0,0.0,0.0,0.0,0.0,0,0.0,1.0
ProbMinHashDBSCAN,543562,3,0.0,0.0,0.0,0.0,0.0,0.0,0,0.0,1.0
ProbMinHashDBSCAN,5975249,2,0.0,0.0,0.0,0.0,0.0,0.0,0,0.0,1.0
ProbMinHashDBSCAN,4507798,2,0.0,0.0,0.0,0.0,0.0,0.0,0,0.0,1.0
ProbMinHashDBSCAN,6381629,2,0.0,0.0,0.0,0.0,0.0,0.0,0,0.0,1.0
ProbMinHashDBSCAN,6356930,2,0.0,0.0,0.0,0.0,0.0,0.0,0,0.0,1.0
ProbMinHashDBSCAN,6357695,2,0.0,0.0,0.0,0.0,0.0,0.0,0,0.0,1.0
ProbMinHashDBSCAN,5965768,2,0.0,0.0,0.0,0.0,0.0,0.0,0,0.0,1.0
ProbMinHashDBSCAN,2616095,2,0.0,0.0,0.0,0.0,0.0,0.0,0,0.0,1.0
ProbMinHashDBSCAN,5935727,2,0.0,0.0,0.0,0.0,0.0,0.0,0,0.0,1.0
ProbMinHashDBSCAN,3405327,2,0.0,0.0,0.0,0.0,0.0,0.0,0,0.0,1.0
ProbMinHashDBSCAN,6213291,3,0.0,0.0,0.0,0.0,0.0,0.0,0,0.0,1.0
ProbMinHashDBSCAN,1445590,2,0.0,0.0,0.0,0.0,0.0,0.0,0,0.0,1.0
ProbMinHashDBSCAN,2571477,2,0.0,0.0,0.0,0.0,0.0,0.0,0,0.0,1.0
ProbMinHashDBSCAN,1757962,2,0.0,0.0,0.0,0.0,0.0,0.0,0,0.0,1.0
ProbMinHashDBSCAN,134441,2,0.0,0.0,0.0,0.0,0.0,0.0,0,0.0,1.0
ProbMinHashDBSCAN,4175890,2,0.0,0.0,0.0,0.0,0.0,0.0,0,0.0,1.0
ProbMinHashDBSCAN,2997428,3,0.0,0.0,0.0,0.0,0.0,0.0,0,0.0,1.0
ProbMinHashDBSCAN,2730746,3,0.0,0.0,0.0,0.0,0.0,0.0,0,0.0,1.0
ProbMinHashDBSCAN,303246,3,0.0,0.0,0.0,0.0,0.0,0.0,0,0.0,1.0
ProbMinHashDBSCAN,5255166,2,0.0,0.0,0.0,0.0,0.0,0.0,0,0.0,1.0
ProbMinHashDBSCAN,5119166,2,0.0,0.0,0.0,0.0,0.0,0.0,0,0.0,1.0
ProbMinHashDBSCAN,2143759,2,0.0,0.0,0.0,0.0,0.0,0.0,0,0.0,1.0
ProbMinHashDBSCAN,1012393,2,0.0,0.0,0.0,0.0,0.0,0.0,0,0.0,1.0
ProbMinHashDBSCAN,1725061,3,0.0,0.0,0.0,0.0,0.0,0.0,0,0.0,1.0
ProbMinHashDBSCAN,2184043,2,0.0,0.0,0.0,0.0,0.0,0.0,0,0.0,1.0
ProbMinHashDBSCAN,5779990,2,0.0,0.0,0.0,0.0,0.0,0.0,0,0.0,1.0
ProbMinHashDBSCAN,5502419,3,0.0,0.0,0.0,0.0,0.0,0.0,0,0.0,1.0
ProbMinHashDBSCAN,2839061,2,0.0,0.0,0.0,0.0,0.0,0.0,0,0.0,1.0
ProbMinHashDBSCAN,4610332,2,0.0,0.0,0.0,0.0,0.0,0.0,0,0.0,1.0
ProbMinHashDBSCAN,1401465,3,0.0,0.0,0.0,0.0,0.0,0.0,0,0.0,1.0
ProbMinHashDBSCAN,3934033,2,0.0,0.0,0.0,0.0,0.0,0.0,0,0.0,1.0
ProbMinHashDBSCAN,2183102,2,0.0,0.0,0.0,0.0,0.0,0.0,0,0.0,1.0
ProbMinHashDBSCAN,3470450,2,0.0,0.0,0.0,0.0,0.0,0.0,0,0.0,1.0
ProbMinHashDBSCAN,3077285,2,0.0,0.0,0.0,0.0,0.0,0.0,0,0.0,1.0
ProbMinHashDBSCAN,377287,2,0.0,0.0,0.0,0.0,0.0,0.0,0,0.0,1.0
ProbMinHashDBSCAN,5616865,2,0.0,0.0,0.0,0.0,0.0,0.0,0,0.0,1.0
ProbMinHashDBSCAN,2376462,2,0.0,0.0,0.0,0.0,0.0,0.0,0,0.0,1.0
ProbMinHashDBSCAN,3050231,3,0.0,0.0,0.0,0.0,0.0,0.0,0,0.0,1.0
ProbMinHashDBSCAN,1553444,2,0.0,0.0,0.0,0.0,0.0,0.0,0,0.0,1.0
ProbMinHashDBSCAN,4153945,2,0.0,0.0,0.0,0.0,0.0,0.0,0,0.0,1.0
ProbMinHashDBSCAN,4246057,3,0.0,0.0,0.0,0.0,0.0,0.0,0,0.0,1.0
ProbMinHashDBSCAN,1180348,2,0.0,0.0,0.0,0.0,0.0,0.0,0,0.0,1.0
ProbMinHashDBSCAN,328548,2,0.0,0.0,0.0,0.0,0.0,0.0,0,0.0,1.0
ProbMinHashDBSCAN,2230476,3,0.0,0.0,0.0,0.0,0.0,0.0,0,0.0,1.0
ProbMinHashDBSCAN,426529,2,0.0,0.0,0.0,0.0,0.0,0.0,0,0.0,1.0
ProbMinHashDBSCAN,2850614,2,0.0,0.0,0.0,0.0,0.0,0.0,0,0.0,1.0
ProbMinHashDBSCAN,4416303,2,0.0,0.0,0.0,0.0,0.0,0.0,0,0.0,1.0
ProbMinHashDBSCAN,3101236,2,0.0,0.0,0.0,0.0,0.0,0.0,0,0.0,1.0
ProbMinHashDBSCAN,3638231,2,0.0,0.0,0.0,0.0,0.0,0.0,0,0.0,1.0
ProbMinHashDBSCAN,1679427,2,0.0,0.0,0.0,0.0,0.0,0.0,0,0.0,1.0
ProbMinHashDBSCAN,2138088,2,0.0,0.0,0.0,0.0,0.0,0.0,0,0.0,1.0
ProbMinHashDBSCAN,2995132,3,0.0,0.0,0.0,0.0,0.0,0.0,0,0.0,1.0
ProbMinHashDBSCAN,2585972,2,0.0,0.0,0.0,0.0,0.0,0.0,0,0.0,1.0
ProbMinHashDBSCAN,1848574,2,0.0,0.0,0.0,0.0,0.0,0.0,0,0.0,1.0
ProbMinHashDBSCAN,114873,2,0.0,0.0,0.0,0.0,0.0,0.0,0,0.0,1.0
ProbMinHashDBSCAN,2267564,2,0.0,0.0,0.0,0.0,0.0,0.0,0,0.0,1.0
ProbMinHashDBSCAN,3173110,3,0.0,0.0,0.0,0.0,0.0,0.0,0,0.0,1.0
ProbMinHashDBSCAN,3227933,2,0.0,0.0,0.0,0.0,0.0,0.0,0,0.0,1.0
ProbMinHashDBSCAN,3378328,2,0.0,0.0,0.0,0.0,0.0,0.0,0,0.0,1.0
ProbMinHashDBSCAN,133403,2,0.0,0.0,0.0,0.0,0.0,0.0,0,0.0,1.0
ProbMinHashDBSCAN,2381783,3,0.0,0.0,0.0,0.0,0.0,0.0,0,0.0,1.0
ProbMinHashDBSCAN,2849736,4,0.0,0.0,0.0,0.0,0.0,0.0,0,0.0,1.0
ProbMinHashDBSCAN,2737656,2,0.0,0.0,0.0,0.0,0.0,0.0,0,0.0,1.0
ProbMinHashDBSCAN,570516,3,0.0,0.0,0.0,0.0,0.0,0.0,0,0.0,1.0
ProbMinHashDBSCAN,1003868,2,0.0,0.0,0.0,0.0,0.0,0.0,0,0.0,1.0
ProbMinHashDBSCAN,4108047,3,0.0,0.0,0.0,0.0,0.0,0.0,0,0.0,1.0
ProbMinHashDBSCAN,2216762,2,0.0,0.0,0.0,0.0,0.0,0.0,0,0.0,1.0
ProbMinHashDBSCAN,2170698,4,0.0,0.0,0.0,0.0,0.0,0.0,0,0.0,1.0
ProbMinHashDBSCAN,329015,2,0.0,0.0,0.0,0.0,0.0,0.0,0,0.0,1.0
ProbMinHashDBSCAN,1371149,2,0.0,0.0,0.0,0.0,0.0,0.0,0,0.0,1.0
ProbMinHashDBSCAN,4259303,2,0.0,0.0,0.0,0.0,0.0,0.0,0,0.0,1.0
ProbMinHashDBSCAN,3158632,3,0.0,0.0,0.0,0.0,0.0,0.0,0,0.0,1.0
ProbMinHashDBSCAN,5483756,2,0.0,0.0,0.0,0.0,0.0,0.0,0,0.0,1.0
ProbMinHashDBSCAN,1470329,2,0.0,0.0,0.0,0.0,0.0,0.0,0,0.0,1.0
ProbMinHashDBSCAN,3504407,2,0.0,0.0,0.0,0.0,0.0,0.0,0,0.0,1.0
ProbMinHashDBSCAN,3978029,2,0.0,0.0,0.0,0.0,0.0,0.0,0,0.0,1.0
ProbMinHashDBSCAN,4848204,2,0.0,0.0,0.0,0.0,0.0,0.0,0,0.0,1.0
ProbMinHashDBSCAN,2626366,2,0.0,0.0,0.0,0.0,0.0,0.0,0,0.0,1.0
ProbMinHashDBSCAN,2394252,2,0.0,0.0,0.0,0.0,0.0,0.0,0,0.0,1.0
ProbMinHashDBSCAN,4925629,2,0.0,0.0,0.0,0.0,0.0,0.0,0,0.0,1.0
ProbMinHashDBSCAN,131924,3,0.0,0.0,0.0,0.0,0.0,0.0,0,0.0,1.0
ProbMinHashDBSCAN,4389733,2,0.0,0.0,0.0,0.0,0.0,0.0,0,0.0,1.0
ProbMinHashDBSCAN,1481006,2,0.0,0.0,0.0,0.0,0.0,0.0,0,0.0,1.0
ProbMinHashDBSCAN,2572817,2,0.0,0.0,0.0,0.0,0.0,0.0,0,0.0,1.0
ProbMinHashDBSCAN,2607150,2,0.0,0.0,0.0,0.0,0.0,0.0,0,0.0,0.5
ProbMinHashDBSCAN,5602650,2,0.0,0.0,0.0,0.0,0.0,0.0,0,0.0,1.0
ProbMinHashDBSCAN,441342,2,0.0,0.0,0.0,0.0,0.0,0.0,0,0.0,1.0
ProbMinHashDBSCAN,3467540,2,0.0,0.0,0.0,0.0,0.0,0.0,0,0.0,1.0
ProbMinHashDBSCAN,1917102,2,0.0,0.0,0.0,0.0,0.0,0.0,0,0.0,1.0
ProbMinHashDBSCAN,5669909,2,0.0,0.0,0.0,0.0,0.0,0.0,0,0.0,1.0
ProbMinHashDBSCAN,4817739,2,0.0,0.0,0.0,0.0,0.0,0.0,0,0.0,1.0
ProbMinHashDBSCAN,3579104,2,0.0,0.0,0.0,0.0,0.0,0.0,0,0.0,1.0
ProbMinHashDBSCAN,2091789,2,0.0,0.0,0.0,0.0,0.0,0.0,0,0.0,1.0
ProbMinHashDBSCAN,2860888,2,0.0,0.0,0.0,0.0,0.0,0.0,0,0.0,1.0
ProbMinHashDBSCAN,464025,3,0.0,0.0,0.0,0.0,0.0,0.0,0,0.0,1.0
ProbMinHashDBSCAN,5966834,2,0.0,0.0,0.0,0.0,0.0,0.0,0,0.0,1.0
ProbMinHashDBSCAN,4101141,3,0.0,0.0,0.0,0.0,0.0,0.0,0,0.0,1.0
ProbMinHashDBSCAN,1018172,2,0.0,0.0,0.0,0.0,0.0,0.0,0,0.0,1.0
ProbMinHashDBSCAN,4459676,3,0.0,0.0,0.0,0.0,0.0,0.0,0,0.0,1.0
ProbMinHashDBSCAN,6333575,2,0.0,0.0,0.0,0.0,0.0,0.0,0,0.0,1.0
ProbMinHashDBSCAN,262161,3,0.0,0.0,0.0,0.0,0.0,0.0,0,0.0,1.0
ProbMinHashDBSCAN,2354370,2,0.0,0.0,0.0,0.0,0.0,0.0,0,0.0,1.0
ProbMinHashDBSCAN,527910,2,0.0,0.0,0.0,0.0,0.0,0.0,0,0.0,1.0
ProbMinHashDBSCAN,2255639,2,0.0,0.0,0.0,0.0,0.0,0.0,0,0.0,1.0
ProbMinHashDBSCAN,541811,2,0.0,0.0,0.0,0.0,0.0,0.0,0,0.0,1.0
ProbMinHashDBSCAN,583256,2,0.0,0.0,0.0,0.0,0.0,0.0,0,0.0,1.0
ProbMinHashDBSCAN,4127095,2,0.0,0.0,0.0,0.0,0.0,0.0,0,0.0,1.0
ProbMinHashDBSCAN,4872862,2,0.0,0.0,0.0,0.0,0.0,0.0,0,0.0,1.0
ProbMinHashDBSCAN,1211754,2,0.0,0.0,0.0,0.0,0.0,0.0,0,0.0,1.0
ProbMinHashDBSCAN,1851445,3,0.0,0.0,0.0,0.0,0.0,0.0,0,0.0,1.0
ProbMinHashDBSCAN,5605815,2,0.0,0.0,0.0,0.0,0.0,0.0,0,0.0,1.0
ProbMinHashDBSCAN,1404683,2,0.0,0.0,0.0,0.0,0.0,0.0,0,0.0,1.0
ProbMinHashDBSCAN,4079683,2,0.0,0.0,0.0,0.0,0.0,0.0,0,0.0,1.0
ProbMinHashDBSCAN,3331871,2,0.0,0.0,0.0,0.0,0.0,0.0,0,0.0,1.0
ProbMinHashDBSCAN,3795207,2,0.0,0.0,0.0,0.0,0.0,0.0,0,0.0,1.0
ProbMinHashDBSCAN,5271262,2,0.0,0.0,0.0,0.0,0.0,0.0,0,0.0,1.0
ProbMinHashDBSCAN,1728132,2,0.0,0.0,0.0,0.0,0.0,0.0,0,0.0,1.0
ProbMinHashDBSCAN,4907076,2,0.0,0.0,0.0,0.0,0.0,0.0,0,0.0,1.0
ProbMinHashDBSCAN,1284155,2,0.0,0.0,0.0,0.0,0.0,0.0,0,0.0,1.0
ProbMinHashDBSCAN,5322075,2,0.0,0.0,0.0,0.0,0.0,0.0,0,0.0,1.0
ProbMinHashDBSCAN,2185446,2,0.0,0.0,0.0,0.0,0.0,0.0,0,0.0,1.0
ProbMinHashDBSCAN,144272,2,0.0,0.0,0.0,0.0,0.0,0.0,0,0.0,0.5
ProbMinHashDBSCAN,5733342,2,0.0,0.0,0.0,0.0,0.0,0.0,0,0.0,1.0
ProbMinHashDBSCAN,6155859,2,0.0,0.0,0.0,0.0,0.0,0.0,0,0.0,1.0
ProbMinHashDBSCAN,631174,2,0.0,0.0,0.0,0.0,0.0,0.0,0,0.0,1.0
ProbMinHashDBSCAN,2253001,2,0.0,0.0,0.0,0.0,0.0,0.0,0,0.0,1.0
ProbMinHashDBSCAN,1072810,2,0.0,0.0,0.0,0.0,0.0,0.0,0,0.0,1.0
ProbMinHashDBSCAN,382577,2,0.0,0.0,0.0,0.0,0.0,0.0,0,0.0,1.0
ProbMinHashDBSCAN,1125455,4,0.0,0.0,0.0,0.0,0.0,0.0,0,0.0,1.0
ProbMinHashDBSCAN,4338937,2,0.0,0.0,0.0,0.0,0.0,0.0,0,0.0,1.0
ProbMinHashDBSCAN,4422428,2,0.0,0.0,0.0,0.0,0.0,0.0,0,0.0,1.0
ProbMinHashDBSCAN,4082142,3,0.0,0.0,0.0,0.0,0.0,0.0,0,0.0,1.0
ProbMinHashDBSCAN,483921,2,0.0,0.0,0.0,0.0,0.0,0.0,0,0.0,1.0
ProbMinHashDBSCAN,2351278,2,0.0,0.0,0.0,0.0,0.0,0.0,0,0.0,1.0
ProbMinHashDBSCAN,2457668,2,0.0,0.0,0.0,0.0,0.0,0.0,0,0.0,1.0
ProbMinHashDBSCAN,6079444,3,0.0,0.0,0.0,0.0,0.0,0.0,0,0.0,1.0
ProbMinHashDBSCAN,1679576,4,0.0,0.0,0.0,0.0,0.0,0.0,0,0.0,1.0
ProbMinHashDBSCAN,5785923,2,0.0,0.0,0.0,0.0,0.0,0.0,0,0.0,1.0
ProbMinHashDBSCAN,5039203,2,0.0,0.0,0.0,0.0,0.0,0.0,0,0.0,1.0
ProbMinHashDBSCAN,5828929,2,0.0,0.0,0.0,0.0,0.0,0.0,0,0.0,1.0
ProbMinHashDBSCAN,1145657,2,0.0,0.0,0.0,0.0,0.0,0.0,0,0.0,1.0
ProbMinHashDBSCAN,2351599,2,0.0,0.0,0.0,0.0,0.0,0.0,0,0.0,1.0
ProbMinHashDBSCAN,544321,3,0.0,0.0,0.0,0.0,0.0,0.0,0,0.0,1.0
ProbMinHashDBSCAN,2010779,2,0.0,0.0,0.0,0.0,0.0,0.0,0,0.0,1.0
ProbMinHashDBSCAN,3533868,2,0.0,0.0,0.0,0.0,0.0,0.0,0,0.0,1.0
ProbMinHashDBSCAN,3050557,2,0.0,0.0,0.0,0.0,0.0,0.0,0,0.0,1.0
ProbMinHashDBSCAN,4239886,2,0.0,0.0,0.0,0.0,0.0,0.0,0,0.0,1.0
ProbMinHashDBSCAN,2567125,2,0.0,0.0,0.0,0.0,0.0,0.0,0,0.0,1.0
ProbMinHashDBSCAN,6341076,2,0.0,0.0,0.0,0.0,0.0,0.0,0,0.0,1.0
ProbMinHashDBSCAN,239464,2,0.0,0.0,0.0,0.0,0.0,0.0,0,0.0,1.0
ProbMinHashDBSCAN,1085625,3,0.0,0.0,0.0,0.0,0.0,0.0,0,0.0,1.0
ProbMinHashDBSCAN,252574,3,0.0,0.0,0.0,0.0,0.0,0.0,0,0.0,1.0
ProbMinHashDBSCAN,4775767,3,0.0,0.0,0.0,0.0,0.0,0.0,0,0.0,1.0
ProbMinHashDBSCAN,2352421,2,0.0,0.0,0.0,0.0,0.0,0.0,0,0.0,1.0
ProbMinHashDBSCAN,443487,2,0.0,0.0,0.0,0.0,0.0,0.0,0,0.0,1.0
ProbMinHashDBSCAN,4147273,2,0.0,0.0,0.0,0.0,0.0,0.0,0,0.0,1.0
ProbMinHashDBSCAN,4389381,2,0.0,0.0,0.0,0.0,0.0,0.0,0,0.0,1.0
ProbMinHashDBSCAN,2575944,2,0.0,0.0,0.0,0.0,0.0,0.0,0,0.0,0.0
ProbMinHashDBSCAN,563879,2,0.0,0.0,0.0,0.0,0.0,0.0,0,0.0,1.0
ProbMinHashDBSCAN,4672468,2,0.0,0.0,0.0,0.0,0.0,0.0,0,0.0,1.0
ProbMinHashDBSCAN,2753570,2,0.0,0.0,0.0,0.0,0.0,0.0,0,0.0,1.0
ProbMinHashDBSCAN,4946320,2,0.0,0.0,0.0,0.0,0.0,0.0,0,0.0,1.0
ProbMinHashDBSCAN,4235441,3,0.0,0.0,0.0,0.0,0.0,0.0,0,0.0,1.0
ProbMinHashDBSCAN,1977745,2,0.0,0.0,0.0,0.0,0.0,0.0,0,0.0,1.0
ProbMinHashDBSCAN,5231602,2,0.0,0.0,0.0,0.0,0.0,0.0,0,0.0,1.0
ProbMinHashDBSCAN,1146188,2,0.0,0.0,0.0,0.0,0.0,0.0,0,0.0,1.0
ProbMinHashDBSCAN,5809935,2,0.0,0.0,0.0,0.0,0.0,0.0,0,0.0,1.0
ProbMinHashDBSCAN,1334191,2,0.0,0.0,0.0,0.0,0.0,0.0,0,0.0,1.0
ProbMinHashDBSCAN,499389,2,0.0,0.0,0.0,0.0,0.0,0.0,0,0.0,1.0
ProbMinHashDBSCAN,2268103,2,0.0,0.0,0.0,0.0,0.0,0.0,0,0.0,1.0
ProbMinHashDBSCAN,5718400,3,0.0,0.0,0.0,0.0,0.0,0.0,0,0.0,1.0
ProbMinHashDBSCAN,4069697,2,0.0,0.0,0.0,0.0,0.0,0.0,0,0.0,1.0
ProbMinHashDBSCAN,5639753,3,0.0,0.0,0.0,0.0,0.0,0.0,0,0.0,1.0
ProbMinHashDBSCAN,4346860,4,0.0,0.0,0.0,0.0,0.0,0.0,0,0.0,1.0
ProbMinHashDBSCAN,5972324,2,0.0,0.0,0.0,0.0,0.0,0.0,0,0.0,1.0
ProbMinHashDBSCAN,4602234,2,0.0,0.0,0.0,0.0,0.0,0.0,0,0.0,1.0
ProbMinHashDBSCAN,2821445,4,0.0,0.0,0.0,0.0,0.0,0.0,0,0.0,1.0
ProbMinHashDBSCAN,1483495,2,0.0,0.0,0.0,0.0,0.0,0.0,0,0.0,1.0
ProbMinHashDBSCAN,5538472,2,0.0,0.0,0.0,0.0,0.0,0.0,0,0.0,1.0
ProbMinHashDBSCAN,5994916,2,0.0,0.0,0.0,0.0,0.0,0.0,0,0.0,1.0
ProbMinHashDBSCAN,5213680,2,0.0,0.0,0.0,0.0,0.0,0.0,0,0.0,1.0
ProbMinHashDBSCAN,6214747,2,0.0,0.0,0.0,0.0,0.0,0.0,0,0.0,1.0
ProbMinHashDBSCAN,1776829,3,0.0,0.0,0.0,0.0,0.0,0.0,0,0.0,1.0
ProbMinHashDBSCAN,3729268,2,0.0,0.0,0.0,0.0,0.0,0.0,0,0.0,1.0
ProbMinHashDBSCAN,5559189,3,0.0,0.0,0.0,0.0,0.0,0.0,0,0.0,1.0
ProbMinHashDBSCAN,3208189,2,0.0,0.0,0.0,0.0,0.0,0.0,0,0.0,1.0
ProbMinHashDBSCAN,5527000,2,0.0,0.0,0.0,0.0,0.0,0.0,0,0.0,1.0
ProbMinHashDBSCAN,4610979,2,0.0,0.0,0.0,0.0,0.0,0.0,0,0.0,1.0
ProbMinHashDBSCAN,4346957,2,0.0,0.0,0.0,0.0,0.0,0.0,0,0.0,1.0
ProbMinHashDBSCAN,416205,2,0.0,0.0,0.0,0.0,0.0,0.0,0,0.0,1.0
ProbMinHashDBSCAN,2438086,2,0.0,0.0,0.0,0.0,0.0,0.0,0,0.0,1.0
ProbMinHashDBSCAN,1374089,2,0.0,0.0,0.0,0.0,0.0,0.0,0,0.0,1.0
ProbMinHashDBSCAN,6236609,2,0.0,0.0,0.0,0.0,0.0,0.0,0,0.0,1.0
ProbMinHashDBSCAN,544160,2,0.0,0.0,0.0,0.0,0.0,0.0,0,0.0,1.0
ProbMinHashDBSCAN,2089863,2,0.0,0.0,0.0,0.0,0.0,0.0,0,0.0,1.0
ProbMinHashDBSCAN,3847613,3,0.0,0.0,0.0,0.0,0.0,0.0,0,0.0,1.0
ProbMinHashDBSCAN,1419407,2,0.0,0.0,0.0,0.0,0.0,0.0,0,0.0,1.0
ProbMinHashDBSCAN,5820128,2,0.0,0.0,0.0,0.0,0.0,0.0,0,0.0,1.0
ProbMinHashDBSCAN,416465,2,0.0,0.0,0.0,0.0,0.0,0.0,0,0.0,1.0
ProbMinHashDBSCAN,3250211,2,0.0,0.0,0.0,0.0,0.0,0.0,0,0.0,1.0
ProbMinHashDBSCAN,1181554,2,0.0,0.0,0.0,0.0,0.0,0.0,0,0.0,1.0
ProbMinHashDBSCAN,4326700,2,0.0,0.0,0.0,0.0,0.0,0.0,0,0.0,1.0
ProbMinHashDBSCAN,1866208,2,0.0,0.0,0.0,0.0,0.0,0.0,0,0.0,1.0
ProbMinHashDBSCAN,4966019,2,0.0,0.0,0.0,0.0,0.0,0.0,0,0.0,1.0
ProbMinHashDBSCAN,3734341,2,0.0,0.0,0.0,0.0,0.0,0.0,0,0.0,1.0
ProbMinHashDBSCAN,3089024,2,0.0,0.0,0.0,0.0,0.0,0.0,0,0.0,1.0
ProbMinHashDBSCAN,4563269,2,0.0,0.0,0.0,0.0,0.0,0.0,0,0.0,1.0
ProbMinHashDBSCAN,5241113,2,0.0,0.0,0.0,0.0,0.0,0.0,0,0.0,1.0
ProbMinHashDBSCAN,3957364,2,0.0,0.0,0.0,0.0,0.0,0.0,0,0.0,1.0
ProbMinHashDBSCAN,3723343,2,0.0,0.0,0.0,0.0,0.0,0.0,0,0.0,1.0
ProbMinHashDBSCAN,1218527,2,0.0,0.0,0.0,0.0,0.0,0.0,0,0.0,1.0
ProbMinHashDBSCAN,3368656,2,0.0,0.0,0.0,0.0,0.0,0.0,0,0.0,1.0
ProbMinHashDBSCAN,151596,2,0.0,0.0,0.0,0.0,0.0,0.0,0,0.0,1.0
ProbMinHashDBSCAN,1425761,4,0.0,0.0,0.0,0.0,0.0,0.0,0,0.0,1.0
ProbMinHashDBSCAN,550092,4,0.0,0.0,0.0,0.0,0.0,0.0,0,0.0,1.0
ProbMinHashDBSCAN,5786594,2,0.0,0.0,0.0,0.0,0.0,0.0,0,0.0,1.0
ProbMinHashDBSCAN,3449640,2,0.0,0.0,0.0,0.0,0.0,0.0,0,0.0,1.0
ProbMinHashDBSCAN,1828756,3,0.0,0.0,0.0,0.0,0.0,0.0,0,0.0,1.0
ProbMinHashDBSCAN,3409621,2,0.0,0.0,0.0,0.0,0.0,0.0,0,0.0,1.0
ProbMinHashDBSCAN,4959077,2,0.0,0.0,0.0,0.0,0.0,0.0,0,0.0,1.0
ProbMinHashDBSCAN,3417151,2,0.0,0.0,0.0,0.0,0.0,0.0,0,0.0,1.0
ProbMinHashDBSCAN,4393988,2,0.0,0.0,0.0,0.0,0.0,0.0,0,0.0,1.0
ProbMinHashDBSCAN,2341087,2,0.0,0.0,0.0,0.0,0.0,0.0,0,0.0,1.0
ProbMinHashDBSCAN,4816123,2,0.0,0.0,0.0,0.0,0.0,0.0,0,0.0,1.0
ProbMinHashDBSCAN,2145204,2,0.0,0.0,0.0,0.0,0.0,0.0,0,0.0,1.0
ProbMinHashDBSCAN,495949,2,0.0,0.0,0.0,0.0,0.0,0.0,0,0.0,1.0
ProbMinHashDBSCAN,3296939,2,0.0,0.0,0.0,0.0,0.0,0.0,0,0.0,1.0
ProbMinHashDBSCAN,4518053,2,0.0,0.0,0.0,0.0,0.0,0.0,0,0.0,1.0
ProbMinHashDBSCAN,5201624,3,0.0,0.0,0.0,0.0,0.0,0.0,0,0.0,1.0
ProbMinHashDBSCAN,1656204,2,0.0,0.0,0.0,0.0,0.0,0.0,0,0.0,1.0
ProbMinHashDBSCAN,2883408,2,0.0,0.0,0.0,0.0,0.0,0.0,0,0.0,1.0
ProbMinHashDBSCAN,527358,2,0.0,0.0,0.0,0.0,0.0,0.0,0,0.0,1.0
ProbMinHashDBSCAN,317466,2,0.0,0.0,0.0,0.0,0.0,0.0,0,0.0,1.0
ProbMinHashDBSCAN,3307887,3,0.0,0.0,0.0,0.0,0.0,0.0,0,0.0,1.0
ProbMinHashDBSCAN,2014017,2,0.0,0.0,0.0,0.0,0.0,0.0,0,0.0,1.0
ProbMinHashDBSCAN,1495317,2,0.0,0.0,0.0,0.0,0.0,0.0,0,0.0,1.0
ProbMinHashDBSCAN,5288688,2,0.0,0.0,0.0,0.0,0.0,0.0,0,0.0,1.0
ProbMinHashDBSCAN,1946645,2,0.0,0.0,0.0,0.0,0.0,0.0,0,0.0,1.0
ProbMinHashDBSCAN,2383369,2,0.0,0.0,0.0,0.0,0.0,0.0,0,0.0,1.0
ProbMinHashDBSCAN,1489898,2,0.0,0.0,0.0,0.0,0.0,0.0,0,0.0,1.0
ProbMinHashDBSCAN,5845137,2,0.0,0.0,0.0,0.0,0.0,0.0,0,0.0,1.0
ProbMinHashDBSCAN,5490351,2,0.0,0.0,0.0,0.0,0.0,0.0,0,0.0,1.0
ProbMinHashDBSCAN,1389845,2,0.0,0.0,0.0,0.0,0.0,0.0,0,0.0,1.0
ProbMinHashDBSCAN,2223199,2,0.0,0.0,0.0,0.0,0.0,0.0,0,0.0,1.0
ProbMinHashDBSCAN,313874,3,0.0,0.0,0.0,0.0,0.0,0.0,0,0.0,1.0
ProbMinHashDBSCAN,2133704,2,0.0,0.0,0.0,0.0,0.0,0.0,0,0.0,1.0
ProbMinHashDBSCAN,1712723,2,0.0,0.0,0.0,0.0,0.0,0.0,0,0.0,1.0
ProbMinHashDBSCAN,4207095,4,0.0,0.0,0.0,0.0,0.0,0.0,0,0.0,1.0
ProbMinHashDBSCAN,4257437,2,0.0,0.0,0.0,0.0,0.0,0.0,0,0.0,1.0
ProbMinHashDBSCAN,2866825,2,0.0,0.0,0.0,0.0,0.0,0.0,0,0.0,1.0
ProbMinHashDBSCAN,1698385,2,0.0,0.0,0.0,0.0,0.0,0.0,0,0.0,1.0
ProbMinHashDBSCAN,3349374,3,0.0,0.0,0.0,0.0,0.0,0.0,0,0.0,1.0
ProbMinHashDBSCAN,2182546,2,0.0,0.0,0.0,0.0,0.0,0.0,0,0.0,1.0
ProbMinHashDBSCAN,2053262,4,0.0,0.0,0.0,0.0,0.0,0.0,0,0.0,1.0
ProbMinHashDBSCAN,4266176,3,0.0,0.0,0.0,0.0,0.0,0.0,0,0.0,1.0
ProbMinHashDBSCAN,2963158,2,0.0,0.0,0.0,0.0,0.0,0.0,0,0.0,0.0
ProbMinHashDBSCAN,5458144,3,0.0,0.0,0.0,0.0,0.0,0.0,0,0.0,1.0
ProbMinHashDBSCAN,3797871,2,0.0,0.0,0.0,0.0,0.0,0.0,0,0.0,1.0
ProbMinHashDBSCAN,5512795,2,0.0,0.0,0.0,0.0,0.0,0.0,0,0.0,1.0
ProbMinHashDBSCAN,5499635,2,0.0,0.0,0.0,0.0,0.0,0.0,0,0.0,1.0
ProbMinHashDBSCAN,1874923,2,0.0,0.0,0.0,0.0,0.0,0.0,0,0.0,1.0
ProbMinHashDBSCAN,623340,3,0.0,0.0,0.0,0.0,0.0,0.0,0,0.0,1.0
ProbMinHashDBSCAN,3288985,2,0.0,0.0,0.0,0.0,0.0,0.0,0,0.0,1.0
ProbMinHashDBSCAN,2818548,2,0.0,0.0,0.0,0.0,0.0,0.0,0,0.0,1.0
ProbMinHashDBSCAN,4793901,2,0.0,0.0,0.0,0.0,0.0,0.0,0,0.0,1.0
ProbMinHashDBSCAN,2305257,2,0.0,0.0,0.0,0.0,0.0,0.0,0,0.0,1.0
ProbMinHashDBSCAN,4549309,2,0.0,0.0,0.0,0.0,0.0,0.0,0,0.0,1.0
ProbMinHashDBSCAN,2972406,2,0.0,0.0,0.0,0.0,0.0,0.0,0,0.0,1.0
ProbMinHashDBSCAN,3014250,2,0.0,0.0,0.0,0.0,0.0,0.0,0,0.0,1.0
ProbMinHashDBSCAN,1672871,2,0.0,0.0,0.0,0.0,0.0,0.0,0,0.0,1.0
ProbMinHashDBSCAN,1074798,2,0.0,0.0,0.0,0.0,0.0,0.0,0,0.0,1.0
ProbMinHashDBSCAN,4248795,3,0.0,0.0,0.0,0.0,0.0,0.0,0,0.0,1.0
ProbMinHashDBSCAN,6024428,2,0.0,0.0,0.0,0.0,0.0,0.0,0,0.0,1.0
ProbMinHashDBSCAN,4475585,2,0.0,0.0,0.0,0.0,0.0,0.0,0,0.0,1.0
ProbMinHashDBSCAN,5979841,2,0.0,0.0,0.0,0.0,0.0,0.0,0,0.0,1.0
ProbMinHashDBSCAN,3646966,2,0.0,0.0,0.0,0.0,0.0,0.0,0,0.0,1.0
ProbMinHashDBSCAN,3134845,2,0.0,0.0,0.0,0.0,0.0,0.0,0,0.0,1.0
ProbMinHashDBSCAN,3657359,2,0.0,0.0,0.0,0.0,0.0,0.0,0,0.0,1.0
ProbMinHashDBSCAN,3494751,2,0.0,0.0,0.0,0.0,0.0,0.0,0,0.0,1.0
ProbMinHashDBSCAN,4012235,2,0.0,0.0,0.0,0.0,0.0,0.0,0,0.0,1.0
ProbMinHashDBSCAN,2872682,2,0.0,0.0,0.0,0.0,0.0,0.0,0,0.0,1.0
ProbMinHashDBSCAN,4098349,2,0.0,0.0,0.0,0.0,0.0,0.0,0,0.0,1.0
ProbMinHashDBSCAN,1939841,2,0.0,0.0,0.0,0.0,0.0,0.0,0,0.0,1.0
ProbMinHashDBSCAN,3029287,2,0.0,0.0,0.0,0.0,0.0,0.0,0,0.0,1.0
ProbMinHashDBSCAN,4270585,2,0.0,0.0,0.0,0.0,0.0,0.0,0,0.0,1.0
ProbMinHashDBSCAN,6337530,2,0.0,0.0,0.0,0.0,0.0,0.0,0,0.0,1.0
ProbMinHashDBSCAN,5559447,2,0.0,0.0,0.0,0.0,0.0,0.0,0,0.0,1.0
ProbMinHashDBSCAN,2492200,2,0.0,0.0,0.0,0.0,0.0,0.0,0,0.0,1.0
ProbMinHashDBSCAN,3506958,3,0.0,0.0,0.0,0.0,0.0,0.0,0,0.0,1.0
ProbMinHashDBSCAN,4280289,2,0.0,0.0,0.0,0.0,0.0,0.0,0,0.0,0.0
ProbMinHashDBSCAN,4600871,2,0.0,0.0,0.0,0.0,0.0,0.0,0,0.0,1.0
ProbMinHashDBSCAN,5478105,2,0.0,0.0,0.0,0.0,0.0,0.0,0,0.0,1.0
ProbMinHashDBSCAN,5161710,2,0.0,0.0,0.0,0.0,0.0,0.0,0,0.0,1.0
ProbMinHashDBSCAN,2140677,2,0.0,0.0,0.0,0.0,0.0,0.0,0,0.0,1.0
ProbMinHashDBSCAN,6244236,3,0.0,0.0,0.0,0.0,0.0,0.0,0,0.0,1.0
ProbMinHashDBSCAN,3025411,2,0.0,0.0,0.0,0.0,0.0,0.0,0,0.0,1.0
ProbMinHashDBSCAN,1210230,3,0.0,0.0,0.0,0.0,0.0,0.0,0,0.0,1.0
ProbMinHashDBSCAN,5891364,2,0.0,0.0,0.0,0.0,0.0,0.0,0,0.0,1.0
ProbMinHashDBSCAN,1716415,2,0.0,0.0,0.0,0.0,0.0,0.0,0,0.0,1.0
ProbMinHashDBSCAN,1149463,2,0.0,0.0,0.0,0.0,0.0,0.0,0,0.0,1.0
ProbMinHashDBSCAN,4547086,2,0.0,0.0,0.0,0.0,0.0,0.0,0,0.0,0.0
ProbMinHashDBSCAN,6201636,3,0.0,0.0,0.0,0.0,0.0,0.0,0,0.0,1.0
ProbMinHashDBSCAN,426218,3,0.0,0.0,0.0,0.0,0.0,0.0,0,0.0,1.0
ProbMinHashDBSCAN,5116237,2,0.0,0.0,0.0,0.0,0.0,0.0,0,0.0,1.0
ProbMinHashDBSCAN,3375418,2,0.0,0.0,0.0,0.0,0.0,0.0,0,0.0,1.0
ProbMinHashDBSCAN,4644312,2,0.0,0.0,0.0,0.0,0.0,0.0,0,0.0,1.0
ProbMinHashDBSCAN,134842,2,0.0,0.0,0.0,0.0,0.0,0.0,0,0.0,1.0
ProbMinHashDBSCAN,4710580,2,0.0,0.0,0.0,0.0,0.0,0.0,0,0.0,1.0
ProbMinHashDBSCAN,581914,3,0.0,0.0,0.0,0.0,0.0,0.0,0,0.0,0.3333333333333333
ProbMinHashDBSCAN,1674565,2,0.0,0.0,0.0,0.0,0.0,0.0,0,0.0,1.0
ProbMinHashDBSCAN,3369189,2,0.0,0.0,0.0,0.0,0.0,0.0,0,0.0,1.0
ProbMinHashDBSCAN,5318494,3,0.0,0.0,0.0,0.0,0.0,0.0,0,0.0,1.0
ProbMinHashDBSCAN,1956956,2,0.0,0.0,0.0,0.0,0.0,0.0,0,0.0,0.0
ProbMinHashDBSCAN,3584287,2,0.0,0.0,0.0,0.0,0.0,0.0,0,0.0,1.0
ProbMinHashDBSCAN,5871812,2,0.0,0.0,0.0,0.0,0.0,0.0,0,0.0,1.0
ProbMinHashDBSCAN,4849183,2,0.0,0.0,0.0,0.0,0.0,0.0,0,0.0,1.0
ProbMinHashDBSCAN,5519066,2,0.0,0.0,0.0,0.0,0.0,0.0,0,0.0,1.0
ProbMinHashDBSCAN,5807249,2,0.0,0.0,0.0,0.0,0.0,0.0,0,0.0,1.0
ProbMinHashDBSCAN,5161178,2,0.0,0.0,0.0,0.0,0.0,0.0,0,0.0,1.0
ProbMinHashDBSCAN,3189416,2,0.0,0.0,0.0,0.0,0.0,0.0,0,0.0,1.0
ProbMinHashDBSCAN,5093856,2,0.0,0.0,0.0,0.0,0.0,0.0,0,0.0,1.0
ProbMinHashDBSCAN,14081,3,0.0,0.0,0.0,0.0,0.0,0.0,0,0.0,1.0
ProbMinHashDBSCAN,3371797,3,0.0,0.0,0.0,0.0,0.0,0.0,0,0.0,1.0
ProbMinHashDBSCAN,6009715,2,0.0,0.0,0.0,0.0,0.0,0.0,0,0.0,1.0
ProbMinHashDBSCAN,5130169,2,0.0,0.0,0.0,0.0,0.0,0.0,0,0.0,1.0
ProbMinHashDBSCAN,4536966,3,0.0,0.0,0.0,0.0,0.0,0.0,0,0.0,1.0
ProbMinHashDBSCAN,5141891,2,0.0,0.0,0.0,0.0,0.0,0.0,0,0.0,1.0
ProbMinHashDBSCAN,1056367,2,0.0,0.0,0.0,0.0,0.0,0.0,0,0.0,1.0
ProbMinHashDBSCAN,3054306,2,0.0,0.0,0.0,0.0,0.0,0.0,0,0.0,1.0
ProbMinHashDBSCAN,1400501,2,0.0,0.0,0.0,0.0,0.0,0.0,0,0.0,1.0
ProbMinHashDBSCAN,2129555,2,0.0,0.0,0.0,0.0,0.0,0.0,0,0.0,1.0
ProbMinHashDBSCAN,2277682,2,0.0,0.0,0.0,0.0,0.0,0.0,0,0.0,1.0
ProbMinHashDBSCAN,5216541,2,0.0,0.0,0.0,0.0,0.0,0.0,0,0.0,1.0
ProbMinHashDBSCAN,2045127,2,0.0,0.0,0.0,0.0,0.0,0.0,0,0.0,1.0
ProbMinHashDBSCAN,4656891,3,0.0,0.0,0.0,0.0,0.0,0.0,0,0.0,1.0
ProbMinHashDBSCAN,2065591,2,0.0,0.0,0.0,0.0,0.0,0.0,0,0.0,1.0
ProbMinHashDBSCAN,1131241,2,0.0,0.0,0.0,0.0,0.0,0.0,0,0.0,1.0
ProbMinHashDBSCAN,3917828,2,0.0,0.0,0.0,0.0,0.0,0.0,0,0.0,1.0
ProbMinHashDBSCAN,2284353,2,0.0,0.0,0.0,0.0,0.0,0.0,0,0.0,1.0
ProbMinHashDBSCAN,3299760,2,0.0,0.0,0.0,0.0,0.0,0.0,0,0.0,1.0
ProbMinHashDBSCAN,4048139,2,0.0,0.0,0.0,0.0,0.0,0.0,0,0.0,1.0
ProbMinHashDBSCAN,2247982,2,0.0,0.0,0.0,0.0,0.0,0.0,0,0.0,1.0
ProbMinHashDBSCAN,1621077,2,0.0,0.0,0.0,0.0,0.0,0.0,0,0.0,1.0
ProbMinHashDBSCAN,3331144,2,0.0,0.0,0.0,0.0,0.0,0.0,0,0.0,1.0
ProbMinHashDBSCAN,1792141,2,0.0,0.0,0.0,0.0,0.0,0.0,0,0.0,1.0
ProbMinHashDBSCAN,1141676,2,0.0,0.0,0.0,0.0,0.0,0.0,0,0.0,1.0
ProbMinHashDBSCAN,1233181,3,0.0,0.0,0.0,0.0,0.0,0.0,0,0.0,1.0
ProbMinHashDBSCAN,636700,3,0.0,0.0,0.0,0.0,0.0,0.0,0,0.0,1.0
ProbMinHashDBSCAN,4671892,3,0.0,0.0,0.0,0.0,0.0,0.0,0,0.0,1.0
ProbMinHashDBSCAN,2096772,3,0.0,0.0,0.0,0.0,0.0,0.0,0,0.0,1.0
ProbMinHashDBSCAN,3394837,2,0.0,0.0,0.0,0.0,0.0,0.0,0,0.0,0.0
ProbMinHashDBSCAN,6104666,2,0.0,0.0,0.0,0.0,0.0,0.0,0,0.0,1.0
ProbMinHashDBSCAN,5315539,2,0.0,0.0,0.0,0.0,0.0,0.0,0,0.0,1.0
ProbMinHashDBSCAN,356041,2,0.0,0.0,0.0,0.0,0.0,0.0,0,0.0,1.0
ProbMinHashDBSCAN,5763739,2,0.0,0.0,0.0,0.0,0.0,0.0,0,0.0,1.0
ProbMinHashDBSCAN,2673476,2,0.0,0.0,0.0,0.0,0.0,0.0,0,0.0,1.0
ProbMinHashDBSCAN,5612772,2,0.0,0.0,0.0,0.0,0.0,0.0,0,0.0,1.0
ProbMinHashDBSCAN,5709980,2,0.0,0.0,0.0,0.0,0.0,0.0,0,0.0,1.0
ProbMinHashDBSCAN,5374565,2,0.0,0.0,0.0,0.0,0.0,0.0,0,0.0,1.0
ProbMinHashDBSCAN,2967781,2,0.0,0.0,0.0,0.0,0.0,0.0,0,0.0,1.0
ProbMinHashDBSCAN,5157284,2,0.0,0.0,0.0,0.0,0.0,0.0,0,0.0,1.0
ProbMinHashDBSCAN,5463212,2,0.0,0.0,0.0,0.0,0.0,0.0,0,0.0,1.0
ProbMinHashDBSCAN,2276496,2,0.0,0.0,0.0,0.0,0.0,0.0,0,0.0,1.0
ProbMinHashDBSCAN,2857216,3,0.0,0.0,0.0,0.0,0.0,0.0,0,0.0,1.0
ProbMinHashDBSCAN,4067802,2,0.0,0.0,0.0,0.0,0.0,0.0,0,0.0,1.0
ProbMinHashDBSCAN,3467850,2,0.0,0.0,0.0,0.0,0.0,0.0,0,0.0,1.0
ProbMinHashDBSCAN,1466717,2,0.0,0.0,0.0,0.0,0.0,0.0,0,0.0,1.0
ProbMinHashDBSCAN,6348401,2,0.0,0.0,0.0,0.0,0.0,0.0,0,0.0,1.0
ProbMinHashDBSCAN,1045667,2,0.0,0.0,0.0,0.0,0.0,0.0,0,0.0,1.0
ProbMinHashDBSCAN,4357655,2,0.0,0.0,0.0,0.0,0.0,0.0,0,0.0,1.0
ProbMinHashDBSCAN,5355416,2,0.0,0.0,0.0,0.0,0.0,0.0,0,0.0,1.0
ProbMinHashDBSCAN,2156003,2,0.0,0.0,0.0,0.0,0.0,0.0,0,0.0,1.0
ProbMinHashDBSCAN,1340392,2,0.0,0.0,0.0,0.0,0.0,0.0,0,0.0,1.0
ProbMinHashDBSCAN,144030,2,0.0,0.0,0.0,0.0,0.0,0.0,0,0.0,1.0
ProbMinHashDBSCAN,5574465,3,0.0,0.0,0.0,0.0,0.0,0.0,0,0.0,1.0
ProbMinHashDBSCAN,1549801,2,0.0,0.0,0.0,0.0,0.0,0.0,0,0.0,1.0
ProbMinHashDBSCAN,3096727,2,0.0,0.0,0.0,0.0,0.0,0.0,0,0.0,1.0
ProbMinHashDBSCAN,266254,2,0.0,0.0,0.0,0.0,0.0,0.0,0,0.0,1.0
ProbMinHashDBSCAN,2465167,2,0.0,0.0,0.0,0.0,0.0,0.0,0,0.0,1.0
ProbMinHashDBSCAN,470861,2,0.0,0.0,0.0,0.0,0.0,0.0,0,0.0,1.0
ProbMinHashDBSCAN,34557,2,0.0,0.0,0.0,0.0,0.0,0.0,0,0.0,1.0
ProbMinHashDBSCAN,4838265,2,0.0,0.0,0.0,0.0,0.0,0.0,0,0.0,1.0
ProbMinHashDBSCAN,4151609,2,0.0,0.0,0.0,0.0,0.0,0.0,0,0.0,1.0
ProbMinHashDBSCAN,3890237,2,0.0,0.0,0.0,0.0,0.0,0.0,0,0.0,1.0
ProbMinHashDBSCAN,6031947,2,0.0,0.0,0.0,0.0,0.0,0.0,0,0.0,1.0
ProbMinHashDBSCAN,1934038,2,0.0,0.0,0.0,0.0,0.0,0.0,0,0.0,1.0
ProbMinHashDBSCAN,14039,2,0.0,0.0,0.0,0.0,0.0,0.0,0,0.0,1.0
ProbMinHashDBSCAN,6019659,2,0.0,0.0,0.0,0.0,0.0,0.0,0,0.0,1.0
ProbMinHashDBSCAN,5860328,2,0.0,0.0,0.0,0.0,0.0,0.0,0,0.0,1.0
ProbMinHashDBSCAN,6123851,3,0.0,0.0,0.0,0.0,0.0,0.0,0,0.0,1.0
ProbMinHashDBSCAN,5004568,2,0.0,0.0,0.0,0.0,0.0,0.0,0,0.0,1.0
ProbMinHashDBSCAN,3834869,2,0.0,0.0,0.0,0.0,0.0,0.0,0,0.0,1.0
ProbMinHashDBSCAN,3312569,2,0.0,0.0,0.0,0.0,0.0,0.0,0,0.0,1.0
ProbMinHashDBSCAN,2540577,2,0.0,0.0,0.0,0.0,0.0,0.0,0,0.0,1.0
ProbMinHashDBSCAN,2329040,3,0.0,0.0,0.0,0.0,0.0,0.0,0,0.0,1.0
ProbMinHashDBSCAN,3827249,2,0.0,0.0,0.0,0.0,0.0,0.0,0,0.0,1.0
ProbMinHashDBSCAN,6238444,3,0.0,0.0,0.0,0.0,0.0,0.0,0,0.0,1.0
ProbMinHashDBSCAN,5537725,2,0.0,0.0,0.0,0.0,0.0,0.0,0,0.0,1.0
ProbMinHashDBSCAN,2150872,2,0.0,0.0,0.0,0.0,0.0,0.0,0,0.0,1.0
ProbMinHashDBSCAN,5375968,2,0.0,0.0,0.0,0.0,0.0,0.0,0,0.0,1.0
ProbMinHashDBSCAN,2412075,2,0.0,0.0,0.0,0.0,0.0,0.0,0,0.0,1.0
ProbMinHashDBSCAN,4711167,2,0.0,0.0,0.0,0.0,0.0,0.0,0,0.0,1.0
ProbMinHashDBSCAN,5656940,2,0.0,0.0,0.0,0.0,0.0,0.0,0,0.0,1.0
ProbMinHashDBSCAN,4298954,2,0.0,0.0,0.0,0.0,0.0,0.0,0,0.0,1.0
ProbMinHashDBSCAN,1459856,3,0.0,0.0,0.0,0.0,0.0,0.0,0,0.0,1.0
ProbMinHashDBSCAN,6085026,3,0.0,0.0,0.0,0.0,0.0,0.0,0,0.0,1.0
ProbMinHashDBSCAN,4987229,2,0.0,0.0,0.0,0.0,0.0,0.0,0,0.0,1.0
ProbMinHashDBSCAN,2111910,2,0.0,0.0,0.0,0.0,0.0,0.0,0,0.0,1.0
ProbMinHashDBSCAN,6019970,2,0.0,0.0,0.0,0.0,0.0,0.0,0,0.0,1.0
ProbMinHashDBSCAN,4736213,3,0.0,0.0,0.0,0.0,0.0,0.0,0,0.0,1.0
ProbMinHashDBSCAN,1470710,2,0.0,0.0,0.0,0.0,0.0,0.0,0,0.0,1.0
ProbMinHashDBSCAN,2525335,2,0.0,0.0,0.0,0.0,0.0,0.0,0,0.0,1.0
ProbMinHashDBSCAN,3076814,2,0.0,0.0,0.0,0.0,0.0,0.0,0,0.0,1.0
ProbMinHashDBSCAN,4497077,2,0.0,0.0,0.0,0.0,0.0,0.0,0,0.0,1.0
ProbMinHashDBSCAN,1484311,2,0.0,0.0,0.0,0.0,0.0,0.0,0,0.0,1.0
ProbMinHashDBSCAN,3130029,2,0.0,0.0,0.0,0.0,0.0,0.0,0,0.0,1.0
ProbMinHashDBSCAN,1411378,2,0.0,0.0,0.0,0.0,0.0,0.0,0,0.0,1.0
ProbMinHashDBSCAN,4631905,2,0.0,0.0,0.0,0.0,0.0,0.0,0,0.0,1.0
ProbMinHashDBSCAN,4547288,2,0.0,0.0,0.0,0.0,0.0,0.0,0,0.0,1.0
ProbMinHashDBSCAN,468377,2,0.0,0.0,0.0,0.0,0.0,0.0,0,0.0,1.0
ProbMinHashDBSCAN,5245704,2,0.0,0.0,0.0,0.0,0.0,0.0,0,0.0,1.0
ProbMinHashDBSCAN,2571620,3,0.0,0.0,0.0,0.0,0.0,0.0,0,0.0,1.0
ProbMinHashDBSCAN,3633749,2,0.0,0.0,0.0,0.0,0.0,0.0,0,0.0,1.0
ProbMinHashDBSCAN,4271222,2,0.0,0.0,0.0,0.0,0.0,0.0,0,0.0,1.0
ProbMinHashDBSCAN,3486001,2,0.0,0.0,0.0,0.0,0.0,0.0,0,0.0,1.0
ProbMinHashDBSCAN,5069519,2,0.0,0.0,0.0,0.0,0.0,0.0,0,0.0,1.0
ProbMinHashDBSCAN,1216804,4,0.0,0.0,0.0,0.0,0.0,0.0,0,0.0,1.0
ProbMinHashDBSCAN,4112705,2,0.0,0.0,0.0,0.0,0.0,0.0,0,0.0,1.0
ProbMinHashDBSCAN,3737610,2,0.0,0.0,0.0,0.0,0.0,0.0,0,0.0,1.0
ProbMinHashDBSCAN,4154683,2,0.0,0.0,0.0,0.0,0.0,0.0,0,0.0,1.0
ProbMinHashDBSCAN,3730430,2,0.0,0.0,0.0,0.0,0.0,0.0,0,0.0,1.0
ProbMinHashDBSCAN,4237791,3,0.0,0.0,0.0,0.0,0.0,0.0,0,0.0,1.0
ProbMinHashDBSCAN,2573332,3,0.0,0.0,0.0,0.0,0.0,0.0,0,0.0,1.0
ProbMinHashDBSCAN,106544,2,0.0,0.0,0.0,0.0,0.0,0.0,0,0.0,1.0
ProbMinHashDBSCAN,1334134,2,0.0,0.0,0.0,0.0,0.0,0.0,0,0.0,1.0
ProbMinHashDBSCAN,4497363,2,0.0,0.0,0.0,0.0,0.0,0.0,0,0.0,0.5
ProbMinHashDBSCAN,6002614,2,0.0,0.0,0.0,0.0,0.0,0.0,0,0.0,1.0
ProbMinHashDBSCAN,4211860,2,0.0,0.0,0.0,0.0,0.0,0.0,0,0.0,1.0
ProbMinHashDBSCAN,3580359,2,0.0,0.0,0.0,0.0,0.0,0.0,0,0.0,1.0
ProbMinHashDBSCAN,4382311,5,0.0,0.0,0.0,0.0,0.0,0.0,0,0.0,1.0
ProbMinHashDBSCAN,4431314,2,0.0,0.0,0.0,0.0,0.0,0.0,0,0.0,1.0
ProbMinHashDBSCAN,4241244,2,0.0,0.0,0.0,0.0,0.0,0.0,0,0.0,1.0
ProbMinHashDBSCAN,4196959,2,0.0,0.0,0.0,0.0,0.0,0.0,0,0.0,1.0
ProbMinHashDBSCAN,1949648,2,0.0,0.0,0.0,0.0,0.0,0.0,0,0.0,1.0
ProbMinHashDBSCAN,5078384,2,0.0,0.0,0.0,0.0,0.0,0.0,0,0.0,1.0
ProbMinHashDBSCAN,5097701,2,0.0,0.0,0.0,0.0,0.0,0.0,0,0.0,1.0
ProbMinHashDBSCAN,1451762,3,0.0,0.0,0.0,0.0,0.0,0.0,0,0.0,1.0
ProbMinHashDBSCAN,6002684,2,0.0,0.0,0.0,0.0,0.0,0.0,0,0.0,1.0
ProbMinHashDBSCAN,5825909,3,0.0,0.0,0.0,0.0,0.0,0.0,0,0.0,1.0
ProbMinHashDBSCAN,4496667,2,0.0,0.0,0.0,0.0,0.0,0.0,0,0.0,1.0
ProbMinHashDBSCAN,5255518,2,0.0,0.0,0.0,0.0,0.0,0.0,0,0.0,1.0
ProbMinHashDBSCAN,2440457,2,0.0,0.0,0.0,0.0,0.0,0.0,0,0.0,1.0
ProbMinHashDBSCAN,1671070,2,0.0,0.0,0.0,0.0,0.0,0.0,0,0.0,1.0
ProbMinHashDBSCAN,4131094,2,0.0,0.0,0.0,0.0,0.0,0.0,0,0.0,1.0
ProbMinHashDBSCAN,3152728,2,0.0,0.0,0.0,0.0,0.0,0.0,0,0.0,1.0
ProbMinHashDBSCAN,289549,2,0.0,0.0,0.0,0.0,0.0,0.0,0,0.0,1.0
ProbMinHashDBSCAN,1506519,2,0.0,0.0,0.0,0.0,0.0,0.0,0,0.0,1.0
ProbMinHashDBSCAN,3516831,3,0.0,0.0,0.0,0.0,0.0,0.0,0,0.0,1.0
ProbMinHashDBSCAN,1509884,2,0.0,0.0,0.0,0.0,0.0,0.0,0,0.0,1.0
ProbMinHashDBSCAN,3449914,2,0.0,0.0,0.0,0.0,0.0,0.0,0,0.0,1.0
ProbMinHashDBSCAN,5452715,3,0.0,0.0,0.0,0.0,0.0,0.0,0,0.0,1.0
ProbMinHashDBSCAN,1220618,2,0.0,0.0,0.0,0.0,0.0,0.0,0,0.0,1.0
ProbMinHashDBSCAN,1711487,2,0.0,0.0,0.0,0.0,0.0,0.0,0,0.0,0.5
ProbMinHashDBSCAN,5475534,2,0.0,0.0,0.0,0.0,0.0,0.0,0,0.0,1.0
ProbMinHashDBSCAN,5446866,2,0.0,0.0,0.0,0.0,0.0,0.0,0,0.0,1.0
ProbMinHashDBSCAN,4222138,2,0.0,0.0,0.0,0.0,0.0,0.0,0,0.0,1.0
ProbMinHashDBSCAN,427641,2,0.0,0.0,0.0,0.0,0.0,0.0,0,0.0,1.0
ProbMinHashDBSCAN,2497872,2,0.0,0.0,0.0,0.0,0.0,0.0,0,0.0,1.0
ProbMinHashDBSCAN,6268528,3,0.0,0.0,0.0,0.0,0.0,0.0,0,0.0,1.0
ProbMinHashDBSCAN,5523895,3,0.0,0.0,0.0,0.0,0.0,0.0,0,0.0,1.0
ProbMinHashDBSCAN,5012075,3,0.0,0.0,0.0,0.0,0.0,0.0,0,0.0,1.0
ProbMinHashDBSCAN,629903,2,0.0,0.0,0.0,0.0,0.0,0.0,0,0.0,1.0
ProbMinHashDBSCAN,618954,2,0.0,0.0,0.0,0.0,0.0,0.0,0,0.0,1.0
ProbMinHashDBSCAN,1747307,2,0.0,0.0,0.0,0.0,0.0,0.0,0,0.0,1.0
ProbMinHashDBSCAN,2663232,2,0.0,0.0,0.0,0.0,0.0,0.0,0,0.0,1.0
ProbMinHashDBSCAN,5109015,2,0.0,0.0,0.0,0.0,0.0,0.0,0,0.0,1.0
ProbMinHashDBSCAN,398287,2,0.0,0.0,0.0,0.0,0.0,0.0,0,0.0,1.0
ProbMinHashDBSCAN,374300,2,0.0,0.0,0.0,0.0,0.0,0.0,0,0.0,1.0
ProbMinHashDBSCAN,4965925,3,0.0,0.0,0.0,0.0,0.0,0.0,0,0.0,1.0
ProbMinHashDBSCAN,3337510,2,0.0,0.0,0.0,0.0,0.0,0.0,0,0.0,1.0
ProbMinHashDBSCAN,4071243,2,0.0,0.0,0.0,0.0,0.0,0.0,0,0.0,1.0
ProbMinHashDBSCAN,2944561,2,0.0,0.0,0.0,0.0,0.0,0.0,0,0.0,1.0
ProbMinHashDBSCAN,6334469,2,0.0,0.0,0.0,0.0,0.0,0.0,0,0.0,1.0
ProbMinHashDBSCAN,4710152,3,0.0,0.0,0.0,0.0,0.0,0.0,0,0.0,1.0
ProbMinHashDBSCAN,4019189,2,0.0,0.0,0.0,0.0,0.0,0.0,0,0.0,1.0
ProbMinHashDBSCAN,1008960,3,0.0,0.0,0.0,0.0,0.0,0.0,0,0.0,1.0
ProbMinHashDBSCAN,385828,2,0.0,0.0,0.0,0.0,0.0,0.0,0,0.0,1.0
ProbMinHashDBSCAN,2398763,3,0.0,0.0,0.0,0.0,0.0,0.0,0,0.0,1.0
ProbMinHashDBSCAN,5749657,2,0.0,0.0,0.0,0.0,0.0,0.0,0,0.0,1.0
ProbMinHashDBSCAN,2564110,4,0.0,0.0,0.0,0.0,0.0,0.0,0,0.0,1.0
ProbMinHashDBSCAN,248965,2,0.0,0.0,0.0,0.0,0.0,0.0,0,0.0,1.0
ProbMinHashDBSCAN,2553883,2,0.0,0.0,0.0,0.0,0.0,0.0,0,0.0,1.0
ProbMinHashDBSCAN,1109802,3,0.0,0.0,0.0,0.0,0.0,0.0,0,0.0,1.0
ProbMinHashDBSCAN,4244456,2,0.0,0.0,0.0,0.0,0.0,0.0,0,0.0,1.0
ProbMinHashDBSCAN,6228621,2,0.0,0.0,0.0,0.0,0.0,0.0,0,0.0,1.0
ProbMinHashDBSCAN,5017515,2,0.0,0.0,0.0,0.0,0.0,0.0,0,0.0,1.0
ProbMinHashDBSCAN,118186,2,0.0,0.0,0.0,0.0,0.0,0.0,0,0.0,1.0
ProbMinHashDBSCAN,1486403,2,0.0,0.0,0.0,0.0,0.0,0.0,0,0.0,1.0
ProbMinHashDBSCAN,3886844,2,0.0,0.0,0.0,0.0,0.0,0.0,0,0.0,1.0
ProbMinHashDBSCAN,1332237,2,0.0,0.0,0.0,0.0,0.0,0.0,0,0.0,1.0
ProbMinHashDBSCAN,5089218,2,0.0,0.0,0.0,0.0,0.0,0.0,0,0.0,1.0
ProbMinHashDBSCAN,252193,0,0.0,0.0,0.0,0.0,0.0,0.0,0,0.0,0.0
ProbMinHashDBSCAN,4677589,2,0.0,0.0,0.0,0.0,0.0,0.0,0,0.0,1.0
ProbMinHashDBSCAN,4192405,2,0.0,0.0,0.0,0.0,0.0,0.0,0,0.0,1.0
ProbMinHashDBSCAN,5799660,2,0.0,0.0,0.0,0.0,0.0,0.0,0,0.0,1.0
ProbMinHashDBSCAN,4499704,2,0.0,0.0,0.0,0.0,0.0,0.0,0,0.0,1.0
ProbMinHashDBSCAN,5739806,2,0.0,0.0,0.0,0.0,0.0,0.0,0,0.0,1.0
ProbMinHashDBSCAN,4590235,2,0.0,0.0,0.0,0.0,0.0,0.0,0,0.0,0.0
ProbMinHashDBSCAN,2882474,2,0.0,0.0,0.0,0.0,0.0,0.0,0,0.0,1.0
ProbMinHashDBSCAN,1456935,2,0.0,0.0,0.0,0.0,0.0,0.0,0,0.0,1.0
ProbMinHashDBSCAN,5273871,2,0.0,0.0,0.0,0.0,0.0,0.0,0,0.0,1.0
ProbMinHashDBSCAN,2775930,2,0.0,0.0,0.0,0.0,0.0,0.0,0,0.0,1.0
ProbMinHashDBSCAN,4287619,2,0.0,0.0,0.0,0.0,0.0,0.0,0,0.0,1.0
ProbMinHashDBSCAN,307373,2,0.0,0.0,0.0,0.0,0.0,0.0,0,0.0,1.0
ProbMinHashDBSCAN,4921122,2,0.0,0.0,0.0,0.0,0.0,0.0,0,0.0,1.0
ProbMinHashDBSCAN,1140444,2,0.0,0.0,0.0,0.0,0.0,0.0,0,0.0,1.0
ProbMinHashDBSCAN,2380941,2,0.0,0.0,0.0,0.0,0.0,0.0,0,0.0,1.0
ProbMinHashDBSCAN,2964885,2,0.0,0.0,0.0,0.0,0.0,0.0,0,0.0,1.0
ProbMinHashDBSCAN,1409524,2,0.0,0.0,0.0,0.0,0.0,0.0,0,0.0,1.0
ProbMinHashDBSCAN,3952935,2,0.0,0.0,0.0,0.0,0.0,0.0,0,0.0,1.0
ProbMinHashDBSCAN,4065797,2,0.0,0.0,0.0,0.0,0.0,0.0,0,0.0,1.0
ProbMinHashDBSCAN,1987019,2,0.0,0.0,0.0,0.0,0.0,0.0,0,0.0,1.0
ProbMinHashDBSCAN,3944044,3,0.0,0.0,0.0,0.0,0.0,0.0,0,0.0,1.0
ProbMinHashDBSCAN,5245492,3,0.0,0.0,0.0,0.0,0.0,0.0,0,0.0,1.0
ProbMinHashDBSCAN,1906998,2,0.0,0.0,0.0,0.0,0.0,0.0,0,0.0,0.0
ProbMinHashDBSCAN,2070689,2,0.0,0.0,0.0,0.0,0.0,0.0,0,0.0,1.0
ProbMinHashDBSCAN,4479260,2,0.0,0.0,0.0,0.0,0.0,0.0,0,0.0,1.0
ProbMinHashDBSCAN,5287891,2,0.0,0.0,0.0,0.0,0.0,0.0,0,0.0,1.0
ProbMinHashDBSCAN,5282651,2,0.0,0.0,0.0,0.0,0.0,0.0,0,0.0,1.0
ProbMinHashDBSCAN,2659553,3,0.0,0.0,0.0,0.0,0.0,0.0,0,0.0,1.0
ProbMinHashDBSCAN,2947113,2,0.0,0.0,0.0,0.0,0.0,0.0,0,0.0,1.0
ProbMinHashDBSCAN,4164689,3,0.0,0.0,0.0,0.0,0.0,0.0,0,0.0,1.0
ProbMinHashDBSCAN,5746950,2,0.0,0.0,0.0,0.0,0.0,0.0,0,0.0,1.0
ProbMinHashDBSCAN,459476,2,0.0,0.0,0.0,0.0,0.0,0.0,0,0.0,1.0
ProbMinHashDBSCAN,5976027,2,0.0,0.0,0.0,0.0,0.0,0.0,0,0.0,1.0
ProbMinHashDBSCAN,1341370,2,0.0,0.0,0.0,0.0,0.0,0.0,0,0.0,1.0
ProbMinHashDBSCAN,5233318,2,0.0,0.0,0.0,0.0,0.0,0.0,0,0.0,0.5
ProbMinHashDBSCAN,247695,4,0.0,0.0,0.0,0.0,0.0,0.0,0,0.0,1.0
ProbMinHashDBSCAN,5978756,3,0.0,0.0,0.0,0.0,0.0,0.0,0,0.0,1.0
ProbMinHashDBSCAN,6018740,2,0.0,0.0,0.0,0.0,0.0,0.0,0,0.0,1.0
ProbMinHashDBSCAN,4379005,2,0.0,0.0,0.0,0.0,0.0,0.0,0,0.0,0.5
ProbMinHashDBSCAN,1358442,2,0.0,0.0,0.0,0.0,0.0,0.0,0,0.0,1.0
ProbMinHashDBSCAN,2396449,2,0.0,0.0,0.0,0.0,0.0,0.0,0,0.0,1.0
ProbMinHashDBSCAN,1162415,2,0.0,0.0,0.0,0.0,0.0,0.0,0,0.0,1.0
ProbMinHashDBSCAN,1744672,3,0.0,0.0,0.0,0.0,0.0,0.0,0,0.0,1.0
ProbMinHashDBSCAN,1140078,2,0.0,0.0,0.0,0.0,0.0,0.0,0,0.0,1.0
ProbMinHashDBSCAN,3106757,3,0.0,0.0,0.0,0.0,0.0,0.0,0,0.0,1.0
ProbMinHashDBSCAN,1003655,2,0.0,0.0,0.0,0.0,0.0,0.0,0,0.0,1.0
ProbMinHashDBSCAN,1704209,2,0.0,0.0,0.0,0.0,0.0,0.0,0,0.0,1.0
ProbMinHashDBSCAN,5704761,2,0.0,0.0,0.0,0.0,0.0,0.0,0,0.0,1.0
ProbMinHashDBSCAN,5531947,2,0.0,0.0,0.0,0.0,0.0,0.0,0,0.0,1.0
ProbMinHashDBSCAN,3045502,3,0.0,0.0,0.0,0.0,0.0,0.0,0,0.0,1.0
ProbMinHashDBSCAN,623100,2,0.0,0.0,0.0,0.0,0.0,0.0,0,0.0,1.0
ProbMinHashDBSCAN,2642439,2,0.0,0.0,0.0,0.0,0.0,0.0,0,0.0,1.0
ProbMinHashDBSCAN,5276254,2,0.0,0.0,0.0,0.0,0.0,0.0,0,0.0,1.0
ProbMinHashDBSCAN,1704362,3,0.0,0.0,0.0,0.0,0.0,0.0,0,0.0,1.0
ProbMinHashDBSCAN,3028180,2,0.0,0.0,0.0,0.0,0.0,0.0,0,0.0,1.0
ProbMinHashDBSCAN,1444620,2,0.0,0.0,0.0,0.0,0.0,0.0,0,0.0,1.0
ProbMinHashDBSCAN,3150630,2,0.0,0.0,0.0,0.0,0.0,0.0,0,0.0,1.0
ProbMinHashDBSCAN,2272178,2,0.0,0.0,0.0,0.0,0.0,0.0,0,0.0,1.0
ProbMinHashDBSCAN,5427227,4,0.0,0.0,0.0,0.0,0.0,0.0,0,0.0,1.0
ProbMinHashDBSCAN,4313573,4,0.0,0.0,0.0,0.0,0.0,0.0,0,0.0,1.0
ProbMinHashDBSCAN,5798963,2,0.0,0.0,0.0,0.0,0.0,0.0,0,0.0,1.0
ProbMinHashDBSCAN,5919132,2,0.0,0.0,0.0,0.0,0.0,0.0,0,0.0,1.0
ProbMinHashDBSCAN,325775,2,0.0,0.0,0.0,0.0,0.0,0.0,0,0.0,1.0
ProbMinHashDBSCAN,2284504,3,0.0,0.0,0.0,0.0,0.0,0.0,0,0.0,1.0
ProbMinHashDBSCAN,323727,2,0.0,0.0,0.0,0.0,0.0,0.0,0,0.0,1.0
ProbMinHashDBSCAN,2367373,3,0.0,0.0,0.0,0.0,0.0,0.0,0,0.0,1.0
ProbMinHashDBSCAN,2818639,2,0.0,0.0,0.0,0.0,0.0,0.0,0,0.0,1.0
ProbMinHashDBSCAN,4730229,2,0.0,0.0,0.0,0.0,0.0,0.0,0,0.0,1.0
ProbMinHashDBSCAN,3908695,2,0.0,0.0,0.0,0.0,0.0,0.0,0,0.0,1.0
ProbMinHashDBSCAN,5142481,3,0.0,0.0,0.0,0.0,0.0,0.0,0,0.0,1.0
ProbMinHashDBSCAN,5726137,2,0.0,0.0,0.0,0.0,0.0,0.0,0,0.0,1.0
ProbMinHashDBSCAN,5029187,2,0.0,0.0,0.0,0.0,0.0,0.0,0,0.0,1.0
ProbMinHashDBSCAN,2147283,2,0.0,0.0,0.0,0.0,0.0,0.0,0,0.0,1.0
ProbMinHashDBSCAN,2047468,2,0.0,0.0,0.0,0.0,0.0,0.0,0,0.0,1.0
ProbMinHashDBSCAN,4513386,2,0.0,0.0,0.0,0.0,0.0,0.0,0,0.0,1.0
ProbMinHashDBSCAN,2295012,2,0.0,0.0,0.0,0.0,0.0,0.0,0,0.0,1.0
ProbMinHashDBSCAN,1193461,3,0.0,0.0,0.0,0.0,0.0,0.0,0,0.0,1.0
ProbMinHashDBSCAN,4289882,2,0.0,0.0,0.0,0.0,0.0,0.0,0,0.0,1.0
ProbMinHashDBSCAN,450211,2,0.0,0.0,0.0,0.0,0.0,0.0,0,0.0,1.0
ProbMinHashDBSCAN,6106194,2,0.0,0.0,0.0,0.0,0.0,0.0,0,0.0,1.0
ProbMinHashDBSCAN,5150046,2,0.0,0.0,0.0,0.0,0.0,0.0,0,0.0,1.0
ProbMinHashDBSCAN,4659608,2,0.0,0.0,0.0,0.0,0.0,0.0,0,0.0,0.5
ProbMinHashDBSCAN,1326539,3,0.0,0.0,0.0,0.0,0.0,0.0,0,0.0,1.0
ProbMinHashDBSCAN,4370797,2,0.0,0.0,0.0,0.0,0.0,0.0,0,0.0,1.0
ProbMinHashDBSCAN,3954786,3,0.0,0.0,0.0,0.0,0.0,0.0,0,0.0,1.0
ProbMinHashDBSCAN,1313562,2,0.0,0.0,0.0,0.0,0.0,0.0,0,0.0,1.0
ProbMinHashDBSCAN,5360190,2,0.0,0.0,0.0,0.0,0.0,0.0,0,0.0,1.0
ProbMinHashDBSCAN,2154201,3,0.0,0.0,0.0,0.0,0.0,0.0,0,0.0,1.0
ProbMinHashDBSCAN,5802495,2,0.0,0.0,0.0,0.0,0.0,0.0,0,0.0,1.0
ProbMinHashDBSCAN,442927,2,0.0,0.0,0.0,0.0,0.0,0.0,0,0.0,1.0
ProbMinHashDBSCAN,4708186,2,0.0,0.0,0.0,0.0,0.0,0.0,0,0.0,1.0
ProbMinHashDBSCAN,4185516,2,0.0,0.0,0.0,0.0,0.0,0.0,0,0.0,1.0
ProbMinHashDBSCAN,6065753,2,0.0,0.0,0.0,0.0,0.0,0.0,0,0.0,1.0
ProbMinHashDBSCAN,5599908,3,0.0,0.0,0.0,0.0,0.0,0.0,0,0.0,1.0
ProbMinHashDBSCAN,4944787,3,0.0,0.0,0.0,0.0,0.0,0.0,0,0.0,1.0
ProbMinHashDBSCAN,6252676,2,0.0,0.0,0.0,0.0,0.0,0.0,0,0.0,1.0
ProbMinHashDBSCAN,30491,2,0.0,0.0,0.0,0.0,0.0,0.0,0,0.0,1.0
ProbMinHashDBSCAN,5223234,2,0.0,0.0,0.0,0.0,0.0,0.0,0,0.0,1.0
ProbMinHashDBSCAN,617680,2,0.0,0.0,0.0,0.0,0.0,0.0,0,0.0,1.0
ProbMinHashDBSCAN,5219299,2,0.0,0.0,0.0,0.0,0.0,0.0,0,0.0,1.0
ProbMinHashDBSCAN,2898439,2,0.0,0.0,0.0,0.0,0.0,0.0,0,0.0,1.0
ProbMinHashDBSCAN,3243817,3,0.0,0.0,0.0,0.0,0.0,0.0,0,0.0,1.0
ProbMinHashDBSCAN,3021056,2,0.0,0.0,0.0,0.0,0.0,0.0,0,0.0,1.0
ProbMinHashDBSCAN,200026,2,0.0,0.0,0.0,0.0,0.0,0.0,0,0.0,1.0
ProbMinHashDBSCAN,4511591,2,0.0,0.0,0.0,0.0,0.0,0.0,0,0.0,1.0
ProbMinHashDBSCAN,5843246,2,0.0,0.0,0.0,0.0,0.0,0.0,0,0.0,1.0
ProbMinHashDBSCAN,1482995,2,0.0,0.0,0.0,0.0,0.0,0.0,0,0.0,1.0
ProbMinHashDBSCAN,1118987,2,0.0,0.0,0.0,0.0,0.0,0.0,0,0.0,1.0
ProbMinHashDBSCAN,6344891,2,0.0,0.0,0.0,0.0,0.0,0.0,0,0.0,1.0
ProbMinHashDBSCAN,3201824,2,0.0,0.0,0.0,0.0,0.0,0.0,0,0.0,1.0
ProbMinHashDBSCAN,3911637,2,0.0,0.0,0.0,0.0,0.0,0.0,0,0.0,1.0
ProbMinHashDBSCAN,5325451,2,0.0,0.0,0.0,0.0,0.0,0.0,0,0.0,1.0
ProbMinHashDBSCAN,4221125,2,0.0,0.0,0.0,0.0,0.0,0.0,0,0.0,1.0
ProbMinHashDBSCAN,2200424,2,0.0,0.0,0.0,0.0,0.0,0.0,0,0.0,1.0
ProbMinHashDBSCAN,1379072,2,0.0,0.0,0.0,0.0,0.0,0.0,0,0.0,1.0
ProbMinHashDBSCAN,4852704,3,0.0,0.0,0.0,0.0,0.0,0.0,0,0.0,1.0
ProbMinHashDBSCAN,488165,3,0.0,0.0,0.0,0.0,0.0,0.0,0,0.0,1.0
ProbMinHashDBSCAN,3577571,3,0.0,0.0,0.0,0.0,0.0,0.0,0,0.0,1.0
ProbMinHashDBSCAN,5044872,2,0.0,0.0,0.0,0.0,0.0,0.0,0,0.0,1.0
ProbMinHashDBSCAN,5921798,2,0.0,0.0,0.0,0.0,0.0,0.0,0,0.0,1.0
ProbMinHashDBSCAN,1807641,2,0.0,0.0,0.0,0.0,0.0,0.0,0,0.0,1.0
ProbMinHashDBSCAN,4186465,2,0.0,0.0,0.0,0.0,0.0,0.0,0,0.0,1.0
ProbMinHashDBSCAN,3969739,2,0.0,0.0,0.0,0.0,0.0,0.0,0,0.0,1.0
ProbMinHashDBSCAN,1784190,2,0.0,0.0,0.0,0.0,0.0,0.0,0,0.0,1.0
ProbMinHashDBSCAN,3451282,2,0.0,0.0,0.0,0.0,0.0,0.0,0,0.0,1.0
ProbMinHashDBSCAN,4602526,2,0.0,0.0,0.0,0.0,0.0,0.0,0,0.0,1.0
ProbMinHashDBSCAN,6094792,2,0.0,0.0,0.0,0.0,0.0,0.0,0,0.0,1.0
ProbMinHashDBSCAN,2099269,2,0.0,0.0,0.0,0.0,0.0,0.0,0,0.0,1.0
ProbMinHashDBSCAN,5995908,2,0.0,0.0,0.0,0.0,0.0,0.0,0,0.0,1.0
ProbMinHashDBSCAN,5688213,2,0.0,0.0,0.0,0.0,0.0,0.0,0,0.0,1.0
ProbMinHashDBSCAN,3758627,2,0.0,0.0,0.0,0.0,0.0,0.0,0,0.0,1.0
ProbMinHashDBSCAN,2999367,2,0.0,0.0,0.0,0.0,0.0,0.0,0,0.0,1.0
ProbMinHashDBSCAN,5835162,2,0.0,0.0,0.0,0.0,0.0,0.0,0,0.0,1.0
ProbMinHashDBSCAN,1169611,2,0.0,0.0,0.0,0.0,0.0,0.0,0,0.0,1.0
ProbMinHashDBSCAN,2242006,2,0.0,0.0,0.0,0.0,0.0,0.0,0,0.0,1.0
ProbMinHashDBSCAN,2100845,2,0.0,0.0,0.0,0.0,0.0,0.0,0,0.0,1.0
ProbMinHashDBSCAN,1179775,2,0.0,0.0,0.0,0.0,0.0,0.0,0,0.0,1.0
ProbMinHashDBSCAN,2337021,2,0.0,0.0,0.0,0.0,0.0,0.0,0,0.0,1.0
ProbMinHashDBSCAN,5164352,2,0.0,0.0,0.0,0.0,0.0,0.0,0,0.0,1.0
ProbMinHashDBSCAN,4356762,2,0.0,0.0,0.0,0.0,0.0,0.0,0,0.0,1.0
ProbMinHashDBSCAN,2067626,2,0.0,0.0,0.0,0.0,0.0,0.0,0,0.0,1.0
ProbMinHashDBSCAN,1495570,2,0.0,0.0,0.0,0.0,0.0,0.0,0,0.0,1.0
ProbMinHashDBSCAN,3561152,2,0.0,0.0,0.0,0.0,0.0,0.0,0,0.0,1.0
ProbMinHashDBSCAN,2021764,2,0.0,0.0,0.0,0.0,0.0,0.0,0,0.0,1.0
ProbMinHashDBSCAN,4339074,2,0.0,0.0,0.0,0.0,0.0,0.0,0,0.0,0.0
ProbMinHashDBSCAN,5148632,2,0.0,0.0,0.0,0.0,0.0,0.0,0,0.0,1.0
ProbMinHashDBSCAN,3012761,2,0.0,0.0,0.0,0.0,0.0,0.0,0,0.0,1.0
ProbMinHashDBSCAN,5347592,2,0.0,0.0,0.0,0.0,0.0,0.0,0,0.0,1.0
ProbMinHashDBSCAN,1539123,2,0.0,0.0,0.0,0.0,0.0,0.0,0,0.0,1.0
ProbMinHashDBSCAN,595893,2,0.0,0.0,0.0,0.0,0.0,0.0,0,0.0,1.0
ProbMinHashDBSCAN,4733461,2,0.0,0.0,0.0,0.0,0.0,0.0,0,0.0,1.0
ProbMinHashDBSCAN,2364708,2,0.0,0.0,0.0,0.0,0.0,0.0,0,0.0,1.0
ProbMinHashLSH,5299788,5,0.0,0.0,0.0,0.0,0.0,0.0,0,0.0,1.0
ProbMinHashLSH,6287934,3,0.0,0.0,0.0,0.0,0.0,0.0,0,0.0,1.0
ProbMinHashLSH,1011209,163,0.0,0.0,0.0,0.0,0.0,0.0,0,0.0,0.9631901840490797
ProbMinHashLSH,5507504,67,0.0,0.0,0.0,0.0,0.0,0.0,0,0.0,0.9104477611940298
ProbMinHashLSH,346568,6,0.0,0.0,0.0,0.0,0.0,0.0,0,0.0,1.0
ProbMinHashLSH,1203808,1,0.0,0.0,0.0,0.0,0.0,0.0,0,0.0,1.0
ProbMinHashLSH,1010335,3,0.0,0.0,0.0,0.0,0.0,0.0,0,0.0,1.0
ProbMinHashLSH,3409325,0,0.0,0.0,0.0,0.0,0.0,0.0,0,0.0,0.0
ProbMinHashLSH,4895081,8,0.0,0.0,0.0,0.0,0.0,0.0,0,0.0,1.0
ProbMinHashLSH,1397599,0,0.0,0.0,0.0,0.0,0.0,0.0,0,0.0,0.0
ProbMinHashLSH,1644652,6,0.0,0.0,0.0,0.0,0.0,0.0,0,0.0,1.0
ProbMinHashLSH,2227097,2,0.0,0.0,0.0,0.0,0.0,0.0,0,0.0,1.0
ProbMinHashLSH,3601209,26,0.0,0.0,0.0,0.0,0.0,0.0,0,0.0,1.0
ProbMinHashLSH,3711744,2,0.0,0.0,0.0,0.0,0.0,0.0,0,0.0,1.0
ProbMinHashLSH,1776679,14,0.0,0.0,0.0,0.0,0.0,0.0,0,0.0,1.0
ProbMinHashLSH,5851433,2,0.0,0.0,0.0,0.0,0.0,0.0,0,0.0,1.0
ProbMinHashLSH,4370660,5,0.0,0.0,0.0,0.0,0.0,0.0,0,0.0,1.0
ProbMinHashLSH,1040527,22,0.0,0.0,0.0,0.0,0.0,0.0,0,0.0,1.0
ProbMinHashLSH,3895110,0,0.0,0.0,0.0,0.0,0.0,0.0,0,0.0,0.0
ProbMinHashLSH,4382555,3,0.0,0.0,0.0,0.0,0.0,0.0,0,0.0,1.0
ProbMinHashLSH,5767055,62,0.0,0.0,0.0,0.0,0.0,0.0,0,0.0,0.967741935483871
ProbMinHashLSH,2966359,7,0.0,0.0,0.0,0.0,0.0,0.0,0,0.0,1.0
ProbMinHashLSH,2105501,0,0.0,0.0,0.0,0.0,0.0,0.0,0,0.0,0.0
ProbMinHashLSH,1706796,0,0.0,0.0,0.0,0.0,0.0,0.0,0,0.0,0.0
ProbMinHashLSH,2151547,7,0.0,0.0,0.0,0.0,0.0,0.0,0,0.0,1.0
ProbMinHashLSH,4499037,30,0.0,0.0,0.0,0.0,0.0,0.0,0,0.0,0.9333333333333333
ProbMinHashLSH,5590619,10,0.0,0.0,0.0,0.0,0.0,0.0,0,0.0,1.0
ProbMinHashLSH,1305866,0,0.0,0.0,0.0,0.0,0.0,0.0,0,0.0,0.0
ProbMinHashLSH,1070632,5,0.0,0.0,0.0,0.0,0.0,0.0,0,0.0,1.0
ProbMinHashLSH,1579621,3,0.0,0.0,0.0,0.0,0.0,0.0,0,0.0,1.0
ProbMinHashLSH,3353693,6,0.0,0.0,0.0,0.0,0.0,0.0,0,0.0,1.0
ProbMinHashLSH,3183267,30,0.0,0.0,0.0,0.0,0.0,0.0,0,0.0,0.9333333333333333
ProbMinHashLSH,267585,8,0.0,0.0,0.0,0.0,0.0,0.0,0,0.0,1.0
ProbMinHashLSH,2208303,5,0.0,0.0,0.0,0.0,0.0,0.0,0,0.0,1.0
ProbMinHashLSH,3843978,17,0.0,0.0,0.0,0.0,0.0,0.0,0,0.0,1.0
ProbMinHashLSH,5635806,6,0.0,0.0,0.0,0.0,0.0,0.0,0,0.0,1.0
ProbMinHashLSH,1265872,32,0.0,0.0,0.0,0.0,0.0,0.0,0,0.0,1.0
ProbMinHashLSH,3677350,6,0.0,0.0,0.0,0.0,0.0,0.0,0,0.0,1.0
ProbMinHashLSH,3513416,17,0.0,0.0,0.0,0.0,0.0,0.0,0,0.0,1.0
ProbMinHashLSH,4432085,1,0.0,0.0,0.0,0.0,0.0,0.0,0,0.0,1.0
ProbMinHashLSH,3084813,3,0.0,0.0,0.0,0.0,0.0,0.0,0,0.0,1.0
ProbMinHashLSH,5679395,1,0.0,0.0,0.0,0.0,0.0,0.0,0,0.0,1.0
ProbMinHashLSH,4018265,8,0.0,0.0,0.0,0.0,0.0,0.0,0,0.0,1.0
ProbMinHashLSH,3527049,23,0.0,0.0,0.0,0.0,0.0,0.0,0,0.0,0.782608695652174
ProbMinHashLSH,1077998,7,0.0,0.0,0.0,0.0,0.0,0.0,0,0.0,1.0
ProbMinHashLSH,6219647,14,0.0,0.0,0.0,0.0,0.0,0.0,0,0.0,1.0
ProbMinHashLSH,4003778,14,0.0,0.0,0.0,0.0,0.0,0.0,0,0.0,1.0
ProbMinHashLSH,1850213,2,0.0,0.0,0.0,0.0,0.0,0.0,0,0.0,1.0
ProbMinHashLSH,3450981,3,0.0,0.0,0.0,0.0,0.0,0.0,0,0.0,1.0
ProbMinHashLSH,3421016,8,0.0,0.0,0.0,0.0,0.0,0.0,0,0.0,1.0
ProbMinHashLSH,316293,1,0.0,0.0,0.0,0.0,0.0,0.0,0,0.0,1.0
ProbMinHashLSH,2819930,0,0.0,0.0,0.0,0.0,0.0,0.0,0,0.0,0.0
ProbMinHashLSH,5634233,27,0.0,0.0,0.0,0.0,0.0,0.0,0,0.0,1.0
ProbMinHashLSH,5984821,4,0.0,0.0,0.0,0.0,0.0,0.0,0,0.0,1.0
ProbMinHashLSH,2859729,13,0.0,0.0,0.0,0.0,0.0,0.0,0,0.0,1.0
ProbMinHashLSH,1555823,10,0.0,0.0,0.0,0.0,0.0,0.0,0,0.0,1.0
ProbMinHashLSH,1250062,3,0.0,0.0,0.0,0.0,0.0,0.0,0,0.0,1.0
ProbMinHashLSH,1682807,163,0.0,0.0,0.0,0.0,0.0,0.0,0,0.0,0.9631901840490797
ProbMinHashLSH,4604261,4,0.0,0.0,0.0,0.0,0.0,0.0,0,0.0,1.0
ProbMinHashLSH,525313,0,0.0,0.0,0.0,0.0,0.0,0.0,0,0.0,0.0
ProbMinHashLSH,1340509,96,0.0,0.0,0.0,0.0,0.0,0.0,0,0.0,1.0
ProbMinHashLSH,3289123,0,0.0,0.0,0.0,0.0,0.0,0.0,0,0.0,0.0
ProbMinHashLSH,5662233,6,0.0,0.0,0.0,0.0,0.0,0.0,0,0.0,1.0
ProbMinHashLSH,3223160,12,0.0,0.0,0.0,0.0,0.0,0.0,0,0.0,1.0
ProbMinHashLSH,3258688,2,0.0,0.0,0.0,0.0,0.0,0.0,0,0.0,1.0
ProbMinHashLSH,2045751,2,0.0,0.0,0.0,0.0,0.0,0.0,0,0.0,1.0
ProbMinHashLSH,6053021,17,0.0,0.0,0.0,0.0,0.0,0.0,0,0.0,0.9411764705882353
ProbMinHashLSH,1552659,3,0.0,0.0,0.0,0.0,0.0,0.0,0,0.0,1.0
ProbMinHashLSH,3714755,0,0.0,0.0,0.0,0.0,0.0,0.0,0,0.0,0.0
ProbMinHashLSH,4994038,20,0.0,0.0,0.0,0.0,0.0,0.0,0,0.0,1.0
ProbMinHashLSH,5546008,0,0.0,0.0,0.0,0.0,0.0,0.0,0,0.0,0.0
ProbMinHashLSH,5591184,0,0.0,0.0,0.0,0.0,0.0,0.0,0,0.0,0.0
ProbMinHashLSH,5019203,13,0.0,0.0,0.0,0.0,0.0,0.0,0,0.0,1.0
ProbMinHashLSH,4646715,2,0.0,0.0,0.0,0.0,0.0,0.0,0,0.0,1.0
ProbMinHashLSH,1346416,35,0.0,0.0,0.0,0.0,0.0,0.0,0,0.0,1.0
ProbMinHashLSH,4175214,8,0.0,0.0,0.0,0.0,0.0,0.0,0,0.0,1.0
ProbMinHashLSH,4011263,6,0.0,0.0,0.0,0.0,0.0,0.0,0,0.0,1.0
ProbMinHashLSH,5571959,12,0.0,0.0,0.0,0.0,0.0,0.0,0,0.0,1.0
ProbMinHashLSH,2720946,17,0.0,0.0,0.0,0.0,0.0,0.0,0,0.0,1.0
ProbMinHashLSH,3746682,2,0.0,0.0,0.0,0.0,0.0,0.0,0,0.0,1.0
ProbMinHashLSH,297891,2,0.0,0.0,0.0,0.0,0.0,0.0,0,0.0,1.0
ProbMinHashLSH,1455271,4,0.0,0.0,0.0,0.0,0.0,0.0,0,0.0,1.0
ProbMinHashLSH,5894445,1,0.0,0.0,0.0,0.0,0.0,0.0,0,0.0,1.0
ProbMinHashLSH,1241174,66,0.0,0.0,0.0,0.0,0.0,0.0,0,0.0,0.9696969696969697
ProbMinHashLSH,3924770,6,0.0,0.0,0.0,0.0,0.0,0.0,0,0.0,1.0
ProbMinHashLSH,434590,565,0.0,0.0,0.0,0.0,0.0,0.0,0,0.0,0.8530973451327434
ProbMinHashLSH,4695937,9,0.0,0.0,0.0,0.0,0.0,0.0,0,0.0,1.0
ProbMinHashLSH,5832927,12,0.0,0.0,0.0,0.0,0.0,0.0,0,0.0,1.0
ProbMinHashLSH,4321671,4,0.0,0.0,0.0,0.0,0.0,0.0,0,0.0,1.0
ProbMinHashLSH,5508475,1,0.0,0.0,0.0,0.0,0.0,0.0,0,0.0,1.0
ProbMinHashLSH,5324522,25,0.0,0.0,0.0,0.0,0.0,0.0,0,0.0,0.96
ProbMinHashLSH,6013566,13,0.0,0.0,0.0,0.0,0.0,0.0,0,0.0,1.0
ProbMinHashLSH,4363037,51,0.0,0.0,0.0,0.0,0.0,0.0,0,0.0,1.0
ProbMinHashLSH,5516488,26,0.0,0.0,0.0,0.0,0.0,0.0,0,0.0,1.0
ProbMinHashLSH,4972606,2,0.0,0.0,0.0,0.0,0.0,0.0,0,0.0,1.0
ProbMinHashLSH,1925113,4,0.0,0.0,0.0,0.0,0.0,0.0,0,0.0,1.0
ProbMinHashLSH,2435093,61,0.0,0.0,0.0,0.0,0.0,0.0,0,0.0,1.0
ProbMinHashLSH,2962173,19,0.0,0.0,0.0,0.0,0.0,0.0,0,0.0,1.0
ProbMinHashLSH,6386375,19,0.0,0.0,0.0,0.0,0.0,0.0,0,0.0,1.0
ProbMinHashLSH,3878668,27,0.0,0.0,0.0,0.0,0.0,0.0,0,0.0,0.9629629629629629
ProbMinHashLSH,5998189,0,0.0,0.0,0.0,0.0,0.0,0.0,0,0.0,0.0
ProbMinHashLSH,3180305,0,0.0,0.0,0.0,0.0,0.0,0.0,0,0.0,0.0
ProbMinHashLSH,1515659,108,0.0,0.0,0.0,0.0,0.0,0.0,0,0.0,1.0
ProbMinHashLSH,6341489,0,0.0,0.0,0.0,0.0,0.0,0.0,0,0.0,0.0
ProbMinHashLSH,1671167,14,0.0,0.0,0.0,0.0,0.0,0.0,0,0.0,1.0
ProbMinHashLSH,5984743,14,0.0,0.0,0.0,0.0,0.0,0.0,0,0.0,1.0
ProbMinHashLSH,2119365,0,0.0,0.0,0.0,0.0,0.0,0.0,0,0.0,0.0
ProbMinHashLSH,1263837,0,0.0,0.0,0.0,0.0,0.0,0.0,0,0.0,0.0
ProbMinHashLSH,2284722,1,0.0,0.0,0.0,0.0,0.0,0.0,0,0.0,1.0
ProbMinHashLSH,1407940,0,0.0,0.0,0.0,0.0,0.0,0.0,0,0.0,0.0
ProbMinHashLSH,5136947,576,0.0,0.0,0.0,0.0,0.0,0.0,0,0.0,0.8350694444444444
ProbMinHashLSH,2011460,84,0.0,0.0,0.0,0.0,0.0,0.0,0,0.0,0.9404761904761905
ProbMinHashLSH,2263688,10,0.0,0.0,0.0,0.0,0.0,0.0,0,0.0,1.0
ProbMinHashLSH,1320455,9,0.0,0.0,0.0,0.0,0.0,0.0,0,0.0,1.0
ProbMinHashLSH,1773046,1,0.0,0.0,0.0,0.0,0.0,0.0,0,0.0,1.0
ProbMinHashLSH,1202815,0,0.0,0.0,0.0,0.0,0.0,0.0,0,0.0,0.0
ProbMinHashLSH,2765403,0,0.0,0.0,0.0,0.0,0.0,0.0,0,0.0,0.0
ProbMinHashLSH,1020829,50,0.0,0.0,0.0,0.0,0.0,0.0,0,0.0,0.92
ProbMinHashLSH,435424,3,0.0,0.0,0.0,0.0,0.0,0.0,0,0.0,1.0
ProbMinHashLSH,352956,6,0.0,0.0,0.0,0.0,0.0,0.0,0,0.0,1.0
ProbMinHashLSH,425874,41,0.0,0.0,0.0,0.0,0.0,0.0,0,0.0,1.0
ProbMinHashLSH,4955213,0,0.0,0.0,0.0,0.0,0.0,0.0,0,0.0,0.0
ProbMinHashLSH,6163035,13,0.0,0.0,0.0,0.0,0.0,0.0,0,0.0,0.7692307692307693
ProbMinHashLSH,3446482,22,0.0,0.0,0.0,0.0,0.0,0.0,0,0.0,1.0
ProbMinHashLSH,2409062,2,0.0,0.0,0.0,0.0,0.0,0.0,0,0.0,1.0
ProbMinHashLSH,6075455,10,0.0,0.0,0.0,0.0,0.0,0.0,0,0.0,1.0
ProbMinHashLSH,221171,25,0.0,0.0,0.0,0.0,0.0,0.0,0,0.0,0.96
ProbMinHashLSH,1708585,73,0.0,0.0,0.0,0.0,0.0,0.0,0,0.0,0.9863013698630136
ProbMinHashLSH,3431872,0,0.0,0.0,0.0,0.0,0.0,0.0,0,0.0,0.0
ProbMinHashLSH,3899907,2,0.0,0.0,0.0,0.0,0.0,0.0,0,0.0,1.0
ProbMinHashLSH,333210,7,0.0,0.0,0.0,0.0,0.0,0.0,0,0.0,1.0
ProbMinHashLSH,3408817,70,0.0,0.0,0.0,0.0,0.0,0.0,0,0.0,1.0
ProbMinHashLSH,2456608,0,0.0,0.0,0.0,0.0,0.0,0.0,0,0.0,0.0
ProbMinHashLSH,1138728,43,0.0,0.0,0.0,0.0,0.0,0.0,0,0.0,0.8837209302325582
ProbMinHashLSH,102381,51,0.0,0.0,0.0,0.0,0.0,0.0,0,0.0,0.9411764705882353
ProbMinHashLSH,3310199,46,0.0,0.0,0.0,0.0,0.0,0.0,0,0.0,0.8043478260869565
ProbMinHashLSH,384192,4,0.0,0.0,0.0,0.0,0.0,0.0,0,0.0,1.0
ProbMinHashLSH,3790054,8,0.0,0.0,0.0,0.0,0.0,0.0,0,0.0,1.0
ProbMinHashLSH,4134703,0,0.0,0.0,0.0,0.0,0.0,0.0,0,0.0,0.0
ProbMinHashLSH,114977,0,0.0,0.0,0.0,0.0,0.0,0.0,0,0.0,0.0
ProbMinHashLSH,159878,0,0.0,0.0,0.0,0.0,0.0,0.0,0,0.0,0.0
ProbMinHashLSH,4223029,1,0.0,0.0,0.0,0.0,0.0,0.0,0,0.0,1.0
ProbMinHashLSH,5211805,14,0.0,0.0,0.0,0.0,0.0,0.0,0,0.0,1.0
ProbMinHashLSH,292631,7,0.0,0.0,0.0,0.0,0.0,0.0,0,0.0,1.0
ProbMinHashLSH,1016522,3,0.0,0.0,0.0,0.0,0.0,0.0,0,0.0,1.0
ProbMinHashLSH,6351265,3,0.0,0.0,0.0,0.0,0.0,0.0,0,0.0,1.0
ProbMinHashLSH,3990258,15,0.0,0.0,0.0,0.0,0.0,0.0,0,0.0,1.0
ProbMinHashLSH,1154489,1,0.0,0.0,0.0,0.0,0.0,0.0,0,0.0,1.0
ProbMinHashLSH,5517500,1,0.0,0.0,0.0,0.0,0.0,0.0,0,0.0,1.0
ProbMinHashLSH,1952166,46,0.0,0.0,0.0,0.0,0.0,0.0,0,0.0,0.9565217391304348
ProbMinHashLSH,1416349,1,0.0,0.0,0.0,0.0,0.0,0.0,0,0.0,1.0
ProbMinHashLSH,3216677,20,0.0,0.0,0.0,0.0,0.0,0.0,0,0.0,0.95
ProbMinHashLSH,5719491,14,0.0,0.0,0.0,0.0,0.0,0.0,0,0.0,1.0
ProbMinHashLSH,1341494,32,0.0,0.0,0.0,0.0,0.0,0.0,0,0.0,1.0
ProbMinHashLSH,1028197,31,0.0,0.0,0.0,0.0,0.0,0.0,0,0.0,1.0
ProbMinHashLSH,2364664,4,0.0,0.0,0.0,0.0,0.0,0.0,0,0.0,1.0
ProbMinHashLSH,4702150,12,0.0,0.0,0.0,0.0,0.0,0.0,0,0.0,1.0
ProbMinHashLSH,5210824,2,0.0,0.0,0.0,0.0,0.0,0.0,0,0.0,1.0
ProbMinHashLSH,2958343,14,0.0,0.0,0.0,0.0,0.0,0.0,0,0.0,1.0
ProbMinHashLSH,1568471,3,0.0,0.0,0.0,0.0,0.0,0.0,0,0.0,1.0
ProbMinHashLSH,3964562,28,0.0,0.0,0.0,0.0,0.0,0.0,0,0.0,1.0
ProbMinHashLSH,1717352,3,0.0,0.0,0.0,0.0,0.0,0.0,0,0.0,1.0
ProbMinHashLSH,5837609,0,0.0,0.0,0.0,0.0,0.0,0.0,0,0.0,0.0
ProbMinHashLSH,5813041,19,0.0,0.0,0.0,0.0,0.0,0.0,0,0.0,1.0
ProbMinHashLSH,2997872,17,0.0,0.0,0.0,0.0,0.0,0.0,0,0.0,1.0
ProbMinHashLSH,3284246,0,0.0,0.0,0.0,0.0,0.0,0.0,0,0.0,0.0
ProbMinHashLSH,2130387,16,0.0,0.0,0.0,0.0,0.0,0.0,0,0.0,1.0
ProbMinHashLSH,5858213,2,0.0,0.0,0.0,0.0,0.0,0.0,0,0.0,1.0
ProbMinHashLSH,3823779,9,0.0,0.0,0.0,0.0,0.0,0.0,0,0.0,1.0
ProbMinHashLSH,4449340,3,0.0,0.0,0.0,0.0,0.0,0.0,0,0.0,1.0
ProbMinHashLSH,5242937,4,0.0,0.0,0.0,0.0,0.0,0.0,0,0.0,1.0
ProbMinHashLSH,3345443,14,0.0,0.0,0.0,0.0,0.0,0.0,0,0.0,1.0
ProbMinHashLSH,5489694,6,0.0,0.0,0.0,0.0,0.0,0.0,0,0.0,1.0
ProbMinHashLSH,3727614,23,0.0,0.0,0.0,0.0,0.0,0.0,0,0.0,1.0
ProbMinHashLSH,5725329,23,0.0,0.0,0.0,0.0,0.0,0.0,0,0.0,1.0
ProbMinHashLSH,2388017,4,0.0,0.0,0.0,0.0,0.0,0.0,0,0.0,1.0
ProbMinHashLSH,4337388,17,0.0,0.0,0.0,0.0,0.0,0.0,0,0.0,0.9411764705882353
ProbMinHashLSH,4542555,0,0.0,0.0,0.0,0.0,0.0,0.0,0,0.0,0.0
ProbMinHashLSH,1742928,2,0.0,0.0,0.0,0.0,0.0,0.0,0,0.0,1.0
ProbMinHashLSH,1208620,0,0.0,0.0,0.0,0.0,0.0,0.0,0,0.0,0.0
ProbMinHashLSH,6372446,0,0.0,0.0,0.0,0.0,0.0,0.0,0,0.0,0.0
ProbMinHashLSH,3678780,10,0.0,0.0,0.0,0.0,0.0,0.0,0,0.0,1.0
ProbMinHashLSH,3637792,6,0.0,0.0,0.0,0.0,0.0,0.0,0,0.0,1.0
ProbMinHashLSH,5835632,6,0.0,0.0,0.0,0.0,0.0,0.0,0,0.0,1.0
ProbMinHashLSH,3412552,2,0.0,0.0,0.0,0.0,0.0,0.0,0,0.0,1.0
ProbMinHashLSH,3784642,17,0.0,0.0,0.0,0.0,0.0,0.0,0,0.0,1.0
ProbMinHashLSH,2249513,2,0.0,0.0,0.0,0.0,0.0,0.0,0,0.0,1.0
ProbMinHashLSH,3994629,14,0.0,0.0,0.0,0.0,0.0,0.0,0,0.0,1.0
ProbMinHashLSH,4093193,46,0.0,0.0,0.0,0.0,0.0,0.0,0,0.0,0.8260869565217391
ProbMinHashLSH,3940443,4,0.0,0.0,0.0,0.0,0.0,0.0,0,0.0,1.0
ProbMinHashLSH,5342699,6,0.0,0.0,0.0,0.0,0.0,0.0,0,0.0,1.0
ProbMinHashLSH,2983666,153,0.0,0.0,0.0,0.0,0.0,0.0,0,0.0,0.9803921568627451
ProbMinHashLSH,529339,2,0.0,0.0,0.0,0.0,0.0,0.0,0,0.0,1.0
ProbMinHashLSH,2997326,18,0.0,0.0,0.0,0.0,0.0,0.0,0,0.0,1.0
ProbMinHashLSH,1181883,3,0.0,0.0,0.0,0.0,0.0,0.0,0,0.0,1.0
ProbMinHashLSH,1578571,14,0.0,0.0,0.0,0.0,0.0,0.0,0,0.0,1.0
ProbMinHashLSH,4990938,12,0.0,0.0,0.0,0.0,0.0,0.0,0,0.0,0.9166666666666666
ProbMinHashLSH,5193988,21,0.0,0.0,0.0,0.0,0.0,0.0,0,0.0,1.0
ProbMinHashLSH,4171316,23,0.0,0.0,0.0,0.0,0.0,0.0,0,0.0,1.0
ProbMinHashLSH,595005,6,0.0,0.0,0.0,0.0,0.0,0.0,0,0.0,1.0
ProbMinHashLSH,2974317,0,0.0,0.0,0.0,0.0,0.0,0.0,0,0.0,0.0
ProbMinHashLSH,172332,20,0.0,0.0,0.0,0.0,0.0,0.0,0,0.0,1.0
ProbMinHashLSH,1451423,190,0.0,0.0,0.0,0.0,0.0,0.0,0,0.0,0.9842105263157894
ProbMinHashLSH,2403263,1,0.0,0.0,0.0,0.0,0.0,0.0,0,0.0,1.0
ProbMinHashLSH,3335342,3,0.0,0.0,0.0,0.0,0.0,0.0,0,0.0,1.0
ProbMinHashLSH,1295286,12,0.0,0.0,0.0,0.0,0.0,0.0,0,0.0,1.0
ProbMinHashLSH,6020647,14,0.0,0.0,0.0,0.0,0.0,0.0,0,0.0,1.0
ProbMinHashLSH,5913997,7,0.0,0.0,0.0,0.0,0.0,0.0,0,0.0,0.8571428571428571
ProbMinHashLSH,114290,0,0.0,0.0,0.0,0.0,0.0,0.0,0,0.0,0.0
ProbMinHashLSH,3668800,22,0.0,0.0,0.0,0.0,0.0,0.0,0,0.0,0.9090909090909091
ProbMinHashLSH,4852505,2,0.0,0.0,0.0,0.0,0.0,0.0,0,0.0,1.0
ProbMinHashLSH,2667746,4,0.0,0.0,0.0,0.0,0.0,0.0,0,0.0,1.0
ProbMinHashLSH,1202645,2,0.0,0.0,0.0,0.0,0.0,0.0,0,0.0,1.0
ProbMinHashLSH,221628,10,0.0,0.0,0.0,0.0,0.0,0.0,0,0.0,1.0
ProbMinHashLSH,5892697,99,0.0,0.0,0.0,0.0,0.0,0.0,0,0.0,1.0
ProbMinHashLSH,3420522,5,0.0,0.0,0.0,0.0,0.0,0.0,0,0.0,1.0
ProbMinHashLSH,5375356,9,0.0,0.0,0.0,0.0,0.0,0.0,0,0.0,1.0
ProbMinHashLSH,4556631,32,0.0,0.0,0.0,0.0,0.0,0.0,0,0.0,1.0
ProbMinHashLSH,3880043,5,0.0,0.0,0.0,0.0,0.0,0.0,0,0.0,1.0
ProbMinHashLSH,4557468,41,0.0,0.0,0.0,0.0,0.0,0.0,0,0.0,0.7317073170731707
ProbMinHashLSH,1262444,2,0.0,0.0,0.0,0.0,0.0,0.0,0,0.0,1.0
ProbMinHashLSH,2144649,12,0.0,0.0,0.0,0.0,0.0,0.0,0,0.0,1.0
ProbMinHashLSH,4965439,2,0.0,0.0,0.0,0.0,0.0,0.0,0,0.0,1.0
ProbMinHashLSH,176319,6,0.0,0.0,0.0,0.0,0.0,0.0,0,0.0,1.0
ProbMinHashLSH,5262524,12,0.0,0.0,0.0,0.0,0.0,0.0,0,0.0,1.0
ProbMinHashLSH,4988240,3,0.0,0.0,0.0,0.0,0.0,0.0,0,0.0,1.0
ProbMinHashLSH,4536961,2,0.0,0.0,0.0,0.0,0.0,0.0,0,0.0,1.0
ProbMinHashLSH,5827256,0,0.0,0.0,0.0,0.0,0.0,0.0,0,0.0,0.0
ProbMinHashLSH,1107871,11,0.0,0.0,0.0,0.0,0.0,0.0,0,0.0,1.0
ProbMinHashLSH,1742368,11,0.0,0.0,0.0,0.0,0.0,0.0,0,0.0,1.0
ProbMinHashLSH,2182354,17,0.0,0.0,0.0,0.0,0.0,0.0,0,0.0,1.0
ProbMinHashLSH,4392637,16,0.0,0.0,0.0,0.0,0.0,0.0,0,0.0,1.0
ProbMinHashLSH,57975,3,0.0,0.0,0.0,0.0,0.0,0.0,0,0.0,1.0
ProbMinHashLSH,6319414,3,0.0,0.0,0.0,0.0,0.0,0.0,0,0.0,1.0
ProbMinHashLSH,4164053,3,0.0,0.0,0.0,0.0,0.0,0.0,0,0.0,1.0
ProbMinHashLSH,277058,17,0.0,0.0,0.0,0.0,0.0,0.0,0,0.0,0.9411764705882353
ProbMinHashLSH,1401471,4,0.0,0.0,0.0,0.0,0.0,0.0,0,0.0,1.0
ProbMinHashLSH,5163910,49,0.0,0.0,0.0,0.0,0.0,0.0,0,0.0,0.8571428571428571
ProbMinHashLSH,3794093,0,0.0,0.0,0.0,0.0,0.0,0.0,0,0.0,0.0
ProbMinHashLSH,4938255,7,0.0,0.0,0.0,0.0,0.0,0.0,0,0.0,1.0
ProbMinHashLSH,255457,14,0.0,0.0,0.0,0.0,0.0,0.0,0,0.0,1.0
ProbMinHashLSH,1885819,10,0.0,0.0,0.0,0.0,0.0,0.0,0,0.0,1.0
ProbMinHashLSH,2160326,45,0.0,0.0,0.0,0.0,0.0,0.0,0,0.0,0.9333333333333333
ProbMinHashLSH,4444346,45,0.0,0.0,0.0,0.0,0.0,0.0,0,0.0,0.9333333333333333
ProbMinHashLSH,4684037,13,0.0,0.0,0.0,0.0,0.0,0.0,0,0.0,1.0
ProbMinHashLSH,3817273,3,0.0,0.0,0.0,0.0,0.0,0.0,0,0.0,1.0
ProbMinHashLSH,5471841,17,0.0,0.0,0.0,0.0,0.0,0.0,0,0.0,1.0
ProbMinHashLSH,261112,2,0.0,0.0,0.0,0.0,0.0,0.0,0,0.0,1.0
ProbMinHashLSH,1940858,0,0.0,0.0,0.0,0.0,0.0,0.0,0,0.0,0.0
ProbMinHashLSH,39751,1,0.0,0.0,0.0,0.0,0.0,0.0,0,1.0,1.0
ProbMinHashLSH,1006365,24,0.0,0.0,0.0,0.0,0.0,0.0,0,0.0,1.0
ProbMinHashLSH,4961817,1,0.0,0.0,0.0,0.0,0.0,0.0,0,0.0,1.0
ProbMinHashLSH,2663338,10,0.0,0.0,0.0,0.0,0.0,0.0,0,0.0,1.0
ProbMinHashLSH,4703848,23,0.0,0.0,0.0,0.0,0.0,0.0,0,0.0,1.0
ProbMinHashLSH,4566246,45,0.0,0.0,0.0,0.0,0.0,0.0,0,0.0,1.0
ProbMinHashLSH,1609854,0,0.0,0.0,0.0,0.0,0.0,0.0,0,0.0,0.0
ProbMinHashLSH,4997395,66,0.0,0.0,0.0,0.0,0.0,0.0,0,0.0,0.9848484848484849
ProbMinHashLSH,2401207,14,0.0,0.0,0.0,0.0,0.0,0.0,0,0.0,1.0
ProbMinHashLSH,2616251,0,0.0,0.0,0.0,0.0,0.0,0.0,0,0.0,0.0
ProbMinHashLSH,4720752,5,0.0,0.0,0.0,0.0,0.0,0.0,0,0.0,1.0
ProbMinHashLSH,5446902,10,0.0,0.0,0.0,0.0,0.0,0.0,0,0.0,1.0
ProbMinHashLSH,4304490,10,0.0,0.0,0.0,0.0,0.0,0.0,0,0.0,1.0
ProbMinHashLSH,6220453,38,0.0,0.0,0.0,0.0,0.0,0.0,0,0.0,1.0
ProbMinHashLSH,6244530,2,0.0,0.0,0.0,0.0,0.0,0.0,0,0.0,1.0
ProbMinHashLSH,6057081,10,0.0,0.0,0.0,0.0,0.0,0.0,0,0.0,1.0
ProbMinHashLSH,5731699,2,0.0,0.0,0.0,0.0,0.0,0.0,0,0.0,1.0
ProbMinHashLSH,5519007,0,0.0,0.0,0.0,0.0,0.0,0.0,0,0.0,0.0
ProbMinHashLSH,1775170,14,0.0,0.0,0.0,0.0,0.0,0.0,0,0.0,1.0
ProbMinHashLSH,4832681,6,0.0,0.0,0.0,0.0,0.0,0.0,0,0.0,1.0
ProbMinHashLSH,2736719,27,0.0,0.0,0.0,0.0,0.0,0.0,0,0.0,1.0
ProbMinHashLSH,4335992,19,0.0,0.0,0.0,0.0,0.0,0.0,0,0.0,1.0
ProbMinHashLSH,4722891,6,0.0,0.0,0.0,0.0,0.0,0.0,0,0.0,1.0
ProbMinHashLSH,5095605,2,0.0,0.0,0.0,0.0,0.0,0.0,0,0.0,1.0
ProbMinHashLSH,2064070,17,0.0,0.0,0.0,0.0,0.0,0.0,0,0.0,0.9411764705882353
ProbMinHashLSH,4437445,0,0.0,0.0,0.0,0.0,0.0,0.0,0,0.0,0.0
ProbMinHashLSH,32046,39,0.0,0.0,0.0,0.0,0.0,0.0,0,0.0,0.9743589743589743
ProbMinHashLSH,2722684,3,0.0,0.0,0.0,0.0,0.0,0.0,0,0.0,1.0
ProbMinHashLSH,114185,30,0.0,0.0,0.0,0.0,0.0,0.0,0,0.0,1.0
ProbMinHashLSH,3763304,17,0.0,0.0,0.0,0.0,0.0,0.0,0,0.0,1.0
ProbMinHashLSH,3118616,63,0.0,0.0,0.0,0.0,0.0,0.0,0,0.0,0.9841269841269841
ProbMinHashLSH,1119434,10,0.0,0.0,0.0,0.0,0.0,0.0,0,0.0,1.0
ProbMinHashLSH,3178780,38,0.0,0.0,0.0,0.0,0.0,0.0,0,0.0,1.0
ProbMinHashLSH,2775355,0,0.0,0.0,0.0,0.0,0.0,0.0,0,0.0,0.0
ProbMinHashLSH,2177379,5,0.0,0.0,0.0,0.0,0.0,0.0,0,0.0,0.8
ProbMinHashLSH,32329,0,0.0,0.0,0.0,0.0,0.0,0.0,0,0.0,0.0
ProbMinHashLSH,5950416,50,0.0,0.0,0.0,0.0,0.0,0.0,0,0.0,0.84
ProbMinHashLSH,5736119,42,0.0,0.0,0.0,0.0,0.0,0.0,0,0.0,1.0
ProbMinHashLSH,4887472,30,0.0,0.0,0.0,0.0,0.0,0.0,0,0.0,1.0
ProbMinHashLSH,1306156,0,0.0,0.0,0.0,0.0,0.0,0.0,0,0.0,0.0
ProbMinHashLSH,1359907,4,0.0,0.0,0.0,0.0,0.0,0.0,0,0.0,1.0
ProbMinHashLSH,5433002,3,0.0,0.0,0.0,0.0,0.0,0.0,0,0.0,1.0
ProbMinHashLSH,5865847,10,0.0,0.0,0.0,0.0,0.0,0.0,0,0.0,1.0
ProbMinHashLSH,108141,42,0.0,0.0,0.0,0.0,0.0,0.0,0,0.0,1.0
ProbMinHashLSH,3790860,14,0.0,0.0,0.0,0.0,0.0,0.0,0,0.0,1.0
ProbMinHashLSH,1762055,5,0.0,0.0,0.0,0.0,0.0,0.0,0,0.0,1.0
ProbMinHashLSH,5679396,2,0.0,0.0,0.0,0.0,0.0,0.0,0,0.0,1.0
ProbMinHashLSH,598090,8,0.0,0.0,0.0,0.0,0.0,0.0,0,0.0,1.0
ProbMinHashLSH,4556098,24,0.0,0.0,0.0,0.0,0.0,0.0,0,0.0,0.9166666666666666
ProbMinHashLSH,2987957,4,0.0,0.0,0.0,0.0,0.0,0.0,0,0.0,1.0
ProbMinHashLSH,436019,0,0.0,0.0,0.0,0.0,0.0,0.0,0,0.0,0.0
ProbMinHashLSH,5573495,8,0.0,0.0,0.0,0.0,0.0,0.0,0,0.0,1.0
ProbMinHashLSH,2298254,10,0.0,0.0,0.0,0.0,0.0,0.0,0,0.0,1.0
ProbMinHashLSH,2703379,9,0.0,0.0,0.0,0.0,0.0,0.0,0,0.0,1.0
ProbMinHashLSH,4926591,3,0.0,0.0,0.0,0.0,0.0,0.0,0,0.0,1.0
ProbMinHashLSH,365705,3,0.0,0.0,0.0,0.0,0.0,0.0,0,0.0,1.0
ProbMinHashLSH,2075574,10,0.0,0.0,0.0,0.0,0.0,0.0,0,0.0,0.9
ProbMinHashLSH,5640946,9,0.0,0.0,0.0,0.0,0.0,0.0,0,0.0,1.0
ProbMinHashLSH,2892764,67,0.0,0.0,0.0,0.0,0.0,0.0,0,0.0,1.0
ProbMinHashLSH,5358454,2,0.0,0.0,0.0,0.0,0.0,0.0,0,0.0,1.0
ProbMinHashLSH,5590627,7,0.0,0.0,0.0,0.0,0.0,0.0,0,0.0,1.0
ProbMinHashLSH,2902047,0,0.0,0.0,0.0,0.0,0.0,0.0,0,0.0,0.0
ProbMinHashLSH,3350380,35,0.0,0.0,0.0,0.0,0.0,0.0,0,0.0,0.8857142857142857
ProbMinHashLSH,4220432,6,0.0,0.0,0.0,0.0,0.0,0.0,0,0.0,1.0
ProbMinHashLSH,1597130,9,0.0,0.0,0.0,0.0,0.0,0.0,0,0.0,1.0
ProbMinHashLSH,5469765,30,0.0,0.0,0.0,0.0,0.0,0.0,0,0.0,1.0
ProbMinHashLSH,4789489,0,0.0,0.0,0.0,0.0,0.0,0.0,0,0.0,0.0
ProbMinHashLSH,4832773,4,0.0,0.0,0.0,0.0,0.0,0.0,0,0.0,1.0
ProbMinHashLSH,2823270,1,0.0,0.0,0.0,0.0,0.0,0.0,0,0.0,1.0
ProbMinHashLSH,1961411,31,0.0,0.0,0.0,0.0,0.0,0.0,0,0.0,0.967741935483871
ProbMinHashLSH,2023599,66,0.0,0.0,0.0,0.0,0.0,0.0,0,0.0,0.9848484848484849
ProbMinHashLSH,6155967,5,0.0,0.0,0.0,0.0,0.0,0.0,0,0.0,1.0
ProbMinHashLSH,4180731,2,0.0,0.0,0.0,0.0,0.0,0.0,0,0.0,1.0
ProbMinHashLSH,32902,4,0.0,0.0,0.0,0.0,0.0,0.0,0,0.0,1.0
ProbMinHashLSH,6168664,0,0.0,0.0,0.0,0.0,0.0,0.0,0,0.0,0.0
ProbMinHashLSH,1570337,1,0.0,0.0,0.0,0.0,0.0,0.0,0,0.0,1.0
ProbMinHashLSH,1101380,10,0.0,0.0,0.0,0.0,0.0,0.0,0,0.0,1.0
ProbMinHashLSH,5207652,7,0.0,0.0,0.0,0.0,0.0,0.0,0,0.0,1.0
ProbMinHashLSH,407765,9,0.0,0.0,0.0,0.0,0.0,0.0,0,0.0,1.0
ProbMinHashLSH,4042131,29,0.0,0.0,0.0,0.0,0.0,0.0,0,0.0,1.0
ProbMinHashLSH,5207645,7,0.0,0.0,0.0,0.0,0.0,0.0,0,0.0,1.0
ProbMinHashLSH,1390975,0,0.0,0.0,0.0,0.0,0.0,0.0,0,0.0,0.0
ProbMinHashLSH,1960028,4,0.0,0.0,0.0,0.0,0.0,0.0,0,0.0,1.0
ProbMinHashLSH,5468039,1,0.0,0.0,0.0,0.0,0.0,0.0,0,0.0,1.0
ProbMinHashLSH,4865176,58,0.0,0.0,0.0,0.0,0.0,0.0,0,0.0,0.9137931034482759
ProbMinHashLSH,3736729,12,0.0,0.0,0.0,0.0,0.0,0.0,0,0.0,1.0
ProbMinHashLSH,1765059,3,0.0,0.0,0.0,0.0,0.0,0.0,0,0.0,1.0
ProbMinHashLSH,5884875,59,0.0,0.0,0.0,0.0,0.0,0.0,0,0.0,0.9661016949152542
ProbMinHashLSH,3260497,53,0.0,0.0,0.0,0.0,0.0,0.0,0,0.0,1.0
ProbMinHashLSH,1199396,0,0.0,0.0,0.0,0.0,0.0,0.0,0,0.0,0.0
ProbMinHashLSH,3534087,8,0.0,0.0,0.0,0.0,0.0,0.0,0,0.0,1.0
ProbMinHashLSH,3754566,6,0.0,0.0,0.0,0.0,0.0,0.0,0,0.0,1.0
ProbMinHashLSH,1991478,2,0.0,0.0,0.0,0.0,0.0,0.0,0,0.0,1.0
ProbMinHashLSH,1024056,10,0.0,0.0,0.0,0.0,0.0,0.0,0,0.0,1.0
ProbMinHashLSH,3460811,1,0.0,0.0,0.0,0.0,0.0,0.0,0,0.0,1.0
ProbMinHashLSH,1938310,20,0.0,0.0,0.0,0.0,0.0,0.0,0,0.0,0.95
ProbMinHashLSH,4032973,42,0.0,0.0,0.0,0.0,0.0,0.0,0,0.0,0.8333333333333334
ProbMinHashLSH,543562,2,0.0,0.0,0.0,0.0,0.0,0.0,0,0.0,1.0
ProbMinHashLSH,5975249,1,0.0,0.0,0.0,0.0,0.0,0.0,0,0.0,1.0
ProbMinHashLSH,4507798,1,0.0,0.0,0.0,0.0,0.0,0.0,0,0.0,1.0
ProbMinHashLSH,6381629,10,0.0,0.0,0.0,0.0,0.0,0.0,0,0.0,1.0
ProbMinHashLSH,6356930,66,0.0,0.0,0.0,0.0,0.0,0.0,0,0.0,0.9696969696969697
ProbMinHashLSH,6357695,1,0.0,0.0,0.0,0.0,0.0,0.0,0,0.0,1.0
ProbMinHashLSH,5965768,7,0.0,0.0,0.0,0.0,0.0,0.0,0,0.0,1.0
ProbMinHashLSH,2616095,3,0.0,0.0,0.0,0.0,0.0,0.0,0,0.0,1.0
ProbMinHashLSH,5935727,17,0.0,0.0,0.0,0.0,0.0,0.0,0,0.0,0.9411764705882353
ProbMinHashLSH,3405327,4,0.0,0.0,0.0,0.0,0.0,0.0,0,0.0,1.0
ProbMinHashLSH,6213291,1,0.0,0.0,0.0,0.0,0.0,0.0,0,0.0,1.0
ProbMinHashLSH,1445590,15,0.0,0.0,0.0,0.0,0.0,0.0,0,0.0,1.0
ProbMinHashLSH,2571477,0,0.0,0.0,0.0,0.0,0.0,0.0,0,0.0,0.0
ProbMinHashLSH,1757962,8,0.0,0.0,0.0,0.0,0.0,0.0,0,0.0,1.0
ProbMinHashLSH,134441,1,0.0,0.0,0.0,0.0,0.0,0.0,0,0.0,1.0
ProbMinHashLSH,4175890,270,0.0,0.0,0.0,0.0,0.0,0.0,0,0.0,0.9962962962962963
ProbMinHashLSH,2997428,2,0.0,0.0,0.0,0.0,0.0,0.0,0,0.0,1.0
ProbMinHashLSH,2730746,17,0.0,0.0,0.0,0.0,0.0,0.0,0,0.0,0.9411764705882353
ProbMinHashLSH,303246,17,0.0,0.0,0.0,0.0,0.0,0.0,0,0.0,0.9411764705882353
ProbMinHashLSH,5255166,3,0.0,0.0,0.0,0.0,0.0,0.0,0,0.0,1.0
ProbMinHashLSH,5119166,47,0.0,0.0,0.0,0.0,0.0,0.0,0,0.0,1.0
ProbMinHashLSH,2143759,81,0.0,0.0,0.0,0.0,0.0,0.0,0,0.0,1.0
ProbMinHashLSH,1012393,23,0.0,0.0,0.0,0.0,0.0,0.0,0,0.0,1.0
ProbMinHashLSH,1725061,47,0.0,0.0,0.0,0.0,0.0,0.0,0,0.0,1.0
ProbMinHashLSH,2184043,2,0.0,0.0,0.0,0.0,0.0,0.0,0,0.0,1.0
ProbMinHashLSH,5779990,46,0.0,0.0,0.0,0.0,0.0,0.0,0,0.0,0.8260869565217391
ProbMinHashLSH,5502419,14,0.0,0.0,0.0,0.0,0.0,0.0,0,0.0,1.0
ProbMinHashLSH,2839061,11,0.0,0.0,0.0,0.0,0.0,0.0,0,0.0,0.9090909090909091
ProbMinHashLSH,4610332,88,0.0,0.0,0.0,0.0,0.0,0.0,0,0.0,0.8636363636363636
ProbMinHashLSH,1401465,4,0.0,0.0,0.0,0.0,0.0,0.0,0,0.0,1.0
ProbMinHashLSH,3934033,21,0.0,0.0,0.0,0.0,0.0,0.0,0,0.0,0.9523809523809523
ProbMinHashLSH,2183102,7,0.0,0.0,0.0,0.0,0.0,0.0,0,0.0,1.0
ProbMinHashLSH,3470450,0,0.0,0.0,0.0,0.0,0.0,0.0,0,0.0,0.0
ProbMinHashLSH,3077285,21,0.0,0.0,0.0,0.0,0.0,0.0,0,0.0,1.0
ProbMinHashLSH,377287,26,0.0,0.0,0.0,0.0,0.0,0.0,0,0.0,1.0
ProbMinHashLSH,5616865,6,0.0,0.0,0.0,0.0,0.0,0.0,0,0.0,1.0
ProbMinHashLSH,2376462,46,0.0,0.0,0.0,0.0,0.0,0.0,0,0.0,1.0
ProbMinHashLSH,3050231,3,0.0,0.0,0.0,0.0,0.0,0.0,0,0.0,1.0
ProbMinHashLSH,1553444,0,0.0,0.0,0.0,0.0,0.0,0.0,0,0.0,0.0
ProbMinHashLSH,4153945,9,0.0,0.0,0.0,0.0,0.0,0.0,0,0.0,1.0
ProbMinHashLSH,4246057,5,0.0,0.0,0.0,0.0,0.0,0.0,0,0.0,0.8
ProbMinHashLSH,1180348,31,0.0,0.0,0.0,0.0,0.0,0.0,0,0.0,1.0
ProbMinHashLSH,328548,5,0.0,0.0,0.0,0.0,0.0,0.0,0,0.0,1.0
ProbMinHashLSH,2230476,23,0.0,0.0,0.0,0.0,0.0,0.0,0,0.0,1.0
ProbMinHashLSH,426529,2,0.0,0.0,0.0,0.0,0.0,0.0,0,0.0,1.0
ProbMinHashLSH,2850614,38,0.0,0.0,0.0,0.0,0.0,0.0,0,0.0,1.0
ProbMinHashLSH,4416303,36,0.0,0.0,0.0,0.0,0.0,0.0,0,0.0,1.0
ProbMinHashLSH,3101236,3,0.0,0.0,0.0,0.0,0.0,0.0,0,0.0,1.0
ProbMinHashLSH,3638231,8,0.0,0.0,0.0,0.0,0.0,0.0,0,0.0,1.0
ProbMinHashLSH,1679427,22,0.0,0.0,0.0,0.0,0.0,0.0,0,0.0,1.0
ProbMinHashLSH,2138088,12,0.0,0.0,0.0,0.0,0.0,0.0,0,0.0,1.0
ProbMinHashLSH,2995132,561,0.0,0.0,0.0,0.0,0.0,0.0,0,0.0,0.5169340463458111
ProbMinHashLSH,2585972,5,0.0,0.0,0.0,0.0,0.0,0.0,0,0.0,1.0
ProbMinHashLSH,1848574,14,0.0,0.0,0.0,0.0,0.0,0.0,0,0.0,1.0
ProbMinHashLSH,114873,0,0.0,0.0,0.0,0.0,0.0,0.0,0,0.0,0.0
ProbMinHashLSH,2267564,7,0.0,0.0,0.0,0.0,0.0,0.0,0,0.0,1.0
ProbMinHashLSH,3173110,2,0.0,0.0,0.0,0.0,0.0,0.0,0,0.0,1.0
ProbMinHashLSH,3227933,1,0.0,0.0,0.0,0.0,0.0,0.0,0,0.0,1.0
ProbMinHashLSH,3378328,0,0.0,0.0,0.0,0.0,0.0,0.0,0,0.0,0.0
ProbMinHashLSH,133403,9,0.0,0.0,0.0,0.0,0.0,0.0,0,0.0,1.0
ProbMinHashLSH,2381783,2,0.0,0.0,0.0,0.0,0.0,0.0,0,0.0,1.0
ProbMinHashLSH,2849736,10,0.0,0.0,0.0,0.0,0.0,0.0,0,0.0,1.0
ProbMinHashLSH,2737656,60,0.0,0.0,0.0,0.0,0.0,0.0,0,0.0,0.95
ProbMinHashLSH,570516,2,0.0,0.0,0.0,0.0,0.0,0.0,0,0.0,1.0
ProbMinHashLSH,1003868,51,0.0,0.0,0.0,0.0,0.0,0.0,0,0.0,1.0
ProbMinHashLSH,4108047,8,0.0,0.0,0.0,0.0,0.0,0.0,0,0.0,1.0
ProbMinHashLSH,2216762,15,0.0,0.0,0.0,0.0,0.0,0.0,0,0.0,1.0
ProbMinHashLSH,2170698,5,0.0,0.0,0.0,0.0,0.0,0.0,0,0.0,1.0
ProbMinHashLSH,329015,48,0.0,0.0,0.0,0.0,0.0,0.0,0,0.0,0.9791666666666666
ProbMinHashLSH,1371149,17,0.0,0.0,0.0,0.0,0.0,0.0,0,0.0,0.9411764705882353
ProbMinHashLSH,4259303,8,0.0,0.0,0.0,0.0,0.0,0.0,0,0.0,1.0
ProbMinHashLSH,3158632,6,0.0,0.0,0.0,0.0,0.0,0.0,0,0.0,1.0
ProbMinHashLSH,5483756,20,0.0,0.0,0.0,0.0,0.0,0.0,0,0.0,1.0
ProbMinHashLSH,1470329,5,0.0,0.0,0.0,0.0,0.0,0.0,0,0.0,1.0
ProbMinHashLSH,3504407,37,0.0,0.0,0.0,0.0,0.0,0.0,0,0.0,1.0
ProbMinHashLSH,3978029,78,0.0,0.0,0.0,0.0,0.0,0.0,0,0.0,1.0
ProbMinHashLSH,4848204,66,0.0,0.0,0.0,0.0,0.0,0.0,0,0.0,0.9696969696969697
ProbMinHashLSH,2626366,4,0.0,0.0,0.0,0.0,0.0,0.0,0,0.0,1.0
ProbMinHashLSH,2394252,7,0.0,0.0,0.0,0.0,0.0,0.0,0,0.0,1.0
ProbMinHashLSH,4925629,2,0.0,0.0,0.0,0.0,0.0,0.0,0,0.0,1.0
ProbMinHashLSH,131924,17,0.0,0.0,0.0,0.0,0.0,0.0,0,0.0,0.9411764705882353
ProbMinHashLSH,4389733,19,0.0,0.0,0.0,0.0,0.0,0.0,0,0.0,1.0
ProbMinHashLSH,1481006,13,0.0,0.0,0.0,0.0,0.0,0.0,0,0.0,1.0
ProbMinHashLSH,2572817,9,0.0,0.0,0.0,0.0,0.0,0.0,0,0.0,1.0
ProbMinHashLSH,2607150,0,0.0,0.0,0.0,0.0,0.0,0.0,0,0.0,0.0
ProbMinHashLSH,5602650,10,0.0,0.0,0.0,0.0,0.0,0.0,0,0.0,1.0
ProbMinHashLSH,441342,1,0.0,0.0,0.0,0.0,0.0,0.0,0,0.0,1.0
ProbMinHashLSH,3467540,0,0.0,0.0,0.0,0.0,0.0,0.0,0,0.0,0.0
ProbMinHashLSH,1917102,2,0.0,0.0,0.0,0.0,0.0,0.0,0,0.0,1.0
ProbMinHashLSH,5669909,2,0.0,0.0,0.0,0.0,0.0,0.0,0,0.0,1.0
ProbMinHashLSH,4817739,3,0.0,0.0,0.0,0.0,0.0,0.0,0,0.0,1.0
ProbMinHashLSH,3579104,0,0.0,0.0,0.0,0.0,0.0,0.0,0,0.0,0.0
ProbMinHashLSH,2091789,5,0.0,0.0,0.0,0.0,0.0,0.0,0,0.0,1.0
ProbMinHashLSH,2860888,5,0.0,0.0,0.0,0.0,0.0,0.0,0,0.0,1.0
ProbMinHashLSH,464025,4,0.0,0.0,0.0,0.0,0.0,0.0,0,0.0,1.0
ProbMinHashLSH,5966834,5,0.0,0.0,0.0,0.0,0.0,0.0,0,0.0,1.0
ProbMinHashLSH,4101141,29,0.0,0.0,0.0,0.0,0.0,0.0,0,0.0,1.0
ProbMinHashLSH,1018172,6,0.0,0.0,0.0,0.0,0.0,0.0,0,0.0,1.0
ProbMinHashLSH,4459676,23,0.0,0.0,0.0,0.0,0.0,0.0,0,0.0,1.0
ProbMinHashLSH,6333575,12,0.0,0.0,0.0,0.0,0.0,0.0,0,0.0,1.0
ProbMinHashLSH,262161,3,0.0,0.0,0.0,0.0,0.0,0.0,0,0.0,1.0
ProbMinHashLSH,2354370,20,0.0,0.0,0.0,0.0,0.0,0.0,0,0.0,1.0
ProbMinHashLSH,527910,7,0.0,0.0,0.0,0.0,0.0,0.0,0,0.0,1.0
ProbMinHashLSH,2255639,5,0.0,0.0,0.0,0.0,0.0,0.0,0,0.0,1.0
ProbMinHashLSH,541811,17,0.0,0.0,0.0,0.0,0.0,0.0,0,0.0,1.0
ProbMinHashLSH,583256,46,0.0,0.0,0.0,0.0,0.0,0.0,0,0.0,0.8260869565217391
ProbMinHashLSH,4127095,8,0.0,0.0,0.0,0.0,0.0,0.0,0,0.0,1.0
ProbMinHashLSH,4872862,5,0.0,0.0,0.0,0.0,0.0,0.0,0,0.0,1.0
ProbMinHashLSH,1211754,41,0.0,0.0,0.0,0.0,0.0,0.0,0,0.0,1.0
ProbMinHashLSH,1851445,10,0.0,0.0,0.0,0.0,0.0,0.0,0,0.0,1.0
ProbMinHashLSH,5605815,6,0.0,0.0,0.0,0.0,0.0,0.0,0,0.0,1.0
ProbMinHashLSH,1404683,12,0.0,0.0,0.0,0.0,0.0,0.0,0,0.0,0.9166666666666666
ProbMinHashLSH,4079683,62,0.0,0.0,0.0,0.0,0.0,0.0,0,0.0,0.967741935483871
ProbMinHashLSH,3331871,1,0.0,0.0,0.0,0.0,0.0,0.0,0,0.0,1.0
ProbMinHashLSH,3795207,53,0.0,0.0,0.0,0.0,0.0,0.0,0,0.0,1.0
ProbMinHashLSH,5271262,5,0.0,0.0,0.0,0.0,0.0,0.0,0,0.0,1.0
ProbMinHashLSH,1728132,82,0.0,0.0,0.0,0.0,0.0,0.0,0,0.0,0.9878048780487805
ProbMinHashLSH,4907076,6,0.0,0.0,0.0,0.0,0.0,0.0,0,0.0,0.6666666666666666
ProbMinHashLSH,1284155,12,0.0,0.0,0.0,0.0,0.0,0.0,0,0.0,1.0
ProbMinHashLSH,5322075,14,0.0,0.0,0.0,0.0,0.0,0.0,0,0.0,1.0
ProbMinHashLSH,2185446,24,0.0,0.0,0.0,0.0,0.0,0.0,0,0.0,1.0
ProbMinHashLSH,144272,0,0.0,0.0,0.0,0.0,0.0,0.0,0,0.0,0.0
ProbMinHashLSH,5733342,11,0.0,0.0,0.0,0.0,0.0,0.0,0,0.0,1.0
ProbMinHashLSH,6155859,1,0.0,0.0,0.0,0.0,0.0,0.0,0,0.0,1.0
ProbMinHashLSH,631174,4,0.0,0.0,0.0,0.0,0.0,0.0,0,0.0,1.0
ProbMinHashLSH,2253001,78,0.0,0.0,0.0,0.0,0.0,0.0,0,0.0,1.0
ProbMinHashLSH,1072810,34,0.0,0.0,0.0,0.0,0.0,0.0,0,0.0,1.0
ProbMinHashLSH,382577,2,0.0,0.0,0.0,0.0,0.0,0.0,0,0.0,1.0
ProbMinHashLSH,1125455,9,0.0,0.0,0.0,0.0,0.0,0.0,0,0.0,1.0
ProbMinHashLSH,4338937,41,0.0,0.0,0.0,0.0,0.0,0.0,0,0.0,1.0
ProbMinHashLSH,4422428,29,0.0,0.0,0.0,0.0,0.0,0.0,0,0.0,1.0
ProbMinHashLSH,4082142,2,0.0,0.0,0.0,0.0,0.0,0.0,0,0.0,1.0
ProbMinHashLSH,483921,3,0.0,0.0,0.0,0.0,0.0,0.0,0,0.0,1.0
ProbMinHashLSH,2351278,50,0.0,0.0,0.0,0.0,0.0,0.0,0,0.0,0.84
ProbMinHashLSH,2457668,13,0.0,0.0,0.0,0.0,0.0,0.0,0,0.0,1.0
ProbMinHashLSH,6079444,14,0.0,0.0,0.0,0.0,0.0,0.0,0,0.0,1.0
ProbMinHashLSH,1679576,10,0.0,0.0,0.0,0.0,0.0,0.0,0,0.0,1.0
ProbMinHashLSH,5785923,3,0.0,0.0,0.0,0.0,0.0,0.0,0,0.0,1.0
ProbMinHashLSH,5039203,3,0.0,0.0,0.0,0.0,0.0,0.0,0,0.0,1.0
ProbMinHashLSH,5828929,0,0.0,0.0,0.0,0.0,0.0,0.0,0,0.0,0.0
ProbMinHashLSH,1145657,71,0.0,0.0,0.0,0.0,0.0,0.0,0,0.0,0.9859154929577465
ProbMinHashLSH,2351599,28,0.0,0.0,0.0,0.0,0.0,0.0,0,0.0,1.0
ProbMinHashLSH,544321,21,0.0,0.0,0.0,0.0,0.0,0.0,0,0.0,1.0
ProbMinHashLSH,2010779,10,0.0,0.0,0.0,0.0,0.0,0.0,0,0.0,1.0
ProbMinHashLSH,3533868,3,0.0,0.0,0.0,0.0,0.0,0.0,0,0.0,1.0
ProbMinHashLSH,3050557,8,0.0,0.0,0.0,0.0,0.0,0.0,0,0.0,1.0
ProbMinHashLSH,4239886,7,0.0,0.0,0.0,0.0,0.0,0.0,0,0.0,1.0
ProbMinHashLSH,2567125,10,0.0,0.0,0.0,0.0,0.0,0.0,0,0.0,1.0
ProbMinHashLSH,6341076,7,0.0,0.0,0.0,0.0,0.0,0.0,0,0.0,1.0
ProbMinHashLSH,239464,4,0.0,0.0,0.0,0.0,0.0,0.0,0,0.0,1.0
ProbMinHashLSH,1085625,46,0.0,0.0,0.0,0.0,0.0,0.0,0,0.0,1.0
ProbMinHashLSH,252574,2,0.0,0.0,0.0,0.0,0.0,0.0,0,0.0,1.0
ProbMinHashLSH,4775767,3,0.0,0.0,0.0,0.0,0.0,0.0,0,0.0,1.0
ProbMinHashLSH,2352421,0,0.0,0.0,0.0,0.0,0.0,0.0,0,0.0,0.0
ProbMinHashLSH,443487,9,0.0,0.0,0.0,0.0,0.0,0.0,0,0.0,1.0
ProbMinHashLSH,4147273,99,0.0,0.0,0.0,0.0,0.0,0.0,0,0.0,1.0
ProbMinHashLSH,4389381,6,0.0,0.0,0.0,0.0,0.0,0.0,0,0.0,1.0
ProbMinHashLSH,2575944,8,0.0,0.0,0.0,0.0,0.0,0.0,0,0.0,1.0
ProbMinHashLSH,563879,32,0.0,0.0,0.0,0.0,0.0,0.0,0,0.0,1.0
ProbMinHashLSH,4672468,1,0.0,0.0,0.0,0.0,0.0,0.0,0,1.0,1.0
ProbMinHashLSH,2753570,69,0.0,0.0,0.0,0.0,0.0,0.0,0,0.0,0.9710144927536232
ProbMinHashLSH,4946320,12,0.0,0.0,0.0,0.0,0.0,0.0,0,0.0,0.8333333333333334
ProbMinHashLSH,4235441,9,0.0,0.0,0.0,0.0,0.0,0.0,0,0.0,1.0
ProbMinHashLSH,1977745,1,0.0,0.0,0.0,0.0,0.0,0.0,0,0.0,1.0
ProbMinHashLSH,5231602,0,0.0,0.0,0.0,0.0,0.0,0.0,0,0.0,0.0
ProbMinHashLSH,1146188,1,0.0,0.0,0.0,0.0,0.0,0.0,0,0.0,1.0
ProbMinHashLSH,5809935,2,0.0,0.0,0.0,0.0,0.0,0.0,0,0.0,1.0
ProbMinHashLSH,1334191,1,0.0,0.0,0.0,0.0,0.0,0.0,0,0.0,1.0
ProbMinHashLSH,499389,2,0.0,0.0,0.0,0.0,0.0,0.0,0,0.0,1.0
ProbMinHashLSH,2268103,1,0.0,0.0,0.0,0.0,0.0,0.0,0,0.0,1.0
ProbMinHashLSH,5718400,49,0.0,0.0,0.0,0.0,0.0,0.0,0,0.0,1.0
ProbMinHashLSH,4069697,6,0.0,0.0,0.0,0.0,0.0,0.0,0,0.0,1.0
ProbMinHashLSH,5639753,10,0.0,0.0,0.0,0.0,0.0,0.0,0,0.0,1.0
ProbMinHashLSH,4346860,19,0.0,0.0,0.0,0.0,0.0,0.0,0,0.0,1.0
ProbMinHashLSH,5972324,155,0.0,0.0,0.0,0.0,0.0,0.0,0,0.0,0.967741935483871
ProbMinHashLSH,4602234,17,0.0,0.0,0.0,0.0,0.0,0.0,0,0.0,1.0
ProbMinHashLSH,2821445,5,0.0,0.0,0.0,0.0,0.0,0.0,0,0.0,1.0
ProbMinHashLSH,1483495,0,0.0,0.0,0.0,0.0,0.0,0.0,0,0.0,0.0
ProbMinHashLSH,5538472,59,0.0,0.0,0.0,0.0,0.0,0.0,0,0.0,0.9661016949152542
ProbMinHashLSH,5994916,18,0.0,0.0,0.0,0.0,0.0,0.0,0,0.0,1.0
ProbMinHashLSH,5213680,21,0.0,0.0,0.0,0.0,0.0,0.0,0,0.0,1.0
ProbMinHashLSH,6214747,4,0.0,0.0,0.0,0.0,0.0,0.0,0,0.0,1.0
ProbMinHashLSH,1776829,19,0.0,0.0,0.0,0.0,0.0,0.0,0,0.0,1.0
ProbMinHashLSH,3729268,5,0.0,0.0,0.0,0.0,0.0,0.0,0,0.0,1.0
ProbMinHashLSH,5559189,7,0.0,0.0,0.0,0.0,0.0,0.0,0,0.0,1.0
ProbMinHashLSH,3208189,22,0.0,0.0,0.0,0.0,0.0,0.0,0,0.0,1.0
ProbMinHashLSH,5527000,5,0.0,0.0,0.0,0.0,0.0,0.0,0,0.0,1.0
ProbMinHashLSH,4610979,67,0.0,0.0,0.0,0.0,0.0,0.0,0,0.0,1.0
ProbMinHashLSH,4346957,15,0.0,0.0,0.0,0.0,0.0,0.0,0,0.0,1.0
ProbMinHashLSH,416205,5,0.0,0.0,0.0,0.0,0.0,0.0,0,0.0,1.0
ProbMinHashLSH,2438086,28,0.0,0.0,0.0,0.0,0.0,0.0,0,0.0,1.0
ProbMinHashLSH,1374089,1,0.0,0.0,0.0,0.0,0.0,0.0,0,0.0,1.0
ProbMinHashLSH,6236609,18,0.0,0.0,0.0,0.0,0.0,0.0,0,0.0,1.0
ProbMinHashLSH,544160,0,0.0,0.0,0.0,0.0,0.0,0.0,0,0.0,0.0
ProbMinHashLSH,2089863,10,0.0,0.0,0.0,0.0,0.0,0.0,0,0.0,1.0
ProbMinHashLSH,3847613,2,0.0,0.0,0.0,0.0,0.0,0.0,0,0.0,1.0
ProbMinHashLSH,1419407,4,0.0,0.0,0.0,0.0,0.0,0.0,0,0.0,1.0
ProbMinHashLSH,5820128,2,0.0,0.0,0.0,0.0,0.0,0.0,0,0.0,1.0
ProbMinHashLSH,416465,71,0.0,0.0,0.0,0.0,0.0,0.0,0,0.0,1.0
ProbMinHashLSH,3250211,8,0.0,0.0,0.0,0.0,0.0,0.0,0,0.0,1.0
ProbMinHashLSH,1181554,36,0.0,0.0,0.0,0.0,0.0,0.0,0,0.0,1.0
ProbMinHashLSH,4326700,20,0.0,0.0,0.0,0.0,0.0,0.0,0,0.0,1.0
ProbMinHashLSH,1866208,0,0.0,0.0,0.0,0.0,0.0,0.0,0,0.0,0.0
ProbMinHashLSH,4966019,0,0.0,0.0,0.0,0.0,0.0,0.0,0,0.0,0.0
ProbMinHashLSH,3734341,5,0.0,0.0,0.0,0.0,0.0,0.0,0,0.0,1.0
ProbMinHashLSH,3089024,1,0.0,0.0,0.0,0.0,0.0,0.0,0,0.0,1.0
ProbMinHashLSH,4563269,0,0.0,0.0,0.0,0.0,0.0,0.0,0,0.0,0.0
ProbMinHashLSH,5241113,103,0.0,0.0,0.0,0.0,0.0,0.0,0,0.0,1.0
ProbMinHashLSH,3957364,30,0.0,0.0,0.0,0.0,0.0,0.0,0,0.0,0.9333333333333333
ProbMinHashLSH,3723343,1,0.0,0.0,0.0,0.0,0.0,0.0,0,0.0,1.0
ProbMinHashLSH,1218527,0,0.0,0.0,0.0,0.0,0.0,0.0,0,0.0,0.0
ProbMinHashLSH,3368656,67,0.0,0.0,0.0,0.0,0.0,0.0,0,0.0,0.9104477611940298
ProbMinHashLSH,151596,2,0.0,0.0,0.0,0.0,0.0,0.0,0,0.0,1.0
ProbMinHashLSH,1425761,15,0.0,0.0,0.0,0.0,0.0,0.0,0,0.0,0.9333333333333333
ProbMinHashLSH,550092,16,0.0,0.0,0.0,0.0,0.0,0.0,0,0.0,1.0
ProbMinHashLSH,5786594,0,0.0,0.0,0.0,0.0,0.0,0.0,0,0.0,0.0
ProbMinHashLSH,3449640,11,0.0,0.0,0.0,0.0,0.0,0.0,0,0.0,1.0
ProbMinHashLSH,1828756,20,0.0,0.0,0.0,0.0,0.0,0.0,0,0.0,1.0
ProbMinHashLSH,3409621,12,0.0,0.0,0.0,0.0,0.0,0.0,0,0.0,1.0
ProbMinHashLSH,4959077,41,0.0,0.0,0.0,0.0,0.0,0.0,0,0.0,1.0
ProbMinHashLSH,3417151,10,0.0,0.0,0.0,0.0,0.0,0.0,0,0.0,1.0
ProbMinHashLSH,4393988,7,0.0,0.0,0.0,0.0,0.0,0.0,0,0.0,1.0
ProbMinHashLSH,2341087,43,0.0,0.0,0.0,0.0,0.0,0.0,0,0.0,0.8837209302325582
ProbMinHashLSH,4816123,5,0.0,0.0,0.0,0.0,0.0,0.0,0,0.0,1.0
ProbMinHashLSH,2145204,1,0.0,0.0,0.0,0.0,0.0,0.0,0,0.0,1.0
ProbMinHashLSH,495949,20,0.0,0.0,0.0,0.0,0.0,0.0,0,0.0,1.0
ProbMinHashLSH,3296939,3,0.0,0.0,0.0,0.0,0.0,0.0,0,0.0,1.0
ProbMinHashLSH,4518053,10,0.0,0.0,0.0,0.0,0.0,0.0,0,0.0,1.0
ProbMinHashLSH,5201624,0,0.0,0.0,0.0,0.0,0.0,0.0,0,0.0,0.0
ProbMinHashLSH,1656204,71,0.0,0.0,0.0,0.0,0.0,0.0,0,0.0,1.0
ProbMinHashLSH,2883408,2,0.0,0.0,0.0,0.0,0.0,0.0,0,0.0,1.0
ProbMinHashLSH,527358,1,0.0,0.0,0.0,0.0,0.0,0.0,0,0.0,1.0
ProbMinHashLSH,317466,73,0.0,0.0,0.0,0.0,0.0,0.0,0,0.0,0.958904109589041
ProbMinHashLSH,3307887,9,0.0,0.0,0.0,0.0,0.0,0.0,0,0.0,1.0
ProbMinHashLSH,2014017,58,0.0,0.0,0.0,0.0,0.0,0.0,0,0.0,0.8620689655172413
ProbMinHashLSH,1495317,2,0.0,0.0,0.0,0.0,0.0,0.0,0,0.0,1.0
ProbMinHashLSH,5288688,17,0.0,0.0,0.0,0.0,0.0,0.0,0,0.0,1.0
ProbMinHashLSH,1946645,38,0.0,0.0,0.0,0.0,0.0,0.0,0,0.0,1.0
ProbMinHashLSH,2383369,43,0.0,0.0,0.0,0.0,0.0,0.0,0,0.0,0.9302325581395349
ProbMinHashLSH,1489898,1,0.0,0.0,0.0,0.0,0.0,0.0,0,0.0,1.0
ProbMinHashLSH,5845137,72,0.0,0.0,0.0,0.0,0.0,0.0,0,0.0,0.9027777777777778
ProbMinHashLSH,5490351,13,0.0,0.0,0.0,0.0,0.0,0.0,0,0.0,1.0
ProbMinHashLSH,1389845,6,0.0,0.0,0.0,0.0,0.0,0.0,0,0.0,1.0
ProbMinHashLSH,2223199,49,0.0,0.0,0.0,0.0,0.0,0.0,0,0.0,1.0
ProbMinHashLSH,313874,2,0.0,0.0,0.0,0.0,0.0,0.0,0,0.0,1.0
ProbMinHashLSH,2133704,4,0.0,0.0,0.0,0.0,0.0,0.0,0,0.0,1.0
ProbMinHashLSH,1712723,571,0.0,0.0,0.0,0.0,0.0,0.0,0,0.0,0.5166374781085814
ProbMinHashLSH,4207095,7,0.0,0.0,0.0,0.0,0.0,0.0,0,0.0,1.0
ProbMinHashLSH,4257437,7,0.0,0.0,0.0,0.0,0.0,0.0,0,0.0,1.0
ProbMinHashLSH,2866825,3,0.0,0.0,0.0,0.0,0.0,0.0,0,0.0,1.0
ProbMinHashLSH,1698385,20,0.0,0.0,0.0,0.0,0.0,0.0,0,0.0,1.0
ProbMinHashLSH,3349374,18,0.0,0.0,0.0,0.0,0.0,0.0,0,0.0,1.0
ProbMinHashLSH,2182546,0,0.0,0.0,0.0,0.0,0.0,0.0,0,0.0,0.0
ProbMinHashLSH,2053262,1,0.0,0.0,0.0,0.0,0.0,0.0,0,0.0,1.0
ProbMinHashLSH,4266176,26,0.0,0.0,0.0,0.0,0.0,0.0,0,0.0,1.0
ProbMinHashLSH,2963158,42,0.0,0.0,0.0,0.0,0.0,0.0,0,0.0,0.5476190476190477
ProbMinHashLSH,5458144,5,0.0,0.0,0.0,0.0,0.0,0.0,0,0.0,0.8
ProbMinHashLSH,3797871,6,0.0,0.0,0.0,0.0,0.0,0.0,0,0.0,1.0
ProbMinHashLSH,5512795,1,0.0,0.0,0.0,0.0,0.0,0.0,0,0.0,1.0
ProbMinHashLSH,5499635,9,0.0,0.0,0.0,0.0,0.0,0.0,0,0.0,1.0
ProbMinHashLSH,1874923,1,0.0,0.0,0.0,0.0,0.0,0.0,0,0.0,1.0
ProbMinHashLSH,623340,49,0.0,0.0,0.0,0.0,0.0,0.0,0,0.0,1.0
ProbMinHashLSH,3288985,2,0.0,0.0,0.0,0.0,0.0,0.0,0,0.0,1.0
ProbMinHashLSH,2818548,28,0.0,0.0,0.0,0.0,0.0,0.0,0,0.0,1.0
ProbMinHashLSH,4793901,30,0.0,0.0,0.0,0.0,0.0,0.0,0,0.0,1.0
ProbMinHashLSH,2305257,46,0.0,0.0,0.0,0.0,0.0,0.0,0,0.0,0.8043478260869565
ProbMinHashLSH,4549309,73,0.0,0.0,0.0,0.0,0.0,0.0,0,0.0,0.9726027397260274
ProbMinHashLSH,2972406,4,0.0,0.0,0.0,0.0,0.0,0.0,0,0.0,1.0
ProbMinHashLSH,3014250,3,0.0,0.0,0.0,0.0,0.0,0.0,0,0.0,1.0
ProbMinHashLSH,1672871,5,0.0,0.0,0.0,0.0,0.0,0.0,0,0.0,1.0
ProbMinHashLSH,1074798,3,0.0,0.0,0.0,0.0,0.0,0.0,0,0.0,1.0
ProbMinHashLSH,4248795,3,0.0,0.0,0.0,0.0,0.0,0.0,0,0.0,1.0
ProbMinHashLSH,6024428,4,0.0,0.0,0.0,0.0,0.0,0.0,0,0.0,1.0
ProbMinHashLSH,4475585,0,0.0,0.0,0.0,0.0,0.0,0.0,0,0.0,0.0
ProbMinHashLSH,5979841,0,0.0,0.0,0.0,0.0,0.0,0.0,0,0.0,0.0
ProbMinHashLSH,3646966,0,0.0,0.0,0.0,0.0,0.0,0.0,0,0.0,0.0
ProbMinHashLSH,3134845,1,0.0,0.0,0.0,0.0,0.0,0.0,0,0.0,1.0
ProbMinHashLSH,3657359,2,0.0,0.0,0.0,0.0,0.0,0.0,0,0.0,1.0
ProbMinHashLSH,3494751,13,0.0,0.0,0.0,0.0,0.0,0.0,0,0.0,0.7692307692307693
ProbMinHashLSH,4012235,15,0.0,0.0,0.0,0.0,0.0,0.0,0,0.0,1.0
ProbMinHashLSH,2872682,1,0.0,0.0,0.0,0.0,0.0,0.0,0,0.0,1.0
ProbMinHashLSH,4098349,2,0.0,0.0,0.0,0.0,0.0,0.0,0,0.0,1.0
ProbMinHashLSH,1939841,9,0.0,0.0,0.0,0.0,0.0,0.0,0,0.0,1.0
ProbMinHashLSH,3029287,0,0.0,0.0,0.0,0.0,0.0,0.0,0,0.0,0.0
ProbMinHashLSH,4270585,1,0.0,0.0,0.0,0.0,0.0,0.0,0,0.0,1.0
ProbMinHashLSH,6337530,9,0.0,0.0,0.0,0.0,0.0,0.0,0,0.0,1.0
ProbMinHashLSH,5559447,10,0.0,0.0,0.0,0.0,0.0,0.0,0,0.0,1.0
ProbMinHashLSH,2492200,16,0.0,0.0,0.0,0.0,0.0,0.0,0,0.0,1.0
ProbMinHashLSH,3506958,0,0.0,0.0,0.0,0.0,0.0,0.0,0,0.0,0.0
ProbMinHashLSH,4280289,4,0.0,0.0,0.0,0.0,0.0,0.0,0,0.0,1.0
ProbMinHashLSH,4600871,13,0.0,0.0,0.0,0.0,0.0,0.0,0,0.0,1.0
ProbMinHashLSH,5478105,111,0.0,0.0,0.0,0.0,0.0,0.0,0,0.0,1.0
ProbMinHashLSH,5161710,1,0.0,0.0,0.0,0.0,0.0,0.0,0,0.0,1.0
ProbMinHashLSH,2140677,9,0.0,0.0,0.0,0.0,0.0,0.0,0,0.0,1.0
ProbMinHashLSH,6244236,31,0.0,0.0,0.0,0.0,0.0,0.0,0,0.0,1.0
ProbMinHashLSH,3025411,30,0.0,0.0,0.0,0.0,0.0,0.0,0,0.0,0.9333333333333333
ProbMinHashLSH,1210230,10,0.0,0.0,0.0,0.0,0.0,0.0,0,0.0,1.0
ProbMinHashLSH,5891364,50,0.0,0.0,0.0,0.0,0.0,0.0,0,0.0,0.92
ProbMinHashLSH,1716415,5,0.0,0.0,0.0,0.0,0.0,0.0,0,0.0,1.0
ProbMinHashLSH,1149463,8,0.0,0.0,0.0,0.0,0.0,0.0,0,0.0,1.0
ProbMinHashLSH,4547086,2,0.0,0.0,0.0,0.0,0.0,0.0,0,0.0,1.0
ProbMinHashLSH,6201636,2,0.0,0.0,0.0,0.0,0.0,0.0,0,0.0,1.0
ProbMinHashLSH,426218,9,0.0,0.0,0.0,0.0,0.0,0.0,0,0.0,1.0
ProbMinHashLSH,5116237,21,0.0,0.0,0.0,0.0,0.0,0.0,0,0.0,1.0
ProbMinHashLSH,3375418,22,0.0,0.0,0.0,0.0,0.0,0.0,0,0.0,0.9090909090909091
ProbMinHashLSH,4644312,41,0.0,0.0,0.0,0.0,0.0,0.0,0,0.0,0.7317073170731707
ProbMinHashLSH,134842,4,0.0,0.0,0.0,0.0,0.0,0.0,0,0.0,1.0
ProbMinHashLSH,4710580,3,0.0,0.0,0.0,0.0,0.0,0.0,0,0.0,1.0
ProbMinHashLSH,581914,1,0.0,0.0,0.0,0.0,0.0,0.0,0,0.0,1.0
ProbMinHashLSH,1674565,12,0.0,0.0,0.0,0.0,0.0,0.0,0,0.0,1.0
ProbMinHashLSH,3369189,0,0.0,0.0,0.0,0.0,0.0,0.0,0,0.0,0.0
ProbMinHashLSH,5318494,12,0.0,0.0,0.0,0.0,0.0,0.0,0,0.0,1.0
ProbMinHashLSH,1956956,8,0.0,0.0,0.0,0.0,0.0,0.0,0,0.0,1.0
ProbMinHashLSH,3584287,2,0.0,0.0,0.0,0.0,0.0,0.0,0,0.0,1.0
ProbMinHashLSH,5871812,22,0.0,0.0,0.0,0.0,0.0,0.0,0,0.0,1.0
ProbMinHashLSH,4849183,10,0.0,0.0,0.0,0.0,0.0,0.0,0,0.0,1.0
ProbMinHashLSH,5519066,6,0.0,0.0,0.0,0.0,0.0,0.0,0,0.0,1.0
ProbMinHashLSH,5807249,2,0.0,0.0,0.0,0.0,0.0,0.0,0,0.0,1.0
ProbMinHashLSH,5161178,6,0.0,0.0,0.0,0.0,0.0,0.0,0,0.0,1.0
ProbMinHashLSH,3189416,4,0.0,0.0,0.0,0.0,0.0,0.0,0,0.0,1.0
ProbMinHashLSH,5093856,24,0.0,0.0,0.0,0.0,0.0,0.0,0,0.0,1.0
ProbMinHashLSH,14081,2,0.0,0.0,0.0,0.0,0.0,0.0,0,0.0,1.0
ProbMinHashLSH,3371797,8,0.0,0.0,0.0,0.0,0.0,0.0,0,0.0,1.0
ProbMinHashLSH,6009715,4,0.0,0.0,0.0,0.0,0.0,0.0,0,0.0,1.0
ProbMinHashLSH,5130169,39,0.0,0.0,0.0,0.0,0.0,0.0,0,0.0,1.0
ProbMinHashLSH,4536966,2,0.0,0.0,0.0,0.0,0.0,0.0,0,0.0,1.0
ProbMinHashLSH,5141891,3,0.0,0.0,0.0,0.0,0.0,0.0,0,0.0,1.0
ProbMinHashLSH,1056367,10,0.0,0.0,0.0,0.0,0.0,0.0,0,0.0,1.0
ProbMinHashLSH,3054306,45,0.0,0.0,0.0,0.0,0.0,0.0,0,0.0,0.9333333333333333
ProbMinHashLSH,1400501,29,0.0,0.0,0.0,0.0,0.0,0.0,0,0.0,1.0
ProbMinHashLSH,2129555,4,0.0,0.0,0.0,0.0,0.0,0.0,0,0.0,1.0
ProbMinHashLSH,2277682,9,0.0,0.0,0.0,0.0,0.0,0.0,0,0.0,1.0
ProbMinHashLSH,5216541,2,0.0,0.0,0.0,0.0,0.0,0.0,0,0.0,1.0
ProbMinHashLSH,2045127,8,0.0,0.0,0.0,0.0,0.0,0.0,0,0.0,1.0
ProbMinHashLSH,4656891,4,0.0,0.0,0.0,0.0,0.0,0.0,0,0.0,1.0
ProbMinHashLSH,2065591,2,0.0,0.0,0.0,0.0,0.0,0.0,0,0.0,1.0
ProbMinHashLSH,1131241,60,0.0,0.0,0.0,0.0,0.0,0.0,0,0.0,1.0
ProbMinHashLSH,3917828,12,0.0,0.0,0.0,0.0,0.0,0.0,0,0.0,1.0
ProbMinHashLSH,2284353,23,0.0,0.0,0.0,0.0,0.0,0.0,0,0.0,1.0
ProbMinHashLSH,3299760,6,0.0,0.0,0.0,0.0,0.0,0.0,0,0.0,1.0
ProbMinHashLSH,4048139,0,0.0,0.0,0.0,0.0,0.0,0.0,0,0.0,0.0
ProbMinHashLSH,2247982,4,0.0,0.0,0.0,0.0,0.0,0.0,0,0.0,1.0
ProbMinHashLSH,1621077,6,0.0,0.0,0.0,0.0,0.0,0.0,0,0.0,1.0
ProbMinHashLSH,3331144,5,0.0,0.0,0.0,0.0,0.0,0.0,0,0.0,1.0
ProbMinHashLSH,1792141,111,0.0,0.0,0.0,0.0,0.0,0.0,0,0.0,1.0
ProbMinHashLSH,1141676,43,0.0,0.0,0.0,0.0,0.0,0.0,0,0.0,0.8837209302325582
ProbMinHashLSH,1233181,16,0.0,0.0,0.0,0.0,0.0,0.0,0,0.0,1.0
ProbMinHashLSH,636700,15,0.0,0.0,0.0,0.0,0.0,0.0,0,0.0,1.0
ProbMinHashLSH,4671892,14,0.0,0.0,0.0,0.0,0.0,0.0,0,0.0,1.0
ProbMinHashLSH,2096772,12,0.0,0.0,0.0,0.0,0.0,0.0,0,0.0,1.0
ProbMinHashLSH,3394837,3,0.0,0.0,0.0,0.0,0.0,0.0,0,0.0,1.0
ProbMinHashLSH,6104666,1,0.0,0.0,0.0,0.0,0.0,0.0,0,0.0,1.0
ProbMinHashLSH,5315539,12,0.0,0.0,0.0,0.0,0.0,0.0,0,0.0,0.9166666666666666
ProbMinHashLSH,356041,2,0.0,0.0,0.0,0.0,0.0,0.0,0,0.0,1.0
ProbMinHashLSH,5763739,3,0.0,0.0,0.0,0.0,0.0,0.0,0,0.0,1.0
ProbMinHashLSH,2673476,4,0.0,0.0,0.0,0.0,0.0,0.0,0,0.0,1.0
ProbMinHashLSH,5612772,7,0.0,0.0,0.0,0.0,0.0,0.0,0,0.0,1.0
ProbMinHashLSH,5709980,29,0.0,0.0,0.0,0.0,0.0,0.0,0,0.0,1.0
ProbMinHashLSH,5374565,2,0.0,0.0,0.0,0.0,0.0,0.0,0,0.0,1.0
ProbMinHashLSH,2967781,10,0.0,0.0,0.0,0.0,0.0,0.0,0,0.0,1.0
ProbMinHashLSH,5157284,4,0.0,0.0,0.0,0.0,0.0,0.0,0,0.0,1.0
ProbMinHashLSH,5463212,10,0.0,0.0,0.0,0.0,0.0,0.0,0,0.0,1.0
ProbMinHashLSH,2276496,2,0.0,0.0,0.0,0.0,0.0,0.0,0,0.0,1.0
ProbMinHashLSH,2857216,10,0.0,0.0,0.0,0.0,0.0,0.0,0,0.0,1.0
ProbMinHashLSH,4067802,39,0.0,0.0,0.0,0.0,0.0,0.0,0,0.0,1.0
ProbMinHashLSH,3467850,101,0.0,0.0,0.0,0.0,0.0,0.0,0,0.0,1.0
ProbMinHashLSH,1466717,9,0.0,0.0,0.0,0.0,0.0,0.0,0,0.0,1.0
ProbMinHashLSH,6348401,49,0.0,0.0,0.0,0.0,0.0,0.0,0,0.0,1.0
ProbMinHashLSH,1045667,0,0.0,0.0,0.0,0.0,0.0,0.0,0,0.0,0.0
ProbMinHashLSH,4357655,9,0.0,0.0,0.0,0.0,0.0,0.0,0,0.0,1.0
ProbMinHashLSH,5355416,21,0.0,0.0,0.0,0.0,0.0,0.0,0,0.0,1.0
ProbMinHashLSH,2156003,30,0.0,0.0,0.0,0.0,0.0,0.0,0,0.0,1.0
ProbMinHashLSH,1340392,3,0.0,0.0,0.0,0.0,0.0,0.0,0,0.0,1.0
ProbMinHashLSH,144030,20,0.0,0.0,0.0,0.0,0.0,0.0,0,0.0,1.0
ProbMinHashLSH,5574465,19,0.0,0.0,0.0,0.0,0.0,0.0,0,0.0,1.0
ProbMinHashLSH,1549801,22,0.0,0.0,0.0,0.0,0.0,0.0,0,0.0,1.0
ProbMinHashLSH,3096727,0,0.0,0.0,0.0,0.0,0.0,0.0,0,0.0,0.0
ProbMinHashLSH,266254,5,0.0,0.0,0.0,0.0,0.0,0.0,0,0.0,1.0
ProbMinHashLSH,2465167,2,0.0,0.0,0.0,0.0,0.0,0.0,0,0.0,1.0
ProbMinHashLSH,470861,0,0.0,0.0,0.0,0.0,0.0,0.0,0,0.0,0.0
ProbMinHashLSH,34557,0,0.0,0.0,0.0,0.0,0.0,0.0,0,0.0,0.0
ProbMinHashLSH,4838265,0,0.0,0.0,0.0,0.0,0.0,0.0,0,0.0,0.0
ProbMinHashLSH,4151609,6,0.0,0.0,0.0,0.0,0.0,0.0,0,0.0,1.0
ProbMinHashLSH,3890237,13,0.0,0.0,0.0,0.0,0.0,0.0,0,0.0,1.0
ProbMinHashLSH,6031947,33,0.0,0.0,0.0,0.0,0.0,0.0,0,0.0,1.0
ProbMinHashLSH,1934038,4,0.0,0.0,0.0,0.0,0.0,0.0,0,0.0,1.0
ProbMinHashLSH,14039,20,0.0,0.0,0.0,0.0,0.0,0.0,0,0.0,0.95
ProbMinHashLSH,6019659,43,0.0,0.0,0.0,0.0,0.0,0.0,0,0.0,0.9302325581395349
ProbMinHashLSH,5860328,2,0.0,0.0,0.0,0.0,0.0,0.0,0,0.0,1.0
ProbMinHashLSH,6123851,0,0.0,0.0,0.0,0.0,0.0,0.0,0,0.0,0.0
ProbMinHashLSH,5004568,26,0.0,0.0,0.0,0.0,0.0,0.0,0,0.0,1.0
ProbMinHashLSH,3834869,6,0.0,0.0,0.0,0.0,0.0,0.0,0,0.0,1.0
ProbMinHashLSH,3312569,26,0.0,0.0,0.0,0.0,0.0,0.0,0,0.0,1.0
ProbMinHashLSH,2540577,8,0.0,0.0,0.0,0.0,0.0,0.0,0,0.0,1.0
ProbMinHashLSH,2329040,3,0.0,0.0,0.0,0.0,0.0,0.0,0,0.0,1.0
ProbMinHashLSH,3827249,2,0.0,0.0,0.0,0.0,0.0,0.0,0,0.0,1.0
ProbMinHashLSH,6238444,2,0.0,0.0,0.0,0.0,0.0,0.0,0,0.0,1.0
ProbMinHashLSH,5537725,4,0.0,0.0,0.0,0.0,0.0,0.0,0,0.0,1.0
ProbMinHashLSH,2150872,4,0.0,0.0,0.0,0.0,0.0,0.0,0,0.0,1.0
ProbMinHashLSH,5375968,24,0.0,0.0,0.0,0.0,0.0,0.0,0,0.0,1.0
ProbMinHashLSH,2412075,12,0.0,0.0,0.0,0.0,0.0,0.0,0,0.0,1.0
ProbMinHashLSH,4711167,51,0.0,0.0,0.0,0.0,0.0,0.0,0,0.0,0.8431372549019608
ProbMinHashLSH,5656940,3,0.0,0.0,0.0,0.0,0.0,0.0,0,0.0,1.0
ProbMinHashLSH,4298954,3,0.0,0.0,0.0,0.0,0.0,0.0,0,0.0,1.0
ProbMinHashLSH,1459856,15,0.0,0.0,0.0,0.0,0.0,0.0,0,0.0,1.0
ProbMinHashLSH,6085026,6,0.0,0.0,0.0,0.0,0.0,0.0,0,0.0,1.0
ProbMinHashLSH,4987229,8,0.0,0.0,0.0,0.0,0.0,0.0,0,0.0,1.0
ProbMinHashLSH,2111910,192,0.0,0.0,0.0,0.0,0.0,0.0,0,0.0,1.0
ProbMinHashLSH,6019970,7,0.0,0.0,0.0,0.0,0.0,0.0,0,0.0,1.0
ProbMinHashLSH,4736213,3,0.0,0.0,0.0,0.0,0.0,0.0,0,0.0,1.0
ProbMinHashLSH,1470710,1,0.0,0.0,0.0,0.0,0.0,0.0,0,0.0,1.0
ProbMinHashLSH,2525335,6,0.0,0.0,0.0,0.0,0.0,0.0,0,0.0,1.0
ProbMinHashLSH,3076814,84,0.0,0.0,0.0,0.0,0.0,0.0,0,0.0,1.0
ProbMinHashLSH,4497077,45,0.0,0.0,0.0,0.0,0.0,0.0,0,0.0,1.0
ProbMinHashLSH,1484311,5,0.0,0.0,0.0,0.0,0.0,0.0,0,0.0,1.0
ProbMinHashLSH,3130029,5,0.0,0.0,0.0,0.0,0.0,0.0,0,0.0,1.0
ProbMinHashLSH,1411378,10,0.0,0.0,0.0,0.0,0.0,0.0,0,0.0,1.0
ProbMinHashLSH,4631905,5,0.0,0.0,0.0,0.0,0.0,0.0,0,0.0,1.0
ProbMinHashLSH,4547288,4,0.0,0.0,0.0,0.0,0.0,0.0,0,0.0,1.0
ProbMinHashLSH,468377,5,0.0,0.0,0.0,0.0,0.0,0.0,0,0.0,1.0
ProbMinHashLSH,5245704,6,0.0,0.0,0.0,0.0,0.0,0.0,0,0.0,1.0
ProbMinHashLSH,2571620,10,0.0,0.0,0.0,0.0,0.0,0.0,0,0.0,1.0
ProbMinHashLSH,3633749,0,0.0,0.0,0.0,0.0,0.0,0.0,0,0.0,0.0
ProbMinHashLSH,4271222,17,0.0,0.0,0.0,0.0,0.0,0.0,0,0.0,0.9411764705882353
ProbMinHashLSH,3486001,10,0.0,0.0,0.0,0.0,0.0,0.0,0,0.0,1.0
ProbMinHashLSH,5069519,2,0.0,0.0,0.0,0.0,0.0,0.0,0,0.0,1.0
ProbMinHashLSH,1216804,5,0.0,0.0,0.0,0.0,0.0,0.0,0,0.0,1.0
ProbMinHashLSH,4112705,46,0.0,0.0,0.0,0.0,0.0,0.0,0,0.0,1.0
ProbMinHashLSH,3737610,33,0.0,0.0,0.0,0.0,0.0,0.0,0,0.0,0.9090909090909091
ProbMinHashLSH,4154683,50,0.0,0.0,0.0,0.0,0.0,0.0,0,0.0,0.84
ProbMinHashLSH,3730430,0,0.0,0.0,0.0,0.0,0.0,0.0,0,0.0,0.0
ProbMinHashLSH,4237791,6,0.0,0.0,0.0,0.0,0.0,0.0,0,0.0,1.0
ProbMinHashLSH,2573332,14,0.0,0.0,0.0,0.0,0.0,0.0,0,0.0,1.0
ProbMinHashLSH,106544,73,0.0,0.0,0.0,0.0,0.0,0.0,0,0.0,0.958904109589041
ProbMinHashLSH,1334134,38,0.0,0.0,0.0,0.0,0.0,0.0,0,0.0,1.0
ProbMinHashLSH,4497363,3,0.0,0.0,0.0,0.0,0.0,0.0,0,0.0,1.0
ProbMinHashLSH,6002614,0,0.0,0.0,0.0,0.0,0.0,0.0,0,0.0,0.0
ProbMinHashLSH,4211860,1,0.0,0.0,0.0,0.0,0.0,0.0,0,0.0,1.0
ProbMinHashLSH,3580359,488,0.0,0.0,0.0,0.0,0.0,0.0,0,0.0,1.0
ProbMinHashLSH,4382311,3,0.0,0.0,0.0,0.0,0.0,0.0,0,0.0,1.0
ProbMinHashLSH,4431314,3,0.0,0.0,0.0,0.0,0.0,0.0,0,0.0,1.0
ProbMinHashLSH,4241244,0,0.0,0.0,0.0,0.0,0.0,0.0,0,0.0,0.0
ProbMinHashLSH,4196959,12,0.0,0.0,0.0,0.0,0.0,0.0,0,0.0,1.0
ProbMinHashLSH,1949648,3,0.0,0.0,0.0,0.0,0.0,0.0,0,0.0,1.0
ProbMinHashLSH,5078384,6,0.0,0.0,0.0,0.0,0.0,0.0,0,0.0,1.0
ProbMinHashLSH,5097701,9,0.0,0.0,0.0,0.0,0.0,0.0,0,0.0,1.0
ProbMinHashLSH,1451762,50,0.0,0.0,0.0,0.0,0.0,0.0,0,0.0,1.0
ProbMinHashLSH,6002684,0,0.0,0.0,0.0,0.0,0.0,0.0,0,0.0,0.0
ProbMinHashLSH,5825909,3,0.0,0.0,0.0,0.0,0.0,0.0,0,0.0,1.0
ProbMinHashLSH,4496667,3,0.0,0.0,0.0,0.0,0.0,0.0,0,0.0,1.0
ProbMinHashLSH,5255518,2,0.0,0.0,0.0,0.0,0.0,0.0,0,0.0,1.0
ProbMinHashLSH,2440457,2,0.0,0.0,0.0,0.0,0.0,0.0,0,0.0,1.0
ProbMinHashLSH,1671070,1,0.0,0.0,0.0,0.0,0.0,0.0,0,0.0,1.0
ProbMinHashLSH,4131094,6,0.0,0.0,0.0,0.0,0.0,0.0,0,0.0,1.0
ProbMinHashLSH,3152728,4,0.0,0.0,0.0,0.0,0.0,0.0,0,0.0,1.0
ProbMinHashLSH,289549,25,0.0,0.0,0.0,0.0,0.0,0.0,0,0.0,0.96
ProbMinHashLSH,1506519,10,0.0,0.0,0.0,0.0,0.0,0.0,0,0.0,1.0
ProbMinHashLSH,3516831,26,0.0,0.0,0.0,0.0,0.0,0.0,0,0.0,1.0
ProbMinHashLSH,1509884,0,0.0,0.0,0.0,0.0,0.0,0.0,0,0.0,0.0
ProbMinHashLSH,3449914,0,0.0,0.0,0.0,0.0,0.0,0.0,0,0.0,0.0
ProbMinHashLSH,5452715,2,0.0,0.0,0.0,0.0,0.0,0.0,0,0.0,1.0
ProbMinHashLSH,1220618,27,0.0,0.0,0.0,0.0,0.0,0.0,0,0.0,1.0
ProbMinHashLSH,1711487,0,0.0,0.0,0.0,0.0,0.0,0.0,0,0.0,0.0
ProbMinHashLSH,5475534,35,0.0,0.0,0.0,0.0,0.0,0.0,0,0.0,1.0
ProbMinHashLSH,5446866,3,0.0,0.0,0.0,0.0,0.0,0.0,0,0.0,1.0
ProbMinHashLSH,4222138,17,0.0,0.0,0.0,0.0,0.0,0.0,0,0.0,1.0
ProbMinHashLSH,427641,17,0.0,0.0,0.0,0.0,0.0,0.0,0,0.0,1.0
ProbMinHashLSH,2497872,7,0.0,0.0,0.0,0.0,0.0,0.0,0,0.0,1.0
ProbMinHashLSH,6268528,8,0.0,0.0,0.0,0.0,0.0,0.0,0,0.0,1.0
ProbMinHashLSH,5523895,24,0.0,0.0,0.0,0.0,0.0,0.0,0,0.0,1.0
ProbMinHashLSH,5012075,3,0.0,0.0,0.0,0.0,0.0,0.0,0,0.0,1.0
ProbMinHashLSH,629903,3,0.0,0.0,0.0,0.0,0.0,0.0,0,0.0,1.0
ProbMinHashLSH,618954,0,0.0,0.0,0.0,0.0,0.0,0.0,0,0.0,0.0
ProbMinHashLSH,1747307,8,0.0,0.0,0.0,0.0,0.0,0.0,0,0.0,1.0
ProbMinHashLSH,2663232,18,0.0,0.0,0.0,0.0,0.0,0.0,0,0.0,1.0
ProbMinHashLSH,5109015,9,0.0,0.0,0.0,0.0,0.0,0.0,0,0.0,1.0
ProbMinHashLSH,398287,44,0.0,0.0,0.0,0.0,0.0,0.0,0,0.0,1.0
ProbMinHashLSH,374300,0,0.0,0.0,0.0,0.0,0.0,0.0,0,0.0,0.0
ProbMinHashLSH,4965925,2,0.0,0.0,0.0,0.0,0.0,0.0,0,0.0,1.0
ProbMinHashLSH,3337510,33,0.0,0.0,0.0,0.0,0.0,0.0,0,0.0,1.0
ProbMinHashLSH,4071243,13,0.0,0.0,0.0,0.0,0.0,0.0,0,0.0,1.0
ProbMinHashLSH,2944561,3,0.0,0.0,0.0,0.0,0.0,0.0,0,0.0,1.0
ProbMinHashLSH,6334469,57,0.0,0.0,0.0,0.0,0.0,0.0,0,0.0,0.9649122807017544
ProbMinHashLSH,4710152,11,0.0,0.0,0.0,0.0,0.0,0.0,0,0.0,1.0
ProbMinHashLSH,4019189,4,0.0,0.0,0.0,0.0,0.0,0.0,0,0.0,1.0
ProbMinHashLSH,1008960,2,0.0,0.0,0.0,0.0,0.0,0.0,0,0.0,1.0
ProbMinHashLSH,385828,84,0.0,0.0,0.0,0.0,0.0,0.0,0,0.0,1.0
ProbMinHashLSH,2398763,0,0.0,0.0,0.0,0.0,0.0,0.0,0,0.0,0.0
ProbMinHashLSH,5749657,6,0.0,0.0,0.0,0.0,0.0,0.0,0,0.0,1.0
ProbMinHashLSH,2564110,7,0.0,0.0,0.0,0.0,0.0,0.0,0,0.0,1.0
ProbMinHashLSH,248965,5,0.0,0.0,0.0,0.0,0.0,0.0,0,0.0,1.0
ProbMinHashLSH,2553883,13,0.0,0.0,0.0,0.0,0.0,0.0,0,0.0,1.0
ProbMinHashLSH,1109802,2,0.0,0.0,0.0,0.0,0.0,0.0,0,0.0,1.0
ProbMinHashLSH,4244456,2,0.0,0.0,0.0,0.0,0.0,0.0,0,0.0,1.0
ProbMinHashLSH,6228621,8,0.0,0.0,0.0,0.0,0.0,0.0,0,0.0,1.0
ProbMinHashLSH,5017515,19,0.0,0.0,0.0,0.0,0.0,0.0,0,0.0,1.0
ProbMinHashLSH,118186,22,0.0,0.0,0.0,0.0,0.0,0.0,0,0.0,1.0
ProbMinHashLSH,1486403,17,0.0,0.0,0.0,0.0,0.0,0.0,0,0.0,1.0
ProbMinHashLSH,3886844,0,0.0,0.0,0.0,0.0,0.0,0.0,0,0.0,0.0
ProbMinHashLSH,1332237,0,0.0,0.0,0.0,0.0,0.0,0.0,0,0.0,0.0
ProbMinHashLSH,5089218,4,0.0,0.0,0.0,0.0,0.0,0.0,0,0.0,1.0
ProbMinHashLSH,252193,0,0.0,0.0,0.0,0.0,0.0,0.0,0,0.0,0.0
ProbMinHashLSH,4677589,1,0.0,0.0,0.0,0.0,0.0,0.0,0,0.0,1.0
ProbMinHashLSH,4192405,4,0.0,0.0,0.0,0.0,0.0,0.0,0,0.0,1.0
ProbMinHashLSH,5799660,5,0.0,0.0,0.0,0.0,0.0,0.0,0,0.0,1.0
ProbMinHashLSH,4499704,1,0.0,0.0,0.0,0.0,0.0,0.0,0,0.0,1.0
ProbMinHashLSH,5739806,2,0.0,0.0,0.0,0.0,0.0,0.0,0,0.0,1.0
ProbMinHashLSH,4590235,0,0.0,0.0,0.0,0.0,0.0,0.0,0,0.0,0.0
ProbMinHashLSH,2882474,1,0.0,0.0,0.0,0.0,0.0,0.0,0,0.0,1.0
ProbMinHashLSH,1456935,12,0.0,0.0,0.0,0.0,0.0,0.0,0,0.0,1.0
ProbMinHashLSH,5273871,30,0.0,0.0,0.0,0.0,0.0,0.0,0,0.0,1.0
ProbMinHashLSH,2775930,3,0.0,0.0,0.0,0.0,0.0,0.0,0,0.0,1.0
ProbMinHashLSH,4287619,7,0.0,0.0,0.0,0.0,0.0,0.0,0,0.0,1.0
ProbMinHashLSH,307373,38,0.0,0.0,0.0,0.0,0.0,0.0,0,0.0,1.0
ProbMinHashLSH,4921122,1,0.0,0.0,0.0,0.0,0.0,0.0,0,0.0,1.0
ProbMinHashLSH,1140444,6,0.0,0.0,0.0,0.0,0.0,0.0,0,0.0,1.0
ProbMinHashLSH,2380941,12,0.0,0.0,0.0,0.0,0.0,0.0,0,0.0,1.0
ProbMinHashLSH,2964885,4,0.0,0.0,0.0,0.0,0.0,0.0,0,0.0,1.0
ProbMinHashLSH,1409524,9,0.0,0.0,0.0,0.0,0.0,0.0,0,0.0,1.0
ProbMinHashLSH,3952935,2,0.0,0.0,0.0,0.0,0.0,0.0,0,0.0,1.0
ProbMinHashLSH,4065797,104,0.0,0.0,0.0,0.0,0.0,0.0,0,0.0,1.0
ProbMinHashLSH,1987019,0,0.0,0.0,0.0,0.0,0.0,0.0,0,0.0,0.0
ProbMinHashLSH,3944044,2,0.0,0.0,0.0,0.0,0.0,0.0,0,0.0,1.0
ProbMinHashLSH,5245492,2,0.0,0.0,0.0,0.0,0.0,0.0,0,0.0,1.0
ProbMinHashLSH,1906998,3,0.0,0.0,0.0,0.0,0.0,0.0,0,0.0,1.0
ProbMinHashLSH,2070689,5,0.0,0.0,0.0,0.0,0.0,0.0,0,0.0,1.0
ProbMinHashLSH,4479260,25,0.0,0.0,0.0,0.0,0.0,0.0,0,0.0,1.0
ProbMinHashLSH,5287891,7,0.0,0.0,0.0,0.0,0.0,0.0,0,0.0,1.0
ProbMinHashLSH,5282651,15,0.0,0.0,0.0,0.0,0.0,0.0,0,0.0,1.0
ProbMinHashLSH,2659553,1,0.0,0.0,0.0,0.0,0.0,0.0,0,0.0,1.0
ProbMinHashLSH,2947113,6,0.0,0.0,0.0,0.0,0.0,0.0,0,0.0,1.0
ProbMinHashLSH,4164689,3,0.0,0.0,0.0,0.0,0.0,0.0,0,0.0,1.0
ProbMinHashLSH,5746950,2,0.0,0.0,0.0,0.0,0.0,0.0,0,0.0,1.0
ProbMinHashLSH,459476,6,0.0,0.0,0.0,0.0,0.0,0.0,0,0.0,1.0
ProbMinHashLSH,5976027,6,0.0,0.0,0.0,0.0,0.0,0.0,0,0.0,1.0
ProbMinHashLSH,1341370,10,0.0,0.0,0.0,0.0,0.0,0.0,0,0.0,1.0
ProbMinHashLSH,5233318,0,0.0,0.0,0.0,0.0,0.0,0.0,0,0.0,0.0
ProbMinHashLSH,247695,19,0.0,0.0,0.0,0.0,0.0,0.0,0,0.0,1.0
ProbMinHashLSH,5978756,0,0.0,0.0,0.0,0.0,0.0,0.0,0,0.0,0.0
ProbMinHashLSH,6018740,5,0.0,0.0,0.0,0.0,0.0,0.0,0,0.0,1.0
ProbMinHashLSH,4379005,0,0.0,0.0,0.0,0.0,0.0,0.0,0,0.0,0.0
ProbMinHashLSH,1358442,5,0.0,0.0,0.0,0.0,0.0,0.0,0,0.0,1.0
ProbMinHashLSH,2396449,13,0.0,0.0,0.0,0.0,0.0,0.0,0,0.0,1.0
ProbMinHashLSH,1162415,0,0.0,0.0,0.0,0.0,0.0,0.0,0,0.0,0.0
ProbMinHashLSH,1744672,28,0.0,0.0,0.0,0.0,0.0,0.0,0,0.0,1.0
ProbMinHashLSH,1140078,0,0.0,0.0,0.0,0.0,0.0,0.0,0,0.0,0.0
ProbMinHashLSH,3106757,3,0.0,0.0,0.0,0.0,0.0,0.0,0,0.0,1.0
ProbMinHashLSH,1003655,4,0.0,0.0,0.0,0.0,0.0,0.0,0,0.0,1.0
ProbMinHashLSH,1704209,25,0.0,0.0,0.0,0.0,0.0,0.0,0,0.0,1.0
ProbMinHashLSH,5704761,5,0.0,0.0,0.0,0.0,0.0,0.0,0,0.0,1.0
ProbMinHashLSH,5531947,14,0.0,0.0,0.0,0.0,0.0,0.0,0,0.0,1.0
ProbMinHashLSH,3045502,2,0.0,0.0,0.0,0.0,0.0,0.0,0,0.0,1.0
ProbMinHashLSH,623100,2,0.0,0.0,0.0,0.0,0.0,0.0,0,0.0,1.0
ProbMinHashLSH,2642439,6,0.0,0.0,0.0,0.0,0.0,0.0,0,0.0,1.0
ProbMinHashLSH,5276254,6,0.0,0.0,0.0,0.0,0.0,0.0,0,0.0,1.0
ProbMinHashLSH,1704362,3,0.0,0.0,0.0,0.0,0.0,0.0,0,0.0,1.0
ProbMinHashLSH,3028180,1,0.0,0.0,0.0,0.0,0.0,0.0,0,0.0,1.0
ProbMinHashLSH,1444620,1,0.0,0.0,0.0,0.0,0.0,0.0,0,0.0,1.0
ProbMinHashLSH,3150630,4,0.0,0.0,0.0,0.0,0.0,0.0,0,0.0,1.0
ProbMinHashLSH,2272178,81,0.0,0.0,0.0,0.0,0.0,0.0,0,0.0,1.0
ProbMinHashLSH,5427227,19,0.0,0.0,0.0,0.0,0.0,0.0,0,0.0,1.0
ProbMinHashLSH,4313573,562,0.0,0.0,0.0,0.0,0.0,0.0,0,0.0,0.9377224199288257
ProbMinHashLSH,5798963,1,0.0,0.0,0.0,0.0,0.0,0.0,0,0.0,1.0
ProbMinHashLSH,5919132,58,0.0,0.0,0.0,0.0,0.0,0.0,0,0.0,0.8620689655172413
ProbMinHashLSH,325775,4,0.0,0.0,0.0,0.0,0.0,0.0,0,0.0,1.0
ProbMinHashLSH,2284504,2,0.0,0.0,0.0,0.0,0.0,0.0,0,0.0,1.0
ProbMinHashLSH,323727,22,0.0,0.0,0.0,0.0,0.0,0.0,0,0.0,1.0
ProbMinHashLSH,2367373,43,0.0,0.0,0.0,0.0,0.0,0.0,0,0.0,1.0
ProbMinHashLSH,2818639,0,0.0,0.0,0.0,0.0,0.0,0.0,0,0.0,0.0
ProbMinHashLSH,4730229,8,0.0,0.0,0.0,0.0,0.0,0.0,0,0.0,1.0
ProbMinHashLSH,3908695,3,0.0,0.0,0.0,0.0,0.0,0.0,0,0.0,1.0
ProbMinHashLSH,5142481,1,0.0,0.0,0.0,0.0,0.0,0.0,0,0.0,1.0
ProbMinHashLSH,5726137,30,0.0,0.0,0.0,0.0,0.0,0.0,0,0.0,0.9333333333333333
ProbMinHashLSH,5029187,2,0.0,0.0,0.0,0.0,0.0,0.0,0,0.0,1.0
ProbMinHashLSH,2147283,2,0.0,0.0,0.0,0.0,0.0,0.0,0,0.0,1.0
ProbMinHashLSH,2047468,10,0.0,0.0,0.0,0.0,0.0,0.0,0,0.0,1.0
ProbMinHashLSH,4513386,9,0.0,0.0,0.0,0.0,0.0,0.0,0,0.0,1.0
ProbMinHashLSH,2295012,14,0.0,0.0,0.0,0.0,0.0,0.0,0,0.0,1.0
ProbMinHashLSH,1193461,71,0.0,0.0,0.0,0.0,0.0,0.0,0,0.0,1.0
ProbMinHashLSH,4289882,0,0.0,0.0,0.0,0.0,0.0,0.0,0,0.0,0.0
ProbMinHashLSH,450211,28,0.0,0.0,0.0,0.0,0.0,0.0,0,0.0,1.0
ProbMinHashLSH,6106194,2,0.0,0.0,0.0,0.0,0.0,0.0,0,0.0,1.0
ProbMinHashLSH,5150046,0,0.0,0.0,0.0,0.0,0.0,0.0,0,0.0,0.0
ProbMinHashLSH,4659608,0,0.0,0.0,0.0,0.0,0.0,0.0,0,0.0,0.0
ProbMinHashLSH,1326539,12,0.0,0.0,0.0,0.0,0.0,0.0,0,0.0,1.0
ProbMinHashLSH,4370797,4,0.0,0.0,0.0,0.0,0.0,0.0,0,0.0,1.0
ProbMinHashLSH,3954786,5,0.0,0.0,0.0,0.0,0.0,0.0,0,0.0,0.8
ProbMinHashLSH,1313562,10,0.0,0.0,0.0,0.0,0.0,0.0,0,0.0,1.0
ProbMinHashLSH,5360190,3,0.0,0.0,0.0,0.0,0.0,0.0,0,0.0,1.0
ProbMinHashLSH,2154201,43,0.0,0.0,0.0,0.0,0.0,0.0,0,0.0,1.0
ProbMinHashLSH,5802495,0,0.0,0.0,0.0,0.0,0.0,0.0,0,0.0,0.0
ProbMinHashLSH,442927,6,0.0,0.0,0.0,0.0,0.0,0.0,0,0.0,1.0
ProbMinHashLSH,4708186,1,0.0,0.0,0.0,0.0,0.0,0.0,0,0.0,1.0
ProbMinHashLSH,4185516,7,0.0,0.0,0.0,0.0,0.0,0.0,0,0.0,1.0
ProbMinHashLSH,6065753,4,0.0,0.0,0.0,0.0,0.0,0.0,0,0.0,1.0
ProbMinHashLSH,5599908,11,0.0,0.0,0.0,0.0,0.0,0.0,0,0.0,1.0
ProbMinHashLSH,4944787,5,0.0,0.0,0.0,0.0,0.0,0.0,0,0.0,1.0
ProbMinHashLSH,6252676,5,0.0,0.0,0.0,0.0,0.0,0.0,0,0.0,1.0
ProbMinHashLSH,30491,13,0.0,0.0,0.0,0.0,0.0,0.0,0,0.0,1.0
ProbMinHashLSH,5223234,3,0.0,0.0,0.0,0.0,0.0,0.0,0,0.0,1.0
ProbMinHashLSH,617680,1,0.0,0.0,0.0,0.0,0.0,0.0,0,0.0,1.0
ProbMinHashLSH,5219299,10,0.0,0.0,0.0,0.0,0.0,0.0,0,0.0,1.0
ProbMinHashLSH,2898439,5,0.0,0.0,0.0,0.0,0.0,0.0,0,0.0,1.0
ProbMinHashLSH,3243817,58,0.0,0.0,0.0,0.0,0.0,0.0,0,0.0,0.9137931034482759
ProbMinHashLSH,3021056,168,0.0,0.0,0.0,0.0,0.0,0.0,0,0.0,1.0
ProbMinHashLSH,200026,5,0.0,0.0,0.0,0.0,0.0,0.0,0,0.0,0.8
ProbMinHashLSH,4511591,28,0.0,0.0,0.0,0.0,0.0,0.0,0,0.0,1.0
ProbMinHashLSH,5843246,10,0.0,0.0,0.0,0.0,0.0,0.0,0,0.0,1.0
ProbMinHashLSH,1482995,3,0.0,0.0,0.0,0.0,0.0,0.0,0,0.0,1.0
ProbMinHashLSH,1118987,4,0.0,0.0,0.0,0.0,0.0,0.0,0,0.0,1.0
ProbMinHashLSH,6344891,13,0.0,0.0,0.0,0.0,0.0,0.0,0,0.0,1.0
ProbMinHashLSH,3201824,14,0.0,0.0,0.0,0.0,0.0,0.0,0,0.0,1.0
ProbMinHashLSH,3911637,1,0.0,0.0,0.0,0.0,0.0,0.0,0,0.0,1.0
ProbMinHashLSH,5325451,0,0.0,0.0,0.0,0.0,0.0,0.0,0,0.0,0.0
ProbMinHashLSH,4221125,5,0.0,0.0,0.0,0.0,0.0,0.0,0,0.0,1.0
ProbMinHashLSH,2200424,1,0.0,0.0,0.0,0.0,0.0,0.0,0,0.0,1.0
ProbMinHashLSH,1379072,3,0.0,0.0,0.0,0.0,0.0,0.0,0,0.0,1.0
ProbMinHashLSH,4852704,2,0.0,0.0,0.0,0.0,0.0,0.0,0,0.0,1.0
ProbMinHashLSH,488165,2,0.0,0.0,0.0,0.0,0.0,0.0,0,0.0,1.0
ProbMinHashLSH,3577571,50,0.0,0.0,0.0,0.0,0.0,0.0,0,0.0,1.0
ProbMinHashLSH,5044872,4,0.0,0.0,0.0,0.0,0.0,0.0,0,0.0,1.0
ProbMinHashLSH,5921798,27,0.0,0.0,0.0,0.0,0.0,0.0,0,0.0,1.0
ProbMinHashLSH,1807641,29,0.0,0.0,0.0,0.0,0.0,0.0,0,0.0,1.0
ProbMinHashLSH,4186465,103,0.0,0.0,0.0,0.0,0.0,0.0,0,0.0,1.0
ProbMinHashLSH,3969739,14,0.0,0.0,0.0,0.0,0.0,0.0,0,0.0,1.0
ProbMinHashLSH,1784190,7,0.0,0.0,0.0,0.0,0.0,0.0,0,0.0,1.0
ProbMinHashLSH,3451282,6,0.0,0.0,0.0,0.0,0.0,0.0,0,0.0,1.0
ProbMinHashLSH,4602526,24,0.0,0.0,0.0,0.0,0.0,0.0,0,0.0,1.0
ProbMinHashLSH,6094792,0,0.0,0.0,0.0,0.0,0.0,0.0,0,0.0,0.0
ProbMinHashLSH,2099269,58,0.0,0.0,0.0,0.0,0.0,0.0,0,0.0,0.8620689655172413
ProbMinHashLSH,5995908,0,0.0,0.0,0.0,0.0,0.0,0.0,0,0.0,0.0
ProbMinHashLSH,5688213,20,0.0,0.0,0.0,0.0,0.0,0.0,0,0.0,1.0
ProbMinHashLSH,3758627,4,0.0,0.0,0.0,0.0,0.0,0.0,0,0.0,1.0
ProbMinHashLSH,2999367,12,0.0,0.0,0.0,0.0,0.0,0.0,0,0.0,1.0
ProbMinHashLSH,5835162,13,0.0,0.0,0.0,0.0,0.0,0.0,0,0.0,1.0
ProbMinHashLSH,1169611,42,0.0,0.0,0.0,0.0,0.0,0.0,0,0.0,1.0
ProbMinHashLSH,2242006,7,0.0,0.0,0.0,0.0,0.0,0.0,0,0.0,1.0
ProbMinHashLSH,2100845,15,0.0,0.0,0.0,0.0,0.0,0.0,0,0.0,1.0
ProbMinHashLSH,1179775,5,0.0,0.0,0.0,0.0,0.0,0.0,0,0.0,1.0
ProbMinHashLSH,2337021,0,0.0,0.0,0.0,0.0,0.0,0.0,0,0.0,0.0
ProbMinHashLSH,5164352,3,0.0,0.0,0.0,0.0,0.0,0.0,0,0.0,1.0
ProbMinHashLSH,4356762,5,0.0,0.0,0.0,0.0,0.0,0.0,0,0.0,1.0
ProbMinHashLSH,2067626,111,0.0,0.0,0.0,0.0,0.0,0.0,0,0.0,1.0
ProbMinHashLSH,1495570,20,0.0,0.0,0.0,0.0,0.0,0.0,0,0.0,1.0
ProbMinHashLSH,3561152,21,0.0,0.0,0.0,0.0,0.0,0.0,0,0.0,1.0
ProbMinHashLSH,2021764,58,0.0,0.0,0.0,0.0,0.0,0.0,0,0.0,0.9655172413793104
ProbMinHashLSH,4339074,8,0.0,0.0,0.0,0.0,0.0,0.0,0,0.0,1.0
ProbMinHashLSH,5148632,2,0.0,0.0,0.0,0.0,0.0,0.0,0,0.0,1.0
ProbMinHashLSH,3012761,56,0.0,0.0,0.0,0.0,0.0,0.0,0,0.0,1.0
ProbMinHashLSH,5347592,8,0.0,0.0,0.0,0.0,0.0,0.0,0,0.0,1.0
ProbMinHashLSH,1539123,25,0.0,0.0,0.0,0.0,0.0,0.0,0,0.0,0.96
ProbMinHashLSH,595893,46,0.0,0.0,0.0,0.0,0.0,0.0,0,0.0,0.8043478260869565
ProbMinHashLSH,4733461,6,0.0,0.0,0.0,0.0,0.0,0.0,0,0.0,1.0
ProbMinHashLSH,2364708,2,0.0,0.0,0.0,0.0,0.0,0.0,0,0.0,1.0
