SrcIPF0,DstIPF0,DstPortF0,SrcIPF2,DstIPF2,DstPortF2,Events_F1,SrcIP_BurstIndex,DstIP_BurstIndex,DstPort_BurstIndex,SrcIP_Concentration,DstIP_Concentration,DstPort_Concentration,SrcIP_MaxCount,DstIP_MaxCount,DstPort_MaxCount,SrcIP_FractionOfMass,DstIP_FractionOfMass,DstPort_FractionOfMass,Attack
57,48,77,748.5,818.0,4917.5,97,0.07955149325114252,0.0869380380486768,0.5226378998830906,0.23037857802400738,0.3550347222222222,0.8293978748524203,14,12,67,0.4329896907216495,0.35051546391752575,0.8969072164948454,1
72,49,52,638.0,693.5,4662.25,81,0.0972412741960067,0.10570035055631763,0.710600518213687,0.12307098765432099,0.2888379841732611,1.7242048816568047,12,0,65,0.37037037037037035,0.0,1.037037037037037,1
76,64,77,21260.5,25858.0,119666.0,591,0.06086932870668602,0.07403208305060968,0.3426066691288676,3.680834487534626,6.31298828125,20.183167481868782,72,66,299,0.4196277495769882,0.33671742808798644,0.7817258883248731,0
70,42,648,69953.5,71076.0,184904.5,959,0.07606278698809696,0.07728331888991943,0.20105286506951867,14.276224489795919,40.29251700680272,0.4403494608291419,98,98,425,0.2659019812304484,0.28154327424400416,0.6538060479666319,0
70,43,188,20832.0,20764.0,32044.25,479,0.09079458335694143,0.09049821086902515,0.13966226611634364,4.251428571428572,11.229853975121687,0.906639033499321,58,70,158,0.12734864300626306,0.14822546972860126,0.6033402922755741,0
70,45,193,5789.5,5984.5,4338.0,271,0.07883198758186843,0.08148718018545499,0.059067823150556226,1.1815306122448979,2.9553086419753085,0.11645950226851727,33,39,50,0.3726937269372694,0.4612546125461255,0.22878228782287824,0
72,45,395,7124.0,6865.75,4232.5,319,0.07000717367164237,0.06746936449130807,0.04159255510460785,1.3742283950617284,3.3904938271604936,0.027127062970677775,39,45,49,0.445141065830721,0.3730407523510972,0.219435736677116,0
70,47,630,4849.5,5795.25,4462.75,235,0.08781349026708918,0.10493888637392486,0.0808103214124038,0.9896938775510205,2.6234721593481214,0.011244016124968505,40,34,43,0.46382978723404256,0.2723404255319149,0.18723404255319148,0
76,59,305,4648.75,5372.75,3703.75,207,0.10849144670820789,0.12538799038483978,0.08643725641205162,0.8048389889196675,1.5434501580005746,0.039814565976887935,35,30,48,0.5458937198067633,0.23671497584541062,0.4975845410628019,1
55,45,280,5639.25,6380.5,4417.0,217,0.11975726815179766,0.1354987364352609,0.09380110004459641,1.864214876033058,3.150864197530864,0.05633928571428572,36,39,47,0.47465437788018433,0.41013824884792627,0.5714285714285714,0
70,43,396,6238.5,6553.0,5044.0,259,0.09299950805742312,0.09768786988864209,0.07519267750927983,1.2731632653061224,3.5440778799351,0.03216508519538822,40,38,48,0.3861003861003861,0.49034749034749037,0.21235521235521235,0
70,51,506,6434.0,5872.0,2855.5,255,0.09894655901576317,0.0903037293348712,0.04391387927720108,1.313061224489796,2.25759323337178,0.011152728522551517,48,36,33,0.5215686274509804,0.5411764705882353,0.30980392156862746,0
72,45,287,4922.0,5999.75,3476.25,251,0.07812574403580895,0.09523261535531181,0.05517769559213346,0.9494598765432098,2.9628395061728394,0.04220337748424771,36,35,20,0.5139442231075697,0.3705179282868526,0.20318725099601595,0
70,49,250,5572.75,5575.5,3375.75,291,0.0658087410399027,0.06584121585715803,0.03986431430899493,1.137295918367347,2.3221574344023326,0.054012,39,28,25,0.31958762886597936,0.2611683848797251,0.0859106529209622,0
76,58,276,5153.25,4542.0,4558.5,275,0.06814214876033058,0.060059504132231406,0.060277685950413225,0.8921831717451524,1.350178359096314,0.05984168241965974,19,19,46,0.12727272727272726,0.18545454545454546,0.32,0
70,43,460,8169.5,4910.75,8425.75,287,0.09918173099102817,0.05961891002683048,0.10229273148878826,1.6672448979591836,2.6558950784207678,0.039819234404536864,49,15,70,0.4808362369337979,0.07317073170731707,0.5296167247386759,0
70,48,412,4033.0,4892.5,3464.0,211,0.09058646481435727,0.1098919610970104,0.07780597920082657,0.8230612244897959,2.1234809027777777,0.020407201432745783,40,31,37,0.46445497630331756,0.4028436018957346,0.17535545023696683,1
72,49,236,8478.25,6833.0,4410.5,263,0.12257297344185979,0.09878702887131519,0.063764113981697,1.6354648919753085,2.8458975426905457,0.07918881068658432,43,34,46,0.40304182509505704,0.4220532319391635,0.3269961977186312,0
55,44,294,5611.5,5559.0,3593.0,227,0.10889984280696306,0.10788099904907916,0.06972772613479788,1.8550413223140496,2.8713842975206614,0.041568328011476696,38,33,43,0.41409691629955947,0.45374449339207046,0.3392070484581498,0
70,58,344,4394.5,4719.0,4346.0,219,0.09162652988886803,0.09839244386063677,0.09061529159108442,0.8968367346938776,1.4027942925089179,0.03672593293672255,38,29,48,0.3744292237442922,0.54337899543379,0.4611872146118721,1
72,51,371,6295.0,6572.0,3523.5,247,0.10318149781179826,0.10772181153600288,0.057753774033339346,1.2143132716049383,2.526720492118416,0.025599203725634078,42,40,32,0.44129554655870445,0.4089068825910931,0.3441295546558704,0
57,51,389,5301.0,6302.0,4680.0,239,0.0928029971464085,0.11032720015405893,0.08193133873706693,1.631578947368421,2.4229142637447136,0.03092763066593533,30,25,44,0.38493723849372385,0.2803347280334728,0.3263598326359833,1
70,36,296,5229.5,6176.75,6132.25,247,0.0857168614466718,0.10124325919126687,0.1005138586110246,1.0672448979591838,4.766010802469136,0.06999007030679329,42,31,49,0.3805668016194332,0.3805668016194332,0.38461538461538464,1
72,50,338,4794.75,5422.25,4876.75,275,0.06340165289256199,0.071699173553719,0.06448595041322314,0.9249131944444444,2.1689,0.04268714330730717,21,28,37,0.07636363636363637,0.17454545454545456,0.36,1
70,43,266,6276.5,6643.0,4445.0,235,0.11365323675871435,0.12028972385694885,0.08048890900860117,1.2809183673469389,3.592752839372634,0.06282152750296795,52,28,46,0.22127659574468084,0.4085106382978723,0.3617021276595745,1
70,49,410,4957.0,4785.5,3055.5,279,0.06368109351113166,0.061477884405390475,0.03925309284310325,1.0116326530612245,1.993127863390254,0.018176680547293277,32,29,32,0.18996415770609318,0.18996415770609318,0.16845878136200718,1
72,61,303,5683.5,7000.5,4810.0,259,0.08472592835527198,0.1043589093782144,0.07170435741864313,1.0963541666666667,1.8813490997043805,0.05239137775163655,29,35,44,0.4362934362934363,0.3861003861003861,0.2857142857142857,1
70,48,356,4604.5,5502.0,3822.5,287,0.05590088504170258,0.06679697458995495,0.04640702205926987,0.9396938775510204,2.3880208333333335,0.03016112233303876,30,24,34,0.37282229965156793,0.2264808362369338,0.11846689895470383,0
72,47,292,4848.5,5821.0,4413.0,223,0.09749844155321845,0.11705443503790544,0.08874097609041003,0.9352816358024691,2.6351290176550477,0.0517568962281854,32,36,46,0.4080717488789238,0.5739910313901345,0.5112107623318386,0
70,45,233,5060.0,5234.75,3419.25,223,0.10175149309256168,0.10526553922258641,0.06875766655271572,1.0326530612244897,2.5850617283950617,0.06298237211958224,44,40,39,0.5201793721973094,0.515695067264574,0.4618834080717489,0
70,41,319,4506.75,4749.75,2521.75,203,0.10936324589288747,0.11526001601591886,0.06119415661627314,0.9197448979591837,2.825550267697799,0.024781104745432925,29,35,0,0.5566502463054187,0.5566502463054187,0.0,0
76,58,306,5689.5,7812.0,3493.0,255,0.08749711649365628,0.12013840830449828,0.05371780084582853,0.9850242382271468,2.3222354340071343,0.0373040283651587,40,31,36,0.3568627450980392,0.33725490196078434,0.40784313725490196,1
70,60,805,6298.5,5195.25,3049.5,223,0.1266564781113636,0.10447123408876109,0.061322367230388704,1.285408163265306,1.443125,0.004705836966166429,34,26,36,0.484304932735426,0.5336322869955157,0.35874439461883406,1
60,48,385,5204.0,6690.0,3461.0,259,0.0775778536396297,0.09973017695025417,0.05159434116963074,1.4455555555555555,2.9036458333333335,0.023349637375611403,44,26,30,0.43243243243243246,0.28185328185328185,0.13127413127413126,1
70,44,322,5217.75,6242.5,4737.5,271,0.07104682670442941,0.0850002042455849,0.06450756389482715,1.0648469387755102,3.2244318181818183,0.04569171714054242,28,34,47,0.3726937269372694,0.3837638376383764,0.23985239852398524,1
70,45,225,4063.5,5227.5,4207.5,231,0.07615112160566706,0.09796480575701355,0.07884972170686456,0.8292857142857143,2.5814814814814815,0.08311111111111111,26,27,48,0.4458874458874459,0.1645021645021645,0.42424242424242425,1
70,53,421,4766.0,5436.25,4919.25,215,0.10310438074634938,0.11760411032990806,0.10641968631692807,0.9726530612244898,1.9352972588109647,0.027754582743270462,28,25,41,0.4372093023255814,0.4186046511627907,0.46511627906976744,1
72,51,300,4822.0,5476.0,3999.0,251,0.07653846764337074,0.08691925524991667,0.06347518293360423,0.9301697530864198,2.105344098423683,0.04443333333333333,40,28,41,0.47808764940239046,0.38247011952191234,0.3944223107569721,1
70,51,290,4694.5,5677.5,4757.0,323,0.04499707655589529,0.0544191931294271,0.04559614297079431,0.9580612244897959,2.1828143021914648,0.05656361474435196,41,28,28,0.18885448916408668,0.39628482972136225,0.2786377708978328,1
75,55,544,5890.0,5927.0,3604.0,259,0.0878042962985048,0.0883558682786482,0.053726092336130946,1.047111111111111,1.9593388429752066,0.012178308823529412,27,31,43,0.25868725868725867,0.23938223938223938,0.16602316602316602,1
70,46,235,6095.0,5650.0,3966.5,239,0.10670331401761174,0.09891283415906585,0.0694403109189265,1.243877551020408,2.670132325141777,0.07182435491172476,42,33,46,0.3598326359832636,0.3138075313807531,0.2803347280334728,1
70,46,1176,4499.0,5243.25,4265.75,267,0.06310931560268765,0.07354921516643521,0.05983742232321957,0.9181632653061225,2.477906427221172,0.003084471458651488,31,36,46,0.40823970037453183,0.3782771535580524,0.2696629213483146,1
76,53,327,5620.5,6174.0,3682.0,235,0.10177455862381168,0.11179719330013581,0.0666727025803531,0.9730782548476454,2.197935208259167,0.03443406372452749,38,25,35,0.3829787234042553,0.2127659574468085,0.35319148936170214,0
70,51,509,3730.25,5533.75,2525.25,223,0.07501156266966962,0.11127812745078325,0.0507802288403145,0.7612755102040817,2.1275470972702806,0.009746951725522134,22,0,30,0.3452914798206278,0.0,0.32286995515695066,1
75,62,371,5454.5,6948.0,4273.5,291,0.0644123238979228,0.08204910192369008,0.050465866014808514,0.9696888888888889,1.8074921956295527,0.03104816152163963,29,33,42,0.2611683848797251,0.27147766323024053,0.30927835051546393,1
70,45,387,7227.25,8950.5,5151.75,271,0.09840892689369699,0.12187334050462276,0.0701481461309078,1.4749489795918367,4.42,0.03439797287823248,47,22,28,0.36531365313653136,0.14760147601476015,0.1992619926199262,1
70,45,378,6607.0,9008.0,5426.5,255,0.1016070742022299,0.13853133410226837,0.08345251826220684,1.3483673469387756,4.448395061728395,0.03797836006830716,32,39,43,0.45098039215686275,0.3411764705882353,0.41568627450980394,1
70,52,610,5783.5,6900.0,4660.5,247,0.09479748889508105,0.11309806749823796,0.07639036863413595,1.1803061224489797,2.551775147928994,0.012524858908895459,30,32,44,0.5263157894736842,0.4331983805668016,0.46558704453441296,1
72,51,524,8648.25,11599.25,8755.5,279,0.11110147608586735,0.14901208874500585,0.1124792846957259,1.6682581018518519,4.459534794309881,0.03188734630849018,45,51,68,0.34050179211469533,0.5412186379928315,0.5770609318996416,1
70,51,388,10523.0,10124.0,10223.0,327,0.09841109521271124,0.09467964724256282,0.09560549523515603,2.147551020408163,3.8923490965013454,0.0679070570730152,50,13,68,0.28440366972477066,0.039755351681957186,0.42507645259938837,1
75,62,361,6647.25,8370.75,4740.5,327,0.06216508150267935,0.07828325337373397,0.04433315564533476,1.1817333333333333,2.177614464099896,0.03637556495115906,43,39,39,0.45565749235474007,0.42201834862385323,0.3211009174311927,1
70,46,337,9122.0,8707.25,6534.25,295,0.1048204538925596,0.10005458201666188,0.07508474576271186,1.8616326530612244,4.114957466918715,0.0575355070485784,33,31,48,0.20677966101694914,0.2745762711864407,0.535593220338983,1
70,46,299,13050.25,9113.5,8329.25,323,0.12508746369657525,0.0873534683549157,0.07983638298076277,2.6633163265306123,4.3069470699432895,0.09316730237916802,77,45,67,0.5386996904024768,0.2631578947368421,0.3684210526315789,1
70,52,278,10420.5,9277.5,9048.5,327,0.09745251522037988,0.08676317930589457,0.08462157132302743,2.1266326530612245,3.431028106508876,0.11708115521970912,44,38,60,0.43730886850152906,0.30275229357798167,0.5321100917431193,1
81,51,397,10189.0,11295.5,8387.5,291,0.12032215018717304,0.13338883574827884,0.09904819262880693,1.5529644871208657,4.342752787389466,0.053217138615180605,61,35,60,0.4948453608247423,0.27491408934707906,0.5773195876288659,1
72,45,626,8028.75,7727.75,4478.5,383,0.0547331429077845,0.05268118263809829,0.030530578298304575,1.548755787037037,3.816172839506173,0.011428359991425859,44,0,41,0.2010443864229765,0.0,0.22715404699738903,1
70,49,196,8635.0,11495.5,10527.0,303,0.09405395985143068,0.12521103595508065,0.11466196124562951,1.7622448979591836,4.787796751353603,0.2740264473136193,48,19,66,0.39603960396039606,0.0627062706270627,0.46204620462046203,1
70,45,442,7799.0,10930.0,9443.5,331,0.07118408922883143,0.09976177654457334,0.08619399238780223,1.5916326530612246,5.397530864197531,0.048337974242951616,44,41,66,0.4501510574018127,0.23564954682779457,0.5166163141993958,1
70,46,311,7723.0,8594.5,10868.0,303,0.08412029321744055,0.09361282662919758,0.11837619405504907,1.5761224489795918,4.0616729678638945,0.11236442964816327,48,32,61,0.3465346534653465,0.18811881188118812,0.5412541254125413,1
70,53,416,7639.0,7818.75,6194.75,355,0.0606149573497322,0.062041261654433646,0.04915492957746479,1.5589795918367346,2.7834638661445354,0.03579621625369823,42,41,56,0.30140845070422534,0.30422535211267604,0.28450704225352114,1
70,61,446,13062.5,10458.5,11086.0,343,0.11102941801460275,0.08889578321957688,0.09422944521415397,2.6658163265306123,2.8106691749529698,0.055732067807516744,42,50,72,0.18075801749271136,0.2594752186588921,0.5335276967930029,1
72,48,349,6880.5,7649.0,7402.5,287,0.08353263970668577,0.09286260607752916,0.08986997535480581,1.3272569444444444,3.3198784722222223,0.06077536309225704,46,38,51,0.4076655052264808,0.29965156794425085,0.5087108013937283,1
72,62,256,7745.0,9385.5,8806.0,359,0.060094195420581774,0.07282299175208137,0.0683265958519875,1.494020061728395,2.4415972944849114,0.134368896484375,40,24,58,0.21448467966573817,0.116991643454039,0.3231197771587744,1
70,43,271,7115.5,7899.5,8837.5,315,0.07171075837742505,0.07961199294532628,0.0890652557319224,1.4521428571428572,4.272309356408869,0.12033469043177517,40,44,55,0.4253968253968254,0.35555555555555557,0.5015873015873016,1
70,52,278,8576.75,9458.25,10869.5,367,0.06367817713399015,0.07022288382867198,0.0807007253747522,1.750357142857143,3.4978735207100593,0.14064360022773148,33,44,79,0.3079019073569482,0.2888283378746594,0.31607629427792916,0
70,52,281,9783.5,9675.0,10953.5,351,0.0794108814051834,0.07853020673533494,0.08890755756852622,1.9966326530612244,3.5780325443786984,0.1387203809475564,48,49,73,0.396011396011396,0.50997150997151,0.5299145299145299,1
72,48,305,9595.5,8221.0,6811.0,271,0.1306559006549475,0.11194019689274383,0.09274111191296415,1.8509837962962963,3.568142361111111,0.07321687718355281,24,33,46,0.19557195571955718,0.22878228782287824,0.3247232472324723,1
70,45,577,12393.0,10242.5,9969.0,335,0.11042993985297393,0.09126754288260192,0.08883047449320561,2.5291836734693875,5.058024691358025,0.029943321248674642,71,48,68,0.5611940298507463,0.14328358208955225,0.5552238805970149,0
70,46,508,7265.5,9301.5,9146.0,263,0.10503982998163917,0.1344749815668869,0.1322268646358918,1.4827551020408163,4.395793950850662,0.035440820881641764,51,44,72,0.39923954372623577,0.4448669201520912,0.3155893536121673,1
70,46,290,6964.5,7382.75,5825.5,299,0.0779018131788235,0.08258017248129215,0.06516146351830517,1.421326530612245,3.4890122873345937,0.06926872770511296,46,27,53,0.5150501672240803,0.15384615384615385,0.3010033444816054,0
76,61,357,9233.25,7605.0,9583.5,295,0.10609882217753519,0.08738868141338696,0.110123527721919,1.5985543628808865,2.043805428648213,0.07519478379587129,57,32,65,0.2,0.11186440677966102,0.4067796610169492,1
70,49,292,8395.5,7873.0,8227.0,311,0.08680121173271575,0.08139907569193867,0.0850590874784173,1.7133673469387756,3.2790503956684716,0.09648855319947457,51,33,57,0.4983922829581994,0.3633440514469453,0.5048231511254019,0
72,46,297,6638.0,8900.0,7116.25,291,0.07838830434217829,0.10510031766275788,0.08403597028849447,1.2804783950617284,4.206049149338375,0.08067487444591821,52,47,59,0.5910652920962199,0.4020618556701031,0.4329896907216495,0
70,45,242,9388.0,8401.0,8248.0,327,0.0877965752976274,0.07856615137147079,0.07713529538291763,1.9159183673469389,4.148641975308642,0.1408373744962776,45,31,61,0.4648318042813456,0.1651376146788991,0.4984709480122324,0
70,47,397,9314.5,10604.0,10619.5,327,0.08710920330312637,0.09916860720665115,0.09931356320549149,1.9009183673469388,4.800362154821186,0.06737876644100274,57,53,67,0.44036697247706424,0.5137614678899083,0.5657492354740061,1
70,49,322,10820.5,10810.5,12289.0,271,0.1473359567544015,0.14719979303114064,0.16733159951525714,2.208265306122449,4.50249895876718,0.1185235909108445,52,37,72,0.5830258302583026,0.3173431734317343,0.6642066420664207,0
70,58,203,5962.5,9123.0,7599.0,275,0.07884297520661157,0.12063471074380165,0.10048264462809918,1.2168367346938775,2.711950059453032,0.18440146569924046,45,43,60,0.5381818181818182,0.5636363636363636,0.5054545454545455,1
72,45,842,9635.5,9891.0,8725.0,327,0.09011119527911043,0.09250063125999496,0.0815961993472304,1.8586998456790123,4.884444444444444,0.012306689761398322,46,38,60,0.43730886850152906,0.4434250764525994,0.4525993883792049,1
70,39,339,7542.0,9193.0,8293.0,367,0.05599566408541158,0.0682535322112422,0.061571472057851795,1.5391836734693878,6.04404996712689,0.07216261605798766,35,37,61,0.36239782016348776,0.24250681198910082,0.2997275204359673,1
72,48,359,8009.5,9809.0,10047.5,367,0.059466623109533816,0.07282703116067385,0.0745977771013223,1.545042438271605,4.257378472222222,0.07795951303916016,49,34,62,0.3460490463215259,0.23433242506811988,0.4032697547683924,1
70,43,262,8079.5,7968.25,8692.75,319,0.07939682196519295,0.0783035740607895,0.08542319749216301,1.6488775510204081,4.309491617090319,0.12663524852864053,44,44,54,0.48589341692789967,0.3981191222570533,0.2476489028213166,1
70,70,286,9511.0,10229.0,11662.0,319,0.09346409724747201,0.10051984552038601,0.11460186122384804,1.9410204081632654,2.087551020408163,0.14257420900777545,52,34,78,0.49843260188087773,0.2852664576802508,0.43260188087774293,1
72,46,177,6921.5,6914.0,8032.0,331,0.06317485236534898,0.06310639734942178,0.07331075839030311,1.3351658950617284,3.267485822306238,0.2563758817708832,36,39,49,0.27492447129909364,0.24773413897280966,0.4773413897280967,1
72,43,324,6985.75,6622.25,7144.5,255,0.1074317570165321,0.10184159938485197,0.10987312572087658,1.347559799382716,3.581530557057869,0.06805841335162323,37,35,48,0.4392156862745098,0.47058823529411764,0.3843137254901961,1
70,45,389,5969.0,6082.25,4422.0,239,0.10449747028238301,0.10648010363964217,0.07741461108874144,1.2181632653061225,3.00358024691358,0.029222645898454278,35,36,42,0.40585774058577406,0.32217573221757323,0.45188284518828453,1
70,38,208,6012.5,6161.0,4935.0,251,0.0954349930953477,0.09779209853811845,0.07833208996682592,1.2270408163265305,4.266620498614959,0.1140671227810651,38,43,57,0.26693227091633465,0.4103585657370518,0.38247011952191234,0
70,45,227,5188.0,5670.5,4530.0,267,0.07277420078834042,0.079542425900209,0.06354416529899423,1.0587755102040817,2.800246913580247,0.08791166139455452,35,33,55,0.4868913857677903,0.5430711610486891,0.34831460674157305,1
70,68,283,6020.75,6724.75,4421.75,279,0.0773467709818733,0.08639084801068846,0.0568048971621639,1.2287244897959184,1.454314446366782,0.05521045337062518,37,36,48,0.5053763440860215,0.3763440860215054,0.22580645161290322,1
72,65,208,4850.75,6806.25,3843.75,231,0.09090440583947078,0.12755102040816327,0.07203294540956878,0.9357156635802469,1.6109467455621302,0.08884407359467456,28,19,44,0.5108225108225108,0.17316017316017315,0.45454545454545453,1
70,45,494,5099.0,5248.5,2499.75,251,0.0809352232504246,0.08330820145711973,0.03967794161997429,1.0406122448979591,2.591851851851852,0.01024336573292465,40,33,14,0.5179282868525896,0.398406374501992,0.11553784860557768,1
70,47,372,4730.5,6138.5,4087.5,239,0.08281542690078955,0.10746485530715498,0.07155862117259852,0.9654081632653061,2.778859212313264,0.02953737426292057,11,23,49,0.04602510460251046,0.09623430962343096,0.5062761506276151,1
70,45,401,5753.5,5908.5,3727.5,231,0.10782219223777666,0.11072693540226007,0.06985438803620622,1.1741836734693878,2.917777777777778,0.02318082598988812,34,31,40,0.6363636363636364,0.4675324675324675,0.2987012987012987,1
70,51,359,5625.5,6360.5,3710.0,227,0.10917153447573211,0.12343534708610686,0.0719982922237963,1.1480612244897959,2.4454056132256823,0.028786244675320646,37,31,47,0.44933920704845814,0.4052863436123348,0.3876651982378855,1
76,61,268,6355.0,6600.5,4187.5,287,0.07715281234444997,0.08013330257742597,0.05083830081705496,1.1002423822714682,1.7738511152915883,0.05830223880597015,37,34,54,0.3867595818815331,0.2613240418118467,0.2508710801393728,1
70,50,245,6649.75,6972.75,4871.0,319,0.06534674384096069,0.06852084786902644,0.04786706105482454,1.3570918367346938,2.7891,0.08114952103290296,25,29,50,0.2006269592476489,0.18808777429467086,0.1974921630094044,1
70,45,421,6707.5,7487.5,4284.0,251,0.1064665640227933,0.11884731988381136,0.06799892065205314,1.368877551020408,3.697530864197531,0.024170479742271822,36,8,51,0.4820717131474104,0.03187250996015936,0.2350597609561753,1
72,51,242,4250.0,5694.0,4119.0,235,0.07695789950203712,0.10310547759167044,0.07458578542326845,0.8198302469135802,2.1891580161476356,0.07033331056621815,28,31,46,0.4851063829787234,0.5829787234042553,0.19574468085106383,1
70,44,560,5359.75,4803.0,2816.5,257,0.08114808702629865,0.0727187391179276,0.04264258353646535,1.093826530612245,2.480888429752066,0.008981186224489795,28,26,0,0.45136186770428016,0.30739299610894943,0.0,1
70,68,382,4501.0,5276.75,5169.75,247,0.07377600026225639,0.08649133734367061,0.08473749774623417,0.9185714285714286,1.1411656574394464,0.03542768838573504,33,24,55,0.4898785425101215,0.1902834008097166,0.38461538461538464,0
72,47,401,5916.0,6916.0,3212.0,295,0.06798046538351049,0.07947141625969549,0.03690893421430624,1.1412037037037037,3.130828429153463,0.01997500015547167,32,28,40,0.3864406779661017,0.41694915254237286,0.2135593220338983,1
70,45,228,6006.5,6308.5,4650.5,267,0.08425563551179004,0.08849191319838966,0.0652344681507666,1.2258163265306123,3.1153086419753087,0.08946021852877808,31,27,47,0.47191011235955055,0.10112359550561797,0.3295880149812734,1
73,46,466,5774.5,7628.5,5560.5,279,0.07418327102683675,0.09800105342942665,0.07143407715728216,1.0835991743291424,3.6051512287334595,0.025606015951666082,38,31,46,0.4838709677419355,0.27956989247311825,0.26881720430107525,1
70,42,470,6226.25,7977.0,4824.0,287,0.07558972428947784,0.09684468671466206,0.05856572254124731,1.2706632653061225,4.522108843537415,0.021837935717519238,29,45,51,0.22996515679442509,0.2682926829268293,0.28222996515679444,0
70,51,325,4869.0,6202.5,4219.5,271,0.0662981168557073,0.0844555493525415,0.05745428302991517,0.9936734693877551,2.3846597462514416,0.03994792899408284,33,24,40,0.4575645756457565,0.16605166051660517,0.25461254612546125,1
76,52,530,6528.0,7582.5,5286.0,359,0.050651376075604625,0.05883334238561153,0.04101457934063205,1.1301939058171746,2.8041789940828403,0.01881808472766109,30,27,30,0.17548746518105848,0.20612813370473537,0.1532033426183844,0
63,59,493,9865.0,10872.5,5664.5,327,0.09225747926194017,0.10167961918656304,0.052974403576204775,2.4855127236079615,3.1233840850330363,0.023306000024686382,56,50,49,0.45565749235474007,0.5321100917431193,0.14984709480122324,0
70,43,242,13734.0,14810.75,11279.0,379,0.09561336944187245,0.10310948823803788,0.07852214896860923,2.802857142857143,8.010140616549487,0.1925927190765658,64,64,62,0.5435356200527705,0.40897097625329815,0.16358839050131926,0
65,42,463,12757.75,11537.0,8626.75,299,0.1427025424771535,0.12904777351483765,0.09649500564870639,3.019585798816568,6.540249433106576,0.040242525738329704,68,66,66,0.451505016722408,0.40468227424749165,0.38461538461538464,0
70,43,500,7019.5,6631.5,5903.0,305,0.07545821015855952,0.0712872883633432,0.06345606019887128,1.4325510204081633,3.586533261222282,0.023612,39,33,50,0.42950819672131146,0.21639344262295082,0.16393442622950818,1
70,58,494,4524.0,7065.5,4554.0,267,0.06346000084164458,0.09911066223400525,0.06388082312839288,0.923265306122449,2.1003269916765754,0.018661181137209264,26,24,47,0.25842696629213485,0.16104868913857678,0.2883895131086142,1
75,59,299,6283.5,6383.0,3887.5,319,0.06174762433545268,0.06272540560725622,0.03820225823252523,1.1170666666666667,1.833668486067222,0.043483853648169486,41,32,45,0.46394984326018807,0.1755485893416928,0.14106583072100312,1
70,44,787,5225.5,6099.5,2848.5,311,0.0540265299159438,0.06306283020233455,0.029450688061537826,1.0664285714285715,3.1505681818181817,0.004599035469970244,36,21,34,0.2379421221864952,0.06752411575562701,0.10932475884244373,0
70,41,276,6180.5,6637.0,5828.5,279,0.07939903135879549,0.08526355005716782,0.07487699284438792,1.261326530612245,3.94824509220702,0.07651360008401596,40,27,57,0.3978494623655914,0.33691756272401435,0.3010752688172043,0
72,51,513,4927.0,5652.0,4134.5,287,0.059816192985225024,0.06861804805205841,0.05019485486044507,0.9504243827160493,2.1730103806228374,0.015710437019557776,32,32,48,0.26480836236933797,0.30313588850174217,0.23693379790940766,0
70,51,362,6447.0,6229.0,5399.0,251,0.10233170902049174,0.09887144648497644,0.08569705242773924,1.3157142857142856,2.3948481353325644,0.04119990232288392,34,28,51,0.4701195219123506,0.3784860557768924,0.2549800796812749,0
63,52,473,7969.5,8016.0,6581.25,295,0.0915771330077564,0.09211146222349899,0.07562482045389256,2.007936507936508,2.964497041420118,0.029416168668344293,42,40,61,0.43728813559322033,0.34576271186440677,0.29491525423728815,1
70,50,168,6675.0,5859.5,5739.5,223,0.13422751312111644,0.11782863118100102,0.1154155522934304,1.3622448979591837,2.3438,0.20335530045351474,35,20,55,0.4349775784753363,0.08968609865470852,0.5201793721973094,1
70,45,459,3944.75,6304.25,5590.25,279,0.050677021107128635,0.08098881052401691,0.07181626649195154,0.8050510204081632,3.11320987654321,0.026534191502793323,32,24,56,0.44802867383512546,0.25089605734767023,0.20430107526881722,1
65,45,391,5080.0,8405.0,3799.75,271,0.06917117141651122,0.11444560940074346,0.05173881074604104,1.2023668639053255,4.150617283950617,0.024854298441271315,46,30,48,0.4132841328413284,0.35793357933579334,0.36900369003690037,1
70,46,316,4058.75,7490.75,3530.75,287,0.04927521276208282,0.09094137357501002,0.04286503417547864,0.8283163265306123,3.5400519848771266,0.035358416119211665,37,33,43,0.4878048780487805,0.4843205574912892,0.23693379790940766,1
81,51,456,6460.0,8577.5,3796.5,267,0.0906170657464686,0.12032010548611988,0.05325506038799815,0.9846060051821369,3.297770088427528,0.018258021698984304,44,29,6,0.34831460674157305,0.33707865168539325,0.03745318352059925,1
76,60,260,3772.0,7635.0,4327.0,303,0.04108529664847673,0.08316178152468712,0.047130455619819406,0.6530470914127424,2.120833333333333,0.06400887573964498,30,32,53,0.2838283828382838,0.10561056105610561,0.17491749174917492,0
70,45,418,4584.5,7158.0,3913.5,271,0.062424258928936154,0.0974659931101156,0.0532876730981332,0.9356122448979591,3.5348148148148146,0.022398182276046792,29,23,43,0.35793357933579334,0.33210332103321033,0.18450184501845018,0
65,44,330,5715.0,8591.0,5316.5,235,0.1034857401539158,0.1555636034404708,0.09626980534178362,1.352662721893491,4.4375,0.04882001836547291,46,31,58,0.39148936170212767,0.49361702127659574,0.3446808510638298,1
70,50,355,6121.25,7569.0,6337.25,279,0.07863786436453797,0.09723667476008788,0.08141275163474261,1.249234693877551,3.0276,0.05028565760761754,31,30,59,0.1971326164874552,0.2007168458781362,0.26523297491039427,1
70,51,341,4871.0,6918.0,2844.5,255,0.07490965013456363,0.10638985005767013,0.04374471357170319,0.9940816326530613,2.6597462514417534,0.02446229392592083,23,26,27,0.11764705882352941,0.19215686274509805,0.16470588235294117,1
76,46,146,7336.5,10367.0,7293.0,351,0.05954902963449972,0.08414704426100438,0.059195948084836976,1.2701696675900278,4.899338374291116,0.34213736160630515,61,56,63,0.23076923076923078,0.21367521367521367,0.5242165242165242,1
70,45,409,5848.5,6184.25,3574.5,271,0.07963535354910745,0.08420705055759045,0.04867172287959042,1.1935714285714285,3.0539506172839506,0.021368236679598997,34,26,0,0.4132841328413284,0.25461254612546125,0.0,1
72,62,736,5243.5,5853.0,4249.5,251,0.08322883763749782,0.09290328724940874,0.06745131029666196,1.0114776234567902,1.5226326742976066,0.007844805942816635,21,19,47,0.1752988047808765,0.07569721115537849,0.38247011952191234,1
70,44,406,6470.5,5994.0,3233.5,279,0.08312457445305173,0.07700312174817898,0.04153980550095708,1.3205102040816326,3.0960743801652892,0.0196164672765658,28,39,42,0.4444444444444444,0.36200716845878134,0.15412186379928317,1
70,43,323,4625.5,7230.0,4065.0,271,0.06298253019430564,0.09844637191759371,0.055350553505535055,0.9439795918367347,3.910221741481882,0.03896327962503235,27,37,47,0.3173431734317343,0.23616236162361623,0.3025830258302583,1
70,51,294,4908.0,5958.0,3582.0,287,0.05958552368002525,0.07233303791474949,0.04348723427503066,1.0016326530612245,2.290657439446367,0.04144106622240733,31,27,44,0.41114982578397213,0.34146341463414637,0.28222996515679444,1
76,54,290,6600.5,8476.0,3488.0,395,0.04230411792981894,0.054324627463547506,0.02235539176414036,1.1427458448753463,2.906721536351166,0.04147443519619501,38,25,42,0.1468354430379747,0.10886075949367088,0.10632911392405063,0
70,45,276,6435.75,8129.75,2613.0,247,0.10548853447851957,0.13325492960055074,0.042829746430854465,1.3134183673469388,4.014691358024692,0.03430214240705734,41,41,35,0.6153846153846154,0.3684210526315789,0.2631578947368421,0
70,48,265,4614.5,6900.0,4577.5,231,0.08647701504844361,0.12930792151571371,0.08578362474466371,0.941734693877551,2.9947916666666665,0.06518333926664294,44,30,48,0.329004329004329,0.1341991341991342,0.48484848484848486,1
72,51,184,5317.5,6458.5,4169.5,223,0.10692955820547367,0.12987391662812445,0.08384443684771462,1.0257523148148149,2.4830834294502115,0.1231539461247637,52,39,48,0.726457399103139,0.36771300448430494,0.37668161434977576,1
70,51,310,5152.5,4837.0,4494.5,251,0.08178441612037904,0.07677655910223648,0.07134013745813558,1.051530612244898,1.859669357939254,0.04676899063475546,36,31,49,0.40239043824701193,0.22709163346613545,0.4103585657370518,0
72,48,365,3748.0,4796.75,3751.75,203,0.09095100584823704,0.11640054357057925,0.0910420053871727,0.7229938271604939,2.0819227430555554,0.028161005817226498,26,26,40,0.2315270935960591,0.458128078817734,0.2512315270935961,0
70,50,380,4260.0,5418.5,2543.5,235,0.07713897691263015,0.09811679492983251,0.046057039384336806,0.8693877551020408,2.1674,0.01761426592797784,34,25,36,0.33191489361702126,0.28936170212765955,0.2553191489361702,0
70,47,320,4301.0,5640.0,2724.0,215,0.09304488912925905,0.12201189832341806,0.05892915089237426,0.8777551020408163,2.5531914893617023,0.0266015625,35,35,40,0.3627906976744186,0.586046511627907,0.28837209302325584,0
70,45,379,5361.0,5458.5,3368.0,235,0.0970755998189226,0.09884110457220462,0.060986871887732004,1.0940816326530611,2.6955555555555555,0.02344734442116109,31,30,46,0.2680851063829787,0.14042553191489363,0.28085106382978725,0
70,48,669,5043.25,5980.75,4599.75,231,0.09451190944697438,0.11208092052247896,0.08620059594085568,1.029234693877551,2.5958116319444446,0.010277370012132424,33,34,51,0.6017316017316018,0.5238095238095238,0.3463203463203463,0
72,51,198,5193.75,5050.75,3850.25,241,0.08942253060381192,0.08696045178285498,0.06629104182090528,1.001880787037037,1.941849288735102,0.09821064177124783,36,25,50,0.49377593360995853,0.35684647302904565,0.3236514522821577,0
76,44,239,6628.0,6100.75,4514.75,223,0.13328239055681795,0.12267992519455448,0.09078706589716262,1.1475069252077563,3.151213842975207,0.07903835717161814,47,29,43,0.5560538116591929,0.13004484304932734,0.4125560538116592,0
70,42,238,6087.5,6529.0,4363.0,235,0.11023087369850611,0.11822544137618832,0.07900407424173835,1.2423469387755102,3.70124716553288,0.07702492761810606,43,30,52,0.4851063829787234,0.3659574468085106,0.37872340425531914,1
70,44,251,5177.0,5538.5,3708.0,239,0.09063216680380246,0.09696083752035153,0.06491482992244534,1.0565306122448979,2.8607954545454546,0.05885620863160902,25,27,50,0.11297071129707113,0.39330543933054396,0.4602510460251046,0
70,49,370,4357.0,5887.5,2762.75,187,0.12459607080557066,0.16836340758957935,0.07900569075466841,0.8891836734693878,2.4521032902957103,0.020180788897005114,32,29,37,0.5828877005347594,0.5882352941176471,0.39037433155080214,0
71,49,303,4986.0,5247.5,3198.0,235,0.09028519692168402,0.09502037120869171,0.05790855590765052,0.9890894663757192,2.1855476884631404,0.03483318628892592,31,31,43,0.23404255319148937,0.3446808510638298,0.31063829787234043,0
72,48,332,4567.0,5632.0,5642.0,211,0.10258080456413828,0.12650210013252172,0.1267267132364502,0.8809799382716049,2.4444444444444446,0.05118667440847728,31,26,54,0.6208530805687204,0.5213270142180095,0.4834123222748815,0
76,59,226,5166.5,5390.5,3896.5,263,0.07469386574910726,0.07793231071722882,0.05633303936734664,0.8944771468144044,1.5485492674518817,0.0762882762941499,37,22,48,0.5019011406844106,0.08365019011406843,0.24714828897338403,0
55,45,288,3286.0,4908.0,3933.5,239,0.05752700407906024,0.08592286549605224,0.0688625899406523,1.0862809917355372,2.423703703703704,0.04742356288580247,38,28,44,0.3305439330543933,0.401673640167364,0.41422594142259417,0
70,39,442,4516.0,4962.0,3022.5,211,0.101435277734103,0.11145302216931335,0.06788931066238404,0.9216326530612244,3.26232741617357,0.015471120574926804,36,30,43,0.5971563981042654,0.47393364928909953,0.36018957345971564,1
70,51,276,4263.0,4433.0,4344.5,219,0.08888471883405266,0.0924292654448406,0.09058401617981277,0.87,1.7043444828911958,0.05703239865574459,33,28,46,0.2831050228310502,0.3242009132420091,0.2876712328767123,0
75,57,308,4676.5,4830.25,4677.0,231,0.08763891231423698,0.09052023013061974,0.08764828245347726,0.8313777777777778,1.4866882117574638,0.04930215888008096,36,28,50,0.36796536796536794,0.329004329004329,0.47619047619047616,0
70,43,218,4911.5,5388.75,2892.5,219,0.10240612164049957,0.11235691499343216,0.060309418068847605,1.0023469387755102,2.9144131963223363,0.060863984513088124,24,26,37,0.2374429223744292,0.2374429223744292,0.4292237442922374,0
70,52,301,4368.0,6147.0,4816.0,223,0.08783607150757103,0.12360996601580566,0.0968448993545014,0.8914285714285715,2.2732988165680474,0.053156146179401995,38,37,56,0.23766816143497757,0.34977578475336324,0.452914798206278,1
72,51,200,4315.5,6806.25,2585.0,247,0.07073546525922404,0.1115614089724467,0.04237079775115147,0.8324652777777778,2.616782006920415,0.064625,37,45,20,0.4331983805668016,0.4331983805668016,0.13765182186234817,0
55,43,236,5671.25,5264.75,4083.0,271,0.0772218515543089,0.0716867962037554,0.055595648207404584,1.874793388429752,2.8473499188750675,0.07330867566791152,39,27,47,0.4280442804428044,0.33210332103321033,0.42435424354243545,0
70,48,676,4719.5,5333.75,3334.75,215,0.10209843158464034,0.11538669551108707,0.07214169821525149,0.9631632653061224,2.3149956597222223,0.007297429186653128,40,32,37,0.37209302325581395,0.6186046511627907,0.4,0
72,45,372,4316.0,5650.0,2790.5,235,0.07815301041195111,0.10230873698506111,0.05052965142598461,0.8325617283950617,2.7901234567901234,0.020164903457047058,28,32,50,0.225531914893617,0.5872340425531914,0.37872340425531914,0
70,58,269,6275.0,5576.0,3409.0,319,0.061664095282082526,0.05479505901081947,0.033500063875158456,1.280612244897959,1.657550535077289,0.04711101283840743,37,29,44,0.36990595611285265,0.09717868338557993,0.2507836990595611,1
70,44,245,5861.5,6245.5,3821.0,211,0.1316569708676804,0.14028211405853416,0.08582466701107343,1.1962244897959184,3.2259814049586777,0.06365680966264056,31,30,46,0.5734597156398105,0.2559241706161137,0.41232227488151657,0
73,54,458,7480.25,6663.0,7702.75,287,0.09081389843266277,0.08089208318663575,0.09351515740144957,1.4036873709889286,2.2849794238683128,0.036721029347266454,49,45,52,0.3623693379790941,0.33797909407665505,0.4738675958188153,1
73,67,265,4945.0,8012.5,5338.5,271,0.06733296115248975,0.10910118326275514,0.07269100366280415,0.9279414524300994,1.7849186901314325,0.07601993592025631,33,33,44,0.3837638376383764,0.33579335793357934,0.26199261992619927,0
74,61,228,5585.0,6907.5,4963.0,255,0.08589004229142637,0.10622837370242215,0.07632449058054594,1.0199050401753105,1.8563558183284063,0.0954716835949523,33,46,55,0.5176470588235295,0.5490196078431373,0.21568627450980393,0
76,54,271,4612.75,5713.0,3970.75,259,0.06876388247044618,0.08516569520430524,0.0591933632474173,0.7986063019390581,1.9591906721536352,0.05406721041380155,35,34,43,0.3088803088803089,0.4517374517374517,0.22393822393822393,1
73,49,315,4858.0,4646.5,4707.5,247,0.07962759592846957,0.07616089429428445,0.07716074677506597,0.9116156877462939,1.9352353186172429,0.04744268077601411,32,25,55,0.32793522267206476,0.26720647773279355,0.291497975708502,0
77,49,255,5503.0,5078.0,4631.0,243,0.09319378820979186,0.085996375891209,0.07842639164084066,0.9281497723056165,2.1149521032902956,0.07121876201460976,35,28,51,0.35390946502057613,0.3374485596707819,0.37037037037037035,0
70,46,224,5574.5,5145.0,3630.5,203,0.13527384794583708,0.1248513674197384,0.08809968696158606,1.1376530612244897,2.4314744801512287,0.07235530931122448,35,27,49,0.5566502463054187,0.541871921182266,0.3793103448275862,0
72,51,613,6411.5,5894.0,4794.5,241,0.11038893958437354,0.10147896902601539,0.08254850983970662,1.2367862654320987,2.2660515186466745,0.01275916853173093,37,31,54,0.15352697095435686,0.4896265560165975,0.34024896265560167,0
72,49,382,6671.0,7418.75,6314.0,287,0.0809892071046146,0.09006725831320035,0.07665505226480836,1.2868441358024691,3.0898583923365264,0.043269098983032266,35,30,55,0.3832752613240418,0.397212543554007,0.2787456445993031,1
73,53,334,5226.25,6258.75,5299.75,191,0.14325950494778103,0.1715619089388997,0.14527425235053865,0.9807187089510228,2.2281060875756498,0.04750752985047868,45,30,55,0.3612565445026178,0.4712041884816754,0.518324607329843,1
77,52,314,3923.0,5572.5,4590.75,275,0.05187438016528926,0.07368595041322314,0.06070413223140496,0.6616630123123629,2.060835798816568,0.04656121952209014,33,31,55,0.29818181818181816,0.18545454545454546,0.32,0
70,44,673,5776.25,5470.75,3167.25,251,0.09168505261821241,0.08683592323931366,0.050273011539499375,1.178826530612245,2.8258006198347108,0.0069928178588697125,38,26,45,0.15139442231075698,0.3426294820717131,0.3784860557768924,0
74,65,284,6595.5,6282.5,3767.25,255,0.10143021914648212,0.0966166858900423,0.05793540945790081,1.204437545653762,1.48698224852071,0.0467076224955366,36,29,49,0.26666666666666666,0.26666666666666666,0.21568627450980393,0
72,73,404,5699.5,6040.0,4821.5,259,0.08496444596830698,0.0900403989207078,0.07187579195301202,1.0994405864197532,1.133420904484894,0.029540608763846683,33,32,49,0.22393822393822393,0.21235521235521235,0.3667953667953668,0
78,49,458,6248.25,4297.75,3864.75,247,0.102415217426937,0.0704445245783409,0.06334721106721959,1.0269970414201184,1.7899833402748855,0.01842427680631567,33,31,52,0.4291497975708502,0.4251012145748988,0.3643724696356275,0
70,46,183,5416.0,6740.0,4136.0,207,0.12639734882961096,0.1572965530117389,0.09652500641788607,1.1053061224489795,3.1852551984877127,0.12350323986980799,28,37,51,0.4057971014492754,0.4106280193236715,0.38164251207729466,0
72,54,301,5628.25,6291.25,4882.25,203,0.13657817467058167,0.152666893154408,0.11847533305831251,1.0856963734567902,2.1574931412894376,0.053887374311541815,0,38,54,0.0,0.5517241379310345,0.4433497536945813,0
70,46,346,4612.5,5261.5,3556.5,263,0.06668449739044947,0.07606731339183738,0.051417542540733566,0.9413265306122449,2.486531190926276,0.029707808480069497,30,30,46,0.28517110266159695,0.38783269961977185,0.2509505703422053,0
70,51,687,3931.0,4154.0,2510.5,171,0.1344345268629664,0.14206080503402757,0.08585547689887486,0.8022448979591836,1.5970780469050365,0.005319205286787904,31,27,37,0.43859649122807015,0.5263157894736842,0.3684210526315789,0
72,49,484,5616.75,6395.0,4824.0,229,0.10710608111973456,0.12194656852462768,0.09198909250395683,1.0834780092592593,2.663473552686381,0.02059285567925688,39,31,48,0.4279475982532751,0.4410480349344978,0.37117903930131,0
70,43,292,6257.25,5830.25,4504.75,235,0.11330466274332276,0.10557265731100045,0.08157084653689452,1.2769897959183674,3.153190914007572,0.05283296584725089,37,28,50,0.5659574468085107,0.40425531914893614,0.33617021276595743,0
70,50,324,5292.25,5671.5,5223.5,263,0.07651187670777371,0.08199482427098845,0.07551793433474534,1.0800510204081633,2.2686,0.04975899253162628,36,23,51,0.45627376425855515,0.09505703422053231,0.43346007604562736,0
79,44,401,4387.5,4345.75,3520.25,199,0.11079265675109215,0.10973839044468574,0.08889295724855432,0.7030123377663836,2.244705578512397,0.021891965845983546,33,34,43,0.32160804020100503,0.17587939698492464,0.3417085427135678,0
70,62,211,4447.5,5865.0,5022.5,195,0.11696252465483235,0.1542406311637081,0.13208415516107824,0.9076530612244897,1.5257544224765869,0.11281193144808069,29,33,50,0.16923076923076924,0.4,0.46153846153846156,0
72,65,189,4932.5,4964.5,4184.5,235,0.08931643277501132,0.08989588048890901,0.07577184246265278,0.9514853395061729,1.1750295857988167,0.11714397693233672,24,32,50,0.28085106382978725,0.2297872340425532,0.2127659574468085,0
70,41,359,5980.75,7280.0,5798.25,271,0.08143611878923217,0.09912719053389796,0.07895113083972168,1.2205612244897959,4.330755502676978,0.044989176061638256,39,38,61,0.4354243542435424,0.23985239852398524,0.3726937269372694,0
70,43,538,6045.5,5746.75,3974.0,263,0.08740187078026283,0.08308273937746678,0.05745348349694227,1.2337755102040817,3.108031368307193,0.01372977156202927,40,27,50,0.3840304182509506,0.10266159695817491,0.29277566539923955,0
70,39,206,4978.5,5424.0,4313.5,267,0.06983545848588141,0.07608466944409376,0.06050723112962729,1.0160204081632653,3.5660749506903353,0.10164718635121124,32,32,49,0.40074906367041196,0.3445692883895131,0.3333333333333333,1
70,46,451,3875.5,5554.5,2835.5,235,0.0701765504753282,0.1005794477138977,0.051344499773653234,0.7909183673469388,2.625,0.01394044277068451,35,31,36,0.4595744680851064,0.5829787234042553,0.225531914893617,1
70,44,386,5173.5,7262.75,4571.25,299,0.057868480218342074,0.08123790561626827,0.05113197838950347,1.0558163265306122,3.7514204545454546,0.030680353835002283,33,0,52,0.20066889632107024,0.0,0.3110367892976589,1
75,59,631,5016.0,5429.0,2950.25,317,0.04991591119426007,0.054025813770661464,0.029358934808785042,0.8917333333333334,1.5596093076702098,0.007409691054623632,33,24,41,0.41009463722397477,0.1892744479495268,0.2113564668769716,0
70,45,242,7341.25,5995.75,5263.0,271,0.09996119333887066,0.08164036437412345,0.07166296755218475,1.4982142857142857,2.960864197530864,0.08986749538965917,41,37,55,0.5276752767527675,0.2878228782287823,0.3284132841328413,0
70,44,259,5642.0,6770.0,5049.0,267,0.07914264472779811,0.09496556270953443,0.07082439085973993,1.1514285714285715,3.496900826446281,0.07526721426335325,34,39,53,0.24344569288389514,0.29213483146067415,0.33707865168539325,0
72,48,677,5510.0,7532.0,3870.25,259,0.08213950298892383,0.11228216633622039,0.05769517449054128,1.0628858024691359,3.2690972222222223,0.008444261654837464,42,38,43,0.41312741312741313,0.2857142857142857,0.3861003861003861,1
70,48,356,6409.5,6807.0,3887.5,231,0.12011581492100973,0.12756507561702368,0.07285283259309233,1.308061224489796,2.9544270833333335,0.030673999495013256,44,0,47,0.6277056277056277,0.0,0.41125541125541126,1
72,49,254,5299.0,6325.0,3459.0,247,0.08685603763379174,0.10367322854005147,0.056696552967594946,1.0221836419753085,2.6343190337359434,0.05361460722921446,31,41,44,0.23076923076923078,0.4777327935222672,0.32793522267206476,0
70,48,276,7056.5,8448.75,4334.75,251,0.11200615863240267,0.13410501420612372,0.06880446342121553,1.4401020408163265,3.6669921875,0.05690440558706154,38,45,54,0.5258964143426295,0.4940239043824701,0.2868525896414343,1
70,45,333,5345.5,6320.0,4740.5,255,0.08220684352172242,0.09719338715878509,0.07290272971933871,1.0909183673469387,3.1209876543209876,0.04274995716437158,27,32,57,0.3764705882352941,0.29411764705882354,0.37254901960784315,1
70,50,416,5159.0,5888.0,4028.25,223,0.10374228317480745,0.11840173741679905,0.08100404190713668,1.052857142857143,2.3552,0.023277147281804734,29,32,51,0.547085201793722,0.34977578475336324,0.42152466367713004,0
70,51,234,7034.75,7275.75,4943.25,227,0.13652021191950164,0.14119718993188302,0.09593141726018359,1.4356632653061225,2.797289504036909,0.09027777777777778,33,28,56,0.31277533039647576,0.42731277533039647,0.2555066079295154,0
72,51,326,7323.0,8843.5,5764.5,267,0.10272272019526155,0.12405139642862152,0.08086100239868703,1.4126157407407407,3.4000384467512497,0.05424084459332305,45,31,56,0.45692883895131087,0.2846441947565543,0.34831460674157305,0
75,58,1145,6381.25,6476.5,5035.75,287,0.07747150020031808,0.07862788184875377,0.06113647124525003,1.1344444444444444,1.9252378121284186,0.0038410785454129404,39,31,49,0.33797909407665505,0.36585365853658536,0.3170731707317073,0
70,42,235,6889.0,7980.75,7141.5,287,0.0836358338695383,0.09689021355121466,0.08670130753074579,1.4059183673469389,4.524234693877551,0.12931643277501131,44,42,60,0.27177700348432055,0.3310104529616725,0.34843205574912894,1
70,46,391,9217.0,9339.0,6728.5,271,0.1255021037295244,0.12716330115330673,0.09161776119606214,1.8810204081632653,4.41351606805293,0.04401135523707982,38,43,58,0.3726937269372694,0.6162361623616236,0.3284132841328413,0
70,46,336,9063.0,9328.0,7293.0,319,0.08906162478749226,0.09166576586314992,0.0716679277915901,1.849591836734694,4.408317580340265,0.06459927721088435,51,43,67,0.31347962382445144,0.21316614420062696,0.21003134796238246,1
70,51,589,6326.5,9216.0,6839.5,335,0.05637335709512141,0.08212073958565382,0.06094453107596347,1.2911224489795918,3.5432525951557095,0.01971486303798271,46,40,51,0.41492537313432837,0.3194029850746269,0.24776119402985075,1
72,45,337,7186.5,7876.5,5387.0,279,0.09232281188576714,0.10118703511003199,0.06920517465089092,1.3862847222222223,3.8896296296296295,0.04743371870845037,48,34,54,0.46953405017921146,0.2903225806451613,0.24731182795698925,0
60,51,673,6068.25,6638.75,4465.5,315,0.061156462585034016,0.06690602166792643,0.045003779289493576,1.685625,2.5523836985774704,0.00985916114887764,33,34,55,0.20317460317460317,0.3682539682539683,0.3142857142857143,0
65,49,387,6097.75,6450.25,3414.0,263,0.0881572669837644,0.09325348060547355,0.04935737107663838,1.4432544378698224,2.686484798000833,0.02279510446086974,45,27,47,0.3688212927756654,0.11787072243346007,0.3193916349809886,0
70,52,1006,7979.0,6939.5,5003.0,295,0.09168629704108015,0.07974145360528584,0.057489227233553576,1.6283673469387756,2.5663831360946747,0.004943500033595643,38,33,54,0.4576271186440678,0.29152542372881357,0.18305084745762712,0
70,45,340,6016.75,6482.25,5533.5,255,0.09252979623221838,0.0996885813148789,0.08509803921568627,1.2279081632653062,3.201111111111111,0.04786764705882353,45,43,61,0.403921568627451,0.2980392156862745,0.5215686274509804,0
71,42,528,6086.75,7157.75,4163.25,263,0.08799823620407986,0.10348205120791105,0.06018953577469676,1.2074489188653046,4.057681405895692,0.014933604511019284,32,44,50,0.21673003802281368,0.44106463878326996,0.30038022813688214,0
70,44,340,6134.0,8168.5,5017.0,327,0.05736516754107866,0.07639181138886551,0.04691898362464813,1.2518367346938775,4.21926652892562,0.043399653979238756,28,51,56,0.1712538226299694,0.3211009174311927,0.3363914373088685,0
70,46,405,6610.75,7861.5,4562.25,223,0.13293551046672966,0.15808683062197107,0.091742242956826,1.3491326530612244,3.715264650283554,0.027814357567443986,33,37,56,0.33183856502242154,0.28699551569506726,0.38565022421524664,0
72,73,436,7560.0,9376.0,4942.0,259,0.11269957215903162,0.1397713212385027,0.07367212772618179,1.4583333333333333,1.759429536498405,0.025997390792020875,43,46,48,0.6177606177606177,0.6061776061776062,0.38223938223938225,0
78,54,434,8850.5,10096.0,7647.5,271,0.12051170327201427,0.137470895004153,0.10413120736373416,1.4547172912557529,3.4622770919067216,0.040601308161141665,56,43,59,0.35424354243542433,0.3726937269372694,0.5276752767527675,0
70,48,399,7581.0,6949.5,4732.0,303,0.08257360389504297,0.0756951932817044,0.05154178784215055,1.5471428571428572,3.0162760416666665,0.029723431385481246,33,31,55,0.39933993399339934,0.297029702970297,0.38613861386138615,1
70,45,503,4659.0,6383.75,5231.0,227,0.09041510605678356,0.12388654932174116,0.10151565138077587,0.9508163265306122,3.1524691358024692,0.020675153848282078,31,33,54,0.3876651982378855,0.32599118942731276,0.4801762114537445,1
70,42,814,6757.25,6811.75,3354.75,255,0.10391772395232603,0.10475586312956556,0.0515916955017301,1.3790306122448979,3.8615362811791383,0.00506303992176228,33,35,47,0.4823529411764706,0.2627450980392157,0.3058823529411765,1
70,44,265,5918.0,7034.5,3978.5,203,0.1436094057123444,0.1707030017714577,0.09654444417481618,1.2077551020408164,3.633522727272727,0.056653613385546454,28,31,49,0.5270935960591133,0.4975369458128079,0.45320197044334976,1
76,62,342,5283.0,7528.75,4816.75,275,0.06985785123966942,0.09955371900826446,0.06369256198347108,0.9146468144044322,1.9585718002081165,0.04118147464177012,24,24,54,0.17454545454545456,0.26545454545454544,0.32,1
70,51,297,6430.0,7577.0,5148.5,287,0.0780633490755017,0.09198849081571951,0.06250531146426447,1.3122448979591836,2.913110342176086,0.058367060050561734,43,33,55,0.22996515679442509,0.2229965156794425,0.3170731707317073,1
65,46,343,6178.25,10419.75,5430.0,275,0.08169586776859504,0.13778181818181817,0.07180165289256199,1.4623076923076923,4.924267485822306,0.04615423845506549,34,33,58,0.4072727272727273,0.12,0.41818181818181815,0
72,51,284,5552.75,6967.75,4724.0,263,0.0802780147175758,0.1007351559224508,0.06829649120270641,1.0711323302469136,2.678873510188389,0.05856972822852609,30,44,55,0.3840304182509506,0.42585551330798477,0.34600760456273766,0
70,46,307,6511.0,6672.0,4857.75,327,0.06089087151287303,0.06239654350082765,0.04542967763656258,1.3287755102040817,3.153119092627599,0.05154166091947925,39,29,53,0.27217125382262997,0.09480122324159021,0.3333333333333333,0
75,61,377,7373.0,7692.5,6067.0,311,0.07622956751894625,0.07953288324148841,0.06272681217109004,1.3107555555555555,2.067320612738511,0.042686573464950854,32,29,64,0.3504823151125402,0.2572347266881029,0.2733118971061093,0
70,44,262,6881.5,8468.0,7022.5,263,0.09948821003628794,0.12242478566988102,0.10152669548497159,1.4043877551020407,4.37396694214876,0.10230318745993823,35,42,64,0.376425855513308,0.5057034220532319,0.5627376425855514,0
68,45,316,11367.0,8676.0,9264.0,319,0.111702911724531,0.08525859612228653,0.09103684122600997,2.4582612456747404,4.2844444444444445,0.09277359397532446,62,45,61,0.5015673981191222,0.23510971786833856,0.5172413793103449,0
70,37,287,6692.75,8119.25,5779.0,223,0.1345844477065696,0.1632699229825655,0.11620985742725573,1.3658673469387754,5.9307888970051135,0.07015989024997268,41,39,61,0.7085201793721974,0.5201793721973094,0.4618834080717489,0
70,43,425,7452.25,7621.75,5548.75,271,0.10147261066706607,0.10378058577633748,0.0755538459443635,1.5208673469387755,4.122093023255814,0.030719723183391005,36,39,53,0.23616236162361623,0.45387453874538747,0.3505535055350554,0
70,44,373,8546.5,7789.5,4876.0,215,0.18488912925905895,0.16851270957274203,0.10548404542996215,1.7441836734693879,4.023502066115703,0.03504661141818025,46,35,57,0.5488372093023256,0.6465116279069767,0.49767441860465117,1
84,66,301,7233.0,7845.0,4880.5,271,0.09848722103457197,0.10682044089813592,0.06645470513745728,1.0250850340136055,1.8009641873278237,0.053868058851447555,51,37,56,0.42066420664206644,0.5202952029520295,0.3800738007380074,0
70,47,379,7540.5,7386.5,4381.5,271,0.10267425552484308,0.100577334186626,0.059660135346740924,1.5388775510204082,3.343820733363513,0.030503129329369747,47,38,51,0.4354243542435424,0.47601476014760147,0.4575645756457565,0
72,49,278,5362.5,6265.0,5014.5,239,0.09387965896955586,0.10967945239053938,0.08778732865320986,1.0344328703703705,2.60932944606414,0.06488406397184411,43,35,61,0.4895397489539749,0.2175732217573222,0.4393305439330544,0
65,46,546,4926.5,6366.5,3152.0,211,0.11065564565036724,0.14299993261606883,0.0707980503582579,1.1660355029585798,3.008742911153119,0.010573065518120463,35,21,43,0.4265402843601896,0.1848341232227488,0.2843601895734597,0
72,57,225,6109.75,7674.25,8051.5,359,0.04740613434098122,0.05954523940689473,0.06247235822192565,1.1785783179012346,2.3620344721452753,0.15904197530864198,34,32,59,0.3342618384401114,0.3983286908077994,0.31754874651810583,0
82,55,286,5712.5,7588.0,6236.0,259,0.0851582415288979,0.11311697798184285,0.0929622396803864,0.8495687091017252,2.5084297520661156,0.0762384468678175,42,33,49,0.44787644787644787,0.21621621621621623,0.42084942084942084,0
77,49,464,5357.5,6245.0,4583.0,239,0.09379212548799916,0.1093293184643126,0.08023318919486704,0.9036093776353517,2.600999583506872,0.021286972354340072,32,35,48,0.3389121338912134,0.3138075313807531,0.34309623430962344,0
70,110,341,5194.25,5180.5,4415.5,243,0.08796507984893902,0.0877322223915731,0.07477688021812393,1.0600510204081632,0.4281404958677686,0.03797266965368375,32,28,50,0.3333333333333333,0.37448559670781895,0.4897119341563786,0
71,45,209,3646.0,3602.75,3657.25,211,0.08189393769232498,0.08092248601783428,0.08214662743424452,0.7232691926205118,1.7791358024691357,0.08372633410407271,29,35,43,0.5876777251184834,0.4549763033175355,0.5213270142180095,0
78,70,178,5084.5,9277.0,6272.5,271,0.0692324450919786,0.12631908606908948,0.08540869541536744,0.8357166337935569,1.893265306122449,0.1979705845221563,39,32,57,0.45018450184501846,0.3025830258302583,0.5018450184501845,1
82,53,333,12084.5,17806.0,11253.5,359,0.09376479077598715,0.13815845625033946,0.08731698233253932,1.7972189173111244,6.338910644357423,0.10148436725013302,97,95,95,0.5097493036211699,0.2646239554317549,0.2646239554317549,1
73,51,306,10676.5,17396.0,8121.25,327,0.09984662720122699,0.16268739069850088,0.07594992939240057,2.003471570651154,6.688196847366398,0.0867321329403221,89,90,89,0.6146788990825688,0.5596330275229358,0.4525993883792049,0
71,57,344,7047.0,8198.5,6001.25,239,0.12336968890600655,0.1435286497085135,0.1050620612384237,1.3979369172783178,2.5233918128654973,0.05071364588967009,48,41,55,0.3054393305439331,0.5397489539748954,0.5481171548117155,0
71,53,411,6864.25,6653.25,6093.0,223,0.13803313961672264,0.13379014257274427,0.12252408051639888,1.3616841896449117,2.368547525809897,0.03607011561617561,34,45,54,0.49327354260089684,0.6860986547085202,0.5919282511210763,0
73,49,270,5544.5,7211.5,4538.0,259,0.08265380659203053,0.1075043604001133,0.06764955799704835,1.040439106774254,3.003540191586839,0.06224965706447188,32,34,46,0.4594594594594595,0.21621621621621623,0.47876447876447875,0
70,44,258,5044.0,5716.0,3399.0,241,0.08684423477557204,0.09841428350062843,0.0585217196673611,1.0293877551020407,2.9524793388429753,0.051063638002523885,39,35,41,0.3983402489626556,0.25311203319502074,0.26556016597510373,0
73,75,245,9215.75,9187.75,5828.0,315,0.09287729906777525,0.09259511211892164,0.05873519778281683,1.7293582285607056,1.6333777777777778,0.09709287796751354,54,36,51,0.40634920634920635,0.3111111111111111,0.2571428571428571,0
73,53,202,7977.5,6426.5,6457.0,307,0.08464280788125073,0.0681863998557014,0.06851001071629408,1.4969975605179209,2.287824848700605,0.1582442897755122,41,38,52,0.39087947882736157,0.4006514657980456,0.3257328990228013,0
70,61,223,7054.25,6477.75,4839.25,247,0.11562638299267321,0.10617695749807406,0.07932026422331132,1.4396428571428572,1.7408626713249127,0.09731243338896821,43,44,50,0.4089068825910931,0.47368421052631576,0.29959514170040485,0
70,45,323,6073.5,7480.5,5797.0,283,0.07583438424752463,0.09340233989686474,0.07238197505275382,1.2394897959183673,3.694074074074074,0.05556460811471403,39,45,59,0.38162544169611307,0.26501766784452296,0.4452296819787986,0
79,50,175,6242.5,6540.0,5914.75,311,0.06454130953981038,0.06761716690274087,0.06115269693241385,1.0002403460983817,2.616,0.19313469387755103,36,28,59,0.3279742765273312,0.15434083601286175,0.2958199356913183,1
72,49,133,4530.5,5706.25,3481.75,287,0.05500248880039821,0.06927666962085251,0.04227015017785817,0.8739390432098766,2.3766139108704705,0.1968313641245972,31,15,41,0.2682926829268293,0.06620209059233449,0.25435540069686413,1
70,42,199,6033.5,8222.5,4200.0,223,0.12132759556797844,0.16534617627541273,0.08445776106497214,1.231326530612245,4.661281179138322,0.1060579278301053,43,37,48,0.6188340807174888,0.5515695067264574,0.4798206278026906,1
70,58,296,6323.0,6286.5,5505.5,275,0.0836099173553719,0.08312727272727273,0.0728,1.2904081632653062,1.868757431629013,0.06283669649379109,47,28,52,0.4727272727272727,0.4254545454545455,0.34545454545454546,0
70,43,305,5988.5,6408.5,3813.75,259,0.08927267035375143,0.09553375769591986,0.05685290916951149,1.2221428571428572,3.4659275283937263,0.04099704380542865,52,34,33,0.5212355212355212,0.44015444015444016,0.35135135135135137,1
70,50,378,5259.5,5356.0,3098.5,219,0.10966201705552428,0.11167406851400095,0.06460457455015534,1.0733673469387754,2.1424,0.021685423140449595,32,34,42,0.2465753424657534,0.2785388127853881,0.3242009132420091,0
70,45,234,7168.5,7274.0,7448.5,283,0.08950667382536928,0.0908239583463397,0.09300278440235238,1.4629591836734694,3.5920987654320986,0.1360307546204982,48,36,56,0.5017667844522968,0.127208480565371,0.6254416961130742,0
72,77,175,7650.75,8303.75,5949.5,327,0.07154981342760149,0.07765666937874664,0.05563972355488221,1.4758391203703705,1.4005312868949233,0.19426938775510205,54,40,59,0.3669724770642202,0.23853211009174313,0.39755351681957185,0
70,51,448,7276.0,7286.75,5081.75,247,0.11926109262567818,0.11943729613663558,0.08329508761002476,1.4848979591836735,2.801518646674356,0.02531962492028061,38,38,53,0.4048582995951417,0.5668016194331984,0.3562753036437247,1
70,47,256,7989.0,7168.0,4386.0,271,0.10878119851309215,0.09760215683337645,0.0597214090222083,1.630408163265306,3.244907197827071,0.066925048828125,46,28,39,0.5940959409594095,0.34686346863468637,0.1992619926199262,0
70,42,465,5826.0,6572.5,5908.0,263,0.08422848385837586,0.09502089086151311,0.08541398603420608,1.1889795918367347,3.725907029478458,0.027323389987281767,43,34,58,0.3612167300380228,0.20912547528517111,0.2737642585551331,0
70,46,245,6565.5,7572.5,6325.25,227,0.1274136893787964,0.14695608298239826,0.12275126627724194,1.3398979591836735,3.5786862003780717,0.10537692628071636,42,32,60,0.4713656387665198,0.3964757709251101,0.46255506607929514,0
72,44,247,7078.0,7585.75,5614.5,303,0.07709483819669095,0.082625341742095,0.06115413521550175,1.365354938271605,3.9182592975206614,0.09202740579258797,0,40,55,0.0,0.33993399339933994,0.18811881188118812,1
70,46,196,6658.5,7595.5,5565.5,259,0.09926059539959153,0.113228783112953,0.08296686095913895,1.358877551020408,3.5895557655954633,0.14487453144523116,35,21,55,0.5521235521235521,0.1583011583011583,0.42084942084942084,1
70,56,193,5964.0,6417.5,4125.0,279,0.07661772073842833,0.0824436993358256,0.052992638840713764,1.217142857142857,2.0463966836734695,0.11074122795242826,33,33,55,0.32974910394265233,0.27956989247311825,0.37992831541218636,1
60,51,225,6474.25,8257.25,4753.75,215,0.14005949161709033,0.17863169280692265,0.10283937263385613,1.7984027777777778,3.174644367550942,0.09390123456790124,35,38,57,0.40930232558139534,0.7023255813953488,0.2744186046511628,0
70,45,179,8062.0,6477.0,5184.0,287,0.09787662834318736,0.07863395209362746,0.06293629885029563,1.6453061224489796,3.1985185185185183,0.16179270309915422,28,30,58,0.0975609756097561,0.37282229965156793,0.37282229965156793,0
70,46,394,5555.75,6026.75,4396.75,187,0.15887643341245103,0.17234550601961737,0.12573279190139838,1.1338265306122448,2.848180529300567,0.028323004973073256,30,42,51,0.44919786096256686,0.47058823529411764,0.46524064171123,0
60,43,313,5566.25,5800.0,3480.25,243,0.09426493251367508,0.09822350928889566,0.058938339345289505,1.5461805555555554,3.136830719307734,0.03552399228327328,31,34,38,0.3374485596707819,0.23045267489711935,0.39094650205761317,0
70,47,389,5013.75,5047.75,6345.0,231,0.0939590712317985,0.09459624070013681,0.11890706695901501,1.0232142857142856,2.2850837483023994,0.04193073003747001,23,23,61,0.21645021645021645,0.21212121212121213,0.4675324675324675,1
76,58,419,5034.5,6027.0,3211.5,271,0.06855162647567435,0.0820658760093136,0.043728979725221606,0.8716239612188366,1.7916171224732462,0.018292787122424683,35,27,39,0.5092250922509225,0.44649446494464945,0.15498154981549817,1
70,43,580,7096.0,7004.5,4036.0,295,0.08153978741740879,0.08048836541223786,0.046377477736282674,1.4481632653061225,3.788263926446728,0.011997621878715815,33,30,37,0.22372881355932203,0.12542372881355932,0.13220338983050847,0
70,46,447,6899.5,7300.5,3830.0,203,0.16742701836977358,0.17715790239996118,0.09294086243296368,1.4080612244897959,3.450141776937618,0.019168305731974034,29,32,49,0.3793103448275862,0.4187192118226601,0.39901477832512317,0
75,60,417,5590.75,9845.75,5096.75,263,0.08082739377466784,0.14234339082536976,0.0736854660324712,0.9939111111111111,2.7349305555555556,0.029310364657913958,34,41,58,0.2813688212927757,0.27756653992395436,0.33079847908745247,0
65,37,359,6506.25,8493.0,5158.5,267,0.0912658334385389,0.11913478937844549,0.07236039220637125,1.5399408284023668,6.203798392987582,0.040025294651655406,43,58,60,0.4419475655430712,0.3146067415730337,0.2247191011235955,0
70,47,206,6976.25,8771.5,4623.0,319,0.06855524218512003,0.08619706960426883,0.04542997808590717,1.4237244897959183,3.9708012675418742,0.10894052219813366,42,35,55,0.3793103448275862,0.2476489028213166,0.2946708463949843,0
70,47,354,8443.0,8723.75,6149.5,291,0.0997035934861421,0.10301897710230158,0.0726195958951831,1.7230612244897958,3.9491851516523315,0.04907194612020811,39,42,62,0.36769759450171824,0.3161512027491409,0.41580756013745707,0
70,46,477,7293.25,7636.0,4818.5,311,0.07540503096535396,0.07894872881794027,0.04981855026312797,1.4884183673469389,3.608695652173913,0.021177520228190694,30,34,53,0.1864951768488746,0.18006430868167203,0.2572347266881029,1
70,47,315,6866.0,6870.0,5101.5,299,0.07680003579378307,0.0768447780226172,0.05706312009932775,1.4012244897959183,3.1100045269352647,0.051413454270597125,30,32,60,0.2842809364548495,0.10702341137123746,0.3979933110367893,0
75,72,289,8594.25,6566.5,4774.25,303,0.09361010358461588,0.07152348898256163,0.052001982376455466,1.5278666666666667,1.2666859567901234,0.057162270566683826,58,24,58,0.3234323432343234,0.09570957095709572,0.39603960396039606,0
70,48,309,6616.5,8457.0,4227.5,299,0.07400923927025425,0.09459625731255802,0.04728694309907048,1.3503061224489796,3.6705729166666665,0.044275824509588294,35,51,55,0.5451505016722408,0.5518394648829431,0.2842809364548495,0
70,52,317,5511.75,5995.75,2834.25,231,0.10329172991510654,0.11236202469968704,0.05311463428346545,1.1248469387755102,2.2173631656804735,0.02820457960572799,34,29,24,0.4025974025974026,0.4588744588744589,0.2597402597402597,0
70,41,447,6252.5,6631.0,4440.0,247,0.10248487928010622,0.10868888196823419,0.07277614778147487,1.2760204081632653,3.944675788221297,0.022221221266309325,28,38,53,0.2874493927125506,0.4089068825910931,0.2874493927125506,0
70,43,311,6230.5,7047.5,5192.0,287,0.0756413213709041,0.08556010149449429,0.06303342276827448,1.271530612244898,3.8115197404002163,0.053680172868353304,33,32,59,0.3310104529616725,0.24041811846689895,0.41114982578397213,0
72,46,315,9280.0,9391.5,6483.0,303,0.10107941487218029,0.1022938927556122,0.07061399209227853,1.7901234567901234,4.4383270321361055,0.06533635676492819,44,43,59,0.48514851485148514,0.42574257425742573,0.3432343234323432,1
70,46,386,6898.0,7929.5,3337.0,263,0.09972675620581474,0.11463950613714236,0.048244155618846596,1.4077551020408163,3.747400756143667,0.022396574404682006,35,49,42,0.33460076045627374,0.4296577946768061,0.3231939163498099,1
70,48,296,5532.0,7553.75,6359.75,303,0.0602555305035454,0.0822767920356392,0.0692715311135074,1.1289795918367347,3.278537326388889,0.07258662801314829,46,43,57,0.38613861386138615,0.528052805280528,0.4752475247524752,1
76,55,550,5109.75,7110.75,5264.25,223,0.102751915381367,0.14299000583160731,0.1058587544491142,0.8846520083102493,2.3506611570247933,0.017402479338842976,28,31,53,0.33183856502242154,0.23766816143497757,0.33183856502242154,1
70,41,324,5526.75,6870.5,6092.5,279,0.07100050102131268,0.08826325458306034,0.0782685217301936,1.127908163265306,4.087150505651398,0.058037075140984606,36,32,60,0.3225806451612903,0.3548387096774194,0.4229390681003584,1
70,50,389,4391.0,6064.0,4863.5,223,0.0882985782943554,0.12194091978523598,0.09780007641416477,0.8961224489795918,2.4256,0.032140284560636,18,31,57,0.08071748878923767,0.27802690582959644,0.4798206278026906,1
72,47,351,22176.0,22228.0,23926.5,383,0.1511769798689745,0.15153147134413622,0.16311039000879413,4.277777777777778,10.062471706654595,0.19420702754036087,143,141,144,0.6579634464751958,0.4464751958224543,0.5013054830287206,1
70,48,749,8353.0,7457.0,6155.75,303,0.09098236556328901,0.08122297378252677,0.0670495267348517,1.7046938775510203,3.236545138888889,0.010972796839934332,40,31,55,0.2706270627062706,0.2838283828382838,0.3795379537953795,1
70,50,301,12964.5,13595.0,14115.5,287,0.15739537932960215,0.16504995811531037,0.17136908302880938,2.6458163265306123,5.438,0.1557985011202967,101,100,100,0.49477351916376305,0.6132404181184669,0.6794425087108014,1
70,43,250,132263.5,119715.0,122104.25,687,0.2802376851021995,0.2536501338011607,0.2587124366218968,26.992551020408165,64.74580854515955,1.953668,370,356,350,0.6302765647743813,0.5807860262008734,0.6491994177583698,1
70,39,193,84136.0,85559.0,88081.5,575,0.25447561436672966,0.258779584120983,0.2664090737240076,17.17061224489796,56.25180802103879,2.36466750785256,298,297,294,0.6730434782608695,0.6504347826086957,0.711304347826087,1
72,58,340,63963.25,55331.75,61070.25,487,0.26969481677622287,0.233300937306309,0.25749676391096643,12.338589891975309,16.448201545778836,0.5282893598615916,249,240,242,0.6899383983572895,0.5462012320328542,0.6201232032854209,1
75,62,717,123180.5,84814.5,107476.5,695,0.2550188913617308,0.17559029035764195,0.22250711660887118,21.898755555555557,22.064125910509887,0.20906204956729282,346,310,312,0.6086330935251798,0.5539568345323741,0.6273381294964029,1
70,51,227,139924.0,90231.25,119145.25,639,0.3426813707842604,0.22098116432904505,0.29179309905686945,28.555918367346937,34.69098423683199,2.3121979856003416,369,324,326,0.6463223787167449,0.5915492957746479,0.7934272300469484,1
70,52,345,112568.25,80010.25,102285.75,567,0.35014650579024476,0.24887398946775785,0.3181625187798027,22.97311224489796,29.58958949704142,0.8593635790800253,337,297,296,0.7724867724867724,0.6490299823633157,0.7372134038800705,1
70,43,392,56467.0,38321.0,49969.5,463,0.26341028786811527,0.17876185455919466,0.2331004016438944,11.523877551020409,20.725256895619253,0.32518677113702626,233,201,196,0.6047516198704104,0.652267818574514,0.7732181425485961,1
77,84,456,100727.5,66003.5,85843.5,551,0.3317759164166126,0.21740211659381886,0.2827510449570324,16.988952605835724,9.35423752834467,0.41283616112650046,311,274,270,0.705989110707804,0.6533575317604355,0.7931034482758621,1
70,45,341,91221.75,55934.75,74138.5,583,0.2683868851301454,0.1645676971011124,0.21812562336527513,18.61668367346939,27.6220987654321,0.6375805161634317,296,258,252,0.6363636363636364,0.6072041166380789,0.7221269296740995,1
70,67,267,53792.5,33038.75,45976.25,427,0.2950298635982208,0.1812040322713337,0.2521609288703388,10.978061224489796,7.359935397638672,0.6449276887037271,232,187,188,0.7915690866510539,0.6768149882903981,0.8009367681498829,1
70,42,641,15422.5,11975.25,15717.0,407,0.09310348990938672,0.07229292057301885,0.09488134549559611,3.147448979591837,6.788690476190476,0.03825195129490047,119,88,97,0.5528255528255528,0.3783783783783784,0.5012285012285013,1
70,51,251,21024.0,13337.5,18370.0,375,0.149504,0.09484444444444444,0.13063111111111111,4.290612244897959,5.127835447904652,0.29158267329090015,116,85,107,0.424,0.416,0.5546666666666666,1
72,55,365,26543.0,14188.0,26255.0,431,0.14288790435021345,0.07637771114496585,0.14133752509945574,5.120177469135802,4.690247933884297,0.1970726215049728,131,85,135,0.5870069605568445,0.4547563805104408,0.5127610208816705,1
73,61,455,5347.25,7885.5,9873.25,299,0.05981197078332457,0.08820371136788178,0.11043780270914196,1.0034246575342465,2.1191883902176833,0.04769110010868253,19,37,91,0.12040133779264214,0.3511705685618729,0.44481605351170567,1
71,59,359,3473.0,6157.5,7157.0,271,0.04728966108849281,0.08384281259786767,0.09745237673778952,0.6889506050386828,1.768888250502729,0.05553184720788945,29,29,73,0.4612546125461255,0.42066420664206644,0.42066420664206644,1
74,96,218,5144.25,7678.0,10145.75,335,0.04583871686344398,0.06841612831365561,0.09040543550902205,0.939417457998539,0.8331163194444444,0.21348686979210504,52,24,87,0.2208955223880597,0.28059701492537314,0.35522388059701493,1
73,52,249,8464.25,6348.5,8441.75,291,0.09995453525584251,0.07496959176202454,0.0996888322055715,1.5883373991367986,2.3478180473372783,0.13615506201512878,51,25,69,0.5223367697594502,0.12371134020618557,0.4054982817869416,1
78,57,317,4565.0,5828.25,6456.0,259,0.06805205646904489,0.08688376738569789,0.09624185685961748,0.7503287310979618,1.793859649122807,0.06424583785289932,0,32,69,0.0,0.35135135135135137,0.42084942084942084,1
72,48,260,3823.25,6654.75,6552.25,263,0.05527403894808368,0.09621000737324524,0.09472812965345748,0.7375096450617284,2.8883463541666665,0.096926775147929,19,39,73,0.14068441064638784,0.3688212927756654,0.3231939163498099,1
72,58,402,4111.5,7031.5,10179.0,295,0.047245044527434644,0.08079862108589486,0.11696638896868716,0.7931134259259259,2.090219976218787,0.06298730229449766,36,32,92,0.3559322033898305,0.2,0.46440677966101696,1
77,56,341,5831.5,7418.5,6197.0,263,0.08430799924821814,0.10725180355361506,0.0895921583368272,0.9835554056333277,2.365593112244898,0.053293315330965506,30,33,67,0.35361216730038025,0.45627376425855515,0.39543726235741444,1
73,62,442,4749.5,8558.5,10721.0,275,0.06280330578512397,0.11317024793388429,0.14176528925619836,0.8912553950084443,2.2264568158168574,0.05487705001945087,35,30,97,0.509090909090909,0.36727272727272725,0.3527272727272727,1
70,52,379,5148.5,8424.5,11576.0,343,0.043761527934789074,0.07160706848337002,0.09839437649278787,1.0507142857142857,3.115569526627219,0.08058980374684108,39,35,99,0.34402332361516036,0.3935860058309038,0.2915451895043732,1
73,44,267,5213.0,9052.5,14879.5,271,0.0709821489358805,0.12326221048188342,0.20260481202598005,0.9782323137549259,4.675878099173554,0.20872084052238074,37,38,113,0.3726937269372694,0.2029520295202952,0.42066420664206644,1
72,59,456,8249.0,9994.5,12200.5,327,0.07714464738284282,0.09346856325225149,0.1140990750872074,1.5912422839506173,2.8711577133007755,0.058674303631886734,39,36,104,0.25076452599388377,0.26299694189602446,0.3761467889908257,1
73,83,315,5517.5,8176.0,10571.0,351,0.04478453908653339,0.06636309770212905,0.08580287497666415,1.0353724901482455,1.1868195674263318,0.10653565129755606,36,30,95,0.2564102564102564,0.24216524216524216,0.358974358974359,1
73,56,281,7603.0,8766.5,13114.0,335,0.0677478280240588,0.07811539318333705,0.1168545333036311,1.4267217113905049,2.795440051020408,0.16608198984308709,39,37,106,0.382089552238806,0.1791044776119403,0.42686567164179107,1
70,44,420,10755.5,15107.0,26505.75,343,0.09142024156601417,0.12840738127820892,0.2252951576298991,2.195,7.803202479338843,0.1502593537414966,65,63,161,0.5539358600583091,0.49854227405247814,0.5072886297376094,1
70,49,579,9313.5,13572.75,28114.0,335,0.08298952996212965,0.12094230340833148,0.2505145912229895,1.9007142857142858,5.65295710120783,0.08386205744524089,65,64,161,0.6179104477611941,0.5850746268656717,0.6417910447761194,1
71,48,300,9066.0,11617.5,17895.0,327,0.08478523132171815,0.10864685913082513,0.1673540386611677,1.7984526879587384,5.042317708333333,0.19883333333333333,52,52,131,0.5718654434250765,0.19877675840978593,0.5902140672782875,1
71,55,219,8408.25,10179.0,17754.5,311,0.08693303419112705,0.10524084738577971,0.1835640657147879,1.66797262447927,3.3649586776859506,0.3701861929484373,47,42,129,0.4983922829581994,0.2379421221864952,0.5112540192926045,1
70,51,302,6010.75,8975.25,9100.5,299,0.06723358799118578,0.10039317233587991,0.10179416337624858,1.2266836734693878,3.4506920415224913,0.0997818078154467,36,25,92,0.44481605351170567,0.12709030100334448,0.38127090301003347,1
65,44,338,4689.75,7475.25,12251.25,311,0.04848740190858242,0.07728673194032319,0.12666587400874682,1.11,3.8611828512396693,0.107237579216414,39,32,101,0.42765273311897106,0.28938906752411575,0.5466237942122186,1
76,61,217,5074.75,6277.5,6859.0,235,0.09189225894069715,0.11367134449977365,0.12420099592575826,0.8785924515235457,1.6870464928782585,0.14566034530357408,33,29,72,0.42127659574468085,0.5276595744680851,0.42127659574468085,1
70,46,195,3926.0,6789.0,10552.0,283,0.049020464732984555,0.08476819538263682,0.13175342431544906,0.8012244897959183,3.208412098298677,0.2775016436554898,30,21,90,0.18021201413427562,0.2049469964664311,0.4134275618374558,1
72,59,436,4700.5,6126.0,7932.5,287,0.0570663720574488,0.07437264019230536,0.09630443492090471,0.9067322530864198,1.7598391266877333,0.041728915916168674,28,26,77,0.3240418118466899,0.16376306620209058,0.2926829268292683,1
70,51,368,6619.25,10021.0,16074.0,271,0.09013017251943738,0.13644966707969663,0.21886956876948843,1.3508673469387755,3.8527489427143404,0.11869387996219281,47,46,116,0.6383763837638377,0.5940959409594095,0.45018450184501846,1
70,45,237,4325.5,8751.0,13211.0,287,0.052513688402190145,0.10624142577911592,0.1603880100523255,0.8827551020408163,4.321481481481482,0.23520091153483239,36,32,107,0.3588850174216028,0.29965156794425085,0.5226480836236934,1
72,51,260,6421.5,7607.5,7801.0,255,0.09875432525951557,0.11699346405228758,0.11996924259900038,1.2387152777777777,2.9248366013071894,0.11539940828402367,41,34,80,0.3686274509803922,0.24705882352941178,0.4470588235294118,1
70,49,467,7035.25,8502.75,14600.5,335,0.0626887948318111,0.07576520383158833,0.1301002450434395,1.435765306122449,3.5413369429404415,0.06694743888962763,38,30,112,0.3611940298507463,0.2656716417910448,0.42686567164179107,1
72,49,312,10276.25,14230.0,29069.25,295,0.11808388394139616,0.1635162309681126,0.3340333237575409,1.982301311728395,5.9266972094960435,0.29862395216962523,75,61,162,0.4271186440677966,0.4271186440677966,0.8372881355932204,1
70,54,534,6138.75,9603.25,13023.75,343,0.0521785140545181,0.08162627816641026,0.11070004844920059,1.2528061224489795,3.29329561042524,0.04567236880865211,59,39,108,0.45481049562682213,0.37026239067055394,0.4227405247813411,1
70,48,266,5163.0,8806.0,12829.5,271,0.07030133031957626,0.1199057747035035,0.17469124875750602,1.0536734693877552,3.822048611111111,0.18132031205834134,44,34,107,0.33210332103321033,0.3763837638376384,0.5940959409594095,1
70,45,365,5211.5,7533.5,10017.5,255,0.08014609765474817,0.11585544021530181,0.1540561322568243,1.0635714285714286,3.720246913580247,0.0751923437793207,31,29,94,0.5294117647058824,0.28627450980392155,0.4627450980392157,1
72,48,358,5961.5,7292.5,10680.0,279,0.07658560398761578,0.09368456212021942,0.1372027594712298,1.149980709876543,3.1651475694444446,0.08333073249898568,49,31,92,0.5376344086021505,0.1971326164874552,0.4659498207885305,1
70,49,332,6437.5,9043.5,8967.0,263,0.09306914947447556,0.13074498691610403,0.1296390001301161,1.3137755102040816,3.76655560183257,0.08135251850776601,44,29,89,0.5665399239543726,0.4220532319391635,0.40304182509505704,1
72,59,570,5011.5,6493.0,7689.5,263,0.072452977489916,0.09387153204470211,0.11116974367129784,0.9667245370370371,1.8652686009767308,0.023667282240689442,33,31,80,0.5285171102661597,0.39543726235741444,0.49049429657794674,1
70,51,240,4753.0,7353.0,12691.25,335,0.04235241701938071,0.06552016039206951,0.11308754733793717,0.97,2.8269896193771626,0.2203342013888889,38,30,104,0.26865671641791045,0.18507462686567164,0.417910447761194,1
70,42,439,4635.0,7958.75,11877.25,295,0.05326055731111749,0.0914536052858374,0.13648089629416835,0.9459183673469388,4.511763038548753,0.06162924642358643,36,38,104,0.4067796610169492,0.3389830508474576,0.43728813559322033,1
72,47,245,4754.0,6575.0,9082.5,263,0.06873021151093699,0.09505703422053231,0.13130882331680377,0.9170524691358025,2.976459936622906,0.15131195335276967,36,27,89,0.467680608365019,0.30038022813688214,0.4372623574144487,1
70,52,552,4796.0,6615.5,12283.0,279,0.0616127747588032,0.08498734600017985,0.1577960200922393,0.9787755102040816,2.446560650887574,0.04031125288804873,38,33,101,0.44086021505376344,0.3548387096774194,0.4910394265232975,1
72,48,296,5565.0,6587.5,12587.0,307,0.05904571931797685,0.06989464079194474,0.13355048859934854,1.0734953703703705,2.859157986111111,0.14366097516435355,40,30,99,0.44299674267100975,0.30293159609120524,0.4527687296416938,1
70,53,237,3741.0,5079.25,7041.75,295,0.0429876472278081,0.058365412237862686,0.08091640333237575,0.7634693877551021,1.8082057671769314,0.1253671954280831,32,27,72,0.10847457627118644,0.14576271186440679,0.4576271186440678,1
70,48,250,5178.25,5380.75,5965.5,287,0.06286649103424832,0.06532494020808799,0.07242409158785465,1.0567857142857142,2.3353949652777777,0.095448,38,31,69,0.3588850174216028,0.22996515679442509,0.24390243902439024,1
70,42,266,5516.25,5986.75,8409.0,295,0.06338695777075554,0.06879345015800058,0.0966274059178397,1.125765306122449,3.3938492063492065,0.11884504494318503,30,31,82,0.1016949152542373,0.12203389830508475,0.43050847457627117,1
72,51,243,6443.25,6790.75,5432.5,335,0.05741367787926042,0.06051013588772555,0.048407217643127644,1.2429108796296295,2.6108227604767396,0.09199986451929754,52,37,60,0.373134328358209,0.1791044776119403,0.3194029850746269,1
70,52,562,4003.0,7833.5,11253.0,263,0.05787274646156515,0.11325160115080456,0.1626884876172852,0.8169387755102041,2.8970044378698225,0.035628348171882325,30,28,97,0.42585551330798477,0.21292775665399238,0.467680608365019,1
72,59,339,5594.0,5912.5,8592.0,287,0.06791389964671175,0.07178064563124477,0.10431108790928625,1.0790895061728396,1.698506176386096,0.07476440337275171,40,28,81,0.4634146341463415,0.3797909407665505,0.4425087108013937,1
70,48,333,5233.5,7369.0,10225.5,303,0.05700421527301245,0.08026446208977334,0.11137796948011633,1.068061224489796,3.1983506944444446,0.0922138354570787,31,33,92,0.41914191419141916,0.3333333333333333,0.3333333333333333,1
70,43,382,3787.0,6933.0,10671.5,263,0.05474996024230508,0.10023276323208374,0.15428154230941607,0.7728571428571429,3.7495943753380208,0.07313053370247526,42,22,96,0.5475285171102662,0.34980988593155893,0.42585551330798477,1
72,51,454,4423.25,6600.25,8572.75,331,0.04037248655999854,0.06024269584980057,0.07824636503865427,0.8532503858024691,2.537581699346405,0.04159187059713947,36,30,79,0.39274924471299094,0.2628398791540785,0.23867069486404835,1
70,49,355,5606.0,7460.0,10347.0,271,0.07633338326003186,0.10157813755259323,0.1408886044580003,1.1440816326530612,3.1070387338608914,0.08210275738940687,39,22,85,0.3837638376383764,0.19557195571955718,0.5129151291512916,1
72,48,234,5724.0,8363.0,10864.5,271,0.07794011519450988,0.11387372176304789,0.14793507713674922,1.1041666666666667,3.6297743055555554,0.19841661187815035,35,45,90,0.4907749077490775,0.5608856088560885,0.4907749077490775,1
70,49,300,4327.5,6348.75,5640.25,287,0.052537969381684854,0.07707693428352899,0.06847539729752698,0.8831632653061224,2.644210745522699,0.06266944444444444,45,32,63,0.445993031358885,0.1672473867595819,0.3623693379790941,1
70,51,263,6570.0,6998.0,8576.5,279,0.08440282113539138,0.08990120887450058,0.11017972533754705,1.3408163265306123,2.6905036524413686,0.1239934074513149,40,28,79,0.4121863799283154,0.4229390681003584,0.4551971326164875,1
70,45,482,7931.5,7315.0,10643.5,299,0.08871824699947428,0.08182235098041409,0.119053478149014,1.6186734693877551,3.612345679012346,0.04581317470429228,38,30,88,0.4983277591973244,0.2909698996655518,0.43812709030100333,1
70,46,323,6617.0,8396.0,11174.25,287,0.08033362065825736,0.1019315519188044,0.13566086755939735,1.3504081632653062,3.9678638941398865,0.10710588618696623,6,7,89,0.020905923344947737,0.03484320557491289,0.4564459930313589,1
76,49,1108,4258.0,8978.5,13726.0,311,0.04402353160120346,0.09282885826242492,0.14191333836498796,0.7371883656509696,3.7394835485214495,0.011180583612454222,36,23,104,0.3954983922829582,0.12540192926045016,0.4437299035369775,1
72,56,287,6181.75,8662.75,11980.25,303,0.06733272337134703,0.09435621779999782,0.1304910193989696,1.1924672067901234,2.7623565051020407,0.1454461022957666,45,2,92,0.3102310231023102,0.006600660066006601,0.42244224422442245,1
70,48,309,5078.25,7534.75,7287.5,311,0.05250410975899753,0.0779019034129093,0.07534558162136454,1.036377551020408,3.270290798611111,0.07632408542013594,35,29,80,0.3086816720257235,0.2540192926045016,0.3633440514469453,1
70,43,405,7055.75,7901.75,8481.5,311,0.07294951458318255,0.08169632241188574,0.08769036713847045,1.4399489795918368,4.273526230394808,0.05170858100899253,40,37,75,0.3665594855305466,0.3311897106109325,0.3504823151125402,1
70,43,349,6844.0,6671.0,7466.0,287,0.08308951183090726,0.0809892071046146,0.09064089645376294,1.3967346938775511,3.607896160086533,0.06129670528156583,32,22,71,0.43902439024390244,0.23693379790940766,0.4146341463414634,1
70,46,302,5916.0,6865.0,8218.0,295,0.06798046538351049,0.07888537776501005,0.09443263430048837,1.2073469387755102,3.2443289224952743,0.09010569711854743,34,31,74,0.33220338983050846,0.3728813559322034,0.3898305084745763,1
76,54,535,6459.5,9320.0,8404.5,307,0.06853653619667052,0.09888699084340417,0.08917335992954832,1.118334487534626,3.196159122085048,0.02936326316708883,33,28,81,0.3583061889250814,0.26058631921824105,0.3485342019543974,1
70,48,471,7025.0,6594.0,6624.5,299,0.07857853938993971,0.07375756423306228,0.0740987237279225,1.433673469387755,2.8619791666666665,0.02986147736441866,31,31,68,0.34782608695652173,0.3377926421404682,0.3010033444816054,1
81,48,408,5817.0,7171.5,8524.0,303,0.06335980132666733,0.07811325687024148,0.09284492805716216,0.8866026520347507,3.1126302083333335,0.05120626682045367,28,27,78,0.37293729372937295,0.35973597359735976,0.43234323432343236,1
70,45,304,6167.5,7016.5,8072.0,311,0.06376588331386152,0.07254370819160265,0.08345653994478966,1.258673469387755,3.464938271604938,0.08734418282548477,30,34,78,0.34726688102893893,0.3504823151125402,0.39228295819935693,1
70,44,592,5627.5,6897.5,10107.0,247,0.09224048910816438,0.1130570899375502,0.16566408234850596,1.148469387755102,3.56275826446281,0.028838910701241782,33,30,88,0.32388663967611336,0.5101214574898786,0.5951417004048583,1
76,49,339,5981.5,6401.0,8108.25,255,0.09198769703960015,0.09843906189926951,0.12469434832756632,1.0355782548476453,2.665972511453561,0.07055498994961756,33,24,80,0.4588235294117647,0.17647058823529413,0.3176470588235294,1
70,48,563,7800.5,7801.75,8920.5,307,0.08276480387059809,0.08277806661078632,0.09464821907924753,1.5919387755102041,3.3861762152777777,0.02814313071625301,30,28,82,0.2931596091205212,0.22149837133550487,0.2671009771986971,1
70,48,518,6292.5,10744.5,12309.5,303,0.06853903212103389,0.11703101003169623,0.13407726911304993,1.2841836734693877,4.663411458333333,0.04587550871334655,41,40,98,0.49504950495049505,0.40924092409240925,0.5214521452145214,1
70,44,360,5237.5,7525.5,6722.5,295,0.06018385521401896,0.08647515081873025,0.07724791726515369,1.0688775510204083,3.887138429752066,0.05187114197530864,27,37,74,0.31186440677966104,0.2711864406779661,0.3152542372881356,1
72,51,416,7094.5,8151.0,9992.0,335,0.06321675206059256,0.07263087547337937,0.08903541991534863,1.3685378086419753,3.1337946943483277,0.05773853550295858,36,37,84,0.2417910447761194,0.11044776119402985,0.34626865671641793,1
70,45,356,7003.75,8559.0,8052.0,311,0.07241188573319135,0.08849164090528427,0.08324975961786996,1.4293367346938775,4.226666666666667,0.06353364474182553,38,33,79,0.4405144694533762,0.35691318327974275,0.29260450160771706,1
76,52,441,4809.0,6176.0,7963.5,279,0.06177978186302848,0.07934122120733289,0.10230469803830886,0.8325831024930748,2.2840236686390534,0.0409474447375322,26,20,80,0.23297491039426524,0.1971326164874552,0.3727598566308244,1
68,56,527,3656.5,6071.5,5328.5,239,0.06401323506241137,0.10629190665429526,0.09328443129497033,0.790765570934256,1.9360650510204083,0.019185969056166263,34,38,59,0.301255230125523,0.3807531380753138,0.39330543933054396,1
70,46,412,4728.25,7107.25,6568.75,279,0.06074241081178299,0.09130471088500919,0.08438676275998509,0.9649489795918368,3.3588137996219283,0.03869798048826468,32,36,71,0.26523297491039427,0.25806451612903225,0.44802867383512546,1
70,46,385,5791.5,7314.0,8592.0,271,0.07885922032652061,0.09959014719298484,0.11699187102572133,1.181938775510204,3.4565217391304346,0.05796593017372238,32,25,82,0.44649446494464945,0.2915129151291513,0.30996309963099633,1
70,45,363,4993.75,5389.25,6777.5,247,0.08185267747381533,0.08833532757462013,0.11109016702453736,1.0191326530612246,2.661358024691358,0.0514347077081863,29,25,71,0.1902834008097166,0.3603238866396761,0.3441295546558704,1
73,49,220,4501.5,4640.0,6434.5,243,0.07623329776964893,0.07857880743111653,0.10896882250334468,0.8447175830362169,1.9325281132861307,0.13294421487603306,24,35,74,0.3168724279835391,0.2222222222222222,0.3991769547325103,1
76,66,264,4811.0,6055.5,4822.5,279,0.06180547526367852,0.07779319381816781,0.061953212317416274,0.8329293628808865,1.3901515151515151,0.06919335399449036,40,33,56,0.2974910394265233,0.3010752688172043,0.36917562724014336,1
80,106,253,5183.0,6327.0,6006.5,347,0.043044955111328886,0.05254590603692415,0.04988414487289156,0.80984375,0.5631007475970096,0.09383836647971379,38,19,67,0.3400576368876081,0.05475504322766571,0.1988472622478386,1
65,44,258,4432.25,6537.0,6082.25,283,0.055341557517262045,0.08162169586335202,0.07594363770305534,1.04905325443787,3.3765495867768593,0.09137446667868518,37,27,73,0.3710247349823322,0.3003533568904594,0.34275618374558303,1
77,46,232,5730.0,6305.5,5155.5,263,0.08284057887203805,0.09116078011826106,0.07453483496942272,0.966436161241356,2.979914933837429,0.09578440844233056,23,31,62,0.29277566539923955,0.22053231939163498,0.4372623574144487,1
70,45,239,5732.5,5837.75,7600.25,307,0.060822926503198975,0.061939649227047505,0.08064011289244448,1.1698979591836736,2.8828395061728394,0.1330552686402549,42,33,77,0.3550488599348534,0.25732899022801303,0.36482084690553745,1
84,52,283,3605.0,6835.5,8451.0,243,0.061050991549391184,0.11575979271452523,0.14311842706904435,0.5109126984126984,2.527921597633136,0.10552010887887225,27,34,86,0.43209876543209874,0.345679012345679,0.5349794238683128,1
70,46,239,4831.0,8548.0,11295.0,311,0.04994778796745278,0.08837791172547844,0.11677918962789881,0.9859183673469388,4.039697542533081,0.19773813483657499,33,39,97,0.3890675241157556,0.29260450160771706,0.3183279742765273,1
72,48,274,3400.5,6169.5,6948.5,239,0.059531520806708565,0.1080075628928065,0.12164527931933965,0.6559606481481481,2.677734375,0.0925528797485215,18,35,75,0.07531380753138076,0.46443514644351463,0.3389121338912134,1
73,45,499,4498.5,8064.75,10191.25,315,0.04533635676492819,0.08127739984882842,0.1027084908037289,0.8441546256333271,3.9825925925925927,0.040928550487749044,32,34,94,0.37777777777777777,0.35873015873015873,0.45714285714285713,1
70,46,260,6172.0,7335.0,8465.0,327,0.05772054353823565,0.06859691945122465,0.07916467936668256,1.2595918367346939,3.466446124763705,0.12522189349112425,35,37,84,0.27522935779816515,0.36085626911314983,0.345565749235474,1
74,50,317,4351.25,8622.25,12415.75,287,0.052826306013184575,0.1046783377241438,0.15073328558074034,0.7946037253469685,3.4489,0.12355332424444466,36,33,101,0.28222996515679444,0.2857142857142857,0.3867595818815331,1
70,61,236,4594.5,6875.75,10958.75,351,0.03729271677989627,0.055809206094106376,0.08895017085900277,0.9376530612244898,1.847823165815641,0.19676009049123816,32,32,91,0.19658119658119658,0.21937321937321938,0.28205128205128205,1
70,67,632,7382.0,6955.0,5580.0,303,0.080406060408021,0.0757551002625015,0.060778355063229095,1.506530612244898,1.5493428380485632,0.013970116968434546,30,26,66,0.3234323432343234,0.29372937293729373,0.39933993399339934,1
70,43,363,6034.5,7063.5,10483.0,279,0.07752341311134235,0.0907426677457895,0.13467195950720057,1.231530612244898,3.8201730665224445,0.07955588947324485,37,33,92,0.5555555555555556,0.18996415770609318,0.3978494623655914,1
81,107,414,8687.5,7731.75,11210.0,351,0.07051484971712892,0.06275720164609054,0.09098952118895139,1.324112178021643,0.6753209887326405,0.06540409344442111,25,26,99,0.2678062678062678,0.19658119658119658,0.28774928774928776,1
70,43,310,9776.25,8051.5,13639.5,367,0.07258387841620326,0.0597784525833587,0.10126662162463156,1.9951530612244899,4.354515954570038,0.14193028095733612,41,33,112,0.3133514986376022,0.23978201634877383,0.30517711171662126,1
73,57,363,6761.0,11293.5,20563.5,351,0.05487780131654776,0.09166727542795919,0.16691017118367546,1.2687183336460874,3.4759926131117265,0.15605719099332924,50,47,136,0.150997150997151,0.39316239316239315,0.5498575498575499,1
73,74,280,5907.5,6223.0,11825.5,263,0.08540675736240223,0.08996804927062702,0.17096531683268515,1.1085569525239256,1.1364134404674946,0.15083545918367347,27,28,103,0.3688212927756654,0.22053231939163498,0.5209125475285171,1
80,68,311,6324.5,7627.5,10230.5,279,0.08124895620559859,0.09798820672910163,0.13142816767513263,0.988203125,1.649545847750865,0.10577330672759794,38,28,96,0.4838709677419355,0.2616487455197133,0.37992831541218636,1
70,52,346,6180.25,6348.75,8180.25,295,0.07101694915254238,0.07295317437517955,0.09399885090491238,1.2612755102040816,2.34791050295858,0.06833046543486251,48,33,83,0.27796610169491526,0.22033898305084745,0.5084745762711864,1
71,46,357,7728.0,6646.0,10837.25,295,0.08880206837115771,0.07636885952312554,0.12453030738293594,1.5330291608807776,3.1408317580340266,0.08503205203650087,37,21,95,0.44745762711864406,0.13898305084745763,0.5288135593220339,1
72,48,354,7417.0,5581.5,6432.75,287,0.09004601245614248,0.0677621435248698,0.07809673542230694,1.4307484567901234,2.4225260416666665,0.0513322321172077,22,32,71,0.14634146341463414,0.3832752613240418,0.397212543554007,1
73,73,364,5507.75,5701.25,6113.75,271,0.07499557467899402,0.07763034272409144,0.08324709630860146,1.0335428785888534,1.0698536310752487,0.04614290242724309,31,18,65,0.1918819188191882,0.13284132841328414,0.2878228782287823,1
70,66,579,5379.25,7497.75,12570.5,287,0.06530672947346695,0.0910263570032415,0.15261202636914373,1.0978061224489797,1.7212465564738293,0.03749690521147473,29,24,104,0.3344947735191638,0.14634146341463414,0.578397212543554,1
70,43,252,5876.75,8786.25,12773.25,271,0.08002001606731934,0.11963685135006331,0.17392532781416375,1.1993367346938775,4.751892915089237,0.20114087301587302,26,39,107,0.2656826568265683,0.4907749077490775,0.5535055350553506,1
70,50,347,5634.0,6779.0,8866.5,291,0.06653204378786269,0.08005337679054333,0.10470471534346548,1.149795918367347,2.7116,0.07363652218687972,28,25,85,0.38831615120274915,0.18900343642611683,0.46048109965635736,1
70,45,219,9293.0,11379.0,23275.5,319,0.091321822702214,0.11182083509399475,0.22872711549611344,1.896530612244898,5.619259259259259,0.48530055670232064,45,42,144,0.3730407523510972,0.3103448275862069,0.7053291536050157,1
72,45,249,10587.0,11232.0,20205.5,359,0.08214554511526137,0.08715016177714326,0.1567764061421001,2.0422453703703702,5.546666666666667,0.32588990500153225,50,47,136,0.3342618384401114,0.30919220055710306,0.3983286908077994,1
70,45,643,12005.25,9587.75,18238.25,303,0.13076332385713818,0.10443148275223561,0.19865427136773084,2.4500510204081634,4.734691358024691,0.04411245401488455,53,38,124,0.49834983498349833,0.4521452145214521,0.6072607260726073,1
72,49,478,11275.75,13626.0,28078.0,439,0.05850815427483253,0.07070324458673419,0.1456924777268694,2.1751060956790123,5.675135360266555,0.12288825475744472,50,52,157,0.3917995444191344,0.22095671981776766,0.42369020501138954,1
70,43,194,9939.0,14050.5,22118.5,359,0.07711765116658002,0.10901917272522715,0.17161955602454979,2.0283673469387753,7.598972417522986,0.5876952917419492,54,51,133,0.3983286908077994,0.4958217270194986,0.4958217270194986,1
70,52,284,9197.5,9552.0,17229.5,335,0.08195589218088661,0.08511472488304744,0.15352639786143907,1.8770408163265306,3.532544378698225,0.2136170898631224,38,35,127,0.37910447761194027,0.27761194029850744,0.4417910447761194,1
72,46,207,7260.5,11159.75,18788.0,319,0.07134855199929246,0.1096662768644176,0.18462868879040104,1.4005594135802468,5.27398393194707,0.43846997596209947,40,40,127,0.45141065830721006,0.4263322884012539,0.47962382445141066,1
70,46,261,7067.5,11381.0,17792.5,371,0.05134734563102564,0.0826861182351189,0.129267442113905,1.4423469387755101,5.378544423440454,0.2611896478325333,46,46,126,0.29380053908355797,0.41778975741239893,0.42318059299191374,1
70,49,414,7200.0,9699.0,18815.5,371,0.05230999484165329,0.07046592221794377,0.1366998205476566,1.469387755102041,4.039566847147022,0.10977794114215034,46,42,126,0.12398921832884097,0.2641509433962264,0.5121293800539084,1
70,46,338,5017.5,7724.0,12995.0,259,0.07479763271269063,0.11514437769264024,0.19372102383685394,1.0239795918367347,3.6502835538752363,0.11374776793529638,32,29,101,0.5521235521235521,0.3861003861003861,0.5366795366795367,1
76,61,217,5243.5,9599.75,13954.75,335,0.04672310091334373,0.0855402094007574,0.12434617955001113,0.9078081717451524,2.579884439666756,0.2963484040858799,33,30,101,0.3373134328358209,0.21791044776119403,0.33134328358208953,1
72,45,202,5041.0,9606.5,14134.0,303,0.05490747094511431,0.10463571109586206,0.15395004847019356,0.9724151234567902,4.743950617283951,0.3463876090579355,38,35,106,0.44554455445544555,0.22442244224422442,0.44224422442244227,1
70,45,262,5466.5,6625.0,10736.5,271,0.07443389932054302,0.09020846666031236,0.14619218147901036,1.1156122448979593,3.271604938271605,0.15640842608239613,39,37,85,0.33210332103321033,0.3985239852398524,0.5867158671586716,1
70,49,283,4613.5,7825.0,11284.0,303,0.05025106471043144,0.0852312954067684,0.12290734023897439,0.941530612244898,3.2590587255310286,0.1408932562524192,31,31,95,0.31353135313531355,0.3201320132013201,0.36303630363036304,1
70,43,384,5269.0,10032.0,14664.5,319,0.0517781861420387,0.09858393687168955,0.14410727095842218,1.0753061224489795,5.425635478637101,0.09945000542534722,30,41,106,0.27586206896551724,0.3981191222570533,0.48589341692789967,1
70,46,331,5368.25,8136.5,13293.0,255,0.08255670895809304,0.12512879661668588,0.20442906574394465,1.0955612244897959,3.845226843100189,0.12132967022936994,42,35,100,0.2784313725490196,0.4470588235294118,0.5568627450980392,1
70,49,311,8000.25,11147.75,21948.0,311,0.08271471552196524,0.11525676947095254,0.22692073076167532,1.632704081632653,4.642961266139109,0.22692073076167532,51,50,141,0.6045016077170418,0.5337620578778135,0.6688102893890675,1
72,75,233,8823.5,12025.5,25035.5,291,0.10419692729183642,0.14200942360151628,0.2956448317804466,1.7020640432098766,2.1378666666666666,0.4611523513050526,60,54,151,0.6151202749140894,0.3402061855670103,0.6769759450171822,1
70,45,216,9058.0,15237.0,25588.5,291,0.10696614352688325,0.1799341056435328,0.3021752223048854,1.8485714285714285,7.524444444444445,0.5484503600823045,60,60,153,0.47766323024054985,0.20618556701030927,0.6426116838487973,1
68,51,274,6798.0,12026.0,23446.0,303,0.07404502826520276,0.13098933655741812,0.2553780130488296,1.4701557093425606,4.623606305267205,0.31229687250253074,56,54,148,0.5313531353135313,0.19141914191419143,0.6270627062706271,1
70,45,283,9024.0,14245.0,27291.0,291,0.10656463669536259,0.16821955338269506,0.322280086442059,1.8416326530612246,7.034567901234568,0.3407584062730213,53,53,158,0.6391752577319587,0.49140893470790376,0.6666666666666666,1
70,45,252,6792.5,11051.5,23604.5,319,0.06674954059020646,0.10860250980238009,0.23196018120891107,1.3862244897959184,5.457530864197531,0.37170099521289995,43,43,146,0.4702194357366771,0.4890282131661442,0.6332288401253918,1
75,49,308,4756.5,9555.0,14644.5,287,0.05774623948330076,0.11600237953599048,0.17779140210516092,0.8456,3.979591836734694,0.1543736296171361,41,38,110,0.4878048780487805,0.4878048780487805,0.4878048780487805,1
70,42,174,5192.5,7943.5,13911.5,291,0.06131835949032251,0.09380498577012553,0.16428124372645575,1.0596938775510205,4.5031179138322,0.4594893645131457,40,29,105,0.29896907216494845,0.24054982817869416,0.5979381443298969,1
70,58,236,4978.0,8525.0,10663.0,351,0.04040551618899197,0.06919586691666464,0.08654962216215778,1.0159183673469387,2.5341854934601664,0.1914500143636886,34,31,89,0.38461538461538464,0.08831908831908832,0.33903133903133903,1
72,78,298,6586.5,10815.0,13906.5,311,0.06809793116282917,0.11181646178182608,0.1437795308154382,1.2705439814814814,1.7776134122287968,0.15659767578037026,42,46,98,0.3504823151125402,0.3536977491961415,0.6463022508038585,1
72,47,205,4897.5,8441.5,9086.5,319,0.048127475162390305,0.08295417694401588,0.0892925580526921,0.9447337962962963,3.8214124038026256,0.21621653777513386,31,31,82,0.28213166144200624,0.09717868338557993,0.43573667711598746,1
69,46,472,8384.0,11572.0,18728.5,335,0.07470706170639341,0.10311427934952105,0.16688349298284696,1.7609745851711824,5.468809073724008,0.08406573182993393,42,36,126,0.3373134328358209,0.3522388059701492,0.43283582089552236,1
70,43,347,7227.5,11477.75,19639.5,275,0.0955702479338843,0.1517719008264463,0.25969586776859505,1.475,6.207544618712817,0.16310657841191273,55,49,131,0.6254545454545455,0.5272727272727272,0.610909090909091,1
70,45,355,6176.0,9792.0,16964.5,263,0.08928855412106579,0.14156630860645664,0.24526160563258106,1.2604081632653061,4.835555555555556,0.13461218012299148,44,39,121,0.5893536121673004,0.5285171102661597,0.6844106463878327,1
70,49,279,5625.5,11233.0,18698.25,291,0.06643166707998252,0.13265077171974823,0.2208080915435576,1.1480612244897959,4.6784673052894625,0.2402108143523336,48,50,129,0.25773195876288657,0.2508591065292096,0.47079037800687284,1
72,49,210,5788.5,10338.5,22687.5,311,0.05984739611873326,0.1068899204929643,0.23456643334953112,1.1166087962962963,4.30591420241566,0.5144557823129252,49,46,138,0.39228295819935693,0.35691318327974275,0.6334405144694534,1
70,42,332,9119.0,10780.75,18391.75,271,0.12416769924156806,0.1467947059544396,0.2504289157282717,1.8610204081632653,6.111536281179139,0.16685794382348673,56,53,130,0.5166051660516605,0.36162361623616235,0.6162361623616236,1
70,46,348,6112.5,9187.0,12413.0,287,0.07420874358071605,0.11153467930896332,0.1506998992339351,1.2474489795918366,4.341682419659735,0.10249867882150879,30,1,101,0.10452961672473868,0.003484320557491289,0.3623693379790941,1
72,48,208,6539.75,10679.0,21182.5,327,0.061159741510722065,0.09987000720103995,0.19809873841521008,1.2615258487654322,4.634982638888889,0.489610299556213,46,42,133,0.3394495412844037,0.14067278287461774,0.5382262996941896,1
70,48,422,3527.5,8433.0,12444.0,287,0.04282557758379973,0.1023807500394566,0.15107625441610315,0.7198979591836735,3.66015625,0.06987713663215112,37,35,104,0.26480836236933797,0.34146341463414637,0.49477351916376305,1
76,51,327,5641.75,8066.0,13033.0,275,0.07460165289256199,0.10665785123966942,0.17233719008264461,0.9767572714681441,3.101114955786236,0.12188461502492308,39,38,110,0.44,0.52,0.4,1
70,42,223,5506.75,9900.75,18081.5,311,0.05693437826325203,0.10236401608750943,0.18694492405992494,1.1238265306122448,5.612670068027211,0.36360071588007,47,43,118,0.3408360128617363,0.3408360128617363,0.4855305466237942,1
70,45,400,8948.0,10086.0,14938.0,279,0.11495227450829254,0.12957181947816704,0.19190400945517144,1.8261224489795918,4.980740740740741,0.0933625,37,36,114,0.5089605734767025,0.4659498207885305,0.5627240143369175,1
65,47,457,8395.5,12327.0,17772.0,383,0.05723333037923771,0.08403493104459094,0.12115427878027664,1.9871005917159763,5.580353100950656,0.08509497292302094,50,44,119,0.3968668407310705,0.27676240208877284,0.5169712793733682,1
70,51,263,11521.5,10410.0,21454.0,319,0.1132211751063767,0.10229852300979747,0.21082733070626272,2.351326530612245,4.002306805074971,0.31016784975928524,58,39,127,0.5329153605015674,0.3072100313479624,0.5172413793103449,1
76,49,364,4321.75,8363.75,12896.75,263,0.062481024736514915,0.1209176075987798,0.18645274617241828,0.7482254155124654,3.48344439816743,0.09733690073662601,30,31,106,0.20912547528517111,0.24714828897338403,0.42585551330798477,1
70,44,228,5075.25,9446.75,15059.5,303,0.05528052805280528,0.10289568560816478,0.16403075951159474,1.035765306122449,4.879519628099174,0.2896949061249615,43,44,111,0.3564356435643564,0.4884488448844885,0.44884488448844884,1
72,51,315,5633.0,10484.0,16543.0,255,0.08662821991541715,0.16123029603998462,0.25440984236831987,1.0866126543209877,4.030757400999615,0.16672209624590578,47,43,122,0.6274509803921569,0.3607843137254902,0.5647058823529412,1
70,46,459,6438.5,9465.0,14514.5,327,0.06021285151829719,0.08851667929186656,0.13573960291408319,1.3139795918367347,4.473062381852552,0.06889325568038883,37,35,109,0.26605504587155965,0.3853211009174312,0.44954128440366975,1
70,46,432,4533.0,10019.75,15566.0,303,0.049374244355128584,0.10913690378938884,0.16954764783409035,0.9251020408163265,4.73523156899811,0.08340835048010974,43,43,114,0.2607260726072607,0.49834983498349833,0.504950495049505,1
70,51,249,7000.5,11683.25,18393.0,335,0.06237914903096458,0.10410559144575629,0.16389396302071732,1.4286734693877552,4.491830065359477,0.2966565055402332,47,47,128,0.3283582089552239,0.43582089552238806,0.5462686567164179,1
78,59,218,6551.5,12245.5,16410.0,335,0.05837825796391179,0.10911561595010025,0.1462241033637781,1.0768408941485865,3.517810973858087,0.34529921723760626,45,44,122,0.33134328358208953,0.3701492537313433,0.4955223880597015,1
71,46,247,8723.5,10608.5,19619.5,307,0.0925580112255833,0.11255822342942631,0.2081666648983013,1.730509819480262,5.013468809073724,0.32158370076546083,49,46,134,0.2964169381107492,0.4169381107491857,0.5276872964169381,1
70,42,267,5823.0,10672.5,17509.0,359,0.04518121367773372,0.08280894778904571,0.13585400485719384,1.1883673469387754,6.050170068027211,0.24560591395586978,36,36,123,0.40668523676880225,0.31754874651810583,0.45403899721448465,1
70,51,247,5727.75,8973.25,15793.75,283,0.07151731199041067,0.11204097941040593,0.19720248723295333,1.1689285714285715,3.449923106497501,0.2588757396449704,45,42,119,0.3957597173144876,0.34275618374558303,0.42402826855123676,1
80,117,371,6154.0,10180.75,13811.25,351,0.04995089325573656,0.08263528705124147,0.11210339201792194,0.9615625,0.7437175834611732,0.10034255781344222,27,37,108,0.21652421652421652,0.17663817663817663,0.33048433048433046,1
72,45,388,5582.25,9083.0,16749.5,303,0.060802862464464265,0.0989336557418118,0.18243854088379136,1.0768229166666667,4.485432098765432,0.11125983101286002,46,30,121,0.3102310231023102,0.3201320132013201,0.5775577557755776,1
80,50,227,4570.0,9353.5,12400.5,279,0.058709420485348336,0.12016161149008878,0.15930550738042934,0.7140625,3.7414,0.24065089561217956,30,35,104,0.36917562724014336,0.12544802867383512,0.5232974910394266,1
70,53,511,6598.5,9544.0,13415.5,331,0.060226723012750887,0.08711128960122672,0.12244776882284755,1.3466326530612245,3.3976504093983624,0.05137656488754256,44,43,108,0.4773413897280967,0.32326283987915405,0.4773413897280967,1
70,52,359,6934.5,11884.0,17450.5,287,0.08418822615304301,0.14427758015758355,0.211857616336243,1.415204081632653,4.394970414201183,0.13540009776460457,49,46,128,0.5365853658536586,0.3797909407665505,0.5156794425087108,1
66,47,261,4286.0,9161.5,14937.0,291,0.05061347882051464,0.10818837755812992,0.1763913983065859,0.9839302112029384,4.147351742870077,0.2192715902585106,17,30,116,0.058419243986254296,0.2508591065292096,0.5670103092783505,1
84,49,199,7366.5,9040.5,12027.0,295,0.08464808962941683,0.10388394139615054,0.13820166618787705,1.0440051020408163,3.7653061224489797,0.3037044519077801,42,41,108,0.39322033898305087,0.43389830508474575,0.511864406779661,1
72,48,315,6831.0,8206.0,8854.5,279,0.08775580992022199,0.10542002286712658,0.11375110802790303,1.3177083333333333,3.5616319444444446,0.08923658352229781,38,25,82,0.3870967741935484,0.24372759856630824,0.3655913978494624,1
