SrcIPF0,DstIPF0,DstPortF0,SrcIPF2,DstIPF2,DstPortF2,Events_F1,SrcIP_BurstIndex,DstIP_BurstIndex,DstPort_BurstIndex,SrcIP_Concentration,DstIP_Concentration,DstPort_Concentration,SrcIP_MaxCount,DstIP_MaxCount,DstPort_MaxCount,SrcIP_FractionOfMass,DstIP_FractionOfMass,DstPort_FractionOfMass,Attack
66,73,54,659.5,972.5,4724.0,95,0.07307479224376731,0.1077562326869806,0.5234349030470914,0.15140036730945822,0.18249202477012572,1.6200274348422496,14,12,67,0.4421052631578947,0.35789473684210527,0.9157894736842105,1
93,79,29,743.0,739.0,4468.25,81,0.11324493217497333,0.11263526901386983,0.6810318549001677,0.0859058850734189,0.11841051113603589,5.3130202140309155,12,0,65,0.37037037037037035,0.0,1.037037037037037,1
74,78,110,17747.5,28764.0,96035.0,559,0.05679545316355234,0.09205039666411718,0.3073306857056909,3.2409605551497442,4.727810650887574,7.936776859504132,72,66,299,0.44364937388193204,0.3559928443649374,0.8264758497316637,0
63,65,1087,69907.5,82934.0,179528.0,719,0.13522780248413324,0.16042602826905705,0.3472757132549651,17.613378684807255,19.629349112426034,0.1519403437293971,98,98,425,0.35465924895688455,0.37552155771905427,0.8720445062586927,0
85,91,261,17233.75,22119.25,28352.5,423,0.09631613656813597,0.12362026278579771,0.15845670629132225,2.385294117647059,2.671084410095399,0.4162079241349951,58,70,158,0.14420803782505912,0.16784869976359337,0.6832151300236406,0
66,36,234,5442.5,6861.5,4151.5,287,0.06607461544998726,0.083301970401486,0.05040124318615013,1.2494260789715335,5.294367283950617,0.07581817517714953,33,39,50,0.3519163763066202,0.4355400696864111,0.21602787456445993,0
93,65,476,5780.0,8269.75,4864.0,299,0.06465252066531695,0.09250176172526034,0.05440655026230132,0.6682853509076194,1.9573372781065088,0.02146741049360921,39,45,49,0.47491638795986624,0.3979933110367893,0.23411371237458195,0
63,67,257,4977.75,7008.25,3530.75,247,0.08159042108541363,0.11487239587601829,0.05787260895933387,1.2541572184429328,1.5612051681889063,0.05345652470135808,40,34,43,0.44129554655870445,0.2591093117408907,0.17813765182186234,0
74,65,303,5089.5,6113.75,3228.5,239,0.08910033087656029,0.10703156457344934,0.056520369041158244,0.9294192841490139,1.4470414201183432,0.0351653977278916,35,30,48,0.47280334728033474,0.20502092050209206,0.4309623430962343,0
63,72,220,5110.0,6705.0,3575.75,223,0.10275694262904944,0.13483078284300912,0.07190472360192242,1.2874779541446209,1.2934027777777777,0.07387913223140496,36,39,47,0.4618834080717489,0.3991031390134529,0.5560538116591929,0
63,68,285,5475.0,6940.5,4028.0,239,0.0958491623045815,0.12150522574884894,0.07051697274207384,1.379440665154951,1.5009731833910034,0.0495906432748538,40,38,48,0.41841004184100417,0.5313807531380753,0.2301255230125523,0
86,74,774,6126.5,6314.5,3042.0,259,0.0913298847661782,0.09413246671933931,0.04534816117827701,0.8283531638723635,1.1531227173119065,0.005077819842557538,48,36,33,0.5135135135135135,0.5328185328185329,0.305019305019305,0
93,73,592,4077.25,5412.0,3071.0,239,0.07137917753540729,0.09474624043696714,0.05376306437212234,0.47141288010174587,1.0155751548132859,0.00876266891891892,36,35,20,0.5397489539748954,0.3891213389121339,0.21338912133891214,0
63,83,308,4563.0,6117.0,3282.75,251,0.07242742178695576,0.09709369692544563,0.05210631577276551,1.1496598639455782,0.8879372913340108,0.0346048026648676,39,28,25,0.3705179282868526,0.30278884462151395,0.099601593625498,0
74,63,234,4614.5,5532.25,3748.0,283,0.05761715091960194,0.06907627764112424,0.04679793729475958,0.8426771365960555,1.3938649533887628,0.06844911973117102,19,19,46,0.12367491166077739,0.18021201413427562,0.31095406360424027,0
63,73,335,8506.25,9029.75,6404.0,243,0.14405409067046013,0.15291960913817337,0.10845230232518756,2.143172083648274,1.694454869581535,0.057063934061038095,49,15,70,0.5679012345679012,0.08641975308641975,0.6255144032921811,0
66,71,565,3071.25,5089.5,3292.5,231,0.05755608028335301,0.09537864732669928,0.061702366897172095,0.7050619834710744,1.0096211069232295,0.010314041820032892,40,31,37,0.42424242424242425,0.36796536796536794,0.16017316017316016,1
93,71,435,7702.0,7122.0,4101.5,231,0.14433762485710538,0.1334682633383932,0.07686325218792751,0.8905075731298416,1.4128149176750644,0.021675254326859558,43,34,46,0.4588744588744589,0.4805194805194805,0.3722943722943723,0
63,71,265,4337.5,5476.0,2945.5,199,0.10953006237216231,0.13827933638039444,0.07437943486275599,1.0928445452254976,1.0862924023011307,0.0419437522249911,38,33,43,0.4723618090452261,0.5175879396984925,0.3869346733668342,0
64,86,229,3707.0,4777.0,3127.0,215,0.08019469983775014,0.10334234721471065,0.0676473769605192,0.905029296875,0.6458896700919415,0.05962891630594382,38,29,48,0.3813953488372093,0.5534883720930233,0.4697674418604651,1
70,69,171,6388.0,6877.0,3434.0,251,0.10139521594895319,0.10915699750797607,0.054507071316328315,1.3036734693877552,1.4444444444444444,0.11743784412297802,42,40,32,0.4342629482071713,0.40239043824701193,0.3386454183266932,0
66,83,253,5531.0,6403.5,3197.0,211,0.12423350778284405,0.1438310011006042,0.07180880932593607,1.269742883379247,0.9295253302366091,0.04994610132950054,30,25,44,0.43601895734597157,0.3175355450236967,0.3696682464454976,1
63,67,180,5326.25,6909.0,4863.75,227,0.10336412505579383,0.13407983853752256,0.0943885967125308,1.34196271101033,1.5390955669414124,0.15011574074074074,42,31,49,0.41409691629955947,0.41409691629955947,0.4185022026431718,1
93,104,223,5337.5,6379.75,3776.25,251,0.08472087744638974,0.10126426564657703,0.0599395247694481,0.6171233668632212,0.58984375,0.07593657624323835,21,28,37,0.08366533864541832,0.19123505976095617,0.3944223107569721,1
63,73,203,4707.5,6029.0,3686.5,243,0.07972192585818558,0.1021016443970262,0.062431201205778254,1.1860670194003526,1.1313567273409646,0.08945861340969206,52,28,46,0.2139917695473251,0.3950617283950617,0.3497942386831276,1
64,83,329,5081.0,5092.0,2588.5,255,0.07813917723952327,0.07830834294502115,0.0398077662437524,1.240478515625,0.7391493685585716,0.02391422843469665,32,29,32,0.20784313725490197,0.20784313725490197,0.1843137254901961,1
70,88,319,5751.5,7439.5,4575.0,259,0.08573962821067069,0.11090323638586187,0.06820112997719176,1.1737755102040817,0.96067923553719,0.0449582846080522,29,35,44,0.4362934362934363,0.3861003861003861,0.2857142857142857,1
66,67,377,3183.0,5435.75,2921.5,243,0.053904384494233605,0.09205490355467492,0.04947585903232908,0.7307162534435262,1.2109044330585876,0.02055527021227195,30,24,34,0.4403292181069959,0.2674897119341564,0.13991769547325103,0
93,87,213,4709.0,6738.0,3018.0,231,0.08824797136485449,0.12627199640186654,0.05655816045426435,0.5444560064747369,0.890210067380103,0.06652119288500959,32,36,46,0.3939393939393939,0.5541125541125541,0.4935064935064935,0
63,65,198,4087.0,5573.75,2891.0,187,0.11687494638108038,0.15939117504075037,0.0826732248563013,1.0297304106827916,1.3192307692307692,0.07374247525762677,44,40,39,0.6203208556149733,0.6149732620320856,0.5508021390374331,0
63,75,277,3777.25,5177.5,2132.0,215,0.08171444023796647,0.11200648999459167,0.04612222823147647,0.9516880826404636,0.9204444444444444,0.02778610434125298,29,35,0,0.5255813953488372,0.5255813953488372,0.0,0
74,82,310,6021.75,7896.75,3788.5,255,0.09260668973471742,0.12144175317185697,0.05826220684352172,1.099662162162162,1.1744125520523498,0.03942247658688866,40,31,36,0.3568627450980392,0.33725490196078434,0.40784313725490196,1
66,69,178,5062.0,6263.0,3365.0,215,0.10950784207679827,0.13548945375878854,0.072796106003245,1.1620752984389349,1.3154799411888258,0.10620502461810377,34,26,36,0.5023255813953489,0.5534883720930233,0.37209302325581395,1
80,65,235,6354.0,7884.5,4083.0,279,0.08162793386518673,0.10128980871263216,0.05245307742706286,0.9928125,1.866153846153846,0.07393390674513355,44,26,30,0.4014336917562724,0.2616487455197133,0.12186379928315412,1
63,71,231,4668.5,6671.0,4645.25,255,0.07179546328335255,0.1025913110342176,0.07143790849673202,1.1762408667170572,1.3233485419559612,0.08705327861172017,28,34,47,0.396078431372549,0.40784313725490196,0.2549019607843137,1
63,63,203,3600.5,6154.5,3866.5,291,0.042518392555590985,0.07267864101746555,0.04565959306101723,0.9071554547745024,1.5506424792139077,0.09382659127860418,26,27,48,0.3539518900343643,0.13058419243986255,0.33676975945017185,1
86,106,187,4384.0,5039.25,4120.5,271,0.05969417627755613,0.06861630424422326,0.05610626216963276,0.5927528393726339,0.44849145603417584,0.11783293774485973,28,25,41,0.34686346863468637,0.33210332103321033,0.36900369003690037,1
70,83,128,4988.0,5157.5,3830.0,247,0.08175842908423347,0.08453670769886411,0.06277762297365963,1.0179591836734694,0.7486572797212948,0.2337646484375,40,28,41,0.48582995951417,0.38866396761133604,0.4008097165991903,1
66,73,472,4488.5,6628.0,3699.0,255,0.06902729719338715,0.10193002691272587,0.056885813148788926,1.0304178145087235,1.2437605554513043,0.01660352628555013,41,28,28,0.23921568627450981,0.5019607843137255,0.35294117647058826,1
93,70,254,4950.0,5767.0,3774.5,243,0.08382868465172992,0.09766465139121747,0.06392148893292011,0.5723204994797086,1.176938775510204,0.05850486700973402,27,31,43,0.2757201646090535,0.2551440329218107,0.17695473251028807,1
63,75,433,5075.0,5814.5,3992.5,263,0.07337101880900404,0.08406222440688747,0.05772094435368445,1.2786596119929454,1.0336888888888889,0.021294582615513445,42,33,46,0.3269961977186312,0.28517110266159695,0.25475285171102663,1
63,83,253,5288.0,5969.5,4067.75,271,0.07200337686033687,0.08128293460056371,0.05538799852943179,1.3323255228017132,0.8665263463492524,0.0635496570794732,31,36,46,0.4022140221402214,0.3726937269372694,0.2656826568265683,1
74,41,265,6294.5,5928.5,2808.5,287,0.07641831271473491,0.07197489346720247,0.03409656545545047,1.1494704163623082,3.5267697798929207,0.03999288002847989,38,25,35,0.313588850174216,0.17421602787456447,0.289198606271777,0
66,82,178,3834.5,4303.5,2853.75,231,0.0718595978336238,0.08064878844099624,0.05348006971383595,0.8802800734618916,0.6400208209399167,0.0900691200605984,22,0,30,0.3333333333333333,0.0,0.3116883116883117,1
93,98,242,5179.0,5499.5,3629.0,219,0.10798356998394529,0.11466608285898959,0.0756656450032318,0.598797548849578,0.5726259891711787,0.06196639573799604,29,33,42,0.3470319634703196,0.3607305936073059,0.410958904109589,1
63,65,175,6812.75,8297.75,5353.25,279,0.08752135763929035,0.1065987076219473,0.06877159851492144,1.716490299823633,1.96396449704142,0.1748,47,22,28,0.3548387096774194,0.14336917562724014,0.1935483870967742,1
63,73,193,6712.0,8393.5,5317.0,271,0.09139309105268174,0.11428902111899347,0.07239825165779333,1.691106072058453,1.5750609870519798,0.14274208703589358,32,39,43,0.42435424354243545,0.3210332103321033,0.39114391143911437,1
64,53,247,4845.0,6341.0,4022.0,251,0.07690354121363153,0.10064919604450723,0.06384025650386502,1.182861328125,2.257386970452118,0.06592469963448015,30,32,44,0.5179282868525896,0.4262948207171315,0.4581673306772908,1
70,78,134,9501.0,11647.75,7840.5,303,0.10348658628239062,0.12686937010532737,0.08540012417083293,1.9389795918367347,1.9144888231426693,0.43665070171530407,45,51,68,0.31353135313531355,0.49834983498349833,0.5313531353135313,1
66,72,118,9465.5,8581.0,8379.5,303,0.10309991395179122,0.09346578222178653,0.0912710082889477,2.172979797979798,1.6552854938271604,0.6018026429187016,50,13,68,0.3069306930693069,0.0429042904290429,0.45874587458745875,1
93,86,145,5714.25,7132.75,4156.75,363,0.04336566263688728,0.05413071359728009,0.031545735339875085,0.6606833159902878,0.9644064359113034,0.197705112960761,43,39,39,0.41046831955922863,0.38016528925619836,0.2892561983471074,1
63,81,309,8505.5,7303.75,5427.0,303,0.09264342275811739,0.07955374745395331,0.05911185177923733,2.1429831191735955,1.1132068282274044,0.05683853332076539,33,31,48,0.20132013201320131,0.26732673267326734,0.5214521452145214,1
85,106,384,10578.0,9746.75,7221.5,303,0.11521746234029344,0.10616333910618785,0.07865786578657866,1.464083044982699,0.8674572801708793,0.048973931206597224,77,45,67,0.5742574257425742,0.28052805280528054,0.3927392739273927,1
64,81,271,13219.0,8902.5,7583.5,295,0.15189887963228957,0.102298190175237,0.08714162596954898,3.227294921875,1.3568815729309556,0.10325975953486471,44,38,60,0.4847457627118644,0.33559322033898303,0.5898305084745763,1
77,83,185,8930.5,10141.0,7429.0,347,0.07416804391698295,0.0842212791402636,0.06169804582713917,1.5062405127340193,1.4720569023080272,0.217063550036523,61,35,60,0.414985590778098,0.23054755043227665,0.484149855907781,1
93,74,224,9023.75,7440.5,4471.25,295,0.10369146796897444,0.08549841999425452,0.0513789141051422,1.0433287085212164,1.3587472607742879,0.089111328125,44,0,41,0.26101694915254237,0.0,0.29491525423728815,1
63,84,110,8611.0,9073.0,10002.5,339,0.07492973433924174,0.0789498873138939,0.08703805222718215,2.1695641219450743,1.2858560090702948,0.8266528925619835,48,19,66,0.35398230088495575,0.05604719764011799,0.41297935103244837,1
63,72,296,7985.0,11341.0,8704.5,383,0.05443489286858592,0.07731322730402417,0.059339827798948794,2.0118417737465357,2.187692901234568,0.09934829254930606,44,41,66,0.38903394255874674,0.20365535248041775,0.4464751958224543,0
63,83,144,8716.0,7932.0,8883.0,311,0.0901148664716039,0.08200907765635178,0.09184148220138336,2.196019148400101,1.151400783858325,0.4283854166666667,48,32,61,0.33762057877813506,0.1832797427652733,0.5273311897106109,1
86,88,547,6934.75,6650.5,5412.75,279,0.08908865507894298,0.08543698051155561,0.06953597718426022,0.9376352082206598,0.8587939049586777,0.01809019782158959,42,41,56,0.3835125448028674,0.3870967741935484,0.36200716845878134,1
66,73,310,10964.5,11013.5,9741.5,375,0.07796977777777778,0.07831822222222222,0.06927288888888888,2.517102846648301,2.066710452242447,0.10136836628511967,42,50,72,0.16533333333333333,0.23733333333333334,0.488,1
93,74,226,6878.0,8074.0,5807.0,255,0.10577470203767782,0.12416762783544791,0.08930411380238369,0.795236443519482,1.4744338933528123,0.11369331975879082,46,38,51,0.4588235294117647,0.33725490196078434,0.5725490196078431,1
70,87,336,8180.0,8196.25,7470.0,327,0.07649935938800513,0.07665132938678937,0.06985943944112448,1.6693877551020408,1.0828709208614085,0.06616709183673469,40,24,58,0.23547400611620795,0.12844036697247707,0.3547400611620795,1
63,73,304,7751.0,8936.0,7051.5,295,0.08906636024130997,0.1026831370295892,0.08102844010341856,1.9528848576467623,1.6768624507412273,0.07630172264542937,40,44,55,0.4542372881355932,0.37966101694915255,0.535593220338983,1
66,83,424,9955.25,8674.0,9992.0,359,0.07724373647007705,0.06730239523281166,0.07752888323337032,2.285410927456382,1.2591087240528378,0.05558027767888928,33,44,79,0.3147632311977716,0.29526462395543174,0.3231197771587744,1
86,106,273,9305.0,10278.5,10290.5,319,0.09143974607167775,0.10100627941942394,0.10112420278888769,1.258112493239589,0.9147828408686365,0.13807376994190182,48,49,73,0.43573667711598746,0.5611285266457681,0.5830721003134797,1
93,74,374,8635.5,8704.5,5284.0,291,0.10197683069401636,0.10279165338151415,0.062398885228091304,0.9984391259105099,1.589572680788897,0.0377763161657468,24,33,46,0.18213058419243985,0.21305841924398625,0.3024054982817869,1
63,53,444,11459.0,10114.5,9729.5,367,0.08507747477522293,0.07509521935718581,0.07223678251379102,2.887125220458554,3.600747597009612,0.0493542529015502,71,48,68,0.5122615803814714,0.1307901907356948,0.5068119891008175,1
63,79,223,11573.0,8728.0,9433.5,343,0.09836887691353093,0.07418677591819735,0.08018342697345494,2.9158478206097254,1.3984938311168083,0.18969816404914638,51,44,72,0.30612244897959184,0.34110787172011664,0.24198250728862974,1
63,68,286,8678.25,8012.25,5564.0,291,0.1024816664895313,0.0946168562015092,0.06570541207590841,2.1865079365079363,1.732753027681661,0.06802288620470438,46,27,53,0.5292096219931272,0.15807560137457044,0.30927835051546393,0
97,87,302,9559.75,9117.75,8783.75,287,0.11606004686229042,0.11069395039395889,0.10663902681834185,1.0160218939313423,1.2046175188267936,0.09630882417437832,57,32,65,0.20557491289198607,0.11498257839721254,0.4181184668989547,1
66,77,258,8666.5,8616.0,6561.0,299,0.09693963154774556,0.09637476090871466,0.0733884408451807,1.98955463728191,1.4531961544948557,0.09856679286100595,51,33,57,0.5183946488294314,0.3779264214046823,0.5250836120401338,0
93,73,403,9978.25,9118.0,6725.5,291,0.11783339828296785,0.10767468499427263,0.07942159398212113,1.1536882876633137,1.711015199849878,0.04141088240183734,52,47,59,0.5910652920962199,0.4020618556701031,0.4329896907216495,0
63,83,295,10254.0,8783.0,7445.5,287,0.12448858186939261,0.10662992145103134,0.09039201641394214,2.583522297808012,1.2749310494992017,0.08555587474863545,45,31,61,0.5296167247386759,0.18815331010452963,0.5679442508710801,0
63,80,352,8149.0,9223.0,8986.25,347,0.06767766529080052,0.07659726432409537,0.07463104917406506,2.053162005542958,1.44109375,0.07252590715392562,57,53,67,0.414985590778098,0.484149855907781,0.5331412103746398,1
63,68,387,8258.0,11204.5,9782.5,251,0.13107728448754782,0.17784638339073983,0.1552753130902684,2.0806248425296046,2.423118512110727,0.06531725523973586,52,37,72,0.6294820717131474,0.3426294820717131,0.7171314741035857,0
90,88,270,8297.5,10686.25,6584.75,271,0.11298184937568932,0.1455079587696246,0.08966040767418744,1.0243827160493828,1.3799393078512396,0.09032578875171468,45,43,60,0.5461254612546126,0.5719557195571956,0.5129151291512916,0
93,81,326,9728.5,9940.75,7701.5,319,0.09560145831900237,0.09768722791639232,0.07568223582708503,1.1248121170077465,1.5151272671848803,0.07246697278783545,46,38,60,0.4482758620689655,0.45454545454545453,0.46394984326018807,0
63,72,197,8809.0,8349.5,7765.5,359,0.06834987313878695,0.06478456871067108,0.060253256880378026,2.2194507432602673,1.6106288580246915,0.20009533871009302,35,37,61,0.37047353760445684,0.2479108635097493,0.3064066852367688,1
70,71,309,7764.5,10767.0,7970.5,343,0.06599716104684272,0.09151798995316578,0.06774813215581943,1.5845918367346938,2.135885736956953,0.08347734104167322,49,34,62,0.37026239067055394,0.25072886297376096,0.4314868804664723,1
63,81,298,9099.75,9034.25,6698.5,279,0.11690176128261456,0.11606030241132564,0.08605362212715664,2.2927059712774,1.3769623532998019,0.0754301608035674,44,44,54,0.5555555555555556,0.4551971326164875,0.2831541218637993,1
70,88,692,9520.5,8749.5,9572.5,271,0.12963467273049115,0.1191364496670797,0.13034272409144756,1.9429591836734694,1.1298424586776858,0.01999001804270106,52,34,78,0.5867158671586716,0.33579335793357934,0.5092250922509225,1
93,70,257,9065.5,7648.5,6494.5,343,0.07705547858460335,0.06501117731557429,0.05520233916140384,1.048155856168343,1.5609183673469387,0.09832851367923814,36,39,49,0.2653061224489796,0.239067055393586,0.4606413994169096,1
70,39,271,5749.75,7857.0,5371.75,223,0.11562166944841039,0.1579963401636872,0.1080204709525629,1.1734183673469387,5.165680473372781,0.07314374804264648,37,35,48,0.5022421524663677,0.5381165919282511,0.43946188340807174,1
63,65,358,7926.0,5884.25,4271.25,243,0.13422750596961847,0.09965029043675591,0.07233399380175787,1.99697656840514,1.3927218934911243,0.03332644112231204,35,36,42,0.3991769547325103,0.3168724279835391,0.4444444444444444,1
63,52,239,5410.5,7864.0,4008.5,243,0.09162729258751207,0.13317753052549577,0.06788429948009281,1.3631897203325776,2.908284023668639,0.07017559216400274,38,43,57,0.2757201646090535,0.42386831275720166,0.3950617283950617,0
63,73,274,5137.0,5994.5,3842.0,259,0.07657906113504569,0.08936211445863955,0.057274041830026386,1.2942806752330562,1.1248827172077314,0.051174809526346635,35,33,55,0.5019305019305019,0.5598455598455598,0.3590733590733591,1
70,85,484,6298.5,6562.0,4048.75,211,0.14147256350935514,0.14739111879787067,0.09094023045304463,1.285408163265306,0.908235294117647,0.01728344204630831,37,36,48,0.6682464454976303,0.4976303317535545,0.2985781990521327,1
93,82,229,4198.0,6120.75,3978.5,243,0.07109349861979035,0.10365543870344968,0.0673762468458399,0.485374031679963,0.9102840571088637,0.0758662115520299,28,19,44,0.48559670781893005,0.1646090534979424,0.43209876543209874,1
63,73,279,4002.0,4959.5,3239.5,251,0.06352280122537737,0.07872097268297329,0.051419818733035985,1.0083144368858654,0.9306624132107337,0.04161688570290721,40,33,14,0.5179282868525896,0.398406374501992,0.11553784860557768,1
85,106,361,4778.0,5780.0,3812.5,279,0.06138153415295281,0.07425392787862438,0.048978044989144535,0.6613148788927335,0.5144179423282307,0.029254686504861075,11,23,49,0.03942652329749104,0.08243727598566308,0.4336917562724014,1
63,41,338,5384.0,5895.0,3171.5,251,0.08545896096887351,0.0935699433342328,0.050340470786177996,1.3565129755605947,3.5068411659726353,0.02776075767655194,34,31,40,0.5856573705179283,0.4302788844621514,0.2749003984063745,1
66,73,495,4326.0,6613.5,4117.5,243,0.07326118985926942,0.1120002032210537,0.06973022405121171,0.9931129476584022,1.2410395946706698,0.01680440771349862,37,31,47,0.41975308641975306,0.3786008230452675,0.36213991769547327,1
103,79,321,5530.0,8438.0,4864.5,259,0.08243765000521758,0.12578822617432656,0.07251680803804356,0.5212555377509661,1.3520269187630187,0.04720936326316709,37,34,54,0.42857142857142855,0.28957528957528955,0.277992277992278,1
63,65,430,5615.75,7291.75,5981.25,279,0.07214385735023959,0.09367492709497566,0.07683932631903495,1.4149029982363315,1.7258579881656804,0.03234856679286101,25,29,50,0.22939068100358423,0.21505376344086022,0.22580645161290322,1
63,73,279,5409.0,8050.0,4219.0,343,0.0459757414002669,0.0684238710061284,0.03586090829501313,1.36281179138322,1.5106023644210922,0.05420022867126578,36,8,51,0.35276967930029157,0.023323615160349854,0.17201166180758018,1
70,73,452,3766.5,5563.75,3249.25,267,0.05283423810124984,0.07804499992986295,0.04557856050723113,0.768673469387755,1.0440514167761306,0.015903996005951916,28,31,46,0.42696629213483145,0.5131086142322098,0.17228464419475656,1
63,83,290,5022.5,4900.75,2644.0,239,0.08792738222370057,0.08579594194779504,0.04628770504718055,1.2654320987654322,0.7113877195529105,0.03143876337693222,28,26,0,0.48535564853556484,0.3305439330543933,0.0,1
70,87,286,3864.0,5352.5,3932.75,271,0.052613662667991994,0.07288163287536935,0.05354978826541033,0.7885714285714286,0.7071607874223808,0.04807997946109834,33,24,55,0.44649446494464945,0.17343173431734318,0.3505535055350554,0
93,89,459,5702.0,5556.0,3736.0,319,0.056033254390188775,0.05459852006171323,0.03671347569304547,0.6592669672794542,0.7014265875520768,0.017732970699778337,32,28,40,0.3573667711598746,0.38557993730407525,0.1974921630094044,0
63,73,261,5320.5,5991.5,3897.5,259,0.07931456000954071,0.08931739240619549,0.058101399800241496,1.3405139833711261,1.1243197598048413,0.057214368550080004,31,27,47,0.4864864864864865,0.10424710424710425,0.33976833976833976,1
65,80,291,6135.5,6971.5,4880.0,303,0.06682896012373514,0.07593482120489277,0.0531538302345086,1.452189349112426,1.089296875,0.05762803934766949,38,31,46,0.44554455445544555,0.25742574257425743,0.24752475247524752,1
63,41,302,5633.75,6489.75,4387.5,287,0.06839648411416917,0.07878874333790625,0.053266398766526245,1.4194381456286218,3.8606484235574063,0.04810644269988158,29,45,51,0.22996515679442509,0.2682926829268293,0.28222996515679444,1
66,65,433,4973.0,5874.0,3883.0,259,0.07413425560143706,0.0875657786854698,0.05788524321342854,1.141643709825528,1.3902958579881657,0.020710548352169993,33,24,40,0.47876447876447875,0.17374517374517376,0.26640926640926643,1
97,82,257,7500.5,6548.5,4929.0,327,0.07014467543884259,0.06124157151006743,0.046096007631231936,0.7971622914231056,0.9738994646044021,0.07462641372314494,30,27,30,0.1926605504587156,0.22629969418960244,0.16819571865443425,0
70,83,197,9404.0,5520.5,5237.5,363,0.07136731704725695,0.04189528644825414,0.03974758858305064,1.9191836734693877,0.8013499782261576,0.13495580921951095,56,50,49,0.41046831955922863,0.4793388429752066,0.1349862258953168,0
63,46,216,11941.5,7417.0,9046.5,383,0.08140692212776691,0.05056275521681926,0.061671290962512525,3.008692365835223,3.5051984877126654,0.19389789094650206,64,64,62,0.5378590078328982,0.4046997389033943,0.1618798955613577,0
84,88,368,13665.0,9738.75,6967.75,355,0.10843086689148979,0.07727633406070224,0.055288633207696884,1.9366496598639455,1.2575865185950412,0.05145136755671077,68,66,66,0.38028169014084506,0.3408450704225352,0.323943661971831,0
63,72,348,6512.0,6813.0,4565.5,303,0.0709298652637541,0.07420841094010391,0.04972824015074775,1.6407155454774502,1.3142361111111112,0.03769900251023913,39,33,50,0.43234323432343236,0.21782178217821782,0.16501650165016502,1
70,82,187,4981.5,7252.5,3635.0,311,0.05150380992752349,0.07498371604925508,0.037582324417654904,1.0166326530612244,1.0785990481856038,0.10394921215934114,26,24,47,0.22186495176848875,0.1382636655948553,0.24758842443729903,1
93,69,386,4392.5,6205.5,3330.5,331,0.04009182099469702,0.05663968017816559,0.030398590739405446,0.5078621805989132,1.3034026465028354,0.02235294907245832,41,32,45,0.4471299093655589,0.1691842900302115,0.13595166163141995,1
63,66,265,4944.5,5688.5,2826.5,227,0.09595567544489511,0.1103941469851928,0.054852607269692794,1.245779793398841,1.3058999081726355,0.040249199003203985,36,21,34,0.32599118942731276,0.09251101321585903,0.14977973568281938,0
63,72,172,6046.0,6193.0,5000.5,295,0.06947428899741454,0.07116345877621373,0.05746049985636311,1.5233056185437137,1.1946373456790123,0.16902717685235263,40,27,57,0.376271186440678,0.31864406779661014,0.2847457627118644,0
70,83,187,4948.5,5959.0,3164.0,255,0.07610149942329873,0.09164167627835448,0.048658208381391774,1.0098979591836734,0.8650021773842358,0.09048013955217478,32,32,48,0.2980392156862745,0.3411764705882353,0.26666666666666666,0
66,65,225,6140.0,6829.5,3978.0,259,0.09153113400217647,0.10180975238890297,0.05930144154082378,1.4095500459136823,1.6164497041420118,0.07857777777777777,34,28,51,0.4555984555984556,0.3667953667953668,0.2471042471042471,0
84,74,239,7802.75,8336.0,5472.5,387,0.052098565123623715,0.05565904826766554,0.03653960432399228,1.1058319160997732,1.5222790357925493,0.09580539556380316,42,40,61,0.3333333333333333,0.26356589147286824,0.2248062015503876,1
85,105,426,5433.5,5786.5,4716.0,237,0.09673485374494828,0.10301945913226157,0.08396090370132991,0.7520415224913495,0.5248526077097506,0.02598690735965086,35,20,55,0.4092827004219409,0.08438818565400844,0.48945147679324896,0
63,57,278,6032.75,5838.0,4973.75,267,0.0846238550126948,0.08189201700122038,0.0697688282904796,1.5199672461577223,1.7968605724838411,0.06435678795093422,32,24,56,0.4681647940074906,0.26217228464419473,0.21348314606741572,1
62,69,211,9197.75,6782.0,4309.5,271,0.12523998856224725,0.09234623711550768,0.05867975653926281,2.39275494276795,1.4244906532241126,0.09679701713797983,46,30,48,0.4132841328413284,0.35793357933579334,0.36900369003690037,1
63,77,194,8114.25,6242.5,3471.0,275,0.10729586776859504,0.08254545454545455,0.04589752066115702,2.0444066515495085,1.0528756957328387,0.09222552874907004,37,33,43,0.509090909090909,0.5054545454545455,0.24727272727272728,1
77,65,237,7864.0,6838.5,4660.5,271,0.10707915197233153,0.09311556215193148,0.0634591032257186,1.326361949738573,1.6185798816568047,0.08297281418576083,44,29,6,0.34317343173431736,0.33210332103321033,0.03690036900369004,1
97,88,325,6578.5,6707.5,4422.0,327,0.06152213150782295,0.06272853949817168,0.04135454366916365,0.6991710064831544,0.8661544421487604,0.04186508875739645,30,32,53,0.26299694189602446,0.09785932721712538,0.1620795107033639,0
63,73,277,6772.5,5568.0,3843.5,255,0.1041522491349481,0.08562860438292964,0.05910803537101115,1.7063492063492063,1.0448489397635579,0.050091881817826374,29,23,43,0.3803921568627451,0.35294117647058826,0.19607843137254902,0
62,81,301,8546.0,6784.5,5200.5,271,0.11636551789872142,0.0923802780463229,0.07081194428180444,2.2232049947970864,1.0340649291266575,0.057400028697254996,46,31,58,0.33948339483394835,0.4280442804428044,0.2988929889298893,1
85,111,312,8049.0,6783.25,5615.5,267,0.11290661953457055,0.0951514258861816,0.07877091837450378,1.1140484429065745,0.5505437870302735,0.057687171268902035,31,30,59,0.20599250936329588,0.20973782771535582,0.27715355805243447,1
66,79,242,7427.0,6181.0,3390.5,227,0.14413243028197714,0.11995187176153234,0.06579790021153137,1.7050045913682277,0.9903861560647332,0.057893928010381804,23,26,27,0.13215859030837004,0.21585903083700442,0.18502202643171806,0
97,76,294,10087.0,12703.0,10742.5,367,0.07489104529694333,0.09431356680946476,0.079757812441996,1.0720586672334997,2.1992728531855956,0.12428270627979082,61,56,63,0.22070844686648503,0.20435967302452315,0.5013623978201635,1
63,73,299,5204.25,6413.5,4600.75,247,0.08530298808372536,0.10512383418839844,0.0754110049336983,1.3112244897959184,1.2035091011446801,0.051461952327155176,34,26,0,0.4534412955465587,0.2793522267206478,0.0,1
70,81,300,5117.5,5000.0,4285.5,311,0.052909916150577434,0.051695081729924215,0.04430785455071804,1.0443877551020408,0.7620789513793629,0.04761666666666667,21,19,47,0.1414790996784566,0.06109324758842444,0.3086816720257235,1
63,83,488,5188.5,7133.0,3996.5,247,0.08504482945139241,0.11691717615433789,0.06550672851546493,1.3072562358276645,1.0354187835680069,0.016781863074442353,28,39,42,0.5020242914979757,0.4089068825910931,0.17408906882591094,1
63,69,341,5243.0,7829.0,3688.5,271,0.07139064010566305,0.10660257894091855,0.050223989324764094,1.3209876543209877,1.644402436462928,0.03172057343848092,27,37,47,0.3173431734317343,0.23616236162361623,0.3025830258302583,1
66,79,217,5816.0,5906.5,4025.0,255,0.08944252210688197,0.09083429450211457,0.06189926951172626,1.335169880624426,0.9464028200608877,0.08547643823398246,31,27,44,0.4627450980392157,0.3843137254901961,0.3176470588235294,1
97,88,546,7293.75,6083.25,5015.5,247,0.11955203330656133,0.09971069842154437,0.08220918225179892,0.7751886491656924,0.7855436466942148,0.01682398797783413,38,25,42,0.23481781376518218,0.17408906882591094,0.1700404858299595,1
63,65,708,7465.5,8032.25,2995.0,287,0.09063482620888927,0.0975154487732035,0.036360766793332444,1.880952380952381,1.9011242603550296,0.005974895464266335,41,41,35,0.5296167247386759,0.3170731707317073,0.2264808362369338,0
63,85,152,6482.5,6120.5,3829.5,291,0.07655200103919416,0.0722771341859449,0.04522265915612711,1.6332829428067523,0.8471280276816608,0.16575051939058172,44,30,48,0.2611683848797251,0.10652920962199312,0.3848797250859107,0
70,82,347,8083.0,5833.0,3535.0,259,0.12049611663511277,0.08695457730206765,0.052697485129917565,1.6495918367346938,0.8674895895300416,0.029358270561170678,52,39,48,0.6254826254826255,0.3166023166023166,0.32432432432432434,1
66,83,206,4904.5,5302.25,2881.25,255,0.0754248366013072,0.08154171472510573,0.044309880815071125,1.1259182736455464,0.7696690375961678,0.06789636157979075,36,31,49,0.396078431372549,0.2235294117647059,0.403921568627451,0
93,66,239,4937.0,4804.0,2774.5,211,0.11089148940949214,0.10790413512724333,0.06231890568495766,0.5708174355416811,1.1028466483011938,0.0485723289158103,26,26,40,0.22274881516587677,0.44075829383886256,0.24170616113744076,1
63,72,199,4353.0,5934.5,2657.0,223,0.0875344366466247,0.11933680548573267,0.05342958836895976,1.0967498110355254,1.1447723765432098,0.0670942652963309,34,25,36,0.34977578475336324,0.30493273542600896,0.26905829596412556,0
63,85,258,5110.5,5160.5,2854.5,223,0.10276699712441432,0.10377244666090209,0.057401114038086426,1.2876039304610734,0.7142560553633218,0.04288354065260501,35,35,40,0.34977578475336324,0.5650224215246636,0.27802690582959644,0
63,69,410,5568.5,5718.5,3015.0,287,0.06760431715815415,0.06942539062025763,0.03660357658827957,1.4029982363315696,1.201113211510187,0.01793575252825699,31,30,46,0.21951219512195122,0.11498257839721254,0.22996515679442509,0
86,106,333,6223.5,6143.25,4085.25,223,0.12514830380663194,0.12353455730056909,0.08215025437873273,0.8414683612763656,0.5467470630117479,0.036840894949003056,33,34,51,0.6233183856502242,0.5426008968609866,0.35874439461883406,0
70,69,333,4160.25,5230.0,3524.5,235,0.07533272974196469,0.09470348574015391,0.0638207333635129,0.849030612244898,1.0985087166561647,0.03178403628854079,36,25,50,0.5063829787234042,0.3659574468085106,0.33191489361702126,0
97,75,250,4706.75,5425.25,3309.25,315,0.04743512219702696,0.05467624086671706,0.033350970017636684,0.5002391327452439,0.9644888888888888,0.052948,47,29,43,0.39365079365079364,0.09206349206349207,0.2920634920634921,0
63,63,217,6451.5,5899.0,4017.0,247,0.1057466931108525,0.0966906521988559,0.06584274451310462,1.625472411186697,1.4862685815066767,0.08530654717662299,43,30,52,0.46153846153846156,0.3481781376518219,0.3603238866396761,0
63,65,197,4087.5,6188.0,3277.0,243,0.0692221714169588,0.10479432335856662,0.05549628274822605,1.029856386999244,1.4646153846153847,0.08443917647968255,25,27,50,0.1111111111111111,0.3868312757201646,0.45267489711934156,0
63,65,363,4557.5,5966.25,2836.25,191,0.1249280447356158,0.16354403662180314,0.07774594994654752,1.1482741244646006,1.412130177514793,0.02152441014199091,32,29,37,0.5706806282722513,0.5759162303664922,0.38219895287958117,0
86,75,441,5097.0,4432.0,2488.5,243,0.08631814255956917,0.07505630916696303,0.04214296601127877,0.6891563007030828,0.7879111111111111,0.01279559442824749,31,31,43,0.22633744855967078,0.3333333333333333,0.3004115226337449,0
93,66,273,4712.5,5788.0,3864.0,215,0.10194699837750135,0.12521362898864252,0.08359113034072471,0.5448606775349751,1.3287419651056014,0.05184559030712877,31,26,54,0.6093023255813953,0.5116279069767442,0.4744186046511628,0
74,65,254,4586.0,5657.0,3544.0,231,0.08594291711174828,0.10601375536440472,0.06641554693502745,0.837472607742878,1.3389349112426034,0.05493210986421973,37,22,48,0.5714285714285714,0.09523809523809523,0.2813852813852814,0
63,83,176,3383.0,4729.0,2871.5,211,0.07598661305900586,0.1062195368477797,0.06449765279306395,0.8523557571176619,0.6864566700537088,0.09270080061983471,38,28,44,0.3744075829383886,0.4549763033175355,0.46919431279620855,0
63,75,521,5471.0,4553.5,2509.0,191,0.14996847674131739,0.12481839861845892,0.06877552698665058,1.3784328546233309,0.8095111111111111,0.009243260966471534,36,30,43,0.6596858638743456,0.5235602094240838,0.39790575916230364,1
66,73,165,3697.5,4408.5,3303.5,203,0.08972554539057002,0.10697905797277293,0.08016452716639569,0.8488292011019284,0.8272659035466317,0.1213406795224977,33,28,46,0.3054187192118227,0.3497536945812808,0.3103448275862069,1
93,80,275,4203.0,5334.5,2970.5,227,0.08156572027402045,0.10352422907488987,0.05764715014846009,0.48595213319458896,0.833515625,0.03927933884297521,36,28,50,0.3744493392070485,0.33480176211453744,0.4845814977973568,0
63,55,340,4760.0,5524.75,2473.5,219,0.09924730510206209,0.11519255228206252,0.051573153186964406,1.199294532627866,1.8263636363636364,0.02139705882352941,24,26,37,0.2374429223744292,0.2374429223744292,0.4292237442922374,0
64,69,233,4746.0,6461.5,3669.5,219,0.09895540126352662,0.13472404662121307,0.07651008110756656,1.15869140625,1.3571728628439403,0.06759196153916999,38,37,56,0.2420091324200913,0.3561643835616438,0.4611872146118721,1
70,79,340,6328.75,6618.5,2862.75,247,0.10373469488108313,0.10848399416479536,0.04692340474356242,1.2915816326530611,1.0604871014260535,0.024764273356401384,37,45,20,0.4331983805668016,0.4331983805668016,0.13765182186234817,0
63,83,474,4226.75,6169.75,3358.75,271,0.05755300172927928,0.08400961315886221,0.04573399055023761,1.0649407911312674,0.8955944258963565,0.014949304776656163,39,27,47,0.4280442804428044,0.33210332103321033,0.42435424354243545,0
86,105,612,4187.0,5223.25,2607.25,223,0.08419634418548533,0.10503428582919423,0.05242916608015444,0.5661168199026501,0.4737641723356009,0.006961131402452048,40,32,37,0.35874439461883406,0.5964125560538116,0.38565022421524664,0
93,65,317,5666.5,6413.0,3690.5,239,0.09920169464820294,0.11227044344461756,0.0646084627369969,0.6551624465256098,1.5178698224852072,0.036725412731741784,28,32,50,0.2217573221757322,0.5774058577405857,0.3723849372384937,0
64,87,552,5576.0,6229.0,3849.0,211,0.12524426675052222,0.13991150243705217,0.08645358370207318,1.361328125,0.8229620821773022,0.01263193131695022,37,29,44,0.5592417061611374,0.14691943127962084,0.3791469194312796,1
63,48,200,5125.0,6679.0,3231.5,243,0.08679232501820522,0.11310945147250588,0.05472573625294247,1.291257243638196,2.8988715277777777,0.0807875,31,30,46,0.49794238683127573,0.2222222222222222,0.35802469135802467,0
76,80,605,9093.0,10852.0,6129.5,323,0.08715697457082883,0.10401709975174687,0.058751641441976823,1.5742728531855956,1.695625,0.016746123898640802,49,45,52,0.3219814241486068,0.30030959752321984,0.42105263157894735,1
76,67,210,9735.5,10035.0,5453.0,283,0.12155851615078225,0.12529810585723383,0.06808675348674599,1.6855090027700832,2.2354644687012697,0.12365079365079365,33,33,44,0.3674911660777385,0.3215547703180212,0.2508833922261484,0
118,123,282,5907.5,8493.5,3787.0,291,0.0697618119767126,0.10029994922119484,0.0447207756167263,0.4242674518816432,0.5614052481988234,0.04762084402193049,33,46,55,0.4536082474226804,0.48109965635738833,0.18900343642611683,0
106,85,461,5109.25,6031.25,2697.25,243,0.08652559738522245,0.10213974834459516,0.045678165591288594,0.45472143111427554,0.8347750865051903,0.01269168693917307,35,34,43,0.3292181069958848,0.48148148148148145,0.23868312757201646,1
75,77,330,4195.0,5082.5,3727.0,199,0.10593166839221232,0.12834271861821672,0.09411378500542916,0.7457777777777778,0.8572271883960195,0.034224058769513316,32,25,55,0.40703517587939697,0.3316582914572864,0.36180904522613067,1
63,87,276,5529.5,6188.0,3631.5,295,0.06353921286986498,0.0711060040218328,0.04172938810686584,1.3931720836482742,0.817545250363324,0.04767249527410208,35,28,51,0.29152542372881357,0.27796610169491526,0.3050847457627119,0
66,72,397,4944.0,4999.0,3068.0,287,0.060022581310930086,0.06069030824703468,0.03724702254488946,1.1349862258953167,0.9643132716049383,0.01946589344517128,35,27,49,0.39372822299651566,0.3832752613240418,0.2682926829268293,0
93,72,268,6465.5,6222.5,3863.5,275,0.08549421487603306,0.08228099173553718,0.05108760330578512,0.7475430685628396,1.2003279320987654,0.0537912118511918,37,31,54,0.13454545454545455,0.4290909090909091,0.29818181818181816,0
93,61,234,4220.75,7234.75,5948.25,231,0.07909803039673169,0.1355812297370739,0.11147186147186147,0.48800439357151115,1.944302606826122,0.10863193074731536,35,30,55,0.47619047619047616,0.4935064935064935,0.3463203463203463,1
90,88,818,5940.75,5199.5,4769.0,227,0.11528944865997788,0.10090434512604553,0.09254982631139747,0.7334259259259259,0.6714230371900827,0.007127229033781482,45,30,55,0.3039647577092511,0.3964757709251101,0.43612334801762115,1
106,90,439,4019.5,5354.25,3226.25,223,0.08082808823825133,0.10766856361479217,0.06487663134187295,0.35773406906372374,0.6610185185185186,0.0167405212716829,33,31,55,0.36771300448430494,0.22869955156950672,0.39461883408071746,0
62,71,221,5671.5,5059.75,2463.5,195,0.14915187376725839,0.1330637738330046,0.06478632478632479,1.4754162330905307,1.0037195000991868,0.050439180196965666,38,26,45,0.19487179487179487,0.441025641025641,0.48717948717948717,1
109,82,250,5542.75,7871.75,3047.0,279,0.07120604822651302,0.10112601328348814,0.03914389589034056,0.46652217826782255,1.170694527067222,0.048752,36,29,49,0.24372759856630824,0.24372759856630824,0.1971326164874552,0
97,92,313,6125.5,6240.5,3312.5,251,0.09722861541880287,0.09905398327010682,0.05257853049951588,0.6510256137740461,0.7372991493383743,0.03381171595096408,33,32,49,0.23107569721115537,0.21912350597609562,0.3784860557768924,0
71,73,176,4870.0,5349.0,3533.5,259,0.07259879846752433,0.07973941950775927,0.052675124103695535,0.9660781590954176,1.003753049352599,0.11407218491735537,33,31,52,0.4092664092664093,0.40540540540540543,0.3474903474903475,0
65,81,157,4492.5,5651.0,3376.0,287,0.054541150189998666,0.06860590756231107,0.04098629338707523,1.0633136094674556,0.861301630848956,0.1369629599578076,28,37,51,0.2926829268292683,0.2961672473867596,0.27526132404181186,0
93,106,323,5020.75,6698.25,3921.75,199,0.12678341456023837,0.169143455973334,0.09903159011136083,0.5805006359116661,0.5961418654325382,0.03759021940208379,0,38,54,0.0,0.5628140703517588,0.45226130653266333,1
63,88,370,5214.0,5242.5,3166.5,251,0.08276059110172855,0.08321296487357344,0.050261106966556085,1.3136810279667424,0.6769757231404959,0.0231300219138057,30,30,46,0.29880478087649404,0.4063745019920319,0.26294820717131473,0
66,71,310,3020.5,4497.5,2529.0,191,0.08279652421808613,0.12328335297826266,0.06932375757243496,0.6934113865932048,0.8921840904582424,0.02631633714880333,31,27,37,0.39267015706806285,0.4712041884816754,0.3298429319371728,0
93,73,288,4789.5,6127.75,2885.0,223,0.09631201110016288,0.12322286794425788,0.05801443825534396,0.553763440860215,1.149887408519422,0.03478250385802469,39,31,48,0.43946188340807174,0.452914798206278,0.3811659192825112,0
63,55,489,5432.5,5976.5,3128.5,271,0.07397094266145614,0.08137824920684632,0.04259882082215656,1.3687326782564877,1.975702479338843,0.013083334378829128,37,28,50,0.4907749077490775,0.3505535055350554,0.2915129151291513,0
64,72,286,5024.0,7186.0,3914.0,231,0.09415115908622403,0.13466764116114766,0.0733494499728266,1.2265625,1.3861882716049383,0.047850750647953445,36,23,51,0.5194805194805194,0.10822510822510822,0.4935064935064935,1
86,101,224,4183.5,5657.25,3042.0,219,0.08722712203665478,0.11795521361105898,0.06342653405892287,0.5656435911303407,0.5545779825507303,0.060626594387755105,33,34,43,0.2922374429223744,0.1598173515981735,0.3105022831050228,0
66,83,202,4299.5,5206.5,3865.5,251,0.06824494849288107,0.08264154537229568,0.06135616894969921,0.9870293847566575,0.755770068224706,0.09473335947456132,29,33,50,0.13147410358565736,0.3107569721115538,0.35856573705179284,0
93,83,327,3696.5,5225.5,3643.5,227,0.07173630382891187,0.10140891536804518,0.07070775679714336,0.42739044976297835,0.758528088256641,0.034074011727407906,24,32,50,0.2907488986784141,0.23788546255506607,0.22026431718061673,0
63,71,346,4846.25,7285.25,4561.75,263,0.07006390145874597,0.10532536251789096,0.06595078720235943,1.2210254472159234,1.4451993652053163,0.03810476460957599,39,38,61,0.44866920152091255,0.24714828897338403,0.3840304182509506,0
64,72,282,5956.0,6782.0,3243.75,227,0.11558539851345843,0.13161520697083195,0.06294998932639873,1.4541015625,1.3082561728395061,0.040789572959106686,40,27,50,0.44493392070484583,0.11894273127753303,0.3392070484581498,1
63,71,196,4252.0,6891.0,3660.0,247,0.06969463521775476,0.112950548279762,0.05999114884689144,1.071302595112119,1.3669906764530848,0.09527280299875052,32,32,49,0.4331983805668016,0.3724696356275304,0.3603238866396761,1
85,106,300,4373.0,7144.5,3194.5,219,0.09117824899397427,0.14896478388690812,0.06660620087154145,0.6052595155709343,0.6358579565681737,0.035494444444444447,35,31,36,0.4931506849315068,0.6255707762557078,0.2420091324200913,1
66,65,260,5171.25,7742.75,4097.0,271,0.07041366539126646,0.10542816682779374,0.05578627741996977,1.1871556473829201,1.832603550295858,0.060606508875739644,33,0,52,0.22140221402214022,0.0,0.34317343173431736,1
93,70,229,4970.0,6868.0,2874.5,243,0.08416738640789853,0.11631018306829921,0.04867990990533286,0.5746329055382126,1.4016326530612244,0.05481398142674625,33,24,41,0.5349794238683128,0.24691358024691357,0.2757201646090535,0
63,73,224,5526.5,5956.5,4279.5,255,0.08499038831218762,0.09160322952710497,0.06581314878892734,1.3924162257495591,1.1177519234377933,0.08528977997448979,41,37,55,0.5607843137254902,0.3058823529411765,0.34901960784313724,0
64,53,389,5259.5,6356.0,3658.0,275,0.06954710743801652,0.08404628099173554,0.048370247933884294,1.2840576171875,2.2627269490922037,0.024173776276921247,34,39,53,0.23636363636363636,0.28363636363636363,0.32727272727272727,0
70,52,298,4826.5,7264.0,3169.5,239,0.0844960697466781,0.12716864200556713,0.05548747395878924,0.985,2.6863905325443787,0.03569095986667267,42,38,43,0.4476987447698745,0.30962343096234307,0.41841004184100417,1
66,53,240,5798.5,6535.75,3502.5,263,0.0838309069091645,0.09448958348393066,0.05063684598591855,1.3311524334251608,2.3267176931292273,0.060807291666666666,44,0,47,0.5513307984790875,0.0,0.3612167300380228,1
93,88,297,6149.5,6319.5,2679.5,235,0.11135355364418288,0.11443186962426437,0.04851969216840199,0.7110070528384784,0.8160511363636364,0.030376718928907483,31,41,44,0.2425531914893617,0.502127659574468,0.3446808510638298,0
63,85,438,6433.75,8154.0,4468.0,239,0.11263370739307785,0.1427496017226589,0.07821991911906304,1.621000251952633,1.1285813148788928,0.023289756260294822,38,45,54,0.5523012552301255,0.5188284518828452,0.301255230125523,1
63,73,273,4170.5,6781.5,4271.5,243,0.07062778370505851,0.11484529797286999,0.07233822757370997,1.0507684555303602,1.2725652092325015,0.057313260609963904,27,32,57,0.3950617283950617,0.30864197530864196,0.39094650205761317,1
64,48,206,4577.25,7120.5,3368.5,287,0.05557005669608712,0.0864463572460513,0.040895239713970064,1.11749267578125,3.0904947916666665,0.0793783579979263,29,32,51,0.4250871080139373,0.27177700348432055,0.32752613240418116,0
66,79,353,5829.75,7675.0,4401.5,279,0.0748930512197942,0.09859842499454015,0.05654475148058221,1.3383264462809918,1.2297708700528762,0.03532248874479371,33,28,56,0.25448028673835127,0.34767025089605735,0.2078853046594982,0
70,71,443,7689.0,9924.5,4376.5,323,0.0736995466265372,0.09512695415464541,0.04194902663688907,1.5691836734693878,1.968756199166832,0.022300750577073005,45,31,56,0.37770897832817335,0.23529411764705882,0.28792569659442724,0
93,55,497,5851.0,6945.25,3947.25,291,0.06909460209492094,0.08201662710643473,0.04661317178587877,0.6764943924153082,2.2959504132231405,0.015980186956750565,39,31,49,0.3333333333333333,0.36082474226804123,0.3127147766323024,0
85,106,404,8936.75,8705.75,5097.0,275,0.11817190082644628,0.11511735537190082,0.06739834710743801,1.2369204152249136,0.774808650765397,0.031228556023919225,44,42,60,0.28363636363636363,0.34545454545454546,0.36363636363636365,1
64,75,348,8574.5,8455.0,4647.0,235,0.1552648257129923,0.1531009506564056,0.08414667270258035,2.0933837890625,1.503111111111111,0.038371977804201346,38,43,58,0.4297872340425532,0.7106382978723405,0.37872340425531914,0
63,83,328,7311.5,8865.5,5854.0,327,0.06837714745298282,0.08291015533671876,0.05474660756202714,1.842151675485009,1.2869066627957613,0.054413295657346816,51,43,67,0.3058103975535168,0.20795107033639143,0.20489296636085627,0
66,82,360,7612.5,8507.5,3630.5,303,0.08291670751233539,0.09266520711477089,0.03954405341524252,1.7475895316804408,1.2652439024390243,0.028013117283950617,46,40,51,0.45874587458745875,0.35313531353135313,0.2739273927392739,1
93,77,408,6158.0,7662.5,4446.0,279,0.07910998060148251,0.09843784124047739,0.05711642964504567,0.7119898254133425,1.292376454714117,0.02670847750865052,48,34,54,0.46953405017921146,0.2903225806451613,0.24731182795698925,0
70,71,394,6010.75,7331.5,4388.25,283,0.07505088089500431,0.09154190962554158,0.054792168712307555,1.2266836734693878,1.4543741321166435,0.02826824963281713,33,34,55,0.22614840989399293,0.4098939929328622,0.3498233215547703,0
62,68,349,5567.0,7556.5,3788.0,263,0.08048403186398531,0.10924691697147566,0.054764417585912765,1.4482310093652446,1.6341911764705883,0.031099908867743286,45,27,47,0.3688212927756654,0.11787072243346007,0.3193916349809886,0
86,72,357,5384.75,7746.75,4811.25,255,0.08281045751633986,0.11913494809688581,0.07399077277970012,0.7280624661979448,1.4943576388888888,0.0377503942753572,38,33,54,0.5294117647058824,0.33725490196078434,0.21176470588235294,0
66,72,701,7145.5,7153.0,4623.25,255,0.10988850442137639,0.11000384467512495,0.07109957708573625,1.6403810835629018,1.3798225308641976,0.009408304012405347,45,43,61,0.403921568627451,0.2980392156862745,0.5215686274509804,0
92,66,349,5002.5,7630.75,3447.25,215,0.10822065981611682,0.16507842076798268,0.07457544618712818,0.5910326086956522,1.751779155188246,0.02830231278889336,32,44,50,0.2651162790697674,0.5395348837209303,0.3674418604651163,0
63,61,306,6043.5,7640.5,4786.5,267,0.08477464966544629,0.10717642273001445,0.06714219585069225,1.5226757369614512,2.0533458747648483,0.05111815968217352,28,51,56,0.20973782771535582,0.39325842696629215,0.41198501872659177,0
85,78,279,7886.75,7822.5,4564.25,259,0.11757054903773051,0.11661275174788688,0.06804087595593387,1.0915916955017302,1.285749506903353,0.058635551958479463,33,37,56,0.2857142857142857,0.2471042471042471,0.33204633204633205,0
93,74,324,5031.5,10047.0,4565.5,327,0.0470545876235633,0.09395954324832366,0.04269655565842755,0.581743554168112,1.8347333820306793,0.04349089315653102,43,46,48,0.4892966360856269,0.4801223241590214,0.30275229357798167,0
83,67,386,6211.5,10170.5,6144.0,311,0.06422080003308485,0.10515296574683884,0.06352291642973087,0.901654812019161,2.265649365114725,0.04123600633574056,56,43,59,0.3086816720257235,0.3247588424437299,0.45980707395498394,0
66,62,506,6298.0,6178.0,4187.5,215,0.1362466197944835,0.13365062195781505,0.0905895078420768,1.445821854912764,1.6071800208116545,0.016355121935977754,33,31,55,0.5627906976744186,0.4186046511627907,0.5441860465116279,1
63,63,339,5134.0,6368.75,3977.5,239,0.08987937886241487,0.11149577213284081,0.06963288457835122,1.2935248173343412,1.604623330813807,0.03461073259021415,31,33,54,0.3682008368200837,0.30962343096234307,0.4560669456066946,1
62,72,354,5021.75,5918.75,3679.25,255,0.07722798923490964,0.09102268358323722,0.05658208381391772,1.3063865764828304,1.1417341820987654,0.029359778480002555,33,35,47,0.4823529411764706,0.2627450980392157,0.3058823529411765,1
63,71,228,5762.5,6862.25,3917.0,291,0.0680495034305216,0.0810364780765461,0.04625594879606996,1.4518770471151423,1.3612874429676651,0.07535010772545399,28,31,49,0.36769759450171824,0.3470790378006873,0.3161512027491409,1
97,86,536,6931.5,6907.25,4606.0,339,0.060315347064505184,0.06010433254148502,0.040079706929107825,0.736688277181422,0.9339169821525148,0.016032245488973047,24,24,54,0.1415929203539823,0.2153392330383481,0.25958702064896755,1
66,64,334,7150.5,8145.0,4919.5,255,0.10996539792387543,0.12525951557093426,0.0756555171088043,1.6415289256198347,1.988525390625,0.044098927892717556,43,33,55,0.25882352941176473,0.25098039215686274,0.3568627450980392,1
62,79,274,5913.0,9724.75,5158.0,287,0.07178671587611844,0.11806322767060423,0.06262064611686435,1.538241415192508,1.5582038134914276,0.06870371357024882,34,33,58,0.3902439024390244,0.11498257839721254,0.40069686411149824,0
70,73,218,4363.0,7615.0,4304.0,323,0.04181962829127088,0.07299025199129676,0.04125410959560621,0.8904081632653061,1.428973541002064,0.09056476727548186,30,44,55,0.3126934984520124,0.34674922600619196,0.28173374613003094,0
63,79,551,6494.25,7675.0,4556.0,283,0.08108791469490192,0.09583088813694765,0.056886713531196544,1.6362433862433863,1.2297708700528762,0.015006538186633113,39,29,53,0.31448763250883394,0.10954063604240283,0.38515901060070673,0
93,73,241,6678.0,7854.0,5448.0,271,0.09093013439359486,0.10694298824907068,0.07418199643251044,0.7721123829344433,1.4738224807656222,0.0938000378781357,32,29,64,0.4022140221402214,0.2952029520295203,0.31365313653136534,0
64,65,1300,6069.5,9847.0,6213.5,315,0.06116906021667926,0.09923910304862686,0.06262030738221215,1.4818115234375,2.3306508875739644,0.0036766272189349115,35,42,64,0.3142857142857143,0.4222222222222222,0.46984126984126984,0
86,66,268,9903.0,10048.5,8397.5,267,0.13891343685561588,0.14095442494634516,0.11779517176563004,1.338967009194159,2.3068181818181817,0.1169177433726888,62,45,61,0.599250936329588,0.2808988764044944,0.6179775280898876,0
63,50,294,4165.75,7888.0,5073.75,213,0.09181930392999625,0.17386321056227821,0.11183296964887919,1.0495716805240616,3.1552,0.05869950020824656,41,39,61,0.7417840375586855,0.5446009389671361,0.4835680751173709,0
63,69,292,6019.5,7696.0,5147.0,279,0.07733071260646703,0.0988682057013656,0.06612196657288576,1.5166288737717308,1.6164671287544634,0.06036545318070933,36,39,53,0.22939068100358423,0.44086021505376344,0.34050179211469533,0
63,63,261,6933.5,8929.5,5357.0,319,0.06813514018140546,0.08774972730220812,0.05264295751810615,1.7469135802469136,2.249811035525321,0.07863947974926969,46,35,57,0.36990595611285265,0.43573667711598746,0.335423197492163,0
103,65,387,7984.0,8045.0,5057.0,295,0.09174375179546107,0.09244469979890836,0.05810973858086756,0.7525685738523895,1.9041420118343195,0.0337653319445279,51,37,56,0.3864406779661017,0.47796610169491527,0.34915254237288135,0
66,62,560,6903.5,7005.0,4533.0,239,0.12085747798532939,0.12263440766093031,0.07935785437930008,1.5848255280073462,1.8223204994797086,0.014454719387755102,47,38,51,0.49372384937238495,0.5397489539748954,0.5188284518828452,0
71,42,295,4462.0,6439.0,5233.0,263,0.0645086671774928,0.09309083548988709,0.07565527909901834,0.8851418369371157,3.6502267573696145,0.060132145935076126,43,35,61,0.4448669201520912,0.19771863117870722,0.39923954372623577,0
84,98,373,4636.0,6270.0,2965.5,219,0.09666187110360501,0.13073121911553137,0.061831488084068305,0.6570294784580499,0.6528529779258643,0.02131475105837029,35,21,43,0.410958904109589,0.1780821917808219,0.273972602739726,0
108,82,205,5155.5,6991.75,6453.5,303,0.05615462536352645,0.07615538781600932,0.0702926728316396,0.4420010288065844,1.0398200475907198,0.15356335514574657,34,32,59,0.39603960396039606,0.47194719471947194,0.37623762376237624,0
93,90,236,5579.75,7352.25,4637.25,291,0.06589140421109813,0.08682290006022603,0.05476139866085663,0.6451323852468493,0.9076851851851852,0.08326001867279517,42,33,49,0.39862542955326463,0.19243986254295534,0.3745704467353952,0
65,70,355,4570.5,5815.5,3606.0,203,0.11091023805479386,0.1411220849814361,0.08750515664053969,1.081775147928994,1.1868367346938775,0.02861337036302321,32,35,48,0.39901477832512317,0.3694581280788177,0.4039408866995074,1
68,85,180,4762.25,5954.25,3919.0,239,0.08337126450867456,0.10423924651179076,0.06860874284413788,1.0298983564013842,0.8241176470588235,0.1209567901234568,32,28,50,0.3389121338912134,0.3807531380753138,0.497907949790795,0
63,100,229,3133.25,4721.25,3050.5,179,0.09778877063762055,0.14735026996660527,0.09520614213039542,0.7894305870496346,0.472125,0.05817013405541466,29,35,43,0.6927374301675978,0.5363128491620112,0.6145251396648045,1
84,84,218,5382.25,9552.75,6369.25,275,0.0711702479338843,0.12631735537190084,0.08422148760330579,0.7627905328798186,1.3538477891156462,0.13402175742782593,39,32,57,0.44363636363636366,0.29818181818181816,0.49454545454545457,1
135,102,218,10333.5,20701.0,16954.0,319,0.1015467615294661,0.2034276392724128,0.1666060671573589,0.5669958847736626,1.9897154940407535,0.35674606514603147,97,95,95,0.5736677115987461,0.29780564263322884,0.29780564263322884,0
77,86,269,9064.25,16923.0,12794.5,303,0.09872942739818537,0.18432833382348135,0.13935997560152055,1.5287991229549671,2.2881287182260683,0.17681485883279668,89,90,89,0.6633663366336634,0.6039603960396039,0.4884488448844885,0
99,84,260,7793.0,8352.5,4315.5,291,0.09202772758942383,0.0986348767728298,0.050961845041981084,0.7951229466380981,1.1837443310657596,0.0638387573964497,48,41,55,0.2508591065292096,0.44329896907216493,0.45017182130584193,0
82,87,163,6885.5,6799.25,4422.0,255,0.10589004229142637,0.10456362937331795,0.06800461361014994,1.0240184414039262,0.8983022856387898,0.16643456660017314,34,45,54,0.43137254901960786,0.6,0.5176470588235295,0
82,82,330,5564.5,6189.5,4063.0,255,0.08557477893118032,0.09518646674356017,0.06248366013071895,0.827558001189768,0.9205086258179654,0.03730945821854913,32,34,46,0.4666666666666667,0.2196078431372549,0.48627450980392156,0
63,53,315,6567.5,5980.5,3146.5,271,0.08942552525156248,0.08143271469615065,0.04284391552402609,1.6546989166036785,2.129049483802065,0.03171075837742504,39,35,41,0.35424354243542433,0.22509225092250923,0.23616236162361623,0
96,106,268,8364.25,9591.25,6571.5,303,0.09110490256946487,0.10446960537637923,0.07157794987419534,0.9075792100694444,0.8536178355286579,0.09149448652261083,54,36,51,0.42244224422442245,0.3234323432343234,0.26732673267326734,0
77,65,224,7346.5,6126.5,5202.0,243,0.12441362258463311,0.10375281545834815,0.08809632677945435,1.2390791027154664,1.4500591715976332,0.10367506377551021,41,38,52,0.49382716049382713,0.5061728395061729,0.411522633744856,0
66,88,422,5443.75,6035.75,3742.25,243,0.09219038425714238,0.1022159562397331,0.06337533235109824,1.2497130394857667,0.7794098657024794,0.021013959704409155,43,44,50,0.4156378600823045,0.48148148148148145,0.3045267489711934,0
63,69,209,6233.5,6986.0,4491.5,259,0.09292497130334969,0.10414275279140144,0.06695636618416541,1.5705467372134039,1.4673387943709304,0.10282502689956732,39,45,59,0.416988416988417,0.28957528957528955,0.4864864864864865,0
70,46,189,5723.75,7706.25,4550.75,259,0.08532594922556312,0.11487977221567955,0.0678396267199356,1.1681122448979593,3.6418950850661624,0.12739704935472132,36,28,59,0.3938223938223938,0.18532818532818532,0.3552123552123552,1
93,75,243,4062.5,6474.5,3544.75,233,0.0748309970712299,0.11925988690158228,0.06529407430602885,0.46970748063359924,1.1510222222222222,0.06003065250893326,31,15,41,0.33047210300429186,0.0815450643776824,0.3133047210300429,1
63,71,302,5215.5,7672.0,3448.0,307,0.05533745716134919,0.08140139417924859,0.03658394253519931,1.3140589569160999,1.5219202539178733,0.03780535941406079,43,37,48,0.4495114006514658,0.4006514657980456,0.3485342019543974,0
70,72,231,6663.5,5933.5,4867.0,247,0.10922159025717518,0.0972561425363471,0.07977511514694553,1.3598979591836735,1.144579475308642,0.09120893536477952,47,28,52,0.5263157894736842,0.47368421052631576,0.38461538461538464,0
63,62,239,5425.0,7932.75,3098.0,243,0.09187285136073431,0.13434181781232535,0.05246490203051703,1.3668430335097002,2.0636706555671176,0.05423574517252849,52,34,33,0.5555555555555556,0.4691358024691358,0.37448559670781895,1
85,101,401,5447.0,5559.0,2691.5,259,0.08120033988759857,0.08286996317884349,0.04012313471772931,0.7539100346020762,0.5449465738653073,0.016738079987064756,32,34,42,0.2084942084942085,0.23552123552123552,0.27413127413127414,0
63,65,317,8255.0,8527.0,6152.0,279,0.10604951118305263,0.10954381367145849,0.07903290039953238,2.0798689846308895,2.0182248520710058,0.06122063111385326,48,36,56,0.5089605734767025,0.12903225806451613,0.6344086021505376,0
93,83,269,7807.25,7355.75,4705.5,279,0.10029740111252425,0.09449711591577703,0.06045014837938875,0.9026766100127183,1.0677529394687182,0.06502812288387391,54,40,59,0.43010752688172044,0.27956989247311825,0.4659498207885305,1
66,73,345,7855.0,7747.5,3928.0,267,0.11018530208026484,0.10867735555275007,0.055099664744911556,1.8032598714416896,1.4538374929630324,0.03300147027935308,38,38,53,0.37453183520599254,0.5243445692883895,0.3295880149812734,0
64,54,331,6324.0,7378.5,3859.0,259,0.09427408655207883,0.10999388798616598,0.05752746679387606,1.5439453125,2.530349794238683,0.03522238752840883,46,28,39,0.6216216216216216,0.36293436293436293,0.2084942084942085,0
63,60,205,5145.5,6684.5,3531.5,243,0.08713949431827804,0.11320259445545225,0.05980626259547156,1.2964222726127488,1.8568055555555556,0.08403331350386675,43,34,58,0.39094650205761317,0.22633744855967078,0.2962962962962963,0
63,85,248,5773.25,7525.0,4632.0,255,0.08878508266051519,0.11572472126105345,0.07123414071510957,1.4545855379188712,1.041522491349481,0.07531217481789802,42,32,60,0.4196078431372549,0.35294117647058826,0.4117647058823529,0
93,73,304,7158.0,7909.25,4504.5,243,0.12122135853274399,0.13394384324882724,0.07628410303307423,0.8276101283385362,1.4841902796021769,0.04874155990304709,0,40,55,0.0,0.42386831275720166,0.2345679012345679,1
85,106,320,6489.5,6782.0,5243.0,319,0.06377197551124694,0.06664635764192568,0.051522685508200584,0.8982006920415225,0.6035955856176576,0.051201171875,35,21,55,0.4482758620689655,0.12852664576802508,0.34169278996865204,1
70,82,139,4910.5,6764.5,4589.0,279,0.06308372194601816,0.08690150434860806,0.058953507791523745,1.0021428571428572,1.006023200475907,0.23751358625329952,33,33,55,0.32974910394265233,0.27956989247311825,0.37992831541218636,1
70,50,257,5087.25,7900.5,4079.25,259,0.07583742043201502,0.11777552511143245,0.060810810810810814,1.0382142857142858,3.1602,0.06176096534391134,35,38,57,0.33976833976833976,0.583011583011583,0.2277992277992278,0
62,69,244,6896.5,6664.0,4321.5,283,0.08611045212201426,0.08320743173219793,0.05395872092297319,1.7940946930280957,1.3997059441293846,0.07258633431873153,28,30,58,0.0989399293286219,0.37809187279151946,0.37809187279151946,0
63,88,188,5390.25,5652.75,3357.0,255,0.08289504036908882,0.08693194925028835,0.05162629757785467,1.3580876795162509,0.7299522210743802,0.0949807605251245,30,42,51,0.32941176470588235,0.34509803921568627,0.3411764705882353,0
80,74,193,4002.5,5034.5,2841.5,211,0.0899013948473754,0.11308146717279487,0.0638238134812785,0.625390625,0.9193754565376187,0.07628392708529089,31,34,38,0.3886255924170616,0.26540284360189575,0.45023696682464454,1
66,83,331,4255.25,5173.25,4755.25,231,0.07974457000431026,0.09694814564944434,0.08911470924457937,0.9768709825528007,0.7509435331688199,0.04340276193170928,23,23,61,0.21645021645021645,0.21212121212121213,0.4675324675324675,1
74,81,234,5968.75,5111.25,3026.5,243,0.10108130535656827,0.0865594675608393,0.05125404325221426,1.0899835646457268,0.7790352080475538,0.055272481554532835,35,27,39,0.5679012345679012,0.49794238683127573,0.1728395061728395,1
63,81,494,6350.5,6943.5,3297.0,315,0.06400100781053163,0.06997732426303854,0.03322751322751323,1.6000251952632905,1.0582990397805212,0.013510301758756905,33,30,37,0.20952380952380953,0.11746031746031746,0.12380952380952381,0
85,83,295,6081.0,7360.5,3824.0,255,0.09351787773933103,0.11319492502883506,0.0588081507112649,0.8416608996539793,1.068442444476702,0.043941396150531456,29,32,49,0.30196078431372547,0.3333333333333333,0.3176470588235294,0
93,88,273,5486.5,9083.5,5283.0,235,0.0993481213218651,0.16448166591217744,0.09566319601629697,0.6343507919990751,1.1729726239669422,0.0708851587972467,34,41,58,0.3148936170212766,0.31063829787234043,0.3702127659574468,0
62,71,241,6943.5,7599.75,4150.75,243,0.1175887821978357,0.12870243357211808,0.070293315720842,1.806321540062435,1.5075877802023407,0.07146485081179732,43,58,60,0.48559670781893005,0.345679012345679,0.24691358024691357,0
66,53,343,8671.5,7461.25,3505.5,319,0.08521437485873763,0.07332131170094633,0.034448364304596066,1.990702479338843,2.656194375222499,0.029796258361737032,42,35,55,0.3793103448275862,0.2476489028213166,0.2946708463949843,0
64,72,304,7143.75,8476.5,4655.5,319,0.07020125588388479,0.0832981201049518,0.045749353878204814,1.74407958984375,1.6351273148148149,0.050375476108033244,39,42,62,0.335423197492163,0.2884012539184953,0.3793103448275862,0
63,83,745,6873.0,7249.75,4149.5,299,0.0768783346942428,0.08109249337255735,0.046414469636804956,1.7316704459561603,1.052366090869502,0.0074762398090176116,30,34,53,0.1939799331103679,0.18729096989966554,0.26755852842809363,1
85,106,377,5567.5,6941.0,4666.5,315,0.056109851347946584,0.06995212899974805,0.04702947845804989,0.7705882352941177,0.6177465290138839,0.03283284903151362,30,32,60,0.2698412698412698,0.10158730158730159,0.37777777777777777,0
93,90,532,9710.25,6993.75,4747.0,379,0.06760082427719105,0.048689092946999815,0.033047667448708934,1.1227020464793618,0.8634259259259259,0.01677242919328396,58,24,58,0.25857519788918204,0.07651715039577836,0.316622691292876,0
66,83,280,6917.5,8604.0,3876.0,303,0.07534664357524862,0.09371630232330164,0.04221808319445806,1.5880394857667586,1.2489475976193933,0.049438775510204085,35,51,55,0.5379537953795379,0.5445544554455446,0.28052805280528054,0
64,83,264,5129.0,6149.5,2854.5,263,0.07415171536381905,0.08890543451546212,0.04126848732813833,1.252197265625,0.89265495717811,0.04095643939393939,34,29,24,0.35361216730038025,0.40304182509505704,0.22813688212927757,0
63,73,214,5910.0,6253.0,4115.0,271,0.08047276044716167,0.08514317615500878,0.0560313721218393,1.4890400604686318,1.1733908800900732,0.08985500917110664,28,38,53,0.26199261992619927,0.3726937269372694,0.26199261992619927,0
63,72,180,6425.0,7681.0,4530.0,251,0.10198250821415533,0.12191869970317931,0.07190362057745116,1.618795666414714,1.4816743827160495,0.1398148148148148,33,32,59,0.3784860557768924,0.2749003984063745,0.4701195219123506,0
93,88,281,10900.0,7458.0,7355.0,243,0.18459245711189012,0.12630188487527308,0.12455757083100476,1.260261301884611,0.9630681818181818,0.09314724990818252,44,43,59,0.6049382716049383,0.5308641975308642,0.4279835390946502,1
63,84,417,6275.5,7117.5,3221.5,239,0.10986327270180844,0.12460391099595595,0.05639782216697887,1.5811287477954146,1.0087159863945578,0.018526186245248405,35,49,42,0.3682008368200837,0.47280334728033474,0.35564853556485354,1
63,55,438,9635.5,11349.25,5304.25,303,0.10495158426733762,0.12361805487479441,0.057774836889629554,2.427689594356261,3.751818181818182,0.027648766706282187,46,43,57,0.38613861386138615,0.528052805280528,0.4752475247524752,1
74,72,359,4931.75,6435.75,3967.0,215,0.1066901027582477,0.13922660897782585,0.08581936181719849,0.9006117604090577,1.2414641203703705,0.030780332244473584,28,31,53,0.34418604651162793,0.24651162790697675,0.34418604651162793,1
63,73,404,7607.25,7097.75,4297.75,287,0.09235574063057704,0.08617016110429895,0.052176789811701006,1.9166666666666667,1.3319103021204728,0.026331670914616214,36,32,60,0.313588850174216,0.34494773519163763,0.41114982578397213,1
85,99,237,4425.5,6393.0,4305.0,211,0.09940252914355023,0.1435951573414793,0.09669594124121202,0.6125259515570934,0.6522803795531068,0.07664370026171019,18,31,57,0.08530805687203792,0.2938388625592417,0.5071090047393365,1
93,56,355,28654.5,32017.0,25092.0,407,0.1729832356367983,0.1932821809971687,0.15147691806168465,3.313041970169962,10.209502551020408,0.19910335250942274,143,141,144,0.6191646191646192,0.4201474201474201,0.47174447174447176,1
66,83,211,6359.0,6400.0,5200.5,319,0.06248955886832873,0.06289246371399652,0.051105040241349826,1.4598255280073462,0.9290172739149368,0.11681004469800768,40,31,55,0.25705329153605017,0.26959247648902823,0.3605015673981191,1
63,65,258,16833.5,21850.0,13502.0,327,0.15742689074058488,0.20434119836527043,0.12627070298983437,4.2412446460065505,5.171597633136095,0.20284237726098192,101,100,100,0.43425076452599387,0.5382262996941896,0.5963302752293578,1
63,81,432,153893.25,155187.25,136118.25,687,0.3260664365668084,0.32880814206017767,0.28840506473942146,38.773809523809526,23.652987349489408,0.7293716242283951,370,356,350,0.6302765647743813,0.5807860262008734,0.6491994177583698,1
63,64,283,105828.0,113140.5,93215.0,535,0.3697370949427898,0.3952851777447812,0.3256703642239497,26.663643235071806,27.6221923828125,1.1638926694052867,298,297,294,0.7233644859813084,0.6990654205607477,0.7644859813084112,1
93,86,342,72206.0,79406.0,62604.75,455,0.3487791329549571,0.3835575413597392,0.30240188383045524,8.348479593016533,10.736343969713358,0.5352480250333436,249,240,242,0.7384615384615385,0.5846153846153846,0.6637362637362637,1
93,111,245,132024.0,112689.0,116195.0,663,0.30034875070808,0.2563624823406564,0.26433847700816027,15.264654873395768,9.14609203798393,1.9357767596834652,346,310,312,0.6380090497737556,0.5806938159879337,0.6576168929110106,1
66,72,247,152987.75,124960.0,127387.5,695,0.3167284302054759,0.25870296568500595,0.26372858547694217,35.12115472910927,24.104938271604937,2.0880116048451867,369,324,326,0.5942446043165468,0.543884892086331,0.7294964028776978,1
63,71,440,129542.0,106030.75,102528.75,639,0.31725529669059394,0.25967498610162104,0.2510984005231178,32.638447971781304,21.033673874231305,0.5295906508264463,337,297,296,0.6854460093896714,0.5758998435054773,0.6541471048513302,1
63,69,240,64526.0,53375.0,52543.0,551,0.2125355318328991,0.17580640379972398,0.1730659648683634,16.257495590828924,11.21088006721277,0.9122048611111111,233,201,196,0.5081669691470054,0.5480943738656987,0.6497277676950998,1
120,120,354,110196.0,92620.0,86084.0,543,0.37373706541314367,0.3141268920701783,0.29195961322575287,7.6525,6.4319444444444445,0.6869354272399374,311,274,270,0.716390423572744,0.6629834254143646,0.8047882136279927,1
63,92,224,103347.5,82535.5,82017.5,631,0.2595620866935737,0.20729177393064616,0.2059907926692971,26.03867472915092,9.751358695652174,1.6345962213010203,296,258,252,0.5879556259904913,0.561014263074485,0.6671949286846276,1
86,85,345,65522.0,46049.5,50423.25,567,0.2038079063358311,0.14323818233283253,0.15684284687812025,8.859113034072472,6.3736332179930795,0.42363579080025204,232,187,188,0.5961199294532628,0.5097001763668431,0.6031746031746031,1
96,56,823,22204.5,18446.0,15923.5,391,0.14524041574819632,0.12065593500827441,0.10415617375605864,2.4093424479166665,5.882015306122449,0.02350925473440529,119,88,97,0.5754475703324808,0.3938618925831202,0.5217391304347826,1
72,87,353,21463.0,17465.5,20721.5,343,0.18243248986391725,0.14845430050404168,0.17612984385757635,4.140239197530864,2.3075042938300965,0.16629216188236803,116,85,107,0.46355685131195334,0.45481049562682213,0.6064139941690962,1
71,87,199,26888.5,16193.5,26252.0,391,0.17587862455112147,0.10592225325580026,0.17171525565636017,5.333961515572307,2.139450389747655,0.6629125527133153,131,85,135,0.6470588235294118,0.5012787723785166,0.5652173913043478,1
120,87,741,6280.5,7540.75,9318.25,359,0.04873099991464995,0.05850940014431918,0.0723011925729937,0.43614583333333334,0.99626767076232,0.016970629105723927,19,37,91,0.10027855153203342,0.2924791086350975,0.37047353760445684,1
100,101,420,5204.5,4780.5,5737.0,281,0.06591228581198313,0.06054254632033536,0.07265612137637568,0.52045,0.4686305264189785,0.03252267573696145,29,29,73,0.44483985765124556,0.40569395017793597,0.40569395017793597,1
96,112,287,7889.75,7693.5,7682.0,323,0.07562374795119287,0.07374267940840994,0.07363245118806852,0.8560926649305556,0.6133211096938775,0.09326324223919193,52,24,87,0.22910216718266255,0.29102167182662536,0.3684210526315789,1
69,81,237,8714.75,6962.25,6107.75,303,0.09492261107298848,0.07583406855537039,0.06652670217516801,1.8304452846040749,1.061156835848194,0.10873880610301055,51,25,69,0.5016501650165016,0.1188118811881188,0.38943894389438943,1
119,104,390,4478.75,4787.75,5282.25,267,0.06282526055913254,0.06715973011264009,0.07409628413920802,0.31627356825082975,0.44265440088757396,0.03472879684418146,0,32,69,0.0,0.3408239700374532,0.40823970037453183,1
93,63,271,5485.5,4582.75,6678.5,295,0.06303361103131284,0.05266015512783683,0.07674231542660155,0.6342351716961498,1.1546359284454522,0.0909369425797579,19,39,73,0.12542372881355932,0.3288135593220339,0.288135593220339,1
70,94,514,5923.5,5881.5,8969.5,215,0.12814494321254732,0.12723634396971337,0.1940400216333153,1.2088775510204082,0.6656292440018108,0.03395017335614468,36,32,92,0.4883720930232558,0.2744186046511628,0.6372093023255814,1
68,90,426,4664.5,5265.5,6033.5,303,0.05080656580509536,0.05735276497946824,0.06571795793440731,1.0087586505190311,0.6500617283950617,0.03324682051621151,30,33,67,0.3069306930693069,0.39603960396039606,0.3432343234323432,1
92,95,356,7799.0,6557.5,10150.5,343,0.06629040620829757,0.055737830325799625,0.08627782641586414,0.9214319470699432,0.7265927977839335,0.08009168665572529,35,30,97,0.40816326530612246,0.2944606413994169,0.282798833819242,1
64,67,224,8343.5,7501.0,10314.0,275,0.11032727272727273,0.09918677685950414,0.13638347107438017,2.0369873046875,1.6709734907551794,0.20555644132653061,39,35,99,0.4290909090909091,0.4909090909090909,0.36363636363636365,1
83,82,266,7417.5,7439.0,12736.5,295,0.08523412812410228,0.08548118356794025,0.1463544958345303,1.076716504572507,1.1063355145746578,0.1800059358923625,37,38,113,0.3423728813559322,0.1864406779661017,0.3864406779661017,1
93,102,281,8615.0,6934.5,12001.0,299,0.09636357535150614,0.07756624646256753,0.13423787205959664,0.9960689097005434,0.6665224913494809,0.1519864236775117,39,36,104,0.27424749163879597,0.28762541806020064,0.411371237458194,1
72,72,241,7380.5,7386.5,10231.0,299,0.08255500497757295,0.08262211832082415,0.1144394358004944,1.423707561728395,1.4248649691358024,0.17615054837210103,36,30,95,0.3010033444816054,0.2842809364548495,0.4214046822742475,1
76,82,414,7036.25,8247.0,11616.0,327,0.06580300947357592,0.07712594338299246,0.10863283113093736,1.218187326869806,1.2265020820939916,0.06777287684660085,39,37,106,0.39143730886850153,0.1834862385321101,0.43730886850152906,1
63,65,316,12788.25,14985.25,25462.25,319,0.12566946079539312,0.14725926435471348,0.25021619284401686,3.2220332577475435,3.546804733727811,0.25498968514661113,65,63,161,0.5956112852664577,0.5360501567398119,0.5454545454545454,1
64,87,217,13592.0,14361.75,25498.25,335,0.12111383381599465,0.12797282245488972,0.2272065047894854,3.318359375,1.8974435196195005,0.5414905816645076,65,64,161,0.6179104477611941,0.5850746268656717,0.6417910447761194,1
92,89,260,8408.5,10839.5,18488.5,327,0.07863629137090968,0.10137100318903197,0.1729044506167644,0.9934428166351607,1.3684509531624796,0.27349852071005915,52,52,131,0.5718654434250765,0.19877675840978593,0.5902140672782875,1
93,121,517,9795.5,11502.25,15849.5,331,0.08940681446865216,0.10498489425981873,0.1446637033250883,1.1325586773037346,0.7856191516972885,0.05929724006599598,47,42,129,0.46827794561933533,0.22356495468277945,0.48036253776435045,1
66,82,267,4681.5,8254.0,8934.25,235,0.0847713897691263,0.14946129470348574,0.1617790855590765,1.074724517906336,1.2275431290898275,0.12532438384603514,36,25,92,0.5659574468085107,0.16170212765957448,0.4851063829787234,1
84,106,243,8655.25,8079.5,10761.5,279,0.1111914029881425,0.10379491527601135,0.13824976554771906,1.2266510770975056,0.7190726237095052,0.18224694745042253,39,32,101,0.4767025089605735,0.3225806451612903,0.6093189964157706,1
74,87,304,4148.0,6553.75,6201.25,287,0.050358751472034384,0.07956573468173705,0.07528621204579393,0.7574872169466764,0.8658673536794821,0.06710147593490305,33,29,72,0.34494773519163763,0.43205574912891986,0.34494773519163763,1
63,87,287,5422.5,7106.25,8296.0,323,0.0519750021566391,0.06811385137401874,0.0795176796480365,1.3662131519274376,0.9388624653190646,0.10071750294406877,30,21,90,0.15789473684210525,0.17956656346749225,0.3622291021671827,1
93,96,406,5153.5,6302.0,7367.0,255,0.07925413302575933,0.09691657054978854,0.11329488658208381,0.5958492311249856,0.6838107638888888,0.04469290688927176,28,26,77,0.36470588235294116,0.1843137254901961,0.32941176470588235,1
66,72,179,10351.0,9712.5,13208.0,299,0.11578170266551828,0.10863972438787038,0.1477388396102952,2.3762626262626263,1.8735532407407407,0.4122218407665179,47,46,116,0.5785953177257525,0.5384615384615384,0.4080267558528428,1
63,66,220,8319.5,8726.0,12142.5,271,0.1132814095668632,0.11881646491741671,0.16533680096948572,2.0961199294532626,2.0032139577594124,0.2508780991735537,36,32,107,0.3800738007380074,0.3173431734317343,0.5535055350553506,1
70,82,236,6418.0,6022.0,6877.5,283,0.0801358488681342,0.0751913496235438,0.08587321604714755,1.3097959183673469,0.8955978584176085,0.1234828353921287,41,34,80,0.3321554770318021,0.2226148409893993,0.4028268551236749,1
64,85,252,6673.75,8490.0,12834.0,279,0.08573566629411236,0.10906848575943269,0.16487455197132617,1.62933349609375,1.1750865051903114,0.20209750566893425,38,30,112,0.4336917562724014,0.31899641577060933,0.5125448028673835,1
93,100,384,13201.75,13913.75,24345.75,351,0.10715619191402667,0.11293536578436864,0.1976100031655587,1.5263903341426754,1.391375,0.16510518391927084,75,61,162,0.358974358974359,0.358974358974359,0.7037037037037037,1
63,93,304,9610.5,9190.5,12316.5,319,0.09444187851927556,0.09031456058804453,0.12103359833334972,2.4213907785336355,1.0626083940339923,0.13327237707756232,59,39,108,0.4890282131661442,0.3981191222570533,0.45454545454545453,1
66,55,242,7598.0,8488.0,10822.0,311,0.07855584619679283,0.08775757074471935,0.11188883489624797,1.7442607897153353,2.8059504132231403,0.18478929034901986,44,34,107,0.28938906752411575,0.3279742765273312,0.5176848874598071,1
63,72,360,6479.0,7878.5,8636.0,247,0.10619744627841794,0.12913668475143011,0.14155288563982363,1.6324011085915848,1.5197723765432098,0.06663580246913581,31,29,94,0.5465587044534413,0.29554655870445345,0.4777327935222672,1
70,58,254,7035.5,6854.5,9501.0,375,0.05003022222222222,0.04874311111111111,0.06756266666666666,1.4358163265306123,2.037604042806183,0.14726579453158906,49,31,92,0.4,0.14666666666666667,0.3466666666666667,1
64,61,291,6795.5,8004.0,9336.0,355,0.05392184090458242,0.06351120809363221,0.07408053957548105,1.6590576171875,2.1510346680999732,0.11024905232578737,44,29,89,0.4197183098591549,0.3126760563380282,0.29859154929577464,1
93,96,335,5671.0,6357.0,6816.5,267,0.07954943960498814,0.08917224256196608,0.09561783725399431,0.6556827378887733,0.6897786458333334,0.06073958565382045,33,31,80,0.5205992509363296,0.3895131086142322,0.48314606741573035,1
66,69,352,6384.5,8471.25,8565.0,287,0.07751095679199699,0.10284512377229298,0.10398329468610763,1.4656795224977044,1.7793005671077504,0.06912609762396695,38,30,104,0.313588850174216,0.21602787456445993,0.4878048780487805,1
85,79,273,5782.25,6987.75,10377.5,275,0.0764595041322314,0.0924,0.13722314049586776,0.8003114186851211,1.1196522993110078,0.1392411007795623,36,38,104,0.43636363636363634,0.36363636363636365,0.4690909090909091,1
70,75,199,5478.0,7591.5,7603.5,301,0.06046290879791614,0.08379046588889748,0.08392291475811525,1.1179591836734695,1.3496,0.1920027272038585,36,27,89,0.40863787375415284,0.26245847176079734,0.38205980066445183,1
64,67,291,7181.5,6771.0,9977.5,303,0.07822217865350892,0.07375093945038068,0.10867670925508392,1.7532958984375,1.5083537536199598,0.11782454151462547,38,33,101,0.40594059405940597,0.32673267326732675,0.4521452145214521,1
93,89,203,6902.5,7363.5,10155.0,267,0.09682419447600611,0.10329083028237175,0.14244834406430165,0.7980691409411492,0.9296174725413457,0.24642675143779272,40,30,99,0.5093632958801498,0.34831460674157305,0.5205992509363296,1
63,87,283,6496.5,6396.25,6771.5,231,0.12174621914881655,0.11986750623114259,0.12689979573096455,1.6368102796674224,0.845058792442859,0.08454968847157537,32,27,72,0.13852813852813853,0.18614718614718614,0.5844155844155844,1
86,97,271,6076.5,6020.5,5843.25,263,0.08785004843210109,0.0870404371900707,0.08447787303560844,0.8215927528393726,0.6398660856626635,0.0795638675943955,38,31,69,0.3916349809885932,0.2509505703422053,0.2661596958174905,1
63,69,306,6439.0,6856.0,7371.75,243,0.10904503039848262,0.11610696201459804,0.12484123355179597,1.6223230032753841,1.4400336063852133,0.07872773292323465,30,31,82,0.12345679012345678,0.14814814814814814,0.522633744855967,1
70,84,391,7317.75,7034.25,5221.5,283,0.0913702256239933,0.08783041366479791,0.06519621920613318,1.4934183673469388,0.9969175170068028,0.03415401521444784,52,37,60,0.4416961130742049,0.21201413427561838,0.37809187279151946,1
64,86,370,8773.0,8075.0,10389.5,335,0.07817331254176876,0.07195366451325462,0.09257741145021163,2.141845703125,1.091806381828015,0.07589116143170198,30,28,97,0.33432835820895523,0.16716417910447762,0.36716417910447763,1
93,95,248,6579.75,7087.5,7843.25,303,0.07166781034539098,0.07719831389079503,0.08543007766123147,0.760752688172043,0.7853185595567868,0.1275242260665973,40,28,81,0.4389438943894389,0.35973597359735976,0.41914191419141916,1
66,86,616,7193.0,8064.0,8764.5,339,0.06259082326119682,0.07016994283029211,0.07626543451588483,1.651285583103765,1.0903190914007572,0.023097539635688988,31,33,92,0.3746312684365782,0.29793510324483774,0.29793510324483774,1
85,96,845,7252.0,7887.0,9682.0,303,0.07899007722554434,0.0859066104630265,0.1054580705595312,1.0037370242214534,0.8557942708333334,0.013559749308497602,42,22,96,0.4752475247524752,0.30363036303630364,0.3696369636963696,1
70,87,310,6281.25,6554.5,6252.0,255,0.09659746251441753,0.10079969242599,0.09614763552479816,1.281887755102041,0.8659664420663231,0.06505723204994797,36,30,79,0.5098039215686274,0.3411764705882353,0.30980392156862746,1
64,87,700,7689.5,8145.0,7314.5,339,0.0669111824644756,0.07087477484532853,0.06364807128375145,1.8773193359375,1.0760998810939357,0.014927551020408164,39,22,85,0.30678466076696165,0.15634218289085547,0.41002949852507375,1
93,89,679,6648.0,9211.5,9180.5,327,0.06217209550262324,0.08614594731083242,0.08585603531315172,0.7686437738466875,1.1629213483146068,0.019912545738882226,35,45,90,0.40672782874617736,0.4648318042813456,0.40672782874617736,1
63,87,323,7060.75,7192.0,5057.75,295,0.08113473139902327,0.08264291870152254,0.0581183567940247,1.7789745527840766,0.9501915708812261,0.048478850559288404,45,32,63,0.43389830508474575,0.16271186440677965,0.3525423728813559,1
66,87,301,6946.0,7616.0,7629.5,319,0.06825797702459685,0.07484203181965586,0.07497469561030257,1.5945821854912765,1.0062095389087065,0.08420988730808711,40,28,79,0.3605015673981191,0.36990595611285265,0.3981191222570533,1
63,72,273,7570.5,7807.5,9243.5,335,0.0674582312319002,0.06957006014702606,0.08236578302517264,1.9074074074074074,1.5060763888888888,0.12402554710247018,38,30,88,0.44477611940298506,0.25970149253731345,0.39104477611940297,1
85,84,287,7012.25,7410.5,8868.25,323,0.0672128554860106,0.07103010668174717,0.08500273174285194,0.970553633217993,1.0502409297052153,0.10766489820199347,6,7,89,0.018575851393188854,0.030959752321981424,0.4055727554179567,1
97,89,278,7269.5,9383.0,11453.0,343,0.06178973046944725,0.07975418405596307,0.09734889374325324,0.7726113295780636,1.184572654967807,0.14819367527560684,36,23,104,0.358600583090379,0.11370262390670553,0.40233236151603496,1
70,89,331,6997.25,7844.25,9299.5,287,0.08495004188468963,0.0952330367007005,0.11290048440554092,1.4280102040816327,0.9903105668476202,0.08487965608199999,45,2,92,0.32752613240418116,0.006968641114982578,0.445993031358885,1
66,86,426,6980.0,6879.25,7746.0,327,0.06527695947778432,0.06433474548532203,0.07244059142047526,1.6023875114784205,0.9301311519740401,0.04268333002711102,35,29,80,0.29357798165137616,0.2415902140672783,0.345565749235474,1
63,65,511,5845.25,7000.0,6280.0,271,0.07959110033904768,0.0953146062825942,0.08551081820781307,1.4727261274880323,1.6568047337278107,0.02405015299420575,40,37,75,0.42066420664206644,0.3800738007380074,0.4022140221402214,1
63,86,325,5646.0,5539.0,5588.0,287,0.06854520511357429,0.06724617271060715,0.06784105670822761,1.4225245653817082,0.7489183342347214,0.05290414201183432,32,22,71,0.43902439024390244,0.23693379790940766,0.4146341463414634,1
63,80,358,5167.5,5978.5,7073.5,215,0.11179015684153597,0.12933477555435371,0.15302325581395348,1.3019652305366591,0.934140625,0.055191005274492055,34,31,74,0.4558139534883721,0.5116279069767442,0.5348837209302325,1
97,85,228,5362.5,7651.0,7460.0,299,0.05998255053075469,0.08558069820248096,0.08344425677565127,0.5699330428313317,1.058961937716263,0.14350569405971067,33,28,81,0.36789297658862874,0.26755852842809363,0.35785953177257523,1
63,88,354,6807.5,6857.0,5682.0,319,0.06689694480203615,0.06738337870107408,0.055836715441082534,1.715167548500882,0.8854597107438017,0.045341376998946664,31,31,68,0.32601880877742945,0.3166144200626959,0.28213166144200624,1
77,81,425,6025.5,6876.5,7657.0,331,0.05499675979591278,0.06276412226978578,0.0698880075939431,1.0162759318603474,1.0480871818320379,0.0423916955017301,28,27,78,0.3413897280966767,0.3293051359516616,0.3957703927492447,1
63,85,244,5975.5,7510.5,6669.5,263,0.08638985672772485,0.10858187916552213,0.0964232531914586,1.5055429579239104,1.039515570934256,0.11202465735017468,30,34,78,0.41064638783269963,0.4144486692015209,0.46387832699619774,1
63,55,243,5294.5,5964.5,8435.0,275,0.0700099173553719,0.0788694214876033,0.11153719008264462,1.3339632149155958,1.9717355371900827,0.14284746566410947,33,30,88,0.2909090909090909,0.4581818181818182,0.5345454545454545,1
97,67,219,4832.0,7634.0,6881.0,311,0.04995812698379876,0.0789280507852483,0.07114277147672171,0.5135508555638219,1.7006014702606371,0.1434707366401868,33,24,80,0.3762057877813505,0.14469453376205788,0.2604501607717042,1
63,92,485,7315.75,7571.75,8514.0,279,0.09398324790277617,0.09727200318598168,0.10937680656723321,1.843222474174855,0.8945829395085066,0.03619513232011903,30,28,82,0.3225806451612903,0.24372759856630824,0.2939068100358423,1
86,79,221,8750.0,8039.0,10409.5,335,0.07796836711962575,0.07163288037424816,0.09275562486077077,1.183071930773391,1.2880948565934947,0.2131303617862042,41,40,98,0.44776119402985076,0.3701492537313433,0.4716417910447761,1
63,61,344,6349.0,7006.5,6783.5,299,0.07101710271697184,0.07837160658158186,0.07587722732407914,1.599647266313933,1.8829615694705724,0.057324060302866416,27,37,74,0.3076923076923077,0.26755852842809363,0.3110367892976589,1
70,67,262,5805.0,7427.0,8509.5,287,0.07047554298340394,0.09016741735361604,0.10330949750512936,1.1846938775510205,1.6544887502784584,0.12396567799079308,36,37,84,0.28222996515679444,0.1289198606271777,0.40418118466898956,1
63,87,314,6793.5,7535.0,7711.5,319,0.06675936753766178,0.0740460490757756,0.07578050530163816,1.7116402116402116,0.9955079931298718,0.0782131120937969,38,33,79,0.42946708463949845,0.34796238244514105,0.2852664576802508,1
97,69,278,5276.0,5080.0,7199.5,259,0.07865118289828714,0.07572934213860855,0.10732547219033706,0.5607397172919545,1.0670027305187986,0.0931564101236996,26,20,80,0.25096525096525096,0.21235521235521235,0.4015444015444015,1
66,52,265,5496.0,6129.0,4531.5,239,0.09621680292711962,0.10729854169219727,0.07933159433483307,1.2617079889807163,2.2666420118343193,0.06452830188679246,34,38,59,0.301255230125523,0.3807531380753138,0.39330543933054396,1
63,87,237,6121.5,5880.0,6429.0,315,0.061693121693121696,0.05925925925925926,0.06479213907785336,1.5423280423280423,0.7768529528339279,0.11445815307375955,32,36,71,0.23492063492063492,0.22857142857142856,0.3968253968253968,1
85,107,260,4796.0,7734.5,9169.5,303,0.05223888725506214,0.0842455532681981,0.09987582916707512,0.6638062283737024,0.6755611843829156,0.13564349112426036,32,25,82,0.39933993399339934,0.2607260726072607,0.27722772277227725,1
71,86,298,3918.5,5345.75,5894.0,287,0.04757250907501609,0.06490002306693052,0.07155604657091867,0.7773259273953581,0.722789345592212,0.06637088419440566,29,25,71,0.16376306620209058,0.31010452961672474,0.2961672473867596,1
93,75,431,3962.5,4808.0,6562.0,243,0.06710528544090501,0.08142390218293281,0.11112804619891954,0.4581454503410799,0.8547555555555556,0.03532496056761107,24,35,74,0.3168724279835391,0.2222222222222222,0.3991769547325103,1
74,87,207,5788.75,7402.0,4618.75,263,0.08368994780898957,0.10701325738408825,0.06677485578799751,1.0571128560993426,0.9779363191967235,0.10779131368293308,40,33,56,0.3155893536121673,0.3193916349809886,0.3916349809885932,1
88,72,477,5691.5,5401.0,5785.0,275,0.07525950413223141,0.07141818181818183,0.07649586776859504,0.7349560950413223,1.0418595679012346,0.02542533039744384,38,19,67,0.4290909090909091,0.06909090909090909,0.2509090909090909,1
62,87,232,4730.25,6740.5,6530.75,279,0.06076810421243304,0.08659318354080754,0.08389858814763428,1.230554110301769,0.8905403620029065,0.12133527794292509,37,27,73,0.3763440860215054,0.3046594982078853,0.34767025089605735,1
85,109,256,4788.5,5516.5,5510.5,303,0.05215719591761157,0.06008670173948088,0.06002134866952042,0.6627681660899654,0.46431276828549783,0.08408355712890625,23,31,62,0.25412541254125415,0.19141914191419143,0.3795379537953795,1
63,85,470,4949.5,5854.25,6987.75,271,0.06739423482795713,0.07971364768998243,0.09514780572159966,1.247039556563366,0.8102768166089965,0.03163309189678588,42,33,77,0.4022140221402214,0.2915129151291513,0.4132841328413284,1
120,60,358,6457.5,6118.75,7712.25,327,0.06039053951687568,0.05722254954221961,0.0721249614230003,0.4484375,1.6996527777777777,0.0601748540931931,27,34,86,0.3211009174311927,0.25688073394495414,0.39755351681957185,1
66,91,253,7605.5,7553.5,10438.0,287,0.09233449477351917,0.09170318930665664,0.1267224319829062,1.7459825528007347,0.9121482912691704,0.16307081816619537,33,39,97,0.42160278745644597,0.3170731707317073,0.34494773519163763,1
71,61,214,4850.0,6659.5,6122.5,215,0.10492157923201731,0.14406706327744728,0.13244997295835587,0.9621106923229518,1.7897070679924751,0.13369071534631846,18,35,75,0.08372093023255814,0.5162790697674419,0.3767441860465116,1
65,51,351,6212.5,6157.25,9487.75,267,0.08714528188079507,0.08637026750270027,0.1330885550365414,1.470414201183432,2.367262591311034,0.0770103327083384,32,34,94,0.44569288389513106,0.4232209737827715,0.5393258426966292,1
63,87,246,6271.5,6259.0,7017.5,311,0.06484114101384394,0.06471190330951913,0.07255404720794864,1.5801209372637943,0.8269256176509446,0.11596106814726684,35,37,84,0.28938906752411575,0.37942122186495175,0.3633440514469453,1
93,107,246,7213.75,6615.25,10262.5,303,0.0785734514045464,0.07205448267599038,0.11178098007820585,0.8340559602266158,0.5778015547209363,0.16958325071055588,36,33,101,0.26732673267326734,0.2706270627062706,0.36633663366336633,1
64,87,148,5622.0,6740.5,9008.5,255,0.08645905420991926,0.10366013071895425,0.13853902345251826,1.37255859375,0.8905403620029065,0.4112719138056976,32,32,91,0.27058823529411763,0.30196078431372547,0.38823529411764707,1
69,86,335,5632.5,5008.5,5903.0,251,0.08940334280408248,0.07949873811526802,0.09369692544562784,1.183049779458097,0.677190373174689,0.05259968812653152,30,26,66,0.3904382470119522,0.3545816733067729,0.4820717131474104,1
85,86,850,8143.0,8296.5,10691.5,315,0.08206601158982112,0.0836130007558579,0.10775006298815823,1.1270588235294117,1.1217550027041645,0.014797923875432526,37,33,92,0.49206349206349204,0.16825396825396827,0.3523809523809524,1
83,114,888,7023.75,8900.75,10225.5,327,0.06568610947451112,0.0832398133340815,0.095628875234969,1.019560168384381,0.684883810403201,0.012967570611151693,25,26,99,0.2874617737003058,0.21100917431192662,0.308868501529052,1
63,83,348,9194.75,9583.5,12634.0,319,0.09035632511472962,0.09417655093798213,0.12415365415041126,2.316641471403376,1.3911307882130934,0.10432355661249836,41,33,112,0.3605015673981191,0.27586206896551724,0.3510971786833856,1
119,89,206,10809.0,12560.5,19373.0,299,0.1209046878670261,0.1404961913177705,0.2166977998008971,0.7632935527152037,1.58572149981063,0.4565227636912056,50,47,136,0.17725752508361203,0.46153846153846156,0.6454849498327759,1
111,78,280,5553.0,6528.0,10881.0,287,0.06741613956707014,0.07925311707074263,0.13210066894098507,0.45069393718042366,1.0729783037475344,0.13878826530612245,27,28,103,0.33797909407665505,0.20209059233449478,0.47735191637630664,1
65,110,315,7817.0,7889.0,10776.5,319,0.07681724825817356,0.07752478847495603,0.1059000992521693,1.8501775147928994,0.6519834710743801,0.10860670194003527,38,28,96,0.4231974921630094,0.22884012539184953,0.3322884012539185,1
64,84,451,6969.0,6239.25,7692.75,275,0.09215206611570248,0.08250247933884297,0.10172231404958677,1.701416015625,0.8842474489795918,0.03782061051813904,48,33,83,0.29818181818181816,0.23636363636363636,0.5454545454545454,1
82,88,307,6412.5,7080.25,8467.25,271,0.08731498754101932,0.0964073201617625,0.11529322857804224,0.9536734086853064,0.9142884814049587,0.08983914948699721,37,21,95,0.4870848708487085,0.15129151291512916,0.5756457564575646,1
93,89,195,5505.25,6407.75,6410.25,279,0.07072429696432471,0.08231844400765663,0.0823505607584692,0.6365186726789224,0.8089572023734377,0.16857988165680474,22,32,71,0.15053763440860216,0.3942652329749104,0.40860215053763443,1
76,90,430,6488.75,6839.5,4905.25,287,0.07877660284815889,0.08303487962704416,0.05955213733322002,1.123398545706371,0.8443827160493828,0.02652920497566252,31,18,65,0.18118466898954705,0.1254355400696864,0.27177700348432055,1
100,133,218,5598.5,8178.0,10436.5,303,0.060979860362273854,0.08907623435610888,0.11367621910705922,0.55985,0.46232121657527275,0.21960483124316135,29,24,104,0.31683168316831684,0.13861386138613863,0.5478547854785478,1
63,86,360,7526.5,8568.5,11839.25,247,0.12336704420659247,0.1404464915012539,0.19405743414906,1.8963214915595867,1.1585316387236344,0.09135223765432099,26,39,107,0.291497975708502,0.5384615384615384,0.6072874493927125,1
64,87,219,5744.0,6864.0,8081.5,323,0.05505659979487966,0.06579186994987012,0.07746168371210306,1.40234375,0.9068569163694015,0.16850149079460394,28,25,85,0.3498452012383901,0.17027863777089783,0.4148606811145511,1
63,87,155,12757.0,11742.0,19442.5,303,0.13895151891426766,0.12789595791262295,0.21177117711771176,3.2141597379692617,1.5513277843836701,0.809261186264308,45,42,144,0.3927392739273927,0.32673267326732675,0.7425742574257426,1
93,70,332,10589.0,12751.0,17545.0,279,0.13603370974165285,0.16380827584434937,0.22539535720250253,1.2243033876748757,2.6022448979591837,0.15917586006677312,50,47,136,0.43010752688172044,0.3978494623655914,0.5125448028673835,1
66,86,220,11837.75,12145.25,16946.0,367,0.08788950842310805,0.0901725456421831,0.12581576817705975,2.717573461891644,1.6421376419686318,0.35012396694214876,53,38,124,0.4114441416893733,0.37329700272479566,0.5013623978201635,1
70,86,209,13345.5,15261.0,23671.75,343,0.11343487832450765,0.12971635968006529,0.201206555091841,2.7235714285714288,2.063412655489454,0.5419232618300863,50,52,157,0.5014577259475219,0.282798833819242,0.5422740524781341,1
63,86,371,14379.5,13956.0,17561.0,351,0.1167157734109301,0.11327830131248935,0.14253942743971235,3.622952884857647,1.8869659275283936,0.12758553047420462,54,51,133,0.4074074074074074,0.5071225071225072,0.5071225071225072,1
63,81,217,10755.5,9877.5,15833.0,367,0.07985433108865608,0.07333561018345967,0.11755228712070027,2.7098765432098766,1.5054869684499315,0.3362356388965576,38,35,127,0.3460490463215259,0.25340599455040874,0.4032697547683924,1
93,94,237,11762.25,11613.25,15229.75,375,0.08364266666666667,0.08258311111111111,0.10830044444444445,1.3599549080818591,1.3143107741059303,0.27114155495023945,40,40,127,0.384,0.3626666666666667,0.408,1
63,84,173,9891.5,11819.0,15282.0,327,0.09250530725995754,0.11053128711574971,0.1429172628566619,2.4921894683799444,1.6750283446712018,0.5106084399746066,46,46,126,0.3333333333333333,0.4740061162079511,0.4801223241590214,1
66,86,232,9814.5,10903.5,15309.5,383,0.06690685736490125,0.07433072691203839,0.10436706228824247,2.253099173553719,1.474242833964305,0.2844363109393579,46,42,126,0.12010443864229765,0.2558746736292428,0.4960835509138381,1
63,84,200,6097.5,7770.0,11823.0,279,0.07833275523181871,0.09981886152541719,0.1518865379427294,1.536281179138322,1.1011904761904763,0.295575,32,29,101,0.5125448028673835,0.35842293906810035,0.4982078853046595,1
74,72,161,8105.5,8931.25,11546.0,327,0.07580263539357891,0.0835250493317996,0.10797819113617448,1.4801862673484296,1.7228491512345678,0.4454303460514641,33,30,101,0.345565749235474,0.22324159021406728,0.3394495412844037,1
93,89,220,7393.0,8638.5,12640.0,287,0.08975464070220593,0.10487562068253833,0.153455790406585,0.8547808995259567,1.090581997222573,0.2611570247933884,38,35,106,0.47038327526132406,0.23693379790940766,0.46689895470383275,1
63,79,228,6440.25,7539.0,8664.75,251,0.10222456786400216,0.11966476722591705,0.13753353121379025,1.6226379440665155,1.2079794904662715,0.16668109418282548,39,37,85,0.35856573705179284,0.4302788844621514,0.6334661354581673,1
66,84,364,5830.5,8164.5,11387.5,287,0.07078512547196154,0.09912102854229139,0.1382498269980211,1.3384986225895317,1.1571003401360545,0.08594599082236445,31,31,95,0.3310104529616725,0.33797909407665505,0.3832752613240418,1
63,86,179,6564.5,9683.0,11757.5,255,0.10095347943098808,0.1489119569396386,0.1808150711264898,1.6539430587049635,1.3092212006489994,0.36695171811117006,30,41,106,0.34509803921568627,0.4980392156862745,0.6078431372549019,1
85,109,359,7092.75,8440.25,9393.25,247,0.11625743742726483,0.13834434263797143,0.15396498877214837,0.9816955017301038,0.7103989563168084,0.07288312474297996,42,35,100,0.2874493927125506,0.46153846153846156,0.5748987854251012,1
64,51,182,9034.0,10208.75,19554.5,279,0.1160570907362444,0.1311487519430634,0.2512108015056333,2.20556640625,3.9249327181853135,0.5903423499577346,51,50,141,0.6738351254480287,0.5949820788530465,0.7455197132616488,1
93,79,250,9521.0,12004.75,23171.75,339,0.08284821747113234,0.10446089052479529,0.20163199067185283,1.1008209041507688,1.9235298830315655,0.370748,60,54,151,0.528023598820059,0.2920353982300885,0.5811209439528023,1
63,67,287,10453.0,14607.5,25878.5,327,0.09775645521794836,0.1366093389071253,0.24201573006387417,2.63366087175611,3.2540654934283806,0.31417766392696284,60,60,153,0.42507645259938837,0.1834862385321101,0.5718654434250765,1
66,69,251,9067.0,11347.0,23076.0,307,0.09620261222930747,0.12039385033262952,0.24484079406678055,2.0814967860422406,2.383322831337954,0.36627990031904256,56,54,148,0.5244299674267101,0.18892508143322476,0.6188925081433225,1
62,79,137,9764.5,11378.0,25531.5,351,0.0792566618777445,0.09235314648420062,0.20723451920033117,2.5401925078043703,1.8231052715910911,1.3603015610847675,53,53,158,0.5299145299145299,0.4074074074074074,0.5527065527065527,1
63,87,230,7711.0,8698.0,20066.0,311,0.07972415504388912,0.08992876417737616,0.20746270199853187,1.9428067523305619,1.149161051658079,0.3793194706994329,43,43,146,0.48231511254019294,0.5016077170418006,0.6495176848874598,1
97,89,208,8184.5,8916.5,12674.0,295,0.09404768744613617,0.1024590634875036,0.14563631140476874,0.8698586459772558,1.1256785759373817,0.29294563609467456,41,38,110,0.4745762711864407,0.4745762711864407,0.4745762711864407,1
63,86,290,7723.5,8061.5,12541.0,243,0.13079815068841133,0.13652221036766077,0.21238293620552423,1.9459561602418745,1.0899810708491076,0.14912009512485136,40,29,105,0.35802469135802467,0.2880658436213992,0.7160493827160493,1
90,108,160,7593.5,7784.0,9242.5,311,0.0785093206232359,0.08047890323714602,0.09555835857776492,0.9374691358024692,0.6673525377229081,0.36103515625,34,31,89,0.4340836012861736,0.09967845659163987,0.38263665594855306,1
119,86,296,9793.0,8896.5,12056.5,287,0.1188918160958613,0.10800786703735629,0.14637181463900253,0.6915472071181413,1.202879935100054,0.1376061449963477,42,46,98,0.3797909407665505,0.3832752613240418,0.7003484320557491,1
67,71,236,7503.0,7873.0,8250.0,299,0.08392523573561816,0.08806389190277514,0.09228084697039184,1.6714190242815772,1.5617932949811546,0.1481255386383223,31,31,82,0.3010033444816054,0.10367892976588629,0.46488294314381273,1
70,82,234,10020.0,10103.5,17009.0,287,0.12164770726851121,0.12266143816241547,0.20649759011278515,2.0448979591836736,1.5026026174895895,0.3106326247351888,42,36,126,0.39372822299651566,0.41114982578397213,0.5052264808362369,1
63,86,297,8560.75,10063.75,17523.25,255,0.13165321030372934,0.1547673971549404,0.26948481353325643,2.1569035021415974,1.3607017306652245,0.19865603283111702,55,49,131,0.6745098039215687,0.5686274509803921,0.6588235294117647,1
66,69,303,9548.0,10587.0,15873.5,327,0.08929289528565684,0.09900962320792302,0.14844897081240824,2.191919191919192,2.2236925015752993,0.172896992669564,44,39,121,0.4740061162079511,0.42507645259938837,0.5504587155963303,1
64,75,250,8319.5,12203.0,16389.5,383,0.05671522745400132,0.08318960521920525,0.11172957754160162,2.0311279296875,2.1694222222222224,0.262232,48,50,129,0.195822454308094,0.1906005221932115,0.3577023498694517,1
93,87,242,7703.5,8580.5,17655.0,287,0.0935242627687601,0.10417147227719166,0.2143403464895774,0.8906810035842294,1.1336372043863125,0.3014650638617581,49,46,138,0.4250871080139373,0.3867595818815331,0.686411149825784,1
63,60,252,8738.25,9854.25,17222.75,295,0.10041080149382361,0.11323470267164608,0.19790577420281527,2.2016250944822375,2.7372916666666667,0.2712073255228017,56,53,130,0.4745762711864407,0.33220338983050846,0.5661016949152542,1
85,97,338,7661.0,9869.5,11428.5,259,0.11420521459131498,0.14712809886555062,0.1703686587856472,1.0603460207612456,1.0489425018599214,0.10003588809915619,30,1,101,0.11583011583011583,0.003861003861003861,0.4015444015444015,1
70,71,341,8545.0,10824.25,17052.75,299,0.09558058634690887,0.12107526761445621,0.1907445106877999,1.743877551020408,2.1472426105931364,0.14665121558982122,46,42,133,0.3712374581939799,0.15384615384615385,0.5886287625418061,1
66,87,278,7352.5,7780.5,10807.5,307,0.07801143778713833,0.0825526000275865,0.1146696516673917,1.6879017447199265,1.0279429250891796,0.13984136431861705,37,35,104,0.247557003257329,0.31921824104234525,0.46254071661237783,1
97,83,278,6381.0,7312.0,13178.75,271,0.08688607181274764,0.09956291444833268,0.17944676679239116,0.678180465511744,1.0614022354478154,0.17052365302003003,39,38,110,0.44649446494464945,0.5276752767527675,0.4059040590405904,1
63,56,329,8278.25,9562.75,13472.5,311,0.08558896206614902,0.09886942856256656,0.1392923977212808,2.085726883345931,3.049346301020408,0.1244676231742131,47,43,118,0.3408360128617363,0.3408360128617363,0.4855305466237942,1
63,75,346,7058.0,9665.5,11993.0,287,0.08568757663684153,0.11734390365307336,0.1456008935400454,1.778281683043588,1.7183111111111111,0.10017875639012329,37,36,114,0.49477351916376305,0.4529616724738676,0.5470383275261324,1
84,70,365,11147.0,12077.0,13988.5,291,0.13163519561649012,0.1426175883610255,0.16519053860960545,1.5797902494331066,2.4646938775510203,0.10499906173766185,50,44,119,0.5223367697594502,0.3642611683848797,0.6804123711340206,1
65,72,203,12287.0,11347.5,18954.0,347,0.10204386715278758,0.0942412942554128,0.15741348238088515,2.9081656804733726,2.188946759259259,0.45994806959644735,58,39,127,0.4899135446685879,0.2824207492795389,0.4755043227665706,1
97,89,356,6724.75,8793.75,11036.0,247,0.11022554049402547,0.14413856971922176,0.18089134390008033,0.7147146349240089,1.1101817952278752,0.08707865168539326,30,31,106,0.22267206477732793,0.2631578947368421,0.4534412955465587,1
63,57,271,8004.5,8627.75,11758.0,259,0.11932588959615986,0.12861689599141338,0.1752806308790865,2.0167548500881836,2.655509387503847,0.16010130581010606,43,44,111,0.416988416988417,0.5714285714285714,0.525096525096525,1
70,75,378,8931.5,10951.5,14874.0,319,0.08776938119711875,0.1076198150568489,0.14616601645031005,1.8227551020408164,1.9469333333333334,0.1040984294952549,47,43,122,0.5015673981191222,0.2884012539184953,0.45141065830721006,1
63,87,332,7169.5,9681.5,11983.0,359,0.05562883590288716,0.07511968404962717,0.09297724257260574,1.806374401612497,1.2790989562689918,0.10871498040354188,37,35,109,0.24233983286908078,0.35097493036211697,0.40947075208913647,1
85,94,345,8614.25,9395.75,12415.75,259,0.12841564675541509,0.14006574141709277,0.18508594087744668,1.1922837370242214,1.0633488003621547,0.10431211930266751,43,43,114,0.305019305019305,0.583011583011583,0.5907335907335908,1
66,87,285,8061.75,11001.25,17004.5,319,0.07922239364786117,0.10810870569275066,0.16710232800385216,1.8507231404958677,1.4534614876469811,0.20935056940597108,47,47,128,0.3448275862068966,0.45768025078369906,0.5736677115987461,1
97,80,502,8455.0,10556.0,15569.5,307,0.0897091746331526,0.11200118834152087,0.16519538668845293,0.8986077160165798,1.649375,0.06178274948016698,45,44,122,0.36156351791530944,0.40390879478827363,0.5407166123778502,1
63,84,884,7973.5,11127.0,17407.5,343,0.06777363173507638,0.09457793946399884,0.14796130863840748,2.008944318468128,1.5769557823129252,0.022275726336479597,49,46,134,0.2653061224489796,0.37317784256559766,0.47230320699708456,1
63,74,191,8122.5,10881.0,16862.5,375,0.05776,0.077376,0.11991111111111111,2.046485260770975,1.9870343316289263,0.46222691263945614,36,36,123,0.3893333333333333,0.304,0.43466666666666665,1
89,125,328,6778.5,9846.75,14470.75,323,0.06497234709428826,0.09438171553451102,0.1387030451744002,0.855763161217018,0.630192,0.1345065251338489,45,42,119,0.34674922600619196,0.30030959752321984,0.3715170278637771,1
87,114,286,6871.75,9278.25,11697.25,343,0.058408911252964324,0.07886382374690817,0.09942498448775595,0.9078808297000924,0.7139312096029548,0.14300515917648784,27,37,108,0.22157434402332363,0.18075801749271136,0.33819241982507287,1
93,89,454,8410.5,7977.0,14154.75,287,0.10210758902014107,0.09684468671466206,0.17184559725139312,0.9724245577523413,1.0070698144173715,0.06867370800908226,46,30,121,0.32752613240418116,0.33797909407665505,0.6097560975609756,1
98,113,493,6518.5,9500.5,11215.0,295,0.07490376328641195,0.10916977879919564,0.12887101407641482,0.6787276134943774,0.7440285065392748,0.04614295882723237,30,35,104,0.34915254237288135,0.11864406779661017,0.49491525423728816,1
66,87,359,7376.5,8642.0,12537.0,299,0.08251026274873882,0.09666558539613651,0.14023333072337,1.6934113865932048,1.1417624521072798,0.0972757815349043,44,43,108,0.5284280936454849,0.35785953177257523,0.5284280936454849,1
64,87,214,8998.5,10311.5,17335.5,307,0.09547581406699275,0.1094069963607041,0.18393298602637695,2.1968994140625,1.3623332012154843,0.37853742684950653,49,46,128,0.501628664495114,0.3550488599348534,0.4820846905537459,1
82,86,254,7108.0,8132.0,13161.5,335,0.06333704611271998,0.07246157273334819,0.11727779015370907,1.0571088637715647,1.0995132504056246,0.204003658007316,17,30,116,0.050746268656716415,0.21791044776119403,0.4925373134328358,1
103,98,488,7272.0,8353.0,13644.5,295,0.08356219477161735,0.09598391266877335,0.1567882792301063,0.6854557451220662,0.8697417742607247,0.05729516595001344,42,41,108,0.39322033898305087,0.43389830508474575,0.511864406779661,1
93,67,183,5936.0,7575.5,7395.0,295,0.06821028440103419,0.0870496983625395,0.0849755817293881,0.6863221181639496,1.6875696146134997,0.22081877631461078,38,25,82,0.36610169491525424,0.2305084745762712,0.34576271186440677,1
