SrcIPF0,DstIPF0,DstPortF0,SrcIPF2,DstIPF2,DstPortF2,Events_F1,SrcIP_BurstIndex,DstIP_BurstIndex,DstPort_BurstIndex,SrcIP_Concentration,DstIP_Concentration,DstPort_Concentration,SrcIP_MaxCount,DstIP_MaxCount,DstPort_MaxCount,SrcIP_FractionOfMass,DstIP_FractionOfMass,DstPort_FractionOfMass,Attack
19,23,25,996.0,437.0,4531.0,85,0.1378546712802768,0.060484429065743944,0.6271280276816609,2.7590027700831024,0.8260869565217391,7.2496,14,12,67,0.49411764705882355,0.4,1.0235294117647058,1
14,20,17,336.0,461.0,3706.0,99,0.034282216100397916,0.04703601673298643,0.3781246811549842,1.7142857142857142,1.1525,12.823529411764707,12,0,65,0.30303030303030304,0.0,0.8484848484848485,1
14,20,35,19141.0,19974.0,129547.0,455,0.0924574326772129,0.09648110131626615,0.6257553435575414,97.65816326530613,49.935,105.75265306122449,72,66,299,0.545054945054945,0.43736263736263736,1.0153846153846153,0
13,19,231,38239.0,43929.0,216456.0,991,0.03893670685004597,0.044730526300783745,0.22040544517203775,226.2662721893491,121.68698060941828,4.056445718783381,98,98,425,0.25731584258324924,0.272452068617558,0.6326942482341069,0
13,20,76,9353.0,13106.5,32095.0,447,0.04680970326661962,0.06559514336191062,0.16062840012211663,55.34319526627219,32.76625,5.556613573407202,58,70,158,0.13646532438478748,0.15883668903803133,0.6465324384787472,0
19,17,70,3830.0,4998.0,3452.0,215,0.08285559762033531,0.10812330989724175,0.07467820443482964,10.609418282548477,17.294117647058822,0.7044897959183674,33,39,50,0.4697674418604651,0.5813953488372093,0.28837209302325584,0
14,18,151,3662.5,5124.5,3114.0,271,0.04986996364428589,0.06977709998502199,0.04240138342342833,18.68622448979592,15.816358024691358,0.13657295732643304,39,45,49,0.5239852398523985,0.43911439114391143,0.25830258302583026,0
13,16,89,6638.5,3773.0,5986.5,279,0.08528282010765535,0.048470600326306186,0.07690677149574132,39.281065088757394,14.73828125,0.7557757858856206,40,34,43,0.3906810035842294,0.22939068100358423,0.15770609318996415,0
14,21,99,2869.5,4840.0,4202.5,223,0.057702748899032756,0.09732751513201553,0.08450803354179653,14.64030612244898,10.975056689342404,0.42878277726762576,35,30,48,0.5067264573991032,0.21973094170403587,0.4618834080717489,1
13,21,69,3025.5,3550.5,4919.5,259,0.04510218988983468,0.052928549067545204,0.07333671233285133,17.902366863905325,8.051020408163266,1.0332913253518168,36,39,47,0.39768339768339767,0.3436293436293436,0.47876447876447875,0
12,18,101,3739.0,4109.0,4055.0,239,0.06545753750809685,0.07193501514329231,0.07098965354248,25.96527777777778,12.682098765432098,0.3975100480345064,40,38,48,0.41841004184100417,0.5313807531380753,0.2301255230125523,0
19,23,129,3128.0,3357.0,3684.0,231,0.05861959108712356,0.06291111485916681,0.0690391859223028,8.664819944598339,6.34593572778828,0.2213809266270056,48,36,33,0.5757575757575758,0.5974025974025974,0.341991341991342,0
14,20,126,2449.5,4465.5,2930.5,267,0.0343601397129992,0.06263939738248538,0.04110732371053038,12.497448979591837,11.16375,0.18458679768203579,36,35,20,0.48314606741573035,0.34831460674157305,0.19101123595505617,0
13,23,85,3481.5,4893.0,3419.5,271,0.04740540025326453,0.06662490979153333,0.04656118516904726,20.600591715976332,9.24952741020794,0.47328719723183393,39,28,25,0.34317343173431736,0.28044280442804426,0.09225092250922509,0
14,21,130,3634.0,4351.5,6595.5,239,0.06361933439540625,0.07618038899879204,0.11546541552143695,18.540816326530614,9.86734693877551,0.3902662721893491,19,19,46,0.14644351464435146,0.21338912133891214,0.3682008368200837,0
13,21,83,4310.0,6576.0,10423.5,239,0.07545386110187147,0.11512403494336584,0.18248104900124298,25.502958579881657,14.91156462585034,1.5130643054144288,49,15,70,0.5774058577405857,0.08786610878661087,0.6359832635983264,0
19,21,79,3343.0,3131.5,3293.5,215,0.07232017306652244,0.06774472687939427,0.0712493239588967,9.260387811634349,7.100907029478458,0.5277199166800193,40,31,37,0.4558139534883721,0.3953488372093023,0.17209302325581396,1
13,20,87,4186.5,4255.0,3499.5,271,0.05700494274315437,0.05793766424749118,0.04765049495513405,24.772189349112427,10.6375,0.46234641300039636,43,34,46,0.39114391143911437,0.4095940959409594,0.3173431734317343,0
13,19,96,5540.0,3766.0,3122.0,223,0.11140380864284422,0.07573045908825836,0.06278026905829596,32.781065088757394,10.43213296398892,0.3387586805555556,38,33,43,0.42152466367713004,0.4618834080717489,0.3452914798206278,0
14,22,132,3550.0,3340.0,4508.0,199,0.08964420090401758,0.08434130451251232,0.11383550920431303,18.112244897959183,6.900826446280992,0.25872359963269054,38,29,48,0.4120603015075377,0.5979899497487438,0.507537688442211,1
14,20,83,2741.0,4936.0,3344.0,267,0.03844912959923691,0.06923929357965465,0.04690765756287786,13.98469387755102,12.34,0.4854115256205545,42,40,32,0.40823970037453183,0.3782771535580524,0.31835205992509363,0
19,22,107,4510.0,3629.0,4725.0,227,0.08752353043917017,0.07042636185448971,0.09169593820955191,12.493074792243767,7.49793388429752,0.4126997991090925,30,25,44,0.4052863436123348,0.29515418502202645,0.3436123348017621,1
13,20,121,5375.0,5487.5,6869.5,247,0.08810175547869986,0.0899457457096494,0.1125981412578472,31.80473372781065,13.71875,0.4691960931630353,42,31,49,0.3805668016194332,0.3805668016194332,0.38461538461538464,1
14,24,91,3410.5,2765.5,6665.5,255,0.052449058054594384,0.04252979623221838,0.10250672818146866,17.400510204081634,4.801215277777778,0.8049148653544258,21,28,37,0.08235294117647059,0.18823529411764706,0.38823529411764707,1
13,21,101,6316.0,3955.0,5311.0,243,0.10696201459804569,0.06697827228234178,0.08994225135057325,37.37278106508876,8.968253968253968,0.5206352318400157,52,28,46,0.2139917695473251,0.3950617283950617,0.3497942386831276,1
14,21,77,1927.0,2892.0,3251.0,239,0.03373540379195042,0.05062936573239264,0.05691426970816337,9.831632653061224,6.557823129251701,0.5483218080620678,32,29,32,0.2217573221757322,0.2217573221757322,0.19665271966527198,1
14,22,80,4847.0,2421.0,7367.0,299,0.05421639578975627,0.0270802340018568,0.08240399995525777,24.729591836734695,5.00206611570248,1.15109375,29,35,44,0.3779264214046823,0.33444816053511706,0.24749163879598662,1
19,21,83,3668.5,3676.0,4554.5,223,0.07376983249210722,0.07392064992258039,0.09158639827867039,10.162049861495845,8.335600907029479,0.6611264334446219,30,24,34,0.4798206278026906,0.2914798206278027,0.15246636771300448,1
14,20,78,3176.0,2746.0,4649.0,227,0.06163519571503425,0.0532903801742708,0.09022104057909139,16.20408163265306,6.865,0.7641354372123603,32,36,46,0.4008810572687225,0.5638766519823789,0.5022026431718062,0
12,20,73,5229.0,3728.5,3493.5,235,0.09468537799909461,0.06751471253961068,0.06325939339067452,36.3125,9.32125,0.655563895665228,44,40,39,0.49361702127659574,0.48936170212765956,0.43829787234042555,0
13,18,108,3176.0,4375.5,2684.0,243,0.05378583887957459,0.07409947670578672,0.04545377567782689,18.792899408284022,13.50462962962963,0.23010973936899862,29,35,0,0.46502057613168724,0.46502057613168724,0.0,0
14,21,92,3334.0,5826.5,5375.0,263,0.04820078358802354,0.08423571253017971,0.07770822189130969,17.010204081632654,13.212018140589569,0.6350425330812854,40,31,36,0.34600760456273766,0.3269961977186312,0.39543726235741444,1
19,20,85,1004.0,3736.5,4286.0,243,0.01700282815966401,0.06327795559619977,0.0725837863469322,2.781163434903047,9.34125,0.5932179930795848,34,26,36,0.4444444444444444,0.4897119341563786,0.3292181069958848,1
14,21,83,2520.0,4792.0,5682.0,267,0.03534907208685772,0.06721934660326277,0.07970374111012919,12.857142857142858,10.866213151927438,0.8247931484976049,44,26,30,0.41947565543071164,0.27340823970037453,0.12734082397003746,1
13,19,72,1818.0,5352.0,6934.5,227,0.03528110384443711,0.10386384366085118,0.1345747055056376,10.757396449704142,14.825484764542937,1.3376736111111112,28,34,47,0.44493392070484583,0.4581497797356828,0.28634361233480177,1
13,21,76,3907.0,4294.0,5805.0,219,0.08146202122557912,0.08953107733366694,0.12103584162131732,23.118343195266274,9.736961451247165,1.0050207756232687,26,27,48,0.4703196347031963,0.1735159817351598,0.4474885844748858,1
14,24,67,2007.0,3624.5,6206.0,243,0.03398872123151959,0.061381225761655576,0.10509915493911835,10.239795918367347,6.292534722222222,1.382490532412564,28,25,41,0.3868312757201646,0.37037037037037035,0.411522633744856,1
14,22,56,4267.0,4374.5,5939.0,239,0.07470107316048388,0.07658304301395284,0.10397226939304284,21.770408163265305,9.038223140495868,1.893813775510204,40,28,41,0.502092050209205,0.401673640167364,0.41422594142259417,1
19,23,77,2997.0,4967.0,6802.0,267,0.042040146446155786,0.06967414327596123,0.0954144398153993,8.301939058171746,9.389413988657845,1.1472423680215889,41,28,28,0.22846441947565543,0.4794007490636704,0.33707865168539325,1
14,20,74,4120.0,3990.0,4279.0,219,0.08590312962615458,0.08319259398261088,0.08921832322095036,21.020408163265305,9.975,0.7814097881665449,27,31,43,0.3059360730593607,0.2831050228310502,0.1963470319634703,1
13,20,106,1847.0,4096.0,6807.0,259,0.027533876954726377,0.06106050893695681,0.10147433699557251,10.928994082840237,10.24,0.6058205767176932,42,33,46,0.33204633204633205,0.28957528957528955,0.25868725868725867,1
13,22,85,4015.0,4785.0,7428.5,243,0.0679943775508476,0.08103439516333892,0.12580229978492438,23.757396449704142,9.886363636363637,1.028166089965398,31,36,46,0.448559670781893,0.4156378600823045,0.2962962962962963,1
14,19,88,1512.0,4171.0,4503.0,227,0.02934270022705661,0.0809447107454055,0.08738768460478566,7.714285714285714,11.554016620498615,0.5814824380165289,38,25,35,0.3964757709251101,0.22026431718061673,0.3656387665198238,1
19,23,94,2308.0,3767.5,3757.5,255,0.035494040753556326,0.05793925413302576,0.05778546712802768,6.393351800554017,7.121928166351607,0.4252489814395654,22,0,30,0.30196078431372547,0.0,0.2823529411764706,1
14,26,68,4460.0,4874.0,6950.0,271,0.060729020574338585,0.06636619871733773,0.09463378766628995,22.755102040816325,7.210059171597633,1.5030276816608996,29,33,42,0.28044280442804426,0.2915129151291513,0.33210332103321033,1
13,20,88,5915.5,5292.5,7774.0,263,0.08552241611126371,0.07651549104367564,0.11239138920614726,35.00295857988166,13.23125,1.0038739669421488,47,22,28,0.376425855513308,0.1520912547528517,0.20532319391634982,1
13,21,84,6409.0,3065.0,7487.0,279,0.0823345023830629,0.039375136496190954,0.09618324533343611,37.92307692307692,6.950113378684807,1.0610827664399094,32,39,43,0.4121863799283154,0.3118279569892473,0.37992831541218636,1
14,20,67,5588.0,3805.0,6182.0,327,0.05225897558192819,0.03558435971532512,0.05781406353748749,28.510204081632654,9.5125,1.3771441300957896,30,32,44,0.39755351681957185,0.327217125382263,0.3516819571865443,1
14,20,67,4992.5,6911.5,10424.5,311,0.05161753910732933,0.07145811147527424,0.10777907589871899,25.471938775510203,17.27875,2.3222321229672533,45,51,68,0.3054662379421222,0.4855305466237942,0.5176848874598071,1
19,22,66,2979.0,5579.0,12944.0,351,0.0241799985389729,0.04528372334640141,0.10506408227205948,8.25207756232687,11.526859504132231,2.9715335169880626,50,13,68,0.26495726495726496,0.037037037037037035,0.396011396011396,1
14,23,85,5646.5,6362.5,4432.0,315,0.05690602166792643,0.06412194507432603,0.044666162761400854,28.808673469387756,12.027410207939509,0.6134256055363322,43,39,39,0.473015873015873,0.4380952380952381,0.3333333333333333,1
13,23,87,2829.5,4547.0,9929.0,287,0.03435151574014496,0.05520280688122959,0.12054292270150178,16.742603550295858,8.59546313799622,1.3117981239265424,33,31,48,0.21254355400696864,0.28222996515679444,0.5505226480836237,1
13,22,73,7866.0,5349.0,10572.0,335,0.07009133437291157,0.04766317665404322,0.09420360882156383,46.544378698224854,11.051652892561984,1.9838618877838243,77,45,67,0.5194029850746269,0.2537313432835821,0.35522388059701493,1
15,25,56,2685.0,6688.0,12960.0,267,0.037663594663973406,0.09381531512575572,0.18179522787526828,11.933333333333334,10.7008,4.13265306122449,44,38,60,0.5355805243445693,0.3707865168539326,0.651685393258427,1
20,26,72,5303.0,7483.0,12410.0,319,0.05211230235551931,0.07353504780809937,0.12195241792042139,13.2575,11.069526627218934,2.3939043209876543,61,35,60,0.45141065830721006,0.2507836990595611,0.5266457680250783,1
14,21,107,2463.5,5334.5,6853.5,311,0.02547016676833366,0.055153482697656145,0.07085844852720712,12.568877551020408,12.096371882086167,0.5986112324220456,44,0,41,0.24758842443729903,0.0,0.2797427652733119,1
13,22,75,5246.0,6839.0,14676.0,271,0.07143148922264131,0.09312237033809452,0.19983388025762178,31.041420118343197,14.130165289256198,2.6090666666666666,48,19,66,0.44280442804428044,0.07011070110701106,0.5166051660516605,1
13,21,141,11059.0,6468.0,13582.0,295,0.12707842573972997,0.07432347026716461,0.15607009480034473,65.43786982248521,14.666666666666666,0.6831648307429203,44,41,66,0.5050847457627119,0.26440677966101694,0.5796610169491525,1
13,23,71,3306.0,4364.0,16104.0,315,0.03331821617535903,0.04398085159989922,0.16229780801209373,19.562130177514792,8.24952741020794,3.1946042451894465,48,32,61,0.3333333333333333,0.18095238095238095,0.5206349206349207,1
14,23,73,3579.0,4389.0,8054.0,275,0.047325619834710744,0.058036363636363636,0.106499173553719,18.260204081632654,8.296786389413988,1.5113529742916119,42,41,56,0.3890909090909091,0.3927272727272727,0.36727272727272725,1
19,23,85,3226.0,7666.0,14370.0,383,0.021992105747533897,0.052260224011343726,0.09796235573219532,8.936288088642659,14.491493383742911,1.9889273356401385,42,50,72,0.1618798955613577,0.23237597911227154,0.47780678851174935,1
14,21,110,3297.0,5374.0,10841.0,255,0.050703575547866205,0.08264513648596694,0.166720492118416,16.821428571428573,12.1859410430839,0.8959504132231405,46,38,51,0.4588235294117647,0.33725490196078434,0.5725490196078431,1
14,23,67,6113.5,5720.0,11756.0,311,0.06320757643117834,0.059139173499033304,0.12154547616339781,31.191326530612244,10.812854442344046,2.6188460681666297,40,24,58,0.24758842443729903,0.13504823151125403,0.3729903536977492,1
13,21,112,4929.0,3837.0,12232.0,287,0.05984047396471974,0.04658305916060654,0.1485024705896636,29.16568047337278,8.700680272108844,0.9751275510204082,40,44,55,0.46689895470383275,0.3902439024390244,0.5505226480836237,1
14,24,92,4804.5,5413.5,15438.0,379,0.0334479709832151,0.037687707548680394,0.10747627766445514,24.512755102040817,9.3984375,1.8239603024574669,33,44,79,0.29815303430079154,0.2796833773087071,0.30606860158311344,0
19,27,96,7073.0,5826.0,17374.0,359,0.05488008317750483,0.045204490964533176,0.13480652695121856,19.592797783933516,7.991769547325103,1.8851996527777777,48,49,73,0.3871866295264624,0.4986072423398329,0.5181058495821727,1
14,21,119,1873.0,4325.0,8140.0,257,0.028357734409302185,0.06548168783781738,0.12324183560689791,9.556122448979592,9.807256235827664,0.5748181625591413,24,33,46,0.20622568093385213,0.24124513618677043,0.3424124513618677,1
13,20,87,7456.0,4295.0,13838.0,395,0.047787213587566095,0.027527639801313893,0.08869091491748117,44.11834319526627,10.7375,1.828246796142159,71,48,68,0.4759493670886076,0.12151898734177215,0.4708860759493671,0
13,20,78,8370.0,7123.0,14491.0,351,0.06793776024545255,0.057816089155120494,0.11762079853247945,49.52662721893491,17.8075,2.381821170282709,51,44,72,0.29914529914529914,0.3333333333333333,0.23646723646723647,0
13,19,96,2309.0,3543.5,8218.5,267,0.0323892886700613,0.0497061257697541,0.11528426545469848,13.662721893491124,9.81578947368421,0.8917643229166666,46,27,53,0.5767790262172284,0.17228464419475656,0.33707865168539325,0
14,24,77,7821.0,8555.0,12892.5,351,0.06348162758419168,0.06943937143367343,0.10464606618452772,39.9030612244898,14.852430555555555,2.1744813627930513,57,32,65,0.16809116809116809,0.09401709401709402,0.3418803418803419,1
19,20,78,5746.0,7934.0,10791.0,287,0.06975925408830992,0.09632264565552574,0.131008024863723,15.916897506925208,19.835,1.7736686390532543,51,33,57,0.5400696864111498,0.39372822299651566,0.5470383275261324,0
14,21,91,3727.5,4833.5,11818.0,291,0.04401813866156517,0.05707891971044272,0.13955905102679467,19.017857142857142,10.96031746031746,1.4271223282212293,52,47,59,0.5910652920962199,0.4020618556701031,0.4329896907216495,0
13,21,103,3740.0,6505.0,10963.0,335,0.033325907774560036,0.05796391178436177,0.0976876809979951,22.130177514792898,14.750566893424036,1.033367895183335,45,31,61,0.4537313432835821,0.16119402985074627,0.48656716417910445,0
16,19,114,4532.0,10656.5,17072.0,239,0.07934034768298874,0.18656010924178498,0.2988743194271809,17.703125,29.519390581717452,1.3136349646044936,57,53,67,0.602510460251046,0.702928870292887,0.7740585774058577,1
13,17,87,3920.0,5404.0,16096.0,263,0.056672786942127254,0.07812748485593257,0.2327054027093062,23.19526627218935,18.698961937716263,2.126568899458317,52,37,72,0.6007604562737643,0.3269961977186312,0.6844106463878327,0
21,22,103,5451.5,10847.5,9950.0,303,0.059378710148242544,0.11815290439935082,0.10837717435109848,12.361678004535147,22.412190082644628,0.9378829295880856,45,43,60,0.4884488448844885,0.5115511551155115,0.45874587458745875,0
14,20,79,6861.5,6930.5,14696.5,383,0.046775831861966474,0.047246214780931085,0.10018815316758585,35.00765306122449,17.32625,2.3548309565774717,46,38,60,0.3733681462140992,0.3785900783289817,0.38642297650130547,0
13,20,97,6020.0,7768.0,13670.0,303,0.06557091352699626,0.08461044124214402,0.14889607772658453,35.62130177514793,19.42,1.4528642788819215,35,37,61,0.4389438943894389,0.29372937293729373,0.36303630363036304,1
14,20,84,12464.0,5772.0,15905.0,351,0.10116800999991883,0.0468502690724913,0.1290979781008271,63.59183673469388,14.43,2.254109977324263,49,34,62,0.36182336182336183,0.245014245014245,0.42165242165242167,1
13,21,91,6030.5,6365.0,12430.0,323,0.057802720240776775,0.061008923693316335,0.11914232859511736,35.68343195266272,14.433106575963718,1.5010264460813911,44,44,54,0.47987616099071206,0.3931888544891641,0.24458204334365324,1
21,23,84,11035.0,8323.0,13776.0,295,0.12680264291870152,0.09563918414248779,0.1582993392703246,25.02267573696145,15.733459357277884,1.9523809523809523,52,34,78,0.5389830508474577,0.30847457627118646,0.46779661016949153,1
14,19,80,3407.0,6827.0,12178.0,303,0.03710965155921533,0.07436090143667833,0.13264494766308313,17.382653061224488,18.911357340720222,1.9028125,36,39,49,0.30033003300330036,0.2706270627062706,0.5214521452145214,1
14,15,112,3910.0,6776.5,7431.0,267,0.054847171372862574,0.09505674087166323,0.10423768042755545,19.948979591836736,30.11777777777778,0.5923947704081632,37,35,48,0.41947565543071164,0.449438202247191,0.36704119850187267,1
13,19,106,2742.0,4248.0,4931.5,235,0.04965142598460842,0.07692168401991852,0.08929832503395202,16.224852071005916,11.767313019390581,0.43890174439302243,35,36,42,0.4127659574468085,0.3276595744680851,0.4595744680851064,1
13,19,72,4793.0,4659.0,5030.0,263,0.06929404791163672,0.06735676386820685,0.07272043834665819,28.36094674556213,12.905817174515235,0.9702932098765432,38,43,57,0.25475285171102663,0.3916349809885932,0.3650190114068441,1
12,21,72,2330.0,3994.0,4108.0,311,0.024089908086144685,0.04129403128586346,0.042472679149305734,16.180555555555557,9.056689342403628,0.7924382716049383,35,33,55,0.4180064308681672,0.4662379421221865,0.2990353697749196,0
21,19,80,2748.0,4696.0,4761.0,247,0.0450425347079939,0.07697224999590224,0.07803766657378419,6.2312925170068025,13.00831024930748,0.74390625,37,36,48,0.5708502024291497,0.4251012145748988,0.2550607287449393,1
14,23,104,3773.0,3951.5,3676.5,263,0.05454755743179748,0.057128193265769345,0.05315242377365583,19.25,7.469754253308128,0.33991309171597633,28,19,44,0.44866920152091255,0.1520912547528517,0.39923954372623577,1
13,20,103,5702.0,3308.0,2511.5,267,0.07998428930129473,0.0464026708187799,0.035229839105612365,33.739644970414204,8.27,0.2367329625789424,40,33,14,0.4868913857677903,0.37453183520599254,0.10861423220973783,1
13,24,93,5314.0,5486.0,4586.0,291,0.062753155961786,0.06478430816830222,0.05415618615746153,31.443786982248522,9.524305555555555,0.5302347092149381,11,23,49,0.037800687285223365,0.07903780068728522,0.41580756013745707,1
13,16,85,3073.0,3316.0,4184.0,239,0.05379807776474502,0.05805220496840041,0.07324801736664274,18.183431952662723,12.953125,0.5791003460207612,34,31,40,0.6150627615062761,0.45188284518828453,0.28870292887029286,1
19,23,125,3961.0,4497.0,3736.0,259,0.05904801657697411,0.06703835661364618,0.055693862643669594,10.97229916897507,8.500945179584122,0.239104,37,31,47,0.3938223938223938,0.3552123552123552,0.33976833976833976,1
14,24,87,6900.0,4355.0,4469.0,255,0.1061130334486736,0.06697424067666283,0.06872741253364091,35.204081632653065,7.560763888888889,0.5904346677236094,37,34,54,0.43529411764705883,0.29411764705882354,0.2823529411764706,1
13,20,75,6359.5,5260.0,4885.0,327,0.059474043524207654,0.049191519606467844,0.04568451963452384,37.6301775147929,13.15,0.8684444444444445,25,29,50,0.19571865443425077,0.1834862385321101,0.1926605504587156,1
13,21,90,4281.0,6747.0,3857.0,291,0.05055443369823219,0.07967548800793567,0.04554740732868058,25.331360946745562,15.299319727891156,0.47617283950617284,36,8,51,0.41580756013745707,0.027491408934707903,0.2027491408934708,1
14,21,76,4762.5,4224.0,4688.0,239,0.0833756411827524,0.0739482852190963,0.08207139230755764,24.2984693877551,9.578231292517007,0.8116343490304709,28,31,46,0.4769874476987448,0.5732217573221757,0.19246861924686193,1
13,23,105,2521.0,4297.5,2607.5,221,0.051616469769251244,0.08798959890256138,0.0533875227779939,14.91715976331361,8.123818525519848,0.2365079365079365,28,26,0,0.5248868778280543,0.3574660633484163,0.0,1
21,21,88,4542.0,3042.5,5003.0,223,0.09133503589454846,0.06118160429528042,0.10060528062096563,10.299319727891156,6.899092970521542,0.6460485537190083,33,24,55,0.5426008968609866,0.21076233183856502,0.4260089686098655,0
14,23,156,4057.0,6364.0,3089.0,255,0.06239138792772011,0.09787004998077663,0.04750480584390619,20.698979591836736,12.030245746691872,0.12693129520052596,32,28,40,0.4470588235294118,0.4823529411764706,0.24705882352941178,1
13,21,85,4826.0,5114.0,4472.0,239,0.08448731639852243,0.0895292449361881,0.07828994590430839,28.556213017751478,11.596371882086167,0.618961937716263,31,27,47,0.5271966527196653,0.11297071129707113,0.3682008368200837,1
14,21,114,5604.0,5913.0,4773.0,327,0.05240860758073114,0.055298375557612994,0.04463709564290323,28.591836734693878,13.408163265306122,0.3672668513388735,38,31,46,0.41284403669724773,0.23853211009174313,0.22935779816513763,1
13,15,90,6422.5,4848.5,4239.5,287,0.07797229540239653,0.05886316454005754,0.051469606283917495,38.00295857988166,21.54888888888889,0.5233950617283951,29,45,51,0.22996515679442509,0.2682926829268293,0.28222996515679444,1
19,20,132,5003.0,6714.0,3441.0,263,0.07233009006925067,0.0970666049820006,0.049747719354045886,13.858725761772853,16.785,0.1974862258953168,33,24,40,0.4714828897338403,0.17110266159695817,0.2623574144486692,1
14,21,87,4909.0,8788.0,4072.0,287,0.05959766416977261,0.10669062389976812,0.04943607425123529,25.04591836734694,19.927437641723355,0.5379838816224072,30,27,30,0.21951219512195122,0.2578397212543554,0.1916376306620209,1
14,20,118,7972.0,9929.0,6863.0,375,0.056689777777777776,0.07060622222222222,0.04880355555555556,40.673469387755105,24.8225,0.4928899741453605,56,50,49,0.3973333333333333,0.464,0.13066666666666665,0
13,15,85,15197.5,15913.0,11876.5,383,0.10360354218789411,0.10848120854324456,0.08096380778381473,89.92603550295858,70.72444444444444,1.6438062283737025,64,64,62,0.5378590078328982,0.4046997389033943,0.1618798955613577,0
13,23,114,8230.5,8667.5,6371.5,327,0.07697163538422691,0.08105845935153233,0.05958626752330986,48.701183431952664,16.38468809073724,0.49026623576485073,68,66,66,0.41284403669724773,0.37003058103975534,0.3516819571865443,0
13,20,108,6299.0,7712.0,6551.0,311,0.06512546396335853,0.07973449406023511,0.0677308960825467,37.27218934911242,19.28,0.5616426611796982,39,33,50,0.4212218649517685,0.21221864951768488,0.1607717041800643,1
19,21,92,3914.0,4144.0,6870.0,319,0.038462672340091,0.04072287025481275,0.06751112901799314,10.842105263157896,9.396825396825397,0.8116729678638941,26,24,47,0.21630094043887146,0.13479623824451412,0.2413793103448276,1
14,17,106,5619.0,4982.0,3766.0,279,0.07218560912629592,0.0640022610192572,0.04838067342403104,28.668367346938776,17.238754325259517,0.33517265930936274,41,32,45,0.5304659498207885,0.2007168458781362,0.16129032258064516,1
13,21,105,4395.0,3464.0,3386.0,271,0.05984395637314307,0.04716711373755804,0.04610503669612342,26.005917159763314,7.854875283446712,0.3071201814058957,36,21,34,0.2730627306273063,0.07749077490774908,0.12546125461254612,0
13,20,76,7148.0,5843.0,6318.0,287,0.0867802207141036,0.0709368815938035,0.07670361422379779,42.29585798816568,14.6075,1.0938365650969528,40,27,57,0.3867595818815331,0.32752613240418116,0.2926829268292683,0
14,22,126,3132.0,4128.0,3691.0,303,0.034114302519360845,0.04496291213279744,0.0402030302040105,15.979591836734693,8.52892561983471,0.23248929201310153,32,32,48,0.2508250825082508,0.2871287128712871,0.22442244224422442,0
19,20,96,2629.0,6498.0,4579.0,295,0.030209709853490377,0.07466819879345016,0.05261706406205113,7.282548476454294,16.245,0.4968532986111111,34,28,51,0.4,0.3220338983050847,0.21694915254237288,0
14,21,78,7259.5,5455.0,4601.0,351,0.05892403470751049,0.044277238009431744,0.03734547609191484,37.03826530612245,12.369614512471655,0.7562458908612755,42,40,61,0.36752136752136755,0.2905982905982906,0.24786324786324787,1
13,21,95,4938.0,3169.0,6065.0,247,0.08093887787047813,0.05194315592781393,0.09941156222852367,29.218934911242602,7.185941043083901,0.6720221606648199,35,20,55,0.39271255060728744,0.08097165991902834,0.46963562753036436,0
15,20,94,5414.5,2592.0,7320.5,295,0.062217753519103705,0.02978454467107153,0.08411950588911232,24.064444444444444,6.48,0.8284857401539159,32,24,56,0.423728813559322,0.23728813559322035,0.19322033898305085,1
13,21,75,7942.5,5141.5,5371.0,275,0.10502479338842975,0.06798677685950413,0.07102148760330579,46.99704142011834,11.658730158730158,0.9548444444444445,46,30,48,0.4072727272727273,0.3527272727272727,0.36363636363636365,1
13,20,146,5148.0,4551.0,3911.0,291,0.060792857902008716,0.05374287030148439,0.046185094649331015,30.46153846153846,11.3775,0.18347720022518296,37,33,43,0.48109965635738833,0.47766323024054985,0.23367697594501718,1
19,20,110,4888.0,5005.0,4818.0,287,0.05934271388507813,0.060763151185518824,0.05849287960276318,13.54016620498615,12.5125,0.3981818181818182,44,29,6,0.3240418118466899,0.313588850174216,0.03484320557491289,1
14,22,97,3465.0,3423.0,5390.0,295,0.03981614478598104,0.03933352484918127,0.06193622522263717,17.678571428571427,7.072314049586777,0.5728557763843128,30,32,53,0.29152542372881357,0.10847457627118644,0.17966101694915254,0
13,21,135,4759.0,3885.0,5300.0,263,0.06880249822897541,0.05616677991585826,0.07662392112073328,28.159763313609467,8.80952380952381,0.2908093278463649,29,23,43,0.3688212927756654,0.34220532319391633,0.19011406844106463,0
13,23,96,7740.0,4326.0,7761.0,275,0.10234710743801653,0.05720330578512397,0.10262479338842975,45.798816568047336,8.177693761814744,0.8421223958333334,46,31,58,0.33454545454545453,0.4218181818181818,0.29454545454545455,1
14,24,74,3944.5,4006.5,7680.0,343,0.033527696793002916,0.03405468809764639,0.06527892289777219,20.125,6.955729166666667,1.4024835646457268,31,30,59,0.16034985422740525,0.16326530612244897,0.21574344023323616,0
19,20,106,3020.0,2662.0,3364.0,271,0.04112144442477635,0.03624678313203796,0.04580547650494955,8.365650969529085,6.655,0.2993948024207903,23,26,27,0.11070110701107011,0.18081180811808117,0.15498154981549817,1
14,23,106,4354.0,6599.0,8864.0,311,0.04501607717041801,0.06822716886715398,0.09164504089080965,22.214285714285715,12.474480151228734,0.7888928444286223,61,56,63,0.2604501607717042,0.24115755627009647,0.5916398713826366,1
13,21,107,4626.0,3986.0,5147.0,279,0.059428835703549544,0.051206947495535775,0.06612196657288576,27.37278106508876,9.038548752834467,0.44955891344222204,34,26,0,0.4014336917562724,0.24731182795698925,0.0,1
14,21,87,4361.0,3524.0,7050.0,271,0.05938099971405618,0.04798409607712313,0.09599542489889844,22.25,7.99092970521542,0.9314308363059849,21,19,47,0.16236162361623616,0.07011070110701106,0.35424354243542433,1
13,23,111,4012.0,2667.0,5090.0,263,0.05800286255403432,0.03855773540169729,0.07358787896311932,23.7396449704142,5.041587901701323,0.4131158185212239,28,39,42,0.4714828897338403,0.3840304182509506,0.1634980988593156,1
13,20,96,3871.0,2587.0,5665.0,279,0.0497295769581583,0.033234413740830665,0.0727765573412469,22.90532544378698,6.4675,0.6146918402777778,27,37,47,0.30824372759856633,0.22939068100358423,0.2939068100358423,1
19,20,86,4013.0,4224.0,4823.0,263,0.05801731989764201,0.06106781939886365,0.06972776821986729,11.11634349030471,10.56,0.6521092482422931,31,27,44,0.44866920152091255,0.3726235741444867,0.30798479087452474,1
14,23,136,3686.5,4665.5,6308.5,291,0.04353396865884909,0.05509500360175246,0.07449723078376495,18.808673469387756,8.819470699432893,0.34107374567474047,38,25,42,0.19931271477663232,0.14776632302405499,0.14432989690721648,1
13,20,115,5141.5,3023.5,4416.5,203,0.12476643451673178,0.07336989492586571,0.10717319032250236,30.423076923076923,7.55875,0.3339508506616257,41,41,35,0.7487684729064039,0.4482758620689655,0.32019704433497537,0
13,20,96,2875.0,3145.0,7043.0,247,0.04712419479093249,0.05154977134521136,0.11544198396957826,17.011834319526628,7.8625,0.7642144097222222,44,30,48,0.3076923076923077,0.12550607287449392,0.4534412955465587,0
14,23,136,3390.0,3077.0,5203.0,263,0.04901039483005393,0.04448524628084836,0.07522155879078778,17.29591836734694,5.816635160680529,0.2813040657439446,52,39,48,0.6159695817490495,0.311787072243346,0.3193916349809886,1
19,22,80,3137.5,3088.5,5212.5,255,0.048250672818146864,0.04749711649365629,0.08016147635524798,8.691135734072022,6.381198347107438,0.814453125,36,31,49,0.396078431372549,0.2235294117647059,0.403921568627451,0
13,21,89,1755.0,2984.5,4514.0,215,0.037966468361276366,0.06456462952947539,0.0976527852893456,10.384615384615385,6.767573696145124,0.5698775407145562,26,26,40,0.2186046511627907,0.4325581395348837,0.2372093023255814,0
13,21,136,4055.0,2993.0,2659.0,219,0.08454786180438273,0.0624048706240487,0.055440879047559476,23.994082840236686,6.786848072562358,0.14376081314878894,34,25,36,0.3561643835616438,0.3105022831050228,0.273972602739726,0
13,20,99,1663.0,4046.0,2766.0,179,0.05190225024187759,0.1262757092475266,0.08632689366748852,9.840236686390533,10.115,0.28221610039791856,35,35,40,0.43575418994413406,0.7039106145251397,0.3463687150837989,1
13,20,102,2706.0,3438.0,4077.0,207,0.06315199887978716,0.08023524469649233,0.09514807813484562,16.011834319526628,8.595,0.39186851211072665,31,30,46,0.30434782608695654,0.15942028985507245,0.3188405797101449,0
19,24,86,2807.5,3770.5,4459.5,219,0.05853714476345364,0.07861595879985822,0.0929817977106399,7.7770083102493075,6.546006944444445,0.60296106003245,33,34,51,0.634703196347032,0.5525114155251142,0.365296803652968,0
14,20,85,4072.0,3098.0,3545.5,219,0.08490231646546152,0.06459414941306478,0.07392464710910948,20.775510204081634,7.745,0.4907266435986159,36,25,50,0.54337899543379,0.3926940639269406,0.3561643835616438,0
14,22,108,4643.0,3879.0,4368.0,263,0.06712544637048388,0.056080035854212146,0.06314967687837036,23.68877551020408,8.014462809917354,0.37448559670781895,47,29,43,0.4714828897338403,0.11026615969581749,0.34980988593155893,0
13,21,106,2504.0,5588.0,3001.0,207,0.058437769842936825,0.1304114448411865,0.07003664029498938,14.816568047337277,12.671201814058957,0.2670879316482734,43,30,52,0.5507246376811594,0.41545893719806765,0.42995169082125606,0
13,18,77,3066.0,4029.5,4912.5,239,0.05367553089056564,0.07054323278654086,0.08600164562945327,18.142011834319526,12.436728395061728,0.828554562320796,25,27,50,0.11297071129707113,0.39330543933054396,0.4602510460251046,0
13,20,131,4410.5,3572.5,2640.0,211,0.09906560948765751,0.08024303137845062,0.059297859437119564,26.097633136094675,8.93125,0.15383718897500145,32,29,37,0.5165876777251185,0.5213270142180095,0.3459715639810427,0
21,22,113,2334.0,3516.0,4042.0,243,0.03952649494487629,0.05954376873444089,0.06845162492167522,5.292517006802721,7.264462809917355,0.3165478894196883,31,31,43,0.22633744855967078,0.3333333333333333,0.3004115226337449,0
14,21,68,3051.0,2984.0,6072.0,187,0.08724870599673996,0.08533272326918127,0.1736395092796477,15.566326530612244,6.766439909297052,1.3131487889273357,31,26,54,0.7005347593582888,0.5882352941176471,0.5454545454545454,0
14,19,90,4343.0,3874.0,3831.0,243,0.07354908635201274,0.06560653016985893,0.06487832139409642,22.158163265306122,10.731301939058172,0.472962962962963,37,22,48,0.5432098765432098,0.09053497942386832,0.2674897119341564,0
13,21,74,3252.0,3293.0,3561.0,215,0.07035154137371552,0.07123850730124391,0.07703623580313683,19.242603550295858,7.467120181405896,0.6502921840759679,38,28,44,0.3674418604651163,0.44651162790697674,0.4604651162790698,1
13,19,102,1406.0,3566.5,3441.5,247,0.023045780130800372,0.058458588077168944,0.05640971004278057,8.319526627218934,9.879501385041552,0.3307862360630527,36,30,43,0.5101214574898786,0.4048582995951417,0.3076923076923077,0
19,23,80,3354.0,2636.0,4430.0,227,0.06508956121795494,0.05115565991965689,0.0859710066176328,9.290858725761773,4.982986767485822,0.6921875,33,28,46,0.27312775330396477,0.31277533039647576,0.2775330396475771,0
14,22,84,3422.0,3054.5,5554.0,231,0.0641292329604018,0.057242180618804,0.10408350668090928,17.459183673469386,6.31095041322314,0.7871315192743764,36,28,50,0.36796536796536794,0.329004329004329,0.47619047619047616,0
13,17,112,2089.0,3365.5,2957.0,163,0.07862546576837667,0.12667017953253792,0.11129511837103391,12.36094674556213,11.645328719723183,0.23573022959183673,24,26,37,0.31901840490797545,0.31901840490797545,0.5766871165644172,1
14,23,88,3451.0,1700.0,5466.0,239,0.06041560897043119,0.029761383729276447,0.09569160203777945,17.607142857142858,3.213610586011342,0.7058367768595041,38,37,56,0.2217573221757322,0.3263598326359833,0.4225941422594142,1
14,20,92,3998.5,3700.5,2615.5,251,0.06346724655164204,0.058737162902176156,0.04151521404422152,20.400510204081634,9.25125,0.30901465028355385,37,45,20,0.4262948207171315,0.4262948207171315,0.13545816733067728,0
13,21,77,5186.0,4528.0,4787.0,287,0.06296057982979034,0.05497213757602982,0.058116524420595124,30.68639053254438,10.267573696145124,0.8073874177770282,39,27,47,0.40418118466898956,0.313588850174216,0.40069686411149824,0
19,24,115,4503.5,3588.0,3212.5,235,0.08154821186057039,0.06497057492077864,0.05817111815301041,12.475069252077562,6.229166666666667,0.24291115311909262,40,32,37,0.3404255319148936,0.5659574468085107,0.3659574468085106,0
14,18,99,2338.0,4036.0,3796.0,239,0.040930655975910786,0.07065702631256456,0.06645541919784317,11.928571428571429,12.45679012345679,0.3873074176104479,28,32,50,0.2217573221757322,0.5774058577405857,0.3723849372384937,0
14,23,86,4724.0,3309.0,4768.0,287,0.05735167356651167,0.040172880574002354,0.05788585511539535,24.102040816326532,6.255198487712666,0.6446727961060033,37,29,44,0.41114982578397213,0.10801393728222997,0.2787456445993031,1
13,18,143,3177.0,3197.0,4974.0,227,0.06165460226280347,0.06204273321818782,0.09652816860408701,18.798816568047336,9.867283950617283,0.24323927820431318,31,30,46,0.5330396475770925,0.23788546255506607,0.3832599118942731,0
17,22,101,3932.5,7926.0,7361.0,263,0.056853503737223324,0.11458890543451546,0.10642050629617314,13.607266435986158,16.376033057851238,0.7215959219684345,49,45,52,0.39543726235741444,0.3688212927756654,0.5171102661596958,1
19,24,108,5459.0,6798.0,4186.0,279,0.07013013707429247,0.08733186880949628,0.05377628756054008,15.121883656509695,11.802083333333334,0.3588820301783265,33,33,44,0.3727598566308244,0.32616487455197135,0.25448028673835127,0
18,25,76,3277.0,5766.0,5474.0,239,0.05736944381225819,0.10094361093118118,0.09583165560827016,10.114197530864198,9.2256,0.9477146814404432,33,46,55,0.5523012552301255,0.5857740585774058,0.2301255230125523,0
15,30,124,4055.5,3460.5,3993.0,195,0.10665351742274819,0.09100591715976332,0.10500986193293886,18.024444444444445,3.845,0.2596904266389178,35,34,43,0.41025641025641024,0.6,0.29743589743589743,1
17,26,76,2628.0,3028.0,4806.0,263,0.037993899000997554,0.043776836444071765,0.06948199337853662,9.093425605536332,4.479289940828402,0.8320637119113573,32,25,55,0.30798479087452474,0.2509505703422053,0.2737642585551331,0
16,26,103,2892.0,3711.0,5420.0,215,0.06256354786371011,0.08028123309897242,0.11725256895619254,11.296875,5.489644970414201,0.5108869827504948,35,28,51,0.4,0.3813953488372093,0.4186046511627907,0
16,21,115,2575.0,4588.0,3683.0,239,0.04507974300169815,0.08032072267642373,0.06447716251466186,10.05859375,10.403628117913833,0.27848771266540645,35,27,49,0.47280334728033474,0.4602510460251046,0.32217573221757323,0
14,23,101,4302.0,3978.0,4045.0,299,0.04812026711110614,0.04449614657554166,0.04524557890851333,21.948979591836736,7.519848771266541,0.3965297519850995,37,31,54,0.12374581939799331,0.39464882943143814,0.27424749163879597,0
14,22,83,1747.0,5005.0,6340.0,267,0.024505884498309698,0.07020718483917575,0.08893377659947538,8.91326530612245,10.340909090909092,0.9203077369719843,35,30,55,0.41198501872659177,0.42696629213483145,0.299625468164794,1
15,26,75,3941.0,3246.0,4955.0,247,0.0645970266681965,0.053205264796997165,0.08121752528315494,17.515555555555554,4.8017751479289945,0.8808888888888889,45,30,55,0.2793522267206478,0.3643724696356275,0.4008097165991903,1
18,27,88,4288.5,3863.5,5022.5,255,0.06595155709342561,0.0594156093810073,0.0772395232602845,13.23611111111111,5.2997256515775035,0.648566632231405,33,31,55,0.3215686274509804,0.2,0.34509803921568627,0
13,19,141,2247.5,4503.5,3920.5,235,0.04069714803078316,0.08154821186057039,0.07099139882299683,13.298816568047338,12.475069252077562,0.19719833006388007,38,26,45,0.16170212765957448,0.3659574468085106,0.40425531914893614,0
20,19,86,5287.0,2696.5,3991.5,247,0.08665934534249045,0.044198396957825896,0.06542477339408939,13.2175,7.469529085872576,0.5396836127636561,36,29,49,0.27530364372469635,0.27530364372469635,0.22267206477732793,0
15,21,106,2786.0,4673.0,4676.0,255,0.042845059592464436,0.07186466743560169,0.07191080353710111,12.382222222222222,10.596371882086167,0.4161623353506586,33,32,49,0.22745098039215686,0.21568627450980393,0.37254901960784315,0
15,23,115,2789.5,4440.5,4262.5,211,0.06265582534085039,0.09973944879944296,0.09574133554951596,12.397777777777778,8.39413988657845,0.3223062381852552,33,31,52,0.5023696682464455,0.4976303317535545,0.4265402843601896,0
15,24,90,3782.0,4589.0,4534.0,283,0.04722246500767896,0.05729875513491241,0.0566120191287193,16.808888888888887,7.967013888888889,0.5597530864197531,28,37,51,0.2968197879858657,0.3003533568904594,0.2791519434628975,0
14,24,98,4430.5,2352.5,5306.0,279,0.05691730579000784,0.03022186251461312,0.06816459192456417,22.604591836734695,4.084201388888889,0.5524781341107872,0,38,54,0.0,0.4014336917562724,0.3225806451612903,0
13,21,122,3731.0,3049.0,4194.0,247,0.061154911570424034,0.04997623301480109,0.06874395580979856,22.076923076923077,6.913832199546485,0.2817790916420317,30,30,46,0.30364372469635625,0.41295546558704455,0.26720647773279355,0
19,19,116,2359.0,2800.0,2698.0,215,0.051032990805841,0.06057328285559762,0.05836668469442942,6.534626038781163,7.756232686980609,0.20050535077288942,31,27,37,0.3488372093023256,0.4186046511627907,0.2930232558139535,0
14,20,119,3656.5,4336.5,5202.0,279,0.04697395973844118,0.05570971595945581,0.06682853509076193,18.65561224489796,10.84125,0.3673469387755102,39,31,48,0.35125448028673834,0.36200716845878134,0.3046594982078853,0
13,17,105,3099.5,4592.5,4965.5,235,0.05612494341330919,0.08315980081484835,0.08991398822996831,18.340236686390533,15.891003460207612,0.4503854875283447,37,28,50,0.5659574468085107,0.40425531914893614,0.33617021276595743,0
14,21,123,3843.5,3561.5,5310.5,231,0.07202826033994865,0.06674350180843687,0.09952024887089822,19.60969387755102,8.075963718820862,0.3510146077070527,36,23,51,0.5194805194805194,0.10822510822510822,0.4935064935064935,0
16,22,114,2153.5,2765.5,3311.0,235,0.038995020371208694,0.050076957899502034,0.05995473064735174,8.412109375,5.713842975206612,0.25477069867651586,33,34,43,0.2723404255319149,0.14893617021276595,0.28936170212765955,0
19,23,94,3215.0,4261.0,5988.0,223,0.0646504051961632,0.08568440949948722,0.12041263648977457,8.905817174515235,8.054820415879018,0.6776822091444092,29,33,50,0.14798206278026907,0.34977578475336324,0.40358744394618834,0
13,23,92,2221.0,3056.0,4029.0,223,0.04466206841078646,0.06145307567013212,0.081019123650184,13.142011834319527,5.776937618147448,0.47601606805293006,24,32,50,0.29596412556053814,0.242152466367713,0.2242152466367713,0
13,15,96,5208.0,4172.5,6207.5,215,0.11266630611141157,0.09026500811249324,0.13428880475932936,30.816568047337277,18.544444444444444,0.6735568576388888,39,38,61,0.5488372093023256,0.3023255813953488,0.4697674418604651,0
14,21,104,2816.0,2149.5,3568.0,235,0.05099139882299683,0.03892258940697148,0.06460842009959257,14.36734693877551,4.874149659863946,0.32988165680473375,40,27,50,0.4297872340425532,0.1148936170212766,0.3276595744680851,0
13,18,126,5917.0,5995.0,5878.0,275,0.07824132231404958,0.07927272727272727,0.07772561983471074,35.01183431952663,18.503086419753085,0.37024439405391785,32,32,49,0.3890909090909091,0.33454545454545453,0.3236363636363636,1
13,21,91,5084.0,6191.0,4464.0,243,0.08609798641805957,0.1048451286219919,0.0755982319768328,30.08284023668639,14.038548752834467,0.5390653302741215,35,31,36,0.4444444444444444,0.5637860082304527,0.21810699588477367,1
19,19,83,3257.0,5315.5,5765.5,263,0.04708756813023175,0.0768480099466524,0.08335381457011089,9.022160664819944,14.72437673130194,0.8369139207432138,33,0,52,0.22813688212927757,0.0,0.35361216730038025,1
14,17,141,3209.5,3951.5,4142.0,215,0.06943212547322877,0.08548404542996214,0.08960519199567334,16.375,13.673010380622838,0.20833962074342338,33,24,41,0.6046511627906976,0.27906976744186046,0.3116279069767442,0
13,21,91,4251.5,5802.0,5779.5,227,0.0825069378408275,0.11259679015699897,0.11216014283219158,25.15680473372781,13.156462585034014,0.6979229561647144,41,37,55,0.6299559471365639,0.3436123348017621,0.3920704845814978,1
14,16,105,3414.0,6822.0,6004.0,227,0.06625395408410797,0.13239146888160067,0.11651691280638088,17.418367346938776,26.6484375,0.5445804988662132,34,39,53,0.28634361233480177,0.3436123348017621,0.3964757709251101,0
14,17,130,4761.5,6121.5,5152.5,255,0.07322568242983468,0.09414071510957324,0.07923875432525952,24.293367346938776,21.18166089965398,0.3048816568047337,42,38,43,0.4196078431372549,0.2901960784313726,0.39215686274509803,1
19,21,104,6085.5,4885.0,6842.5,211,0.13668830439567844,0.10972350126906404,0.15369151636306463,16.857340720221607,11.077097505668934,0.6326275887573964,44,0,47,0.6872037914691943,0.0,0.45023696682464454,1
14,21,119,2901.0,4469.0,3192.0,287,0.035219560757080944,0.05425584868093579,0.03875244327356166,14.801020408163266,10.133786848072562,0.22540781018289668,31,41,44,0.1986062717770035,0.41114982578397213,0.28222996515679444,0
12,20,123,4338.5,4950.5,5616.5,291,0.051233452604480346,0.05846057557185201,0.06632538585987412,30.12847222222222,12.37625,0.37124066362614844,38,45,54,0.4536082474226804,0.4261168384879725,0.24742268041237114,1
13,21,162,3803.0,4292.0,6861.0,231,0.07126927906148685,0.08043327523847005,0.12857705065497274,22.502958579881657,9.732426303854876,0.26143118427069045,27,32,57,0.4155844155844156,0.3246753246753247,0.41125541125541126,1
14,20,143,4960.5,4299.5,3841.5,279,0.06372605696226924,0.05523438804743002,0.049350599298570164,25.308673469387756,10.74875,0.18785759694850604,29,32,51,0.43727598566308246,0.27956989247311825,0.33691756272401435,0
19,20,126,4236.0,3928.0,3850.5,295,0.04867566791151968,0.0451364550416547,0.044245906348750356,11.734072022160666,9.82,0.24253590325018898,33,28,56,0.24067796610169492,0.3288135593220339,0.19661016949152543,0
14,19,123,5860.0,4178.0,4914.0,339,0.05099155071744938,0.036355409368174656,0.042759808912209256,29.897959183673468,11.573407202216066,0.32480666270077335,45,31,56,0.35988200589970504,0.22418879056047197,0.2743362831858407,0
14,17,136,3794.0,5343.0,4926.0,255,0.05834678969627066,0.0821683967704729,0.07575547866205305,19.357142857142858,18.4878892733564,0.2663278546712803,39,31,49,0.3803921568627451,0.4117647058823529,0.3568627450980392,0
13,22,104,3516.5,6045.0,8238.0,303,0.03830234508599375,0.06584321798516485,0.08972976505571349,20.807692307692307,12.489669421487603,0.7616494082840237,44,42,60,0.25742574257425743,0.31353135313531355,0.33003300330033003,1
14,22,120,2368.0,6768.0,5928.0,271,0.032243569668169006,0.0921556079029425,0.0807178551490312,12.081632653061224,13.983471074380166,0.4116666666666667,38,43,58,0.3726937269372694,0.6162361623616236,0.3284132841328413,1
13,23,100,4322.0,7528.0,8143.0,287,0.052471196688074394,0.09139360681809904,0.09886000801272324,25.57396449704142,14.23062381852552,0.8143,51,43,67,0.34843205574912894,0.23693379790940766,0.23344947735191637,1
19,23,131,5840.0,6123.0,6488.0,267,0.08192007182033693,0.0858898287253293,0.09100983321410035,16.177285318559555,11.574669187145558,0.37806654623856417,46,40,51,0.5205992509363296,0.40074906367041196,0.31086142322097376,1
14,20,147,4096.0,3852.0,5416.0,259,0.06106050893695681,0.05742311533817325,0.08073821201234328,20.897959183673468,9.63,0.25063630894534683,48,34,54,0.5057915057915058,0.3127413127413127,0.26640926640926643,0
14,19,118,3546.0,3923.5,4220.5,283,0.04427574323565034,0.04898924945997578,0.052697623893418574,18.091836734693878,10.868421052631579,0.3031097385808676,33,34,55,0.22614840989399293,0.4098939929328622,0.3498233215547703,0
13,19,157,5953.0,4456.0,3637.5,255,0.09154940407535564,0.0685274894271434,0.05594002306805075,35.22485207100592,12.34349030470914,0.14757190961093755,45,27,47,0.3803921568627451,0.12156862745098039,0.32941176470588235,0
14,22,135,7437.0,4347.5,6007.0,295,0.08545820166618788,0.049956908934214304,0.06902614191324333,37.94387755102041,8.982438016528926,0.32960219478737995,38,33,54,0.4576271186440678,0.29152542372881357,0.18305084745762712,0
19,20,103,4063.5,2932.5,5560.0,247,0.0666049271418971,0.04806667868675114,0.09113409496959465,11.25623268698061,7.33125,0.5240833254783674,45,43,61,0.41700404858299595,0.3076923076923077,0.5384615384615384,0
13,17,125,2822.0,4777.0,4462.0,223,0.05674757183936938,0.09606064871604095,0.08972631663616804,16.698224852071007,16.529411764705884,0.285568,32,44,50,0.2556053811659193,0.5201793721973094,0.3542600896860987,0
13,18,123,4416.0,3529.0,6351.0,227,0.08569931494886375,0.06848570707756797,0.12325098488229928,26.130177514792898,10.891975308641975,0.4197898076541741,28,51,56,0.24669603524229075,0.46255506607929514,0.4845814977973568,0
13,20,107,2494.0,4658.0,4934.5,259,0.03717893293182868,0.06943844009481075,0.07356032259507163,14.757396449704142,11.645,0.4309983404664163,33,37,56,0.2857142857142857,0.2471042471042471,0.33204633204633205,0
14,21,140,5965.0,6969.0,3721.0,275,0.07887603305785124,0.09215206611570248,0.04920330578512397,30.433673469387756,15.802721088435375,0.1898469387755102,43,46,48,0.5818181818181818,0.5709090909090909,0.36,0
19,23,120,3309.0,5347.0,9222.0,335,0.02948540877701047,0.0476453553129873,0.08217420360882156,9.166204986149584,10.107750472589792,0.6404166666666666,56,43,59,0.2865671641791045,0.30149253731343284,0.42686567164179107,0
19,21,115,3246.0,2757.0,5095.0,263,0.04692853735054721,0.03985889632638899,0.07366016568115774,8.99168975069252,6.2517006802721085,0.38525519848771267,33,31,55,0.4600760456273764,0.34220532319391633,0.4448669201520912,1
13,21,121,3732.5,2687.5,5941.5,259,0.05564168691581819,0.04006350531447057,0.08857202486546116,22.085798816568047,6.094104308390023,0.40581244450515674,31,33,54,0.33976833976833976,0.2857142857142857,0.42084942084942084,1
13,21,137,5428.0,3605.5,5047.5,255,0.08347558631295655,0.0554479046520569,0.0776239907727797,32.11834319526627,8.175736961451246,0.2689274868133625,33,35,47,0.4823529411764706,0.2627450980392157,0.3058823529411765,1
13,21,110,4411.5,2848.0,5252.0,227,0.08561198548390227,0.05526984804673097,0.10192318888392944,26.10355029585799,6.458049886621315,0.4340495867768595,28,31,49,0.4713656387665198,0.44493392070484583,0.4052863436123348,1
14,27,131,3439.0,3376.0,4225.5,303,0.03745820126567112,0.036771994031086275,0.04602489951965494,17.54591836734694,4.631001371742112,0.24622690985373813,24,24,54,0.15841584158415842,0.24092409240924093,0.29042904290429045,0
17,19,104,3824.0,2964.0,7303.0,275,0.05056528925619835,0.03919338842975206,0.09656859504132231,13.231833910034602,8.210526315789474,0.6752034023668639,43,33,55,0.24,0.23272727272727273,0.33090909090909093,1
13,20,145,6277.0,7258.5,6673.5,255,0.09653210303729334,0.11162629757785467,0.10262975778546712,37.142011834319526,18.14625,0.3174078478002378,34,33,58,0.4392156862745098,0.12941176470588237,0.45098039215686275,1
14,21,116,6045.5,2318.5,6426.0,279,0.0776647268149176,0.02978507470356239,0.08255289628858828,30.84438775510204,5.257369614512472,0.4775564803804994,30,44,55,0.36200716845878134,0.4014336917562724,0.32616487455197135,0
13,20,113,5117.0,3384.5,5870.5,299,0.05723649623606,0.037857518372277715,0.06566481359268912,30.27810650887574,8.46125,0.4597462604745869,39,29,53,0.2976588628762542,0.10367892976588629,0.36454849498327757,0
14,20,92,3255.0,3037.0,5903.0,271,0.0443212919214063,0.041352922754319794,0.08037744584087907,16.607142857142858,7.5925,0.6974243856332704,32,29,64,0.4022140221402214,0.2952029520295203,0.31365313653136534,0
14,20,112,3492.0,5071.0,8878.0,279,0.04486067753497514,0.06514561734818412,0.11405300548554104,17.816326530612244,12.6775,0.7077487244897959,35,42,64,0.3548387096774194,0.4767025089605735,0.5304659498207885,0
15,17,122,5803.0,6026.0,11563.0,327,0.054269655565842755,0.05635515154915879,0.1081371751349026,25.79111111111111,20.85121107266436,0.776874496103198,62,45,61,0.4892966360856269,0.22935779816513763,0.5045871559633027,0
13,18,116,4234.5,2732.0,6402.5,239,0.07413210553036537,0.04782829432257839,0.11208662313334851,25.056213017751478,8.432098765432098,0.4758100475624257,41,39,61,0.6610878661087866,0.48535564853556484,0.4309623430962343,0
13,21,127,6357.0,4045.5,6976.0,279,0.08166647396616179,0.05197132616487455,0.0896185814673501,37.61538461538461,9.173469387755102,0.43251286502573005,36,39,53,0.22939068100358423,0.44086021505376344,0.34050179211469533,0
13,18,119,5778.0,6697.0,5168.0,247,0.09470733826156796,0.10977068957039125,0.08470881345375272,34.18934911242604,20.669753086419753,0.36494597839135656,46,35,57,0.4777327935222672,0.562753036437247,0.4331983805668016,1
19,29,103,2620.0,6200.0,7425.0,275,0.034644628099173555,0.08198347107438017,0.09818181818181818,7.257617728531856,7.37217598097503,0.6998774625318126,51,37,56,0.41454545454545455,0.5127272727272727,0.37454545454545457,0
19,19,95,4697.0,4744.0,5303.0,247,0.07698864102017736,0.07775901916110738,0.08692160173089217,13.011080332409973,13.141274238227147,0.587590027700831,47,38,51,0.4777327935222672,0.5222672064777328,0.5020242914979757,0
16,19,97,4872.0,6125.0,6601.0,287,0.05914846604912042,0.074360499702558,0.08013937282229965,19.03125,16.966759002770083,0.7015623339355935,43,35,61,0.4076655052264808,0.18118466898954705,0.36585365853658536,0
13,22,116,3573.0,4122.0,3405.0,263,0.051656088710260374,0.05959317035087973,0.04922725498416921,21.142011834319526,8.516528925619834,0.2530469678953627,35,21,43,0.34220532319391633,0.1482889733840304,0.22813688212927757,0
19,26,69,5072.5,5216.5,8833.5,255,0.07800845828527489,0.08022299115724721,0.1358477508650519,14.051246537396121,7.716715976331361,1.8553875236294897,34,32,59,0.47058823529411764,0.5607843137254902,0.4470588235294118,0
19,25,83,7124.5,4860.0,7738.0,287,0.08649491920504074,0.059002780172152144,0.09394310966504389,19.735457063711912,7.776,1.1232399477427784,42,33,49,0.40418118466898956,0.1951219512195122,0.3797909407665505,0
16,26,97,1422.0,5012.0,5238.0,231,0.02664867599932535,0.09392627574445757,0.0981615786810592,5.5546875,7.414201183431953,0.5567010309278351,32,35,48,0.35064935064935066,0.3246753246753247,0.354978354978355,0
21,28,92,3483.0,2802.5,5410.0,231,0.06527238994771463,0.05251963044170836,0.10138490657971178,7.8979591836734695,3.5746173469387754,0.6391776937618148,32,28,50,0.35064935064935066,0.3939393939393939,0.5151515151515151,1
14,20,91,3812.5,2296.0,4945.0,219,0.07949167031546465,0.047872229519818184,0.1031046058255666,19.4515306122449,5.74,0.5971501026446081,29,35,43,0.5662100456621004,0.4383561643835616,0.502283105022831,0
14,21,102,5880.0,6403.5,6680.5,279,0.07553859791112652,0.08226384553127529,0.08582238152130625,30.0,14.520408163265307,0.6421088043060361,39,32,57,0.43727598566308246,0.2939068100358423,0.4874551971326165,1
18,28,80,16609.0,14493.0,11740.0,359,0.12887081881735865,0.11245257252814612,0.09109178234185024,51.26234567901235,18.4859693877551,1.834375,97,95,95,0.5097493036211699,0.2646239554317549,0.2646239554317549,0
17,21,110,15519.5,11407.0,7488.0,319,0.1525093110327139,0.11209598962274349,0.07358418254537592,53.700692041522494,25.866213151927436,0.6188429752066116,89,90,89,0.6300940438871473,0.5736677115987461,0.46394984326018807,0
17,30,86,2909.5,4779.5,7060.5,279,0.037377474595650106,0.061400804203440344,0.09070412764481443,10.067474048442907,5.310555555555555,0.9546376419686317,48,41,55,0.2616487455197133,0.46236559139784944,0.46953405017921146,0
13,22,93,2613.5,5544.5,7122.0,215,0.05653866955110871,0.11994591671173607,0.15407247160627366,15.464497041420119,11.455578512396695,0.8234477974332293,34,45,54,0.5116279069767442,0.7116279069767442,0.6139534883720931,0
14,30,100,2892.0,5146.0,5264.0,259,0.043112058556074,0.07671322729237787,0.0784722946885109,14.755102040816327,5.717777777777778,0.5264,32,34,46,0.4594594594594595,0.21621621621621623,0.47876447876447875,0
13,20,114,2426.0,4409.0,3285.0,227,0.04708028488812125,0.08556346911447922,0.06375050942187895,14.355029585798816,11.0225,0.25277008310249305,39,35,41,0.42290748898678415,0.2687224669603524,0.28193832599118945,0
18,24,98,6980.0,6785.5,9631.0,295,0.08020683711577133,0.07797184717035335,0.11066934788853777,21.54320987654321,11.780381944444445,1.002811328613078,54,36,51,0.43389830508474575,0.33220338983050846,0.2745762711864407,0
18,25,98,3570.0,5614.0,9232.0,279,0.04586272016032682,0.0721213756246708,0.11860073740059866,11.018518518518519,8.9824,0.9612661391087047,41,38,52,0.43010752688172044,0.44086021505376344,0.35842293906810035,0
19,22,82,3980.5,3692.0,5420.0,231,0.07459567849178239,0.06918910815014712,0.10157230936451715,11.026315789473685,7.628099173553719,0.8060678167757287,43,44,50,0.43722943722943725,0.5064935064935064,0.3203463203463203,0
13,21,95,3686.0,4239.0,7592.0,299,0.04122996387065021,0.0474155770069686,0.08492075032717755,21.810650887573964,9.612244897959183,0.841218836565097,39,45,59,0.3612040133779264,0.2508361204013378,0.4214046822742475,0
14,16,87,4538.5,6191.0,7983.5,275,0.06001322314049587,0.08186446280991735,0.10556694214876033,23.15561224489796,24.18359375,1.0547628484608271,36,28,59,0.3709090909090909,0.17454545454545456,0.33454545454545453,1
14,20,100,4663.0,4640.0,5297.0,283,0.05822272721597223,0.05793554670429148,0.06613892045099827,23.790816326530614,11.6,0.5297,31,15,41,0.27208480565371024,0.06713780918727916,0.2579505300353357,1
13,20,93,5010.0,6452.0,5204.0,255,0.07704728950403691,0.0992233756247597,0.08003075740099962,29.644970414201183,16.13,0.6016880564227078,43,37,48,0.5411764705882353,0.4823529411764706,0.4196078431372549,0
19,21,79,5679.0,5953.0,5823.0,303,0.06185668071757671,0.06484113757910445,0.06342515439662778,15.731301939058172,13.498866213151928,0.9330235539176414,47,28,52,0.429042904290429,0.38613861386138615,0.31353135313531355,0
13,17,94,4372.5,3777.0,5131.0,307,0.04639306517841038,0.04007469575274008,0.05444089592462519,25.87278106508876,13.069204152249135,0.5806926210955183,52,34,33,0.43973941368078173,0.3713355048859935,0.2964169381107492,0
13,21,93,2757.0,5724.0,3959.0,215,0.05964305029745808,0.12382909680908599,0.08564629529475393,16.31360946745562,12.979591836734693,0.4577407792808417,32,34,42,0.25116279069767444,0.2837209302325581,0.3302325581395349,0
13,20,104,6348.0,5696.0,9935.0,287,0.07706782891621848,0.0691522296009421,0.12061576563998591,37.562130177514796,14.24,0.9185465976331361,48,36,56,0.49477351916376305,0.1254355400696864,0.6167247386759582,0
14,23,129,7329.5,7066.0,6982.0,319,0.07202661137370898,0.06943721071923428,0.06861174713298808,37.39540816326531,13.357277882797732,0.41956613184303826,54,40,59,0.3761755485893417,0.2445141065830721,0.40752351097178685,0
19,23,80,3545.5,4542.0,6481.5,243,0.060043353824789585,0.07691916882589037,0.1097647716303409,9.821329639889196,8.58601134215501,1.012734375,38,38,53,0.411522633744856,0.5761316872427984,0.36213991769547327,0
14,16,110,5828.0,4221.0,8063.0,295,0.0669692617064062,0.048503303648376905,0.09265153691467969,29.73469387755102,16.48828125,0.6663636363636364,46,28,39,0.5457627118644067,0.31864406779661014,0.18305084745762712,0
13,16,61,6259.0,4904.0,5799.0,247,0.1025914209378944,0.0803815830451245,0.09505154977134521,37.03550295857988,19.15625,1.558452029024456,43,34,58,0.38461538461538464,0.22267206477732793,0.291497975708502,0
13,19,99,5968.0,7295.5,7156.0,283,0.07451709972655421,0.09109240969421518,0.08935059746032539,35.31360946745562,20.209141274238227,0.7301295786144271,42,32,60,0.37809187279151946,0.31802120141342755,0.3710247349823322,0
14,15,95,7032.5,4374.0,7690.5,319,0.06910800797948133,0.0429830681695345,0.0755741394050766,35.880102040816325,19.44,0.8521329639889197,0,40,55,0.0,0.322884012539185,0.1786833855799373,1
13,23,101,4117.0,6079.0,8796.0,271,0.05605860486649147,0.08277392737027,0.11976961098024265,24.36094674556213,11.491493383742911,0.8622684050583276,35,21,55,0.5276752767527675,0.15129151291512916,0.4022140221402214,1
19,22,129,4250.0,3354.0,6120.0,239,0.07440345932319112,0.0587174594282313,0.10714098142539522,11.772853185595569,6.929752066115703,0.3677663601946998,33,33,55,0.38493723849372385,0.3263598326359833,0.4435146443514644,1
14,17,102,5015.0,7335.0,6888.5,279,0.06442620212998292,0.09423054688403283,0.08849449518891073,25.586734693877553,25.380622837370243,0.6621011149557863,35,38,57,0.3154121863799283,0.5412186379928315,0.2114695340501792,0
13,21,93,1950.0,4099.0,5945.0,223,0.039212531923022785,0.08242675300126687,0.11954794988839511,11.538461538461538,9.294784580498867,0.6873627008902763,28,30,58,0.12556053811659193,0.4798206278026906,0.4798206278026906,0
13,21,89,3908.0,4823.0,5560.0,279,0.05020490487018409,0.06195963566757878,0.07142765380711964,23.124260355029588,10.936507936507937,0.7019315742961747,30,42,51,0.3010752688172043,0.3154121863799283,0.3118279569892473,0
14,18,126,3819.0,4078.5,4038.0,179,0.11919103648450423,0.1272900346431135,0.12602602915015138,19.48469387755102,12.587962962962964,0.25434618291761146,31,34,38,0.4581005586592179,0.3128491620111732,0.5307262569832403,0
19,22,89,3278.0,3395.0,6624.0,251,0.0520309201441247,0.05388803352327741,0.10514118823510737,9.0803324099723,7.014462809917355,0.8362580482262341,23,23,61,0.199203187250996,0.1952191235059761,0.4302788844621514,1
14,21,109,4126.0,2666.5,4213.0,187,0.11799021990906232,0.07625325288112328,0.12047813777917585,21.051020408163264,6.046485260770975,0.35459978116320173,35,27,39,0.7379679144385026,0.6470588235294118,0.22459893048128343,1
13,21,149,3399.0,3765.0,6191.0,347,0.02822878688470131,0.031268426778729166,0.05141642236045478,20.11242603550296,8.537414965986395,0.27886131255348856,33,30,37,0.19020172910662825,0.10662824207492795,0.11239193083573487,0
13,22,152,3478.0,4259.0,4166.0,319,0.03417812324957498,0.04185296921217362,0.04093906309882961,20.579881656804734,8.799586776859504,0.1803150969529086,29,32,49,0.2413793103448276,0.2664576802507837,0.25391849529780564,0
14,19,166,7064.0,7426.5,5437.0,291,0.08341894876064289,0.08769972012612039,0.06420566596993423,36.04081632653061,20.57202216066482,0.19730730149513717,34,41,58,0.2542955326460481,0.2508591065292096,0.29896907216494845,0
13,20,122,4204.5,4669.0,6777.5,275,0.055596694214876036,0.06173884297520661,0.0896198347107438,24.87869822485207,11.6725,0.45535474334856224,43,58,60,0.4290909090909091,0.3054545454545455,0.21818181818181817,0
19,16,120,3524.5,6065.0,6144.5,271,0.04799090426328618,0.08258329815770482,0.08366579975762857,9.763157894736842,23.69140625,0.42670138888888887,42,35,55,0.44649446494464945,0.2915129151291513,0.34686346863468637,0
14,21,137,7222.0,6830.0,8057.5,271,0.09833744093898504,0.09299982298715977,0.10971392001742895,36.8469387755102,15.487528344671201,0.4292983110448079,39,42,62,0.3948339483394834,0.33948339483394835,0.44649446494464945,0
13,22,119,5913.5,3644.5,5735.5,231,0.11082063679466277,0.06829894492232154,0.10748486722512697,34.99112426035503,7.529958677685951,0.40502083186215665,30,34,53,0.2510822510822511,0.24242424242424243,0.3463203463203463,1
13,24,149,4502.0,4156.0,6415.0,347,0.03738923170194919,0.0345156923485786,0.053276748415816096,26.63905325443787,7.215277777777778,0.2889509481554885,30,32,60,0.24495677233429394,0.09221902017291066,0.34293948126801155,0
14,22,108,3538.5,3422.5,6385.0,255,0.05441753171856978,0.05263360246059208,0.09819300269127258,18.053571428571427,7.071280991735537,0.5474108367626886,58,24,58,0.3843137254901961,0.11372549019607843,0.47058823529411764,0
19,22,131,4179.0,6857.0,6747.0,299,0.04674444357445666,0.07669936577890628,0.07546895448596772,11.57617728531856,14.167355371900827,0.39315890682361165,35,51,55,0.5451505016722408,0.5518394648829431,0.2842809364548495,0
14,22,83,5364.0,3612.5,3189.5,227,0.10409672223408178,0.07010615381629762,0.061897184109918686,27.367346938775512,7.463842975206612,0.46298446799245174,34,29,24,0.40969162995594716,0.4669603524229075,0.2643171806167401,0
13,21,102,3270.0,3706.0,4898.0,247,0.05359864937959973,0.06074513596354636,0.08028323689947385,19.349112426035504,8.403628117913833,0.47078046905036525,28,38,53,0.2874493927125506,0.4089068825910931,0.2874493927125506,0
15,22,133,3565.0,4537.0,6299.0,287,0.043280845949325596,0.05508140198375602,0.07647294491859802,15.844444444444445,9.37396694214876,0.35609700944089545,33,32,59,0.3310104529616725,0.24041811846689895,0.41114982578397213,0
14,18,78,5709.0,6903.0,10064.0,311,0.05902544431922747,0.07137022983633337,0.10405186050599145,29.127551020408163,21.305555555555557,1.6541748849441158,44,43,59,0.47266881028938906,0.41479099678456594,0.33440514469453375,1
13,21,107,4978.0,4277.0,4539.0,303,0.05422126371052947,0.04658584670348223,0.04943959742508904,29.45562130177515,9.698412698412698,0.3964538387632108,35,49,42,0.29042904290429045,0.37293729372937295,0.28052805280528054,0
13,17,94,4400.0,7058.5,6133.0,283,0.054938880495448816,0.08813320181298305,0.07657730774513354,26.035502958579883,24.42387543252595,0.6940923494794025,46,43,57,0.4134275618374558,0.5653710247349824,0.508833922261484,1
14,18,103,3314.0,3433.5,4724.0,243,0.05612288099713797,0.05814662399024539,0.08000135480702468,16.908163265306122,10.597222222222221,0.44528230747478553,28,31,53,0.3045267489711934,0.21810699588477367,0.3045267489711934,1
13,21,100,5485.5,4844.5,6060.5,267,0.07694735513192778,0.06795578560507232,0.085013115627937,32.4585798816568,10.985260770975056,0.60605,36,32,60,0.33707865168539325,0.3707865168539326,0.4419475655430712,1
13,24,80,4661.0,3331.0,5102.0,235,0.0844001810774106,0.0603168854685378,0.09238569488456315,27.579881656804734,5.782986111111111,0.7971875,18,31,57,0.07659574468085106,0.26382978723404255,0.4553191489361702,1
14,17,87,21151.0,24190.0,20843.0,383,0.1441894075220364,0.1649067073877387,0.14208972724607843,107.91326530612245,83.70242214532873,2.75373232923768,143,141,144,0.6579634464751958,0.4464751958224543,0.5013054830287206,1
19,23,96,1885.0,8153.0,8692.5,327,0.01762851985897184,0.07624685539002515,0.08129225934966193,5.221606648199446,15.41209829867675,0.9431966145833334,40,31,55,0.25076452599388377,0.26299694189602446,0.3516819571865443,1
13,19,70,16342.0,17232.0,12686.0,327,0.15283038277735694,0.1611536627107707,0.11863947105088424,96.69822485207101,47.73407202216067,2.588979591836735,101,100,100,0.43425076452599387,0.5382262996941896,0.5963302752293578,1
13,21,97,134203.5,123829.5,127012.0,671,0.2980703667591357,0.27502937315793097,0.28209780983961924,794.103550295858,280.7925170068027,13.49899032840897,370,356,350,0.6453055141579732,0.5946348733233979,0.6646795827123696,1
13,15,82,96297.0,99944.0,98032.0,527,0.346730085803067,0.35986159169550175,0.3529771827932985,569.8047337278107,444.19555555555553,14.579417013682331,298,297,294,0.7343453510436433,0.7096774193548387,0.7760910815939279,1
14,22,104,68665.5,68808.0,62404.5,479,0.2992730157208171,0.29989409041975934,0.2719849547378193,350.3341836734694,142.16528925619835,5.769646819526627,249,240,242,0.7014613778705637,0.5553235908141962,0.6304801670146137,1
14,25,98,125276.0,100988.0,111301.0,671,0.2782420970102678,0.22429765392312118,0.24720316452744198,639.1632653061224,161.5808,11.5890254060808,346,310,312,0.6304023845007451,0.5737704918032787,0.6497764530551415,1
19,23,102,134355.5,126073.5,126046.0,623,0.34616197192170645,0.3248237055205872,0.3247528527886347,372.17590027700834,238.3241965973535,12.115148019992311,369,324,326,0.6629213483146067,0.6067415730337079,0.8138041733547352,1
13,24,113,114234.5,92937.0,104813.0,559,0.3655726268157104,0.29741648292216166,0.33542199365721437,675.9437869822485,161.34895833333334,8.208395332445766,337,297,296,0.7835420393559929,0.6583184257602862,0.7477638640429338,1
14,20,103,53957.0,45716.0,56194.0,543,0.18299875529508325,0.15504885551587422,0.19058568962418052,275.2908163265306,114.29,5.296823451786219,233,201,196,0.5156537753222836,0.5561694290976059,0.6593001841620626,1
15,30,120,103701.0,88972.0,94728.0,559,0.3318633772933394,0.28472771144485587,0.30314803140030916,460.8933333333333,98.85777777777778,6.578333333333333,311,274,270,0.6958855098389982,0.6440071556350626,0.7817531305903399,1
14,21,87,91972.0,78426.0,80156.5,607,0.24961935030356983,0.21285442490005402,0.2175511400492334,469.2448979591837,177.83673469387756,10.590104373100806,296,258,252,0.6112026359143328,0.5831960461285008,0.6935749588138386,1
23,28,113,63440.5,43239.5,51923.5,463,0.29594064440287543,0.20170593695916852,0.24221552556573012,119.92533081285444,55.152423469387756,4.066371681415929,232,187,188,0.7300215982721382,0.6241900647948164,0.7386609071274298,1
16,22,117,19073.5,18842.5,19032.0,367,0.1416114159285465,0.13989635382250964,0.1413032987103624,74.505859375,38.93078512396694,1.3903133903133904,119,88,97,0.6130790190735694,0.4196185286103542,0.555858310626703,1
14,28,115,21332.0,15968.0,21261.0,327,0.1994968624040251,0.14933273480533812,0.19883287040933703,108.83673469387755,20.367346938775512,1.6076370510396976,116,85,107,0.48623853211009177,0.47706422018348627,0.636085626911315,1
15,24,170,27339.0,20732.0,26477.0,399,0.17172630825183258,0.13022531265507126,0.16631176939843342,121.50666666666666,35.99305555555556,0.916159169550173,131,85,135,0.6340852130325815,0.49122807017543857,0.5538847117794486,1
20,33,128,5658.0,7470.5,12077.5,295,0.06501580005745475,0.08584314852054008,0.13878195920712438,14.145,6.8599632690541785,0.737152099609375,19,37,91,0.12203389830508475,0.3559322033898305,0.45084745762711864,1
16,32,110,4104.0,4013.0,9150.0,287,0.0498245699231507,0.048719785356141264,0.11108548118831113,16.03125,3.9189453125,0.756198347107438,29,29,73,0.4355400696864111,0.397212543554007,0.397212543554007,1
20,36,106,3745.0,4722.0,12757.5,295,0.04303361103131284,0.05426027003734559,0.1465958058029302,9.3625,3.6435185185185186,1.1354129583481667,52,24,87,0.25084745762711863,0.31864406779661014,0.4033898305084746,1
16,24,93,3844.0,5185.0,10129.5,347,0.03192452391432534,0.04306156516539461,0.08412577132938567,15.015625,9.00173611111111,1.1711758584807492,51,25,69,0.43804034582132567,0.1037463976945245,0.3400576368876081,1
18,29,91,1967.5,3951.0,8242.5,255,0.03025759323337178,0.060761245674740484,0.12675893886966552,6.072530864197531,4.697978596908443,0.9953508030431107,0,32,69,0.0,0.3568627450980392,0.42745098039215684,1
14,23,93,2360.5,5364.5,8302.0,279,0.030324636117213293,0.06891612389357793,0.10665330609832864,12.043367346938776,10.140831758034027,0.9598797548849578,19,39,73,0.13261648745519714,0.34767025089605735,0.3046594982078853,1
14,24,85,3840.0,5195.0,10382.0,231,0.07196266936526677,0.09735574670639606,0.1945615711849478,19.591836734693878,9.019097222222221,1.4369550173010381,36,32,92,0.45454545454545453,0.2554112554112554,0.5930735930735931,1
19,28,132,4877.0,5657.0,6126.0,311,0.05042338271936808,0.05848781546923626,0.06333681413550314,13.509695290858726,7.215561224489796,0.3515840220385675,30,33,67,0.2990353697749196,0.3858520900321543,0.33440514469453375,1
17,37,131,2579.0,6150.0,13587.0,307,0.027363685556345427,0.06525268172606606,0.14416068074992838,8.923875432525952,4.492330168005844,0.7917370782588428,35,30,97,0.4560260586319218,0.3289902280130293,0.31596091205211724,1
14,24,108,3076.0,5655.0,14438.0,319,0.030227690372539577,0.055571387859789115,0.14188146735979404,15.693877551020408,9.817708333333334,1.2378257887517148,39,35,99,0.36990595611285265,0.4231974921630094,0.31347962382445144,1
17,27,96,4393.0,7567.0,17412.0,291,0.05187704443735903,0.08935888806225718,0.20561873383639778,15.200692041522492,10.37997256515775,1.8893229166666667,37,38,113,0.3470790378006873,0.18900343642611683,0.3917525773195876,1
15,24,113,5991.0,9190.0,15849.0,327,0.056027831551777346,0.08594487931244096,0.14821984681424122,26.626666666666665,15.95486111111111,1.241209178479129,39,36,104,0.25076452599388377,0.26299694189602446,0.3761467889908257,1
21,25,138,3527.0,7236.0,13637.0,271,0.04802494519410139,0.09852807015155023,0.18568646941081957,7.9977324263038545,11.5776,0.7160785549254358,36,30,95,0.33210332103321033,0.31365313653136534,0.46494464944649444,1
17,26,82,5696.0,6921.0,12507.0,331,0.05198930276284444,0.06317028869762051,0.11415558456019934,19.709342560553633,10.238165680473372,1.860053539559786,39,37,106,0.3867069486404834,0.18126888217522658,0.43202416918429004,1
14,24,101,10231.5,13661.0,29607.0,343,0.08696631505580157,0.11611658407636274,0.2516553476867632,52.201530612244895,23.71701388888889,2.9023625134790705,65,63,161,0.5539358600583091,0.49854227405247814,0.5072886297376094,1
14,23,99,10665.0,12795.5,29975.0,367,0.07918241281767628,0.09500033410300766,0.22254972566430814,54.41326530612245,24.188090737240074,3.058361391694725,65,64,161,0.5640326975476839,0.5340599455040872,0.5858310626702997,1
14,23,98,9651.0,9313.0,18556.0,343,0.08203214646958325,0.07915919387330109,0.1577233975639402,49.23979591836735,17.604914933837428,1.9321116201582673,52,52,131,0.5451895043731778,0.18950437317784258,0.5626822157434402,1
15,35,83,11379.0,7522.0,20278.0,327,0.10641640714866875,0.07034574343723406,0.18963985448288118,50.57333333333333,6.140408163265306,2.9435331688198576,47,42,129,0.4740061162079511,0.22629969418960244,0.48623853211009177,1
19,24,98,5148.0,3316.5,10761.5,295,0.0591554151106004,0.038109738580867566,0.12365986785406492,14.260387811634349,5.7578125,1.1205226988754686,36,25,92,0.45084745762711864,0.1288135593220339,0.3864406779661017,1
13,23,119,7650.5,5516.0,14608.0,399,0.0480556026658124,0.03464802356769116,0.09175821759913569,45.26923076923077,10.427221172022684,1.0315655674034319,39,32,101,0.3333333333333333,0.22556390977443608,0.42606516290726815,1
14,24,98,4565.5,2647.0,7809.0,287,0.05542740594155568,0.03213587636125241,0.0948050844371062,23.293367346938776,4.595486111111111,0.8130987088713036,33,29,72,0.34494773519163763,0.43205574912891986,0.34494773519163763,1
14,24,79,4398.5,4153.5,10241.0,279,0.056506211379607145,0.05335876979997688,0.13156305802854537,22.441326530612244,7.2109375,1.6409229290177856,30,21,90,0.1827956989247312,0.2078853046594982,0.41935483870967744,1
14,27,104,4246.0,5191.0,9180.0,299,0.04749387590742833,0.05806422746949139,0.10268341517432691,21.663265306122447,7.120713305898491,0.8487426035502958,28,26,77,0.3110367892976589,0.15719063545150502,0.2809364548494983,1
19,23,97,4805.0,9334.0,15230.5,327,0.04493635964050912,0.08729156730166746,0.14243563486051491,13.310249307479225,17.64461247637051,1.6187161228610905,47,46,116,0.5290519877675841,0.4923547400611621,0.3730886850152905,1
14,22,95,6311.0,7218.0,12985.0,295,0.07251939097960357,0.08294168342430336,0.14920999712726227,32.19897959183673,14.913223140495868,1.438781163434903,36,32,107,0.34915254237288135,0.29152542372881357,0.5084745762711864,1
14,22,97,5104.0,6427.0,8296.0,227,0.09905101981408528,0.1247258825127598,0.16099672029342701,26.040816326530614,13.27892561983471,0.8817090020193432,41,34,80,0.41409691629955947,0.2775330396475771,0.5022026431718062,1
14,22,93,5554.0,7628.5,16328.5,327,0.05194100758447194,0.07134173142926614,0.15270413077836695,28.336734693877553,15.761363636363637,1.8879061163140247,38,30,112,0.37003058103975534,0.27217125382262997,0.43730886850152906,1
14,26,88,9741.5,11939.5,34304.5,343,0.08280138377716768,0.10148407551275404,0.2915834388732586,49.701530612244895,17.66198224852071,4.429816632231405,75,61,162,0.3673469387755102,0.3673469387755102,0.7201166180758017,1
14,24,118,7038.0,6598.5,15348.5,275,0.09306446280991736,0.08725289256198347,0.20295537190082644,35.90816326530612,11.455729166666666,1.1023053720195346,59,39,108,0.5672727272727273,0.4618181818181818,0.5272727272727272,1
19,18,118,4838.0,6735.0,17811.0,331,0.04415804894077272,0.06147260430262593,0.16256697182391544,13.401662049861496,20.787037037037038,1.2791582878483194,44,34,107,0.2719033232628399,0.3081570996978852,0.486404833836858,1
14,23,96,4660.0,5010.0,11327.0,283,0.058185268888361695,0.06255540710959058,0.14143015894817015,23.775510204081634,9.47069943289225,1.2290581597222223,31,29,94,0.47703180212014135,0.2579505300353357,0.4169611307420495,1
14,18,114,6296.0,6105.0,13916.0,303,0.06857715474517749,0.06649674868476947,0.15157555359496347,32.12244897959184,18.84259259259259,1.0707910126192675,49,31,92,0.49504950495049505,0.18151815181518152,0.429042904290429,1
14,21,91,4871.0,5919.0,10155.0,295,0.05597242171789715,0.06801493823613904,0.11669060614765872,24.852040816326532,13.421768707482993,1.2263011713561165,44,29,89,0.5050847457627119,0.376271186440678,0.3593220338983051,1
14,27,132,4363.0,4287.0,9199.0,287,0.052968956767716006,0.05204627954691692,0.11168036518593161,22.260204081632654,5.8806584362139915,0.5279499540863177,33,31,80,0.4843205574912892,0.3623693379790941,0.44947735191637633,1
19,23,117,5015.5,6667.0,13048.0,279,0.06443262548014543,0.08564895106691846,0.16762374584088077,13.893351800554017,12.603024574669186,0.9531740813792096,38,30,104,0.3225806451612903,0.2222222222222222,0.5017921146953405,1
14,21,108,5889.5,7847.5,12637.5,299,0.06587733917965123,0.08777866019395757,0.1413574792228275,30.0484693877551,17.794784580498867,1.0834619341563787,36,38,104,0.4013377926421405,0.33444816053511706,0.431438127090301,1
14,22,95,4151.0,4944.0,9158.0,251,0.06588784305011032,0.07847494484214536,0.14536277201949174,21.178571428571427,10.214876033057852,1.0147368421052632,36,27,89,0.4900398406374502,0.3147410358565737,0.4581673306772908,1
14,23,108,3741.0,5662.0,11550.0,287,0.04541757214486032,0.06873945294953199,0.1402226565819665,19.086734693877553,10.703213610586012,0.9902263374485597,38,33,101,0.42857142857142855,0.34494773519163763,0.47735191637630664,1
14,23,98,4275.0,4917.0,13340.0,319,0.04201020037145861,0.04831910063776889,0.1310914790538615,21.81122448979592,9.294896030245747,1.3890045814244065,40,30,99,0.4263322884012539,0.29153605015673983,0.43573667711598746,1
14,24,92,4754.0,3612.5,7599.5,307,0.050440853483856594,0.0383293191439697,0.08063215524833155,24.255102040816325,6.271701388888889,0.8978615311909263,32,27,72,0.10423452768729642,0.14006514657980457,0.43973941368078173,1
20,24,85,3192.5,3653.0,5869.0,311,0.03300730968455661,0.03776842671188263,0.060679686934585045,7.98125,6.342013888888889,0.812318339100346,38,31,69,0.3311897106109325,0.21221864951768488,0.22508038585209003,1
14,16,84,4883.5,4863.0,7209.5,303,0.0531919528586522,0.05296866320295396,0.07852715964665774,24.915816326530614,18.99609375,1.0217545351473922,30,31,82,0.09900990099009901,0.1188118811881188,0.41914191419141916,1
14,24,141,3384.0,4097.5,5343.5,303,0.03685913145770023,0.04463070069383176,0.05820235488895424,17.26530612244898,7.113715277777778,0.26877420652884665,52,37,60,0.41254125412541254,0.19801980198019803,0.35313531353135313,1
14,23,88,5000.0,5101.0,11137.0,359,0.03879547799908443,0.039579146654665935,0.08641304769516066,25.510204081632654,9.642722117202268,1.4381456611570247,30,28,97,0.31197771587743733,0.15598885793871867,0.3426183844011142,1
14,25,122,4651.0,4437.5,8343.5,311,0.048086765025175504,0.04587938503530774,0.08626358288272454,23.729591836734695,7.1,0.5605683955925826,40,28,81,0.42765273311897106,0.3504823151125402,0.40836012861736337,1
19,21,93,4690.0,5408.0,10111.0,303,0.05108431635242732,0.058904900391029205,0.11013081506170419,12.99168975069252,12.263038548752835,1.169036882876633,31,33,92,0.41914191419141916,0.3333333333333333,0.3333333333333333,1
14,22,135,5606.0,6066.0,12309.0,311,0.05796052563559103,0.06271647315474406,0.12726295220272743,28.602040816326532,12.53305785123967,0.6753909465020577,42,22,96,0.4630225080385852,0.2958199356913183,0.36012861736334406,1
14,24,125,5738.5,5079.0,8108.0,275,0.0758809917355372,0.0671603305785124,0.10721322314049586,29.278061224489797,8.817708333333334,0.518912,36,30,79,0.4727272727272727,0.31636363636363635,0.2872727272727273,1
14,23,111,5028.0,6250.0,9032.0,275,0.06648595041322314,0.08264462809917356,0.11943140495867768,25.653061224489797,11.814744801512287,0.7330573817060304,39,22,85,0.3781818181818182,0.19272727272727272,0.5054545454545455,1
14,23,89,3871.0,4464.0,10594.0,291,0.04571273367107143,0.0527154851737698,0.12510480509205135,19.75,8.438563327032137,1.3374573917434667,35,45,90,0.4570446735395189,0.5223367697594502,0.4570446735395189,1
14,19,102,2341.0,6283.0,6526.5,275,0.030955371900826447,0.0830809917355372,0.086300826446281,11.943877551020408,17.40443213296399,0.6273068050749712,45,32,63,0.46545454545454545,0.17454545454545456,0.3781818181818182,1
19,24,98,2647.0,5452.0,6552.0,223,0.05322849846166221,0.10963421745862575,0.13175410726135656,7.332409972299169,9.465277777777779,0.6822157434402333,40,28,79,0.515695067264574,0.5291479820627802,0.5695067264573991,1
14,23,108,6870.0,5009.0,8063.0,363,0.05213669375953373,0.03801349331026266,0.06119041656231739,35.05102040816327,9.468809073724007,0.6912722908093278,38,30,88,0.41046831955922863,0.2396694214876033,0.3608815426997245,1
14,25,92,5071.0,6488.5,9531.0,343,0.043102788803984736,0.05515134000288995,0.08101216329930556,25.872448979591837,10.3816,1.126063327032136,6,7,89,0.01749271137026239,0.029154518950437316,0.3819241982507289,1
14,21,123,7184.0,6073.0,11877.0,399,0.045125344690045914,0.03814674530938876,0.07460380273993254,36.6530612244898,13.770975056689343,0.785048582193139,36,23,104,0.3082706766917293,0.09774436090225563,0.3458646616541353,1
14,23,108,6818.0,8360.0,7841.5,313,0.06959344282375036,0.08533311557737652,0.08004062509569354,34.785714285714285,15.803402646502835,0.6722822359396433,45,2,92,0.3003194888178914,0.006389776357827476,0.40894568690095845,1
19,20,139,4528.5,8105.5,5993.0,287,0.05497820782090349,0.09840473964719737,0.07275795505590696,12.544321329639889,20.26375,0.3101806324724393,35,29,80,0.3344947735191638,0.27526132404181186,0.39372822299651566,1
13,19,96,5692.0,6931.5,7668.0,319,0.05593498491563566,0.06811548628649483,0.07535303308733209,33.680473372781066,19.200831024930746,0.83203125,40,37,75,0.3573667711598746,0.322884012539185,0.34169278996865204,0
14,22,107,3751.0,6798.0,7458.0,283,0.046835395622370116,0.08488057036546842,0.09312140243978574,19.137755102040817,14.045454545454545,0.6514106035461612,32,22,71,0.4452296819787986,0.24028268551236748,0.4204946996466431,1
14,24,118,4304.0,4799.0,7931.0,291,0.05082604126073145,0.05667150836669383,0.09365737296441941,21.959183673469386,8.331597222222221,0.5695920712438954,34,31,74,0.33676975945017185,0.37800687285223367,0.3951890034364261,1
14,28,108,5051.0,7910.0,10479.0,335,0.04500779683671196,0.07048340387614167,0.0933749164624638,25.770408163265305,10.089285714285714,0.8984053497942387,33,28,81,0.3283582089552239,0.23880597014925373,0.3194029850746269,1
14,20,122,3020.0,4479.0,6415.0,359,0.023432468711446993,0.034752989191579826,0.04977459827282532,15.408163265306122,11.1975,0.430999731255039,31,31,68,0.28969359331476324,0.28133704735376047,0.25069637883008355,1
19,24,111,4315.0,5778.0,9499.0,355,0.034239238246379686,0.04584804602261456,0.0753739337433049,11.952908587257618,10.03125,0.7709601493385277,28,27,78,0.3183098591549296,0.30704225352112674,0.36901408450704226,1
14,24,89,3206.0,4058.0,7330.0,255,0.0493041138023837,0.062406766628219916,0.11272587466359092,16.357142857142858,7.045138888888889,0.9253882085595253,30,34,78,0.4235294117647059,0.42745098039215684,0.47843137254901963,1
14,18,67,3789.0,5522.0,11521.0,227,0.07353140949756448,0.10716295678161812,0.2235828368491529,19.331632653061224,17.04320987654321,2.5664958788148806,33,30,88,0.3524229074889868,0.5550660792951542,0.6475770925110133,1
14,23,105,3898.5,4752.0,7167.0,255,0.059953863898500576,0.07307958477508651,0.11021914648212226,19.89030612244898,8.982986767485823,0.6500680272108843,33,24,80,0.4588235294117647,0.17647058823529413,0.3176470588235294,1
14,22,99,8437.0,6570.5,11235.0,351,0.06848158700010552,0.053331547633541934,0.09119244161979205,43.045918367346935,13.575413223140496,1.1463116008570553,30,28,82,0.2564102564102564,0.19373219373219372,0.2336182336182336,1
20,24,110,9623.0,7730.0,13415.0,335,0.08574738249053242,0.06887948318110938,0.11953664513254622,24.0575,13.42013888888889,1.1086776859504133,41,40,98,0.44776119402985076,0.3701492537313433,0.4716417910447761,1
14,21,87,4108.0,6687.0,5791.0,319,0.04036910014642152,0.06571279763367105,0.05690785271371154,20.959183673469386,15.16326530612245,0.7650944642621218,27,37,74,0.2884012539184953,0.2507836990595611,0.29153605015673983,1
14,20,114,6027.0,8285.0,8435.0,323,0.05776917252154243,0.07941224395901428,0.08085000335477192,30.75,20.7125,0.6490458602646968,36,37,84,0.25077399380804954,0.11455108359133127,0.3591331269349845,1
14,24,92,4533.5,7754.0,7535.5,327,0.042397291660821665,0.07251540741987673,0.07047199543622404,23.130102040816325,13.461805555555555,0.8903000945179584,38,33,79,0.41896024464831805,0.3394495412844037,0.2782874617737003,1
14,23,96,2818.0,4370.0,8547.0,263,0.040740794286457806,0.06317859156558574,0.12356691581488817,14.377551020408163,8.26086956521739,0.9274088541666666,26,20,80,0.24714828897338403,0.20912547528517111,0.39543726235741444,1
14,23,94,4614.0,4139.0,6287.0,227,0.08954181140716878,0.08032370121679054,0.12200896582506938,23.540816326530614,7.824196597353497,0.7115210502489815,34,38,59,0.31718061674008813,0.4008810572687225,0.41409691629955947,1
14,24,88,5035.5,5100.0,5018.5,275,0.06658512396694215,0.06743801652892562,0.0663603305785124,25.691326530612244,8.854166666666666,0.6480501033057852,32,36,71,0.2690909090909091,0.26181818181818184,0.45454545454545453,1
14,25,87,4869.0,5342.0,8481.0,315,0.0490702947845805,0.05383723859914336,0.0854724111866969,24.841836734693878,8.5472,1.1204914783987316,32,25,82,0.38412698412698415,0.2507936507936508,0.26666666666666666,1
14,27,92,3153.5,4237.0,8611.5,235,0.057102761430511545,0.07672249886826618,0.15593481213218652,16.089285714285715,5.812071330589849,1.0174267485822306,29,25,71,0.2,0.37872340425531914,0.3617021276595745,1
19,29,71,2794.0,4353.0,7892.0,307,0.029644876868720093,0.04618616643147407,0.08373563645237615,7.739612188365651,5.175980975029726,1.565562388414997,24,35,74,0.250814332247557,0.1758957654723127,0.31596091205211724,1
14,23,111,4351.5,3378.5,6775.5,303,0.04739731398882462,0.036799224476903133,0.07379995425285103,22.2015306122449,6.386578449905482,0.5499147796445094,40,33,56,0.2739273927392739,0.27722772277227725,0.33993399339933994,1
24,30,77,4833.0,4348.0,7396.0,323,0.04632460773131152,0.04167585235169512,0.07089112327349059,8.390625,4.831111111111111,1.2474278967785462,38,19,67,0.3653250773993808,0.058823529411764705,0.21362229102167182,1
13,17,101,6116.0,4994.5,7899.5,223,0.12298658730318325,0.10043435419976271,0.1588509722697018,36.18934911242604,17.282006920415224,0.7743848642289971,37,27,73,0.47085201793721976,0.3811659192825112,0.4349775784753363,1
15,27,100,4049.0,5181.0,7286.0,247,0.06636725728990804,0.08492189676932911,0.11942500286842925,17.995555555555555,7.106995884773663,0.7286,23,31,62,0.3117408906882591,0.23481781376518218,0.46558704453441296,1
14,22,83,4012.5,5321.5,9304.5,239,0.07024561894924809,0.09316188442079096,0.16289105582885455,20.471938775510203,10.994834710743802,1.350631441428364,42,33,77,0.4560669456066946,0.3305439330543933,0.4686192468619247,1
15,29,123,3769.5,6466.0,11210.5,255,0.057970011534025374,0.09943867743175702,0.17240292195309495,16.753333333333334,7.6884661117717,0.7409941172582457,27,34,86,0.4117647058823529,0.32941176470588235,0.5098039215686274,1
19,19,105,6023.0,7084.0,13898.0,311,0.06227189545186671,0.07324159179495662,0.14369164917649735,16.68421052631579,19.62326869806094,1.2605895691609976,33,39,97,0.3890675241157556,0.29260450160771706,0.3183279742765273,1
16,20,117,3978.0,5328.0,7997.0,315,0.04009070294784581,0.05369614512471655,0.08059460821365583,15.5390625,13.32,0.5841916867557894,18,35,75,0.05714285714285714,0.3523809523809524,0.2571428571428571,1
15,22,117,3597.0,7036.5,12012.0,271,0.04897809125692733,0.09581160387249629,0.16355986438093162,15.986666666666666,14.538223140495868,0.8774928774928775,32,34,94,0.43911439114391143,0.41697416974169743,0.5313653136531366,1
17,24,104,4594.0,5417.0,12143.0,343,0.039048355702130916,0.04604374027828541,0.10321379697234996,15.896193771626297,9.40451388888889,1.1226886094674555,35,37,84,0.26239067055393583,0.34402332361516036,0.3294460641399417,1
19,38,87,4090.0,4137.0,14755.5,343,0.034764426386964614,0.03516391979532338,0.1254196805752705,11.329639889196676,2.8649584487534625,1.9494649227110583,36,33,101,0.23615160349854228,0.239067055393586,0.3236151603498542,1
14,21,91,4201.0,5389.5,12904.0,271,0.0572023801418826,0.07338543865143449,0.17570566849579936,21.433673469387756,12.22108843537415,1.5582659099142615,32,32,91,0.25461254612546125,0.28413284132841327,0.36531365313653136,1
19,31,148,4754.0,4734.0,7051.0,295,0.05462798046538351,0.05439816144785981,0.08102269462798047,13.168975069252078,4.926118626430801,0.32190467494521546,30,26,66,0.33220338983050846,0.3016949152542373,0.4101694915254237,1
14,23,186,5925.0,5978.0,10313.0,355,0.0470144812537195,0.04743503273160087,0.08183296964887919,30.229591836734695,11.300567107750473,0.29809804601688056,37,33,92,0.43661971830985913,0.14929577464788732,0.3126760563380282,1
19,35,110,7854.0,7112.5,12576.5,279,0.100897984352719,0.09137215606171555,0.16156652663763313,21.75623268698061,5.8061224489795915,1.0393801652892563,25,26,99,0.33691756272401435,0.24731182795698925,0.36200716845878134,1
14,22,102,4326.5,7046.0,15973.0,311,0.044731754220903426,0.0728487091738092,0.1651451080944159,22.073979591836736,14.557851239669422,1.535274894271434,41,33,112,0.36977491961414793,0.2829581993569132,0.36012861736334406,1
18,31,105,7365.0,7841.0,21501.0,311,0.07614685538817836,0.08106822716886715,0.2222991904550201,22.73148148148148,8.159209157127991,1.9502040816326531,50,47,136,0.17041800643086816,0.4437299035369775,0.6205787781350482,1
21,27,82,4585.0,5666.0,13199.0,275,0.06062809917355372,0.07492231404958678,0.1745322314049587,10.396825396825397,7.772290809327846,1.9629684711481261,27,28,103,0.3527272727272727,0.2109090909090909,0.49818181818181817,1
16,29,95,4075.0,4689.0,12637.0,327,0.0381093996951248,0.04385152764918778,0.11818122305455021,15.91796875,5.57550535077289,1.4002216066481994,38,28,96,0.41284403669724773,0.22324159021406728,0.3241590214067278,1
14,24,99,3320.5,5846.0,9044.0,271,0.04521316430876486,0.07960131261829223,0.12314647131711169,16.941326530612244,10.149305555555555,0.9227629833690439,48,33,83,0.3025830258302583,0.23985239852398524,0.5535055350553506,1
14,25,109,4662.5,5699.0,11829.0,287,0.05660503344704925,0.06918865107018417,0.14360985322147896,23.788265306122447,9.1184,0.9956232640350139,37,21,95,0.45993031358885017,0.14285714285714285,0.5435540069686411,1
14,23,111,7094.5,4410.5,9276.5,267,0.09951745711119528,0.06186788985678015,0.13012526476735542,36.19642857142857,8.337429111531192,0.7529015501988475,22,32,71,0.15730337078651685,0.41198501872659177,0.42696629213483145,1
16,26,156,6648.5,4256.5,7032.5,311,0.06873895017628023,0.044008023076684485,0.07270913245313841,25.970703125,6.296597633136095,0.2889751808021039,31,18,65,0.16720257234726688,0.1157556270096463,0.2508038585209003,1
20,33,76,6962.5,4588.5,16998.0,311,0.07198540130891946,0.04744057650355145,0.17574259984905036,17.40625,4.2134986225895315,2.9428670360110805,29,24,104,0.3086816720257235,0.13504823151125403,0.5337620578778135,1
14,22,89,9088.0,5585.5,16715.0,303,0.09898811663344552,0.06083826204402618,0.1820627607315187,46.36734693877551,11.540289256198347,2.1102133568993815,26,39,107,0.2376237623762376,0.4389438943894389,0.49504950495049505,1
14,24,97,4732.0,5731.0,10141.0,259,0.07054158405509757,0.0854340275189696,0.15117544461173804,24.142857142857142,9.949652777777779,1.0777978531193537,28,25,85,0.4362934362934363,0.21235521235521235,0.5173745173745173,1
14,23,92,8342.0,8599.0,24429.0,375,0.05932088888888889,0.06114844444444444,0.17371733333333333,42.56122448979592,16.255198487712665,2.8862240075614367,45,42,144,0.31733333333333336,0.264,0.6,1
14,20,92,8605.0,8109.0,22677.0,359,0.0667670176364243,0.06291850621891512,0.17595301091704751,43.9030612244898,20.2725,2.6792296786389413,50,47,136,0.3342618384401114,0.30919220055710306,0.3983286908077994,1
19,21,87,8585.0,7976.0,20619.5,415,0.04984758310349833,0.0463115111046596,0.1197241979968065,23.781163434903046,18.086167800453516,2.7242039899590433,53,38,124,0.363855421686747,0.3301204819277108,0.4433734939759036,1
14,22,84,10235.0,10568.5,27101.5,447,0.05122391884249458,0.05289301282725002,0.13563703336686536,52.21938775510204,21.835743801652892,3.840915532879819,50,52,157,0.38478747203579416,0.21700223713646533,0.4161073825503356,1
14,22,110,9055.0,8935.0,23271.0,375,0.06439111111111111,0.06353777777777778,0.16548266666666667,46.19897959183673,18.460743801652892,1.9232231404958677,54,51,133,0.38133333333333336,0.4746666666666667,0.4746666666666667,1
14,21,67,8145.0,5437.0,18272.0,367,0.06047264438818315,0.040367067837759577,0.13566067013638827,41.55612244897959,12.328798185941043,4.070394297170862,38,35,127,0.3460490463215259,0.25340599455040874,0.4032697547683924,1
14,24,75,7822.0,9243.5,20591.5,351,0.06348974440142531,0.07502780009902517,0.167137442066217,39.90816326530612,16.047743055555557,3.660711111111111,40,40,127,0.41025641025641024,0.38746438746438744,0.4358974358974359,1
14,24,82,7273.0,7042.0,18906.0,359,0.05643190229746821,0.05463955121391051,0.14669346141013803,37.107142857142854,12.225694444444445,2.811719214753123,46,46,126,0.30362116991643456,0.43175487465181056,0.4373259052924791,1
19,22,72,4608.0,6755.0,22504.0,391,0.030141090128923805,0.04418469266946187,0.14719945578587268,12.76454293628809,13.956611570247935,4.341049382716049,46,42,126,0.11764705882352941,0.2506393861892583,0.4859335038363171,1
14,24,103,6290.0,5490.0,12469.0,323,0.06029004399543751,0.05262199388473004,0.11951614603801436,32.09183673469388,9.53125,1.1753228390988784,32,29,101,0.44272445820433437,0.30959752321981426,0.43034055727554177,1
14,24,63,6289.0,5421.0,15806.0,303,0.06850090949689028,0.05904649870927687,0.1721617706325088,32.08673469387755,9.411458333333334,3.982363315696649,33,30,101,0.37293729372937295,0.24092409240924093,0.36633663366336633,1
14,25,91,6294.0,7213.0,13311.0,319,0.061850807283733454,0.07088177199516514,0.13080649757765744,32.11224489795919,11.5408,1.6074145634585195,38,35,106,0.4231974921630094,0.21316614420062696,0.4200626959247649,1
14,23,100,3843.0,4890.0,12230.0,267,0.05390733493245802,0.06859403273997391,0.17155521889772615,19.607142857142858,9.243856332703213,1.223,39,37,85,0.33707865168539325,0.4044943820224719,0.5955056179775281,1
19,22,94,5044.0,3499.0,11012.0,271,0.06868098201277216,0.04764368676897101,0.14994349205484675,13.97229916897507,7.229338842975206,1.2462652784065187,31,31,95,0.3505535055350554,0.35793357933579334,0.4059040590405904,1
14,22,89,5372.0,5399.0,14512.0,311,0.05554119581063058,0.05582034925197217,0.15003980521293203,27.408163265306122,11.15495867768595,1.8320919075874258,30,41,106,0.2829581993569132,0.40836012861736337,0.4983922829581994,1
14,24,82,4148.0,5420.0,17145.5,235,0.07511090991398824,0.09814395654142145,0.310466274332277,21.163265306122447,9.409722222222221,2.5498958953004163,42,35,100,0.3021276595744681,0.4851063829787234,0.6042553191489362,1
14,20,74,8010.0,8955.0,22775.5,287,0.09724532287632483,0.10871808568757664,0.27650572424091585,40.86734693877551,22.3875,4.159149013878744,51,50,141,0.6550522648083623,0.578397212543554,0.7247386759581882,1
14,22,59,6376.0,8564.5,26889.0,379,0.04438844062628358,0.05962434123961821,0.18719585633628283,32.53061224489796,17.695247933884296,7.7245044527434645,60,54,151,0.47229551451187335,0.2612137203166227,0.5197889182058048,1
14,24,107,8433.0,12899.0,24757.0,327,0.07886541536907668,0.12063144703494842,0.2315274621477803,43.025510204081634,22.39409722222222,2.16237225958599,60,60,153,0.42507645259938837,0.1834862385321101,0.5718654434250765,1
14,24,75,8728.0,8563.0,20897.0,303,0.09506693243581783,0.09326972301190516,0.2276138504939603,44.53061224489796,14.866319444444445,3.7150222222222222,56,54,148,0.5313531353135313,0.19141914191419143,0.6270627062706271,1
13,23,61,6737.0,10019.0,28117.0,303,0.0733806053872714,0.10912873465564378,0.3062553780130488,39.86390532544379,18.939508506616257,7.5563020693361995,53,53,158,0.6138613861386139,0.47194719471947194,0.6402640264026402,1
14,24,92,7262.0,7773.0,24990.0,295,0.0834472852628555,0.08931916116058604,0.28715886239586325,37.05102040816327,13.494791666666666,2.9525047258979207,43,43,146,0.5084745762711864,0.5288135593220339,0.6847457627118644,1
13,24,120,6993.0,4979.0,15156.0,323,0.0670283430302217,0.04772402687651564,0.14527120934735308,41.37869822485207,8.644097222222221,1.0525,41,38,110,0.43343653250773995,0.43343653250773995,0.43343653250773995,1
14,22,97,4222.0,4485.0,12713.0,271,0.057488323960730385,0.06106942988249071,0.17310494138151714,21.540816326530614,9.266528925619834,1.3511531512381763,40,29,105,0.3210332103321033,0.25830258302583026,0.6420664206642066,1
21,24,83,4678.0,3459.0,10249.0,303,0.0509536102125064,0.03767604483220599,0.1116339356707948,10.607709750566894,6.005208333333333,1.4877340688053418,34,31,89,0.44554455445544555,0.10231023102310231,0.3927392739273927,1
17,23,84,6043.0,8298.0,18920.0,323,0.05792253352375658,0.07953684977331327,0.18134938511823176,20.910034602076124,15.686200378071833,2.68140589569161,42,46,98,0.33746130030959753,0.34055727554179566,0.6222910216718266,1
16,23,125,5484.0,4939.0,10075.0,295,0.06301637460499857,0.056753806377477733,0.11577133007756392,21.421875,9.33648393194707,0.6448,31,31,82,0.3050847457627119,0.10508474576271186,0.4711864406779661,1
13,24,115,6981.0,7876.0,17473.0,359,0.054166246382321676,0.06111063694415779,0.13557467741560045,41.30769230769231,13.67361111111111,1.3212098298676749,42,36,126,0.3147632311977716,0.3286908077994429,0.403899721448468,1
14,22,103,5256.5,8357.5,20648.0,339,0.045740117123937316,0.07272387118107221,0.1796712524255793,26.818877551020407,17.267561983471076,1.946272033179376,55,49,131,0.5073746312684366,0.4277286135693215,0.49557522123893805,1
17,17,80,4287.0,6372.0,18778.0,327,0.04009202367926381,0.059590943523272454,0.17561185459510517,14.833910034602075,22.048442906574394,2.9340625,44,39,121,0.4740061162079511,0.42507645259938837,0.5504587155963303,1
14,22,94,6127.5,8734.5,20155.5,335,0.05460013366005792,0.07783025172644241,0.17959901982624193,31.262755102040817,18.046487603305785,2.2810660932548665,48,50,129,0.22388059701492538,0.21791044776119403,0.408955223880597,1
14,25,76,6192.0,6888.0,26851.0,335,0.05517487190911116,0.06137669859656939,0.23926041434617956,31.591836734693878,11.0208,4.648718836565097,49,46,138,0.3641791044776119,0.33134328358208953,0.5880597014925373,1
14,18,171,7383.5,8592.5,18997.0,259,0.11006842474023941,0.12809141187519565,0.2831949434266037,37.670918367346935,26.520061728395063,0.6496699839266783,56,53,130,0.5405405405405406,0.3783783783783784,0.6447876447876448,1
13,25,121,4555.0,5390.0,12425.0,287,0.05529993079920844,0.06543723973825104,0.15084558511090337,26.952662721893493,8.624,0.8486442182911004,30,1,101,0.10452961672473868,0.003484320557491289,0.3623693379790941,1
14,20,107,5954.5,6938.0,22274.5,351,0.048331588217628105,0.05631447796689962,0.18079804547041015,30.380102040816325,17.345,1.9455410952921652,46,42,133,0.3162393162393162,0.13105413105413105,0.5014245014245015,1
19,17,100,5711.0,4673.0,12782.0,327,0.053409271572725826,0.043701895650384834,0.1195372630437019,15.81994459833795,16.169550173010382,1.2782,37,35,104,0.2324159021406728,0.2996941896024465,0.43425076452599387,1
14,24,106,6438.5,7624.0,13181.5,287,0.07816654323835423,0.09255909383384525,0.1600298656047785,32.849489795918366,13.23611111111111,1.1731488074047705,39,38,110,0.42160278745644597,0.49825783972125437,0.3832752613240418,1
13,17,91,6953.0,7983.5,16116.0,287,0.08441282521336911,0.09692359989801988,0.19565613276839589,41.142011834319526,27.624567474048444,1.9461417703175945,47,43,118,0.3693379790940767,0.3693379790940767,0.5261324041811847,1
14,24,131,5494.0,5897.0,14218.0,351,0.04459379388154317,0.04786487122669459,0.11540490742769945,28.03061224489796,10.237847222222221,0.8285064972903677,37,36,114,0.4045584045584046,0.37037037037037035,0.4472934472934473,1
13,24,108,8209.0,11867.0,19011.0,319,0.08066941166065585,0.11661638545218699,0.1868200980729356,48.57396449704142,20.602430555555557,1.6298868312757202,50,44,119,0.47648902821316613,0.3322884012539185,0.6206896551724138,1
16,24,104,10113.0,9136.0,20857.0,307,0.107300873218814,0.09693471548769748,0.22129677768464387,39.50390625,15.86111111111111,1.9283468934911243,58,39,127,0.5537459283387622,0.31921824104234525,0.5374592833876222,1
14,22,97,4303.5,4690.0,13261.5,291,0.050820136748503206,0.05538432470093645,0.1566053778297375,21.956632653061224,9.690082644628099,1.4094484004676373,30,31,106,0.18900343642611683,0.22336769759450173,0.3848797250859107,1
14,18,89,3976.5,7178.0,16690.5,287,0.04827665748036276,0.08714443540652429,0.20263084412825214,20.288265306122447,22.15432098765432,2.1071203130917815,43,44,111,0.37630662020905925,0.5156794425087108,0.4738675958188153,1
14,24,150,4742.0,6649.0,18769.0,303,0.051650709625417984,0.07242209369451796,0.20443529501465,24.193877551020407,11.543402777777779,0.8341777777777778,47,43,122,0.528052805280528,0.30363036303630364,0.4752475247524752,1
14,24,101,4144.0,5898.0,15955.0,335,0.03692581866785476,0.05255513477389174,0.14216974827355758,21.142857142857142,10.239583333333334,1.5640623468287422,37,35,109,0.25970149253731345,0.3761194029850746,0.4388059701492537,1
14,25,124,5337.0,5924.0,13777.0,287,0.06479379378164116,0.07192026126333936,0.16725952724932924,27.229591836734695,9.4784,0.8960067637877211,43,43,114,0.27526132404181186,0.5261324041811847,0.5331010452961672,1
19,25,119,8186.0,7585.5,17096.5,399,0.05141927500455399,0.04764731377315469,0.1073894008203466,22.67590027700831,12.1368,1.207294682578914,47,47,128,0.2756892230576441,0.3659147869674185,0.45864661654135336,1
15,26,147,7141.0,7602.0,16062.0,319,0.07017423177838268,0.07470445455528149,0.15784043002722065,31.73777777777778,11.245562130177515,0.7433014021935305,45,44,122,0.34796238244514105,0.3887147335423197,0.5203761755485894,1
14,24,100,7320.0,7832.0,19451.0,339,0.0636959302477354,0.06815116471315077,0.16925540153670782,37.3469387755102,13.597222222222221,1.9451,49,46,134,0.26843657817109146,0.3775811209439528,0.4778761061946903,1
14,18,104,6624.0,7851.0,13920.0,315,0.06675736961451247,0.07912320483749055,0.14028722600151172,33.795918367346935,24.23148148148148,1.28698224852071,36,36,123,0.4634920634920635,0.3619047619047619,0.5174603174603175,1
17,25,106,7516.5,5764.0,13394.5,335,0.0669770550233905,0.05136110492314547,0.1193539763867231,26.008650519031143,9.2224,1.1921057315770738,45,42,119,0.33432835820895523,0.28955223880597014,0.3582089552238806,1
24,33,89,7026.5,6126.0,12796.5,303,0.07653389101286366,0.06672548442963108,0.13938175995817403,12.198784722222221,5.62534435261708,1.61551571771241,27,37,108,0.2508250825082508,0.20462046204620463,0.38283828382838286,1
14,21,100,8393.0,6964.0,18965.5,279,0.1078223558279056,0.08946442106344986,0.2436440950141956,42.82142857142857,15.791383219954648,1.89655,46,30,121,0.33691756272401435,0.34767025089605735,0.6272401433691757,1
17,22,86,7476.0,4303.0,12036.0,319,0.07346625917591218,0.04228535490020735,0.1182771395721347,25.868512110726645,8.890495867768594,1.6273661438615468,30,35,104,0.322884012539185,0.109717868338558,0.45768025078369906,1
15,27,99,5469.0,8332.0,10779.0,343,0.04648573298540574,0.07082083145628097,0.09161998827019355,24.30666666666667,11.429355281207133,1.0997857361493726,44,43,108,0.4606413994169096,0.3119533527696793,0.4606413994169096,1
14,24,105,5899.0,7149.0,15976.0,319,0.05796916303888523,0.07025284735802517,0.1569953125460638,30.096938775510203,12.411458333333334,1.4490702947845806,49,46,128,0.4827586206896552,0.34169278996865204,0.46394984326018807,1
15,18,89,5392.0,6684.0,16577.0,311,0.055747976137550274,0.0691059852565627,0.17138987396739075,23.964444444444446,20.62962962962963,2.0927913142280015,17,30,116,0.05466237942122187,0.2347266881028939,0.5305466237942122,1
21,34,96,4983.0,6858.0,14339.0,287,0.06049606041107698,0.08325947868737024,0.17408248248734354,11.299319727891156,5.932525951557094,1.5558810763888888,42,41,108,0.40418118466898956,0.445993031358885,0.5261324041811847,1
14,23,110,3667.0,3459.0,7954.0,291,0.043303692681947545,0.040847415594997695,0.09392898052691867,18.709183673469386,6.53875236294896,0.6573553719008265,38,25,82,0.3711340206185567,0.23367697594501718,0.35051546391752575,1
