SrcIPF0,DstIPF0,DstPortF0,SrcIPF2,DstIPF2,DstPortF2,Events_F1,SrcIP_BurstIndex,DstIP_BurstIndex,DstPort_BurstIndex,SrcIP_Concentration,DstIP_Concentration,DstPort_Concentration,SrcIP_MaxCount,DstIP_MaxCount,DstPort_MaxCount,SrcIP_FractionOfMass,DstIP_FractionOfMass,DstPort_FractionOfMass,Attack
14,28,20,893.5,816.5,4975.5,101,0.08758945201450838,0.08004117243407509,0.4877462993824135,4.558673469387755,1.041454081632653,12.43875,14,12,67,0.4158415841584158,0.33663366336633666,0.8613861386138614,1
14,26,17,626.0,641.5,4607.5,91,0.07559473493539427,0.07746648955440165,0.5563941552952542,3.193877551020408,0.9489644970414202,15.942906574394463,12,0,65,0.32967032967032966,0.0,0.9230769230769231,1
17,26,39,20990.5,23132.5,106144.5,567,0.06529150297521844,0.07195425037870658,0.3301652622640277,72.63148788927336,34.219674556213015,69.78599605522682,72,66,299,0.43738977072310403,0.3509700176366843,0.8148148148148148,0
14,20,258,72895.0,68757.0,186706.5,823,0.10762125938797837,0.10151196833444308,0.2756511237522681,371.91326530612247,171.8925,2.8049170722913286,98,98,425,0.30984204131227217,0.32806804374240583,0.7618469015795869,0
14,19,105,19264.75,14710.0,29185.25,447,0.09641582711489473,0.07362030739356085,0.14606574278435908,98.28954081632654,40.74792243767313,2.64718820861678,58,70,158,0.13646532438478748,0.15883668903803133,0.6465324384787472,0
14,22,82,6027.5,4859.0,4316.0,295,0.06926170640620512,0.05583453030738294,0.04959494398161448,30.752551020408163,10.039256198347108,0.6418798334324807,33,39,50,0.3423728813559322,0.423728813559322,0.21016949152542372,0
14,22,105,6364.25,8767.75,5373.25,303,0.06932054591597774,0.09549989652430589,0.058526397194174865,32.47066326530612,18.115185950413224,0.4873696145124717,39,45,49,0.46864686468646866,0.3927392739273927,0.23102310231023102,0
16,22,112,7418.5,6524.25,4322.25,215,0.16048674959437534,0.14114115738236885,0.09350459707950243,28.978515625,13.479855371900827,0.3445671237244898,40,34,43,0.5069767441860465,0.29767441860465116,0.20465116279069767,0
16,20,92,5537.5,4032.25,4466.75,203,0.13437598582833846,0.09784877089956077,0.10839258414424034,21.630859375,10.080625,0.5277351134215501,35,30,48,0.5566502463054187,0.2413793103448276,0.5073891625615764,1
14,22,110,5391.75,5530.25,4715.0,247,0.0883763051353079,0.09064646199741022,0.07728367945712927,27.508928571428573,11.426136363636363,0.3896694214876033,36,39,47,0.41700404858299595,0.3603238866396761,0.5020242914979757,0
14,23,79,6470.5,5751.0,4454.5,223,0.1301152245168815,0.11564680568682258,0.08957549920569487,33.01275510204081,10.871455576559546,0.7137477968274315,40,38,48,0.4484304932735426,0.5695067264573991,0.24663677130044842,0
15,25,150,5444.0,4656.5,2789.5,243,0.09219461802909448,0.07885823637995563,0.04724042744161629,24.195555555555554,7.4504,0.12397777777777778,48,36,33,0.5473251028806584,0.5679012345679012,0.32510288065843623,0
14,22,123,5272.25,5517.75,2906.5,239,0.0922996796274575,0.09659757357189125,0.05088321282890706,26.899234693877553,11.400309917355372,0.19211448212043097,36,35,20,0.5397489539748954,0.3891213389121339,0.21338912133891214,0
16,26,70,4935.0,4695.0,3666.75,255,0.07589388696655133,0.07220299884659746,0.056389850057670124,19.27734375,6.945266272189349,0.7483163265306122,39,28,25,0.36470588235294116,0.2980392156862745,0.09803921568627451,0
16,22,106,4461.25,5258.75,5091.5,227,0.08657746123542083,0.10205418308137165,0.09880843796697006,17.4267578125,10.865185950413224,0.4531416874332503,19,19,46,0.15418502202643172,0.22466960352422907,0.3876651982378855,0
14,19,99,6717.0,7621.75,8213.5,271,0.09146117291431217,0.10378058577633748,0.1118380741002982,34.27040816326531,21.11288088642659,0.8380267319661259,49,15,70,0.5092250922509225,0.07749077490774908,0.5608856088560885,0
14,23,90,4734.25,3807.25,3327.0,223,0.0952009893623439,0.07655995495586077,0.0669026121578958,24.154336734693878,7.197069943289225,0.41074074074074074,40,31,37,0.43946188340807174,0.3811659192825112,0.16591928251121077,1
13,25,80,6436.0,6006.5,4379.0,263,0.09304746345906403,0.0868380343795631,0.06330870765805491,38.082840236686394,9.6104,0.68421875,43,34,46,0.40304182509505704,0.4220532319391635,0.3269961977186312,0
14,17,92,4375.5,4316.0,3708.0,203,0.10617826203013905,0.10473440267902642,0.0899803440995899,22.323979591836736,14.934256055363322,0.43809073724007563,38,33,43,0.4630541871921182,0.5073891625615764,0.3793103448275862,0
17,24,117,4927.5,4418.5,4729.0,213,0.10860940289625075,0.09739028852300029,0.10423416870550375,17.05017301038062,7.671006944444445,0.3454598582803711,38,29,48,0.38497652582159625,0.5586854460093896,0.47417840375586856,1
14,28,91,6565.5,6674.0,4466.0,275,0.08681652892561983,0.08825123966942149,0.05905454545454546,33.49744897959184,8.512755102040817,0.5393068469991547,42,40,32,0.39636363636363636,0.36727272727272725,0.3090909090909091,0
14,28,105,7011.0,5420.5,4876.0,311,0.07248684360169974,0.05604263810341084,0.0504130437030221,35.77040816326531,6.91390306122449,0.4422675736961451,30,25,44,0.2958199356913183,0.21543408360128619,0.2508038585209003,1
14,18,120,6477.0,4106.5,6428.0,287,0.07863395209362746,0.04985492114751909,0.078039068096007,33.045918367346935,12.674382716049383,0.4463888888888889,42,31,49,0.32752613240418116,0.32752613240418116,0.3310104529616725,1
14,22,70,5246.0,4650.75,5142.25,247,0.08598731334721106,0.07623055614745365,0.08428674457866872,26.76530612244898,9.608987603305785,1.0494387755102041,21,28,37,0.08502024291497975,0.19433198380566802,0.4008097165991903,1
14,20,89,6339.5,4693.0,5965.5,255,0.09749327181853133,0.07217224144559785,0.09174163783160323,32.34438775510204,11.7325,0.7531246054791062,52,28,46,0.20392156862745098,0.3764705882352941,0.3333333333333333,1
16,23,94,4939.0,4602.5,3427.5,227,0.09584893943216441,0.08931863610782279,0.06651594247899241,19.29296875,8.700378071833649,0.3879017655047533,32,29,32,0.23348017621145375,0.23348017621145375,0.20704845814977973,1
16,30,117,6996.5,5804.5,5997.0,335,0.06234350634885275,0.051721987079527736,0.0534372911561595,27.330078125,6.4494444444444445,0.438088976550515,29,35,44,0.3373134328358209,0.29850746268656714,0.2208955223880597,1
14,28,84,4877.75,4233.25,3861.75,263,0.07051930778238806,0.06120154982723475,0.055830646676979574,24.886479591836736,5.399553571428571,0.5473001700680272,30,24,34,0.4068441064638783,0.24714828897338403,0.12927756653992395,0
14,23,123,5235.0,5526.5,6461.5,287,0.0635554638274108,0.0670944165887652,0.07844577450254343,26.709183673469386,10.447069943289225,0.42709366118051423,32,36,46,0.3170731707317073,0.445993031358885,0.397212543554007,0
14,23,113,5880.75,4111.25,4178.25,223,0.11825594723400833,0.08267308813770637,0.08402039051659997,30.003826530612244,7.771739130434782,0.32721826298065626,44,40,39,0.5201793721973094,0.515695067264574,0.4618834080717489,0
14,22,99,5068.25,4542.25,3608.0,219,0.10567440211838786,0.09470715789912637,0.07522778924542858,25.85841836734694,9.384814049586776,0.3681257014590348,29,35,0,0.5159817351598174,0.5159817351598174,0.0,0
16,29,109,6449.75,5385.0,4189.75,295,0.07411376041367423,0.061878770468256246,0.04814421143349612,25.1943359375,6.403091557669441,0.352642875178857,40,31,36,0.30847457627118646,0.29152542372881357,0.3525423728813559,1
16,22,102,6211.25,5367.75,4841.25,255,0.09552095347943099,0.08254901960784314,0.07445213379469434,24.2626953125,11.090392561983471,0.46532583621683965,34,26,36,0.4235294117647059,0.4666666666666667,0.3137254901960784,1
14,22,91,7228.0,7256.5,5412.5,283,0.09024959732297819,0.09060545143527825,0.0675810660640038,36.87755102040816,14.992768595041323,0.6536046371211206,44,26,30,0.3957597173144876,0.2579505300353357,0.12014134275618374,1
14,17,112,5172.5,6012.25,6049.0,223,0.10401375454965915,0.12090027951497115,0.12163928492428965,26.39030612244898,20.80363321799308,0.48222257653061223,28,34,47,0.452914798206278,0.4663677130044843,0.2914798206278027,1
14,24,94,5191.0,4502.0,5676.0,243,0.08791004081356162,0.07624176531355314,0.0961235584006503,26.48469387755102,7.815972222222222,0.6423721140787687,26,27,48,0.42386831275720166,0.15637860082304528,0.40329218106995884,1
16,22,75,6439.25,4730.5,5342.5,259,0.09599215873347147,0.07051922302887553,0.07964252172746382,25.1533203125,9.773760330578513,0.9497777777777778,28,25,41,0.36293436293436293,0.3474903474903475,0.3861003861003861,1
14,26,73,5393.25,4295.0,5440.5,239,0.09441798988112954,0.07519126065720139,0.0952451812818403,27.51658163265306,6.353550295857988,1.0209232501407393,40,28,41,0.502092050209205,0.401673640167364,0.41422594142259417,1
14,27,76,6749.0,5811.5,5166.0,247,0.11062302283269682,0.09525643757478405,0.08467603140520251,34.433673469387756,7.971879286694102,0.8943905817174516,41,28,28,0.24696356275303644,0.5182186234817814,0.3643724696356275,1
16,25,79,6096.5,5568.5,4677.0,247,0.09992787949318953,0.09127341867593305,0.07666082053467521,23.814453125,8.9096,0.7493991347540458,27,31,43,0.27125506072874495,0.25101214574898784,0.17408906882591094,1
14,22,92,4755.5,6018.0,6247.5,255,0.07313341022683584,0.09254901960784313,0.09607843137254903,24.262755102040817,12.433884297520661,0.7381261814744802,42,33,46,0.33725490196078434,0.29411764705882354,0.2627450980392157,1
14,22,82,6716.25,5538.5,6116.5,255,0.10328719723183391,0.08517493271818531,0.0940638216070742,34.266581632653065,11.443181818181818,0.909651992861392,31,36,46,0.42745098039215684,0.396078431372549,0.2823529411764706,1
16,21,89,5521.5,5306.5,4764.0,267,0.07745234187602576,0.07443644882099623,0.06682657913563102,21.568359375,12.032879818594104,0.6014392122206792,38,25,35,0.33707865168539325,0.18726591760299627,0.31086142322097376,0
14,31,96,3973.25,3432.0,3812.5,223,0.07989804741700014,0.0690140561845201,0.07666552715719198,20.271683673469386,3.5712799167533817,0.4136827256944444,22,0,30,0.3452914798206278,0.0,0.32286995515695066,1
16,29,95,5602.0,5376.0,6186.5,255,0.08615148019992311,0.08267589388696656,0.09514033064206075,21.8828125,6.3923900118906065,0.6854847645429363,29,33,42,0.2980392156862745,0.30980392156862746,0.35294117647058826,1
14,26,83,7957.0,7538.0,7439.5,287,0.09660187691971495,0.09151501171557261,0.090319173475458,40.5969387755102,11.150887573964496,1.0799100014515894,47,22,28,0.34494773519163763,0.13937282229965156,0.18815331010452963,1
14,26,95,5632.0,6292.0,7278.0,215,0.1218388318009735,0.1361168199026501,0.15744726879394266,28.73469387755102,9.307692307692308,0.806426592797784,32,39,43,0.5348837209302325,0.4046511627906977,0.4930232558139535,1
16,26,74,5438.5,5373.5,6298.5,243,0.09210147504614812,0.09100069433860014,0.10666565056139816,21.244140625,7.94896449704142,1.1502008765522278,30,32,44,0.5349794238683128,0.4403292181069959,0.4732510288065844,1
14,29,100,9967.0,8512.5,10277.5,319,0.09794518528709427,0.08365189021334303,0.10099645247196863,50.85204081632653,10.121878715814507,1.02775,45,51,68,0.29780564263322884,0.47335423197492166,0.5047021943573667,1
14,29,79,8204.0,9300.0,10491.5,335,0.0731031410113611,0.08286923591000223,0.09348629984406327,41.857142857142854,11.058263971462544,1.6810607274475244,50,13,68,0.27761194029850744,0.03880597014925373,0.41492537313432837,1
16,28,99,6193.25,6530.0,6410.25,287,0.07518908812781508,0.07927739805023734,0.07782357440299141,24.1923828125,8.329081632653061,0.6540404040404041,43,39,39,0.519163763066202,0.4808362369337979,0.36585365853658536,1
14,26,70,7520.0,6113.25,6736.5,311,0.07774940292180602,0.06320499167709184,0.0696487836147269,38.36734693877551,9.04326923076923,1.374795918367347,33,31,48,0.19614147909967847,0.2604501607717042,0.5080385852090032,1
14,21,101,10764.5,7854.5,9385.25,387,0.0718740193230909,0.05244409724308769,0.06266483718259452,54.920918367346935,17.810657596371883,0.9200323497696304,77,45,67,0.4496124031007752,0.21963824289405684,0.30749354005167956,1
16,22,87,10845.0,8397.0,10195.0,343,0.09218097901384627,0.07137332234018139,0.08665607017484211,42.36328125,17.34917355371901,1.3469414717928392,44,38,60,0.41690962099125367,0.2886297376093295,0.5072886297376094,1
15,32,100,10715.0,8723.5,10831.5,259,0.15973226397936824,0.13004427483191963,0.16146897034927923,47.62222222222222,8.51904296875,1.08315,61,35,60,0.555984555984556,0.3088803088803089,0.6486486486486487,1
14,23,91,7545.5,7675.0,6888.75,295,0.08670496983625395,0.08819304797471991,0.07915828784831945,38.49744897959184,14.508506616257089,0.8318741697862577,44,0,41,0.26101694915254237,0.0,0.29491525423728815,1
16,24,103,11268.5,7317.5,12032.5,335,0.10040989084428603,0.06520383158832702,0.10721764312764535,44.017578125,12.703993055555555,1.13417852766519,48,19,66,0.3582089552238806,0.056716417910447764,0.417910447761194,1
14,22,132,10101.0,7887.5,10609.5,339,0.08789516276398569,0.06863410516789795,0.09231994152504765,51.535714285714285,16.296487603305785,0.6089015151515151,44,41,66,0.43952802359882004,0.23008849557522124,0.504424778761062,0
14,26,104,10069.0,6559.5,10515.0,287,0.12224259126613167,0.07963554249778436,0.12765724969345263,51.37244897959184,9.703402366863905,0.9721708579881657,48,32,61,0.36585365853658536,0.1986062717770035,0.5714285714285714,1
16,27,95,7684.5,6284.0,7859.0,235,0.13914893617021276,0.11378904481665912,0.1423087369850611,30.017578125,8.62002743484225,0.8708033240997229,42,41,56,0.4553191489361702,0.4595744680851064,0.4297872340425532,1
14,32,92,11042.5,11442.5,13597.5,375,0.07852444444444444,0.0813688888888889,0.09669333333333334,56.339285714285715,11.17431640625,1.6065099243856333,42,50,72,0.16533333333333333,0.23733333333333334,0.488,1
14,22,104,8026.5,7286.0,7500.0,315,0.08089191232048375,0.07342907533383723,0.07558578987150416,40.951530612244895,15.053719008264462,0.6934171597633136,46,38,51,0.37142857142857144,0.273015873015873,0.4634920634920635,1
16,32,102,9756.25,7392.75,9900.25,307,0.10351568716909464,0.07843849802119916,0.10504355483877813,38.1103515625,7.219482421875,0.9515811226451365,40,24,58,0.250814332247557,0.13680781758957655,0.3778501628664495,1
14,20,119,7355.0,7120.5,8832.0,247,0.12055598354341163,0.11671228835089904,0.1447655263977446,37.525510204081634,17.80125,0.623684768024857,40,44,55,0.5425101214574899,0.4534412955465587,0.6396761133603239,1
16,27,85,9340.5,8823.25,11397.25,279,0.11999460438586348,0.11334964864274612,0.1464170552793515,36.486328125,12.103223593964335,1.5774740484429066,33,44,79,0.4050179211469534,0.37992831541218636,0.4157706093189964,1
15,32,100,9561.5,9679.0,12297.0,311,0.09885650479213408,0.1000713392127873,0.1271388840065756,42.495555555555555,9.4521484375,1.2297,48,49,73,0.44694533762057875,0.5755627009646302,0.5980707395498392,1
14,22,89,5770.5,6536.0,7109.0,295,0.06630853203102556,0.0751048549267452,0.0816891697787992,29.441326530612244,13.50413223140496,0.8974876909481126,24,33,46,0.17966101694915254,0.21016949152542372,0.2983050847457627,1
14,26,99,13161.0,9130.0,11026.0,279,0.1690754229776082,0.11729037396744646,0.14164771778368726,67.14795918367346,13.505917159763314,1.1249872461993675,71,48,68,0.6738351254480287,0.17204301075268819,0.6666666666666666,1
14,26,92,12589.5,7972.0,9895.0,271,0.17142331939924565,0.10854972018354869,0.13473400416660994,64.23214285714286,11.792899408284024,1.169068998109641,51,44,72,0.3874538745387454,0.4317343173431734,0.3062730627306273,1
16,20,79,7565.0,6835.25,7211.0,239,0.1324381575952802,0.1196626459620805,0.12624078710106615,29.55078125,17.088125,1.155423810286813,46,27,53,0.6443514644351465,0.19246861924686193,0.37656903765690375,0
16,29,96,6767.25,7800.75,8338.25,343,0.057520675908847504,0.06630528096286412,0.07087395557973293,26.4345703125,9.275564803804993,0.9047580295138888,57,32,65,0.17201166180758018,0.09620991253644315,0.3498542274052478,1
14,25,85,8637.5,7859.5,8855.5,311,0.08930325368844408,0.08125949897126787,0.09155715925186877,44.06887755102041,12.5752,1.225674740484429,51,33,57,0.4983922829581994,0.3633440514469453,0.5048231511254019,0
14,22,111,10401.75,7378.5,7718.0,287,0.12628233922956453,0.08957860360086926,0.09370029987009676,53.07015306122449,15.244834710743802,0.6264101939777615,52,47,59,0.5993031358885017,0.4076655052264808,0.43902439024390244,0
14,20,103,9145.0,8495.5,9683.0,279,0.11748307447232179,0.1091391426112203,0.12439459924718337,46.65816326530612,21.23875,0.9127156188142144,45,31,61,0.5448028673835126,0.1935483870967742,0.5842293906810035,0
14,24,90,8564.0,9719.25,11485.5,287,0.10397115419636029,0.11799645497699378,0.13943959499326203,43.69387755102041,16.873697916666668,1.4179629629629629,57,53,67,0.5017421602787456,0.5853658536585366,0.6445993031358885,1
16,22,83,7471.5,8412.5,13134.0,303,0.08138091036826454,0.09163045017373024,0.14305787014344998,29.185546875,17.38119834710744,1.9065176368123096,52,37,72,0.5214521452145214,0.2838283828382838,0.594059405940594,0
17,21,94,7593.0,8742.5,8163.5,343,0.06453943509932086,0.0743100238846059,0.06938860508801604,26.273356401384085,19.824263038548754,0.9238909008601177,45,43,60,0.4314868804664723,0.4518950437317784,0.40524781341107874,0
14,23,82,7411.5,7978.75,10317.0,375,0.052704,0.056737777777777776,0.07336533333333334,37.81377551020408,15.082703213610586,1.5343545508625818,46,38,60,0.38133333333333336,0.38666666666666666,0.39466666666666667,0
14,20,81,7897.5,6822.5,8972.5,343,0.0671276423939005,0.05799029316016286,0.07626499162763814,40.29336734693877,17.05625,1.3675506782502667,35,37,61,0.3877551020408163,0.2594752186588921,0.3206997084548105,1
14,22,85,9322.5,9623.5,11377.5,319,0.09161171765214571,0.09456962883619462,0.11180609467281179,47.56377551020408,19.88326446280992,1.5747404844290658,49,34,62,0.3981191222570533,0.26959247648902823,0.46394984326018807,1
14,26,96,8213.75,8829.0,8901.75,311,0.08492209551183301,0.09128317531870019,0.09203533875787058,41.90688775510204,13.060650887573965,0.9659016927083334,44,44,54,0.4983922829581994,0.40836012861736337,0.2540192926045016,1
17,32,84,8577.5,9028.0,10705.5,343,0.07290754702547408,0.07673673384389157,0.09099524857839845,29.67993079584775,8.81640625,1.5172193877551021,52,34,78,0.46355685131195334,0.2653061224489796,0.40233236151603496,0
14,19,100,8338.5,8514.0,7519.0,283,0.10411542159347725,0.10630673375869346,0.09388305510119992,42.54336734693877,23.58448753462604,0.7519,36,39,49,0.3215547703180212,0.28975265017667845,0.558303886925795,1
14,17,108,5448.5,6443.25,6850.0,267,0.07642834097827154,0.09038210663636746,0.09608775547419658,27.7984693877551,22.294982698961938,0.5872770919067215,37,35,48,0.41947565543071164,0.449438202247191,0.36704119850187267,1
14,22,93,6420.25,5600.5,4895.25,251,0.10190711258551452,0.08889541435850225,0.07770114760083173,32.75637755102041,11.571280991735538,0.5659902878945543,35,36,42,0.38645418326693226,0.30677290836653387,0.4302788844621514,0
14,18,78,5716.0,6451.0,6237.5,283,0.07137060020726942,0.08054789047185007,0.07788210615690044,29.163265306122447,19.910493827160494,1.0252301117685734,38,43,57,0.23674911660777384,0.36395759717314485,0.3392226148409894,0
14,24,87,6011.0,5033.0,5698.5,227,0.1166527586407654,0.09767315492247085,0.11058821246288497,30.668367346938776,8.737847222222221,0.7528735632183908,35,33,55,0.5726872246696035,0.6387665198237885,0.40969162995594716,1
17,24,85,5492.5,5270.25,5879.75,271,0.07478792500102123,0.07176168625154886,0.0800608651842976,19.005190311418684,9.149739583333334,0.8138062283737024,37,36,48,0.5202952029520295,0.3874538745387454,0.23247232472324722,0
14,28,94,4982.25,4944.0,5224.5,235,0.09021729289271163,0.0895246717971933,0.09460389316432775,25.419642857142858,6.3061224489795915,0.5912743322770484,28,19,44,0.502127659574468,0.1702127659574468,0.44680851063829785,1
14,23,99,4866.5,4646.0,3976.75,307,0.05163450010079682,0.04929495273159397,0.04219408163481841,24.82908163265306,8.782608695652174,0.4057494133251709,40,33,14,0.4234527687296417,0.3257328990228013,0.09446254071661238,1
14,29,121,5784.5,4437.5,6137.0,223,0.11632045687626938,0.08923364636328902,0.12340887610850812,29.512755102040817,5.276456599286564,0.41916535755754386,11,23,49,0.04932735426008968,0.1031390134529148,0.5426008968609866,1
14,22,76,4984.5,4676.5,4771.0,243,0.08441294518112076,0.07919693813612423,0.0807973039340209,25.431122448979593,9.662190082644628,0.8260041551246537,34,31,40,0.6049382716049383,0.4444444444444444,0.2839506172839506,1
14,32,98,4959.5,4294.0,5091.0,239,0.08682446035608621,0.07517375396089004,0.08912659092102729,25.303571428571427,4.193359375,0.53009162848813,37,31,47,0.42677824267782427,0.38493723849372385,0.3682008368200837,1
17,28,94,6693.5,6122.0,7302.5,239,0.11718107175994819,0.10717599481801789,0.12784264981355367,23.16089965397924,7.808673469387755,0.8264486192847442,37,34,54,0.46443514644351463,0.3138075313807531,0.301255230125523,1
14,27,72,6229.75,6350.25,6352.75,263,0.0900656363399789,0.091807746244705,0.09184388960372421,31.784438775510203,8.710905349794238,1.2254533179012346,25,29,50,0.24334600760456274,0.22813688212927757,0.23954372623574144,1
14,23,117,7551.5,5245.5,7452.0,343,0.06418669091959983,0.04458601433076354,0.06334095487424457,38.5280612244898,9.915879017013232,0.5443786982248521,36,8,51,0.35276967930029157,0.023323615160349854,0.17201166180758018,1
14,22,103,4994.0,5154.75,6197.25,251,0.07926858303836447,0.0818201298392089,0.09836748623037729,25.479591836734695,10.650309917355372,0.584150249787916,28,31,46,0.4541832669322709,0.545816733067729,0.18326693227091634,1
14,25,139,4669.75,4482.5,3804.75,265,0.06649697401210396,0.06383054467782129,0.05417942328230687,23.825255102040817,7.172,0.19692303710988043,28,26,0,0.4377358490566038,0.2981132075471698,0.0,1
17,29,91,5113.0,4822.75,5744.0,259,0.0762212847154932,0.07189442614153038,0.08562782307956053,17.69204152249135,5.734542211652794,0.6936360342953749,33,24,55,0.4671814671814672,0.18146718146718147,0.3667953667953668,0
14,23,104,5454.0,6009.5,4432.0,275,0.07211900826446281,0.07946446280991736,0.05860495867768595,27.8265306122449,11.360113421550095,0.40976331360946744,32,28,40,0.41454545454545455,0.44727272727272727,0.2290909090909091,1
14,26,109,5976.5,5672.0,5478.0,279,0.07677830449249111,0.07286648424352205,0.07037422438046788,30.492346938775512,8.390532544378699,0.4610723003114216,31,27,47,0.45161290322580644,0.0967741935483871,0.3154121863799283,1
15,26,122,8696.0,6540.5,5405.5,359,0.06747309533600764,0.050748364770602336,0.04194179126481017,38.64888888888889,9.675295857988166,0.3631752217145929,38,31,46,0.37604456824512533,0.21727019498607242,0.20891364902506965,0
14,20,78,7860.25,6571.0,6058.75,295,0.09032174662453318,0.07550703820741167,0.06962079862108589,40.10331632653061,16.4275,0.9958497698882314,29,45,51,0.22372881355932203,0.26101694915254237,0.2745762711864407,1
14,29,119,7902.5,5037.0,5274.0,279,0.10152104931848255,0.06470882953713339,0.06775349751416349,40.31887755102041,5.989298454221165,0.37243132547136504,33,24,40,0.4444444444444444,0.16129032258064516,0.24731182795698925,1
16,26,84,7350.5,6337.5,5613.5,323,0.0704550029234441,0.06074533447076077,0.053805749120570505,28.712890625,9.375,0.7955640589569161,30,27,30,0.19504643962848298,0.22910216718266255,0.17027863777089783,0
16,29,122,9816.0,8428.0,6345.0,375,0.06980266666666667,0.05993244444444445,0.04512,38.34375,10.02140309155767,0.4262966944369793,56,50,49,0.3973333333333333,0.464,0.13066666666666665,0
14,18,88,11019.0,10957.75,12708.0,383,0.07511810701552264,0.07470055696064463,0.08663226281452598,56.21938775510204,33.820216049382715,1.641012396694215,64,64,62,0.5378590078328982,0.4046997389033943,0.1618798955613577,0
14,22,105,11861.5,9250.5,7679.75,343,0.10082108645207354,0.07862795263878146,0.06527679793283411,60.517857142857146,19.112603305785125,0.6965759637188209,68,66,66,0.3935860058309038,0.35276967930029157,0.33527696793002915,0
14,26,108,6975.0,7178.0,5862.5,319,0.0685429585008009,0.07053782883422922,0.057610479456766346,35.58673469387755,10.618343195266272,0.5026148834019204,39,33,50,0.4106583072100313,0.20689655172413793,0.15673981191222572,1
17,32,104,6431.5,5601.5,4855.5,283,0.0803044113423816,0.06994094070346739,0.060626303237648116,22.25432525951557,5.47021484375,0.4489182692307692,26,24,47,0.24381625441696114,0.1519434628975265,0.27208480565371024,1
16,21,112,6864.0,6447.5,4236.5,275,0.09076363636363637,0.08525619834710743,0.0560198347107438,26.8125,14.620181405895691,0.3377311862244898,41,32,45,0.5381818181818182,0.20363636363636364,0.16363636363636364,1
14,21,134,5423.0,4876.5,2238.0,231,0.10162853019995877,0.09138696801034463,0.041940743239444536,27.668367346938776,11.0578231292517,0.12463800400980174,36,21,34,0.3203463203463203,0.09090909090909091,0.1471861471861472,1
14,25,77,6341.5,5243.0,6081.0,307,0.0672845335229021,0.055629237445490136,0.06452057846767605,32.35459183673469,8.3888,1.0256367009613763,40,27,57,0.36156351791530944,0.30618892508143325,0.2736156351791531,0
14,26,123,4853.0,4443.0,4877.0,271,0.06608025489848994,0.060497542244795144,0.06640704783431599,24.760204081632654,6.572485207100592,0.32236102848833365,32,32,48,0.28044280442804426,0.3210332103321033,0.25092250922509224,0
14,29,94,5345.5,5522.5,5397.5,263,0.07728173025488297,0.0798406800734433,0.07803351212248262,27.272959183673468,6.566587395957193,0.6108533272974197,34,28,51,0.44866920152091255,0.3612167300380228,0.24334600760456274,0
16,22,77,7933.5,7124.75,7060.75,271,0.10802548984899443,0.09701324873027328,0.09614180090140385,30.990234375,14.72055785123967,1.1908837915331423,42,40,61,0.47601476014760147,0.3763837638376384,0.3210332103321033,1
16,29,101,6548.0,5534.5,6840.5,251,0.10393485817685434,0.08784781193949302,0.10857764162473611,25.578125,6.580856123662307,0.6705715125968043,35,20,55,0.38645418326693226,0.0796812749003984,0.46215139442231074,0
14,25,82,5890.0,4922.0,6941.5,259,0.0878042962985048,0.07337398070988804,0.10347937568014788,30.051020408163264,7.8752,1.0323468173706127,32,24,56,0.4826254826254826,0.2702702702702703,0.22007722007722008,1
14,23,99,8114.75,5030.0,5933.5,291,0.09582728120829938,0.059399393016142936,0.07006884661258134,41.401785714285715,9.508506616257089,0.6053974084277115,46,30,48,0.3848797250859107,0.3333333333333333,0.3436426116838488,1
14,26,114,5830.25,5489.5,4946.25,227,0.11314502513147937,0.10653224397911855,0.09598963690349124,29.746173469387756,8.120562130177515,0.38059787626962144,37,33,43,0.6167400881057269,0.6123348017621145,0.29955947136563876,1
14,29,112,5984.5,6204.0,5594.5,295,0.06876759551852916,0.07128985923585177,0.064286124676817,30.533163265306122,7.376932223543401,0.4459901147959184,44,29,6,0.3152542372881356,0.3050847457627119,0.03389830508474576,1
17,26,86,6637.5,6381.0,6789.5,263,0.09596061819601266,0.09225230956064133,0.09815813442438086,22.96712802768166,9.439349112426035,0.9179962141698216,30,32,53,0.3269961977186312,0.12167300380228137,0.20152091254752852,0
14,26,131,6782.5,4641.5,5390.0,267,0.0951409053290129,0.0651082214647421,0.07560773751911234,34.60459183673469,6.866124260355029,0.3140842608239613,29,23,43,0.36329588014981273,0.33707865168539325,0.18726591760299627,0
14,24,86,7153.5,5319.0,7472.5,295,0.08220051709278943,0.06112036771042804,0.08586613042229245,36.49744897959184,9.234375,1.010343428880476,46,31,58,0.31186440677966104,0.39322033898305087,0.2745762711864407,1
15,23,88,7208.5,5353.25,8146.25,335,0.06423256850077969,0.04770104700378704,0.07258854978837158,32.03777777777778,10.119565217391305,1.0519434400826446,31,30,59,0.16417910447761194,0.16716417910447762,0.2208955223880597,0
14,29,115,5712.5,4426.5,4187.0,255,0.08785082660515187,0.06807381776239908,0.06439061899269512,29.145408163265305,5.263376932223544,0.31659735349716445,23,26,27,0.11764705882352941,0.19215686274509805,0.16470588235294117,0
16,26,93,12550.0,8778.5,10190.5,311,0.1297546551421098,0.09076105499322794,0.10535974607375855,49.0234375,12.98594674556213,1.178228696959186,61,56,63,0.2604501607717042,0.24115755627009647,0.5916398713826366,1
14,26,100,5169.5,5098.0,5167.5,251,0.08205425310709354,0.08091935048650022,0.08202250757924477,26.375,7.541420118343195,0.51675,34,26,0,0.44621513944223107,0.2749003984063745,0.0,1
16,27,78,5118.0,4334.0,5695.5,251,0.08123680576498786,0.06879255884827225,0.09040332693131856,19.9921875,5.945130315500686,0.9361439842209073,21,19,47,0.1752988047808765,0.07569721115537849,0.38247011952191234,1
14,25,83,5198.5,5120.5,4811.0,247,0.08520873969414348,0.08393023980068515,0.07885721778753954,26.522959183673468,8.1928,0.698359703875744,28,39,42,0.5020242914979757,0.4089068825910931,0.17408906882591094,1
14,18,81,6221.0,4440.0,5659.5,271,0.08470745224057406,0.06045669312781689,0.0770618591794774,31.739795918367346,13.703703703703704,0.8625971650663009,27,37,47,0.3173431734317343,0.23616236162361623,0.3025830258302583,1
14,29,103,6104.0,5237.5,4895.5,243,0.10337177598265847,0.08869752239665363,0.08290572236617047,31.142857142857142,6.227705112960761,0.46144782731642947,31,27,44,0.48559670781893005,0.40329218106995884,0.3333333333333333,1
16,23,113,7208.75,5726.5,5440.5,279,0.09260865096799888,0.07356662941123572,0.06989247311827956,28.1591796875,10.825141776937619,0.42607095308951365,38,25,42,0.2078853046594982,0.15412186379928317,0.15053763440860216,1
14,23,116,5663.5,6362.25,3515.25,295,0.06507900028727377,0.07310830221200805,0.04039356506750934,28.895408163265305,12.026937618147448,0.261240338882283,41,41,35,0.5152542372881356,0.30847457627118646,0.22033898305084745,0
16,27,91,8337.5,4780.0,6066.5,215,0.1803677663601947,0.10340724716062737,0.13123850730124392,32.568359375,6.556927297668039,0.7325806062069798,44,30,48,0.35348837209302325,0.14418604651162792,0.5209302325581395,1
14,26,85,7608.0,5143.0,4942.0,283,0.0949943188203124,0.06421605963365756,0.061706351683751826,38.816326530612244,7.6079881656804735,0.6840138408304498,52,39,48,0.5724381625441696,0.28975265017667845,0.2968197879858657,1
14,29,85,5482.0,4787.75,4846.75,243,0.09283815136581483,0.08108096665481211,0.08208013683550949,27.96938775510204,5.692925089179548,0.6708304498269896,36,31,49,0.4156378600823045,0.2345679012345679,0.42386831275720166,0
14,25,94,4788.0,4444.5,4081.25,211,0.10754475416095775,0.09982929404101436,0.0916702230408122,24.428571428571427,7.1112,0.46188886373924853,26,26,40,0.22274881516587677,0.44075829383886256,0.24170616113744076,1
16,20,138,5874.0,4937.0,2877.0,231,0.11008039579468151,0.0925207548584172,0.05391578118850846,22.9453125,12.3425,0.15107120352867046,34,25,36,0.33766233766233766,0.2943722943722944,0.2597402597402597,0
16,25,117,4692.5,4822.0,3707.0,231,0.0879387567699256,0.0903656228331553,0.06947021232735519,18.330078125,7.7152,0.27080137336547594,35,35,40,0.33766233766233766,0.5454545454545454,0.2683982683982684,0
14,23,90,5428.5,4814.5,4456.0,251,0.08616529896350851,0.07641942191393787,0.07072903604704688,27.696428571428573,9.101134215500945,0.5501234567901234,31,30,46,0.250996015936255,0.13147410358565736,0.26294820717131473,0
15,27,69,7775.75,6362.0,5091.25,199,0.19635236483927174,0.16065250877503093,0.12856367263452942,34.55888888888889,8.727023319615911,1.069365679479101,33,34,51,0.6984924623115578,0.6080402010050251,0.4020100502512563,0
14,28,92,6196.75,5189.75,5155.75,243,0.10494250537689039,0.08788887195380109,0.08731307896831444,31.616071428571427,6.619579081632653,0.6091387051039697,36,25,50,0.4897119341563786,0.35390946502057613,0.32098765432098764,0
16,20,113,5360.5,6278.0,5024.0,235,0.09706654594839294,0.1136803983703033,0.09097329108193752,20.939453125,15.695,0.39345289372699505,47,29,43,0.5276595744680851,0.12340425531914893,0.39148936170212767,0
14,20,65,5038.5,5550.0,5239.0,239,0.08820748936468199,0.09716216452793193,0.09171758197510547,25.706632653061224,13.875,1.24,43,30,52,0.4769874476987448,0.3598326359832636,0.3723849372384937,0
14,21,99,4533.25,4799.5,4782.0,241,0.07805048122449683,0.08263459651176805,0.08233329315955304,23.128826530612244,10.883219954648526,0.4879093970003061,25,27,50,0.11203319502074689,0.3900414937759336,0.45643153526970953,0
16,24,113,4922.75,4055.75,3239.25,215,0.10649540292049757,0.08773931855056788,0.0700757166035695,19.2294921875,7.041232638888889,0.25368078941185684,32,29,37,0.5069767441860465,0.5116279069767442,0.3395348837209302,0
15,28,97,5070.0,4699.5,3831.5,195,0.13333333333333333,0.12358974358974359,0.10076265614727153,22.533333333333335,5.994260204081633,0.4072164948453608,31,31,43,0.28205128205128205,0.4153846153846154,0.37435897435897436,0
14,26,118,5378.0,5213.0,5649.0,195,0.14143326758711375,0.13709401709401708,0.14856015779092702,27.43877551020408,7.711538461538462,0.4057023843723068,31,26,54,0.6717948717948717,0.5641025641025641,0.5230769230769231,0
16,16,137,5858.0,5213.5,4548.0,243,0.09920574438178462,0.0882910802892513,0.07702077935274095,22.8828125,20.365234375,0.24231445468591828,37,22,48,0.5432098765432098,0.09053497942386832,0.2674897119341564,0
14,23,88,5106.0,4141.5,4983.5,207,0.11916264090177134,0.09665336413918645,0.11630376438189922,26.051020408163264,7.828922495274102,0.6435304752066116,38,28,44,0.38164251207729466,0.463768115942029,0.4782608695652174,1
14,22,102,5276.75,4906.5,3444.25,231,0.09888776447218006,0.09194917636476078,0.06454620415659376,26.92219387755102,10.137396694214877,0.33105055747789314,36,30,43,0.5454545454545454,0.4329004329004329,0.329004329004329,0
14,21,76,5426.0,3890.0,4940.0,215,0.11738236884802596,0.08415359653866955,0.10686857760951866,27.683673469387756,8.820861678004535,0.8552631578947368,33,28,46,0.28837209302325584,0.3302325581395349,0.2930232558139535,1
16,26,93,4853.75,4086.5,5035.5,187,0.13880150990877635,0.11686064800251651,0.1439989705167434,18.9599609375,6.045118343195266,0.5822060353798127,36,28,50,0.45454545454545453,0.40641711229946526,0.5882352941176471,0
14,17,113,5430.25,3842.0,3193.25,207,0.12672991201661649,0.089663702770193,0.0745233260986254,27.705357142857142,13.294117647058824,0.25007831466833735,24,26,37,0.25120772946859904,0.25120772946859904,0.45410628019323673,0
16,26,130,4781.0,5325.5,5307.5,235,0.08657311000452693,0.09643277501131733,0.09610683567224988,18.67578125,7.877958579881657,0.3140532544378698,38,37,56,0.225531914893617,0.33191489361702126,0.4297872340425532,1
14,29,118,5748.5,5418.25,3900.0,287,0.06978960531267832,0.06578020857361386,0.04734791001468999,29.32908163265306,6.442627824019025,0.28009192760700946,37,45,20,0.37282229965156793,0.37282229965156793,0.11846689895470383,0
14,22,86,4955.25,4443.25,4195.75,219,0.10331832113592294,0.09264298075519693,0.08748253789537333,25.28188775510204,9.180268595041323,0.5672998918334234,39,27,47,0.5296803652968036,0.410958904109589,0.5251141552511416,0
15,21,104,5597.75,4670.75,2952.75,235,0.10136260751471254,0.0845767315527388,0.05346763241285649,24.878888888888888,10.591269841269842,0.27299833579881655,40,32,37,0.3404255319148936,0.5659574468085107,0.3659574468085106,0
14,22,108,6429.0,5624.5,3897.0,271,0.08753965768439972,0.07658528614806444,0.053063002954752796,32.80102040816327,11.62086776859504,0.3341049382716049,28,32,50,0.19557195571955718,0.5092250922509225,0.3284132841328413,0
17,27,107,5830.5,6030.5,3686.5,215,0.12613304488912927,0.13045970795024336,0.07975121687398594,20.174740484429066,8.272290809327846,0.32199318717791947,37,29,44,0.5488372093023256,0.14418604651162792,0.37209302325581395,1
14,21,104,5908.0,4968.5,4456.0,299,0.06608427198800908,0.055575440990592945,0.04984284292122012,30.142857142857142,11.266439909297052,0.4119822485207101,31,30,46,0.40468227424749165,0.1806020066889632,0.2909698996655518,0
18,24,123,6498.75,8584.25,8584.25,319,0.06386287477520858,0.08435697369326166,0.08435697369326166,20.05787037037037,14.903211805555555,0.5674036618414965,49,45,52,0.32601880877742945,0.30407523510971785,0.4263322884012539,1
16,27,91,8432.0,6726.0,6344.0,319,0.08286082094319042,0.06609604858442822,0.06234215465649905,32.9375,9.22633744855967,0.7660910518053375,33,33,44,0.32601880877742945,0.2852664576802508,0.2225705329153605,0
18,19,73,7017.0,5959.5,5873.0,231,0.1315005340979367,0.11168268960476753,0.11006165551620097,21.65740740740741,16.508310249307478,1.1020829423906924,33,46,55,0.5714285714285714,0.6060606060606061,0.23809523809523808,0
19,27,93,5177.25,6169.25,4275.25,239,0.09063654347788029,0.10800318621872866,0.07484550340505243,14.341412742382271,8.462620027434843,0.4943057000809342,35,34,43,0.33472803347280333,0.4895397489539749,0.24267782426778242,1
17,26,111,4653.0,3987.5,5242.0,195,0.12236686390532545,0.10486522024983563,0.1378566732412886,16.100346020761247,5.898668639053255,0.4254524795065336,32,25,55,0.4153846153846154,0.3384615384615385,0.36923076923076925,0
16,27,98,6674.0,6265.0,5514.0,227,0.1295192998117565,0.12158202177414659,0.10700770439946437,26.0703125,8.593964334705076,0.5741357767596834,35,28,51,0.3788546255506608,0.36123348017621143,0.3964757709251101,0
16,22,96,5508.5,4672.0,4467.0,215,0.11916711736073553,0.10107084910762575,0.09663601946998378,21.517578125,9.652892561983471,0.4847005208333333,35,27,49,0.5255813953488372,0.5116279069767442,0.3581395348837209,0
14,24,98,7942.0,5583.5,5918.5,249,0.12809470814986856,0.09005499911291753,0.09545813777197142,40.52040816326531,9.69357638888889,0.6162536443148688,37,31,54,0.14859437751004015,0.4738955823293173,0.3293172690763052,0
15,22,157,6122.0,5567.75,5837.0,267,0.08587580131577102,0.07810110956809606,0.0818779895916621,27.20888888888889,11.503615702479339,0.2368047385289464,35,30,55,0.41198501872659177,0.42696629213483145,0.299625468164794,1
17,28,81,5659.5,5264.75,5519.75,239,0.09907914777402356,0.09216837940512246,0.09663258696451393,19.58304498269896,6.715242346938775,0.8412970583752477,45,30,55,0.28870292887029286,0.37656903765690375,0.41422594142259417,1
22,28,106,5564.5,5323.5,5317.0,215,0.12037858301784748,0.11516495402920497,0.11502433747971877,11.49690082644628,6.790178571428571,0.47321110715557135,33,31,55,0.3813953488372093,0.2372093023255814,0.40930232558139534,0
13,18,108,5622.25,4449.25,4190.75,183,0.16788348412911702,0.13285705754128221,0.12513810504941922,33.26775147928994,13.732253086419753,0.3592892661179698,38,26,45,0.20765027322404372,0.46994535519125685,0.5191256830601093,0
20,30,116,6571.25,5391.75,5419.25,259,0.09795992904101013,0.08037670875508714,0.08078666090249102,16.428125,5.990833333333334,0.40273855529131986,36,29,49,0.2625482625482625,0.2625482625482625,0.21235521235521235,0
18,27,107,5454.5,5629.0,5071.5,235,0.0987686736079674,0.10192847442281576,0.09183340878225442,16.834876543209877,7.721536351165981,0.44296445104375926,33,32,49,0.24680851063829787,0.23404255319148937,0.40425531914893614,0
17,25,92,4704.25,5208.0,4579.5,195,0.1237146614069691,0.13696252465483236,0.12043392504930966,16.277681660899653,8.3328,0.5410562381852552,33,31,52,0.5435897435897435,0.5384615384615384,0.46153846153846156,0
16,22,113,4749.5,6310.5,5575.5,231,0.08900695264331628,0.11826052735143644,0.10448642266824085,18.552734375,13.038223140495868,0.4366434333150599,28,37,51,0.36363636363636365,0.36796536796536794,0.341991341991342,0
14,24,129,5425.75,6380.75,6190.0,223,0.10910635645196967,0.12831044259888597,0.12447465261718514,27.682397959183675,11.077690972222221,0.371972838170783,0,38,54,0.0,0.5022421524663677,0.40358744394618834,1
16,24,99,4985.5,5224.0,4211.0,271,0.06788442423169619,0.07113192903146744,0.05733854386514345,19.474609375,9.069444444444445,0.42965003571064175,30,30,46,0.2767527675276753,0.3763837638376384,0.24354243542435425,0
14,23,114,3962.0,3611.5,3372.5,195,0.10419460880999343,0.09497698882314266,0.08869165023011177,20.214285714285715,6.82703213610586,0.2595029239766082,31,27,37,0.38461538461538464,0.46153846153846156,0.3230769230769231,1
14,22,100,6663.0,6532.75,4758.5,259,0.09932767847825763,0.09738599603464468,0.07093662885168676,33.994897959183675,13.497417355371901,0.47585,39,31,48,0.3783783783783784,0.38996138996138996,0.3281853281853282,0
14,17,90,6189.75,4669.0,4939.5,219,0.12905798461249765,0.0973499301515815,0.10298992931757052,31.580357142857142,16.155709342560552,0.6098148148148148,37,28,50,0.6073059360730594,0.4337899543378995,0.3607305936073059,0
16,22,100,7927.25,5103.75,5786.75,255,0.12191080353710111,0.07848904267589389,0.08899269511726259,30.9658203125,10.544938016528926,0.578675,36,23,51,0.47058823529411764,0.09803921568627451,0.4470588235294118,0
16,26,125,3757.5,3155.75,3754.75,199,0.09488396757657636,0.0796886442261559,0.0948145248857352,14.677734375,4.668269230769231,0.240304,33,34,43,0.32160804020100503,0.17587939698492464,0.3417085427135678,0
16,32,106,5284.5,5103.5,4682.5,203,0.12823655026814532,0.12384430585551699,0.11362809095100584,20.642578125,4.98388671875,0.41674083303666787,29,33,50,0.1625615763546798,0.3842364532019704,0.4433497536945813,0
13,28,136,3708.5,3474.5,4605.5,255,0.0570319108035371,0.053433294886582085,0.07082660515186466,21.943786982248522,4.431760204081633,0.24899978373702422,24,32,50,0.25882352941176473,0.21176470588235294,0.19607843137254902,0
14,16,82,5940.75,6794.0,7195.5,247,0.09737497746234162,0.11136061892507663,0.11794161517153207,30.309948979591837,26.5390625,1.0701219512195121,39,38,61,0.4777327935222672,0.2631578947368421,0.4089068825910931,0
16,25,78,5928.5,4631.5,5039.75,215,0.12825310978907517,0.10019469983775013,0.10902650081124933,23.158203125,7.4104,0.82836127547666,40,27,50,0.4697674418604651,0.12558139534883722,0.3581395348837209,1
14,17,103,6221.5,5160.0,5790.5,275,0.08226776859504133,0.06823140495867769,0.07656859504132231,31.742346938775512,17.85467128027682,0.5458101611839005,32,32,49,0.3890909090909091,0.33454545454545453,0.3236363636363636,1
14,20,82,6518.5,4741.0,3384.0,227,0.1265015816336432,0.09200644297385938,0.06567175765103146,33.25765306122449,11.8525,0.5032718619869125,35,31,36,0.47577092511013214,0.6035242290748899,0.23348017621145375,1
14,24,109,6683.0,5937.75,6219.5,283,0.08344466780706464,0.074139394923148,0.07765735619123725,34.0969387755102,10.30859375,0.523482871812137,33,0,52,0.21201413427561838,0.0,0.3286219081272085,1
16,21,107,5356.0,5093.0,3824.0,243,0.09070433030195262,0.08625040220833545,0.06475977577943742,20.921875,11.54875283446712,0.33400296969167614,33,24,41,0.5349794238683128,0.24691358024691357,0.2757201646090535,0
14,22,74,6903.25,6297.25,6095.0,279,0.0886839840187048,0.08089888362174176,0.07830063848100616,35.22066326530612,13.010847107438016,1.1130387143900657,41,37,55,0.5125448028673835,0.27956989247311825,0.31899641577060933,0
16,18,70,7346.0,6713.0,5634.0,255,0.11297193387158785,0.10323721645520953,0.08664359861591696,28.6953125,20.719135802469136,1.149795918367347,34,39,53,0.2549019607843137,0.3058823529411765,0.35294117647058826,0
14,26,108,6767.5,5840.25,4656.75,287,0.08216076436523449,0.07090349524699827,0.056535225631001954,34.5280612244898,8.639423076923077,0.3992412551440329,42,38,43,0.37282229965156793,0.2578397212543554,0.34843205574912894,1
14,27,109,6250.0,5924.5,4893.0,243,0.1058442988026893,0.10033192772104524,0.0828633846466494,31.887755102040817,8.126886145404663,0.4118340207053278,44,0,47,0.5967078189300411,0.0,0.39094650205761317,1
14,22,122,5578.0,5185.5,4227.0,227,0.10824972345669429,0.10063265345727648,0.08203147742048167,28.459183673469386,10.713842975206612,0.28399623757054554,31,41,44,0.2511013215859031,0.5198237885462555,0.3568281938325991,0
16,27,101,7689.5,4813.25,6991.75,227,0.14922664907139668,0.09340856605018533,0.1356857303654253,30.037109375,6.602537722908093,0.685398490344084,38,45,54,0.5814977973568282,0.5462555066079295,0.31718061674008813,1
14,26,122,6323.5,5736.0,6738.0,271,0.08610313040399777,0.0781035116624229,0.09174711673315995,32.26275510204081,8.485207100591715,0.4527008868583714,27,32,57,0.35424354243542433,0.2767527675276753,0.3505535055350554,1
16,20,156,6717.75,5841.25,5046.25,251,0.1066292598530182,0.09271678227329724,0.08009793495341344,26.2412109375,14.603125,0.20735741288625903,29,32,51,0.4860557768924303,0.3107569721115538,0.3745019920318725,0
14,29,122,7065.25,6024.25,5812.75,251,0.11214504531674101,0.09562149807145919,0.09226440850145236,36.047193877551024,7.16319857312723,0.3905368180596614,33,28,56,0.28286852589641437,0.38645418326693226,0.23107569721115537,0
14,19,112,8736.0,8323.5,6314.5,319,0.08584821296960525,0.08179459714428906,0.06205225970656735,44.57142857142857,23.05678670360111,0.5033880739795918,45,31,56,0.3824451410658307,0.23824451410658307,0.29153605015673983,0
16,19,144,6161.75,5910.25,5459.75,275,0.08147768595041323,0.07815206611570248,0.07219504132231405,24.0693359375,16.371883656509695,0.26329812885802467,39,31,49,0.3527272727272727,0.38181818181818183,0.33090909090909093,0
14,21,108,6236.5,8829.5,6820.0,295,0.07166331513932778,0.10145935076127549,0.07836828497558172,31.818877551020407,20.021541950113377,0.5847050754458162,44,42,60,0.26440677966101694,0.3220338983050847,0.3389830508474576,1
16,22,117,8797.0,8140.0,6787.5,299,0.09839934676345902,0.09105043567745327,0.07592196955291328,34.36328125,16.818181818181817,0.4958360727591497,38,43,58,0.3377926421404682,0.5585284280936454,0.2976588628762542,1
14,26,142,7055.0,8767.0,8024.0,323,0.06762261691380153,0.08403224415071553,0.07691054261039595,35.994897959183675,12.968934911242604,0.3979369172783178,51,43,67,0.30959752321981426,0.21052631578947367,0.20743034055727555,0
14,32,130,6288.0,7610.5,5377.5,303,0.06849001731856354,0.08289492315568191,0.05857268895206352,32.08163265306123,7.43212890625,0.31819526627218936,46,40,51,0.45874587458745875,0.35313531353135313,0.2739273927392739,1
14,21,119,7503.5,7149.5,6764.0,263,0.10848067776026833,0.10336277812314765,0.09778947216238489,38.28316326530612,16.21201814058957,0.4776498834828049,48,34,54,0.49809885931558934,0.30798479087452474,0.2623574144486692,0
14,23,139,6241.25,6651.25,5901.5,255,0.09598231449442522,0.1022875816993464,0.09075740099961553,31.84311224489796,12.573251417769375,0.30544485275089284,33,34,55,0.25098039215686274,0.4549019607843137,0.38823529411764707,0
16,23,126,7492.25,5785.75,4296.5,243,0.1268819116327118,0.09798218428762553,0.07276160476892073,29.2666015625,10.937145557655954,0.270628621819098,45,27,47,0.3991769547325103,0.12757201646090535,0.345679012345679,0
16,22,135,6709.75,6048.25,4815.75,319,0.0659363606882794,0.05943583494659054,0.047324122207918554,26.2099609375,12.496384297520661,0.26423868312757204,38,33,54,0.4231974921630094,0.26959247648902823,0.16927899686520376,0
14,29,153,7588.0,6881.75,7227.0,239,0.132840811610441,0.12047670734055776,0.12652089424204757,38.714285714285715,8.18281807372176,0.3087274125336409,45,43,61,0.4309623430962343,0.3179916317991632,0.5564853556485355,0
14,16,128,5135.75,5028.0,4794.0,263,0.07424930243317093,0.07269152365944281,0.0693085052552444,26.20280612244898,19.640625,0.2926025390625,32,44,50,0.21673003802281368,0.44106463878326996,0.30038022813688214,0
14,19,118,6922.0,6397.0,5781.5,315,0.06976064499874024,0.06446963970773495,0.058266565885613505,35.316326530612244,17.7202216066482,0.4152183280666475,28,51,56,0.17777777777777778,0.3333333333333333,0.3492063492063492,0
16,23,139,7449.0,6060.75,5676.25,259,0.1110448562186014,0.09034972645011255,0.08461785006186551,29.09765625,11.456994328922494,0.2937865534910201,33,37,56,0.2857142857142857,0.2471042471042471,0.33204633204633205,0
14,22,139,6961.5,6459.0,4941.0,291,0.0822085237538527,0.07627448896446665,0.05834838983951536,35.517857142857146,13.34504132231405,0.25573210496351123,43,46,48,0.5498281786941581,0.5395189003436426,0.3402061855670103,0
20,25,127,6720.5,7438.5,7497.0,343,0.05712330746542682,0.06322620676758833,0.06372344856309871,16.80125,11.9016,0.46481492962985926,56,43,59,0.27988338192419826,0.2944606413994169,0.41690962099125367,0
14,32,108,6692.5,5621.5,6708.0,275,0.08849586776859504,0.07433388429752066,0.088700826446281,34.14540816326531,5.48974609375,0.5751028806584362,33,31,55,0.44,0.32727272727272727,0.4254545454545455,1
14,24,144,5185.75,3277.0,6499.25,251,0.08231218552086475,0.05201504738020032,0.1031610609355407,26.457908163265305,5.689236111111111,0.31342833719135804,31,33,54,0.350597609561753,0.2948207171314741,0.4342629482071713,1
13,22,113,6022.75,6881.0,5209.75,271,0.08200800642692774,0.09369425797579009,0.07093789572582072,35.637573964497044,14.21694214876033,0.4079998433706633,33,35,47,0.45387453874538747,0.24723247232472326,0.2878228782287823,1
14,21,169,6142.25,4804.25,5214.5,231,0.11510747549708589,0.09003298289012575,0.09772118213676655,31.338010204081634,10.893990929705215,0.18257413956093974,28,31,49,0.46320346320346323,0.43722943722943725,0.39826839826839827,1
17,27,135,7539.0,6384.25,6375.5,287,0.09152715220531996,0.07750792166956015,0.07740169238427078,26.086505190311417,8.757544581618657,0.34982167352537724,24,24,54,0.1672473867595819,0.25435540069686413,0.30662020905923343,1
14,22,105,6738.0,6213.0,6472.5,247,0.11044272156567064,0.10183743382123948,0.10609090462062974,34.37755102040816,12.836776859504132,0.5870748299319728,43,33,55,0.26720647773279355,0.2591093117408907,0.3684210526315789,1
14,25,141,6612.75,6643.5,6608.75,251,0.10496261964095809,0.10545070713163283,0.10489912858526056,33.73852040816327,10.6296,0.3324153714601881,34,33,58,0.44621513944223107,0.13147410358565736,0.4581673306772908,0
14,29,106,6294.0,6482.5,5309.0,283,0.07858757132689882,0.08094120291176067,0.0662887537614404,32.11224489795919,7.70808561236623,0.47249911000356,30,44,55,0.3568904593639576,0.3957597173144876,0.3215547703180212,0
14,26,130,7038.25,4559.0,6351.5,263,0.10175439864679264,0.06591102950743831,0.09182581792421461,35.9094387755102,6.744082840236686,0.3758284023668639,39,29,53,0.33840304182509506,0.11787072243346007,0.4144486692015209,0
16,22,102,7013.5,7280.0,7325.0,287,0.08514732484308417,0.08838276536075465,0.0889290873993857,27.396484375,15.041322314049587,0.7040561322568243,32,29,64,0.3797909407665505,0.2787456445993031,0.2961672473867596,0
16,20,115,7610.5,6078.5,7838.0,275,0.10063471074380165,0.08037685950413223,0.10364297520661157,29.728515625,15.19625,0.5926654064272212,35,42,64,0.36,0.48363636363636364,0.5381818181818182,0
15,22,117,8108.5,7623.0,9841.5,295,0.0931743751795461,0.08759551852915828,0.11308819304797472,36.03777777777778,15.75,0.7189349112426036,62,45,61,0.5423728813559322,0.2542372881355932,0.559322033898305,0
14,16,114,5520.25,5436.5,7772.75,211,0.12399204869612093,0.12211091395071988,0.17458615035601177,28.164540816326532,21.236328125,0.5980878731917513,41,39,61,0.7488151658767772,0.5497630331753555,0.4881516587677725,0
14,20,127,8422.75,8127.75,6508.75,271,0.11468730000953146,0.11067047017333642,0.08862556337740499,42.973214285714285,20.319375,0.4035433070866142,36,39,53,0.23616236162361623,0.45387453874538747,0.3505535055350554,0
14,20,110,8215.5,7697.0,6375.0,271,0.11186530684495037,0.10480521779387536,0.08680437357879114,41.91581632653061,19.2425,0.5268595041322314,46,35,57,0.4354243542435424,0.5129151291512916,0.3948339483394834,0
23,28,105,9015.0,7619.5,6216.0,295,0.10359092214880782,0.08755530020109165,0.07142775064636599,17.041587901701323,9.71875,0.5638095238095238,51,37,56,0.3864406779661017,0.47796610169491527,0.34915254237288135,0
14,21,135,7864.0,7223.5,6521.5,263,0.11369255013083895,0.10443262155011639,0.09428356633752115,40.12244897959184,16.379818594104307,0.3578326474622771,47,38,51,0.44866920152091255,0.49049429657794674,0.4714828897338403,0
14,22,123,7380.5,5836.0,5879.5,247,0.12097395466242686,0.09565801766952417,0.09637102722549132,37.65561224489796,12.057851239669422,0.3886244960010576,43,35,61,0.47368421052631576,0.21052631578947367,0.4251012145748988,0
14,26,116,5105.5,5347.5,3960.5,247,0.08368437443655855,0.08765100231113443,0.06491665164156109,26.0484693877551,7.910502958579881,0.2943296670630202,35,21,43,0.3643724696356275,0.15789473684210525,0.242914979757085,0
20,24,116,6113.75,6349.25,9006.5,271,0.08324709630860146,0.08645375199139445,0.12263585735488351,15.284375,11.023003472222221,0.6693296670630202,34,32,59,0.44280442804428044,0.5276752767527675,0.42066420664206644,0
16,23,106,8259.5,6785.25,5860.0,223,0.1660902089324137,0.13644452934907197,0.1178386856763659,32.263671875,12.8265595463138,0.5215379138483446,42,33,49,0.5201793721973094,0.25112107623318386,0.48878923766816146,1
17,25,98,3878.5,4823.0,5180.0,219,0.0808677884114176,0.10056087237547173,0.1080044202581264,13.420415224913494,7.7168,0.5393586005830904,32,35,48,0.3698630136986301,0.3424657534246575,0.3744292237442922,0
16,32,107,6114.5,6026.5,6335.25,243,0.10354959440464699,0.10205930667750512,0.10728801503835797,23.884765625,5.88525390625,0.5533452703292864,32,28,50,0.3333333333333333,0.37448559670781895,0.4897119341563786,0
16,21,91,4014.5,4551.0,3715.75,173,0.1341341174112065,0.15205987503758897,0.1241521601122657,15.681640625,10.319727891156463,0.4487078855210723,29,35,43,0.7167630057803468,0.5549132947976878,0.6358381502890174,1
15,22,79,7205.25,6088.5,8012.5,255,0.1108073817762399,0.09363321799307958,0.12322183775470973,32.02333333333333,12.579545454545455,1.283848742188752,39,32,57,0.47843137254901963,0.3215686274509804,0.5333333333333333,1
18,24,93,15884.5,19623.5,18423.0,351,0.12893158334753776,0.1592803629840667,0.14953612389509827,49.026234567901234,34.068576388888886,2.130072840790843,97,95,95,0.5213675213675214,0.2706552706552707,0.2706552706552707,1
20,29,124,15497.75,15772.25,12915.0,279,0.19909494996210222,0.20262136920132065,0.1659151346976529,38.744375,18.754161712247324,0.8399453694068678,89,90,89,0.7204301075268817,0.6559139784946236,0.5304659498207885,0
18,27,116,6383.75,8531.25,6048.75,267,0.08954747576764999,0.11967133779404958,0.08484829356562723,19.702932098765434,11.702674897119342,0.44952065992865636,48,41,55,0.27340823970037453,0.48314606741573035,0.49063670411985016,0
16,25,103,7393.75,6594.5,6291.0,251,0.11735924826590054,0.1046729416993381,0.09985555784828812,28.8818359375,10.5512,0.5929870864360449,34,45,54,0.43824701195219123,0.6095617529880478,0.5258964143426295,0
16,26,89,6552.5,7668.5,4944.5,271,0.0892212796666712,0.10441715118258194,0.06732615296632671,25.595703125,11.343934911242604,0.6242267390481,32,34,46,0.43911439114391143,0.2066420664206642,0.4575645756457565,0
14,21,123,7491.0,4803.0,4041.5,219,0.15618940389066116,0.10014386689184963,0.0842663831029378,38.21938775510204,10.891156462585034,0.26713596404256723,39,35,41,0.4383561643835616,0.2785388127853881,0.2922374429223744,0
17,24,117,9708.0,7703.5,7109.5,343,0.08251663847546516,0.06547866960195156,0.060429752909077,33.5916955017301,13.374131944444445,0.5193586091021989,54,36,51,0.37317784256559766,0.2857142857142857,0.23615160349854228,0
19,25,97,6654.0,7126.5,7542.5,283,0.08308257064016282,0.0889822572388218,0.09417647866748242,18.43213296398892,11.4024,0.8016261026676587,41,38,52,0.42402826855123676,0.43462897526501765,0.35335689045936397,0
16,30,88,6092.75,6010.25,5648.25,263,0.08808498026572598,0.08689224941809191,0.08165869103210976,23.7998046875,6.678055555555556,0.7293711260330579,43,44,50,0.3840304182509506,0.4448669201520912,0.2813688212927757,0
14,25,82,7538.5,6420.5,6711.5,287,0.09152108196044628,0.07794801442290182,0.08148089693938254,38.46173469387755,10.2728,0.9981409875074361,39,45,59,0.37630662020905925,0.2613240418118467,0.43902439024390244,0
15,21,82,6578.75,7773.75,6563.0,271,0.08957870944023093,0.10585027436990237,0.0893642515760951,29.238888888888887,17.627551020408163,0.9760559190957763,36,28,59,0.3763837638376384,0.17712177121771217,0.33948339483394835,1
14,22,144,6278.25,6305.75,4799.25,243,0.10632271503327745,0.10678842994800929,0.08127572016460906,32.03188775510204,13.028409090909092,0.2314453125,31,15,41,0.3168724279835391,0.07818930041152264,0.3004115226337449,1
14,21,77,7402.5,6816.5,5511.5,259,0.11035166440571846,0.10161595682831204,0.08216186401514587,37.767857142857146,15.456916099773242,0.9295834036093776,43,37,48,0.5328185328185329,0.4749034749034749,0.41312741312741313,1
17,21,71,6905.0,6838.0,5770.0,215,0.14937804218496484,0.14792861005949162,0.12482422931314224,23.89273356401384,15.505668934240363,1.1446141638563776,47,28,52,0.6046511627906976,0.5441860465116279,0.4418604651162791,1
14,19,133,8097.5,6245.75,3627.75,311,0.08372018486161227,0.06457491134293483,0.03750736654914651,41.31377551020408,17.30124653739612,0.20508508112386228,52,34,33,0.4340836012861736,0.3665594855305466,0.29260450160771706,0
16,25,103,4746.5,5451.0,3692.5,219,0.09896582640061717,0.11365484456120598,0.07698963741373199,18.541015625,8.7216,0.3480535394476388,32,34,42,0.2465753424657534,0.2785388127853881,0.3242009132420091,0
14,26,78,10345.5,6635.5,8513.0,271,0.14086817989951117,0.09035143856973625,0.11591617761196062,52.78316326530612,9.815828402366863,1.3992439184746877,48,36,56,0.5239852398523985,0.13284132841328414,0.6531365313653137,0
14,29,89,8117.75,6420.25,6421.0,279,0.10428630156344343,0.0824790277617194,0.08248866278696317,41.41709183673469,7.6340665873959574,0.8106299709632622,54,40,59,0.43010752688172044,0.27956989247311825,0.4659498207885305,1
14,32,84,8332.75,6530.75,5498.0,267,0.11688689699673162,0.0916095049727167,0.07712269775140625,42.514030612244895,6.377685546875,0.7791950113378685,38,38,53,0.37453183520599254,0.5243445692883895,0.3295880149812734,0
16,17,112,7698.0,7261.5,5654.5,247,0.12617810486977332,0.11902342277368913,0.09268304676359225,30.0703125,25.12629757785467,0.45077327806122447,46,28,39,0.6518218623481782,0.3805668016194332,0.21862348178137653,0
14,19,69,7282.5,5576.0,6435.0,247,0.11936763428346638,0.09139635135799636,0.10547624121031324,37.15561224489796,15.445983379501385,1.3516068052930057,43,34,58,0.38461538461538464,0.22267206477732793,0.291497975708502,0
16,20,77,7518.0,7144.75,7085.5,255,0.11561707035755478,0.10987697039600154,0.10896578239138793,29.3671875,17.861875,1.195058188564682,42,32,60,0.4196078431372549,0.35294117647058826,0.4117647058823529,0
14,16,118,7072.25,7693.0,5660.0,343,0.0601131331333033,0.06538942107455227,0.048109206198097734,36.08290816326531,30.05078125,0.40649238724504455,0,40,55,0.0,0.30029154518950435,0.1661807580174927,1
14,23,85,6380.5,6533.0,7514.5,263,0.09224508088883748,0.09444982578900953,0.10863970853995288,32.55357142857143,12.349716446124763,1.0400692041522492,35,21,55,0.5437262357414449,0.155893536121673,0.4144486692015209,1
17,27,80,5624.5,6239.5,5879.0,243,0.09525140137851615,0.10566648038070077,0.09956138122576165,19.461937716262977,8.558984910836763,0.91859375,33,33,55,0.3786008230452675,0.32098765432098764,0.43621399176954734,1
14,18,87,6376.25,5510.25,6563.0,235,0.11545948392937981,0.09977818017202354,0.11884110457220462,32.53188775510204,17.006944444444443,0.8670894437838552,35,38,57,0.37446808510638296,0.6425531914893617,0.251063829787234,0
13,21,96,6232.5,5034.0,6304.5,275,0.08241322314049587,0.06656528925619835,0.08336528925619835,36.87869822485207,11.414965986394558,0.68408203125,28,30,58,0.10181818181818182,0.3890909090909091,0.3890909090909091,0
16,24,85,6112.0,5015.0,5060.0,255,0.09399461745482507,0.07712418300653595,0.0778162245290273,23.875,8.706597222222221,0.7003460207612456,30,42,51,0.32941176470588235,0.34509803921568627,0.3411764705882353,0
14,17,104,5108.75,5860.0,3655.5,199,0.12900558066715487,0.1479760612105755,0.09230827504355951,26.065051020408163,20.27681660899654,0.33797152366863903,31,34,38,0.4120603015075377,0.2814070351758794,0.47738693467336685,0
14,27,95,4730.25,4210.0,7339.25,207,0.11039347476020443,0.09825200121356391,0.17128171019160307,24.133928571428573,5.775034293552812,0.813213296398892,23,23,61,0.24154589371980675,0.23671497584541062,0.5217391304347826,1
16,29,102,6527.5,5536.5,3580.75,271,0.08888087035851909,0.07538704538336896,0.04875682520662845,25.498046875,6.5832342449464925,0.3441705113417916,35,27,39,0.5092250922509225,0.44649446494464945,0.15498154981549817,1
14,26,174,6477.5,6973.0,5257.0,239,0.11339962535669894,0.12207419337896745,0.09203270250870958,33.048469387755105,10.315088757396449,0.1736358832078214,33,30,37,0.27615062761506276,0.15481171548117154,0.16317991631799164,0
14,21,106,4685.0,5802.0,5099.5,247,0.07679194872887607,0.09510072284417054,0.0835860282909079,23.903061224489797,13.156462585034014,0.45385368458526165,29,32,49,0.3117408906882591,0.3441295546558704,0.32793522267206476,0
16,21,129,7580.5,7696.0,6309.0,311,0.0783749134107381,0.07956906979869935,0.06522885412681838,29.611328125,17.45124716553288,0.3791238507301244,34,41,58,0.2379421221864952,0.2347266881028939,0.2797427652733119,0
14,20,103,7031.0,8762.25,7092.0,291,0.08302925095357873,0.10347362454387643,0.08374960144542459,35.87244897959184,21.905625,0.6684890187576585,43,58,60,0.4054982817869416,0.28865979381443296,0.20618556701030927,0
14,21,85,8793.75,7320.75,6043.5,255,0.13523644752018454,0.11258362168396771,0.09294117647058824,44.86607142857143,16.60034013605442,0.8364705882352941,42,35,55,0.4745098039215686,0.30980392156862746,0.3686274509803922,0
16,18,106,10259.5,8568.0,6884.25,319,0.10081956741777302,0.08419728579711284,0.06765116301923134,40.076171875,26.444444444444443,0.6126957992168032,39,42,62,0.335423197492163,0.2884012539184953,0.3793103448275862,0
14,22,118,7289.5,6881.5,6192.0,239,0.12761506276150628,0.12047233066647993,0.10840146355981163,37.191326530612244,14.21797520661157,0.44469979890835964,30,34,53,0.24267782426778242,0.23430962343096234,0.33472803347280333,1
14,26,106,6820.5,7665.0,6909.0,251,0.10826018634624847,0.1216647354803892,0.10966492595355629,34.798469387755105,11.338757396449704,0.6148985404058384,30,32,60,0.3386454183266932,0.12749003984063745,0.47410358565737054,0
16,26,99,5507.75,6664.75,6600.5,247,0.0902776639512203,0.10924207903751905,0.10818895572784343,21.5146484375,9.859097633136095,0.6734516886032037,58,24,58,0.3967611336032389,0.11740890688259109,0.48582995951417,0
14,23,145,7935.5,9383.0,5265.0,327,0.07421279540629763,0.08774981529800148,0.04923827960609376,40.48724489795919,17.737240075614366,0.2504161712247325,35,51,55,0.4984709480122324,0.5045871559633027,0.2599388379204893,0
16,22,121,4501.75,6698.5,4182.0,271,0.06129750411895263,0.0912092700262796,0.05694366906768699,17.5849609375,13.839876033057852,0.2856362270336726,34,29,24,0.34317343173431736,0.39114391143911437,0.22140221402214022,0
14,17,93,7747.5,6160.0,5859.0,255,0.11914648212226067,0.09473279507881584,0.0901038062283737,39.5280612244898,21.314878892733564,0.6774193548387096,28,38,53,0.2784313725490196,0.396078431372549,0.2784313725490196,0
14,20,129,6689.0,7355.0,6549.0,291,0.07899056458945926,0.08685537487748136,0.07733730116555071,34.12755102040816,18.3875,0.3935460609338381,33,32,59,0.32646048109965636,0.23711340206185566,0.4054982817869416,0
14,15,82,9894.5,7487.0,8981.0,271,0.13472719598044688,0.10194577960539752,0.12228863986056834,50.482142857142854,33.275555555555556,1.3356632956573469,44,43,59,0.5424354243542435,0.47601476014760147,0.3837638376383764,1
16,24,148,7596.0,7880.5,5285.0,295,0.0872852628555013,0.09055443837977592,0.06072967538063775,29.671875,13.68142361111111,0.2412801314828342,35,49,42,0.2983050847457627,0.38305084745762713,0.288135593220339,0
14,19,152,8222.25,8335.5,7714.25,283,0.10266391139856909,0.10407796326586673,0.09632096792318545,41.95025510204081,23.090027700831026,0.3338923995844875,46,43,57,0.4134275618374558,0.5653710247349824,0.508833922261484,1
16,29,95,6478.75,7864.25,6758.75,275,0.0856694214876033,0.1039900826446281,0.08937190082644628,25.3076171875,9.351070154577883,0.7488919667590028,28,31,53,0.2690909090909091,0.19272727272727272,0.2690909090909091,0
14,17,95,7728.25,7089.0,7865.25,267,0.10840732791875324,0.09944030635862475,0.11032908302823717,39.42984693877551,24.529411764705884,0.8714958448753463,36,32,60,0.33707865168539325,0.3707865168539326,0.4419475655430712,1
16,28,96,5946.5,5375.0,5290.0,287,0.07219342228265488,0.0652551323920407,0.0642231907635154,23.228515625,6.855867346938775,0.5740017361111112,18,31,57,0.0627177700348432,0.21602787456445993,0.37282229965156793,1
14,20,106,22854.5,29350.5,25276.0,375,0.16252088888888888,0.20871466666666666,0.17974044444444445,116.6045918367347,73.37625,2.249555001779993,143,141,144,0.672,0.456,0.512,1
14,29,133,8820.25,6422.5,7174.5,271,0.1200998080091502,0.08745115126428017,0.097690663253496,45.00127551020408,7.636741973840666,0.4055910452823789,40,31,55,0.3025830258302583,0.3173431734317343,0.42435424354243545,1
16,18,84,12704.5,15656.5,16227.0,371,0.09230171242580336,0.1137488103108812,0.11789365087437609,49.626953125,48.32253086419753,2.2997448979591835,101,100,100,0.38274932614555257,0.4743935309973046,0.5256064690026954,1
14,26,123,138741.75,134759.25,134278.75,767,0.235839442858867,0.22906981092626244,0.22825303549785905,707.8660714285714,199.34800295857988,8.875586621719876,370,356,350,0.5645371577574967,0.5202086049543677,0.5814863102998696,1
14,18,110,93143.5,96369.5,96792.5,463,0.4345007906926841,0.4495496083855408,0.45152284145562094,475.2219387755102,297.4367283950617,7.999380165289256,298,297,294,0.8358531317494601,0.8077753779697624,0.8833693304535637,1
16,26,109,70124.75,67907.25,67542.5,463,0.32712169203569547,0.31677737919195403,0.3150758738436994,273.9248046875,100.45451183431953,5.684917094520663,249,240,242,0.7257019438444925,0.5745140388768899,0.652267818574514,1
18,30,129,131871.5,119355.0,117767.0,543,0.4472509657485696,0.40480042326750304,0.39941461561680724,407.0108024691358,132.61666666666667,7.076918454419807,346,310,312,0.7790055248618785,0.7090239410681399,0.8029465930018416,1
15,29,125,150772.5,126653.5,127261.0,671,0.3348706581586306,0.2813015696038344,0.2826508469908338,670.1,150.5986920332937,8.144704,369,324,326,0.6154992548435171,0.563338301043219,0.7555886736214605,1
17,26,118,128253.75,101724.0,109078.25,623,0.3304410389329321,0.2620881201868451,0.2810360730581843,443.78460207612454,150.4792899408284,7.833830077563919,337,297,296,0.7030497592295345,0.5906902086677368,0.6709470304975923,1
15,26,157,63178.5,50193.5,56410.0,447,0.31619446571475757,0.2512074030699318,0.28231961523254706,280.79333333333335,74.25073964497041,2.2885309748874194,233,201,196,0.6263982102908278,0.6756152125279642,0.8008948545861297,1
21,29,138,109989.5,89624.5,93823.0,591,0.3149026142275131,0.256597123805761,0.2686175314431647,249.4092970521542,106.56896551724138,4.9266435622768325,311,274,270,0.6582064297800339,0.6091370558375635,0.739424703891709,1
15,24,119,101832.5,82717.25,85338.75,543,0.3453716987339282,0.280541056608637,0.2894320482687749,452.5888888888889,143.60633680555554,6.026322293623331,296,258,252,0.6832412523020258,0.6519337016574586,0.7753222836095764,1
17,31,141,61181.25,47868.75,51092.25,503,0.2418145204320795,0.18919781509748665,0.20193846859202638,211.69982698961937,49.81139438085328,2.569903425381017,232,187,188,0.6719681908548708,0.5745526838966203,0.679920477137177,1
17,23,199,19315.25,14953.25,18591.75,363,0.14658417381933536,0.11348078834930826,0.14109350454203948,66.83477508650519,28.267013232514177,0.4694767808893715,119,88,97,0.6198347107438017,0.42424242424242425,0.5619834710743802,1
17,23,118,21113.5,15844.0,23382.5,407,0.1274592662799051,0.09564802685195806,0.14115690405616696,73.05709342560553,29.950850661625708,1.679294742889974,116,85,107,0.3906633906633907,0.3832923832923833,0.5110565110565111,1
17,31,137,24532.5,17322.5,28981.0,383,0.16724157912317897,0.11808997266325355,0.19756764310889025,84.88754325259515,18.025494276795005,1.5440886568277479,131,85,135,0.660574412532637,0.5117493472584856,0.577023498694517,1
26,30,147,7288.25,6235.5,10003.75,263,0.10536873454871402,0.09014876606572308,0.14462765111538406,10.781434911242604,6.928333333333334,0.46294368087371,19,37,91,0.13688212927756654,0.39923954372623577,0.5057034220532319,1
18,31,104,5648.0,4750.0,8736.0,279,0.07255816343572154,0.061021826543852214,0.11222877403938798,17.432098765432098,4.942767950052029,0.8076923076923077,29,29,73,0.44802867383512546,0.40860215053763443,0.40860215053763443,1
25,38,99,8202.25,6619.75,11004.25,343,0.06971797465341822,0.05626694659538117,0.09353458167940229,13.1236,4.584314404432133,1.122768084889297,52,24,87,0.21574344023323616,0.27405247813411077,0.3469387755102041,1
17,26,93,8244.25,5820.75,9238.75,347,0.06846871911568073,0.04834148610153726,0.07672806849986297,28.52681660899654,8.610576923076923,1.0681870736501329,51,25,69,0.43804034582132567,0.1037463976945245,0.3400576368876081,1
18,27,89,5085.25,4114.0,7803.75,255,0.07820453671664744,0.06326797385620915,0.12001153402537486,15.695216049382717,5.643347050754458,0.9851975760636283,0,32,69,0.0,0.3568627450980392,0.42745098039215684,1
16,26,113,6379.5,5594.5,7937.5,327,0.05966108352271133,0.05231976358144189,0.07423149940614801,24.919921875,8.275887573964496,0.6216226799279505,19,39,73,0.11314984709480122,0.2966360856269113,0.2599388379204893,1
16,32,86,7939.5,5231.5,12184.0,287,0.09638941834913621,0.06351297211329505,0.1479197270817905,31.013671875,5.10888671875,1.6473769605191995,36,32,92,0.36585365853658536,0.20557491289198607,0.47735191637630664,1
18,27,131,8337.0,5336.5,7441.0,275,0.11024132231404958,0.07056528925619834,0.09839338842975207,25.73148148148148,7.320301783264746,0.4335994405920401,30,33,67,0.3381818181818182,0.43636363636363634,0.3781818181818182,1
22,29,123,9546.5,6807.0,13218.0,331,0.08713410793986912,0.06212977245552706,0.12064512007009794,19.72417355371901,8.093935790725327,0.8736862978385881,35,30,97,0.4229607250755287,0.30513595166163143,0.2930513595166163,1
17,26,154,9499.0,6656.0,12183.5,335,0.08464245934506572,0.05930942303408331,0.1085631543773669,32.86851211072664,9.846153846153847,0.5137249114521841,39,35,99,0.3522388059701492,0.40298507462686567,0.29850746268656714,1
20,25,74,8851.0,6872.5,15989.0,339,0.07701812549490519,0.059801950905404584,0.13913035911626248,22.1275,10.996,2.9198319941563184,37,38,113,0.29793510324483774,0.16224188790560473,0.336283185840708,1
18,30,121,9491.5,7458.0,13469.5,311,0.09813277364791513,0.07710838390835496,0.13926138067224283,29.294753086419753,8.286666666666667,0.919984973703982,39,36,104,0.26366559485530544,0.2765273311897106,0.3954983922829582,1
18,27,86,9239.5,6031.5,10922.0,327,0.08640780330873757,0.0564065875487473,0.10214254318285966,28.516975308641975,8.27366255144033,1.4767441860465116,36,30,95,0.27522935779816515,0.2599388379204893,0.3853211009174312,1
18,29,99,8632.5,7482.25,14521.5,295,0.09919563343866705,0.08597816719333524,0.16686584314852054,26.64351851851852,8.896848989298455,1.4816345270890725,39,37,106,0.43389830508474575,0.2033898305084746,0.4847457627118644,1
15,24,88,16320.0,7846.5,27901.5,287,0.19813279267685657,0.09526035280263206,0.3387378746858648,72.53333333333333,13.622395833333334,3.6029829545454546,65,63,161,0.662020905923345,0.5958188153310104,0.6062717770034843,1
17,23,135,16442.75,10184.0,28945.25,351,0.13346279656820967,0.08266166670725075,0.2349433040316231,56.89532871972318,19.251417769376182,1.5882167352537724,65,64,161,0.5897435897435898,0.5584045584045584,0.6125356125356125,1
16,21,118,11858.0,8662.0,21266.5,383,0.0808376906243822,0.05905009918944161,0.14497678762552066,46.3203125,19.64172335600907,1.5273269175524276,52,52,131,0.48825065274151436,0.16971279373368145,0.5039164490861618,1
17,27,76,12844.0,7512.0,18960.5,375,0.09133511111111112,0.05341866666666667,0.1348302222222222,44.44290657439446,10.304526748971194,3.2826350415512464,47,42,129,0.41333333333333333,0.19733333333333333,0.424,1
15,27,97,7578.5,6408.75,11739.0,239,0.13267449799548328,0.11219603998529437,0.20551110799880953,33.68222222222222,8.791152263374485,1.2476352428525879,36,25,92,0.5564853556485355,0.1589958158995816,0.4769874476987448,1
15,23,75,7493.0,8017.75,13316.75,299,0.08381338016353285,0.0896830013087102,0.1489552689567231,33.30222222222222,15.156427221172022,2.3674222222222223,39,32,101,0.44481605351170567,0.3010033444816054,0.568561872909699,1
18,29,112,6253.25,5589.0,7629.5,243,0.1058993378380667,0.09465020576131687,0.12920625243441888,19.300154320987655,6.645659928656362,0.6082190688775511,33,29,72,0.4074074074074074,0.5102880658436214,0.4074074074074074,1
15,26,90,6899.25,5597.0,10590.0,295,0.07927894283251939,0.06431485205400747,0.12168916977879919,30.663333333333334,8.279585798816568,1.3074074074074074,30,21,90,0.17288135593220338,0.19661016949152543,0.39661016949152544,1
16,24,115,5927.5,5523.5,8505.5,263,0.08569590423455595,0.079855137417051,0.12296693605516923,23.154296875,9.589409722222221,0.6431379962192817,28,26,77,0.35361216730038025,0.17870722433460076,0.3193916349809886,1
15,29,132,11284.5,8623.75,16105.0,271,0.15365395351370487,0.11742419084707452,0.21929167631159707,50.153333333333336,10.254161712247324,0.9242998163452709,47,46,116,0.6383763837638377,0.5940959409594095,0.45018450184501846,1
15,22,128,9946.5,8810.0,14185.0,295,0.11429474288997414,0.10123527721918989,0.16299913817868428,44.20666666666666,18.202479338842974,0.86578369140625,36,32,107,0.34915254237288135,0.29152542372881357,0.5084745762711864,1
16,24,115,6177.0,7963.0,8959.0,299,0.06909318687710428,0.08907059205154305,0.10021140703124126,24.12890625,13.824652777777779,0.6774291115311909,41,34,80,0.31438127090301005,0.21070234113712374,0.38127090301003347,1
17,23,82,9334.0,7731.0,14796.75,295,0.10725653547831084,0.08883654122378627,0.17002872737719046,32.29757785467128,14.61436672967864,2.20058744794765,38,30,112,0.4101694915254237,0.3016949152542373,0.4847457627118644,1
16,25,88,15894.75,8734.5,29831.5,363,0.12062586799626619,0.06628645584318012,0.22639239881914563,62.0888671875,13.9752,3.8522081611570247,75,61,162,0.34710743801652894,0.34710743801652894,0.6804407713498623,1
15,26,112,9351.5,7993.0,14164.0,271,0.12733350580738279,0.10883566400239648,0.1928622976266663,41.562222222222225,11.82396449704142,1.1291454081632653,59,39,108,0.5756457564575646,0.46863468634686345,0.5350553505535055,1
15,23,127,8452.5,7240.0,15169.5,319,0.08306227336602431,0.07114709957645857,0.14906987942335473,37.56666666666667,13.686200378071833,0.9405108810217621,44,34,107,0.28213166144200624,0.31974921630094044,0.5047021943573667,1
15,25,86,6671.5,5929.5,10935.5,279,0.08570676121838106,0.0761745095772151,0.14048509140427282,29.65111111111111,9.4872,1.478569497025419,31,29,94,0.4838709677419355,0.2616487455197133,0.4229390681003584,1
16,22,164,6808.5,6839.5,10625.0,267,0.09550561797752809,0.09594046767383467,0.14904122655669177,26.595703125,14.131198347107437,0.3950401546698394,49,31,92,0.5617977528089888,0.20599250936329588,0.4868913857677903,1
17,23,92,6727.5,7422.5,10737.5,323,0.06448350889973066,0.07114512743340777,0.10291961007965188,23.27854671280277,14.031190926275993,1.2686082230623819,44,29,89,0.4613003095975232,0.34365325077399383,0.3281733746130031,1
16,26,147,5921.0,5663.5,7934.0,335,0.05276008019603475,0.05046558253508576,0.07069725996881265,23.12890625,8.377958579881657,0.367161830718682,33,31,80,0.41492537313432837,0.31044776119402984,0.3850746268656716,1
15,25,133,8242.75,9488.5,11976.0,319,0.08100107113727263,0.0932429909297275,0.11768752272481599,36.63444444444445,15.1816,0.6770309231725932,38,30,104,0.28213166144200624,0.19435736677115986,0.438871473354232,1
15,20,96,6851.75,7628.75,12485.0,295,0.0787331226659006,0.08766159149669635,0.1434645216891698,30.452222222222222,19.071875,1.3547092013888888,36,38,104,0.4067796610169492,0.3389830508474576,0.43728813559322033,1
16,22,108,5873.0,6872.0,8942.5,287,0.07130109628622419,0.08342944554383323,0.10856632956573468,22.94140625,14.198347107438016,0.7666752400548696,36,27,89,0.42857142857142855,0.27526132404181186,0.40069686411149824,1
17,22,113,8483.5,7997.0,10932.5,271,0.11551449462834111,0.10889012949170082,0.148860990454923,29.35467128027682,16.522727272727273,0.8561751115984024,38,33,101,0.45387453874538747,0.36531365313653136,0.5055350553505535,1
16,26,117,7103.5,7588.0,11730.5,279,0.09125653575879035,0.09748076206626329,0.15069821816266493,27.748046875,11.224852071005918,0.8569289210314851,40,30,99,0.4874551971326165,0.3333333333333333,0.4982078853046595,1
15,26,92,6944.75,5854.0,7792.75,247,0.113831565834549,0.0959530561064761,0.1277311544198397,30.865555555555556,8.659763313609467,0.9206935255198487,32,27,72,0.12955465587044535,0.17408906882591094,0.5465587044534413,1
16,23,95,6349.75,6400.0,6543.75,295,0.07296466532605574,0.07354208560758403,0.07519390979603562,24.8037109375,12.098298676748582,0.7250692520775623,38,31,69,0.34915254237288135,0.22372881355932203,0.23728813559322035,1
15,17,117,6552.75,7842.75,9191.5,319,0.06439352993779542,0.07707029215514785,0.09032438753549984,29.123333333333335,27.137543252595155,0.6714515304258895,30,31,82,0.09404388714733543,0.11285266457680251,0.3981191222570533,1
16,26,109,7893.25,7217.75,5920.75,339,0.06868413953933572,0.06280618859912461,0.05152017472872669,30.8330078125,10.6771449704142,0.49833768201329853,52,37,60,0.3687315634218289,0.17699115044247787,0.31563421828908556,1
17,22,110,10173.5,8025.5,10698.0,343,0.08647332319016736,0.0682156244421967,0.0909314996302561,35.20242214532872,16.581611570247933,0.8841322314049587,30,28,97,0.32653061224489793,0.16326530612244897,0.358600583090379,1
16,21,125,9257.25,7332.0,9582.25,351,0.07513940633598754,0.059512503956948404,0.0777773719369161,36.1611328125,16.625850340136054,0.613264,40,28,81,0.3789173789173789,0.31054131054131057,0.36182336182336183,1
15,27,118,7960.5,7863.0,10826.0,351,0.06461392358828257,0.06382253390800399,0.08787266337123888,35.38,10.786008230452675,0.7775064636598679,31,33,92,0.36182336182336183,0.28774928774928776,0.28774928774928776,1
15,23,100,9590.0,8307.0,12892.5,271,0.13058101060715405,0.11311120491278713,0.17554908021404939,42.62222222222222,15.703213610586012,1.28925,42,22,96,0.5313653136531366,0.33948339483394835,0.4132841328413284,1
16,26,101,8415.75,6102.75,9499.25,271,0.11459198540324887,0.08309731621301453,0.12934532481856184,32.8740234375,9.027736686390533,0.9312077247328693,36,30,79,0.4797047970479705,0.3210332103321033,0.2915129151291513,1
17,23,103,8831.0,8033.0,10269.5,303,0.09618882680347243,0.08749686849873106,0.11185722532649305,30.557093425605537,15.185255198487713,0.967998868884909,39,22,85,0.3432343234323432,0.17491749174917492,0.45874587458745875,1
16,22,82,7055.0,7719.0,12199.5,351,0.0572641455832339,0.0626537122263618,0.09902111184162467,27.55859375,15.948347107438016,1.8143218322427126,35,45,90,0.3789173789173789,0.43304843304843305,0.3789173789173789,1
15,17,134,9024.0,7433.0,6405.25,223,0.1814635323453116,0.14947012809427096,0.12880311287176496,40.10666666666667,25.719723183391004,0.35671920249498773,45,32,63,0.5739910313901345,0.21524663677130046,0.4663677130044843,1
15,27,83,8544.0,6708.0,8916.5,271,0.11633828515406926,0.0913386255633774,0.12141038384553587,37.973333333333336,9.201646090534979,1.294309769197271,40,28,79,0.42435424354243545,0.4354243542435424,0.46863468634686345,1
15,26,100,7729.5,6555.0,10912.5,303,0.08419109237656439,0.07139822893180407,0.11886089599058916,34.35333333333333,9.696745562130177,1.09125,38,30,88,0.49174917491749176,0.2871287128712871,0.43234323432343236,1
15,26,114,8216.5,7683.0,11802.0,319,0.08074311376657069,0.07550043729916175,0.1159776338675917,36.51777777777778,11.365384615384615,0.9081255771006463,6,7,89,0.018808777429467086,0.03134796238244514,0.4106583072100313,1
18,23,120,9192.5,7376.0,13549.0,399,0.05774147147316914,0.046331367265281,0.08510624933260469,28.371913580246915,13.943289224952741,0.9409027777777778,36,23,104,0.3082706766917293,0.09774436090225563,0.3458646616541353,1
16,32,142,9322.5,7403.25,11232.0,299,0.10427735707654277,0.08280947640406706,0.12563617856623527,36.416015625,7.229736328125,0.5570323348541956,45,2,92,0.31438127090301005,0.006688963210702341,0.4280936454849498,1
15,24,144,8315.25,8142.25,9370.0,291,0.09819499061182556,0.09615202938085285,0.11065055915730801,36.95666666666666,14.135850694444445,0.45187114197530864,35,29,80,0.32989690721649484,0.27147766323024053,0.38831615120274915,1
15,26,97,8680.0,7984.5,8292.5,279,0.11150935882118677,0.10257447874513431,0.10653126244524094,38.577777777777776,11.81139053254438,0.8813370177489638,40,37,75,0.40860215053763443,0.36917562724014336,0.3906810035842294,1
15,26,105,5981.0,7297.0,7605.5,279,0.0768361146439537,0.09374237227168201,0.09770557932195116,26.58222222222222,10.794378698224852,0.6898412698412698,32,22,71,0.45161290322580644,0.24372759856630824,0.4265232974910394,1
15,26,96,7538.5,5608.5,8643.0,319,0.07408044339186919,0.055114434803117104,0.08493430685626124,33.504444444444445,8.296597633136095,0.9378255208333334,34,31,74,0.3072100313479624,0.3448275862068966,0.3605015673981191,1
18,28,135,7377.5,7242.0,9112.0,315,0.0743512219702696,0.07298563869992442,0.09183169564121946,22.770061728395063,9.237244897959183,0.49997256515775035,33,28,81,0.3492063492063492,0.25396825396825395,0.3396825396825397,1
15,26,109,6888.5,5805.0,8855.0,239,0.1205948775406593,0.1016263720873234,0.15502179583690762,30.615555555555556,8.587278106508876,0.745307634037539,31,31,68,0.4351464435146444,0.4225941422594142,0.37656903765690375,1
16,29,118,8151.0,7031.5,10049.5,271,0.11098705082991789,0.09574352201086586,0.13683773369099006,31.83984375,8.360879904875148,0.7217394426888825,28,27,78,0.41697416974169743,0.4022140221402214,0.4833948339483395,1
15,26,107,6966.5,6001.0,8671.0,295,0.08005170927894283,0.06895719620798621,0.09963803504740017,30.962222222222223,8.877218934911243,0.7573587212857018,30,34,78,0.36610169491525424,0.3694915254237288,0.4135593220338983,1
15,17,101,5906.5,6776.5,13204.5,243,0.10002709614049349,0.11476062253382784,0.2236193669664177,26.25111111111111,23.44809688581315,1.2944319184393687,33,30,88,0.3292181069958848,0.5185185185185185,0.6049382716049383,1
18,23,114,6256.75,6808.0,9155.25,343,0.053181497505291164,0.0578670451937543,0.07781834099737354,19.310956790123456,12.869565217391305,0.7044667590027701,33,24,80,0.34110787172011664,0.13119533527696792,0.23615160349854228,1
15,26,99,7073.25,5933.5,10976.0,327,0.06614903347080774,0.055490091556079264,0.10264755117881959,31.436666666666667,8.777366863905325,1.119885725946332,30,28,82,0.27522935779816515,0.20795107033639143,0.25076452599388377,1
16,27,94,8552.5,7337.5,13159.0,279,0.10987140452974653,0.0942626636348454,0.16904972957695816,33.408203125,10.065157750342935,1.4892485287460389,41,40,98,0.5376344086021505,0.4444444444444444,0.5663082437275986,1
15,22,108,7980.0,7348.5,8705.0,295,0.09169778799195634,0.08444125251364551,0.10002872737719046,35.46666666666667,15.182851239669422,0.7463134430727023,27,37,74,0.31186440677966104,0.2711864406779661,0.3152542372881356,1
16,23,101,7618.5,6649.0,10637.5,351,0.061837972094382354,0.053968717786381605,0.08634264332270031,29.759765625,12.568998109640832,1.0427899225566122,36,37,84,0.23076923076923078,0.10541310541310542,0.33048433048433046,1
15,25,116,7652.0,7424.0,9383.5,327,0.07156150342750797,0.06942924744456602,0.08775449129796407,34.00888888888889,11.8784,0.6973469084423306,38,33,79,0.41896024464831805,0.3394495412844037,0.2782874617737003,1
18,25,105,5916.5,4301.5,8446.0,279,0.07600750247298982,0.05526008144808006,0.10850323094513174,18.260802469135804,6.8824,0.7660770975056689,26,20,80,0.23297491039426524,0.1971326164874552,0.3727598566308244,1
15,32,136,4794.0,4421.5,6463.5,223,0.09640250155844678,0.08891190251161295,0.1299744615817732,21.30666666666667,4.31787109375,0.34945393598615915,34,38,59,0.32286995515695066,0.4080717488789238,0.42152466367713004,1
15,26,88,7478.5,6335.0,8447.25,267,0.1049039823815736,0.08886363955168398,0.11849303539115431,33.23777777777778,9.371301775147929,1.0908122417355373,32,36,71,0.27715355805243447,0.2696629213483146,0.4681647940074906,1
15,23,98,6972.5,6022.5,9589.0,263,0.10080382830458731,0.08706935187728607,0.1386314678540965,30.988888888888887,11.38468809073724,0.9984381507705122,32,25,82,0.4600760456273764,0.30038022813688214,0.3193916349809886,1
16,23,101,5152.5,5884.75,8300.5,279,0.06619262342467337,0.07559961973767038,0.10663403604784111,20.126953125,11.124291115311909,0.8136947358102147,29,25,71,0.16845878136200718,0.31899641577060933,0.3046594982078853,1
22,25,97,4472.0,3989.5,8540.0,259,0.06666567284327903,0.05947287607519268,0.1273087759574246,9.239669421487603,6.3832,0.9076416197257945,24,35,74,0.2972972972972973,0.2084942084942085,0.3745173745173745,1
18,31,113,6723.75,5966.0,5811.25,279,0.08637800131036344,0.07664341413907838,0.07465538726378129,20.752314814814813,6.208116545265349,0.45510611637559717,40,33,56,0.2974910394265233,0.3010752688172043,0.36917562724014336,1
25,29,120,7498.5,6000.5,7836.5,279,0.09633098238717386,0.07708662530029162,0.10067316709703113,11.9976,7.134958382877527,0.5442013888888889,38,19,67,0.4229390681003584,0.06810035842293907,0.24731182795698925,1
15,18,91,6006.0,6077.5,8124.5,327,0.056168111550655105,0.05683677954530576,0.0759803233921574,26.69333333333333,18.757716049382715,0.9811013162661514,37,27,73,0.3211009174311927,0.2599388379204893,0.2966360856269113,1
17,26,109,6134.0,6546.0,6849.5,295,0.07048549267451881,0.07521976443550704,0.07870726802642919,21.224913494809687,9.683431952662723,0.5765087113879304,23,31,62,0.26101694915254237,0.19661016949152543,0.3898305084745763,1
15,22,129,6962.0,6193.5,8572.75,295,0.08,0.07116920425165182,0.098509049123815,30.942222222222224,12.796487603305785,0.5151583438495283,42,33,77,0.3694915254237288,0.2677966101694915,0.37966101694915255,1
20,23,123,7040.0,5718.0,9909.25,231,0.13193156050298907,0.10715691235171755,0.18570210453327338,17.6,10.809073724007561,0.6549838059356203,27,34,86,0.45454545454545453,0.36363636363636365,0.5627705627705628,1
15,35,141,9386.5,6718.5,11550.0,287,0.11395670701356092,0.08156588036761403,0.1402226565819665,41.717777777777776,5.484489795918368,0.5809566923192998,33,39,97,0.42160278745644597,0.3170731707317073,0.34494773519163763,1
17,23,94,6647.5,5944.0,9269.0,255,0.10222991157247213,0.09141099577085736,0.14254517493271818,23.001730103806228,11.236294896030246,1.0490040742417384,18,35,75,0.07058823529411765,0.43529411764705883,0.3176470588235294,1
17,19,105,7107.5,6294.25,11471.75,317,0.07072913453213785,0.06263620893829175,0.11415926121267005,24.593425605536332,17.435595567867036,1.0405215419501135,32,34,94,0.3753943217665615,0.35646687697160884,0.45425867507886436,1
16,26,94,7110.0,6295.5,10082.0,355,0.0564173775044634,0.04995437413211665,0.08,27.7734375,9.312869822485206,1.141014033499321,35,37,84,0.2535211267605634,0.3323943661971831,0.3183098591549296,1
18,27,83,7614.0,5591.25,13145.25,279,0.09781477627471384,0.07182911319227657,0.1688730874474891,23.5,7.669753086419753,1.908150674989113,36,33,101,0.2903225806451613,0.2939068100358423,0.3978494623655914,1
17,21,110,6911.25,5055.25,11645.25,299,0.07730618225746916,0.05654578807843313,0.13025861008266126,23.914359861591695,11.463151927437641,0.9624173553719009,32,32,91,0.23076923076923078,0.25752508361204013,0.3311036789297659,1
16,32,129,5148.0,4854.5,7409.0,359,0.039943824147857326,0.03766652958931107,0.057487139299043304,20.109375,4.74072265625,0.4452256474971456,30,26,66,0.27298050139275765,0.2479108635097493,0.3370473537604457,1
15,27,135,7176.0,7467.0,10686.5,311,0.07419278129878723,0.07720143505546882,0.11048789818136702,31.893333333333334,10.242798353909466,0.5863648834019204,37,33,92,0.4983922829581994,0.17041800643086816,0.35691318327974275,1
23,29,83,8160.5,7710.5,12076.75,415,0.04738278414864276,0.04476992306575701,0.07012193351720133,15.426275992438564,9.168252080856124,1.7530483379300335,25,26,99,0.22650602409638554,0.16626506024096385,0.2433734939759036,1
15,25,98,9789.25,8247.25,14336.0,319,0.09619844537691256,0.08104529240082153,0.14087911871935221,43.507777777777775,13.1956,1.4927113702623906,41,33,112,0.3605015673981191,0.27586206896551724,0.3510971786833856,1
22,24,120,11219.0,9686.0,21222.0,319,0.11024852350114484,0.09518381305215161,0.20854747889663033,23.179752066115704,16.81597222222222,1.47375,50,47,136,0.16614420062695925,0.43260188087774293,0.6050156739811913,1
20,28,109,6637.0,7228.5,12872.5,299,0.07423854319302917,0.08085480028187604,0.1439860851668326,16.5925,9.220025510204081,1.0834525713323795,27,28,103,0.32441471571906355,0.1939799331103679,0.45819397993311034,1
21,27,94,7469.5,7562.0,12700.0,319,0.07340238401745267,0.07431137665706901,0.12480223268246185,16.93764172335601,10.373113854595337,1.437301946582164,38,28,96,0.4231974921630094,0.22884012539184953,0.3322884012539185,1
17,22,102,5450.25,6820.75,9475.5,243,0.09230046232789717,0.11551000016935088,0.16046842452878118,18.858996539792386,14.09245867768595,0.9107554786620531,48,33,83,0.3374485596707819,0.2674897119341564,0.6172839506172839,1
16,24,89,5941.25,7747.5,12344.75,295,0.06827061189313416,0.08902614191324332,0.14185291582878484,23.2080078125,13.450520833333334,1.5584837773008458,37,21,95,0.44745762711864406,0.13898305084745763,0.5288135593220339,1
16,21,140,6166.0,6600.0,6888.0,291,0.07281444479871518,0.07793956141283169,0.08134056045630071,24.0859375,14.965986394557824,0.3514285714285714,22,32,71,0.14432989690721648,0.37800687285223367,0.3917525773195876,1
20,32,140,6095.5,6320.25,6506.25,279,0.07830706183116866,0.08119435772921725,0.08358384398967125,15.23875,6.172119140625,0.3319515306122449,31,18,65,0.1863799283154122,0.12903225806451613,0.27956989247311825,1
17,35,85,7470.25,5819.25,14478.0,287,0.09069249353518921,0.07064854496230379,0.17577001056222608,25.848615916955016,4.750408163265306,2.0038754325259514,29,24,104,0.3344947735191638,0.14634146341463414,0.578397212543554,1
15,26,116,8870.5,6871.0,15289.5,343,0.0753980059329021,0.05840253635815009,0.12995860568300624,39.42444444444445,10.164201183431953,1.1362589179548157,26,39,107,0.2099125364431487,0.3877551020408163,0.43731778425655976,1
17,25,110,5844.0,5659.5,10172.0,263,0.0844887160433142,0.08182133614769622,0.14706009917737714,20.22145328719723,9.0552,0.8406611570247934,28,25,85,0.4296577946768061,0.20912547528517111,0.5095057034220533,1
15,22,83,10741.0,9933.5,26210.0,359,0.08334044583763317,0.07707497614078103,0.20336589567120056,47.73777777777778,20.52376033057851,3.804616054579765,45,42,144,0.33147632311977715,0.2757660167130919,0.6267409470752089,1
16,20,117,10434.5,10745.0,21643.0,367,0.07747106296728018,0.07977637372019987,0.16068869766647612,40.759765625,26.8625,1.581050478486376,50,47,136,0.32697547683923706,0.3024523160762943,0.3896457765667575,1
15,28,91,13226.0,10863.0,21036.75,367,0.09819658620971275,0.08065246605142216,0.15618758770203953,58.782222222222224,13.855867346938776,2.540363482671175,53,38,124,0.4114441416893733,0.37329700272479566,0.5013623978201635,1
16,29,98,15412.75,12944.75,29333.75,375,0.10960177777777778,0.09205155555555555,0.20859555555555556,60.2060546875,15.392092746730084,3.054326322365681,50,52,157,0.45866666666666667,0.25866666666666666,0.496,1
15,26,67,12307.5,10453.5,21607.0,375,0.08752,0.074336,0.15364977777777777,54.7,15.463757396449704,4.813321452439296,54,51,133,0.38133333333333336,0.4746666666666667,0.4746666666666667,1
15,26,115,9421.5,9655.5,19730.5,303,0.1026206581054145,0.1051694278338725,0.21490812447581392,41.873333333333335,14.283284023668639,1.4919092627599244,38,35,127,0.41914191419141916,0.3069306930693069,0.4884488448844885,1
16,16,88,9024.25,11014.25,20846.5,399,0.056684631377943606,0.06918455286084886,0.13094452924290675,35.2509765625,43.0244140625,2.691955061983471,40,40,127,0.3609022556390977,0.3408521303258145,0.38345864661654133,1
15,22,100,10965.0,9761.5,18965.5,335,0.09770550233905101,0.08698151035865449,0.1689953218979728,48.733333333333334,20.168388429752067,1.89655,46,46,126,0.3253731343283582,0.4626865671641791,0.46865671641791046,1
15,32,112,9891.0,7307.5,19801.0,335,0.08813544219202495,0.06511472488304745,0.17644018712408108,43.96,7.13623046875,1.5785235969387754,46,42,126,0.1373134328358209,0.29253731343283584,0.5671641791044776,1
15,22,75,7660.5,6712.5,14087.0,295,0.08802642918701523,0.07713300775639184,0.16187302499281817,34.04666666666667,13.868801652892563,2.5043555555555557,32,29,101,0.4847457627118644,0.3389830508474576,0.4711864406779661,1
18,29,81,7171.75,7060.75,14284.75,375,0.05099911111111111,0.05020977777777778,0.10158044444444445,22.13503086419753,8.395659928656361,2.177221460143271,33,30,101,0.30133333333333334,0.19466666666666665,0.296,1
16,23,103,8090.0,6470.0,14194.5,323,0.07754315674452933,0.06201535527034669,0.13605517162054653,31.6015625,12.23062381852552,1.3379677632199076,38,35,106,0.4179566563467492,0.21052631578947367,0.4148606811145511,1
15,23,95,6531.5,6469.0,11004.75,271,0.08893533584782343,0.08808431257744312,0.14984477335548263,29.02888888888889,12.228733459357278,1.2193628808864265,39,37,85,0.33210332103321033,0.3985239852398524,0.5867158671586716,1
15,28,111,6123.0,6254.0,12233.5,355,0.048585598095615946,0.04962507439000198,0.09707200952192026,27.213333333333335,7.9770408163265305,0.9928983037091145,31,31,95,0.2676056338028169,0.27323943661971833,0.30985915492957744,1
15,26,91,8757.5,8526.5,17327.0,263,0.12661018664430598,0.12327054027093062,0.25050239269036706,38.922222222222224,12.613165680473372,2.092380147325202,30,41,106,0.33460076045627374,0.4828897338403042,0.5893536121673004,1
15,21,92,6617.0,5932.75,12807.75,227,0.1284131265889111,0.11513419627782413,0.2485542121911933,29.40888888888889,13.452947845804989,1.51320297731569,42,35,100,0.31277533039647576,0.5022026431718062,0.6255506607929515,1
17,23,85,9632.0,8579.75,22447.5,335,0.08582757852528403,0.07645132546224104,0.2000222766763199,33.32871972318339,16.218809073724007,3.1069204152249137,51,50,141,0.5611940298507463,0.4955223880597015,0.6208955223880597,1
16,24,108,12557.25,11608.75,26774.75,391,0.08213741406715026,0.07593324219490977,0.1751345817989155,49.0517578125,20.15407986111111,2.295503257887517,60,54,151,0.4578005115089514,0.2531969309462916,0.5038363171355499,1
15,26,118,13334.0,10024.0,26363.5,391,0.08721816314649956,0.06556733668670404,0.17244458107940164,59.26222222222222,14.828402366863905,1.893385521401896,60,60,153,0.3554987212276215,0.1534526854219949,0.4782608695652174,1
15,24,82,10752.0,7792.5,25836.0,335,0.09580752951659613,0.0694364000891067,0.23021608376030298,47.78666666666667,13.528645833333334,3.842355740630577,56,54,148,0.48059701492537316,0.17313432835820897,0.5671641791044776,1
14,22,55,12134.0,9186.0,28835.0,295,0.13943119793162884,0.10555587474863545,0.3313415685147946,61.90816326530612,18.979338842975206,9.532231404958678,53,53,158,0.6305084745762712,0.4847457627118644,0.6576271186440678,1
15,22,79,8723.0,7757.5,26143.0,331,0.07961774719106252,0.07080530480736759,0.23861593085130658,38.76888888888889,16.02789256198347,4.188912033327992,43,43,146,0.45317220543806647,0.47129909365558914,0.6102719033232629,1
18,20,92,6507.5,7656.5,15649.0,271,0.08860854291199738,0.10425375471466891,0.21308261053090236,20.084876543209877,19.14125,1.8488894139886578,41,38,110,0.5166051660516605,0.5166051660516605,0.5166051660516605,1
15,25,64,6418.5,7142.5,15248.0,303,0.06991144659020357,0.07779738369876592,0.16608393512618588,28.526666666666667,11.428,3.72265625,40,29,105,0.2871287128712871,0.23102310231023102,0.5742574257425742,1
18,32,88,7474.5,8306.0,11653.5,315,0.07532879818594104,0.08370874275636181,0.11744520030234316,23.069444444444443,8.111328125,1.5048424586776858,34,31,89,0.42857142857142855,0.09841269841269841,0.37777777777777777,1
17,29,84,9958.0,9062.5,16591.5,351,0.0808272660124512,0.07355865617973881,0.1346701731317116,34.45674740484429,10.775862068965518,2.35140306122449,42,46,98,0.31054131054131057,0.31339031339031337,0.5726495726495726,1
17,30,93,7013.5,7650.5,10298.5,303,0.07639229269461599,0.08333061028875165,0.11217309849796861,24.268166089965398,8.500555555555556,1.190715689675107,31,31,82,0.297029702970297,0.10231023102310231,0.45874587458745875,1
16,22,112,9815.0,9283.0,21063.5,343,0.08342612346896276,0.07890419808073167,0.17903679589286778,38.33984375,19.179752066115704,1.6791693239795917,42,36,126,0.3294460641399417,0.34402332361516036,0.4227405247813411,1
15,26,72,8599.5,7410.75,20208.5,267,0.12062870849640198,0.10395362538400034,0.28347290605843817,38.22,10.962647928994082,3.898244598765432,55,49,131,0.6441947565543071,0.5430711610486891,0.6292134831460674,1
15,24,86,9104.0,7046.0,17358.0,339,0.07921963783816709,0.061311683678352956,0.15104289033335944,40.46222222222222,12.23263888888889,2.3469442942130883,44,39,121,0.45722713864306785,0.41002949852507375,0.5309734513274337,1
17,23,92,8750.75,7374.25,19424.75,375,0.06222755555555556,0.05243911111111111,0.13813155555555556,30.279411764705884,13.939981096408317,2.2949846408317582,48,50,129,0.2,0.19466666666666665,0.36533333333333334,1
16,26,72,10901.0,7952.0,23791.0,279,0.14004188024305958,0.10215696098457111,0.3056358474325869,42.58203125,11.763313609467456,4.589313271604938,49,46,138,0.43727598566308246,0.3978494623655914,0.7060931899641577,1
15,22,126,10471.75,7596.25,18423.0,319,0.10290533701516298,0.07464794960741344,0.18104185296921219,46.541111111111114,15.694731404958677,1.1604308390022675,56,53,130,0.438871473354232,0.3072100313479624,0.5235109717868338,1
15,22,148,8568.0,6561.0,12933.5,267,0.12018684509531624,0.09203383411185456,0.18142350152197392,38.08,13.555785123966942,0.5904629291453616,30,1,101,0.11235955056179775,0.003745318352059925,0.3895131086142322,1
16,28,128,8453.0,6848.25,19950.75,327,0.07905245536758036,0.06404483348764133,0.1865794125073647,33.01953125,8.73501275510204,1.2176971435546875,46,42,133,0.3394495412844037,0.14067278287461774,0.5382262996941896,1
15,24,133,7934.5,6124.0,12504.5,283,0.09907103347525878,0.07646493276230194,0.15613255253530448,35.26444444444444,10.631944444444445,0.7069082480637684,37,35,104,0.26855123674911663,0.3462897526501767,0.5017667844522968,1
18,24,92,6945.5,7026.0,13119.25,351,0.05637535409615182,0.057028757883458736,0.1064865544922525,21.436728395061728,12.197916666666666,1.5500059073724008,39,38,110,0.34472934472934474,0.4074074074074074,0.31339031339031337,1
15,16,103,9050.5,9618.75,17085.5,299,0.10123488551582197,0.10759107839957048,0.19111083768637935,40.224444444444444,37.5732421875,1.610472240550476,47,43,118,0.35451505016722407,0.35451505016722407,0.5050167224080268,1
15,22,115,9223.5,6269.5,16259.5,279,0.11849154044783597,0.08054238768772241,0.20888092393468738,40.99333333333333,12.953512396694215,1.22945179584121,37,36,114,0.5089605734767025,0.4659498207885305,0.5627240143369175,1
15,22,115,9763.5,10846.5,20277.5,331,0.08911473973402945,0.09899964403391717,0.1850795447285074,43.39333333333333,22.410123966942148,1.5332703213610586,50,44,119,0.459214501510574,0.3202416918429003,0.5981873111782477,1
15,29,87,10243.0,10163.0,24633.5,391,0.06699982339205003,0.06647654057731177,0.16112859021068673,45.52444444444444,12.084423305588585,3.2545250363324083,58,39,127,0.43478260869565216,0.2506393861892583,0.4219948849104859,1
18,22,131,6794.0,6694.75,13438.5,281,0.08604247666569573,0.08478552703233241,0.1701916135813883,20.969135802469136,13.832128099173554,0.7830837363789989,30,31,106,0.19572953736654805,0.2313167259786477,0.398576512455516,1
15,17,137,8148.75,6969.5,15094.75,299,0.09114830930302793,0.07795774096486617,0.1688431896734936,36.21666666666667,24.1159169550173,0.8042383717832596,43,44,111,0.3612040133779264,0.49498327759197325,0.45484949832775917,1
16,22,135,8413.5,7030.0,17929.5,239,0.1472925894154514,0.12307207506871379,0.31388631151415414,32.865234375,14.524793388429751,0.9837860082304527,47,43,122,0.6694560669456067,0.38493723849372385,0.602510460251046,1
15,26,108,7983.0,7759.0,15166.5,283,0.09967660977162907,0.09687972131004258,0.189370575235051,35.48,11.477810650887575,1.3002829218106995,37,35,109,0.30742049469964666,0.4452296819787986,0.519434628975265,1
15,26,140,10017.75,7084.25,15260.5,347,0.08319768455846324,0.05883488775755965,0.1267388650350057,44.52333333333333,10.47965976331361,0.7785969387755102,43,43,114,0.2276657060518732,0.43515850144092216,0.4409221902017291,1
15,32,114,10815.75,7950.5,19214.75,271,0.1472712789858526,0.10825696817853787,0.26163519015263953,48.07,7.76416015625,1.478512619267467,47,47,128,0.4059040590405904,0.5387453874538746,0.6752767527675276,1
19,28,106,8412.0,9491.5,18095.5,367,0.06245498890035563,0.07046974882878335,0.1343502438951956,23.301939058171744,12.106505102040817,1.6104930580277679,45,44,122,0.3024523160762943,0.33787465940054495,0.45231607629427795,1
17,20,91,9947.0,7467.5,19310.0,303,0.10834449781611824,0.08133734165495758,0.21032796348941826,34.418685121107266,18.66875,2.3318439801956283,49,46,134,0.30033003300330036,0.42244224422442245,0.5346534653465347,1
15,23,118,9299.5,8363.0,18705.0,335,0.08286478057473826,0.0745199376253063,0.16667409222543997,41.33111111111111,15.809073724007561,1.3433639758690032,36,36,123,0.43582089552238806,0.3402985074626866,0.48656716417910445,1
18,21,111,9933.75,6779.0,16979.5,279,0.1276159093536825,0.08708778150332087,0.21813054816870286,30.65972222222222,15.371882086167801,1.378094310526743,45,42,119,0.4014336917562724,0.34767025089605735,0.43010752688172044,1
19,34,102,8608.75,7614.5,13720.25,335,0.0767097349075518,0.06785030073513032,0.12225662731120517,23.84695290858726,6.586937716262976,1.318747597078047,27,37,108,0.22686567164179106,0.18507462686567164,0.34626865671641793,1
16,20,101,8335.0,7430.0,17641.0,267,0.11691845866823773,0.10422365301799717,0.24745753201756232,32.55859375,18.575,1.7293402607587491,46,30,121,0.352059925093633,0.36329588014981273,0.6554307116104869,1
19,25,115,7317.5,6070.0,12734.0,259,0.10908453958647009,0.09048761944514841,0.18983020527422073,20.270083102493075,9.712,0.9628733459357278,30,35,104,0.39768339768339767,0.13513513513513514,0.5637065637065637,1
16,27,103,8508.0,7687.0,15254.5,319,0.08360766894979413,0.075539745088983,0.14990516995705624,33.234375,10.544581618655693,1.4378829295880855,44,43,108,0.4952978056426332,0.335423197492163,0.4952978056426332,1
17,22,89,9322.0,8636.0,19116.5,399,0.058554908574694885,0.05424589041526121,0.12007776333063234,32.2560553633218,17.84297520661157,2.4133947733871985,49,46,128,0.38596491228070173,0.2731829573934837,0.37092731829573933,1
17,24,114,7201.5,6343.5,15854.0,303,0.07844002222004379,0.0690945332156978,0.17268459519219248,24.918685121107266,11.013020833333334,1.2199138196368113,17,30,116,0.056105610561056105,0.24092409240924093,0.5445544554455446,1
20,36,125,7199.0,7155.0,14248.0,319,0.07074419473079077,0.07031180904275705,0.14001434734328475,17.9975,5.520833333333333,0.911872,42,41,108,0.36363636363636365,0.4012539184952978,0.47335423197492166,1
16,21,90,5655.0,6434.0,9546.5,287,0.06865446952130048,0.07811191103449114,0.11589918537313795,22.08984375,14.589569160997732,1.1785802469135802,38,25,82,0.37630662020905925,0.23693379790940766,0.3554006968641115,1
