SrcIPF0,DstIPF0,DstPortF0,SrcIPF2,DstIPF2,DstPortF2,Events_F1,SrcIP_BurstIndex,DstIP_BurstIndex,DstPort_BurstIndex,SrcIP_Concentration,DstIP_Concentration,DstPort_Concentration,SrcIP_MaxCount,DstIP_MaxCount,DstPort_MaxCount,SrcIP_FractionOfMass,DstIP_FractionOfMass,DstPort_FractionOfMass,Attack
14,17,18,944.5,761.25,4854.5,97,0.10038261239239027,0.0809065788075247,0.515942183016261,4.8188775510204085,2.634083044982699,14.983024691358025,14,12,67,0.4329896907216495,0.35051546391752575,0.8969072164948454,1
15,19,12,789.75,826.625,4581.875,99,0.08057851239669421,0.08434088358330782,0.4674905621875319,3.51,2.289819944598338,31.81857638888889,12,0,65,0.30303030303030304,0.0,0.8484848484848485,1
15,21,32,28495.25,24244.0,102672.5,511,0.10912661180065947,0.0928458454126631,0.3931989384231831,126.64555555555556,54.9750566893424,100.26611328125,72,66,299,0.48532289628180036,0.38943248532289626,0.9041095890410958,0
13,19,269,87065.25,76110.75,193625.25,863,0.11690235495838307,0.10219376746346853,0.25998027576335747,515.1789940828403,210.8331024930748,2.6758233026077582,98,98,425,0.2954808806488992,0.3128621089223638,0.7265353418308227,0
15,18,94,23912.25,19567.875,32585.5,415,0.1388430831760778,0.11361808680505153,0.18920307736971984,106.27666666666667,60.394675925925924,3.687811226799457,58,70,158,0.14698795180722893,0.1710843373493976,0.6963855421686747,0
15,19,80,6210.75,6667.75,4284.75,259,0.09258582907231556,0.0993984883946274,0.06387427140322893,27.60333333333333,18.4702216066482,0.6694921875,33,39,50,0.38996138996138996,0.4826254826254826,0.23938223938223938,0
15,18,94,8458.125,7505.5,4332.125,287,0.10268577984435892,0.09112044579878352,0.05259411914676638,37.59166666666667,23.165123456790123,0.4902812358533273,39,45,49,0.49477351916376305,0.4146341463414634,0.24390243902439024,0
13,17,143,7377.0,6324.0,3958.125,239,0.12914689868874846,0.11071234747290838,0.06929369233731902,43.650887573964496,21.88235294117647,0.19356080981955107,40,34,43,0.4560669456066946,0.26778242677824265,0.18410041841004185,0
15,17,75,5966.125,5020.0,4048.375,199,0.15065591777985404,0.12676447564455443,0.1022291103760006,26.516111111111112,17.370242214532873,0.7197111111111111,35,30,48,0.5678391959798995,0.24623115577889448,0.5175879396984925,1
12,15,84,6330.75,6323.625,4411.5,239,0.11083051767300993,0.11070578246179164,0.07723079077747239,43.963541666666664,28.105,0.6252125850340136,36,39,47,0.4309623430962343,0.3723849372384937,0.5188284518828452,0
13,15,103,7434.25,6225.0,4433.0,263,0.1074795067154361,0.08999696395784239,0.06408940421286993,43.989644970414204,27.666666666666668,0.41785276651899333,40,38,48,0.38022813688212925,0.4828897338403042,0.20912547528517111,0
16,19,163,6315.5,5594.5,2975.0,247,0.10351751380943795,0.09169958530708584,0.04876329721844318,24.669921875,15.497229916897506,0.11197259964620422,48,36,33,0.5384615384615384,0.5587044534412956,0.31983805668016196,0
15,16,106,6435.125,5822.5,3074.75,247,0.10547829008834762,0.09543673884181023,0.050398301889885096,28.600555555555555,22.744140625,0.27365165539337843,36,35,20,0.5222672064777328,0.3765182186234818,0.20647773279352227,0
13,17,91,6710.75,5724.375,3439.625,253,0.10484072552297333,0.08943078317111657,0.05373658391788655,39.7085798816568,19.807525951557093,0.41536348267117496,39,28,25,0.3675889328063241,0.30039525691699603,0.09881422924901186,0
15,17,101,5689.5,4659.25,5036.25,207,0.13278022824336624,0.10873649326705408,0.11753483161800742,25.286666666666665,16.1219723183391,0.4937015978825605,19,19,46,0.16908212560386474,0.2463768115942029,0.4251207729468599,0
13,16,114,8430.25,6696.375,8028.5,255,0.12964628988850443,0.10298154555940023,0.12346789696270666,49.883136094674555,26.15771484375,0.6177670052323792,49,15,70,0.5411764705882353,0.08235294117647059,0.596078431372549,0
15,19,83,5077.75,4434.75,3431.625,207,0.11850334896963756,0.10349716446124764,0.08008646642862144,22.567777777777778,12.284626038781163,0.4981310785309914,40,31,37,0.47342995169082125,0.4106280193236715,0.178743961352657,1
15,17,83,8434.625,6640.375,3738.375,243,0.1428411150061813,0.11245533370590527,0.06330970888584057,37.48722222222222,22.977076124567475,0.5426585861518363,43,34,46,0.43621399176954734,0.4567901234567901,0.35390946502057613,0
12,16,91,6222.0,5678.5,3385.25,241,0.1071262547132453,0.0977686334601677,0.058284981319192165,43.208333333333336,22.181640625,0.4087972467093346,38,33,43,0.3900414937759336,0.42738589211618255,0.31950207468879666,0
15,21,87,5747.25,4782.5,3931.5,211,0.1290907661552975,0.10742121695379708,0.08830664180948317,25.543333333333333,10.844671201814059,0.5194213238208482,38,29,48,0.3886255924170616,0.5639810426540285,0.4786729857819905,1
13,17,90,7130.75,6019.75,3417.75,231,0.13363224077509792,0.11281179138321995,0.0640495867768595,42.19378698224852,20.829584775086506,0.42194444444444446,42,40,32,0.47186147186147187,0.43722943722943725,0.36796536796536794,0
14,17,95,6475.5,6247.25,4710.25,283,0.08085380014733609,0.07800384572163468,0.05881269587583813,33.03826530612245,21.616782006920417,0.5219113573407202,30,25,44,0.3250883392226148,0.23674911660777384,0.2756183745583039,1
13,13,76,7244.875,7192.5,5551.875,263,0.10474164726973066,0.10398444389827813,0.08026536454191907,42.869082840236686,42.55917159763314,0.9611971952908587,42,31,49,0.3574144486692015,0.3574144486692015,0.3612167300380228,1
15,14,88,6982.125,5626.0,4775.875,247,0.11444418036683113,0.0922159025717517,0.07828148305987641,31.031666666666666,28.70408163265306,0.6167193956611571,21,28,37,0.08502024291497975,0.19433198380566802,0.4008097165991903,1
13,19,74,7739.0,5382.0,4619.25,247,0.1268501368650527,0.08821649264862562,0.07571423888278779,45.79289940828402,14.908587257617729,0.8435445580715851,52,28,46,0.21052631578947367,0.38866396761133604,0.3441295546558704,1
15,19,112,5380.5,4750.25,3032.0,263,0.07778773728115196,0.06867599647240816,0.04383466581850251,23.913333333333334,13.158587257617729,0.24170918367346939,32,29,32,0.20152091254752852,0.20152091254752852,0.17870722433460076,1
13,23,81,8688.25,6313.25,4852.25,295,0.09983625395001436,0.07254524561907498,0.05575696638896869,51.40976331360947,11.934310018903592,0.7395595183661027,29,35,44,0.38305084745762713,0.3389830508474576,0.25084745762711863,1
15,18,56,5646.625,5525.0,4016.625,199,0.14258793969849246,0.13951667887174565,0.10142736294538017,25.09611111111111,17.05246913580247,1.280811543367347,30,24,34,0.5376884422110553,0.32663316582914576,0.1708542713567839,1
15,15,83,5907.75,5794.75,4651.0,239,0.10342518513331349,0.10144692845013217,0.0814236445440381,26.256666666666668,25.754444444444445,0.6751342720278705,32,36,46,0.3807531380753138,0.5355648535564853,0.4769874476987448,0
13,13,84,5103.125,5197.625,3445.0,191,0.13988446040404595,0.14247484992187714,0.09443271840135961,30.196005917159763,30.755177514792898,0.4882369614512472,44,40,39,0.6073298429319371,0.6020942408376964,0.5392670157068062,0
13,16,78,5239.875,5437.5,2559.75,239,0.0917329003343779,0.09519266119290629,0.04481276588295023,31.005177514792898,21.240234375,0.4207347140039448,29,35,0,0.47280334728033474,0.47280334728033474,0.0,0
15,17,102,5831.0,6431.5,3601.0,311,0.06028680431343762,0.06649538362920152,0.03723079786189142,25.915555555555557,22.25432525951557,0.34611687812379854,40,31,36,0.29260450160771706,0.2765273311897106,0.33440514469453375,1
15,23,100,5432.5,4829.125,3547.0,255,0.08354479046520569,0.07426566705113417,0.05454825067281815,24.144444444444446,9.128780718336484,0.3547,34,26,36,0.4235294117647059,0.4666666666666667,0.3137254901960784,1
14,17,113,7103.25,6642.5,4026.0,283,0.08869195519984018,0.08293898038432244,0.05026907565333567,36.24107142857143,22.984429065743946,0.3152948547262902,44,26,30,0.3957597173144876,0.2579505300353357,0.12014134275618374,1
13,18,76,5385.25,5457.0,4258.375,247,0.0882697634775197,0.08944581946925863,0.06979912799750856,31.865384615384617,16.84259259259259,0.7372532894736842,28,34,47,0.4089068825910931,0.42105263157894735,0.2631578947368421,1
13,16,76,5218.0,4706.5,4359.75,247,0.08552836466750807,0.07714435575079087,0.07146076808339753,30.875739644970412,18.384765625,0.7548043628808865,26,27,48,0.41700404858299595,0.15384615384615385,0.3967611336032389,1
15,16,86,5643.875,5369.75,4662.375,227,0.10952812979099148,0.10420830988375478,0.09048060315550467,25.08388888888889,20.9755859375,0.6303914277988102,28,25,41,0.41409691629955947,0.3964757709251101,0.44052863436123346,1
13,18,68,5641.875,5029.0,4315.5,183,0.16846949744692288,0.15016871211442565,0.12886320881483473,33.38387573964497,15.521604938271604,0.9332828719723183,40,28,41,0.6557377049180327,0.5245901639344263,0.5409836065573771,1
15,17,92,6265.25,5293.75,3624.25,275,0.08284628099173554,0.07,0.04792396694214876,27.845555555555556,18.317474048442907,0.42819588846880907,41,28,28,0.22181818181818183,0.46545454545454545,0.32727272727272727,1
15,22,82,5853.0,5794.5,3642.0,215,0.1266197944835046,0.1253542455381287,0.07878853434288804,26.013333333333332,11.972107438016529,0.5416418798334325,27,31,43,0.3116279069767442,0.28837209302325584,0.2,1
13,16,77,6036.5,5775.75,4338.75,227,0.11714762560888044,0.11208736827805701,0.08420015913369171,35.718934911242606,22.5615234375,0.7317844493169169,42,33,46,0.3788546255506608,0.3303964757709251,0.29515418502202645,1
13,16,80,6301.75,5485.0,4225.125,255,0.0969127258746636,0.0843521722414456,0.06497693194925029,37.28846153846154,21.42578125,0.66017578125,31,36,46,0.42745098039215684,0.396078431372549,0.2823529411764706,1
15,16,62,5587.75,4999.75,3883.25,239,0.09782304231368498,0.0875291048826176,0.0679828784510075,24.834444444444443,19.5302734375,1.0102107180020812,38,25,35,0.37656903765690375,0.20920502092050208,0.3472803347280335,1
15,16,122,4059.25,4579.75,2761.625,219,0.08463647546965243,0.09548904318091783,0.057580638435395425,18.04111111111111,17.8896484375,0.1855432007524859,22,0,30,0.3515981735159817,0.0,0.3287671232876712,1
15,19,87,5962.5,5978.25,4366.25,295,0.06851479459925308,0.06869577707555301,0.050172364263142775,26.5,16.560249307479225,0.576859558726384,29,33,42,0.2576271186440678,0.2677966101694915,0.3050847457627119,1
13,18,71,7924.375,7482.25,5697.375,291,0.09357913817739516,0.08835807323956968,0.06728044071279271,46.889792899408285,23.093364197530864,1.1302073001388613,47,22,28,0.3402061855670103,0.13745704467353953,0.18556701030927836,1
13,16,86,7308.25,7138.0,5070.75,235,0.13233589859665007,0.12925305568130377,0.09181982797645993,43.244082840236686,27.8828125,0.6856070849107626,32,39,43,0.48936170212765956,0.3702127659574468,0.451063829787234,1
15,16,52,6395.5,5915.5,4907.25,287,0.07764450217921791,0.07181706710048684,0.059576418312714735,28.424444444444443,23.107421875,1.8148113905325445,30,32,44,0.4529616724738676,0.37282229965156793,0.40069686411149824,1
13,14,84,11070.875,11337.625,9094.0,319,0.10879290690932676,0.11141424514303122,0.08936626015860694,65.50813609467455,57.84502551020408,1.2888321995464853,45,51,68,0.29780564263322884,0.47335423197492166,0.5047021943573667,1
15,20,82,10954.25,10393.75,10147.0,311,0.11325616980800447,0.10746115114607996,0.1049099988627082,48.68555555555555,25.984375,1.509071980963712,50,13,68,0.2990353697749196,0.04180064308681672,0.44694533762057875,1
15,19,100,7247.0,7337.25,4297.125,311,0.07492685145935216,0.0758599476845773,0.04442804561574012,32.208888888888886,20.324792243767313,0.4297125,43,39,39,0.4790996784565916,0.4437299035369775,0.33762057877813506,1
13,17,80,7669.375,6882.25,6475.75,355,0.06085598095615949,0.05461019638960524,0.051384645903590556,45.380917159763314,23.81401384083045,1.0118359375,33,31,48,0.17183098591549295,0.22816901408450704,0.4450704225352113,1
15,16,82,15004.5,9177.0,8528.0,303,0.16343168970362382,0.09995752050452571,0.09288849677046912,66.68666666666667,35.84765625,1.2682926829268293,77,45,67,0.5742574257425742,0.28052805280528054,0.3927392739273927,1
15,16,86,10640.75,9983.75,8642.25,335,0.09481621742036088,0.08896190688349298,0.07700824237023836,47.29222222222222,38.9990234375,1.1685032449972959,44,38,60,0.42686567164179107,0.2955223880597015,0.5194029850746269,1
16,20,79,10084.75,9394.0,9695.5,351,0.08185607259681334,0.07624938109268593,0.07869660148862428,39.3935546875,23.485,1.553517064572985,61,35,60,0.41025641025641024,0.22792022792022792,0.47863247863247865,1
15,19,102,8284.125,7849.875,5150.5,287,0.10057333462831891,0.09530132695552938,0.06252959244375918,36.818333333333335,21.744806094182824,0.4950499807766244,44,0,41,0.2682926829268293,0.0,0.30313588850174217,1
13,19,80,10805.25,9884.75,10996.75,311,0.11171565637245272,0.10219859182597368,0.11369557800270882,63.93639053254438,27.38157894736842,1.7182421875,48,19,66,0.3858520900321543,0.06109324758842444,0.45016077170418006,1
13,15,107,9886.75,9978.0,9517.75,351,0.08024894278455531,0.08098960235712373,0.07725383722534719,58.501479289940825,44.346666666666664,0.831317145602236,44,41,66,0.42450142450142453,0.2222222222222222,0.48717948717948717,0
13,19,82,9363.25,7935.25,9750.0,263,0.13536772253466148,0.11472263586288656,0.14095910017493385,55.40384615384615,21.98130193905817,1.450029744199881,48,32,61,0.39923954372623577,0.21673003802281368,0.623574144486692,1
15,18,84,7595.0,6648.125,6078.0,311,0.07852482914775488,0.06873507304515049,0.06284054135089588,33.75555555555555,20.518904320987655,0.8613945578231292,42,41,56,0.3440514469453376,0.34726688102893893,0.3247588424437299,1
15,20,105,11267.25,10532.75,11932.0,327,0.10537132115702944,0.09850227721198178,0.1115880631072955,50.07666666666667,26.331875,1.0822675736961451,42,50,72,0.18960244648318042,0.27217125382262997,0.5596330275229358,1
15,18,114,7033.0,7059.25,6520.75,267,0.09865477142336125,0.09902299092426602,0.09146923087713392,31.25777777777778,21.78780864197531,0.5017505386272699,46,38,51,0.43820224719101125,0.32209737827715357,0.5468164794007491,1
13,22,71,8901.375,9590.375,8878.75,355,0.07063181908351518,0.07609898829597302,0.0704522912120611,52.67085798816568,19.81482438016529,1.7613072803015275,40,24,58,0.21690140845070421,0.11830985915492957,0.3267605633802817,1
13,19,74,7459.5,7312.75,8448.0,319,0.07330411454289953,0.07186201000383251,0.08301805210247541,44.13905325443787,20.256925207756233,1.5427319211102994,40,44,55,0.4200626959247649,0.3510971786833856,0.4952978056426332,1
15,19,76,9459.25,9911.25,11143.75,311,0.09779934037075713,0.10247257575914227,0.1152154134055686,42.041111111111114,27.45498614958449,1.92931959833795,33,44,79,0.3633440514469453,0.3408360128617363,0.3729903536977492,1
16,20,79,11022.75,10178.5,11249.75,351,0.08946964716195485,0.0826170242124658,0.09131216467398803,43.0576171875,25.44625,1.8025556801794584,48,49,73,0.396011396011396,0.50997150997151,0.5299145299145299,1
15,18,114,7784.5,6865.0,6290.75,287,0.09450764243829596,0.08334446211560174,0.07637278587818233,34.59777777777778,21.188271604938272,0.48405278547245306,24,33,46,0.18466898954703834,0.21602787456445993,0.30662020905923343,1
13,18,84,12694.0,9521.5,9803.25,287,0.15411137685294224,0.11559567312945404,0.11901625611577171,75.11242603550296,29.387345679012345,1.3893494897959184,71,48,68,0.6550522648083623,0.1672473867595819,0.6480836236933798,1
13,19,88,9222.25,10023.75,9595.75,335,0.08217643127645355,0.08931833370461127,0.08550456671864558,54.569526627218934,27.76662049861496,1.2391206095041323,51,44,72,0.31343283582089554,0.3492537313432836,0.24776119402985075,1
13,21,127,8062.375,6948.375,5922.5,247,0.13215058434001542,0.11389098329754627,0.09707584126932092,47.70636094674556,15.755952380952381,0.3671957343914688,46,27,53,0.6234817813765182,0.1862348178137652,0.3643724696356275,0
16,17,84,9854.5,7487.75,8763.0,335,0.08781020271775451,0.06672087324571174,0.0780842058364892,38.494140625,25.90916955017301,1.241921768707483,57,32,65,0.1761194029850746,0.09850746268656717,0.3582089552238806,1
15,19,109,9075.25,7561.0,7633.75,259,0.13528793548098567,0.11271447950984631,0.11379898928161476,40.33444444444444,20.94459833795014,0.6425174648598603,51,33,57,0.5984555984555985,0.4362934362934363,0.6061776061776062,1
15,18,90,8892.125,8593.0,7105.5,319,0.08738244514106583,0.08444295948349564,0.0698253751437191,39.52055555555555,26.521604938271604,0.8772222222222222,52,47,59,0.5391849529780565,0.3667711598746082,0.3949843260188088,0
13,18,82,10359.75,8423.0,7542.0,303,0.11284024442048166,0.09174481804616105,0.08214880894029997,61.30029585798817,25.996913580246915,1.1216537775133848,45,31,61,0.5016501650165016,0.1782178217821782,0.5379537953795379,0
15,20,93,10279.25,10029.5,10125.25,319,0.10101364963001543,0.09855936950305126,0.09950029972189739,45.68555555555555,25.07375,1.1706844721933172,57,53,67,0.45141065830721006,0.5266457680250783,0.5799373040752351,1
13,17,73,9537.75,8695.25,11137.5,343,0.08106953735263368,0.07390840551130906,0.09466718799139814,56.43639053254438,30.087370242214533,2.0899793582285606,52,37,72,0.4606413994169096,0.25072886297376096,0.5247813411078717,0
17,18,112,8951.25,8242.25,6722.75,319,0.08796346340936115,0.08099615766354497,0.06606411100519846,30.97318339100346,25.439043209876544,0.5359335140306123,45,43,60,0.46394984326018807,0.48589341692789967,0.43573667711598746,0
15,18,121,10390.75,9096.75,9001.75,335,0.09258854978837157,0.08105814212519492,0.08021162842503898,46.181111111111115,28.07638888888889,0.6148316371832525,46,38,60,0.42686567164179107,0.43283582089552236,0.4417910447761194,1
13,18,78,8204.25,8916.25,7641.75,367,0.06091254668161468,0.06619879871407465,0.05673625908574568,48.54585798816568,27.51929012345679,1.2560404339250493,35,37,61,0.36239782016348776,0.24250681198910082,0.2997275204359673,1
13,17,79,11630.0,9586.75,9860.25,319,0.11428739890527806,0.0942084885172119,0.09689615864623972,68.81656804733728,33.17214532871972,1.579915077711905,49,34,62,0.3981191222570533,0.26959247648902823,0.46394984326018807,1
13,18,89,8974.25,8329.375,7425.125,359,0.06963206368665668,0.06462841691172477,0.05761225471559035,53.10207100591716,25.707947530864196,0.9373974245676051,44,44,54,0.43175487465181056,0.35376044568245124,0.2200557103064067,1
16,23,87,10909.75,9424.0,9619.75,291,0.12883350456418796,0.11128824647795846,0.1135998630153163,42.6162109375,17.814744801512287,1.2709406790857445,52,34,78,0.5463917525773195,0.3127147766323024,0.4742268041237113,1
15,17,85,7932.75,7950.75,6877.75,343,0.06742726245016957,0.06758025992571122,0.05845991041147821,35.25666666666667,27.511245674740483,0.9519377162629757,36,39,49,0.2653061224489796,0.239067055393586,0.4606413994169096,0
13,15,89,7431.75,6217.5,6174.375,287,0.09022508467991598,0.07548349500418847,0.07495993638383372,43.97485207100592,27.633333333333333,0.7794943820224719,37,35,48,0.3902439024390244,0.4181184668989547,0.34146341463414637,0
13,19,129,6838.5,6630.0,4548.375,311,0.07070336328201735,0.06854767837387951,0.04702572347266881,40.46449704142012,18.365650969529085,0.27332341806381827,35,36,42,0.31189710610932475,0.24758842443729903,0.34726688102893893,1
13,17,80,7059.75,6098.75,5658.75,287,0.0857088224938994,0.0740418118466899,0.06869999635785308,41.773668639053255,21.102941176470587,0.8841796875,38,43,57,0.23344947735191637,0.3588850174216028,0.3344947735191638,0
13,16,91,6524.25,6691.75,4980.5,287,0.07920759023419005,0.08124112226687225,0.06046570918670859,38.60502958579882,26.1396484375,0.6014370245139475,35,33,55,0.4529616724738676,0.5052264808362369,0.3240418118466899,1
16,21,108,7069.0,6671.0,4807.875,219,0.14739058818623466,0.13909217906215468,0.10024551197848251,27.61328125,15.126984126984127,0.4121977880658436,37,36,48,0.6438356164383562,0.4794520547945205,0.2876712328767123,1
15,16,82,6071.375,5560.75,4329.875,247,0.09951605500827747,0.09114638823780098,0.07097108623317872,26.983888888888888,21.7216796875,0.6439433372992267,28,19,44,0.4777327935222672,0.16194331983805668,0.4251012145748988,1
13,18,86,6849.375,5903.25,3131.0,235,0.12402670891806247,0.10689452240832956,0.056695337256677227,40.52884615384615,18.21990740740741,0.42333693888588425,40,33,14,0.5531914893617021,0.425531914893617,0.12340425531914893,1
15,19,95,6523.0,5261.25,4334.75,251,0.10353803907874479,0.0835105791971556,0.06880446342121553,28.99111111111111,14.57409972299169,0.4803047091412742,11,23,49,0.043824701195219126,0.09163346613545817,0.4820717131474104,1
13,18,82,5897.25,4967.75,3768.25,227,0.11444526383201692,0.09640687768052941,0.07312872363135321,34.89497041420118,15.332561728395062,0.5604179060083284,34,31,40,0.6475770925110133,0.47577092511013214,0.3039647577092511,1
15,20,114,6394.5,5478.25,4142.5,255,0.09833910034602077,0.0842483660130719,0.06370626682045367,28.42,13.695625,0.31875192366882116,37,31,47,0.4,0.3607843137254902,0.34509803921568627,1
17,22,105,7539.25,5835.25,5088.0,319,0.07408781360246067,0.057342695138609096,0.049999508652627235,26.087370242214533,12.056301652892563,0.4614965986394558,37,34,54,0.34796238244514105,0.23510971786833856,0.22570532915360503,1
13,18,88,7217.25,7248.25,4798.625,259,0.10759007766729775,0.10805220554255303,0.07153478630312607,42.705621301775146,22.371141975308642,0.6196571539256198,25,29,50,0.2471042471042471,0.23166023166023167,0.24324324324324326,1
13,19,89,8528.75,7777.5,4769.75,291,0.1007162173332861,0.09184468771034825,0.0563260944013415,50.46597633136095,21.54432132963989,0.6021651306653201,36,8,51,0.41580756013745707,0.027491408934707903,0.2027491408934708,1
13,19,104,5667.375,5741.5,4869.5,191,0.15535141580548778,0.15738329541405116,0.13348044187385213,33.53476331360947,15.904432132963988,0.45021264792899407,28,31,46,0.5968586387434555,0.7172774869109948,0.24083769633507854,1
13,19,108,5150.5,4310.625,2929.125,243,0.0872241697573202,0.07300081288421481,0.04960498907686836,30.476331360946745,11.94078947368421,0.2511252572016461,28,26,0,0.4773662551440329,0.32510288065843623,0.0,1
16,22,94,5748.125,5133.375,5278.375,231,0.10772146324094375,0.09620087704503288,0.09891821742471094,22.45361328125,10.606146694214877,0.5973715482118606,33,24,55,0.5238095238095238,0.20346320346320346,0.41125541125541126,0
15,18,100,7215.0,5581.75,3257.0,271,0.09824212633270245,0.0760031862311243,0.044348524666058466,32.06666666666667,17.227623456790123,0.3257,32,28,40,0.42066420664206644,0.45387453874538747,0.23247232472324722,1
13,19,67,7808.25,5727.5,4623.5,219,0.16280415337461687,0.11941994537228165,0.09640124267634119,46.20266272189349,15.865650969529085,1.0299621296502561,31,27,47,0.5753424657534246,0.1232876712328767,0.4018264840182648,1
14,20,111,9035.75,6526.5,5279.75,275,0.1194809917355372,0.086300826446281,0.06981487603305785,46.10076530612245,16.31625,0.4285163541920299,38,31,46,0.4909090909090909,0.28363636363636363,0.2727272727272727,1
13,18,87,7794.375,7323.25,4614.5,311,0.08058617053173561,0.0757152014557335,0.047709390928547056,46.12056213017752,22.602623456790123,0.6096578147707755,29,45,51,0.21221864951768488,0.24758842443729903,0.2604501607717042,0
15,19,114,7583.0,6295.25,4209.5,287,0.09206133375420364,0.07642741808204542,0.0511053915914968,33.702222222222225,17.43836565096953,0.32390735610957216,33,24,40,0.43205574912891986,0.156794425087108,0.24041811846689895,1
16,18,90,9119.5,7382.75,5052.0,255,0.14024605920799693,0.11353710111495578,0.07769319492502884,35.623046875,22.786265432098766,0.6237037037037036,30,27,30,0.24705882352941178,0.2901960784313726,0.21568627450980393,1
12,18,96,11647.25,9460.5,6439.25,279,0.14962873036060687,0.12153620842486608,0.08272311506789481,80.88368055555556,29.199074074074073,0.6987033420138888,56,50,49,0.5340501792114696,0.6236559139784946,0.17562724014336917,1
13,15,107,15566.375,12585.375,10952.125,307,0.16516222983798237,0.13353324703710384,0.1162041507071693,92.10872781065089,55.935,0.9566010131889248,64,64,62,0.6710097719869706,0.504885993485342,0.20195439739413681,0
12,18,106,14324.125,11005.0,8214.25,379,0.09972170202101072,0.07661461560417987,0.057185970579430666,99.47309027777777,33.96604938271605,0.7310653257386971,68,66,66,0.3562005277044855,0.31926121372031663,0.3034300791556728,0
13,17,129,8979.0,7007.25,5489.0,287,0.10900945744151319,0.08507144678216319,0.06663914822323933,53.1301775147929,24.246539792387544,0.32984796586743587,39,33,50,0.4564459930313589,0.22996515679442509,0.17421602787456447,1
16,20,84,6990.75,5273.25,4298.0,259,0.1042135627077712,0.07861018768354676,0.06407179380152353,27.3076171875,13.183125,0.6091269841269841,26,24,47,0.26640926640926643,0.16602316602316602,0.2972972972972973,1
15,17,125,8078.0,5813.0,4838.75,295,0.09282390117782247,0.06679689744326343,0.05560183855214019,35.90222222222222,20.114186851211073,0.30968,41,32,45,0.5016949152542373,0.18983050847457628,0.15254237288135594,1
13,15,128,7565.25,5469.5,3075.75,263,0.1093734187280429,0.07907444086223597,0.04446717460133875,44.764792899408285,24.308888888888887,0.1877288818359375,36,21,34,0.2813688212927757,0.07984790874524715,0.12927756653992395,0
13,17,58,7096.5,6217.5,5288.0,319,0.0697369326166213,0.06109904580340209,0.051964898143689625,41.99112426035503,21.513840830449826,1.5719381688466112,40,27,57,0.34796238244514105,0.2946708463949843,0.26332288401253917,0
13,18,106,6456.75,5579.25,3888.5,239,0.11303636140823865,0.0976742353950386,0.06807478860664204,38.205621301775146,17.21990740740741,0.3460751156995372,32,32,48,0.3179916317991632,0.36401673640167365,0.28451882845188287,0
15,19,100,7000.25,6172.75,4617.25,247,0.11474126768181743,0.10117769509416644,0.07568145683423758,31.112222222222222,17.099030470914126,0.461725,34,28,51,0.4777327935222672,0.38461538461538464,0.2591093117408907,0
15,17,83,8689.25,7906.0,5999.625,295,0.09984774490089054,0.09084745762711864,0.06894139615053145,38.61888888888889,27.356401384083046,0.8708992596893599,42,40,61,0.43728813559322033,0.34576271186440677,0.29491525423728815,1
15,22,96,6869.75,6022.75,6004.25,255,0.1056478277585544,0.09262206843521723,0.09233756247597077,30.532222222222224,12.443698347107437,0.6515028211805556,35,20,55,0.3803921568627451,0.0784313725490196,0.4549019607843137,0
13,18,86,5747.375,5201.125,5716.875,299,0.06428759186138858,0.058177481236227784,0.06394643236652833,34.008136094674555,16.052854938271604,0.7729684964845862,32,24,56,0.4180602006688963,0.23411371237458195,0.19063545150501673,1
9,13,101,7407.875,6398.625,4832.0,303,0.0806878955222255,0.06969496454595954,0.052631005674824906,91.45524691358025,37.86168639053255,0.4736790510734242,46,30,48,0.3696369636963696,0.3201320132013201,0.33003300330033003,1
13,17,138,6665.0,6649.0,3733.0,287,0.08091636416613046,0.08072211633017276,0.04532044822688147,39.437869822485204,23.006920415224915,0.19601974375131276,37,33,43,0.4878048780487805,0.4843205574912892,0.23693379790940766,1
16,19,93,7647.0,7194.5,4239.25,267,0.10726760089214325,0.10092019806702296,0.059465695969925236,29.87109375,19.929362880886426,0.49014336917562723,44,29,6,0.34831460674157305,0.33707865168539325,0.03745318352059925,1
16,23,114,6456.75,5964.0,5015.25,295,0.07419419706980752,0.06853203102556736,0.057629991381786844,25.2216796875,11.274102079395085,0.3859072022160665,30,32,53,0.29152542372881357,0.10847457627118644,0.17966101694915254,0
13,19,134,6079.5,5689.0,4080.75,251,0.09649846827828129,0.09030015396581006,0.06477278138442247,35.97337278106509,15.759002770083102,0.22726386723100914,29,23,43,0.38645418326693226,0.35856573705179284,0.199203187250996,0
9,16,83,7468.0,6761.0,5942.75,255,0.1148481353325644,0.10397539407920031,0.0913917723952326,92.19753086419753,26.41015625,0.862643344462186,46,31,58,0.3607843137254902,0.4549019607843137,0.3176470588235294,1
15,19,80,8122.625,6753.875,6462.75,287,0.09861264553412084,0.08199535019242676,0.07846095011472763,36.10055555555556,18.708795013850416,1.0098046875,31,30,59,0.1916376306620209,0.1951219512195122,0.2578397212543554,1
15,20,103,6180.75,5958.0,3646.75,231,0.11582897621858661,0.11165457918704672,0.06834111054890275,27.47,14.895,0.34374116316335185,23,26,27,0.12987012987012986,0.21212121212121213,0.18181818181818182,1
16,20,112,9405.75,7899.25,9791.75,299,0.10520855471415308,0.08835751277949912,0.10952617979664657,36.7412109375,19.748125,0.7805923150510204,61,56,63,0.2709030100334448,0.2508361204013378,0.6153846153846154,1
13,18,81,6104.5,5131.0,4579.5,271,0.08312114486458518,0.06986560640514154,0.06235617706730573,36.12130177514793,15.83641975308642,0.6979881115683585,34,26,0,0.4132841328413284,0.25461254612546125,0.0,1
13,18,75,5723.5,5424.25,4883.25,271,0.07793330700834683,0.07385860758976594,0.06649215016135401,33.866863905325445,16.741512345679013,0.8681333333333333,21,19,47,0.16236162361623616,0.07011070110701106,0.35424354243542433,1
13,19,98,7274.5,5220.25,3688.5,319,0.07148612926366683,0.05129912245359224,0.036246695688918154,43.044378698224854,14.460526315789474,0.3840587255310287,28,39,42,0.3887147335423197,0.3166144200626959,0.13479623824451412,1
13,19,83,6033.25,4915.5,4577.5,271,0.08215097833635163,0.06693127816887025,0.06232894432265356,35.69970414201183,13.61634349030471,0.6644650892727537,27,37,47,0.3173431734317343,0.23616236162361623,0.3025830258302583,1
15,20,110,6456.25,5832.75,3907.5,319,0.06344522950835782,0.05731812776997081,0.03839879718163147,28.694444444444443,14.581875,0.3229338842975207,31,27,44,0.36990595611285265,0.3072100313479624,0.25391849529780564,1
16,17,130,8179.625,6443.0,4673.5,271,0.11137681948775208,0.08773028689696491,0.0636361160659577,31.95166015625,22.294117647058822,0.2765384615384615,38,25,42,0.2140221402214022,0.15867158671586715,0.15498154981549817,1
13,13,117,6976.25,6718.25,3082.625,303,0.0759865590519448,0.07317637704364496,0.03357650121447788,41.27958579881657,39.75295857988166,0.22518993352326686,41,41,35,0.5016501650165016,0.30033003300330036,0.2145214521452145,0
13,21,71,6245.25,5521.75,4627.0,235,0.11308736985061113,0.09998641919420552,0.0837845178813943,36.95414201183432,12.520975056689343,0.9178734378099583,44,30,48,0.32340425531914896,0.13191489361702127,0.4765957446808511,0
13,14,98,6560.25,5828.75,4240.0,251,0.10412929953492801,0.09251837272424247,0.06730051903938032,38.81804733727811,29.738520408163264,0.4414827155351937,52,39,48,0.6454183266932271,0.32669322709163345,0.3346613545816733,1
15,20,99,5729.125,5070.125,4808.5,207,0.1337049872809167,0.11832539849238022,0.11221965506779621,25.462777777777777,12.6753125,0.49061320273441483,36,31,49,0.48792270531400966,0.2753623188405797,0.4975845410628019,1
14,16,116,4704.5,3907.875,3786.0,219,0.09809011488501074,0.08148026521548758,0.07893913804966535,24.002551020408163,15.26513671875,0.2813614744351962,26,26,40,0.2146118721461187,0.4246575342465753,0.2328767123287671,1
15,18,133,5990.25,5366.5,2584.25,223,0.12045788171891653,0.10791489875123167,0.05196665929337006,26.623333333333335,16.563271604938272,0.14609361750240263,34,25,36,0.34977578475336324,0.30493273542600896,0.26905829596412556,0
13,20,108,5255.0,5012.5,3189.0,247,0.08613483256568703,0.08216000917897359,0.052270976413316066,31.09467455621302,12.53125,0.2734053497942387,35,35,40,0.3157894736842105,0.5101214574898786,0.25101214574898784,0
13,16,87,6179.25,5617.25,4026.0,235,0.11189225894069715,0.10171570846536894,0.07290176550475329,36.56360946745562,21.9423828125,0.5319064605628221,31,30,46,0.2680851063829787,0.14042553191489363,0.28085106382978725,0
16,18,105,5996.875,5862.625,4226.625,239,0.1049854694420616,0.10263519546226432,0.07399424029691357,23.42529296875,18.094521604938272,0.3833673469387755,33,34,51,0.5815899581589958,0.5062761506276151,0.33472803347280333,0
13,19,130,6359.5,5531.125,4422.5,239,0.11133383519196093,0.0968317256350554,0.07742336443689711,37.6301775147929,15.321675900277008,0.2616863905325444,36,25,50,0.497907949790795,0.3598326359832636,0.3263598326359833,0
16,16,101,7362.625,6186.375,4214.75,225,0.14543456790123457,0.1222,0.08325432098765433,28.76025390625,24.16552734375,0.413170277423782,47,29,43,0.5511111111111111,0.1288888888888889,0.4088888888888889,0
13,17,95,6991.5,6597.0,4479.0,231,0.13102265699668297,0.12362961713611065,0.08393770731433069,41.3698224852071,22.826989619377162,0.4962880886426593,43,30,52,0.4935064935064935,0.3722943722943723,0.3852813852813853,1
13,17,99,5642.375,4724.5,4445.125,207,0.13168043594949708,0.11025928259702676,0.10373929379915517,33.38683431952663,16.347750865051903,0.4535379042954801,25,27,50,0.13043478260869565,0.45410628019323673,0.5314009661835749,1
13,17,128,5525.75,4379.875,2923.875,211,0.1241155859032816,0.09837773185687652,0.06567406392488938,32.696745562130175,15.155276816608996,0.17845916748046875,32,29,37,0.5165876777251185,0.5213270142180095,0.3459715639810427,0
17,21,117,5001.25,4822.0,3569.25,223,0.10057008988718856,0.09696555329887993,0.07177401516217902,17.30536332179931,10.934240362811792,0.26073854920008765,31,31,43,0.24663677130044842,0.3632286995515695,0.3273542600896861,0
15,18,89,6667.75,4765.0,5061.0,215,0.14424553812871824,0.10308274743104381,0.1094862087614927,29.634444444444444,14.70679012345679,0.6389344779699533,31,26,54,0.6093023255813953,0.5116279069767442,0.4744186046511628,0
15,14,73,6387.0,5310.75,3931.75,231,0.11969415865519761,0.09952493394051835,0.07368208991585615,28.386666666666667,27.095663265306122,0.7378025896040533,37,22,48,0.5714285714285714,0.09523809523809523,0.2813852813852814,0
12,19,94,5356.5,5327.0,3900.0,245,0.08923781757601,0.0887463556851312,0.06497292794668888,37.197916666666664,14.75623268698061,0.441376188320507,38,28,44,0.3224489795918367,0.39183673469387753,0.40408163265306124,0
13,17,129,5348.0,5163.875,3022.5,203,0.12977747579412263,0.12530939843238129,0.07334562838214953,31.644970414201183,17.868079584775085,0.18162970975301965,36,30,43,0.6206896551724138,0.49261083743842365,0.37438423645320196,1
15,15,86,5262.5,4409.75,4108.5,243,0.08912089959186438,0.07467950346322545,0.06957780826093583,23.38888888888889,19.59888888888889,0.5555029745808545,33,28,46,0.2551440329218107,0.29218106995884774,0.25925925925925924,1
15,22,74,5233.25,5129.625,4763.125,215,0.11321254732287724,0.11097079502433747,0.10304218496484586,23.25888888888889,10.598398760330578,0.8698182980277575,36,28,50,0.3953488372093023,0.35348837209302325,0.5116279069767442,0
13,13,96,5147.875,4925.0,3143.625,215,0.11136560302866415,0.1065440778799351,0.06800703082747431,30.460798816568047,29.142011834319526,0.3411051432291667,24,26,37,0.24186046511627907,0.24186046511627907,0.4372093023255814,0
15,16,129,5509.0,5447.0,4919.5,251,0.08744305645942128,0.08645894509610959,0.078086062125998,24.484444444444446,21.27734375,0.2956252629048735,38,37,56,0.21115537848605578,0.3107569721115538,0.40239043824701193,1
13,19,122,5675.75,5909.25,3563.375,295,0.06521976443550703,0.06790290146509624,0.04094656707842574,33.58431952662722,16.3691135734072,0.23940976887933352,37,45,20,0.36271186440677966,0.36271186440677966,0.1152542372881356,0
12,19,61,6144.5,5112.75,4273.125,175,0.20063673469387755,0.1669469387755102,0.13953061224489796,42.670138888888886,14.162742382271468,1.1483808116097822,39,27,47,0.6628571428571428,0.5142857142857142,0.6571428571428571,1
16,17,95,5994.875,5861.375,3129.625,299,0.06705601727050033,0.06556274538316126,0.03500659947875304,23.41748046875,20.281574394463668,0.3467728531855956,40,32,37,0.26755852842809363,0.44481605351170567,0.28762541806020064,0
15,18,101,6045.0,5403.75,3759.25,231,0.11328498341485355,0.10126777983920841,0.07044939187796331,26.866666666666667,16.67824074074074,0.36851779237329674,28,32,50,0.22943722943722944,0.5974025974025974,0.3852813852813853,0
15,21,114,6129.25,5470.5,3854.75,267,0.08597750003506853,0.07673694398855363,0.05407215699476778,27.24111111111111,12.404761904761905,0.29661049553708835,37,29,44,0.4419475655430712,0.11610486891385768,0.299625468164794,1
13,15,101,6784.0,6630.25,4084.25,207,0.15832341478214193,0.15473523302760858,0.09531727694928703,40.142011834319526,29.467777777777776,0.40037741397902166,31,30,46,0.5845410628019324,0.2608695652173913,0.42028985507246375,0
17,21,90,8503.375,6740.5,7060.875,275,0.11244132231404959,0.0891305785123967,0.09336694214876033,29.423442906574394,15.284580498866212,0.871712962962963,49,45,52,0.3781818181818182,0.3527272727272727,0.49454545454545457,1
16,18,145,8019.25,6884.0,5493.75,295,0.0921488078138466,0.07910370583165757,0.06312841137604137,31.3251953125,21.246913580246915,0.2612960760998811,33,33,44,0.3525423728813559,0.30847457627118646,0.24067796610169492,0
23,21,92,6653.0,6442.25,4840.5,311,0.06878547574983716,0.06660652805492086,0.050046008622739634,12.5765595463138,14.60827664399093,0.5718927221172023,33,46,55,0.42443729903536975,0.45016077170418006,0.17684887459807075,0
17,19,122,5824.0,5118.625,3372.875,231,0.1091433818706546,0.09592445793744495,0.06320861678004536,20.152249134948097,14.179016620498615,0.22661079011018542,35,34,43,0.3463203463203463,0.5064935064935064,0.2510822510822511,1
15,19,92,5556.5,4531.5,4808.5,235,0.1006156631960163,0.08205522861023087,0.08707107288365776,24.695555555555554,12.552631578947368,0.5681120037807184,32,25,55,0.3446808510638298,0.28085106382978725,0.30638297872340425,0
15,21,97,6573.25,5145.75,4632.5,247,0.10774230031634677,0.08434411316363159,0.07593141995443295,29.214444444444446,11.668367346938776,0.49234775215219473,35,28,51,0.3481781376518219,0.3319838056680162,0.3643724696356275,0
15,21,111,5700.75,5881.5,3709.25,247,0.09344113163631595,0.09640380927404153,0.06079840679244046,25.336666666666666,13.33673469387755,0.30105105105105107,35,27,49,0.4574898785425101,0.44534412955465585,0.3117408906882591,0
15,18,90,7515.5,6306.75,4797.5,243,0.1272756524242578,0.10680536503581771,0.0812460837609443,33.40222222222222,19.46527777777778,0.592283950617284,37,31,54,0.1522633744855967,0.48559670781893005,0.3374485596707819,0
18,18,92,6596.5,6195.5,5423.0,227,0.12801529235964215,0.12023326670418599,0.1052417085524656,20.359567901234566,19.121913580246915,0.6407136105860114,35,30,55,0.4845814977973568,0.5022026431718062,0.3524229074889868,1
16,20,69,5621.125,4809.875,4985.125,239,0.09840732830307593,0.0842050209205021,0.08727306944906427,21.95751953125,12.0246875,1.0470751942869145,45,30,55,0.28870292887029286,0.37656903765690375,0.41422594142259417,1
15,20,97,5760.25,4468.5,4732.0,243,0.09755033954851056,0.07567443987197074,0.08013683550949212,25.601111111111113,11.17125,0.5029227335529812,33,31,55,0.3374485596707819,0.20987654320987653,0.36213991769547327,0
13,18,91,5503.625,4816.375,3608.375,211,0.12361862941083983,0.10818209384335482,0.08104883088879405,32.56582840236686,14.865354938271604,0.43574145634585193,38,26,45,0.18009478672985782,0.4075829383886256,0.45023696682464454,0
17,20,92,6329.375,5445.625,3858.375,267,0.08878473537291869,0.0763880121757915,0.05412300635441653,21.900951557093425,13.6140625,0.45585715973534974,36,29,49,0.2546816479400749,0.2546816479400749,0.20599250936329588,0
16,22,92,6885.25,6519.25,4097.25,235,0.12467632412856496,0.11804889090086011,0.07419194205522861,26.8955078125,13.46952479338843,0.4840796313799622,33,32,49,0.24680851063829787,0.23404255319148937,0.40425531914893614,0
15,17,99,5161.0,4706.375,4277.5,215,0.11164954029204975,0.10181449432125474,0.09253650621957815,22.93777777777778,16.285034602076124,0.4364350576471789,33,31,52,0.4930232558139535,0.4883720930232558,0.4186046511627907,0
15,15,110,6209.0,5785.25,4280.5,227,0.12049525509907043,0.11227173048186458,0.0830697277261348,27.595555555555556,25.712222222222223,0.3537603305785124,28,37,51,0.3700440528634361,0.3744493392070485,0.34801762114537443,0
15,18,112,6290.125,5767.125,4950.25,239,0.11011930813536178,0.10096330596453143,0.08666252341520632,27.95611111111111,17.79976851851852,0.39463089923469385,0,38,54,0.0,0.4686192468619247,0.37656903765690375,0
13,22,129,5802.75,5266.5,3678.5,247,0.09511301611237687,0.08632332934485076,0.06029438279598092,34.335798816568044,10.881198347107437,0.2210504176431705,30,30,46,0.30364372469635625,0.41295546558704455,0.26720647773279355,1
15,20,87,4714.0,4013.0,3167.5,167,0.1690272150310158,0.14389185700455376,0.11357524472014056,20.95111111111111,10.0325,0.41848328709208615,31,27,37,0.4491017964071856,0.5389221556886228,0.3772455089820359,1
15,17,111,7260.75,5616.5,4162.75,259,0.10823854742773661,0.08372713585068797,0.06205557460383715,32.27,19.43425605536332,0.33785812839866897,39,31,48,0.3783783783783784,0.38996138996138996,0.3281853281853282,0
13,13,82,5757.125,5168.0,4550.625,183,0.17191092597569352,0.15431932873480844,0.13588417092179522,34.06582840236686,30.579881656804734,0.676773497917906,37,28,50,0.726775956284153,0.5191256830601093,0.43169398907103823,0
15,16,105,6837.5,5899.875,5450.75,263,0.09885208691754976,0.08529652011739362,0.07880336566959187,30.38888888888889,23.04638671875,0.49439909297052154,36,23,51,0.45627376425855515,0.09505703422053231,0.43346007604562736,0
16,20,86,4830.0,4748.125,3431.125,235,0.08746038931643277,0.08597781801720235,0.0621299230421005,18.8671875,11.8703125,0.46391630611141155,33,34,43,0.2723404255319149,0.14893617021276595,0.28936170212765955,0
15,21,87,4989.75,4533.0,4845.25,211,0.1120763235327149,0.10181712001078143,0.10883066418094832,22.176666666666666,10.27891156462585,0.6401440084555423,29,33,50,0.15639810426540285,0.3696682464454976,0.4265402843601896,0
15,19,99,5313.75,4776.25,3996.0,203,0.12894634667184354,0.11590307942439758,0.0969691086898493,23.616666666666667,13.23060941828255,0.40771349862258954,24,32,50,0.3251231527093596,0.2660098522167488,0.24630541871921183,0
13,18,75,7227.25,6532.875,6023.125,243,0.12239411336347779,0.110634811766499,0.10200215075615167,42.764792899408285,20.163194444444443,1.0707777777777778,39,38,61,0.48559670781893005,0.2674897119341564,0.4156378600823045,0
15,15,154,6835.75,5152.0,3959.0,239,0.11967139931023617,0.09019449939601898,0.06930901069659144,30.38111111111111,22.897777777777776,0.16693371563501433,40,27,50,0.4225941422594142,0.11297071129707113,0.32217573221757323,0
13,18,132,6779.0,6125.5,4202.0,291,0.08005337679054333,0.07233617930822735,0.049621520766169505,40.112426035502956,18.905864197530864,0.24116161616161616,32,32,49,0.36769759450171824,0.3161512027491409,0.30584192439862545,1
15,16,115,6613.5,6011.25,3116.75,255,0.10170703575547867,0.09244521337946944,0.047931564782775854,29.393333333333334,23.4814453125,0.2356710775047259,35,31,36,0.4235294117647059,0.5372549019607843,0.20784313725490197,1
15,19,112,7149.5,7460.125,4969.0,279,0.09184748397374135,0.09583799026220115,0.06383525391503192,31.775555555555556,20.66516620498615,0.39612563775510207,33,0,52,0.21505376344086022,0.0,0.3333333333333333,1
15,17,122,6218.375,5080.875,3157.125,247,0.10192553557671818,0.08328074546378403,0.05174851251454703,27.63722222222222,17.580882352941178,0.21211535877452298,33,24,41,0.5263157894736842,0.242914979757085,0.27125506072874495,0
13,18,91,6453.5,5661.25,5117.125,251,0.10243488198600022,0.08985968476690846,0.08122291709655402,38.18639053254438,17.472993827160494,0.6179356357927787,41,37,55,0.5697211155378487,0.3107569721115538,0.3545816733067729,0
15,14,87,7450.25,7784.5,4873.25,263,0.10771082421315907,0.11254319131402796,0.07045424973615348,33.11222222222222,39.71683673469388,0.643843308230942,34,39,53,0.24714828897338403,0.2965779467680608,0.34220532319391633,0
13,15,107,7064.0,7023.125,4101.0,267,0.09908962111966783,0.09851625075397326,0.05752640659849346,41.798816568047336,31.21388888888889,0.3581972224648441,42,38,43,0.40074906367041196,0.27715355805243447,0.37453183520599254,1
15,19,128,8312.375,6440.5,4287.0,227,0.16131450251314794,0.12498787090764424,0.08319587028663471,36.943888888888885,17.84072022160665,0.26165771484375,44,0,47,0.6387665198237885,0.0,0.4185022026431718,1
15,18,171,6644.25,6694.25,3676.25,239,0.11631886696661473,0.11719420178218168,0.06435899231456033,29.53,20.661265432098766,0.12572244451284156,31,41,44,0.2384937238493724,0.49372384937238495,0.3389121338912134,0
13,21,118,7819.125,7652.0,5215.75,267,0.10968206876236165,0.10733773793993463,0.0731634614035826,46.267011834319526,17.351473922902493,0.3745870439528871,38,45,54,0.4943820224719101,0.46441947565543074,0.2696629213483146,1
13,16,107,7863.25,6548.0,5578.75,295,0.09035621947716173,0.07524274633725941,0.06410514220051709,46.52810650887574,25.578125,0.48726963053541794,27,32,57,0.3254237288135593,0.2542372881355932,0.3220338983050847,1
15,14,127,7042.25,5927.75,4112.5,255,0.10830065359477124,0.09116109188773548,0.06324490580545944,31.29888888888889,30.243622448979593,0.2549755099510199,29,32,51,0.47843137254901963,0.3058823529411765,0.3686274509803922,0
15,19,157,7787.375,6516.375,5009.75,231,0.1459375761323813,0.12211868218361725,0.09388411011787635,34.61055555555556,18.05090027700831,0.20324353929165484,33,28,56,0.30735930735930733,0.4199134199134199,0.2510822510822511,0
13,19,106,9027.5,7312.75,5269.5,223,0.18153391381286574,0.14705202195901787,0.10596432665044542,53.417159763313606,20.256925207756233,0.46898362406550376,45,31,56,0.547085201793722,0.34080717488789236,0.4170403587443946,0
15,21,104,6165.625,6897.125,4591.25,259,0.09191313486680282,0.10281786198774616,0.06844337442793041,27.40277777777778,15.639739229024944,0.42448687130177515,39,31,49,0.3745173745173745,0.40540540540540543,0.35135135135135137,1
15,18,114,7329.875,7503.25,6018.75,295,0.08422723355357656,0.08621947716173513,0.0691611605860385,32.577222222222225,23.15817901234568,0.4631232686980609,44,42,60,0.26440677966101694,0.3220338983050847,0.3389830508474576,1
15,18,119,9597.5,9995.25,5593.0,295,0.11028440103418558,0.11485492674518817,0.06426888825050273,42.65555555555556,30.849537037037038,0.3949579831932773,38,43,58,0.3423728813559322,0.5661016949152542,0.3016949152542373,1
13,19,116,8975.75,8447.5,7094.25,259,0.13380465407492434,0.12592984600706608,0.10575647351709128,53.11094674556213,23.400277008310248,0.5272183412604042,51,43,67,0.3861003861003861,0.2625482625482625,0.25868725868725867,1
15,20,139,8812.25,7138.0,4966.75,211,0.1979346825093776,0.1603288335841513,0.11155971339367939,39.16555555555556,17.845,0.2570648517157497,46,40,51,0.6587677725118484,0.5071090047393365,0.3933649289099526,1
15,14,108,8773.5,7313.0,5416.25,287,0.10651458679843145,0.08878340152241741,0.06575592759411915,38.99333333333333,37.31122448979592,0.46435613854595337,48,34,54,0.4564459930313589,0.28222996515679444,0.24041811846689895,0
12,19,149,7684.0,6632.0,4671.625,287,0.09328752321868664,0.0805157280044677,0.05671581541599388,53.361111111111114,18.371191135734072,0.21042407999639656,33,34,55,0.2229965156794425,0.40418118466898956,0.34494773519163763,0
9,17,196,7548.5,6165.125,3866.125,283,0.09425139532270349,0.07697842400329634,0.048272858944424325,93.19135802469135,21.332612456747405,0.1006384058725531,45,27,47,0.34275618374558303,0.10954063604240283,0.2968197879858657,0
15,13,105,9377.375,6655.875,4830.875,219,0.195520839849044,0.13877681866516545,0.10072506828464795,41.67722222222222,39.38387573964497,0.43817460317460316,38,33,54,0.6164383561643836,0.3926940639269406,0.2465753424657534,0
15,20,105,7079.0,7092.375,6194.5,259,0.10552913641716731,0.10572852223431374,0.0923435846215769,31.462222222222223,17.7309375,0.561859410430839,45,43,61,0.39768339768339767,0.29343629343629346,0.5135135135135135,0
15,15,120,6645.0,6966.5,4038.625,247,0.10891835630808569,0.11418807061253258,0.06619720041305381,29.533333333333335,30.962222222222223,0.28046006944444446,32,44,50,0.23076923076923078,0.46963562753036436,0.31983805668016196,0
13,16,111,8215.5,7543.75,5756.5,271,0.11186530684495037,0.10271850873490285,0.07838264729510763,48.612426035502956,29.4677734375,0.4672104536969402,28,51,56,0.2066420664206642,0.3874538745387454,0.4059040590405904,0
15,22,105,7291.625,6382.25,4693.5,239,0.12765226449116787,0.1117321125330439,0.08216767913727001,32.407222222222224,13.18646694214876,0.4257142857142857,33,37,56,0.30962343096234307,0.26778242677824265,0.3598326359832636,0
15,16,99,9381.25,8669.5,4749.5,287,0.1138929694423873,0.10525197586470639,0.05766125605506926,41.69444444444444,33.865234375,0.4845934088358331,43,46,48,0.5574912891986062,0.5470383275261324,0.34494773519163763,0
19,17,94,8594.5,7929.0,7512.5,279,0.11041096594339744,0.10186148687709562,0.09651083619172415,23.80747922437673,27.43598615916955,0.8502150294250792,56,43,59,0.34408602150537637,0.36200716845878134,0.5125448028673835,0
15,20,104,6975.0,6119.25,4895.75,287,0.08467991598781095,0.0742906918865107,0.059436802680620134,31.0,15.298125,0.45263960798816566,33,31,55,0.42160278745644597,0.313588850174216,0.4076655052264808,1
13,16,113,5462.25,5559.0,5612.0,263,0.07896962512108026,0.08036837311512383,0.08113461232633117,32.321005917159766,21.71484375,0.4395019187093743,31,33,54,0.33460076045627374,0.2813688212927757,0.4144486692015209,1
13,17,137,7343.125,5929.625,4306.75,231,0.1376122074174022,0.11112282378516145,0.08070969434605799,43.45044378698225,20.51773356401384,0.22946081304278332,33,35,47,0.5324675324675324,0.29004329004329005,0.33766233766233766,1
13,16,117,6687.875,6663.5,3858.875,283,0.08350553758943176,0.08320118867759617,0.048182334652698874,39.57322485207101,26.029296875,0.28189604792168893,28,31,49,0.37809187279151946,0.3568904593639576,0.3250883392226148,1
15,19,128,7392.375,6247.25,4737.25,239,0.1294160641445353,0.10936870853101312,0.08293359710089108,32.855,17.30540166204986,0.2891387939453125,24,24,54,0.200836820083682,0.3054393305439331,0.3682008368200837,1
15,18,114,7943.25,6596.0,5235.5,271,0.10815824947917375,0.0898135918628559,0.0712885173132174,35.303333333333335,20.358024691358025,0.4028547245306248,43,33,55,0.24354243542435425,0.23616236162361623,0.33579335793357934,1
9,17,113,7675.75,7175.5,5659.5,307,0.08144118239981327,0.0761334337764857,0.06004838247620664,94.76234567901234,24.82871972318339,0.4432218654553998,34,33,58,0.36482084690553745,0.10749185667752444,0.3745928338762215,0
13,17,133,7625.875,6718.25,4622.125,255,0.11727604767397155,0.10331795463283353,0.07108227604767398,45.123520710059175,23.246539792387544,0.2612993951043021,30,44,55,0.396078431372549,0.4392156862745098,0.3568627450980392,0
13,19,110,8671.375,7060.625,5201.375,275,0.11466280991735538,0.09336363636363636,0.06877851239669422,51.30991124260355,19.558518005540165,0.42986570247933886,39,29,53,0.3236363636363636,0.11272727272727273,0.39636363636363636,0
15,19,113,8698.0,6590.25,6215.25,275,0.11501487603305785,0.08714380165289257,0.08218512396694215,38.65777777777778,18.255540166204987,0.4867452423838985,32,29,64,0.39636363636363636,0.2909090909090909,0.3090909090909091,0
15,18,110,8216.25,8594.25,6830.75,279,0.10555170154545805,0.11040775426831619,0.08775259824514074,36.516666666666666,26.525462962962962,0.5645247933884298,35,42,64,0.3548387096774194,0.4767025089605735,0.5304659498207885,0
13,15,107,11184.0,8995.75,9509.75,291,0.13207212952138023,0.10623103175446677,0.11230087032510244,66.1775147928994,39.98111111111111,0.8306183946196174,62,45,61,0.5498281786941581,0.25773195876288657,0.5670103092783505,0
13,13,133,8644.5,6237.625,6717.25,199,0.21828994217317743,0.157511805257443,0.16962324183732733,51.150887573964496,36.90902366863905,0.3797416473514614,41,39,61,0.7939698492462312,0.5829145728643216,0.5175879396984925,0
13,15,111,8610.5,7928.75,5899.125,239,0.1507414085887852,0.1388062183785298,0.1032741898776282,50.94970414201183,35.23888888888889,0.4787862186510835,36,39,53,0.26778242677824265,0.5146443514644351,0.39748953974895396,0
13,16,120,8364.75,7616.25,5544.0,255,0.128638985005767,0.1171280276816609,0.08525951557093425,49.49556213017752,29.7509765625,0.385,46,35,57,0.4627450980392157,0.5450980392156862,0.4196078431372549,0
24,17,114,8655.5,7159.75,5482.0,303,0.09427724950712893,0.07798527377490225,0.05971092158720823,15.026909722222221,24.774221453287197,0.4218220991074177,51,37,56,0.37623762376237624,0.46534653465346537,0.33993399339933994,0
15,20,141,8820.0,7611.75,4971.75,239,0.15440906146601074,0.1332565956478353,0.08703891738590011,39.2,19.029375,0.2500754489210804,47,38,51,0.49372384937238495,0.5397489539748954,0.5188284518828452,0
15,19,110,7162.25,6423.0,5205.5,259,0.10677017337248998,0.09574991428273281,0.07760021466585174,31.83222222222222,17.79224376731302,0.4302066115702479,43,35,61,0.4517374517374517,0.20077220077220076,0.40540540540540543,0
12,19,110,6018.75,5543.75,3254.5,239,0.10536842842387213,0.09705274767598607,0.056975543145253056,41.796875,15.356648199445983,0.2689669421487603,35,21,43,0.37656903765690375,0.16317991631799164,0.2510460251046025,0
16,20,86,8502.375,7055.0,8039.75,311,0.08790619410469289,0.07294176032092307,0.08312310666763165,33.21240234375,17.6375,1.0870402920497566,34,32,59,0.3858520900321543,0.45980707395498394,0.3665594855305466,0
16,22,93,8304.875,7348.375,6270.5,271,0.1130822701215942,0.10005820999169401,0.08538146267071527,32.44091796875,15.182592975206612,0.7249971094924269,42,33,49,0.4280442804428044,0.2066420664206642,0.4022140221402214,0
16,15,72,5191.25,5023.0,4313.0,259,0.07738778491674245,0.0748796231421714,0.06429540406374383,20.2783203125,22.324444444444445,0.831983024691358,32,35,48,0.3127413127413127,0.28957528957528955,0.3166023166023166,0
16,22,99,6531.0,5372.25,4597.875,231,0.12239275875639512,0.10067746106707146,0.08616545791870467,25.51171875,11.099690082644628,0.46912304866850324,32,28,50,0.35064935064935066,0.3939393939393939,0.5151515151515151,0
14,20,124,4529.875,3885.125,3357.5,191,0.12417080123900112,0.10649721772977715,0.09203420958855295,23.111607142857142,9.7128125,0.21835978147762747,29,35,43,0.6492146596858639,0.5026178010471204,0.5759162303664922,1
18,16,97,7790.125,7244.875,6539.5,287,0.09457593269312484,0.08795633065837875,0.07939273270283723,24.043595679012345,28.30029296875,0.6950260388989266,39,32,57,0.4250871080139373,0.2857142857142857,0.4738675958188153,1
18,17,82,17147.0,13998.0,14193.75,415,0.09956161997387139,0.08127739875163303,0.08241399332268834,52.92283950617284,48.43598615916955,2.110908685306365,97,95,95,0.44096385542168676,0.2289156626506024,0.2289156626506024,0
18,19,108,16192.75,13121.5,10768.375,343,0.13763610400428392,0.11153090973998929,0.09152967726032521,49.97762345679013,36.34764542936288,0.9232145919067215,89,90,89,0.5860058309037901,0.5335276967930029,0.4314868804664723,0
15,20,88,8457.75,6752.875,6290.0,295,0.09718758977305372,0.07759695489801781,0.07227808101120367,37.59,16.8821875,0.81224173553719,48,41,55,0.24745762711864408,0.43728813559322033,0.4440677966101695,0
13,21,87,7496.75,7829.0,5621.375,291,0.08852930409418878,0.09245285246985746,0.06638295485409951,44.3594674556213,17.75283446712018,0.7426839741049016,34,45,54,0.37800687285223367,0.5257731958762887,0.4536082474226804,0
14,20,104,6414.0,6639.5,4266.5,251,0.10180790781098713,0.1053872160759353,0.06772114728337646,32.724489795918366,16.59875,0.39446190828402367,32,34,46,0.47410358565737054,0.22310756972111553,0.4940239043824701,0
13,13,105,6666.5,6426.75,3108.25,271,0.09077354611184488,0.08750902084666604,0.04232308928255334,39.446745562130175,38.02810650887574,0.28192743764172334,39,35,41,0.35424354243542433,0.22509225092250923,0.23616236162361623,0
18,17,96,10888.25,8851.625,6375.75,263,0.1574151715363819,0.1279709841113794,0.09217640850670097,33.60570987654321,30.628460207612456,0.6918131510416666,54,36,51,0.4866920152091255,0.3726235741444867,0.30798479087452474,0
16,20,95,8574.5,7039.25,6824.0,271,0.11675358451001484,0.09584904889639302,0.09291812475320325,33.494140625,17.598125,0.7561218836565097,41,38,52,0.44280442804428044,0.45387453874538747,0.36900369003690037,0
15,23,110,7120.875,6855.625,5026.625,283,0.08891202287455206,0.08560008240832075,0.06276298867509895,31.648333333333333,12.959593572778829,0.41542355371900824,43,44,50,0.3568904593639576,0.4134275618374558,0.26148409893992935,0
13,14,73,7518.25,7319.25,5890.75,243,0.127322223915731,0.12395214144185338,0.09976036850751072,44.48668639053255,37.34311224489796,1.105413773691124,39,45,59,0.4444444444444444,0.30864197530864196,0.5185185185185185,1
15,15,84,8087.875,6884.25,6326.625,275,0.10694710743801653,0.09103140495867769,0.08365785123966941,35.94611111111111,30.596666666666668,0.8966305272108843,36,28,59,0.3709090909090909,0.17454545454545456,0.33454545454545453,1
15,18,80,6475.5,5499.0,3698.5,231,0.12135267330072524,0.10305279136447967,0.06931091996027061,28.78,16.97222222222222,0.577890625,31,15,41,0.3333333333333333,0.08225108225108226,0.31601731601731603,1
13,15,93,8177.75,7412.75,4247.0,303,0.08907351131152719,0.08074099489156837,0.04625908135367992,48.38905325443787,32.94555555555556,0.4910394265232975,43,37,48,0.45544554455445546,0.40594059405940597,0.35313531353135313,0
16,17,113,7595.75,6571.25,5658.75,267,0.10654869615228156,0.0921776150598269,0.07937760383789925,29.6708984375,22.7378892733564,0.44316312945414676,47,28,52,0.4868913857677903,0.43820224719101125,0.35580524344569286,0
13,17,144,8075.125,6740.25,3855.5,243,0.13675295093905063,0.11414672560077224,0.06529323104540297,47.78180473372781,23.32266435986159,0.1859326774691358,52,34,33,0.5555555555555556,0.4691358024691358,0.37448559670781895,1
15,17,98,5985.5,5822.75,3492.0,255,0.09204921184159938,0.08954632833525566,0.05370242214532872,26.602222222222224,20.147923875432525,0.3635985006247397,32,34,42,0.21176470588235294,0.23921568627450981,0.2784313725490196,0
13,16,86,9289.75,8615.25,7464.5,279,0.11934263434436865,0.11067753497514163,0.09589419457612312,54.968934911242606,33.6533203125,1.0092617631151974,48,36,56,0.5089605734767025,0.12903225806451613,0.6344086021505376,0
15,19,88,8208.5,8602.25,6353.0,311,0.08486781567601659,0.08893880336224812,0.06568377084604171,36.48222222222222,23.82894736842105,0.8203770661157025,54,40,59,0.3858520900321543,0.2508038585209003,0.4180064308681672,0
15,20,118,8443.625,7577.125,5246.625,319,0.08297505920735841,0.07446000923733061,0.051558308192726096,37.52722222222222,18.9428125,0.37680443837977595,38,38,53,0.31347962382445144,0.438871473354232,0.27586206896551724,0
15,17,109,9466.25,7380.75,5259.75,279,0.12161007695173495,0.09481828342390257,0.06757043203453193,42.07222222222222,25.53892733564014,0.44270263445837893,46,28,39,0.5770609318996416,0.33691756272401435,0.1935483870967742,0
13,16,72,7007.0,7100.5,5481.5,275,0.09265454545454545,0.0938909090909091,0.07248264462809917,41.46153846153846,27.736328125,1.0573881172839505,43,34,58,0.34545454545454546,0.2,0.26181818181818184,0
13,20,104,8338.875,6963.25,6139.5,311,0.08621576493212436,0.07199315557117895,0.06347639085617394,49.342455621301774,17.408125,0.5676312869822485,42,32,60,0.3440514469453376,0.28938906752411575,0.33762057877813506,0
15,18,87,7687.625,6600.125,5860.5,247,0.12600804799291906,0.10818280909374027,0.09605959776426429,34.16722222222222,20.370756172839506,0.7742766547760602,0,40,55,0.0,0.41700404858299595,0.23076923076923078,1
15,17,91,7540.25,6418.0,5551.25,239,0.13200486686157456,0.11235797692617426,0.09718404789832111,33.51222222222222,22.207612456747405,0.6703598599202995,35,21,55,0.5983263598326359,0.17154811715481172,0.4560669456066946,1
16,18,80,7177.75,4955.75,4860.25,271,0.09773491646355578,0.06747933715499517,0.06617897359785406,28.0380859375,15.295524691358025,0.7594140625,33,33,55,0.33948339483394835,0.2878228782287823,0.39114391143911437,1
12,15,93,7574.0,6765.875,5049.375,279,0.09730090826171298,0.08691916856155496,0.06486780745365553,52.59722222222222,30.070555555555554,0.5838102670828997,35,38,57,0.3154121863799283,0.5412186379928315,0.2114695340501792,0
13,13,101,7584.5,6152.5,5574.25,239,0.1327795381733513,0.10770994905551373,0.09758670191348191,44.87869822485207,36.405325443786985,0.5464415253406528,28,30,58,0.11715481171548117,0.4476987447698745,0.4476987447698745,0
13,23,95,6266.875,6402.375,3913.0,231,0.11744298270272296,0.11998229043683589,0.07333070969434606,37.08210059171598,12.102788279773156,0.43357340720221604,30,42,51,0.36363636363636365,0.38095238095238093,0.37662337662337664,0
14,18,99,6367.875,6049.75,3217.125,243,0.10784052227810802,0.10245304746905112,0.054482294365696286,32.48915816326531,18.672067901234566,0.3282445668809305,31,34,38,0.3374485596707819,0.23045267489711935,0.39094650205761317,0
15,20,89,6155.0,5116.375,6372.5,243,0.10423546546088841,0.0866462598858575,0.107918847059222,27.355555555555554,12.7909375,0.8045070066910743,23,23,61,0.205761316872428,0.20164609053497942,0.4444444444444444,1
15,14,116,6000.125,5390.625,3150.625,275,0.07934049586776859,0.07128099173553719,0.04166115702479339,26.66722222222222,27.503188775510203,0.23414276159334127,35,27,39,0.5018181818181818,0.44,0.15272727272727274,1
13,18,99,8089.75,6224.25,4130.75,279,0.10392659395434282,0.07996107449801519,0.05306650736758264,47.86834319526627,19.21064814814815,0.4214620957045199,33,30,37,0.23655913978494625,0.13261648745519714,0.13978494623655913,0
15,13,117,7530.25,6578.25,4228.25,271,0.1025346877085007,0.08957190125406789,0.05757342628776841,33.467777777777776,38.92455621301775,0.30887939221272553,29,32,49,0.28413284132841327,0.31365313653136534,0.2988929889298893,0
15,20,143,7651.125,7679.75,5735.875,307,0.08117990641810523,0.08148362316841558,0.06085873590170718,34.005,19.199375,0.2804966013007971,34,41,58,0.24104234527687296,0.23778501628664495,0.28338762214983715,0
9,17,90,8112.625,8984.625,5616.125,279,0.1042204622242777,0.11542278490769646,0.07214867486286147,100.15586419753086,31.088667820069205,0.6933487654320988,43,58,60,0.4229390681003584,0.3010752688172043,0.21505376344086022,0
15,17,135,7829.625,7637.875,4711.375,279,0.1005848460322966,0.09812149124497373,0.06052562274379825,34.79833333333333,26.42863321799308,0.2585116598079561,42,35,55,0.4336917562724014,0.2831541218637993,0.33691756272401435,0
15,18,104,9614.375,8141.0,6105.875,343,0.08172083910615476,0.06919735824358898,0.051899081165160774,42.730555555555554,25.126543209876544,0.5645224667159763,39,42,62,0.3119533527696793,0.26822157434402333,0.35276967930029157,0
13,18,137,8244.625,7561.25,4742.375,287,0.10009378528329833,0.09179727810219865,0.05757475506561935,48.78476331360947,23.33719135802469,0.25267062709787413,30,34,53,0.20209059233449478,0.1951219512195122,0.2787456445993031,1
15,17,92,8051.0,6467.25,5516.75,271,0.1096254135973094,0.08806048392587247,0.07511812202992879,35.782222222222224,22.3780276816609,0.6517899338374291,30,32,60,0.31365313653136534,0.11808118081180811,0.43911439114391143,0
15,23,116,8867.25,6924.125,5366.375,259,0.13218720651153085,0.1032203604597427,0.07999843472816445,39.41,13.089083175803403,0.39880908145065397,58,24,58,0.3783783783783784,0.11196911196911197,0.46332046332046334,0
15,17,90,7832.5,7947.5,4785.75,279,0.10062178029573104,0.10209915083310851,0.06148109608047173,34.81111111111111,27.5,0.5908333333333333,35,51,55,0.5842293906810035,0.5913978494623656,0.3046594982078853,0
15,18,115,6301.75,6030.625,3335.625,271,0.08580697430590542,0.08211523535899566,0.04541911194019689,28.00777777777778,18.61304012345679,0.2522211720226843,34,29,24,0.34317343173431736,0.39114391143911437,0.22140221402214022,0
13,19,110,6959.75,6493.75,4723.25,219,0.14511269573194888,0.13539646796355373,0.09848105752590647,41.18195266272189,17.988227146814406,0.3903512396694215,28,38,53,0.3242009132420091,0.4611872146118721,0.3242009132420091,0
13,16,123,7497.5,6129.75,5585.75,251,0.11900604752305519,0.0972960746654815,0.08866129109061761,44.36390532544379,23.9443359375,0.3692081433009452,33,32,59,0.3784860557768924,0.2749003984063745,0.4701195219123506,0
15,15,99,9076.5,9298.0,7214.75,307,0.09630340905473798,0.09865356661609141,0.07654988381839595,40.34,41.324444444444445,0.7361238649117438,44,43,59,0.4788273615635179,0.4201954397394137,0.33876221498371334,1
13,18,160,8540.0,8011.5,3787.5,295,0.09813272048261994,0.09205975294455616,0.04352197644355071,50.532544378698226,24.72685185185185,0.14794921875,35,49,42,0.2983050847457627,0.38305084745762713,0.288135593220339,0
13,14,117,9301.625,7503.75,7359.25,311,0.09616965291922126,0.07758139390618377,0.07608740604418895,55.039201183431956,38.2844387755102,0.5376031850390824,46,43,57,0.3762057877813505,0.5144694533762058,0.4630225080385852,1
15,17,78,6934.375,5677.125,5467.625,239,0.12139799723394198,0.09938770329651092,0.09572005041928537,30.819444444444443,19.644031141868513,0.8986891847468771,28,31,53,0.30962343096234307,0.2217573221757322,0.30962343096234307,0
13,19,107,7386.75,6714.0,6328.375,231,0.1384297520661157,0.12582222971833362,0.11859550982927607,43.7085798816568,18.598337950138504,0.5527447812035986,36,32,60,0.38961038961038963,0.42857142857142855,0.5108225108225108,1
15,22,87,6087.0,5350.25,5953.75,263,0.08800185053998179,0.07735040263701948,0.08607540950425768,27.053333333333335,11.054235537190083,0.7865966442066323,18,31,57,0.06844106463878327,0.23574144486692014,0.4068441064638783,1
15,14,138,26950.5,23031.5,25118.5,319,0.26484114739438486,0.22632934031701732,0.24683817965625338,119.78,117.50765306122449,1.3189718546523839,143,141,144,0.7899686520376176,0.5360501567398119,0.6018808777429467,1
15,20,101,7695.75,7242.875,6555.125,255,0.11835063437139562,0.11138600538254517,0.10080930411380239,34.20333333333333,18.1071875,0.6425963140868542,40,31,55,0.3215686274509804,0.33725490196078434,0.45098039215686275,1
15,16,129,14923.0,12334.5,14469.25,311,0.1542891409311318,0.12752659711955006,0.14959781226414118,66.32444444444444,48.181640625,0.8694940207920198,101,100,100,0.4565916398713826,0.5659163987138264,0.6270096463022508,1
13,16,105,143449.75,122946.125,128676.5,575,0.43387448015122876,0.37185973534971645,0.38919168241965973,848.8150887573964,480.25830078125,11.671337868480725,370,356,350,0.7530434782608696,0.6939130434782609,0.7756521739130435,1
13,15,113,93857.75,85726.0,92222.5,679,0.2035778813597923,0.18594007908190377,0.2000310167642357,555.3713017751479,381.00444444444446,7.22237450074399,298,297,294,0.5699558173784978,0.5508100147275405,0.6023564064801178,1
15,21,104,68742.25,56560.25,64379.125,551,0.2264230025592801,0.18629797003303677,0.21205175542900057,305.5211111111111,128.2545351473923,5.952212000739645,249,240,242,0.6098003629764065,0.4827586206896552,0.5480943738656987,1
15,21,94,127918.5,96003.5,118569.5,591,0.36623377738840646,0.2748603559884448,0.339467362954183,568.5266666666666,217.6950113378685,13.41891127206881,346,310,312,0.7157360406091371,0.6514382402707276,0.7377326565143824,1
16,21,104,142686.375,103718.75,133362.0,799,0.22350587640056954,0.16246645916908026,0.20890004871546253,557.36865234375,235.18990929705217,12.330066568047338,369,324,326,0.5168961201501877,0.47309136420525655,0.6345431789737171,1
15,18,115,119622.875,88288.625,110377.75,599,0.3333961583161697,0.24606571609332192,0.30762943804504445,531.6572222222222,272.4957561728395,8.346143667296786,337,297,296,0.7312186978297162,0.6143572621035058,0.6978297161936561,1
15,18,115,59070.25,40923.0,56020.25,535,0.2063769761551227,0.14297493230849856,0.19572102367018954,262.53444444444443,126.30555555555556,4.23593572778828,233,201,196,0.5233644859813084,0.5644859813084112,0.6691588785046729,1
19,29,110,104909.25,75989.75,93091.5,543,0.3558067010571513,0.2577242927735892,0.3157260156893868,290.6073407202216,90.3564209274673,7.6935123966942145,311,274,270,0.716390423572744,0.6629834254143646,0.8047882136279927,1
15,21,111,94613.25,66740.75,84114.5,463,0.44135695926183355,0.31133582747505467,0.3923818275963409,420.50333333333333,151.33956916099774,6.826921516110705,296,258,252,0.8012958963282938,0.7645788336933045,0.9092872570194385,1
17,21,141,62589.25,37096.125,52984.625,447,0.31324539935638535,0.18565792832154707,0.26517636843185244,216.57179930795849,84.11819727891157,2.665088526734068,232,187,188,0.756152125279642,0.6465324384787472,0.7651006711409396,1
15,20,129,20527.125,11688.0,18621.25,415,0.11918783568006967,0.06786471185948614,0.10812164319930324,91.23166666666667,29.22,1.1189982573162671,119,88,97,0.5421686746987951,0.3710843373493976,0.491566265060241,1
16,18,123,20837.75,12371.0,21755.0,431,0.11217505289054215,0.06659632538584526,0.11711284930636678,81.3974609375,38.1820987654321,1.4379668186925771,116,85,107,0.3689095127610209,0.3619489559164733,0.48259860788863107,1
16,20,131,23594.0,14463.0,30053.0,327,0.22065108623479132,0.1352579749179362,0.2810556537515548,92.1640625,36.1575,1.7512382728279239,131,85,135,0.7737003058103975,0.599388379204893,0.6758409785932722,1
20,24,149,6838.125,7365.75,9880.875,355,0.05426006744693513,0.05844673675857965,0.07840408649077564,17.0953125,12.787760416666666,0.4450644115129949,19,37,91,0.10140845070422536,0.29577464788732394,0.37464788732394366,1
17,23,148,5381.75,6204.5,6618.0,287,0.06533708069783535,0.07532566863747284,0.08034576114800471,18.6219723183391,11.728733459357278,0.30213659605551496,29,29,73,0.4355400696864111,0.397212543554007,0.397212543554007,1
18,29,128,7067.375,6435.75,9666.875,295,0.08121085894857799,0.07395288710140764,0.11108158575122092,21.812885802469136,7.652497027348395,0.5900192260742188,52,24,87,0.25084745762711863,0.31864406779661014,0.4033898305084746,1
16,20,102,7004.875,6051.25,7784.125,307,0.074323069740793,0.0642049252511963,0.08259106197413235,27.36279296875,15.128125,0.7481857939254133,51,25,69,0.495114006514658,0.11726384364820847,0.38436482084690554,1
19,21,117,5187.5,5120.25,6520.375,255,0.07977700884275278,0.07874279123414071,0.10027489427143406,14.369806094182826,11.610544217687075,0.47632222952735775,0,32,69,0.0,0.3568627450980392,0.42745098039215684,1
15,18,113,4799.375,5723.125,7765.5,247,0.07866667213034143,0.09380788080447147,0.12728449900834304,21.330555555555556,17.663966049382715,0.6081525569739212,19,39,73,0.14979757085020243,0.39271255060728744,0.3441295546558704,1
15,21,80,5759.75,6248.25,9813.25,383,0.03926504373197717,0.04259521845537157,0.06689833593520987,25.59888888888889,14.168367346938776,1.5333203125,36,32,92,0.2741514360313316,0.15404699738903394,0.3577023498694517,1
17,24,126,7026.75,6890.5,5958.75,287,0.08530818633223665,0.08365404460415933,0.07234214328206,24.31401384083045,11.96267361111111,0.37533068783068785,30,33,67,0.3240418118466899,0.4181184668989547,0.3623693379790941,1
17,20,107,7429.25,8268.0,10920.5,279,0.09544134838966611,0.10621651828727792,0.1402923908993975,25.70674740484429,20.67,0.9538387632107608,35,30,97,0.5017921146953405,0.36200716845878134,0.34767025089605735,1
16,18,116,7003.5,7479.5,12100.25,311,0.07240930097910485,0.07733067275979363,0.1251046825405031,27.357421875,23.084876543209877,0.8992456896551724,39,35,99,0.37942122186495175,0.4340836012861736,0.3215434083601286,1
17,20,90,6595.5,7225.0,15077.25,271,0.08980678367669286,0.0983782900559633,0.20529744965346333,22.82179930795848,18.0625,1.861388888888889,37,38,113,0.3726937269372694,0.2029520295202952,0.42066420664206644,1
16,22,109,7991.25,8149.5,12738.0,311,0.08262166437485138,0.08425781371160347,0.13169839021515492,31.2158203125,16.837809917355372,1.0721319754229441,39,36,104,0.26366559485530544,0.2765273311897106,0.3954983922829582,1
16,23,113,6759.0,7016.25,11335.75,319,0.06642033785045351,0.06894832008333251,0.11139581961655251,26.40234375,13.263232514177695,0.8877555016054507,36,30,95,0.28213166144200624,0.2664576802507837,0.3949843260188088,1
17,18,90,8649.0,7730.5,12813.75,299,0.09674388429659624,0.08646995000055928,0.1433289336808313,29.92733564013841,23.859567901234566,1.5819444444444444,39,37,106,0.4280936454849498,0.20066889632107024,0.4782608695652174,1
15,17,96,12597.625,12802.5,27810.5,303,0.13721557799344292,0.1394471130281345,0.3029169253559019,55.989444444444445,44.299307958477506,3.0176323784722223,65,63,161,0.6270627062706271,0.5643564356435643,0.5742574257425742,1
16,20,96,13926.0,13656.75,28492.5,359,0.10805316532304994,0.10596402883279925,0.22107603137778262,54.3984375,34.141875,3.0916341145833335,65,64,161,0.5766016713091922,0.5459610027855153,0.5988857938718662,1
15,16,103,11253.25,9182.5,18561.0,351,0.09134057353430573,0.07453267424777396,0.15065624467333869,50.01444444444444,35.869140625,1.7495522669431616,52,52,131,0.5327635327635327,0.18518518518518517,0.5498575498575499,1
16,29,114,10541.75,9802.625,19526.75,343,0.08960339654395702,0.08332093770452788,0.1659746364184991,41.1787109375,11.655915576694412,1.5025200061557402,47,42,129,0.4518950437317784,0.21574344023323616,0.46355685131195334,1
16,21,136,7793.0,7455.5,9445.875,299,0.08716904732609256,0.08339392176821288,0.10565737519714545,30.44140625,16.905895691609977,0.510698259083045,36,25,92,0.44481605351170567,0.12709030100334448,0.38127090301003347,1
13,19,93,8669.625,7033.25,12755.25,311,0.08963539458855885,0.0727168867153979,0.13187673824712318,51.29955621301775,19.48268698060942,1.4747658688865766,39,32,101,0.42765273311897106,0.28938906752411575,0.5466237942122186,1
16,19,122,6719.75,5763.5,7120.75,283,0.08390353232029367,0.07196369039443619,0.08891046211090162,26.2490234375,15.965373961218837,0.47841642031711906,33,29,72,0.3498233215547703,0.4381625441696113,0.3498233215547703,1
15,20,101,6094.375,6006.875,10016.75,299,0.0681689802127493,0.06719024395700272,0.11204293016856634,27.086111111111112,15.0171875,0.9819380452896774,30,21,90,0.1705685618729097,0.1939799331103679,0.391304347826087,1
15,20,130,6236.0,6092.5,6859.75,295,0.07165756966388968,0.07000861821315714,0.07882505027291008,27.715555555555557,15.23125,0.40590236686390535,28,26,77,0.3152542372881356,0.15932203389830507,0.2847457627118644,1
16,18,72,8280.0,8340.0,15493.5,283,0.10338498420507186,0.10413415075728252,0.19345353294459913,32.34375,25.74074074074074,2.9887152777777777,47,46,116,0.6113074204946997,0.568904593639576,0.43109540636042404,1
15,20,124,7179.0,7977.0,12848.5,347,0.05962178906892342,0.06624920064114809,0.10670713983174016,31.906666666666666,19.9425,0.8356204474505723,36,32,107,0.2968299711815562,0.2478386167146974,0.4322766570605187,1
15,18,99,6633.0,6609.25,8547.25,243,0.1123304374333181,0.11192822909786787,0.14474842927060577,29.48,20.39891975308642,0.8720793796551373,41,34,80,0.3868312757201646,0.25925925925925924,0.4691358024691358,1
16,17,83,7322.625,7535.125,14733.125,267,0.10271745991667719,0.10569828444781103,0.20666757844828795,28.60400390625,26.07309688581315,2.1386449412106256,38,30,112,0.45318352059925093,0.3333333333333333,0.5355805243445693,1
15,16,93,13011.5,11795.375,29025.25,367,0.09660402853982136,0.08757489475755259,0.2154982960746609,57.82888888888889,46.07568359375,3.3559081974794776,75,61,162,0.34332425068119893,0.34332425068119893,0.6730245231607629,1
15,20,125,9141.25,8380.375,13485.875,303,0.09956812512934461,0.09128053894498361,0.14689055539217288,40.62777777777778,20.9509375,0.863096,59,39,108,0.5148514851485149,0.41914191419141916,0.47854785478547857,1
16,19,93,6824.0,7759.25,14142.0,263,0.09865691277884601,0.1121781433879339,0.2044557532998887,26.65625,21.49376731301939,1.6351023239680889,44,34,107,0.34220532319391633,0.38783269961977185,0.6121673003802282,1
15,16,108,6733.75,7282.75,10426.75,303,0.07334520580770948,0.0793250117090917,0.11357002036837346,29.927777777777777,28.4482421875,0.8939257544581619,31,29,94,0.44554455445544555,0.24092409240924093,0.38943894389438943,1
15,17,94,7319.5,6997.75,11246.75,351,0.05941104374152807,0.05679945779660879,0.09128781422228716,32.53111111111111,24.213667820069205,1.2728327297419646,49,31,92,0.42735042735042733,0.15669515669515668,0.37037037037037035,1
16,19,110,8057.0,7366.25,9523.75,319,0.07917571564744844,0.0723877516926917,0.09358939082752725,31.47265625,20.405124653739612,0.7870867768595041,44,29,89,0.4670846394984326,0.34796238244514105,0.3322884012539185,1
15,20,113,6683.5,6445.75,8004.0,359,0.051857915441376155,0.05001319046251969,0.06210380118093435,29.704444444444444,16.114375,0.6268306053723862,33,31,80,0.3871866295264624,0.28969359331476324,0.3593314763231198,1
16,20,96,7675.0,8033.125,13292.75,303,0.08359746865775687,0.0874982300210219,0.14478700345282053,29.98046875,20.0828125,1.4423556857638888,38,30,104,0.297029702970297,0.20462046204620463,0.46204620462046203,1
15,14,94,7254.5,8069.125,12688.375,327,0.06784408345724734,0.07546245639630035,0.11866168205070654,32.242222222222225,41.16900510204081,1.435986306020824,36,38,104,0.3669724770642202,0.3058103975535168,0.3944954128440367,1
15,19,137,6287.5,5961.25,10125.75,239,0.11007335305754451,0.10436179338597014,0.17726843017454177,27.944444444444443,16.513157894736842,0.5394933134423784,36,27,89,0.5146443514644351,0.3305439330543933,0.4811715481171548,1
16,18,127,7343.5,6531.25,11980.75,259,0.10947213070765194,0.09736363500842266,0.17860124327305796,28.685546875,20.15817901234568,0.7428079856159713,38,33,101,0.4749034749034749,0.38223938223938225,0.528957528957529,1
15,20,93,7092.5,6471.0,12048.75,307,0.07525278782798757,0.06865855340640219,0.12783955267429895,31.522222222222222,16.1775,1.3930801248699272,40,30,99,0.44299674267100975,0.30293159609120524,0.4527687296416938,1
15,18,99,6125.125,5693.625,7910.0,291,0.07233175092405617,0.06723615687108088,0.09340938345083313,27.22277777777778,17.572916666666668,0.807060504030201,32,27,72,0.10996563573883161,0.14776632302405499,0.4639175257731959,1
17,20,82,6856.375,5154.625,6868.625,291,0.08096710005786421,0.06087109268903296,0.08111176060745622,23.72448096885813,12.8865625,1.0215087745389648,38,31,69,0.3539518900343643,0.2268041237113402,0.24054982817869416,1
15,18,82,7369.25,6246.875,8826.5,295,0.08467968974432634,0.0717825337546682,0.10142487790864695,32.75222222222222,19.280478395061728,1.3126859012492564,30,31,82,0.1016949152542373,0.12203389830508475,0.43050847457627117,1
15,20,124,7482.125,6664.625,5802.375,259,0.11153866221433789,0.0993519029233315,0.08649803968336787,33.25388888888889,16.6615625,0.37736569979188345,52,37,60,0.4826254826254826,0.23166023166023167,0.41312741312741313,1
16,20,151,7890.25,7394.5,11690.25,367,0.05858125013920959,0.054900548671383706,0.08679439300908018,30.8212890625,18.48625,0.5127077759747379,30,28,97,0.30517711171662126,0.15258855585831063,0.335149863760218,1
15,20,111,8037.5,6651.5,9219.875,279,0.10325535386236045,0.08544982721188063,0.11844497115915777,35.72222222222222,16.62875,0.7483057381706031,40,28,81,0.4767025089605735,0.3906810035842294,0.4551971326164875,1
16,18,81,7293.0,7140.75,10511.0,251,0.11576006730051903,0.11334343899303186,0.1668386216091808,28.48828125,22.03935185185185,1.6020423715896968,31,33,92,0.5059760956175299,0.40239043824701193,0.40239043824701193,1
15,20,143,7726.5,7357.75,11855.25,291,0.09124242746306728,0.08688784969473672,0.1399989371877989,34.34,18.394375,0.5797471759010221,42,22,96,0.4948453608247423,0.3161512027491409,0.3848797250859107,1
15,20,107,6628.875,6363.625,8737.5,255,0.1019434832756632,0.0978642829680892,0.13437139561707034,29.461666666666666,15.9090625,0.7631670888287186,36,30,79,0.5098039215686274,0.3411764705882353,0.30980392156862746,1
16,20,118,7646.25,7260.75,10420.25,303,0.08328431853086299,0.07908538378590334,0.11349922120924964,29.8681640625,18.151875,0.7483661304222925,39,22,85,0.3432343234323432,0.17491749174917492,0.45874587458745875,1
15,20,107,6849.75,7980.5,11271.0,287,0.08315931964695455,0.09688717842877782,0.13683545994245408,30.44333333333333,19.95125,0.9844527906367369,35,45,90,0.4634146341463415,0.5296167247386759,0.4634146341463415,1
15,18,150,7055.5,6165.25,6053.25,263,0.10200378782402521,0.08913313767728318,0.0875139151932224,31.357777777777777,19.02854938271605,0.26903333333333335,45,32,63,0.4866920152091255,0.18250950570342206,0.39543726235741444,1
16,20,76,7081.75,6486.25,7847.25,311,0.07321832900817817,0.06706144477414419,0.08113284602102956,27.6630859375,16.215625,1.3585959141274238,40,28,79,0.36977491961414793,0.37942122186495175,0.40836012861736337,1
15,20,88,7448.75,7033.5,9976.0,271,0.10142495336392478,0.09577075475551804,0.1358369303250228,33.105555555555554,17.58375,1.2882231404958677,38,30,88,0.5498154981549815,0.3210332103321033,0.4833948339483395,1
15,18,131,7517.75,8558.25,10507.5,419,0.042821298579980745,0.048748013510973395,0.05985099196290748,33.41222222222222,26.41435185185185,0.612289493619253,6,7,89,0.014319809069212411,0.02386634844868735,0.3126491646778043,1
17,20,106,7826.5,8256.5,12953.25,327,0.07319342741445257,0.0772147873822817,0.12113879303088966,27.081314878892734,20.64125,1.1528346386614454,36,23,104,0.3761467889908257,0.11926605504587157,0.42201834862385323,1
15,20,122,7839.25,9474.625,10319.0,311,0.08105013389026168,0.09795830274707665,0.1066883096742176,34.84111111111111,23.6865625,0.6932948132222521,45,2,92,0.3022508038585209,0.006430868167202572,0.4115755627009646,1
16,20,123,7430.625,7912.75,8352.5,287,0.09021142662895021,0.09606466024839443,0.10140344061479441,29.02587890625,19.781875,0.5520853989027695,35,29,80,0.3344947735191638,0.27526132404181186,0.39372822299651566,1
15,16,96,8736.375,7768.5,7998.25,239,0.15294506398697502,0.1360007702946377,0.14002293377216785,38.82833333333333,30.345703125,0.8678656684027778,40,37,75,0.4769874476987448,0.4309623430962343,0.4560669456066946,1
15,20,124,7524.25,6468.5,7428.25,303,0.08195547277500027,0.07045605550654076,0.08090982365563289,33.44111111111111,16.17125,0.48310678980228927,32,22,71,0.4158415841584158,0.22442244224422442,0.3927392739273927,1
15,20,83,6854.25,6518.25,8174.5,267,0.09614737196481926,0.09143416235323823,0.1146670594341343,30.463333333333335,16.295625,1.186601829002758,34,31,74,0.36704119850187267,0.41198501872659177,0.4307116104868914,1
17,18,132,8279.0,7704.75,9075.0,283,0.10337249809586835,0.0962023498857521,0.11331144102186318,28.647058823529413,23.78009259259259,0.5208333333333334,33,28,81,0.38869257950530034,0.2826855123674912,0.37809187279151946,1
15,21,118,7832.75,6567.5,7044.75,287,0.09509342106860591,0.07973266641576321,0.08552671514768906,34.812222222222225,14.892290249433106,0.5059429761562769,31,31,68,0.3623693379790941,0.3519163763066202,0.313588850174216,1
16,20,137,7148.0,7214.5,7785.0,335,0.06369347293383827,0.06428603252394743,0.06936957006014703,27.921875,18.03625,0.41477968991422026,28,27,78,0.3373134328358209,0.3253731343283582,0.39104477611940297,1
15,20,89,6641.0,5888.25,8370.5,295,0.07631140476874461,0.06766159149669636,0.09618500430910658,29.515555555555554,14.720625,1.056747885368009,30,34,78,0.36610169491525424,0.3694915254237288,0.4135593220338983,1
15,17,83,6534.25,6132.25,11395.75,259,0.09740835706086672,0.09141560203336264,0.1698804430464662,29.04111111111111,21.218858131487888,1.654195093627522,33,30,88,0.3088803088803089,0.4864864864864865,0.5675675675675675,1
17,20,111,7166.125,6242.625,8350.625,263,0.10360313146062543,0.09025177463892785,0.12072785496392893,24.79628027681661,15.6065625,0.6777554581608636,33,24,80,0.4448669201520912,0.17110266159695817,0.30798479087452474,1
15,21,136,9364.75,8690.875,9295.625,311,0.09682230332606157,0.08985509868591102,0.09610761882114535,41.62111111111111,19.70719954648526,0.5025748810553633,30,28,82,0.28938906752411575,0.21864951768488747,0.26366559485530544,1
17,20,92,8193.75,9432.75,12207.75,299,0.09165165937741189,0.10551056475878345,0.1365504860124607,28.352076124567475,23.581875,1.4423145085066162,41,40,98,0.5016722408026756,0.41471571906354515,0.5284280936454849,1
15,20,111,6914.5,6670.5,7439.5,279,0.08882850939736128,0.08569391451805604,0.09557302706799758,30.73111111111111,16.67625,0.6038065092119146,27,37,74,0.32974910394265233,0.2867383512544803,0.3333333333333333,1
15,17,89,7822.25,7564.25,9265.25,275,0.10343471074380166,0.10002314049586777,0.12251570247933884,34.76555555555556,26.17387543252595,1.1697071076884231,36,37,84,0.29454545454545455,0.13454545454545455,0.4218181818181818,1
15,16,142,7973.5,8233.125,8453.875,319,0.07835516553492988,0.08090648676801525,0.08307578541877536,35.437777777777775,32.16064453125,0.41925585201348936,38,33,79,0.42946708463949845,0.34796238244514105,0.2852664576802508,1
17,15,107,5462.5,6016.5,8226.75,255,0.08400615148019992,0.09252595155709342,0.12651672433679353,18.901384083044984,26.74,0.7185562057821644,26,20,80,0.2549019607843137,0.21568627450980393,0.40784313725490196,1
12,20,94,4993.75,5305.5,5227.25,251,0.07926461484738337,0.08421294900080951,0.0829709052237266,34.67881944444444,13.26375,0.5915855590765052,34,38,59,0.2868525896414343,0.36254980079681276,0.3745019920318725,1
15,20,76,6577.875,6620.25,6983.375,313,0.06714241239575784,0.06757494717716829,0.07128147679367963,29.235,16.550625,1.209033067867036,32,36,71,0.2364217252396166,0.23003194888178913,0.3993610223642173,1
15,20,85,7373.5,6826.25,8789.5,243,0.12487086995546072,0.11560314315229725,0.148850954292198,32.77111111111111,17.065625,1.2165397923875432,32,25,82,0.49794238683127573,0.32510288065843623,0.345679012345679,1
15,20,110,5851.875,5167.75,7459.375,295,0.06724360815857512,0.05938236139040506,0.08571531169204252,26.008333333333333,12.919375,0.6164772727272727,29,25,71,0.15932203389830507,0.3016949152542373,0.288135593220339,1
16,17,87,5078.75,5273.0,7275.25,235,0.09196468990493437,0.09548211860570394,0.13173834314169308,19.8388671875,18.24567474048443,0.9611903818205839,24,35,74,0.3276595744680851,0.2297872340425532,0.4127659574468085,1
16,19,103,6149.25,5129.625,5420.875,283,0.0767802070196906,0.06404905792306059,0.0676856372285832,24.0205078125,14.209487534626039,0.510969459892544,40,33,56,0.29328621908127206,0.2968197879858657,0.36395759717314485,1
19,24,105,7061.5,5417.25,6946.75,303,0.07691511725429968,0.05900565304055158,0.07566523979130586,19.560941828254848,9.404947916666666,0.6300907029478459,38,19,67,0.38943894389438943,0.0627062706270627,0.22772277227722773,1
11,18,116,7184.5,6151.25,7364.5,263,0.10386878514941665,0.08893073486677558,0.10647110699880004,59.37603305785124,18.98533950617284,0.5473023186682521,37,27,73,0.39923954372623577,0.3231939163498099,0.3688212927756654,1
16,22,127,6590.5,5618.75,5856.0,263,0.09528112304645145,0.08123219939568303,0.08466220416660643,25.744140625,11.608987603305785,0.3630727261454523,23,31,62,0.29277566539923955,0.22053231939163498,0.4372623574144487,1
15,17,111,6703.625,6221.25,7593.875,279,0.08611946146632238,0.07992253439704013,0.09755623643067278,29.79388888888889,21.52681660899654,0.6163359305251197,42,33,77,0.3906810035842294,0.2831541218637993,0.4014336917562724,1
23,17,94,7441.75,7048.75,9193.0,287,0.09034648957738955,0.08557527710667848,0.11160752224744747,14.06758034026465,24.390138408304498,1.0404028972385695,27,34,86,0.36585365853658536,0.2926829268292683,0.4529616724738676,1
16,22,130,8631.25,8201.0,10324.75,311,0.08923863483628168,0.0847902730534217,0.106747759018207,33.7158203125,16.944214876033058,0.6109319526627219,33,39,97,0.3890675241157556,0.29260450160771706,0.3183279742765273,1
15,19,100,5559.0,5715.0,7315.5,251,0.08823669465564038,0.090712845827844,0.11611720448881764,24.706666666666667,15.831024930747922,0.73155,18,35,75,0.07171314741035857,0.44223107569721115,0.32270916334661354,1
16,15,105,7015.625,6902.25,10917.25,303,0.07641543857356033,0.07518053785576577,0.1189126338376412,27.40478515625,30.676666666666666,0.9902267573696145,32,34,94,0.3927392739273927,0.37293729372937295,0.4752475247524752,1
15,18,90,6829.25,7386.75,8936.25,295,0.07847457627118644,0.08488078138465958,0.10268600976730824,30.352222222222224,22.79861111111111,1.1032407407407407,35,37,84,0.3050847457627119,0.4,0.38305084745762713,1
19,18,82,6560.875,7242.625,12038.875,255,0.10089773164167627,0.11138216070742023,0.18514225297962322,18.174168975069254,22.35378086419753,1.7904335217132659,36,33,101,0.3176470588235294,0.3215686274509804,0.43529411764705883,1
16,18,99,6475.375,6805.875,10594.75,327,0.06055770651553835,0.06364854249081166,0.09908210120734319,25.29443359375,21.005787037037038,1.080986634016937,32,32,91,0.21100917431192662,0.23547400611620795,0.30275229357798167,1
16,22,122,6874.75,6680.5,5978.5,295,0.07899741453605286,0.07676529732835392,0.06869864981327205,26.8544921875,13.802685950413224,0.4016729373824241,30,26,66,0.33220338983050846,0.3016949152542373,0.4101694915254237,1
15,22,118,8285.5,7041.5,10829.75,279,0.1064413355429658,0.09046004033863903,0.13912655284490177,36.824444444444445,14.548553719008265,0.7777757828210284,37,33,92,0.5555555555555556,0.18996415770609318,0.3978494623655914,1
20,30,104,9283.125,9125.875,11809.625,351,0.07534942898190762,0.07407305947191987,0.09585656772266458,23.2078125,10.139861111111111,1.0918662167159763,25,26,99,0.2678062678062678,0.19658119658119658,0.28774928774928776,1
15,16,124,9478.5,7935.5,13948.875,287,0.11507363207031772,0.09634085639014678,0.16934617392465612,42.126666666666665,30.998046875,0.9071848985431842,41,33,112,0.40069686411149824,0.30662020905923343,0.3902439024390244,1
18,20,96,10746.75,9898.75,20498.0,311,0.11111082391621262,0.10234333805481746,0.21192915705999732,33.16898148148148,24.746875,2.2241753472222223,50,47,136,0.17041800643086816,0.4437299035369775,0.6205787781350482,1
17,22,130,6218.75,6664.0,13344.25,271,0.08467681540284037,0.09073950518102968,0.18170027641235822,21.518166089965398,13.768595041322314,0.7896005917159763,27,28,103,0.35793357933579334,0.2140221402214022,0.5055350553505535,1
16,22,117,7621.25,7251.5,11406.0,267,0.10690639509601761,0.10171976041184475,0.159996633421706,29.7705078125,14.982438016528926,0.8332237563006794,38,28,96,0.5056179775280899,0.27340823970037453,0.3970037453183521,1
16,20,116,6348.875,6409.0,8070.375,259,0.09464490690359416,0.0955412113713272,0.12030791133107735,24.80029296875,16.0225,0.5997603299643282,48,33,83,0.3166023166023166,0.25096525096525096,0.5791505791505791,1
16,22,85,6853.25,6261.875,12050.875,267,0.09613334455526099,0.08783788522773499,0.16904255916059982,26.7705078125,12.93775826446281,1.6679411764705883,37,21,95,0.4943820224719101,0.15355805243445692,0.5842696629213483,1
15,16,106,6909.25,5939.375,7173.875,295,0.07939385234128124,0.0682490663602413,0.0824346452168917,30.70777777777778,23.20068359375,0.6384723211107155,22,32,71,0.1423728813559322,0.3728813559322034,0.3864406779661017,1
18,21,144,7414.75,6501.375,5924.125,307,0.07867192224851192,0.06898083799297605,0.06285610457405384,22.88503086419753,14.74234693877551,0.28569275655864196,31,18,65,0.16938110749185667,0.11726384364820847,0.254071661237785,1
17,26,71,7744.75,7040.875,13326.125,331,0.07068893128029134,0.0642644280355236,0.12163201321638174,26.798442906574394,10.415495562130177,2.6435479071612775,29,24,104,0.29003021148036257,0.1268882175226586,0.5015105740181269,1
15,18,133,8722.125,7563.375,15061.75,343,0.0741368392421525,0.06428762675415856,0.1280227626244167,38.765,23.34375,0.8514754932443892,26,39,107,0.2099125364431487,0.3877551020408163,0.43731778425655976,1
16,18,90,6326.25,5943.5,10199.75,271,0.0861405754278945,0.08092890892008552,0.1388835936329843,24.7119140625,18.344135802469136,1.2592283950617285,28,25,85,0.41697416974169743,0.2029520295202952,0.4944649446494465,1
15,16,69,10675.25,10612.75,24918.0,307,0.11326645375547752,0.11260331674606627,0.26438476800814864,47.44555555555556,41.4560546875,5.233774417139257,45,42,144,0.38762214983713356,0.32247557003257327,0.7328990228013029,1
15,20,79,11091.25,9582.5,21191.0,455,0.05357444753049149,0.04628668035261442,0.10235961840357445,49.294444444444444,23.95625,3.3954494472039736,50,47,136,0.26373626373626374,0.24395604395604395,0.3142857142857143,1
16,20,74,11267.375,9202.0,19176.125,407,0.06801957754046206,0.05555119560033565,0.11576360255721435,44.01318359375,23.005,3.501848977355734,53,38,124,0.371007371007371,0.3366093366093366,0.4520884520884521,1
15,20,82,14046.75,13009.375,26763.625,399,0.08823280004522585,0.08171666635259829,0.16811216638086443,62.43,32.5234375,3.9803130577037478,50,52,157,0.43107769423558895,0.24310776942355888,0.46616541353383456,1
15,20,87,14343.0,12485.5,20391.5,359,0.11128870818817359,0.09687618811151372,0.15821959792366602,63.74666666666667,31.21375,2.6940811203593604,54,51,133,0.3983286908077994,0.4958217270194986,0.4958217270194986,1
15,20,93,9217.0,9400.75,18189.0,311,0.0952947136609423,0.09719450791451702,0.1880563683171183,40.964444444444446,23.501875,2.1030176899063475,38,35,127,0.40836012861736337,0.2990353697749196,0.4758842443729904,1
15,15,72,10659.0,8845.5,17893.625,391,0.06972089402868899,0.05785872672209104,0.11704283069838632,47.373333333333335,39.31333333333333,3.4517023533950617,40,40,127,0.36828644501278773,0.34782608695652173,0.391304347826087,1
15,20,88,9740.5,10082.5,17616.0,347,0.08089511581360197,0.08373543505884112,0.14630135621091447,43.291111111111114,25.20625,2.274793388429752,46,46,126,0.31412103746397696,0.44668587896253603,0.45244956772334294,1
16,20,85,9015.25,8903.25,19525.75,291,0.10646130773136832,0.10513869699224147,0.23058005928130276,35.2158203125,22.258125,2.7025259515570936,46,42,126,0.15807560137457044,0.33676975945017185,0.6529209621993127,1
15,18,79,7497.75,6883.25,13176.25,319,0.07367999528306522,0.06764133607177603,0.12948231640805416,33.32333333333333,21.244598765432098,2.1112401858676493,32,29,101,0.4482758620689655,0.31347962382445144,0.43573667711598746,1
16,16,77,7919.375,8141.875,13200.0,311,0.08187854757498371,0.08417897871196535,0.13647501576699994,30.93505859375,31.80419921875,2.226345083487941,33,30,101,0.3633440514469453,0.2347266881028939,0.35691318327974275,1
15,20,98,8128.5,8388.25,13602.75,279,0.10442440359193741,0.10776133400136174,0.17475045284618645,36.126666666666665,20.970625,1.416362973760933,38,35,106,0.4838709677419355,0.24372759856630824,0.48028673835125446,1
15,19,87,6939.625,7227.5,10806.375,283,0.08664891558141567,0.09024335426837643,0.1349295783440922,30.842777777777776,20.020775623268698,1.4277150217994452,39,37,85,0.31802120141342755,0.38162544169611307,0.5618374558303887,1
16,21,96,6590.75,6770.5,10986.75,295,0.07573398448721631,0.07779948290721057,0.1262482045389256,25.7451171875,15.352607709750567,1.192138671875,31,31,95,0.3220338983050847,0.3288135593220339,0.3728813559322034,1
15,20,70,7206.0,8192.25,14371.0,335,0.0642102918244598,0.0729984406326576,0.12805524615727334,32.026666666666664,20.480625,2.932857142857143,30,41,106,0.2626865671641791,0.37910447761194027,0.4626865671641791,1
15,20,81,6344.625,6180.625,12626.125,263,0.09172642368691176,0.08935541933525135,0.1825402275585884,28.198333333333334,15.4515625,1.9244208199969517,42,35,100,0.26996197718631176,0.43346007604562736,0.5399239543726235,1
16,18,83,10383.5,9894.25,21092.875,315,0.10464600655076846,0.09971529352481734,0.21257621567145377,40.560546875,30.53780864197531,3.061819567426332,51,50,141,0.5968253968253968,0.526984126984127,0.6603174603174603,1
15,18,72,10257.25,10073.375,24967.625,323,0.09831638374756779,0.09655393035493487,0.23931624955669084,45.58777777777778,31.090663580246915,4.816285686728395,60,54,151,0.5541795665634675,0.3065015479876161,0.6099071207430341,1
15,18,90,11271.75,10974.0,25661.75,391,0.07372891333782484,0.07178132011172088,0.16785440963886944,50.096666666666664,33.870370370370374,3.1681172839506173,60,60,153,0.3554987212276215,0.1534526854219949,0.4782608695652174,1
12,20,77,10107.75,9737.0,23202.5,359,0.07842699854904912,0.07555031385541701,0.18003041565475128,70.19270833333333,24.3425,3.9133918030021926,56,54,148,0.44846796657381616,0.1615598885793872,0.5292479108635098,1
15,16,58,10705.5,11421.25,27180.25,319,0.10520238598284215,0.11223602362398168,0.2670988885722428,47.58,44.6142578125,8.079741379310345,53,53,158,0.5830721003134797,0.4482758620689655,0.6081504702194357,1
15,20,63,9552.0,9290.0,23913.0,263,0.13809654614061212,0.13430872211539852,0.34571845769058396,42.45333333333333,23.225,6.024943310657596,43,43,146,0.5703422053231939,0.5931558935361216,0.7680608365019012,1
16,18,80,8305.0,7190.25,14043.75,303,0.09045954100360531,0.07831748521386792,0.15296702937620496,32.44140625,22.19212962962963,2.1943359375,41,38,110,0.46204620462046203,0.46204620462046203,0.46204620462046203,1
15,16,77,7030.5,7385.5,13277.75,303,0.07657745972617064,0.0804441830321646,0.14462362077791938,31.246666666666666,28.849609375,2.2394585933546973,40,29,105,0.2871287128712871,0.23102310231023102,0.5742574257425742,1
17,22,77,7137.25,6647.75,9837.5,335,0.06359768322566273,0.059235910002227665,0.08765872131877923,24.69636678200692,13.735020661157025,1.6592174059706528,34,31,89,0.40298507462686567,0.09253731343283582,0.35522388059701493,1
16,19,108,9261.75,10235.25,15376.75,375,0.06586133333333333,0.072784,0.10934577777777778,36.1787109375,28.352493074792243,1.3183084705075445,42,46,98,0.2906666666666667,0.29333333333333333,0.536,1
15,21,98,7266.0,6768.25,8680.5,259,0.10831681101951372,0.10089667715150341,0.1294032587468881,32.29333333333334,15.34750566893424,0.9038421491045397,31,31,82,0.3474903474903475,0.11969111969111969,0.5366795366795367,1
13,21,91,10014.0,9680.5,18227.25,359,0.07769958333656629,0.07511192495402735,0.14142697527176232,59.25443786982248,21.95124716553288,2.2010928631807753,42,36,126,0.3147632311977716,0.3286908077994429,0.403899721448468,1
15,18,60,8602.875,8736.125,19223.75,311,0.08894526524746435,0.09032293917556683,0.19875466548112614,38.235,26.963348765432098,5.339930555555555,55,49,131,0.5530546623794212,0.4662379421221865,0.5401929260450161,1
16,20,101,9221.5,8235.5,16264.0,303,0.10044222244006579,0.08970253460989663,0.17715038830615734,36.021484375,20.58875,1.594353494755416,44,39,121,0.5115511551155115,0.45874587458745875,0.594059405940594,1
16,20,97,8539.5,9014.25,18466.625,263,0.12345848573783053,0.13032210961557925,0.2669783428992757,33.357421875,22.535625,1.9626554362844086,48,50,129,0.28517110266159695,0.27756653992395436,0.5209125475285171,1
15,20,79,8733.0,9117.0,22910.75,303,0.09512139332745155,0.09930398980492108,0.24954797459944014,38.81333333333333,22.7925,3.671006248998558,49,46,138,0.40264026402640263,0.36633663366336633,0.6501650165016502,1
15,17,109,9142.25,9813.375,18522.125,287,0.11099139239276913,0.1191391785744637,0.2248676686617538,40.632222222222225,33.956314878892734,1.5589702045282383,56,53,130,0.4878048780487805,0.34146341463414637,0.5818815331010453,1
15,18,104,7711.5,8104.25,11671.0,279,0.09906732955640343,0.10411287110905564,0.14993383949332614,34.27333333333333,25.013117283950617,1.0790495562130178,30,1,101,0.10752688172043011,0.0035842293906810036,0.3727598566308244,1
15,20,97,8511.125,9203.75,18686.75,327,0.07959604036323167,0.08607346931141224,0.17475848460193213,37.827222222222225,23.009375,1.9860505898607717,46,42,133,0.3394495412844037,0.14067278287461774,0.5382262996941896,1
16,16,147,6634.0,6734.75,12322.25,263,0.09591001749338576,0.09736659486186008,0.17814700226980296,25.9140625,26.3076171875,0.57023693831274,37,35,104,0.2889733840304182,0.3726235741444867,0.5399239543726235,1
17,18,84,7741.875,8524.125,13560.625,303,0.08432588308335784,0.092846289579453,0.14770474572209696,26.788494809688583,26.30902777777778,1.9218572845804989,39,38,110,0.39933993399339934,0.47194719471947194,0.36303630363036304,1
15,17,82,8573.125,8593.75,15188.125,287,0.10408193616530491,0.10433233376634414,0.18439127584406756,38.102777777777774,29.736159169550174,2.2587931290898275,47,43,118,0.3693379790940767,0.3693379790940767,0.5261324041811847,1
15,16,116,8637.75,8004.5,14797.75,287,0.10486651531522781,0.09717855018271437,0.1796519321589433,38.39,31.267578125,1.0997138822829964,37,36,114,0.49477351916376305,0.4529616724738676,0.5470383275261324,1
13,15,122,10846.75,9442.5,17859.25,303,0.11814473526560577,0.10284939385027611,0.194526135781895,64.1819526627219,41.96666666666667,1.1998958613276,50,44,119,0.5016501650165016,0.34983498349834985,0.6534653465346535,1
16,20,106,12735.75,8230.75,20702.75,319,0.12515354605398926,0.08088314776780889,0.2034448364304596,49.7490234375,20.576875,1.8425373798504805,58,39,127,0.5329153605015674,0.3072100313479624,0.5172413793103449,1
17,18,87,6826.75,6597.875,12883.375,303,0.07435817839209663,0.07186523107756321,0.14032801795030989,23.6219723183391,20.363811728395063,1.7021237944246268,30,31,106,0.18151815181518152,0.2145214521452145,0.3696369636963696,1
15,17,112,6051.625,7182.0,13986.0,235,0.10958125848800362,0.13004979628791308,0.2532548664554097,26.89611111111111,24.85121107266436,1.1149553571428572,43,44,111,0.4595744680851064,0.6297872340425532,0.5787234042553191,1
15,16,134,8172.5,9453.75,16533.0,331,0.074593149022006,0.08628754757623606,0.1509022371099205,36.32222222222222,36.9287109375,0.9207507239919804,47,43,122,0.48338368580060426,0.27794561933534745,0.4350453172205438,1
15,20,116,7525.25,8191.25,13859.25,283,0.09396109328372186,0.10227684201326025,0.17304810897876113,33.44555555555556,20.478125,1.0299680439952437,37,35,109,0.30742049469964666,0.4452296819787986,0.519434628975265,1
15,18,137,7885.75,8320.875,13844.875,363,0.05984525950716785,0.06314743983789814,0.1050692879205276,35.047777777777775,25.681712962962962,0.7376458522031009,43,43,114,0.21763085399449036,0.41597796143250687,0.4214876033057851,1
16,18,100,9063.375,9620.375,18043.125,279,0.1164344625582919,0.12359007463932889,0.23179461980190388,35.40380859375,29.692515432098766,1.8043125,47,47,128,0.3942652329749104,0.5232974910394266,0.6559139784946236,1
19,19,136,8842.5,9945.25,16161.25,343,0.07516000985983731,0.08453323020170167,0.13736835842208603,24.494459833795013,27.549168975069254,0.8737700043252595,45,44,122,0.3236151603498542,0.36151603498542273,0.4839650145772595,1
15,20,92,9193.25,9542.5,19634.0,327,0.08597527331219781,0.08924145928606833,0.18361716653106266,40.85888888888889,23.85625,2.3197069943289224,49,46,134,0.2782874617737003,0.39143730886850153,0.4954128440366973,1
15,20,107,9230.75,8985.0,16361.0,363,0.07005251614567919,0.06818750996061289,0.1241642571469769,41.025555555555556,22.4625,1.4290331033278016,36,36,123,0.4022038567493113,0.3140495867768595,0.4490358126721763,1
15,15,105,8834.625,8145.0,15292.5,255,0.13586505190311418,0.12525951557093426,0.23517877739331028,39.265,36.2,1.3870748299319728,45,42,119,0.4392156862745098,0.3803921568627451,0.47058823529411764,1
20,30,116,7643.25,8672.0,12663.625,271,0.1040733377813483,0.11808118081180811,0.1724326329979167,19.108125,9.635555555555555,0.94111362960761,27,37,108,0.28044280442804426,0.22878228782287824,0.4280442804428044,1
15,20,103,7827.375,7663.5,16870.625,235,0.14173607967406066,0.1387686736079674,0.30548890900860115,34.788333333333334,19.15875,1.5902182109529646,46,30,121,0.4,0.4127659574468085,0.7446808510638298,1
17,23,97,7372.25,7265.5,11554.25,311,0.07622181325668675,0.07511812326175288,0.11945957961559538,25.509515570934255,13.734404536862003,1.2279997874375599,30,35,104,0.3311897106109325,0.11254019292604502,0.4694533762057878,1
15,23,110,8188.0,8746.25,13105.0,283,0.10223626215834884,0.1092066326212089,0.16363046111201288,36.39111111111111,16.533553875236294,1.0830578512396694,44,43,108,0.558303886925795,0.37809187279151946,0.558303886925795,1
16,18,125,8714.75,9960.75,17547.0,367,0.06470275969084335,0.07395370074764829,0.13027789945726823,34.0419921875,30.743055555555557,1.123008,49,46,128,0.4196185286103542,0.2970027247956403,0.4032697547683924,1
14,14,119,7084.75,7624.25,15074.75,327,0.06625658146994735,0.07130198542958412,0.14097906087216752,36.14668367346939,38.89923469387755,1.0645258103241297,17,30,116,0.05198776758409786,0.22324159021406728,0.5045871559633027,1
19,22,125,7547.25,7977.75,13158.25,267,0.10586836678870513,0.11190716660354333,0.18457616182019668,20.906509695290858,16.482954545454547,0.842128,42,41,108,0.4344569288389513,0.4794007490636704,0.5655430711610487,1
15,17,128,6971.75,7096.25,7437.75,279,0.08956398299096877,0.09116339718143394,0.0955505453424288,30.985555555555557,24.554498269896193,0.4539642333984375,38,25,82,0.3870967741935484,0.24372759856630824,0.3655913978494624,1
