SrcIPF0,DstIPF0,DstPortF0,SrcIPF2,DstIPF2,DstPortF2,Events_F1,SrcIP_BurstIndex,DstIP_BurstIndex,DstPort_BurstIndex,SrcIP_Concentration,DstIP_Concentration,DstPort_Concentration,SrcIP_MaxCount,DstIP_MaxCount,DstPort_MaxCount,SrcIP_FractionOfMass,DstIP_FractionOfMass,DstPort_FractionOfMass,Attack
12,26,15,810.0,865.5,4752.0,93,0.09365244536940687,0.10006937218175511,0.5494276795005203,5.625,1.2803254437869822,21.12,14,12,67,0.45161290322580644,0.3655913978494624,0.9354838709677419,1
14,27,11,609.0,581.0,4353.75,81,0.09282121627800641,0.08855357415028196,0.6635802469135802,3.107142857142857,0.7969821673525377,35.981404958677686,12,0,65,0.37037037037037035,0.0,1.037037037037037,1
15,26,36,21857.5,25249.0,107968.0,479,0.09526414197985539,0.11004571981468003,0.47056977610801903,97.14444444444445,37.35059171597633,83.30864197530865,72,66,299,0.5177453027139874,0.4154488517745303,0.964509394572025,0
12,24,194,68575.5,75558.5,206378.0,879,0.0887546739041806,0.0977925064810177,0.26710723350171683,476.21875,131.17795138888889,5.483526410883197,98,98,425,0.2901023890784983,0.30716723549488056,0.7133105802047781,0
13,24,70,15088.5,17251.0,32857.75,423,0.08432674412755897,0.09641254352284985,0.18363568789855195,89.2810650887574,29.94965277777778,6.705663265306122,58,70,158,0.14420803782505912,0.16784869976359337,0.6832151300236406,0
13,16,98,4751.0,6633.5,4007.5,207,0.1108777334360195,0.15481108077201336,0.09352610329295899,28.11242603550296,25.912109375,0.4172740524781341,33,39,50,0.48792270531400966,0.6038647342995169,0.2995169082125604,0
14,20,117,7452.75,7405.75,3798.25,283,0.09305585036646731,0.09246900323390228,0.04742536428223601,38.02423469387755,18.514375,0.27746730951859155,39,45,49,0.5017667844522968,0.4204946996466431,0.24734982332155478,0
13,21,134,5529.25,5954.75,4206.0,283,0.06903881931351372,0.07435165877960768,0.05251657530996766,32.717455621301774,13.50283446712018,0.23423925150367564,40,34,43,0.38515901060070673,0.22614840989399293,0.15547703180212014,0
14,23,122,4737.75,4781.25,3495.25,215,0.10249323958896701,0.10343428880475933,0.07561384532179556,24.17219387755102,9.0382797731569,0.2348327062617576,35,30,48,0.5255813953488372,0.22790697674418606,0.4790697674418605,1
12,22,84,5088.25,6816.0,4322.75,255,0.07825067281814686,0.10482122260668973,0.06647827758554402,35.33506944444444,14.082644628099173,0.6126346371882087,36,39,47,0.403921568627451,0.34901960784313724,0.48627450980392156,0
10,17,94,4766.0,5303.0,4111.5,199,0.12035049619959091,0.13391075982929723,0.10382313577939951,47.66,18.34948096885813,0.46531235853327296,40,38,48,0.5025125628140703,0.6381909547738693,0.27638190954773867,0
13,27,117,4731.5,5041.0,2886.0,259,0.07053413037969022,0.07514795545683577,0.04302261445118588,27.997041420118343,6.914951989026063,0.21082621082621084,48,36,33,0.5135135135135135,0.5328185328185329,0.305019305019305,0
14,21,133,5164.0,5087.75,3003.5,191,0.14155313724952714,0.1394630081412242,0.0823305282201694,26.346938775510203,11.536848072562359,0.16979478772118264,36,35,20,0.675392670157068,0.4869109947643979,0.2670157068062827,1
13,25,82,5287.5,6027.75,3484.75,303,0.0575923929026566,0.06565532790902853,0.03795651842411964,31.28698224852071,9.6444,0.518255502676978,39,28,25,0.3069306930693069,0.2508250825082508,0.08250825082508251,0
14,25,100,4222.75,4623.5,3000.25,247,0.06921519775770787,0.07578390073595699,0.04917717058138963,21.544642857142858,7.3976,0.300025,19,19,46,0.1417004048582996,0.20647773279352227,0.3562753036437247,0
12,24,91,5168.5,7353.25,5877.75,279,0.06639817062987372,0.09446499916496448,0.07550969283539523,35.892361111111114,12.766059027777779,0.7097874652819708,49,15,70,0.4946236559139785,0.07526881720430108,0.5448028673835126,0
13,21,91,4266.5,5154.75,3205.75,191,0.11695128971245305,0.14129958060360187,0.08787451001891396,25.245562130177515,11.688775510204081,0.3871211206376042,40,31,37,0.5130890052356021,0.44502617801047123,0.193717277486911,1
13,20,98,7885.5,5508.25,3809.25,311,0.08152831339626349,0.05694988678777101,0.03938389801594276,46.65976331360947,13.770625,0.39663161182840484,43,34,46,0.3408360128617363,0.35691318327974275,0.2765273311897106,0
12,23,91,4954.0,4304.5,3138.5,183,0.14792917077249246,0.12853474275135118,0.0937173400220968,34.40277777777778,8.137051039697543,0.37900012075836254,38,33,43,0.5136612021857924,0.5628415300546448,0.4207650273224044,0
14,25,96,4139.0,4752.0,3635.5,235,0.0749479402444545,0.08604798551380716,0.06583069262109552,21.117346938775512,7.6032,0.3944769965277778,38,29,48,0.34893617021276596,0.5063829787234042,0.4297872340425532,1
13,26,110,5581.5,6898.5,3462.5,243,0.09452319260275364,0.11682670324645633,0.058637741536689866,33.02662721893491,10.204881656804734,0.28615702479338845,42,40,32,0.448559670781893,0.4156378600823045,0.3497942386831276,0
12,23,96,4569.5,6169.0,3295.5,267,0.06409824797654617,0.08653508956501003,0.046227328199301435,31.73263888888889,11.661625708884689,0.3575846354166667,30,25,44,0.3445692883895131,0.250936329588015,0.29213483146067415,1
12,16,104,5263.25,4454.0,4034.5,275,0.06959669421487603,0.05889586776859504,0.05334876033057851,36.55034722222222,17.3984375,0.37301220414201186,42,31,49,0.3418181818181818,0.3418181818181818,0.34545454545454546,1
14,22,81,4073.75,4733.5,4008.5,271,0.055469696763388296,0.0644530984055228,0.05458122846911126,20.784438775510203,9.77995867768595,0.6109586953208352,21,28,37,0.07749077490774908,0.17712177121771217,0.36531365313653136,1
12,25,76,5445.5,5341.0,3675.5,227,0.10567835587727299,0.10365037163538977,0.07132876632575831,37.81597222222222,8.5456,0.636340027700831,52,28,46,0.2290748898678414,0.42290748898678415,0.3744493392070485,1
13,27,112,5203.0,4295.0,2471.0,239,0.09108734090789727,0.07519126065720139,0.043259046585318886,30.78698224852071,5.891632373113855,0.19698660714285715,32,29,32,0.2217573221757322,0.2217573221757322,0.19665271966527198,1
14,28,81,5223.0,7294.0,4372.5,251,0.08290344597704798,0.11577594006444342,0.06940366025936097,26.647959183673468,9.303571428571429,0.6664380429812529,29,35,44,0.450199203187251,0.398406374501992,0.2948207171314741,1
13,18,80,4499.75,5232.75,3090.5,223,0.0904854310362163,0.1052253212411269,0.062146835850308675,26.625739644970412,16.150462962962962,0.482890625,30,24,34,0.4798206278026906,0.2914798206278027,0.15246636771300448,0
14,22,52,4135.0,5110.5,3834.0,211,0.0928775184744278,0.11478852676265133,0.08611666404618046,21.096938775510203,10.558884297520661,1.4178994082840237,32,36,46,0.4312796208530806,0.6066350710900474,0.5402843601895735,0
10,22,85,4596.0,4555.0,2456.5,195,0.12086785009861933,0.1197896120973044,0.06460223537146614,45.96,9.411157024793388,0.34,44,40,39,0.5948717948717949,0.5897435897435898,0.5282051282051282,0
12,18,102,4229.75,4208.5,2372.5,247,0.06932993492763363,0.0689816256617876,0.038887705092691245,29.37326388888889,12.989197530864198,0.22803729334871203,29,35,0,0.4574898785425101,0.4574898785425101,0.0,0
14,27,69,7056.0,5720.75,4216.25,259,0.10518626734842951,0.08528122717311906,0.0628531178724229,36.0,7.847393689986283,0.8855807603444654,40,31,36,0.35135135135135137,0.33204633204633205,0.4015444015444015,1
13,27,90,5818.75,4551.75,3476.5,255,0.08948481353325644,0.07,0.0534640522875817,34.430473372781066,6.243827160493828,0.42919753086419754,34,26,36,0.4235294117647059,0.4666666666666667,0.3137254901960784,1
14,25,84,6549.5,5844.0,4382.5,251,0.10395866732274091,0.0927604323740893,0.06956238789860478,33.41581632653061,9.3504,0.6211026077097506,44,26,30,0.44621513944223107,0.2908366533864542,0.13545816733067728,1
12,21,74,4794.5,6040.75,4587.0,247,0.07858676588700028,0.09901407988985232,0.07518562834991559,33.295138888888886,13.697845804988662,0.837655222790358,28,34,47,0.4089068825910931,0.42105263157894735,0.2631578947368421,1
12,25,115,4527.0,4915.0,3710.0,259,0.0674855771380868,0.07326962925418525,0.05530627152248774,31.4375,7.864,0.28052930056710773,26,27,48,0.39768339768339767,0.14671814671814673,0.3783783783783784,1
14,25,64,4718.0,5556.5,4534.5,247,0.0773328525299546,0.09107672638463178,0.07432509957547247,24.071428571428573,8.8904,1.1070556640625,28,25,41,0.3805668016194332,0.3643724696356275,0.4048582995951417,1
13,25,72,4560.75,4939.25,3816.75,251,0.0723917080681259,0.07839954921350455,0.06058237170838558,26.986686390532544,7.9028,0.7362557870370371,40,28,41,0.47808764940239046,0.38247011952191234,0.3944223107569721,1
13,26,81,4925.5,5575.0,4314.0,243,0.08341377500042338,0.09441311453199885,0.07305796880556825,29.144970414201183,8.247041420118343,0.6575217192501143,41,28,28,0.25102880658436216,0.5267489711934157,0.37037037037037035,1
15,27,84,4842.0,5608.5,3831.5,223,0.09736773311347503,0.11278127450783246,0.07704759798105733,21.52,7.693415637860082,0.5430130385487528,27,31,43,0.3004484304932735,0.27802690582959644,0.19282511210762332,1
12,22,93,4683.5,5324.5,3495.5,287,0.05685998373174374,0.0646420376597992,0.042437081911884326,32.52430555555556,11.00103305785124,0.40415076887501444,42,33,46,0.29965156794425085,0.2613240418118467,0.23344947735191637,1
12,23,111,4414.25,5763.5,4550.0,263,0.06381832902022583,0.08332489988289551,0.06578091341496914,30.65451388888889,10.89508506616257,0.369288207126045,31,36,46,0.4144486692015209,0.3840304182509506,0.2737642585551331,1
14,24,79,4902.0,4811.5,3042.5,215,0.10604651162790697,0.10408869659275284,0.06581936181719848,25.010204081632654,8.35329861111111,0.4875020028841532,38,25,35,0.4186046511627907,0.23255813953488372,0.386046511627907,1
13,25,88,3717.5,4309.75,3212.0,195,0.0977646285338593,0.11333990795529257,0.08447074293228139,21.997041420118343,6.8956,0.4147727272727273,22,0,30,0.39487179487179486,0.0,0.36923076923076925,1
15,27,80,5955.0,5191.5,4104.0,223,0.11974903979569265,0.1043958253735245,0.08252729795491565,26.466666666666665,7.121399176954733,0.64125,29,33,42,0.34080717488789236,0.3542600896860987,0.40358744394618834,1
12,27,96,8051.25,8847.25,6068.5,275,0.10646280991735538,0.11698842975206612,0.08024462809917356,55.911458333333336,12.136145404663923,0.6584743923611112,47,22,28,0.36,0.14545454545454545,0.19636363636363635,1
12,25,56,6296.5,8910.0,5590.5,315,0.06345679012345679,0.08979591836734693,0.056341647770219196,43.72569444444444,14.256,1.7826849489795917,32,39,43,0.36507936507936506,0.2761904761904762,0.33650793650793653,1
13,26,76,5068.5,5839.5,4761.5,259,0.07555790760423965,0.08705147508236312,0.07098135090413082,29.99112426035503,8.638313609467456,0.8243594182825484,30,32,44,0.5019305019305019,0.41312741312741313,0.444015444015444,1
13,23,74,8218.75,11011.25,9231.25,315,0.0828294280675233,0.11097253716301335,0.09303350970017636,48.63165680473373,20.815217391304348,1.685765157048941,45,51,68,0.30158730158730157,0.4793650793650794,0.5111111111111111,1
13,25,76,10036.0,9432.0,10397.0,327,0.09385667124914664,0.08820806329433549,0.09723274322213805,59.38461538461539,15.0912,1.8000346260387812,50,13,68,0.28440366972477066,0.039755351681957186,0.42507645259938837,1
15,25,89,5378.25,7443.75,5343.75,291,0.06351188578311545,0.08790342579799483,0.06310447443936656,23.903333333333332,11.91,0.6746307284433783,43,39,39,0.5120274914089347,0.4742268041237113,0.36082474226804123,1
12,25,96,7700.5,7680.75,7014.25,287,0.09348784129951802,0.09324806662700773,0.08515643021039469,53.47569444444444,12.2892,0.7610948350694444,33,31,48,0.21254355400696864,0.28222996515679444,0.5505226480836237,1
13,25,95,12678.25,9939.25,8935.0,303,0.13809375987103661,0.10826008343408598,0.09732161334945376,75.01923076923077,15.9028,0.990027700831025,77,45,67,0.5742574257425742,0.28052805280528054,0.3927392739273927,1
14,28,100,9102.0,8331.5,8768.0,303,0.09914060713001993,0.09074818372926402,0.09550261956888759,46.43877551020408,10.626913265306122,0.8768,44,38,60,0.47194719471947194,0.32673267326732675,0.5742574257425742,1
15,29,81,8319.0,7729.5,9964.5,271,0.11327460138070015,0.10524774989447311,0.13568034204327284,36.973333333333336,9.190844233055886,1.5187471422039323,61,35,60,0.5313653136531366,0.2952029520295203,0.6199261992619927,1
14,26,79,7434.25,6947.75,4915.0,291,0.08779124006565818,0.08204614966757597,0.05804135520364663,37.92984693877551,10.277736686390533,0.7875340490306041,44,0,41,0.2646048109965636,0.0,0.29896907216494845,1
13,25,74,8444.5,10332.0,9019.0,327,0.0789729633682163,0.09662486322700109,0.0843456873252345,49.967455621301774,16.5312,1.6470051132213295,48,19,66,0.3669724770642202,0.0581039755351682,0.42813455657492355,1
12,22,83,8740.5,9853.0,11068.0,327,0.08174115534607075,0.09214525526283796,0.10350793517193652,60.697916666666664,20.357438016528924,1.606619248076644,44,41,66,0.45565749235474007,0.23853211009174313,0.5229357798165137,1
12,27,69,9468.0,7784.0,10848.5,311,0.09788980676378449,0.08047890323714602,0.11216281882941657,65.75,10.67764060356653,2.2786179374081077,48,32,61,0.33762057877813506,0.1832797427652733,0.5273311897106109,1
14,28,85,7354.25,5079.0,5501.0,231,0.1378206930154982,0.09518187440265362,0.10309027192144075,37.52168367346939,6.478316326530612,0.7613840830449827,42,41,56,0.46320346320346323,0.4675324675324675,0.43722943722943725,1
13,26,59,10220.5,10694.0,10493.5,303,0.11132350858848261,0.1164809550261957,0.1142970732716836,60.476331360946745,15.819526627218934,3.0145073254811834,42,50,72,0.20462046204620463,0.29372937293729373,0.6039603960396039,1
14,25,93,6588.0,6280.5,6293.5,275,0.08711404958677686,0.08304793388429751,0.0832198347107438,33.61224489795919,10.0488,0.7276563764597064,46,38,51,0.4254545454545455,0.31272727272727274,0.5309090909090909,1
14,28,77,8137.25,7684.75,9156.0,303,0.08863237808929408,0.08370366739644261,0.09972878475966408,41.516581632653065,9.801977040816327,1.5442739079102716,40,24,58,0.25412541254125415,0.13861386138613863,0.38283828382838286,1
12,25,77,6703.5,6850.0,7533.0,243,0.11352436112381242,0.11600535148774746,0.12757201646090535,46.552083333333336,10.96,1.2705346601450498,40,44,55,0.551440329218107,0.4609053497942387,0.6502057613168725,1
13,26,81,8415.25,7998.5,12801.25,311,0.08700540730554895,0.08269662224335976,0.13235233299903848,49.794378698224854,11.832100591715976,1.9511126352690138,33,44,79,0.3633440514469453,0.3408360128617363,0.3729903536977492,1
13,26,81,8338.5,8484.5,12000.5,291,0.09846955043043894,0.10019366800108644,0.14171419799010404,49.34023668639053,12.55103550295858,1.829065691205609,48,49,73,0.47766323024054985,0.6151202749140894,0.6391752577319587,1
14,25,91,7702.5,5721.0,6812.0,339,0.06702430365207403,0.049782024173127624,0.05927550230158109,39.298469387755105,9.1536,0.8226059654631083,24,33,46,0.15634218289085547,0.18289085545722714,0.25958702064896755,0
12,27,100,12510.5,10145.5,10764.0,271,0.17034762598548495,0.1381449054342942,0.1465666317179777,86.87847222222223,13.917009602194787,1.0764,71,48,68,0.6937269372693727,0.17712177121771217,0.6863468634686347,1
12,27,93,8448.5,7798.5,10527.0,311,0.08734917959905295,0.0806288189741628,0.10883882507418244,58.670138888888886,10.697530864197532,1.2171349288935136,51,44,72,0.33762057877813506,0.3762057877813505,0.26688102893890675,0
13,15,86,7049.75,5505.75,5955.5,267,0.09888973053346238,0.07723141017548289,0.08354023762431792,41.71449704142012,24.47,0.8052325581395349,46,27,53,0.5767790262172284,0.17228464419475656,0.33707865168539325,0
15,27,82,8595.25,5973.75,10195.75,367,0.06381553059269873,0.0443521742681288,0.07569846089881134,38.20111111111111,8.194444444444445,1.5163221296847116,57,32,65,0.16076294277929154,0.08991825613079019,0.32697547683923706,1
13,19,85,7208.5,5857.0,7807.5,267,0.10111658180083884,0.08215853778282764,0.10951900012624669,42.65384615384615,16.224376731301938,1.0806228373702422,51,33,57,0.5805243445692884,0.4232209737827715,0.5880149812734082,0
14,21,116,7472.5,5671.0,8727.5,287,0.09071980963712076,0.06884871735725819,0.10595612427005305,38.125,12.859410430839002,0.648595422116528,52,47,59,0.5993031358885017,0.4076655052264808,0.43902439024390244,0
12,25,112,10012.5,7080.5,8726.5,271,0.1363339279149249,0.09641072425484402,0.11882327310357975,69.53125,11.3288,0.695671237244898,45,31,61,0.5608856088560885,0.1992619926199262,0.6014760147601476,0
13,19,93,9686.0,8147.25,11418.0,367,0.07191381627304383,0.06048934953856663,0.08477306981267958,57.31360946745562,22.568559556786703,1.3201526187998613,57,53,67,0.3923705722070845,0.45776566757493187,0.5040871934604905,0
13,25,72,9463.5,6020.5,12432.5,263,0.13681707123133197,0.0870404371900707,0.17974092440255027,55.99704142011834,9.6328,2.398244598765432,52,37,72,0.6007604562737643,0.3269961977186312,0.6844106463878327,0
14,23,95,7290.5,7620.0,7839.5,275,0.09640330578512396,0.1007603305785124,0.10366280991735537,37.19642857142857,14.40453686200378,0.8686426592797784,45,43,60,0.5381818181818182,0.5636363636363636,0.5054545454545455,0
14,22,93,8900.0,7509.0,9240.5,291,0.10510031766275788,0.08867396464378077,0.1091212904901926,45.40816326530612,15.514462809917354,1.0683894091802522,46,38,60,0.49140893470790376,0.49828178694158076,0.5085910652920962,1
12,21,90,6481.5,6845.0,8218.0,359,0.05029057813021314,0.05311100938074658,0.06376424763929517,45.010416666666664,15.52154195011338,1.0145679012345679,35,37,61,0.37047353760445684,0.2479108635097493,0.3064066852367688,1
13,17,84,6969.0,8706.5,9307.0,311,0.07205260491516836,0.09001664581631703,0.09622522513208093,41.23668639053255,30.12629757785467,1.3190192743764173,49,34,62,0.40836012861736337,0.2765273311897106,0.4758842443729904,1
12,23,82,7281.5,8984.5,8273.0,303,0.07931139648618327,0.09786077617662757,0.09011099129714951,50.56597222222222,16.983931947069944,1.2303688280785248,44,44,54,0.5115511551155115,0.41914191419141916,0.2607260726072607,1
14,30,110,8455.0,8156.5,11232.0,339,0.0735722800880605,0.07097484358820406,0.09773670608504972,43.13775510204081,9.062777777777777,0.9282644628099174,52,34,78,0.4690265486725664,0.26843657817109146,0.40707964601769914,0
14,27,92,6418.5,6159.5,8071.0,303,0.06991144659020357,0.06709037240357699,0.08791077127514732,32.74744897959184,8.449245541838135,0.9535680529300568,36,39,49,0.30033003300330036,0.2706270627062706,0.5214521452145214,1
13,21,94,6384.25,6741.5,6243.0,335,0.05688794831811094,0.06007128536422366,0.055629316106036976,37.77662721893491,15.286848072562359,0.7065414214576732,37,35,48,0.33432835820895523,0.3582089552238806,0.29253731343283584,0
12,27,100,6698.25,5751.25,4756.75,303,0.0729585334771101,0.06264364060168393,0.051811369255737455,46.515625,7.88923182441701,0.475675,35,36,42,0.3201320132013201,0.25412541254125415,0.3564356435643564,0
12,16,93,5727.5,5908.0,4351.0,191,0.15699953400400207,0.1619473150407061,0.11926756393739207,39.77430555555556,23.078125,0.5030639380275176,38,43,57,0.3507853403141361,0.5392670157068062,0.5026178010471204,1
10,26,71,5162.5,5489.0,4101.0,243,0.08742739081102135,0.09295669698047385,0.0694507951023726,51.625,8.1198224852071,0.8135290616941083,35,33,55,0.5349794238683128,0.5967078189300411,0.38271604938271603,1
14,22,97,6077.75,5196.25,3336.0,271,0.08275690690486241,0.07075407469941858,0.045424218079819174,31.008928571428573,10.736053719008265,0.3545541502816452,37,36,48,0.5202952029520295,0.3874538745387454,0.23247232472324722,0
14,25,75,4582.25,5784.5,2703.0,227,0.08892565351549613,0.11225717557103766,0.05245589862019445,23.378826530612244,9.2552,0.4805333333333333,28,19,44,0.5198237885462555,0.1762114537444934,0.46255506607929514,1
12,27,92,5148.75,4892.0,2764.5,219,0.10735284918996685,0.10199954129396802,0.0576405829736661,35.755208333333336,6.710562414266118,0.3266186200378072,40,33,14,0.593607305936073,0.45662100456621,0.1324200913242009,1
13,27,92,4190.0,4787.5,3464.0,287,0.05086865204142335,0.058122594665468805,0.0420546564848426,24.792899408284022,6.56721536351166,0.40926275992438566,11,23,49,0.03832752613240418,0.08013937282229965,0.42160278745644597,1
12,27,102,5968.0,5204.0,2860.5,271,0.08126251004207459,0.07085960158494574,0.038949633038765814,41.44444444444444,7.138545953360768,0.2749423298731257,34,31,40,0.5424354243542435,0.3985239852398524,0.25461254612546125,1
13,27,88,4952.5,5711.0,2814.0,255,0.07616301422529796,0.08782775855440215,0.04327566320645906,29.30473372781065,7.834019204389575,0.36337809917355374,37,31,47,0.4,0.3607843137254902,0.34509803921568627,1
17,29,108,5433.5,7265.0,3618.5,235,0.09838841104572205,0.1315527387958352,0.06552286102308737,18.801038062283737,8.638525564803805,0.31022805212620025,37,34,54,0.4723404255319149,0.3191489361702128,0.30638297872340425,1
12,27,117,7096.25,5832.75,3739.5,307,0.07529257604855225,0.061886598266294605,0.03967681354709334,49.279513888888886,8.001028806584362,0.27317554240631164,25,29,50,0.20846905537459284,0.19543973941368079,0.20521172638436483,1
12,26,98,5174.0,6110.5,3268.0,295,0.059454179833381214,0.07021545532892846,0.0375524274633726,35.93055555555556,9.039201183431953,0.34027488546438983,36,8,51,0.4101694915254237,0.02711864406779661,0.2,1
13,26,77,4199.5,5195.75,3085.25,211,0.09432627299476651,0.11670335347364165,0.06929875788953528,24.849112426035504,7.6860207100591715,0.5203659976387249,28,31,46,0.5402843601895735,0.6492890995260664,0.21800947867298578,1
12,25,106,4160.75,3432.0,1960.0,255,0.06398692810457517,0.05277970011534026,0.03014225297962322,28.89409722222222,5.4912,0.17443930224279103,28,26,0,0.4549019607843137,0.30980392156862746,0.0,1
14,30,89,4379.75,4856.0,3406.0,247,0.07178858856889966,0.07959481387991936,0.055827828681014276,22.345663265306122,5.395555555555555,0.4299962125994193,33,24,55,0.4898785425101215,0.1902834008097166,0.38461538461538464,0
14,27,103,5210.5,5090.0,2259.0,231,0.0976462210228444,0.09538801746593954,0.042334289087535844,26.584183673469386,6.982167352537723,0.2129324158733151,32,28,40,0.4935064935064935,0.5324675324675324,0.2727272727272727,1
12,27,97,4898.5,5491.0,3249.0,259,0.07302365796574291,0.0818562633234448,0.04843398279691716,34.017361111111114,7.532235939643347,0.34530768413221385,31,27,47,0.4864864864864865,0.10424710424710425,0.33976833976833976,1
13,27,156,5307.0,5005.5,3493.5,295,0.06098247629991382,0.05751795461074404,0.040143636885952315,31.402366863905325,6.866255144032922,0.14355276134122288,38,31,46,0.4576271186440678,0.26440677966101694,0.2542372881355932,1
12,24,88,6027.0,5043.5,3200.75,327,0.05636450354908397,0.047166811622665505,0.02993341376053269,41.854166666666664,8.75607638888889,0.41331998966942146,29,45,51,0.2018348623853211,0.23547400611620795,0.24770642201834864,0
13,27,121,4420.0,3928.5,2625.5,243,0.07485308811326187,0.06652949245541838,0.04446307304103372,26.153846153846153,5.388888888888889,0.17932518270609932,33,24,40,0.5102880658436214,0.18518518518518517,0.2839506172839506,1
15,26,67,5594.5,4725.5,3558.5,343,0.04755246538432116,0.04016608725956022,0.030246750928609678,24.864444444444445,6.990384615384615,0.792715526843395,30,27,30,0.1836734693877551,0.21574344023323616,0.16034985422740525,1
14,22,81,8874.0,6684.0,4565.5,351,0.07202863613120024,0.054252806389558525,0.037057329080121104,45.275510204081634,13.809917355371901,0.6958542905044963,56,50,49,0.42450142450142453,0.49572649572649574,0.1396011396011396,0
12,22,80,9573.0,7977.25,8617.25,327,0.08952669528378644,0.07460324140317406,0.08058852135529183,66.47916666666667,16.481921487603305,1.3464453125,64,64,62,0.6299694189602446,0.4740061162079511,0.18960244648318042,0
13,27,92,8577.5,5711.25,6374.25,399,0.05387843041186927,0.03587446058755912,0.04003900729266776,50.75443786982248,7.834362139917696,0.7531013705103969,68,66,66,0.3383458646616541,0.3032581453634085,0.2882205513784461,0
12,20,125,6094.0,5748.0,4536.0,299,0.0681647856287961,0.06429458283464391,0.05073768749790271,42.31944444444444,14.37,0.290304,39,33,50,0.43812709030100333,0.22073578595317725,0.16722408026755853,1
13,29,92,5135.5,4645.5,3747.0,235,0.0929923042100498,0.0841195110909914,0.06784970574920779,30.38757396449704,5.523781212841855,0.4426984877126654,26,24,47,0.2936170212765957,0.1829787234042553,0.3276595744680851,1
15,25,106,6101.0,4559.5,4248.0,271,0.08307348756144388,0.06208384962078403,0.05784234964120859,27.115555555555556,7.2952,0.37807048771804913,41,32,45,0.5461254612546126,0.2066420664206642,0.16605166051660517,1
12,21,106,4072.0,3631.5,2440.0,271,0.05544586811181765,0.04944785610217726,0.033223948475647115,28.27777777777778,8.23469387755102,0.21715913136347453,36,21,34,0.2730627306273063,0.07749077490774908,0.12546125461254612,0
12,20,74,5750.0,4597.5,4844.0,251,0.09126839256519738,0.07297503214234695,0.07688766844970715,39.93055555555556,11.49375,0.8845872899926954,40,27,57,0.44223107569721115,0.3745019920318725,0.3346613545816733,1
13,25,114,6277.5,4156.0,3378.5,247,0.10289465488698389,0.0681210968873445,0.05537707551344884,37.14497041420118,6.6496,0.25996460449369035,32,32,48,0.3076923076923077,0.3522267206477733,0.27530364372469635,1
13,26,76,5504.0,4711.0,3692.5,287,0.06682125556944968,0.05719384719979604,0.04482875839211354,32.56804733727811,6.968934911242603,0.6392832409972299,34,28,51,0.41114982578397213,0.3310104529616725,0.2229965156794425,0
14,22,96,4910.5,5315.75,4892.75,247,0.08048812470291268,0.08713058729039978,0.08019718402202954,25.053571428571427,10.982954545454545,0.5308973524305556,42,40,61,0.5222672064777328,0.41295546558704455,0.3522267206477733,1
14,25,98,5076.5,5247.0,4425.0,203,0.12318910917518018,0.1273265548787886,0.10737945594408989,25.900510204081634,8.3952,0.4607455226988755,35,20,55,0.47783251231527096,0.09852216748768473,0.5714285714285714,0
13,26,95,5444.75,5641.75,5623.5,255,0.08373317954632833,0.08676278354479046,0.08648212226066897,32.217455621301774,8.345784023668639,0.6231024930747923,32,24,56,0.49019607843137253,0.27450980392156865,0.2235294117647059,1
11,23,109,5693.25,7616.0,4509.5,323,0.054570157865981656,0.07299983705393515,0.04322383996779419,47.05165289256198,14.396975425330814,0.37955559296355523,46,30,48,0.34674922600619196,0.30030959752321984,0.30959752321981426,1
12,25,104,5673.75,7258.25,3131.75,255,0.08725490196078431,0.11162245290272972,0.04816224529027297,39.401041666666664,11.6132,0.28954789201183434,37,33,43,0.5490196078431373,0.5450980392156862,0.26666666666666666,1
13,27,107,7479.5,7498.0,3665.0,287,0.09080479306535226,0.09102939212567834,0.04449489492406124,44.25739644970414,10.285322359396433,0.32011529391213206,44,29,6,0.3240418118466899,0.313588850174216,0.03484320557491289,1
16,29,98,6517.0,7244.0,4347.0,247,0.106820305200872,0.11873657984887476,0.07125178252388992,25.45703125,8.613555291319857,0.45262390670553937,30,32,53,0.3481781376518219,0.12955465587044535,0.2145748987854251,0
12,27,111,5873.0,5958.5,3856.5,283,0.07333091935222065,0.07439848168912085,0.04815268014334053,40.78472222222222,8.173525377229081,0.3130021913805698,29,23,43,0.34275618374558303,0.31802120141342755,0.17667844522968199,0
11,23,76,6602.5,6766.5,5271.0,287,0.08015758355692068,0.08214862387548713,0.06399252145831563,54.56611570247934,12.791115311909262,0.9125692520775623,46,31,58,0.3205574912891986,0.40418118466898956,0.28222996515679444,1
13,23,101,7022.25,6845.25,5433.0,239,0.12293639817230091,0.11983771292519389,0.09511388105950526,41.55177514792899,12.939981096408317,0.5325948436427801,31,30,59,0.2301255230125523,0.23430962343096234,0.30962343096234307,1
13,27,100,5915.5,5822.0,2930.5,247,0.09696110409939517,0.09542854332967267,0.04803389663820092,35.00295857988166,7.986282578875172,0.29305,23,26,27,0.1214574898785425,0.19838056680161945,0.1700404858299595,1
15,25,70,10984.0,8921.5,8481.0,327,0.10272236717822106,0.08343386733252905,0.07931431136548552,48.81777777777778,14.2744,1.7308163265306122,61,56,63,0.24770642201834864,0.22935779816513763,0.5626911314984709,1
12,27,111,5351.0,5110.75,4079.75,263,0.07736124564472524,0.0738878688429788,0.05898234758345502,37.15972222222222,7.010631001371742,0.3311216622027433,34,26,0,0.42585551330798477,0.2623574144486692,0.0,1
14,25,100,5223.5,4980.5,5092.0,291,0.06168443924847369,0.058814846305546696,0.060131552532445294,26.650510204081634,7.9688,0.5092,21,19,47,0.15120274914089346,0.06529209621993128,0.32989690721649484,1
12,25,87,6698.0,5417.5,3443.0,283,0.08363195944511731,0.06764349661002135,0.042989673987688694,46.513888888888886,8.668,0.4548817545250363,28,39,42,0.4381625441696113,0.3568904593639576,0.1519434628975265,1
12,25,72,4981.0,5010.5,4297.5,295,0.05723642631427751,0.057575409365124966,0.049382361390405055,34.59027777777778,8.0168,0.8289930555555556,27,37,47,0.29152542372881357,0.21694915254237288,0.27796610169491526,1
13,27,104,5045.0,5375.0,3503.0,231,0.09454470493431533,0.10072899683289294,0.06564719551732538,29.85207100591716,7.373113854595336,0.32387204142011833,31,27,44,0.5108225108225108,0.42424242424242425,0.35064935064935066,1
15,26,111,7178.25,6571.5,4105.0,247,0.11765887000278648,0.10771361602386532,0.06728515464931403,31.903333333333332,9.721153846153847,0.33317100884668455,38,25,42,0.23481781376518218,0.17408906882591094,0.1700404858299595,1
12,22,106,5632.0,7866.5,2938.25,271,0.07668740894051007,0.10711319290314675,0.04000830598711891,39.111111111111114,16.253099173553718,0.2615032039871841,41,41,35,0.5608856088560885,0.33579335793357934,0.23985239852398524,0
13,24,98,5443.5,5649.5,4081.5,311,0.05628043547936849,0.05841027284664137,0.04219869521613714,32.210059171597635,9.808159722222221,0.42497917534360685,44,30,48,0.24437299035369775,0.09967845659163987,0.36012861736334406,0
13,24,99,6202.0,5772.0,3713.0,243,0.10503141458788463,0.09774932683025961,0.06287998103270165,36.69822485207101,10.020833333333334,0.37883889399040915,52,39,48,0.6666666666666666,0.3374485596707819,0.345679012345679,1
13,25,89,5176.25,4615.25,3606.5,255,0.07960399846212995,0.07097654748173779,0.05546328335255671,30.62869822485207,7.3844,0.45530867314732987,36,31,49,0.396078431372549,0.2235294117647059,0.403921568627451,0
14,25,92,3747.25,4519.0,2615.75,251,0.05947921461564102,0.07172902017428295,0.041519182235202616,19.118622448979593,7.2304,0.30904418714555765,26,26,40,0.18725099601593626,0.3705179282868526,0.20318725099601595,0
12,22,115,4464.5,4514.0,2433.5,239,0.07815864568197335,0.07902522714938463,0.04260254547364367,31.00347222222222,9.326446280991735,0.18400756143667296,34,25,36,0.3263598326359833,0.28451882845188287,0.2510460251046025,0
13,22,113,4742.0,4258.5,2420.5,255,0.07292579777008842,0.06549019607843137,0.0372241445597847,28.059171597633135,8.798553719008265,0.1895606547106273,35,35,40,0.3058823529411765,0.49411764705882355,0.24313725490196078,0
12,24,91,4514.0,5494.0,3104.5,235,0.08173834314169308,0.09948392937980986,0.056215482118605706,31.34722222222222,9.538194444444445,0.37489433643279796,31,30,46,0.2680851063829787,0.14042553191489363,0.28085106382978725,0
13,25,93,5248.0,5602.25,3622.0,243,0.08887534081864215,0.09487459567477857,0.0613388880421345,31.05325443786982,8.9636,0.41877673719505143,33,34,51,0.5720164609053497,0.49794238683127573,0.3292181069958848,0
13,27,106,4821.0,4871.25,3443.5,223,0.09694544430815018,0.09795592109232037,0.06924530957791228,28.526627218934912,6.682098765432099,0.30647027411890354,36,25,50,0.5336322869955157,0.38565022421524664,0.34977578475336324,0
15,25,99,6936.75,5495.25,3158.0,251,0.1101053951524579,0.08722480595546102,0.050126188473198836,30.83,8.7924,0.32221201918171616,47,29,43,0.4940239043824701,0.11553784860557768,0.3665338645418327,0
12,22,75,5489.0,5783.0,3558.5,279,0.07051553808404311,0.07429246797959944,0.04571498310658907,38.11805555555556,11.948347107438016,0.6326222222222222,43,30,52,0.40860215053763443,0.30824372759856633,0.31899641577060933,0
12,24,83,5076.25,4917.0,3330.0,243,0.08596673948754424,0.08326982675405172,0.056393842402072854,35.251736111111114,8.536458333333334,0.48337930033386556,25,27,50,0.1111111111111111,0.3868312757201646,0.45267489711934156,0
13,25,112,3532.25,4502.25,2645.75,251,0.05606657037189886,0.07146315137854954,0.04199536515293408,20.900887573964496,7.2036,0.21091757015306123,32,29,37,0.4342629482071713,0.43824701195219123,0.2908366533864542,0
15,25,114,4893.0,3967.5,2643.0,211,0.10990319175220682,0.0891152489836257,0.059365243368298105,21.746666666666666,6.348,0.2033702677746999,31,31,43,0.26066350710900477,0.38388625592417064,0.3459715639810427,1
14,27,83,4641.5,4732.0,3967.5,219,0.0967765476116011,0.09866349742499114,0.082723462813536,23.681122448979593,6.491083676268861,0.5759181303527362,31,26,54,0.5981735159817352,0.502283105022831,0.4657534246575342,0
14,21,91,4750.0,5313.0,3386.0,239,0.08315680747886066,0.09301307750214458,0.05927767371019415,24.23469387755102,12.047619047619047,0.40888781548122205,37,22,48,0.5523012552301255,0.09205020920502092,0.2719665271966527,0
12,27,85,3736.0,4588.0,3076.0,223,0.0751271893663657,0.0922600494681172,0.06185525548472722,25.944444444444443,6.29355281207133,0.4257439446366782,38,28,44,0.3542600896860987,0.4304932735426009,0.4439461883408072,0
12,17,120,4807.0,4792.75,2772.0,235,0.08704391127206881,0.08678587596197375,0.05019465821638751,33.38194444444444,16.583910034602077,0.1925,36,30,43,0.5361702127659574,0.425531914893617,0.32340425531914896,0
13,24,96,3451.0,3779.0,2897.0,223,0.06939612700838545,0.07599187596774518,0.05825574614410103,20.420118343195266,6.560763888888889,0.3143446180555556,33,28,46,0.27802690582959644,0.3183856502242152,0.2825112107623318,0
15,27,96,4385.25,5166.5,3373.5,223,0.08818295159765932,0.10389310060528062,0.06783768022682941,19.49,7.087105624142661,0.3660481770833333,36,28,50,0.3811659192825112,0.34080717488789236,0.49327354260089684,0
12,21,90,4124.5,4240.25,2398.5,191,0.11305885255338395,0.11623173706861106,0.06574655300019189,28.64236111111111,9.615079365079366,0.2961111111111111,24,26,37,0.27225130890052357,0.27225130890052357,0.49214659685863876,1
13,26,88,4311.5,5698.5,3121.0,187,0.1232949183562584,0.16295862049243615,0.08925047899568189,25.511834319526628,8.429733727810651,0.40302169421487605,38,37,56,0.28342245989304815,0.41711229946524064,0.5401069518716578,1
13,27,106,4733.25,6500.25,2525.75,255,0.07279123414071512,0.09996539792387543,0.03884275278738947,28.007396449704142,8.916666666666666,0.22479085083659667,37,45,20,0.4196078431372549,0.4196078431372549,0.13333333333333333,0
12,24,91,4742.5,4751.25,3107.25,219,0.09888242530389274,0.09906486520297741,0.06478701444924001,32.93402777777778,8.248697916666666,0.3752264219297186,39,27,47,0.5296803652968036,0.410958904109589,0.5251141552511416,1
13,24,104,3996.25,4760.25,2300.5,211,0.08976101165742009,0.10692145279755622,0.051672244558747554,23.64644970414201,8.264322916666666,0.21269415680473372,40,32,37,0.3791469194312796,0.6303317535545023,0.4075829383886256,0
14,20,116,4329.5,5424.0,2954.0,227,0.08402064856682645,0.10526111510023482,0.057326942110268,22.089285714285715,13.56,0.21953032104637338,28,32,50,0.23348017621145375,0.6079295154185022,0.3920704845814978,0
14,29,82,6074.0,6330.0,2642.0,243,0.10286372334840556,0.10719910582736371,0.04474250198987282,30.989795918367346,7.526753864447087,0.39292088042831647,37,29,44,0.48559670781893005,0.12757201646090535,0.3292181069958848,1
12,24,118,5552.5,5867.5,2904.0,239,0.09720593126871029,0.1027205406067821,0.05083944608812871,38.55902777777778,10.186631944444445,0.20856075840275784,31,30,46,0.5062761506276151,0.22594142259414227,0.36401673640167365,0
17,25,93,8632.0,7640.25,4226.75,319,0.08482621043425281,0.07508033529544718,0.041536050156739814,29.868512110726645,12.2244,0.4886981153890623,49,45,52,0.32601880877742945,0.30407523510971785,0.4263322884012539,1
18,27,164,6951.5,8059.0,3360.5,319,0.06831202523560106,0.07919536954235906,0.03302345692357583,21.455246913580247,11.054869684499314,0.12494422962522309,33,33,44,0.32601880877742945,0.2852664576802508,0.2225705329153605,0
19,24,83,5745.5,5824.0,4226.0,255,0.08835832372164552,0.08956555171088043,0.06499038831218762,15.915512465373961,10.11111111111111,0.6134417186819567,33,46,55,0.5176470588235295,0.5490196078431373,0.21568627450980393,0
19,28,139,4443.25,5668.75,2948.0,271,0.060500946337876664,0.07718781062349368,0.04014106561729824,12.308171745152354,7.230548469387755,0.15258009419802288,35,34,43,0.2952029520295203,0.4317343173431734,0.2140221402214022,0
17,29,97,3776.0,4509.5,3739.5,199,0.09535112749678039,0.11387338703568092,0.09442943360016161,13.065743944636678,5.362068965517241,0.39743862259538737,32,25,55,0.40703517587939697,0.3316582914572864,0.36180904522613067,0
20,24,140,5440.0,5455.0,3639.5,259,0.08109598843189576,0.08131959869411606,0.05425530329005233,13.6,9.47048611111111,0.18568877551020407,35,28,51,0.33204633204633205,0.3166023166023166,0.3474903474903475,0
18,22,105,4769.5,5186.0,3396.5,235,0.08636487098234495,0.09390674513354459,0.06150294250792214,14.720679012345679,10.714876033057852,0.3080725623582766,35,27,49,0.4808510638297872,0.46808510638297873,0.3276595744680851,0
14,25,109,6282.0,6388.0,3221.5,243,0.10638622161255906,0.10818134092025267,0.05455638537485817,32.05102040816327,10.2208,0.2711472098308223,37,31,54,0.1522633744855967,0.48559670781893005,0.3374485596707819,0
16,23,108,6297.25,5968.5,5115.25,215,0.13623039480800433,0.129118442401298,0.11065981611681991,24.5986328125,11.282608695652174,0.4385502400548697,35,30,55,0.5116279069767442,0.5302325581395348,0.37209302325581395,1
15,29,84,4784.5,4813.5,3732.5,263,0.06917116049097138,0.06959042345559427,0.053962035015686215,21.264444444444443,5.723543400713436,0.5289824263038548,45,30,55,0.2623574144486692,0.34220532319391633,0.376425855513308,1
22,26,84,3246.75,4833.5,3799.25,211,0.07292625951798028,0.10856674378383235,0.08533613351002897,6.708161157024794,7.150147928994083,0.5384424603174603,33,31,55,0.3886255924170616,0.24170616113744076,0.41706161137440756,0
10,24,95,4673.0,4793.0,2908.75,243,0.07913766532879472,0.08116987586580636,0.0492599366627716,46.73,8.321180555555555,0.3222991689750693,38,26,45,0.15637860082304528,0.35390946502057613,0.39094650205761317,0
20,22,101,4864.0,5150.0,3301.5,247,0.07972594207412022,0.0844137750168008,0.0541149666442656,12.16,10.640495867768594,0.3236447407116949,36,29,49,0.27530364372469635,0.27530364372469635,0.22267206477732793,0
16,27,103,5742.0,6067.5,3101.0,271,0.0781852098963794,0.08261733908852004,0.04222437058318922,22.4296875,8.323045267489713,0.29229899142237725,33,32,49,0.2140221402214022,0.2029520295202952,0.3505535055350554,0
15,28,64,4678.0,5197.75,3165.0,251,0.07425278963825971,0.08250265868795734,0.05023729782066951,20.79111111111111,6.629783163265306,0.772705078125,33,31,52,0.42231075697211157,0.41832669322709165,0.35856573705179284,0
14,24,82,4809.0,5777.0,3078.0,223,0.09670413641939311,0.11616963944579621,0.061895473466186735,24.535714285714285,10.02951388888889,0.45776323616894704,28,37,51,0.37668161434977576,0.3811659192825112,0.3542600896860987,0
14,25,90,4880.5,6114.5,3858.0,255,0.0750557477893118,0.09403306420607459,0.05933102652825836,24.900510204081634,9.7832,0.4762962962962963,0,38,54,0.0,0.4392156862745098,0.35294117647058826,0
13,27,96,4632.0,4977.0,3269.5,247,0.07592322444229539,0.0815781278172073,0.053590453867462175,27.40828402366864,6.827160493827161,0.3547634548611111,30,30,46,0.30364372469635625,0.41295546558704455,0.26720647773279355,1
13,24,160,3871.5,3871.0,1970.5,199,0.09776268276053635,0.09775005681674705,0.0497588444736244,22.90828402366864,6.720486111111111,0.07697265625,31,27,37,0.3768844221105528,0.45226130653266333,0.3165829145728643,0
14,22,140,5923.5,6155.5,3129.0,271,0.08065658147356382,0.0838155798532155,0.0426056290083196,30.221938775510203,12.71797520661157,0.15964285714285714,39,31,48,0.36162361623616235,0.3726937269372694,0.31365313653136534,0
12,21,84,4821.0,4655.25,3706.5,191,0.132150982703325,0.12760752172363696,0.1016008333104904,33.479166666666664,10.556122448979592,0.5252976190476191,37,28,50,0.6963350785340314,0.4973821989528796,0.41361256544502617,1
13,23,86,5513.5,6137.0,4409.0,211,0.12384043485096921,0.13784506188091014,0.09903191752206823,32.624260355029584,11.601134215500945,0.5961330448891292,36,23,51,0.5687203791469194,0.11848341232227488,0.5402843601895735,1
14,23,102,4374.75,4383.75,2924.75,223,0.08797180719499688,0.08815278811156468,0.05881377063685174,22.320153061224488,8.286862003780719,0.2811178392925798,33,34,43,0.28699551569506726,0.15695067264573992,0.30493273542600896,0
13,27,115,4086.0,4722.5,3824.0,211,0.09177691426517823,0.10607353833022619,0.08589205094225197,24.17751479289941,6.478052126200274,0.28914933837429113,29,33,50,0.15639810426540285,0.3696682464454976,0.4265402843601896,0
13,26,103,4239.0,5044.0,3035.5,231,0.07944004047900152,0.09452596465583478,0.05688611532767377,25.08284023668639,7.461538461538462,0.2861249882175511,24,32,50,0.2857142857142857,0.23376623376623376,0.21645021645021645,0
12,17,106,5466.25,6162.0,4507.75,235,0.09898143956541422,0.11157990040742417,0.08162516976007243,37.96006944444444,21.32179930795848,0.401188145247419,39,38,61,0.502127659574468,0.2765957446808511,0.4297872340425532,0
13,20,94,5577.0,4858.5,3471.5,231,0.10451453308596166,0.09104964299769494,0.06505687674518844,33.0,12.14625,0.39288139429606156,40,27,50,0.43722943722943725,0.11688311688311688,0.3333333333333333,0
12,18,98,4708.0,5567.0,4098.0,245,0.07843398583923365,0.09274468971261975,0.06827155351936694,32.69444444444444,17.182098765432098,0.42669720949604334,32,32,49,0.43673469387755104,0.37551020408163266,0.363265306122449,1
13,26,120,5367.5,4710.0,3385.0,283,0.0670191911498458,0.05880957434853725,0.04226547965388505,31.7603550295858,6.9674556213017755,0.23506944444444444,35,31,36,0.38162544169611307,0.4840989399293286,0.1872791519434629,1
13,19,85,6085.25,6031.0,3845.75,291,0.07186086607385364,0.07122022649708908,0.045414555803545066,36.00739644970414,16.706371191135734,0.5322837370242215,33,0,52,0.20618556701030927,0.0,0.31958762886597936,1
15,20,90,5677.0,5368.25,2792.0,247,0.09305184480978217,0.08799111606484289,0.04576373977609861,25.23111111111111,13.420625,0.34469135802469136,33,24,41,0.5263157894736842,0.242914979757085,0.27125506072874495,0
12,25,78,6573.25,5795.25,3868.25,239,0.11507589152850965,0.10145568179828784,0.06772027800633743,45.64756944444444,9.2724,0.6358070348454964,41,37,55,0.5983263598326359,0.3263598326359833,0.3723849372384937,1
13,21,113,6451.0,6135.0,4056.0,275,0.08530247933884298,0.08112396694214875,0.05363305785123967,38.171597633136095,13.91156462585034,0.3176442947764116,34,39,53,0.23636363636363636,0.28363636363636363,0.32727272727272727,0
13,16,111,7359.0,6520.75,3867.75,231,0.13790970933828076,0.12220067090196961,0.0724827120931017,43.544378698224854,25.4716796875,0.3139152666179693,42,38,43,0.46320346320346323,0.3203463203463203,0.4329004329004329,1
13,17,91,5274.75,7387.25,4800.5,219,0.10997998373678614,0.15402618794437148,0.10009174120639687,31.21153846153846,25.561418685121108,0.5797005192609588,44,0,47,0.6621004566210046,0.0,0.4337899543378995,1
14,23,127,5174.5,4687.0,3318.5,239,0.09058840006302411,0.0820538856112463,0.05809597170917876,26.400510204081634,8.860113421550095,0.20574741149482298,31,41,44,0.2384937238493724,0.49372384937238495,0.3389121338912134,0
11,24,85,6639.0,7684.5,4419.25,255,0.10209919261822376,0.11817762399077278,0.06796232218377547,54.86776859504132,13.341145833333334,0.6116608996539792,38,45,54,0.5176470588235295,0.48627450980392156,0.2823529411764706,1
12,25,119,5607.5,6135.0,4881.5,235,0.10153915799004075,0.111090991398823,0.08839293798098687,38.94097222222222,9.816,0.3447143563307676,27,32,57,0.4085106382978723,0.3191489361702128,0.40425531914893614,1
13,16,149,5432.25,6683.75,3503.25,231,0.10180187777590376,0.12525533629429733,0.06565188058694552,32.14349112426036,26.1083984375,0.15779694608350975,29,32,51,0.5281385281385281,0.33766233766233766,0.4069264069264069,0
13,26,135,6646.5,5529.75,3776.0,287,0.08069176510580436,0.0671338731804441,0.0458424892860178,39.328402366863905,8.180103550295858,0.20718792866941016,33,28,56,0.24738675958188153,0.33797909407665505,0.20209059233449478,0
13,23,119,7469.0,7775.5,4345.0,303,0.08135367992244769,0.0846921325795946,0.047326514829700794,44.19526627218935,14.698487712665406,0.30682861379846055,45,31,56,0.40264026402640263,0.2508250825082508,0.3069306930693069,0
15,27,106,6294.0,6476.0,3662.75,279,0.08085713184568544,0.08319523130483936,0.04705425161547257,27.973333333333333,8.883401920438958,0.3259834460662157,39,31,49,0.34767025089605735,0.3763440860215054,0.32616487455197135,0
13,24,112,6449.5,7640.25,5226.0,327,0.06031572351747421,0.07145161742838706,0.048873551609011585,38.162721893491124,13.264322916666666,0.41661352040816324,44,42,60,0.23853211009174313,0.290519877675841,0.3058103975535168,1
13,24,122,8236.5,8079.5,4729.0,303,0.08971342678822337,0.08800335479092464,0.05150911130717032,48.73668639053255,14.026909722222221,0.3177237301800591,38,43,58,0.3333333333333333,0.5511551155115512,0.29372937293729373,0
12,27,98,7731.5,7520.5,5704.0,267,0.10845291699981764,0.10549313358302122,0.08001234412041128,53.69097222222222,10.316186556927297,0.5939192003331945,51,43,67,0.37453183520599254,0.2546816479400749,0.250936329588015,1
13,26,150,7092.5,7227.5,4289.5,311,0.0733294734338975,0.07472524064060546,0.04434921061610198,41.967455621301774,10.691568047337277,0.19064444444444445,46,40,51,0.44694533762057875,0.3440514469453376,0.26688102893890675,1
14,21,156,6709.0,8163.5,4025.0,255,0.1031757016532103,0.1255440215301807,0.06189926951172626,34.22959183673469,18.511337868480727,0.16539283366206442,48,34,54,0.5137254901960784,0.3176470588235294,0.27058823529411763,0
13,24,134,6379.5,6365.25,3332.75,231,0.11955360656659358,0.11928655759824591,0.062456663106013756,37.748520710059175,11.05078125,0.1856064825128091,33,34,55,0.27705627705627706,0.5021645021645021,0.42857142857142855,0
13,25,122,6617.5,6922.75,3155.0,271,0.09010634386786673,0.09426274152040413,0.04295965468879781,39.15680473372781,11.0764,0.21197258801397473,45,27,47,0.35793357933579334,0.11439114391143912,0.30996309963099633,0
14,24,130,7012.5,7252.0,3344.25,239,0.12276570788326535,0.12695856164983105,0.058546769139195744,35.7780612244898,12.590277777777779,0.19788461538461538,38,33,54,0.5648535564853556,0.3598326359832636,0.22594142259414227,0
13,20,111,7252.0,6072.75,5432.75,295,0.08333237575409365,0.06978167193335248,0.06242746337259408,42.9112426035503,15.181875,0.44093417742066393,45,43,61,0.34915254237288135,0.2576271186440678,0.45084745762711864,0
12,22,139,5703.0,7473.5,3041.0,247,0.09347801144093494,0.1224983199200118,0.04984510482060024,39.604166666666664,15.441115702479339,0.15739350965270948,32,44,50,0.23076923076923078,0.46963562753036436,0.31983805668016196,0
12,19,100,6354.0,6045.5,4535.5,275,0.0840198347107438,0.0799404958677686,0.05997355371900826,44.125,16.746537396121884,0.45355,28,51,56,0.20363636363636364,0.38181818181818183,0.4,0
14,27,103,5755.5,6341.75,3907.75,275,0.07610578512396694,0.08385785123966942,0.05167272727272727,29.364795918367346,8.699245541838135,0.3683429163917429,33,37,56,0.2690909090909091,0.23272727272727273,0.31272727272727274,0
14,22,150,8129.5,8095.0,3543.5,303,0.08854796370726181,0.08817218355498917,0.038596433900815824,41.47704081632653,16.725206611570247,0.1574888888888889,43,46,48,0.528052805280528,0.5181518151815182,0.32673267326732675,0
21,26,124,7571.0,7314.5,5841.5,271,0.10308955488078866,0.09959695537914788,0.07954003894282485,17.16780045351474,10.820266272189349,0.3799102497398543,56,43,59,0.35424354243542433,0.3726937269372694,0.5276752767527675,0
13,20,157,7250.5,5159.0,4592.0,247,0.11884312150666296,0.08456129423527677,0.07526758347129112,42.90236686390533,12.8975,0.18629559008479046,33,31,55,0.4898785425101215,0.3643724696356275,0.47368421052631576,1
12,25,143,4919.25,5243.5,4627.5,271,0.06698233956509307,0.0713974482918261,0.0630097629389578,34.161458333333336,8.3896,0.22629468433664238,31,33,54,0.3247232472324723,0.2730627306273063,0.4022140221402214,1
10,24,126,5941.0,5582.5,3452.25,307,0.06303515156659487,0.059231397680611995,0.03662903585183928,59.41,9.691840277777779,0.21745086923658352,33,35,47,0.4006514657980456,0.2182410423452769,0.254071661237785,1
12,23,107,5497.75,5417.0,3676.0,231,0.103029366016379,0.10151608852907554,0.0688892636944585,38.17881944444444,10.240075614366729,0.3210760765132326,28,31,49,0.46320346320346323,0.43722943722943725,0.39826839826839827,1
16,26,140,5621.25,6319.75,4366.0,271,0.07654103293800466,0.08605206900777494,0.0594490815756866,21.9580078125,9.348742603550296,0.22275510204081633,24,24,54,0.17712177121771217,0.2693726937269373,0.3247232472324723,1
12,21,115,7106.5,6481.5,4269.5,267,0.0996857860258946,0.09091865505197155,0.05989002510906311,49.35069444444444,14.697278911564625,0.3228355387523629,43,33,55,0.24719101123595505,0.2397003745318352,0.3408239700374532,1
11,24,89,5252.25,8533.25,5172.25,303,0.05720844361663889,0.09294568070668453,0.056337069350499404,43.40702479338843,14.81467013888889,0.652979421790178,34,33,58,0.3696369636963696,0.10891089108910891,0.3795379537953795,0
13,26,137,5844.25,5976.75,4100.0,259,0.08712228499873287,0.08909750898167887,0.06112013834021556,34.58136094674556,8.841346153846153,0.21844530875379614,30,44,55,0.38996138996138996,0.43243243243243246,0.35135135135135137,0
12,27,134,5962.75,6597.0,4128.5,231,0.11174359550982928,0.12362961713611065,0.07736923970690204,41.407986111111114,9.049382716049383,0.22992314546669637,39,29,53,0.3852813852813853,0.1341991341991342,0.47186147186147187,0
15,22,99,7183.0,6192.5,4826.5,319,0.07058696357150579,0.06085337211701929,0.04742976189306316,31.924444444444443,12.794421487603305,0.4924497500255076,32,29,64,0.34169278996865204,0.2507836990595611,0.2664576802507837,0
13,21,94,6986.0,8100.0,5874.5,287,0.08481346137503187,0.0983379669535869,0.07131930702084523,41.337278106508876,18.367346938775512,0.6648370303304663,35,42,64,0.34494773519163763,0.4634146341463415,0.5156794425087108,0
13,21,106,10868.5,7130.0,8061.5,327,0.10164221118686231,0.06667975946656192,0.07539114739687082,64.31065088757397,16.16780045351474,0.7174706301174796,62,45,61,0.4892966360856269,0.22935779816513763,0.5045871559633027,0
12,15,140,6679.75,5848.0,5428.0,295,0.07675667911519678,0.06719908072392991,0.062372881355932205,46.38715277777778,25.99111111111111,0.27693877551020407,41,39,61,0.535593220338983,0.39322033898305087,0.34915254237288135,0
12,21,145,6725.75,7623.0,4959.5,287,0.08165389891828237,0.0925469533440979,0.060210758902014105,46.70659722222222,17.285714285714285,0.23588585017835909,36,39,53,0.2229965156794425,0.42857142857142855,0.3310104529616725,0
12,21,106,7404.0,8628.5,4170.0,335,0.06597460458899532,0.07688572065047895,0.037157496101581644,51.416666666666664,19.565759637188208,0.37112851548593806,46,35,57,0.3522388059701492,0.41492537313432837,0.3194029850746269,0
23,27,143,6318.5,7863.5,4429.0,247,0.10356668688226327,0.1288908193873035,0.07259584651444868,11.944234404536862,10.786694101508916,0.21658760819599981,51,37,56,0.46153846153846156,0.5708502024291497,0.41700404858299595,0
13,25,101,8440.5,7202.0,3854.5,295,0.09698937087043953,0.0827578282102844,0.0442918701522551,49.94378698224852,11.5232,0.3778551122438977,47,38,51,0.4,0.43728813559322033,0.42033898305084744,0
14,17,136,5034.5,6402.0,4446.0,291,0.05945253362619714,0.07560137457044673,0.05250292273355298,25.68622448979592,22.152249134948097,0.24037629757785467,43,35,61,0.4020618556701031,0.17869415807560138,0.36082474226804123,0
13,27,102,4625.5,4816.0,3032.5,295,0.05315139327779374,0.05534041941970698,0.03484630853203102,27.369822485207102,6.6063100137174215,0.2914744329104191,35,21,43,0.3050847457627119,0.13220338983050847,0.2033898305084746,0
20,23,67,6250.25,5950.5,7514.0,215,0.1352136289886425,0.12872904272579772,0.16255273120605732,15.625625,11.248582230623818,1.6738694586767655,34,32,59,0.5581395348837209,0.6651162790697674,0.5302325581395348,0
20,27,93,6163.25,6542.5,5317.5,291,0.07278196998145983,0.07726054250658353,0.0627944875473837,15.408125,8.974622770919067,0.6148109608047173,42,33,49,0.39862542955326463,0.19243986254295534,0.3745704467353952,0
17,24,109,4588.5,5012.0,3315.5,259,0.06840237921319002,0.07471564228320986,0.049425321626093824,15.877162629757786,8.70138888888889,0.27905900176752796,32,35,48,0.3127413127413127,0.28957528957528955,0.3166023166023166,0
15,24,94,5193.5,4904.5,3657.25,263,0.07508421402651477,0.07090604172389366,0.05287411990920788,23.08222222222222,8.514756944444445,0.413903349932096,32,28,50,0.30798479087452474,0.34600760456273766,0.4524714828897338,0
13,23,78,3675.5,3979.5,2930.0,223,0.07391059542721551,0.08002372860906111,0.05891934283818295,21.74852071005917,7.522684310018904,0.4815910585141354,29,35,43,0.5560538116591929,0.4304932735426009,0.49327354260089684,0
15,25,72,5227.25,6417.75,4852.5,295,0.06006607296753806,0.07374604998563632,0.055759839126687735,23.232222222222223,10.2684,0.9360532407407407,39,32,57,0.4135593220338983,0.27796610169491526,0.4610169491525424,1
22,25,85,13045.5,17439.0,11835.5,339,0.11351711175503172,0.15174772234839584,0.1029881396785618,26.953512396694215,27.9024,1.6381314878892734,97,95,95,0.5398230088495575,0.28023598820059,0.28023598820059,1
18,26,116,10174.25,14261.75,8951.0,359,0.07894297840643695,0.11065828167068846,0.06945166471396094,31.402006172839506,21.097263313609467,0.665205112960761,89,90,89,0.5598885793871866,0.5097493036211699,0.41225626740947074,0
18,28,68,7411.75,7635.5,5622.25,303,0.08073010271324162,0.0831672276138505,0.06123854959753401,22.875771604938272,9.739158163265307,1.2158845155709344,48,41,55,0.24092409240924093,0.42574257425742573,0.43234323432343236,0
14,27,103,5814.75,6259.75,5749.75,235,0.10529198732458125,0.11334993209597102,0.10411498415572658,29.667091836734695,8.58676268861454,0.5419690828541804,34,45,54,0.46808510638297873,0.6510638297872341,0.5617021276595745,0
13,25,113,5664.5,6168.5,3884.5,263,0.08189362286573465,0.08918012404400816,0.05615955124405442,33.51775147928994,9.8696,0.304213329156551,32,34,46,0.4524714828897338,0.21292775665399238,0.4714828897338403,0
12,22,149,5011.0,5470.5,2670.0,231,0.09390753546597702,0.10251869342778434,0.05003654354303705,34.798611111111114,11.302685950413224,0.1202648529345525,39,35,41,0.4155844155844156,0.26406926406926406,0.27705627705627706,0
18,26,107,6713.0,8287.0,6528.75,303,0.07311919310742955,0.09026348179372393,0.07111230925072705,20.719135802469136,12.25887573964497,0.570246309721373,54,36,51,0.42244224422442245,0.3234323432343234,0.26732673267326734,0
20,29,80,6891.0,6926.0,6667.0,263,0.09962555480056094,0.10013156182682993,0.0963871098324394,17.2275,8.235434007134364,1.04171875,41,38,52,0.45627376425855515,0.467680608365019,0.38022813688212925,0
13,28,100,5570.75,4779.5,4397.75,239,0.09752542847639221,0.08367325502004516,0.07699007370319147,32.96301775147929,6.096301020408164,0.439775,43,44,50,0.4225941422594142,0.4895397489539749,0.30962343096234307,0
12,23,90,6977.0,6515.5,4538.5,319,0.06856261239571151,0.06402747614508505,0.044599601025933314,48.451388888888886,12.31663516068053,0.5603086419753086,39,45,59,0.3385579937304075,0.23510971786833856,0.3949843260188088,0
15,15,81,7512.25,6110.5,5728.25,335,0.06693918467364669,0.05444865226108265,0.051042548451770996,33.38777777777778,27.157777777777778,0.8730757506477671,36,28,59,0.3044776119402985,0.14328358208955225,0.2746268656716418,1
14,25,86,5694.5,4989.0,3822.25,231,0.1067165158074249,0.09349524933940519,0.07163002942223722,29.053571428571427,7.9824,0.5167996214169821,31,15,41,0.3333333333333333,0.08225108225108226,0.31601731601731603,1
12,18,85,6974.5,7322.5,3726.5,307,0.07400078515421914,0.07769313202262093,0.0395388810491358,48.43402777777778,22.60030864197531,0.5157785467128028,43,37,48,0.4495114006514658,0.4006514657980456,0.3485342019543974,0
13,19,110,5426.5,5821.5,5031.0,271,0.07388924442749963,0.07926771149630316,0.06850396917253306,32.1094674556213,16.126038781163434,0.41578512396694217,47,28,52,0.4797047970479705,0.4317343173431734,0.3505535055350554,0
12,18,142,7183.25,6972.25,3503.25,283,0.08969084393612106,0.08705627489418022,0.04374196206720024,49.88368055555556,21.51929012345679,0.1737378496330093,52,34,33,0.47703180212014135,0.4028268551236749,0.3215547703180212,0
14,20,101,4694.0,5412.5,3315.0,219,0.09787118700610913,0.11285210900523342,0.06911865891036467,23.948979591836736,13.53125,0.3249681403783943,32,34,42,0.2465753424657534,0.2785388127853881,0.3242009132420091,0
12,25,89,6637.5,6654.5,7401.5,311,0.06862522099647439,0.06880098427435614,0.07652422948480682,46.09375,10.6472,0.9344148466102765,48,36,56,0.4565916398713826,0.1157556270096463,0.5691318327974276,0
14,27,91,6691.0,7087.25,5483.0,239,0.11713730501916983,0.12407433343253794,0.09598921587507221,34.13775510204081,9.7218792866941,0.6621181016785412,54,40,59,0.502092050209205,0.3263598326359833,0.5439330543933054,1
13,27,103,7281.0,6533.0,4300.25,247,0.11934304774705372,0.10708256158927372,0.07048550213902867,43.082840236686394,8.96159122085048,0.4053398058252427,38,38,53,0.4048582995951417,0.5668016194331984,0.3562753036437247,0
13,18,104,8378.0,6790.0,3568.0,291,0.09893600689647028,0.08018327605956473,0.04213459926075507,49.57396449704142,20.95679012345679,0.32988165680473375,46,28,39,0.5532646048109966,0.3230240549828179,0.18556701030927836,0
12,17,66,5271.0,6089.5,4236.5,243,0.08926484783823604,0.10312621720943622,0.07174549950041491,36.604166666666664,21.070934256055363,0.9725665748393021,43,34,58,0.39094650205761317,0.22633744855967078,0.2962962962962963,0
13,23,121,6962.5,6434.5,5255.25,271,0.094803992320366,0.0876145477321932,0.07155744066665759,41.19822485207101,12.16351606805293,0.3589406461307288,42,32,60,0.3948339483394834,0.33210332103321033,0.3874538745387454,0
14,17,75,6179.0,6503.25,4935.75,227,0.1199130586659939,0.1262056317801626,0.09578586815191445,31.525510204081634,22.502595155709344,0.8774666666666666,0,40,55,0.0,0.45374449339207046,0.2511013215859031,1
13,27,86,4056.5,5819.0,5630.0,251,0.0643878668592562,0.09236361327597975,0.08936366089427152,24.002958579881657,7.982167352537723,0.7612222823147647,35,21,55,0.5697211155378487,0.16334661354581673,0.4342629482071713,1
13,27,96,4183.5,5735.5,4859.0,255,0.06433679354094579,0.08820453671664745,0.07472510572856593,24.754437869822485,7.867626886145405,0.5272352430555556,33,33,55,0.3607843137254902,0.3058823529411765,0.41568627450980394,1
13,19,84,5127.5,7087.5,4722.5,251,0.08138759702226948,0.1124982143140585,0.07495912763289471,30.340236686390533,19.632963988919666,0.6692885487528345,35,38,57,0.350597609561753,0.601593625498008,0.2350597609561753,0
10,20,99,6213.0,5924.0,4390.5,215,0.13440778799351,0.12815575987020011,0.09498107084910763,62.13,14.81,0.4479644934190389,28,30,58,0.13023255813953488,0.49767441860465117,0.49767441860465117,1
13,27,114,4460.5,4774.5,3580.25,239,0.078088618896728,0.08358572153848848,0.06267834946867176,26.393491124260354,6.549382716049383,0.27548861188057866,30,42,51,0.3514644351464435,0.3682008368200837,0.36401673640167365,0
14,19,119,4974.5,5238.0,2844.5,255,0.07650134563629374,0.08055363321799308,0.04374471357170319,25.380102040816325,14.509695290858726,0.20086858272720853,31,34,38,0.3215686274509804,0.2196078431372549,0.37254901960784315,0
13,26,108,4521.0,4441.75,4868.5,279,0.05807993216942228,0.057061831168664326,0.06254416053236726,26.75147928994083,6.570636094674557,0.41739540466392316,23,23,61,0.17921146953405018,0.17562724014336917,0.3870967741935484,0
14,24,113,4461.75,4393.25,3268.0,247,0.07313265255945844,0.07200986739661361,0.05356586733104952,22.7640306122449,7.627170138888889,0.2559323361265565,35,27,39,0.5587044534412956,0.4898785425101215,0.1700404858299595,1
12,23,153,6540.5,6386.5,4033.0,259,0.0975015280034585,0.09520579597799675,0.06012134583563155,45.420138888888886,12.072778827977316,0.17228416421034645,33,30,37,0.2548262548262548,0.14285714285714285,0.15057915057915058,0
13,22,144,5789.5,6407.0,4303.0,263,0.08370079081669533,0.09262820049444115,0.06220994954387081,34.25739644970414,13.237603305785123,0.20751350308641975,29,32,49,0.29277566539923955,0.3231939163498099,0.30798479087452474,0
15,24,124,5331.25,7729.25,4554.0,303,0.058068925704451636,0.0841883693319827,0.049602980099990195,23.694444444444443,13.418836805555555,0.29617585848074923,34,41,58,0.24422442244224424,0.24092409240924093,0.2871287128712871,0
11,18,103,5831.5,6870.5,5602.5,311,0.06029197382161061,0.07103421180508887,0.057924339078380085,48.19421487603306,21.205246913580247,0.5280893580921859,43,58,60,0.37942122186495175,0.27009646302250806,0.19292604501607716,0
13,22,112,7177.75,6110.25,4980.25,335,0.063958565382045,0.05444642459345066,0.04437736689685899,42.47189349112426,12.624483471074381,0.3970224808673469,42,35,55,0.3611940298507463,0.23582089552238805,0.28059701492537314,0
13,24,126,7296.0,7168.5,5809.25,327,0.06823219145414247,0.06703981146368151,0.05432810556537516,43.171597633136095,12.4453125,0.3659139581758629,39,42,62,0.327217125382263,0.28134556574923547,0.37003058103975534,0
12,25,112,5979.5,7084.5,4642.5,303,0.06512978030476314,0.07716563735581479,0.050566937881907005,41.52430555555556,11.3352,0.37009725765306123,30,34,53,0.19141914191419143,0.1848184818481848,0.264026402640264,1
13,27,90,5933.0,5222.0,5546.0,239,0.1038672292151748,0.09141996813781271,0.09709213774268657,35.10650887573964,7.163237311385459,0.6846913580246914,30,32,60,0.35564853556485354,0.13389121338912133,0.497907949790795,0
15,25,115,8088.75,5729.75,5748.25,311,0.0836297184685849,0.059239978908406654,0.059431250710807376,35.95,9.1676,0.43465028355387525,58,24,58,0.31511254019292606,0.0932475884244373,0.3858520900321543,0
13,23,126,6715.0,7608.5,4795.0,231,0.12584096999681416,0.14258540881917506,0.08985963531418077,39.73372781065089,14.382797731568997,0.3020282186948854,35,51,55,0.7056277056277056,0.7142857142857143,0.36796536796536794,0
13,26,129,4955.5,5174.0,2761.5,211,0.11130702365175985,0.11621481997259721,0.06202690864985063,29.32248520710059,7.653846153846154,0.165945556156481,34,29,24,0.44075829383886256,0.5023696682464455,0.2843601895734597,1
12,22,146,5239.5,6110.0,4292.0,235,0.09487550928021729,0.11063829787234042,0.07771842462652784,36.385416666666664,12.62396694214876,0.20135109776693563,28,38,53,0.3021276595744681,0.4297872340425532,0.3021276595744681,0
13,25,119,4741.5,6779.5,4827.0,299,0.05303631950425611,0.07583248509524503,0.05399268464558562,28.056213017751478,10.8472,0.34086575806793307,33,32,59,0.3177257525083612,0.23076923076923078,0.39464882943143814,0
14,18,96,7061.0,6956.0,6608.0,275,0.09336859504132232,0.0919801652892562,0.08737851239669421,36.025510204081634,21.469135802469136,0.7170138888888888,44,43,59,0.5345454545454545,0.4690909090909091,0.3781818181818182,1
13,24,125,5797.5,5948.5,3699.5,283,0.07238821810735557,0.07427362059708574,0.04619236099838929,34.30473372781065,10.327256944444445,0.236768,35,49,42,0.31095406360424027,0.3992932862190813,0.3003533568904594,0
12,22,98,8897.25,8541.25,5697.75,295,0.10223786268313703,0.09814708417121516,0.0654725653547831,61.786458333333336,17.647210743801654,0.593268429820908,46,43,57,0.39661016949152544,0.5423728813559322,0.488135593220339,1
14,20,101,5442.5,5522.5,3898.0,247,0.08920814961726958,0.09051943155927814,0.0638922126243669,27.767857142857142,13.80625,0.3821194000588178,28,31,53,0.29959514170040485,0.2145748987854251,0.29959514170040485,0
12,22,90,5777.5,6794.0,5088.25,291,0.06822663879736895,0.08023051215739067,0.060087268690733456,40.12152777777778,14.037190082644628,0.628179012345679,36,32,60,0.30927835051546393,0.3402061855670103,0.4054982817869416,1
14,28,107,5264.5,5317.0,4226.5,207,0.1228616770519732,0.12408690984620412,0.09863707437746505,26.85969387755102,6.781887755102041,0.3691588785046729,18,31,57,0.08695652173913043,0.2995169082125604,0.5169082125603864,1
14,19,132,25868.0,29871.5,23409.5,351,0.20996582819944642,0.24246150599426952,0.19001063303057605,131.9795918367347,82.74653739612188,1.3435204315886133,143,141,144,0.717948717948718,0.48717948717948717,0.5470085470085471,1
13,27,118,9043.5,5447.0,6750.25,303,0.09850341469790544,0.059329695345772204,0.07352492675010075,53.51183431952663,7.471879286694102,0.48479244469979893,40,31,55,0.2706270627062706,0.2838283828382838,0.3795379537953795,1
12,21,84,13627.0,14945.0,12846.0,323,0.13061564857326344,0.143248761130654,0.12312971465268525,94.63194444444444,33.888888888888886,1.820578231292517,101,100,100,0.43962848297213625,0.544891640866873,0.6037151702786377,1
12,23,123,140886.75,138813.75,123951.25,575,0.42612249527410206,0.41985255198487714,0.3748998109640832,978.3802083333334,262.4078449905482,8.192957234450393,370,356,350,0.7530434782608696,0.6939130434782609,0.7756521739130435,1
12,17,90,89084.5,104985.5,86601.5,551,0.29342624036152715,0.3458009031590805,0.28524774292574795,618.6423611111111,363.2716262975779,10.691543209876544,298,297,294,0.7023593466424682,0.6787658802177858,0.7422867513611615,1
15,28,121,65447.25,65505.25,58753.25,431,0.35231964728872045,0.35263187644338695,0.31628409623117876,290.87666666666667,83.55261479591837,4.0129260296427836,249,240,242,0.7795823665893271,0.617169373549884,0.7006960556844548,1
16,28,108,126331.0,106253.5,117269.5,623,0.3254871447379608,0.2737582092551703,0.30214052544386016,493.48046875,135.52742346938774,10.053969478737997,346,310,312,0.6789727126805778,0.6179775280898876,0.6998394863563403,1
13,28,96,143400.25,116925.25,125828.0,607,0.38919972642075296,0.3173444628700309,0.3415072370938719,848.5221893491124,149.1393494897959,13.653211805555555,369,324,326,0.6803953871499177,0.6227347611202636,0.8352553542009885,1
12,29,90,120403.5,102873.5,107461.25,535,0.42066031967857453,0.35941479605205695,0.37544327015459866,836.1354166666666,122.32282996432818,13.26682098765432,337,297,296,0.8186915887850468,0.6878504672897197,0.7813084112149533,1
13,16,137,57553.5,50422.5,50770.0,479,0.25084226446014446,0.2197623789993942,0.22127692958102518,340.55325443786984,196.962890625,2.7049922744951784,233,201,196,0.5845511482254697,0.6304801670146137,0.7473903966597077,1
21,31,113,100007.5,83060.0,90570.0,583,0.2942357652056995,0.2443738985374637,0.2664693473457511,226.77437641723355,86.43080124869927,7.09295951131647,311,274,270,0.6672384219554031,0.6174957118353345,0.7495711835334476,1
13,23,125,91020.25,73612.25,84281.25,527,0.32773044946692637,0.265050642892892,0.30346578859247686,538.5813609467456,139.15359168241966,5.394,296,258,252,0.7039848197343453,0.6717267552182163,0.7988614800759013,1
15,20,133,60244.75,44480.75,52209.5,503,0.23811307107652296,0.17580698710322556,0.20635431941156243,267.75444444444446,111.201875,2.951523545706371,232,187,188,0.6719681908548708,0.5745526838966203,0.679920477137177,1
18,23,105,17982.75,14729.0,16090.25,295,0.2066388968687159,0.16925021545532892,0.18489227233553576,55.50231481481482,27.843100189035916,1.4594331065759638,119,88,97,0.7627118644067796,0.5220338983050847,0.6915254237288135,1
14,27,128,18360.0,14107.5,19801.5,351,0.14902476440937978,0.11450799912338373,0.16072515645165217,93.6734693877551,19.35185185185185,1.208587646484375,116,85,107,0.452991452991453,0.4444444444444444,0.5925925925925926,1
14,28,146,22649.5,17464.5,24362.0,391,0.1481511764051779,0.11423590897495438,0.15935269915816877,115.55867346938776,22.276147959183675,1.1428973541002063,131,85,135,0.6470588235294118,0.5012787723785166,0.5652173913043478,1
23,24,130,6148.25,7041.0,10173.25,275,0.081299173553719,0.09310413223140496,0.13452231404958678,11.622400756143668,12.223958333333334,0.6019674556213018,19,37,91,0.13090909090909092,0.38181818181818183,0.48363636363636364,1
20,30,187,5188.0,4865.0,6527.0,279,0.06664868128621164,0.06249919708122969,0.08385041302141545,12.97,5.405555555555556,0.18665103377277018,29,29,73,0.44802867383512546,0.40860215053763443,0.40860215053763443,1
23,28,91,6664.0,6745.75,8226.25,275,0.08811900826446281,0.0892,0.10877685950413223,12.59735349716446,8.604272959183673,0.9933884796522159,52,24,87,0.2690909090909091,0.3418181818181818,0.43272727272727274,1
14,27,97,8314.0,5645.0,5836.75,279,0.1068074665022289,0.07251962333474647,0.07498297812206935,42.41836734693877,7.743484224965706,0.6203369114677436,51,25,69,0.5448028673835126,0.12903225806451613,0.4229390681003584,1
23,28,94,4973.0,3941.0,5876.0,311,0.05141592828858262,0.04074606341952627,0.060752060049006934,9.400756143667296,5.026785714285714,0.6650067904028972,0,32,69,0.0,0.29260450160771706,0.3504823151125402,1
15,28,100,4777.5,5028.75,6394.5,279,0.0613751108027903,0.06460284425945197,0.0821482252283501,21.233333333333334,6.41422193877551,0.63945,19,39,73,0.13261648745519714,0.34767025089605735,0.3046594982078853,1
14,28,103,6520.0,5872.0,8740.5,255,0.10026912725874663,0.0903037293348712,0.1344175317185698,33.265306122448976,7.489795918367347,0.823875954378358,36,32,92,0.4117647058823529,0.23137254901960785,0.5372549019607843,1
16,25,99,7212.5,5970.5,6342.5,335,0.06426821118289151,0.053201158387168636,0.05651592782356872,28.173828125,9.5528,0.6471278440975411,30,33,67,0.27761194029850744,0.3582089552238806,0.31044776119402984,1
20,21,123,9526.5,6943.5,11164.5,311,0.0984946392200246,0.07178895999834575,0.11542994799474778,23.81625,15.744897959183673,0.7379535990481856,35,30,97,0.45016077170418006,0.3247588424437299,0.31189710610932475,1
13,27,117,7656.5,7503.5,10960.0,287,0.09295365975063434,0.09109616481928881,0.13305976763102623,45.30473372781065,10.29286694101509,0.8006428519249033,39,35,99,0.41114982578397213,0.47038327526132406,0.34843205574912894,1
21,23,107,7460.5,6878.5,13819.5,287,0.09057412376015249,0.08350835872719105,0.16777549806359188,16.917233560090704,13.002835538752363,1.207048650537165,37,38,113,0.3519163763066202,0.1916376306620209,0.397212543554007,1
15,24,115,8322.0,6631.0,12014.0,367,0.06178678288501659,0.049231934307924184,0.08919807853648033,36.986666666666665,11.512152777777779,0.9084310018903592,39,36,104,0.22343324250681199,0.23433242506811988,0.335149863760218,1
15,26,137,7794.5,6030.5,9685.0,287,0.09462904733576953,0.07321322342143283,0.11758064320314682,34.64222222222222,8.92085798816568,0.5160104427513453,36,30,95,0.313588850174216,0.2961672473867596,0.43902439024390244,1
16,26,125,8540.5,7150.0,11799.75,315,0.08607205845301083,0.07205845301083397,0.1189191232048375,33.361328125,10.576923076923077,0.755184,39,37,106,0.40634920634920635,0.19047619047619047,0.45396825396825397,1
13,24,116,11994.25,11092.0,26423.25,343,0.10194944283419323,0.09428044437266785,0.2245939192003332,70.97189349112426,19.256944444444443,1.963677913198573,65,63,161,0.5539358600583091,0.49854227405247814,0.5072886297376094,1
13,28,113,11602.0,10431.5,26722.5,415,0.06736536507475686,0.0605690230802729,0.15516040063869938,68.6508875739645,13.30548469387755,2.0927637246456263,65,64,161,0.4987951807228916,0.472289156626506,0.5180722891566265,1
13,19,107,9089.5,7668.5,16222.5,367,0.0674850952936023,0.05693486476252701,0.12044413426486202,53.78402366863905,21.242382271468145,1.4169359769412175,52,52,131,0.5095367847411444,0.1771117166212534,0.5258855585831063,1
16,29,126,9232.0,7684.5,17861.75,367,0.06854308815122244,0.05705365694303172,0.1326147643831345,36.0625,9.137336504161713,1.125078735197783,47,42,129,0.4223433242506812,0.2016348773841962,0.4332425068119891,1
13,25,140,7234.0,6263.25,8655.75,267,0.1014742807445749,0.08785717291587762,0.12141775028405505,42.80473372781065,10.0212,0.44161989795918366,36,25,92,0.49812734082397003,0.14232209737827714,0.42696629213483145,1
14,21,108,6915.25,5966.75,11594.5,239,0.12106318166698762,0.1044580802156825,0.20298139038182106,35.28188775510204,13.530045351473923,0.9940414951989026,39,32,101,0.5564853556485355,0.37656903765690375,0.7112970711297071,1
15,28,136,5448.25,5921.25,6552.75,275,0.07204297520661157,0.07829752066115703,0.08664793388429752,24.214444444444446,7.552614795918367,0.35427930363321797,33,29,72,0.36,0.4509090909090909,0.36,1
13,28,109,5918.75,4771.25,7896.75,279,0.07603640754872111,0.06129481892575892,0.10144718079161368,35.02218934911242,6.08577806122449,0.6646536486827708,30,21,90,0.1827956989247312,0.2078853046594982,0.41935483870967744,1
15,24,141,5119.5,4463.5,5595.5,263,0.07401437059954603,0.06453035319290433,0.08089606615680435,22.753333333333334,7.749131944444445,0.28144962527035866,28,26,77,0.35361216730038025,0.17870722433460076,0.3193916349809886,1
13,27,115,7705.25,7820.75,13338.75,331,0.07032840152974142,0.07138260877502031,0.12174724582652587,45.59319526627219,10.728052126200275,1.008601134215501,47,46,116,0.5226586102719033,0.486404833836858,0.3685800604229607,1
13,24,125,6879.5,7289.5,12877.0,271,0.09367383341730097,0.09925654607099577,0.17533802644299507,40.70710059171598,12.655381944444445,0.824128,36,32,107,0.3800738007380074,0.3173431734317343,0.5535055350553506,1
14,24,148,5570.5,6649.5,7741.5,267,0.07813968494438132,0.09327525985776207,0.10859319109540042,28.42091836734694,11.544270833333334,0.35342859751643535,41,34,80,0.352059925093633,0.23595505617977527,0.42696629213483145,1
13,27,99,8289.5,6442.5,12849.25,275,0.10961322314049587,0.0851900826446281,0.16990743801652894,49.05029585798817,8.837448559670781,1.3110141822263035,38,30,112,0.44,0.3236363636363636,0.52,1
15,27,126,10538.0,10835.25,28911.75,343,0.08957152206988585,0.0920981053812612,0.2457458201939668,46.83555555555556,14.863168724279836,1.8210978835978835,75,61,162,0.3673469387755102,0.3673469387755102,0.7201166180758017,1
13,29,111,7838.25,8779.0,12185.75,327,0.07330331341357349,0.08210120734319035,0.11396113308831093,46.3801775147929,10.438763376932224,0.9890228065903741,59,39,108,0.47706422018348627,0.38837920489296635,0.4434250764525994,1
13,23,120,7305.0,8209.0,13409.5,287,0.08868627760443856,0.09966128033604876,0.16279789726717575,43.22485207100592,15.517958412098299,0.9312152777777778,44,34,107,0.313588850174216,0.3554006968641115,0.5609756097560976,1
13,25,110,5848.0,5983.0,9697.5,295,0.06719908072392991,0.06875035909221489,0.11143349612180407,34.603550295857985,9.5728,0.8014462809917355,31,29,94,0.4576271186440678,0.24745762711864408,0.4,1
14,24,137,6865.5,6319.0,9632.0,259,0.10234641701823169,0.09419954979800539,0.1435876030470625,35.0280612244898,10.97048611111111,0.5131866375406255,49,31,92,0.5791505791505791,0.21235521235521235,0.5019305019305019,1
13,24,138,7113.5,7029.5,9018.0,283,0.08881993781917617,0.08777110464608123,0.11259973279726304,42.09171597633136,12.203993055555555,0.4735349716446125,44,29,89,0.5265017667844523,0.392226148409894,0.3745583038869258,1
15,28,139,6158.5,6135.0,7533.0,251,0.09775241662830748,0.09737940667608451,0.11956953064237076,27.371111111111112,7.825255102040816,0.38988665182961546,33,31,80,0.5537848605577689,0.41434262948207173,0.5139442231075697,1
13,25,139,7581.75,6846.5,11518.75,319,0.07450545886931143,0.06728019575279331,0.1131941510008746,44.862426035502956,10.9544,0.5961777340717355,38,30,104,0.28213166144200624,0.19435736677115986,0.438871473354232,1
14,19,101,6110.5,6572.0,12425.75,279,0.07849976233604399,0.08442851453604142,0.15962988656363614,31.176020408163264,18.20498614958449,1.2180913635918047,36,38,104,0.43010752688172044,0.35842293906810035,0.46236559139784944,1
14,25,112,5938.5,5381.5,8620.5,335,0.052916016930274,0.04795277344620183,0.0768144352862553,30.2984693877551,8.6104,0.6872209821428571,36,27,89,0.36716417910447763,0.23582089552238805,0.34328358208955223,1
13,27,100,7251.5,6669.0,11142.5,283,0.0905430208892607,0.08326986227821548,0.13912647180012236,42.90828402366864,9.148148148148149,1.11425,38,33,101,0.43462897526501765,0.3498233215547703,0.4840989399293286,1
15,23,96,7166.5,6000.5,10870.0,327,0.06702110746383114,0.05611667555106659,0.10165623918675008,31.851111111111113,11.343100189035917,1.1794704861111112,40,30,99,0.41590214067278286,0.28440366972477066,0.42507645259938837,1
13,25,93,4913.75,5132.75,6322.25,295,0.056463659867854066,0.05898017810973858,0.07264866417696064,29.075443786982248,8.2124,0.7309804601688057,32,27,72,0.10847457627118644,0.14576271186440679,0.4576271186440678,1
14,25,85,6524.0,5434.0,5483.5,271,0.08883321305537778,0.07399136721994526,0.07466537765008646,33.285714285714285,8.6944,0.758961937716263,38,31,69,0.3800738007380074,0.24354243542435425,0.25830258302583026,1
13,16,87,6524.75,5423.25,9041.25,295,0.0749755817293881,0.06231829933927033,0.10389255960930767,38.607988165680474,21.1845703125,1.194510503369005,30,31,82,0.1016949152542373,0.12203389830508475,0.43050847457627117,1
14,26,107,5581.0,6408.75,5495.5,315,0.05624590576971529,0.0645880574452003,0.05538422776518015,28.474489795918366,9.480399408284024,0.47999825312254346,52,37,60,0.3968253968253968,0.19047619047619047,0.3396825396825397,1
13,24,113,8014.0,6504.0,10480.0,351,0.06504817331028158,0.05279177928750578,0.08506424460840416,47.42011834319526,11.291666666666666,0.8207377241757381,30,28,97,0.3190883190883191,0.15954415954415954,0.3504273504273504,1
15,27,109,6453.0,6578.75,7465.0,343,0.0548495949816828,0.0559184523455363,0.06345145305102466,28.68,9.02434842249657,0.6283141149734871,40,28,81,0.3877551020408163,0.3177842565597668,0.37026239067055394,1
13,21,144,7003.0,6738.5,8294.5,255,0.10769703960015378,0.10362937331795463,0.1275586312956555,41.437869822485204,15.280045351473923,0.4000048225308642,31,33,92,0.4980392156862745,0.396078431372549,0.396078431372549,1
14,19,99,7143.5,5349.0,11131.0,287,0.08672558851024051,0.06493947965860943,0.1351357913778242,36.44642857142857,14.817174515235457,1.1357004387307417,42,22,96,0.5017421602787456,0.3205574912891986,0.3902439024390244,1
14,26,134,5358.0,5646.5,7875.75,303,0.05836029147469202,0.06150268492195754,0.08578407345685063,27.336734693877553,8.352810650887575,0.43861383381599467,36,30,79,0.429042904290429,0.2871287128712871,0.2607260726072607,1
13,28,78,7890.5,7602.0,8515.0,311,0.0815800084779934,0.07859720226217677,0.08803672418606094,46.68934911242604,9.696428571428571,1.3995726495726495,39,22,85,0.33440514469453375,0.17041800643086816,0.44694533762057875,1
15,20,94,6470.0,6810.5,9937.5,347,0.05373352490262356,0.056561386607313406,0.08253120613907598,28.755555555555556,17.02625,1.124660479855138,35,45,90,0.38328530259365995,0.43804034582132567,0.38328530259365995,1
13,22,109,6948.0,6884.0,4762.0,279,0.0892588738582495,0.08843668503744813,0.06117598694775247,41.112426035502956,14.223140495867769,0.4008080127935359,45,32,63,0.45878136200716846,0.17204301075268819,0.3727598566308244,1
13,25,79,7642.0,6843.0,7226.5,267,0.10719746384435186,0.09598956360728864,0.10136907517288782,45.218934911242606,10.9488,1.1579073866367569,40,28,79,0.4307116104868914,0.4419475655430712,0.4756554307116105,1
13,28,102,8171.0,6140.0,6870.5,331,0.07457945801882057,0.0560418397057347,0.06270935825704402,48.349112426035504,7.831632653061225,0.6603710111495579,38,30,88,0.4501510574018127,0.2628398791540785,0.3957703927492447,1
14,28,98,7240.0,6398.0,8111.5,307,0.07681779117019809,0.06788400937940986,0.08606457362942843,36.93877551020408,8.160714285714286,0.8445960016659725,6,7,89,0.019543973941368076,0.03257328990228013,0.42671009771986973,1
17,21,91,7382.0,7491.5,11657.0,411,0.04370090160489223,0.04434913361867382,0.06900858981417349,25.54325259515571,16.9875283446712,1.407680231856056,36,23,104,0.29927007299270075,0.0948905109489051,0.3357664233576642,1
14,28,117,5970.5,6150.25,9020.25,359,0.04632568027870671,0.0477203777127738,0.06998898208424827,30.461734693877553,7.844706632653061,0.6589414858645628,45,2,92,0.2618384401114206,0.005571030640668524,0.3565459610027855,1
13,21,141,7217.5,5155.0,7075.0,287,0.08762398475154488,0.06258422464762228,0.08589396496254659,42.70710059171598,11.689342403628117,0.3558674110960213,35,29,80,0.3344947735191638,0.27526132404181186,0.39372822299651566,1
12,16,97,5813.5,5541.75,6450.5,239,0.10177517900596979,0.09701773428336338,0.11292694455629278,40.37152777777778,21.6474609375,0.6855670103092784,40,37,75,0.4769874476987448,0.4309623430962343,0.4560669456066946,1
13,23,141,5322.0,5561.5,5154.5,261,0.07812568811379751,0.08164149087652853,0.07566682814403781,31.49112426035503,10.513232514177695,0.25926764247271267,32,22,71,0.4827586206896552,0.26053639846743293,0.4559386973180077,1
13,25,98,4914.5,4323.0,6279.5,243,0.08322748903453064,0.07321038459584413,0.10634388389303799,29.079881656804734,6.9168,0.6538421491045397,34,31,74,0.40329218106995884,0.45267489711934156,0.4732510288065844,1
17,29,123,6787.0,6707.0,8138.5,319,0.06669549237920225,0.0659093365827773,0.07997661186505636,23.484429065743946,7.975029726516052,0.537940379403794,33,28,81,0.3448275862068966,0.2507836990595611,0.335423197492163,1
13,20,97,6632.0,5577.0,5864.0,271,0.09030378126659495,0.0759385084625754,0.07984640732016177,39.24260355029586,13.9425,0.6232330747156978,31,31,68,0.3837638376383764,0.3726937269372694,0.33210332103321033,1
14,26,133,6705.5,5772.0,7717.5,343,0.05699580956914211,0.04906119049035691,0.06559766763848396,34.21173469387755,8.538461538461538,0.4362880886426593,28,27,78,0.3294460641399417,0.3177842565597668,0.3819241982507289,1
13,28,95,6262.0,5834.0,6856.5,275,0.08280330578512397,0.07714380165289256,0.09066446280991736,37.053254437869825,7.441326530612245,0.7597229916897507,30,34,78,0.3927272727272727,0.39636363636363636,0.44363636363636366,1
13,23,79,5479.5,6193.5,9238.0,351,0.044476100031655585,0.0502715075364648,0.07498315760424022,32.42307692307692,11.707939508506616,1.4802115045665758,33,30,88,0.22792022792022792,0.358974358974359,0.4188034188034188,1
17,25,107,6421.75,5255.5,7692.25,287,0.07796319003508602,0.0638043438672316,0.09338768225910234,22.220588235294116,8.4088,0.6718709057559612,33,24,80,0.4076655052264808,0.156794425087108,0.28222996515679444,1
13,25,96,7012.25,6767.75,8180.25,279,0.09008427435413215,0.08694325612466439,0.10508922033375727,41.49260355029586,10.8284,0.8876139322916666,30,28,82,0.3225806451612903,0.24372759856630824,0.2939068100358423,1
14,25,97,6913.5,6777.0,11432.0,327,0.06465505148275959,0.06337850349297197,0.1069120631447035,35.27295918367347,10.8432,1.2150069082793071,41,40,98,0.45871559633027525,0.37920489296636084,0.4831804281345566,1
13,26,110,5653.0,5622.5,6764.5,287,0.06863018854180578,0.06825990360451141,0.08212434289599242,33.44970414201183,8.317307692307692,0.5590495867768595,27,37,74,0.3205574912891986,0.2787456445993031,0.3240418118466899,1
14,24,104,6307.5,7159.0,8332.0,295,0.07247917265153692,0.08226371732260844,0.09574260270037345,32.18112244897959,12.428819444444445,0.7703402366863905,36,37,84,0.2745762711864407,0.12542372881355932,0.39322033898305087,1
13,27,99,7068.0,6697.5,7501.5,295,0.0812180407928756,0.07696064349324906,0.08619936799770181,41.82248520710059,9.187242798353909,0.7653810835629018,38,33,79,0.46440677966101696,0.376271186440678,0.30847457627118646,1
17,24,93,4950.5,4700.0,7254.0,247,0.08114376567391696,0.07703781409300267,0.11890049009162583,17.129757785467127,8.159722222222221,0.8387096774193549,26,20,80,0.2631578947368421,0.22267206477732793,0.42105263157894735,1
13,27,98,3824.0,5454.0,4618.5,299,0.042773570765427676,0.061006029015335396,0.05166049596760663,22.62721893491124,7.481481481481482,0.480893377759267,34,38,59,0.2408026755852843,0.30434782608695654,0.31438127090301005,1
13,28,71,6453.0,6115.75,6009.5,311,0.06671767248064019,0.0632308392179568,0.062132318731195915,38.18343195266272,7.800701530612245,1.1921245784566554,32,36,71,0.2379421221864952,0.2315112540192926,0.40192926045016075,1
14,26,110,6181.5,4722.5,8479.5,363,0.04691164082599094,0.03583923381068385,0.06435125105297908,31.538265306122447,6.9859467455621305,0.7007851239669421,32,25,82,0.3333333333333333,0.21763085399449036,0.23140495867768596,1
14,21,89,4685.0,4301.25,6625.75,263,0.06773265480200667,0.06218464919255736,0.09579074440862236,23.903061224489797,9.753401360544217,0.8364789799267769,29,25,71,0.17870722433460076,0.33840304182509506,0.3231939163498099,1
18,28,81,3956.5,3395.0,7202.5,315,0.03987402368354749,0.03421516754850088,0.0725875535399345,12.21141975308642,4.330357142857143,1.0977747294619722,24,35,74,0.24444444444444444,0.17142857142857143,0.30793650793650795,1
15,26,96,5686.25,5447.75,5098.5,255,0.08744713571703192,0.08377931564782776,0.0784083044982699,25.272222222222222,8.058801775147929,0.55322265625,40,33,56,0.3254901960784314,0.32941176470588235,0.403921568627451,1
22,29,107,5377.5,4649.5,5784.5,235,0.09737437754640109,0.0841919420552286,0.10474422815753735,11.110537190082646,5.528537455410226,0.5052406323696392,38,19,67,0.502127659574468,0.08085106382978724,0.2936170212765957,1
13,23,100,5106.75,5336.75,6685.5,279,0.06560488688480363,0.06855962795955858,0.08588661502293136,30.217455621301774,10.088374291115311,0.66855,37,27,73,0.3763440860215054,0.3046594982078853,0.34767025089605735,1
16,27,133,5467.5,5197.0,6125.5,255,0.08408304498269896,0.07992310649750096,0.09420222991157247,21.357421875,7.128943758573389,0.34628865396574143,23,31,62,0.30196078431372547,0.22745098039215686,0.45098039215686275,1
13,26,85,5752.0,4816.5,7678.5,307,0.06102982525013528,0.05110399049326783,0.08147036042822736,34.03550295857988,7.125,1.0627681660899655,42,33,77,0.3550488599348534,0.25732899022801303,0.36482084690553745,1
21,28,83,6729.0,5640.75,9311.25,303,0.07329346796065746,0.061440054896578764,0.10141979544489102,15.258503401360544,7.1948341836734695,1.3516112643344462,27,34,86,0.3465346534653465,0.27722772277227725,0.429042904290429,1
13,20,76,7473.5,6628.0,10424.0,275,0.09882314049586777,0.08764297520661157,0.13783801652892563,44.22189349112426,16.57,1.8047091412742382,33,39,97,0.44,0.33090909090909093,0.36,1
16,24,91,4741.0,4836.5,6240.0,247,0.07770984608828206,0.07927518890655477,0.10227999147666737,18.51953125,8.39670138888889,0.7535321821036107,18,35,75,0.0728744939271255,0.4493927125506073,0.32793522267206476,1
14,19,133,6947.0,6622.25,10300.25,259,0.10356136610962866,0.09872020393255915,0.1535494402289769,35.44387755102041,18.344182825484765,0.5822969076827407,32,34,94,0.4594594594594595,0.4362934362934363,0.555984555984556,1
14,27,128,6414.5,5686.5,8231.0,287,0.07787517148441768,0.06903689494834221,0.09992837111049059,32.72704081632653,7.800411522633745,0.50238037109375,35,37,84,0.313588850174216,0.41114982578397213,0.39372822299651566,1
19,26,95,5084.0,5071.25,10899.25,283,0.0634793791906504,0.06332018129830563,0.13608922573636828,14.083102493074792,7.501849112426036,1.2076731301939059,36,33,101,0.2862190812720848,0.28975265017667845,0.392226148409894,1
13,23,79,5027.75,5507.5,9046.5,315,0.05067019400352734,0.055505165028974554,0.09117157974300831,29.75,10.411153119092628,1.4495273193398495,32,32,91,0.21904761904761905,0.24444444444444444,0.3142857142857143,1
13,24,132,5201.5,4824.5,5482.0,283,0.06494649702206295,0.06023923385233927,0.06844885065364782,30.77810650887574,8.375868055555555,0.314623507805326,30,26,66,0.3462897526501767,0.31448763250883394,0.4275618374558304,1
14,23,109,5298.0,4404.0,8588.5,287,0.06432031468149425,0.05346671684735762,0.10426859619517051,27.03061224489796,8.325141776937619,0.7228768622169851,37,33,92,0.5400696864111498,0.18466898954703834,0.3867595818815331,1
21,26,143,6330.25,4984.0,10409.5,339,0.055083492138077464,0.04336892299927776,0.09057961556199476,14.354308390022675,7.372781065088757,0.5090468971587853,25,26,99,0.27728613569321536,0.20353982300884957,0.29793510324483774,1
13,21,146,7780.5,5302.25,12530.75,375,0.055328,0.03770488888888889,0.08910755555555555,46.03846153846154,12.023242630385488,0.5878565396884969,41,33,112,0.30666666666666664,0.23466666666666666,0.2986666666666667,1
18,26,113,8659.5,8110.5,17106.5,351,0.07028757883458737,0.06583144617332652,0.13885033400702917,26.72685185185185,11.997781065088757,1.339689873913384,50,47,136,0.150997150997151,0.39316239316239315,0.5498575498575499,1
21,28,104,5376.0,5525.0,10913.0,255,0.08267589388696656,0.08496732026143791,0.16782775855440216,12.19047619047619,7.04719387755102,1.0089681952662721,27,28,103,0.3803921568627451,0.22745098039215686,0.5372549019607843,1
17,25,159,6677.0,6375.0,8949.0,323,0.06399946323649225,0.06110477431970018,0.08577672555090148,23.103806228373703,10.2,0.3539812507416637,38,28,96,0.4179566563467492,0.2260061919504644,0.3281733746130031,1
13,26,143,6705.75,5143.75,6570.0,291,0.07918836574910547,0.06074266954806863,0.077585290679137,39.678994082840234,7.609097633136095,0.3212871045038877,48,33,83,0.281786941580756,0.22336769759450173,0.5154639175257731,1
13,27,94,6441.75,5412.25,8870.25,263,0.09313059318480822,0.07824675794069598,0.1282402521360725,38.116863905325445,7.424211248285323,1.003876188320507,37,21,95,0.5019011406844106,0.155893536121673,0.5931558935361216,1
15,19,112,5358.5,5489.0,5784.75,307,0.05685471463888211,0.05823934471453278,0.06137730904306677,23.815555555555555,15.204986149584487,0.46115672831632654,22,32,71,0.13680781758957655,0.3583061889250814,0.3713355048859935,1
16,31,127,4418.25,5475.75,4594.0,271,0.06016053702972454,0.0745598507645593,0.06255361446603395,17.2587890625,5.697970863683663,0.2848285696571393,31,18,65,0.1918819188191882,0.13284132841328414,0.2878228782287823,1
18,29,76,5465.5,4964.5,9643.25,303,0.059531200644816956,0.05407421930311843,0.10503599864936988,16.868827160493826,5.903091557669441,1.6695377423822715,29,24,104,0.31683168316831684,0.13861386138613863,0.5478547854785478,1
13,23,94,5804.5,6735.0,10870.75,359,0.04503767040913711,0.052257508864766725,0.08434718849170941,34.34615384615385,12.73156899810964,1.230279538252603,26,39,107,0.20055710306406685,0.37047353760445684,0.4178272980501393,1
13,25,110,4946.5,4992.5,6933.0,279,0.06354620315771894,0.06413715137266993,0.08906617335337419,29.26923076923077,7.988,0.5729752066115702,28,25,85,0.4050179211469534,0.1971326164874552,0.48028673835125446,1
13,24,59,7506.0,8630.0,18656.5,335,0.06688349298284696,0.07689908665627089,0.16624192470483404,44.414201183431956,14.98263888888889,5.359523125538638,45,42,144,0.35522388059701493,0.2955223880597015,0.6716417910447762,1
15,18,96,8474.0,7694.0,16888.0,391,0.05542873215115024,0.050326724707452204,0.11046500219124679,37.66222222222222,23.746913580246915,1.8324652777777777,50,47,136,0.3069053708439898,0.28388746803069054,0.3657289002557545,1
13,22,94,9727.5,8052.75,14481.5,319,0.09559163137154705,0.07913395112076335,0.1423089395741001,57.55917159763314,16.637913223140497,1.638920325939339,53,38,124,0.47335423197492166,0.42946708463949845,0.5768025078369906,1
14,23,99,11351.75,10324.25,23589.75,399,0.07130451441887928,0.06485040923109779,0.14817589085495694,57.91709183673469,19.516540642722116,2.406871747780839,50,52,157,0.43107769423558895,0.24310776942355888,0.46616541353383456,1
13,23,124,10927.0,8474.5,17445.0,383,0.07449092979023648,0.05777188473573342,0.11892507277300957,64.65680473372781,16.019848771266542,1.134560353798127,54,51,133,0.3733681462140992,0.46475195822454307,0.46475195822454307,1
12,26,110,7140.5,5977.0,15639.0,311,0.07382574621850477,0.06179630069995141,0.16169187663485696,49.58680555555556,8.841715976331361,1.2924793388429752,38,35,127,0.40836012861736337,0.2990353697749196,0.4758842443729904,1
15,20,73,8386.5,7521.25,14830.25,431,0.04514672078638681,0.04048885395750453,0.07983511070676838,37.27333333333333,18.803125,2.782933008069056,40,40,127,0.33410672853828305,0.31554524361948955,0.35498839907192575,1
13,24,130,8402.5,7622.5,15155.0,295,0.0965527147371445,0.08758977305372019,0.17414536052858373,49.718934911242606,13.233506944444445,0.8967455621301775,46,46,126,0.3694915254237288,0.5254237288135594,0.5322033898305085,1
13,24,82,8277.5,7553.0,16197.0,335,0.07375807529516597,0.06730229449766095,0.14432613054132323,48.9792899408284,13.112847222222221,2.408834027364664,46,42,126,0.1373134328358209,0.29253731343283584,0.5671641791044776,1
13,21,83,6686.0,5745.0,10241.0,359,0.051877313180375695,0.044576004220948005,0.07946089803772473,39.562130177514796,13.02721088435374,1.486572797212948,32,29,101,0.3983286908077994,0.2785515320334262,0.3871866295264624,1
15,27,73,5912.5,6206.25,10830.0,319,0.058101826829531945,0.06098849264452983,0.10642584094102849,26.27777777777778,8.513374485596708,2.0322762244323513,33,30,101,0.3542319749216301,0.22884012539184953,0.34796238244514105,1
15,27,144,7265.0,6237.0,12484.5,259,0.10830190366869903,0.09297714703120108,0.18611082124595638,32.28888888888889,8.555555555555555,0.6020688657407407,38,35,106,0.5212355212355212,0.2625482625482625,0.5173745173745173,1
13,22,97,5443.25,5639.25,8067.5,271,0.07411731866396155,0.07678612763987419,0.1098500837406898,32.2085798816568,11.651342975206612,0.8574237432245723,39,37,85,0.33210332103321033,0.3985239852398524,0.5867158671586716,1
13,23,69,6119.5,5698.0,9018.5,303,0.06665468527050725,0.06206363210578483,0.09823111023973685,36.210059171597635,10.771266540642722,1.894244906532241,31,31,95,0.31353135313531355,0.3201320132013201,0.36303630363036304,1
13,23,91,7130.0,6266.5,11708.5,327,0.06667975946656192,0.058604307531165536,0.10949789112401687,42.18934911242604,11.84593572778828,1.413899287525661,30,41,106,0.2691131498470948,0.38837920489296635,0.4740061162079511,1
14,26,88,5892.75,5034.0,10441.25,283,0.07357752000899,0.06285507373047484,0.1303705877211602,30.065051020408163,7.446745562130178,1.3483019111570247,42,35,100,0.2508833922261484,0.4028268551236749,0.5017667844522968,1
13,28,73,9166.5,10033.5,18915.5,351,0.07440280517203594,0.08144008571358999,0.15353365638265923,54.239644970414204,12.797831632653061,3.5495402514543066,51,50,141,0.5356125356125356,0.47293447293447294,0.5925925925925926,1
15,22,92,10765.0,8886.5,20879.5,295,0.12370008618213157,0.10211433496121804,0.2399253088193048,47.84444444444444,18.360537190082646,2.4668596408317582,60,54,151,0.6067796610169491,0.33559322033898303,0.6677966101694915,1
13,25,85,10364.5,10668.0,23141.0,395,0.06642845697804839,0.06837365806761737,0.14831597500400576,61.328402366863905,17.0688,3.2029065743944636,60,60,153,0.3518987341772152,0.1518987341772152,0.47341772151898737,1
13,22,72,8816.5,9213.0,22307.0,311,0.09115393761437537,0.09525335759555836,0.2306324376298839,52.16863905325444,19.035123966942148,4.303047839506172,56,54,148,0.5176848874598071,0.1864951768488746,0.6109324758842444,1
11,22,91,11198.0,12009.0,24164.5,311,0.11577630504233827,0.12416124729893198,0.24983716049255072,92.54545454545455,24.81198347107438,2.918065451032484,53,53,158,0.5980707395498392,0.45980707395498394,0.6237942122186495,1
13,26,90,8444.0,8492.0,20969.5,311,0.08730265402549602,0.08779892681010329,0.21680400326712918,49.96449704142012,12.562130177514794,2.5888271604938273,43,43,146,0.48231511254019294,0.5016077170418006,0.6495176848874598,1
17,25,81,6754.5,7216.0,11415.5,343,0.0574123026970055,0.06133498797269845,0.09703014900254146,23.3719723183391,11.5456,1.7399024538942234,41,38,110,0.40816326530612246,0.40816326530612246,0.40816326530612246,1
13,23,73,6639.5,7520.0,11320.0,311,0.06864589902916636,0.07774940292180602,0.11703766503654842,39.28698224852071,14.215500945179585,2.1242259335710263,40,29,105,0.2797427652733119,0.22508038585209003,0.5594855305466238,1
15,27,78,5352.0,7405.0,7383.5,287,0.0649759011278515,0.0899003265791742,0.08963930604960604,23.786666666666665,10.157750342935529,1.2135930309007232,34,31,89,0.47038327526132406,0.10801393728222997,0.4146341463414634,1
18,22,85,7457.5,7434.5,12907.5,351,0.06053116451976851,0.0603444777233951,0.10476781844303212,23.016975308641975,15.360537190082646,1.7865051903114186,42,46,98,0.31054131054131057,0.31339031339031337,0.5726495726495726,1
17,20,95,5551.0,6301.5,7188.0,275,0.07340165289256198,0.08332561983471075,0.09504793388429753,19.207612456747405,15.75375,0.7964542936288088,31,31,82,0.32727272727272727,0.11272727272727273,0.5054545454545455,1
14,26,85,8993.5,8062.0,14714.0,359,0.06978142627695316,0.06255382872572372,0.11416733265570565,45.88520408163265,11.92603550295858,2.0365397923875435,42,36,126,0.3147632311977716,0.3286908077994429,0.403899721448468,1
13,23,99,7518.5,7185.75,17478.25,303,0.0818928427496215,0.07826847041139758,0.19037621583940573,44.48816568047337,13.583648393194707,1.7833129272523212,55,49,131,0.5676567656765676,0.47854785478547857,0.5544554455445545,1
12,17,90,8486.0,7200.0,14838.5,307,0.09003809058982058,0.0763933834841749,0.15743933622637907,58.93055555555556,24.913494809688583,1.8319135802469135,44,39,121,0.504885993485342,0.4527687296416938,0.5863192182410424,1
13,27,105,6892.5,7753.5,16557.5,275,0.0911404958677686,0.10252561983471074,0.21894214876033058,40.78402366863905,10.635802469135802,1.501814058956916,48,50,129,0.2727272727272727,0.26545454545454544,0.49818181818181817,1
15,28,72,8198.5,8926.5,18738.5,303,0.08929952401180712,0.09722902983367644,0.2041030835756843,36.437777777777775,11.385841836734693,3.614679783950617,49,46,138,0.40264026402640263,0.36633663366336633,0.6501650165016502,1
13,17,113,8426.25,7304.5,16915.5,275,0.11142148760330578,0.09658842975206612,0.22367603305785125,49.8594674556213,25.275086505190313,1.3247317722609444,56,53,130,0.509090909090909,0.3563636363636364,0.6072727272727273,1
13,25,128,8107.5,7862.0,9940.5,327,0.07582133939342929,0.07352542341179662,0.09296355525629156,47.97337278106509,12.5792,0.606719970703125,30,1,101,0.09174311926605505,0.0030581039755351682,0.3180428134556575,1
14,20,102,7930.75,6453.5,16587.25,287,0.09628318906384684,0.07834865058456458,0.2013773385618376,40.463010204081634,16.13375,1.5943146866589772,46,42,133,0.3867595818815331,0.1602787456445993,0.6132404181184669,1
13,23,106,6416.0,6493.0,9737.5,287,0.07789338221903871,0.07882819992958516,0.11821801891488302,37.96449704142012,12.274102079395085,0.8666340334638661,37,35,104,0.26480836236933797,0.34146341463414637,0.49477351916376305,1
17,25,105,6872.0,6173.75,11969.5,247,0.11263911881853497,0.10119408611844154,0.19619236506089266,23.77854671280277,9.878,1.0856689342403627,39,38,110,0.4898785425101215,0.5789473684210527,0.44534412955465585,1
12,20,102,7681.75,8128.25,13853.0,287,0.09326020711675509,0.09868093578894972,0.16818220447012833,53.345486111111114,20.320625,1.3315071126489813,47,43,118,0.3693379790940767,0.3693379790940767,0.5261324041811847,1
13,23,107,8556.5,6133.0,12299.0,315,0.08623330813807004,0.061809019904258,0.12395061728395061,50.6301775147929,11.593572778827978,1.074242291903223,37,36,114,0.4507936507936508,0.4126984126984127,0.4984126984126984,1
14,21,95,7404.0,11626.5,12842.0,299,0.08281786557197347,0.1300488808850013,0.14364492567197235,37.775510204081634,26.36394557823129,1.4229362880886427,50,44,119,0.5083612040133779,0.35451505016722407,0.6622073578595318,1
12,28,83,7993.5,9560.5,14862.5,391,0.05228576474512856,0.06253556687881424,0.09721613542559246,55.510416666666664,12.19451530612245,2.157424880243867,58,39,127,0.43478260869565216,0.2506393861892583,0.4219948849104859,1
17,23,125,6389.0,6231.25,11128.75,267,0.08962111966783094,0.08740829581001276,0.15610753412167375,22.10726643598616,11.77930056710775,0.71224,30,31,106,0.20599250936329588,0.24344569288389514,0.41947565543071164,1
13,24,119,6760.5,7226.25,11524.0,287,0.082075780937003,0.08773021403683424,0.13990700384853524,40.00295857988166,12.545572916666666,0.8137843372643175,43,44,111,0.37630662020905925,0.5156794425087108,0.4738675958188153,1
14,23,150,8270.5,7293.0,15380.5,319,0.08127376892915754,0.0716679277915901,0.15114336533642556,42.19642857142857,13.786389413988658,0.6835777777777777,47,43,122,0.5015673981191222,0.2884012539184953,0.45141065830721006,1
13,28,93,8179.5,7150.5,11680.5,303,0.08909257262359899,0.07788452112537987,0.12722608894552823,48.39940828402367,9.120535714285714,1.3505029483177247,37,35,109,0.2871287128712871,0.4158415841584158,0.48514851485148514,1
14,27,132,7858.0,7996.25,11441.0,347,0.06526090242423739,0.0664090724115307,0.09501781428298549,40.09183673469388,10.968792866941016,0.6566230486685032,43,43,114,0.2276657060518732,0.43515850144092216,0.4409221902017291,1
13,27,106,8130.0,8144.5,15661.5,335,0.07244375139229227,0.07257295611494766,0.13955446647360215,48.10650887573964,11.172153635116597,1.3938679245283019,47,47,128,0.3283582089552239,0.43582089552238806,0.5462686567164179,1
17,25,127,7418.0,9429.0,15149.0,335,0.06609935397638672,0.08401871240810871,0.13498774782802406,25.66782006920415,15.0864,0.939239878479757,45,44,122,0.33134328358208953,0.3701492537313433,0.4955223880597015,1
14,23,78,7944.5,7322.5,17771.0,327,0.07429696340562429,0.06848001945215984,0.16619439067044486,40.53316326530612,13.842155009451796,2.9209401709401708,49,46,134,0.2782874617737003,0.39143730886850153,0.4954128440366973,1
13,17,98,8517.5,7484.5,14497.5,307,0.09037231164256385,0.07941198315101486,0.15382126070303134,50.39940828402367,25.897923875432525,1.5095272802998752,36,36,123,0.4755700325732899,0.3713355048859935,0.5309446254071661,1
15,23,89,7282.25,6668.75,13717.0,295,0.08367997701809825,0.07663027865555874,0.1576213731686297,32.36555555555555,12.60633270321361,1.7317257921979547,45,42,119,0.37966101694915255,0.3288135593220339,0.4067796610169492,1
21,32,168,7681.0,6680.5,11242.5,319,0.07548078340425114,0.06564892247521152,0.11047945676634467,17.417233560090704,6.52392578125,0.3983312074829932,27,37,108,0.23824451410658307,0.19435736677115986,0.36363636363636365,1
15,22,112,6383.75,7758.0,14143.0,283,0.07970819962791395,0.09686723520083906,0.1765910424652574,28.372222222222224,16.02892561983471,1.1274713010204083,46,30,121,0.3321554770318021,0.34275618374558303,0.6183745583038869,1
18,27,128,6441.5,6359.5,10268.0,299,0.07205176675876108,0.07113455106766144,0.1148533014172101,19.881172839506174,8.723593964334706,0.626708984375,30,35,104,0.34448160535117056,0.11705685618729098,0.4882943143812709,1
16,26,125,7831.0,7053.0,11355.0,299,0.08759409850001677,0.07889173499177861,0.12701200210288477,30.58984375,10.433431952662723,0.72672,44,43,108,0.5284280936454849,0.35785953177257523,0.5284280936454849,1
13,24,112,8255.5,9369.5,16621.0,359,0.0640552137242883,0.0726988462224843,0.12896392796455644,48.849112426035504,16.266493055555557,1.325015943877551,49,46,128,0.42896935933147634,0.30362116991643456,0.41225626740947074,1
19,20,74,6531.0,6555.0,13068.0,271,0.08892852766166039,0.08925532059748642,0.17793875355727726,18.09141274238227,16.3875,2.3864134404674946,17,30,116,0.06273062730627306,0.2693726937269373,0.6088560885608856,1
17,24,79,7542.0,7349.5,12990.5,327,0.07053278343573774,0.06873252345013982,0.12148715502810276,26.096885813148788,12.75954861111111,2.081477327351386,42,41,108,0.3547400611620795,0.39143730886850153,0.4617737003058104,1
15,24,80,5840.5,5672.0,7845.5,335,0.05204277121853419,0.0505413232345734,0.06990866562708843,25.95777777777778,9.847222222222221,1.225859375,38,25,82,0.32238805970149254,0.20298507462686566,0.3044776119402985,1
