SrcIPF0,DstIPF0,DstPortF0,SrcIPF2,DstIPF2,DstPortF2,Events_F1,SrcIP_BurstIndex,DstIP_BurstIndex,DstPort_BurstIndex,SrcIP_Concentration,DstIP_Concentration,DstPort_Concentration,SrcIP_MaxCount,DstIP_MaxCount,DstPort_MaxCount,SrcIP_FractionOfMass,DstIP_FractionOfMass,DstPort_FractionOfMass,Attack
14,24,16,958.5,830.0,4618.5,95,0.10620498614958448,0.09196675900277008,0.5117451523545706,4.89030612244898,1.4409722222222223,18.041015625,14,12,67,0.4421052631578947,0.35789473684210527,0.9157894736842105,1
14,24,14,809.75,783.25,4387.25,95,0.08972299168975069,0.08678670360110803,0.4861218836565097,4.1313775510204085,1.3598090277777777,22.383928571428573,12,0,65,0.3157894736842105,0.0,0.8842105263157894,1
14,26,25,31276.5,27460.0,108809.0,495,0.12764615855524947,0.11207019691868177,0.4440730537700235,159.57397959183675,40.62130177514793,174.0944,72,66,299,0.501010101010101,0.402020202020202,0.9333333333333333,0
13,24,143,88379.5,79272.0,206965.0,735,0.16359757508445555,0.14673885880882964,0.3831088898144292,522.9556213017752,137.625,10.121032813340506,98,98,425,0.3469387755102041,0.3673469387755102,0.8530612244897959,0
14,25,78,24891.75,21210.75,37126.5,423,0.1391152356521302,0.11854282983753332,0.2074929161846319,126.99872448979592,33.9372,6.102317554240631,58,70,158,0.14420803782505912,0.16784869976359337,0.6832151300236406,0
14,20,80,7592.5,6789.0,4089.0,231,0.14228556436348644,0.12722775060437397,0.07662899870692079,38.73724489795919,16.9725,0.63890625,33,39,50,0.43722943722943725,0.5411255411255411,0.2683982683982684,0
14,24,102,8669.0,7869.0,3947.5,255,0.13331795463283352,0.12101499423298731,0.06070742022299116,44.22959183673469,13.661458333333334,0.3794213763936947,39,45,49,0.5568627450980392,0.4666666666666667,0.27450980392156865,0
14,20,89,8534.75,5758.75,4104.75,267,0.11972043372750354,0.08078034479372695,0.05757900938433699,43.544642857142854,14.396875,0.518211084459033,40,34,43,0.40823970037453183,0.2397003745318352,0.1647940074906367,0
14,26,82,6554.0,4972.25,4151.25,227,0.1271905140794504,0.09649420714549088,0.08056143142696345,33.43877551020408,7.355399408284024,0.6173780487804879,35,30,48,0.4977973568281938,0.21585903083700442,0.45374449339207046,0
13,19,120,6756.0,6151.0,4856.0,239,0.11827524027940688,0.10768368901104673,0.0850125172878626,39.976331360946745,17.0387811634349,0.3372222222222222,36,39,47,0.4309623430962343,0.3723849372384937,0.5188284518828452,0
12,19,79,7702.5,6728.0,4350.0,239,0.13484532833808932,0.11778505278268937,0.07615412895432502,53.489583333333336,18.63711911357341,0.6970036853068419,40,38,48,0.41841004184100417,0.5313807531380753,0.2301255230125523,0
16,19,127,5660.5,5762.5,3506.0,227,0.10985076364765473,0.11183023152011488,0.06803935647887598,22.111328125,15.962603878116344,0.2173724347448695,48,36,33,0.5859030837004405,0.6079295154185022,0.34801762114537443,0
14,19,119,6819.0,5402.25,2958.75,255,0.10486735870818915,0.0830795847750865,0.04550173010380623,34.79081632653061,14.964681440443213,0.2089365157827837,36,35,20,0.5058823529411764,0.36470588235294116,0.2,0
14,19,77,7029.75,6215.75,3480.25,275,0.09295537190082645,0.08219173553719009,0.0460198347107438,35.86607142857143,17.21814404432133,0.5869876876370382,39,28,25,0.3381818181818182,0.27636363636363637,0.09090909090909091,0
14,18,114,5722.75,5093.75,4831.75,263,0.08273576313088234,0.07364209400164813,0.06985426997643453,29.197704081632654,15.721450617283951,0.3717874730686365,19,19,46,0.13307984790874525,0.19391634980988592,0.33460076045627374,0
13,17,77,7215.25,7061.5,7990.0,263,0.10431334846535298,0.10209053188567133,0.11551417542540733,42.69378698224852,24.43425605536332,1.3476134255355035,49,15,70,0.5247148288973384,0.07984790874524715,0.5779467680608364,0
14,25,90,5782.25,4889.0,3201.75,235,0.10470348574015391,0.08852874603893164,0.057976459936622905,29.50127551020408,7.8224,0.3952777777777778,40,31,37,0.41702127659574467,0.3617021276595745,0.1574468085106383,1
14,25,88,7780.25,5063.75,3710.75,323,0.07457418359228978,0.04853636093511871,0.0355677711853847,39.69515306122449,8.102,0.4791774276859504,43,34,46,0.3281733746130031,0.34365325077399383,0.26625386996904027,0
13,22,109,6554.5,5296.5,3337.0,275,0.08667107438016529,0.07003636363636363,0.04412561983471074,38.78402366863905,10.943181818181818,0.2808686137530511,38,33,43,0.3418181818181818,0.37454545454545457,0.28,0
14,21,99,5640.0,4044.5,4077.0,199,0.14242064594328427,0.10213125931163354,0.10295194565793793,28.775510204081634,9.171201814058957,0.41597796143250687,38,29,48,0.4120603015075377,0.5979899497487438,0.507537688442211,1
13,16,84,7030.5,6518.0,2999.0,255,0.1081199538638985,0.10023836985774702,0.04612072279892349,41.60059171597633,25.4609375,0.4250283446712018,42,40,32,0.42745098039215684,0.396078431372549,0.3333333333333333,0
14,22,94,7552.5,6137.5,4162.5,239,0.13221932389138846,0.10744734861084365,0.07287162339594895,38.53316326530612,12.680785123966942,0.47108420099592574,30,25,44,0.38493723849372385,0.2803347280334728,0.3263598326359833,1
13,14,92,6632.5,5666.75,5374.75,243,0.11232196988941388,0.09596690883842232,0.09102186319836068,39.24556213017752,28.911989795918366,0.6350129962192816,42,31,49,0.3868312757201646,0.3868312757201646,0.39094650205761317,1
14,18,98,6584.5,5102.5,3596.75,247,0.10792669933944173,0.08363520136373322,0.058954416561490926,33.59438775510204,15.748456790123457,0.3745054144106622,21,28,37,0.08502024291497975,0.19433198380566802,0.4008097165991903,1
13,18,75,6518.5,6236.0,3734.0,267,0.09143766920562779,0.08747492600541458,0.052378347290605844,38.571005917159766,19.246913580246915,0.6638222222222222,52,28,46,0.1947565543071161,0.3595505617977528,0.31835205992509363,1
14,24,88,5225.0,4223.5,2130.5,199,0.1319411125981667,0.10665134718820232,0.05379914648619984,26.658163265306122,7.332465277777778,0.27511621900826444,32,29,32,0.2663316582914573,0.2663316582914573,0.23618090452261306,1
14,27,82,7637.5,6053.5,4465.0,243,0.12934173313688632,0.10251655404833274,0.07561516706464123,38.96683673469388,8.303840877914952,0.6640392623438429,29,35,44,0.46502057613168724,0.411522633744856,0.3045267489711934,1
14,19,101,5997.5,4372.5,3209.75,243,0.10156818913106064,0.07404867144236142,0.05435739809310911,30.599489795918366,12.112188365650969,0.3146505244583864,30,24,34,0.4403292181069959,0.2674897119341564,0.13991769547325103,0
14,23,71,6777.0,5093.0,3849.0,251,0.10756972111553785,0.0808399866668783,0.061094268344946905,34.576530612244895,9.627599243856332,0.7635389803610395,32,36,46,0.36254980079681276,0.5099601593625498,0.4541832669322709,0
12,15,60,5554.25,5563.5,2701.0,207,0.12962379518775233,0.12983966953721207,0.06303531004224136,38.57118055555556,24.726666666666667,0.7502777777777778,44,40,39,0.5603864734299517,0.5555555555555556,0.4975845410628019,0
13,16,88,5413.25,5185.75,2237.25,219,0.11286774671086924,0.10812430933466775,0.04664727591167824,32.031065088757394,20.2568359375,0.2889010847107438,29,35,0,0.5159817351598174,0.5159817351598174,0.0,0
14,20,111,8117.0,5699.25,3109.5,263,0.1173502580635834,0.08239601555610172,0.044955109948098135,41.41326530612245,14.248125,0.25237399561723883,40,31,36,0.34600760456273766,0.3269961977186312,0.39543726235741444,1
15,27,83,6973.25,5144.25,2783.0,271,0.09495036832287142,0.07004602333846216,0.037894364183494234,30.99222222222222,7.056584362139918,0.40397735520394834,34,26,36,0.3985239852398524,0.43911439114391143,0.2952029520295203,1
13,16,125,8102.5,6258.0,3359.5,263,0.11714062658127196,0.090474056296896,0.048569445850019516,47.94378698224852,24.4453125,0.215008,44,26,30,0.42585551330798477,0.27756653992395436,0.12927756653992395,1
13,21,77,5957.75,6305.25,4001.5,231,0.11164989411742658,0.11816214088941361,0.07498922433987369,35.25295857988166,14.297619047619047,0.6749030190588632,28,34,47,0.43722943722943725,0.45021645021645024,0.2813852813852814,1
13,19,82,5791.5,4599.5,3435.0,263,0.0837297055039107,0.06649655192354957,0.049660975292399774,34.26923076923077,12.740997229916898,0.5108566329565735,26,27,48,0.3916349809885932,0.1444866920152091,0.3726235741444867,1
15,19,80,5944.25,4426.0,3695.25,219,0.12393924230103626,0.09228331352557285,0.07704697566773003,26.41888888888889,12.260387811634349,0.5773828125,28,25,41,0.4292237442922374,0.410958904109589,0.45662100456621,1
13,23,101,6050.75,4556.25,3038.25,223,0.12167447565806672,0.09162158901244746,0.06109614108467896,35.803254437869825,8.612948960302457,0.29783844721105773,40,28,41,0.5381165919282511,0.4304932735426009,0.4439461883408072,1
14,19,84,6521.0,5192.5,3145.0,265,0.09285866856532574,0.07394090423638305,0.04478462086151656,33.27040816326531,14.38365650969529,0.4457199546485261,41,28,28,0.23018867924528302,0.4830188679245283,0.33962264150943394,1
15,23,82,6178.5,4201.0,3401.5,251,0.09806987190679513,0.06668148124632943,0.053991206488785894,27.46,7.941398865784499,0.5058744794765021,27,31,43,0.26693227091633465,0.24701195219123506,0.17131474103585656,1
13,19,68,6502.5,5989.0,3446.0,243,0.11012040847431794,0.10142424088468899,0.05835831258785077,38.476331360946745,16.590027700831026,0.745242214532872,42,33,46,0.35390946502057613,0.30864197530864196,0.2757201646090535,1
13,20,86,6788.5,6215.75,3596.75,255,0.10439830834294501,0.09559015763168012,0.055313341022683586,40.16863905325444,15.539375,0.4863101676581936,31,36,46,0.42745098039215684,0.396078431372549,0.2823529411764706,1
14,20,86,6243.0,4809.5,2839.0,275,0.08255206611570248,0.06359669421487603,0.03754049586776859,31.852040816326532,12.02375,0.383856138453218,38,25,35,0.32727272727272727,0.18181818181818182,0.3018181818181818,0
14,19,112,4841.0,4433.5,2228.75,247,0.07934894851579276,0.07266960612368667,0.036531495353144615,24.698979591836736,12.281163434903046,0.1776745854591837,22,0,30,0.3117408906882591,0.0,0.291497975708502,1
15,22,65,6952.0,5898.0,3854.0,283,0.08680343118280913,0.07364307208230843,0.048121464870331754,30.897777777777776,12.185950413223141,0.912189349112426,29,33,42,0.26855123674911663,0.2791519434628975,0.31802120141342755,1
13,23,104,9974.75,7001.5,5597.0,287,0.12109835010744334,0.0850016389661159,0.06795032111595382,59.02218934911242,13.235349716446125,0.5174741124260355,47,22,28,0.34494773519163763,0.13937282229965156,0.18815331010452963,1
13,23,70,7787.5,6018.0,5847.0,311,0.08051508979435697,0.062220200370136786,0.06045222857497338,46.07988165680474,11.376181474480152,1.193265306122449,32,39,43,0.36977491961414793,0.2797427652733119,0.3408360128617363,1
14,16,71,5970.5,5490.0,3717.0,295,0.06860672220626257,0.06308532031025567,0.04271186440677966,30.461734693877553,21.4453125,0.7373536996627653,30,32,44,0.4406779661016949,0.36271186440677966,0.3898305084745763,1
13,17,80,11475.75,8000.25,10592.5,327,0.1073212131414303,0.0748183374014533,0.09906105920751153,67.90384615384616,27.682525951557093,1.655078125,45,51,68,0.290519877675841,0.4617737003058104,0.4923547400611621,1
14,20,84,10349.5,9772.0,12287.5,295,0.11892559609307671,0.11228957196207986,0.14119505889112324,52.80357142857143,24.43,1.7414257369614512,50,13,68,0.3152542372881356,0.04406779661016949,0.4711864406779661,1
15,23,81,8196.0,7017.5,4422.25,267,0.11496864873963725,0.09843734657520796,0.0620327119190899,36.42666666666667,13.265595463137997,0.6740207285474775,43,39,39,0.5580524344569289,0.5168539325842697,0.39325842696629215,1
13,20,77,8137.5,7147.25,7754.25,335,0.07251058142125195,0.0636867899309423,0.06909556694141235,48.150887573964496,17.868125,1.3078512396694215,33,31,48,0.18208955223880596,0.2417910447761194,0.4716417910447761,1
14,17,86,12433.5,9741.25,9195.5,311,0.12855015973780254,0.10071494298032485,0.09507242480950362,63.43622448979592,33.70674740484429,1.2433071930773392,77,45,67,0.5594855305466238,0.2733118971061093,0.38263665594855306,1
15,20,84,9189.5,9750.5,10445.0,319,0.09030473364058922,0.09581765116301923,0.10264246617073339,40.84222222222222,24.37625,1.4803004535147393,44,38,60,0.4482758620689655,0.3103448275862069,0.5454545454545454,1
17,21,80,10767.0,10583.0,11052.5,311,0.11132018899721881,0.1094178099895576,0.11427197816399748,37.2560553633218,23.997732426303855,1.726953125,61,35,60,0.4630225080385852,0.2572347266881029,0.5401929260450161,1
14,20,100,8709.25,8485.5,5277.5,303,0.0948627040921914,0.09242557919158252,0.057483471119389166,44.43494897959184,21.21375,0.52775,44,0,41,0.25412541254125415,0.0,0.2871287128712871,1
14,20,103,10303.5,9573.5,13264.5,343,0.08757830495796819,0.08137340733877892,0.11274638968457021,52.56887755102041,23.93375,1.2503063436704684,48,19,66,0.3498542274052478,0.05539358600583091,0.40816326530612246,1
13,19,121,10447.5,9491.5,12286.5,335,0.09309423034083315,0.08457562931610604,0.10948095344174649,61.819526627218934,26.29224376731302,0.8391844819342941,44,41,66,0.44477611940298506,0.23283582089552238,0.5104477611940299,0
13,24,68,8646.0,6766.5,11657.5,319,0.08496378769862717,0.06649403995636835,0.11455763996029913,51.15976331360947,11.747395833333334,2.5210856401384083,48,32,61,0.329153605015674,0.1786833855799373,0.5141065830721003,1
15,20,96,8563.5,7200.25,7070.75,251,0.13592641386644658,0.11428786844653259,0.1122323455183251,38.06,18.000625,0.7672254774305556,42,41,56,0.4262948207171315,0.4302788844621514,0.40239043824701193,1
14,19,87,12598.5,12836.5,14516.5,351,0.10225972191784158,0.10419152441944465,0.11782777737193692,64.27806122448979,35.55817174515236,1.9178887567710399,42,50,72,0.17663817663817663,0.2535612535612536,0.5213675213675214,1
14,17,91,6722.0,7334.0,7205.0,243,0.11383766024826839,0.12420193398702772,0.12201730765974021,34.295918367346935,25.377162629757784,0.8700640019321338,46,38,51,0.48148148148148145,0.35390946502057613,0.6008230452674898,1
14,30,86,8610.75,7602.75,11412.75,347,0.071512511523225,0.06314104427409911,0.09478319726930712,43.932397959183675,8.4475,1.5430976203353164,40,24,58,0.2219020172910663,0.12103746397694524,0.33429394812680113,0
13,18,82,8058.5,7717.5,9576.5,311,0.08331696322411886,0.07979135865013802,0.09901159003732385,47.68343195266272,23.819444444444443,1.4242266508030934,40,44,55,0.43086816720257237,0.36012861736334406,0.5080385852090032,1
14,30,94,9725.0,7917.0,13434.75,351,0.07893604759701625,0.06426084203861981,0.10904741032946161,49.61734693877551,8.796666666666667,1.5204560887279313,33,44,79,0.32193732193732194,0.301994301994302,0.33048433048433046,0
16,21,83,10296.5,9711.5,14129.0,311,0.10645568180643293,0.1004073572440318,0.14607996195241985,40.220703125,22.021541950113377,2.0509507911162723,48,49,73,0.44694533762057875,0.5755627009646302,0.5980707395498392,1
14,17,98,7226.0,6744.5,7029.5,311,0.07470973211608647,0.06973149574549477,0.07267811540410045,36.86734693877551,23.337370242214533,0.7319346105789254,24,33,46,0.17041800643086816,0.19935691318327975,0.2829581993569132,1
13,17,109,12566.5,8265.5,12950.0,407,0.07586221468285351,0.04989767520480051,0.07817735090462363,74.35798816568047,28.600346020761247,1.0899755912801952,71,48,68,0.4619164619164619,0.11793611793611794,0.457002457002457,0
13,24,98,11440.5,7715.0,11739.0,279,0.1469726750684087,0.09911229300754101,0.1508074151154276,67.69526627218934,13.394097222222221,1.2223032069970845,51,44,72,0.3763440860215054,0.41935483870967744,0.2974910394265233,1
14,16,84,7036.5,6750.0,7077.5,271,0.09581160387249629,0.09191051320107298,0.09636987513786577,35.900510204081634,26.3671875,1.003047052154195,46,27,53,0.5682656826568265,0.16974169741697417,0.33210332103321033,0
15,27,69,9288.5,7842.5,10028.5,275,0.12282314049586777,0.10370247933884298,0.1326082644628099,41.282222222222224,10.757887517146777,2.106385213190506,57,32,65,0.21454545454545454,0.12,0.43636363636363634,1
14,25,78,9680.0,6833.5,9292.5,319,0.09512485136741974,0.06715244543587426,0.09131690922848636,49.38775510204081,10.9336,1.5273668639053255,51,33,57,0.48589341692789967,0.3542319749216301,0.49216300940438873,0
14,18,92,8789.25,7496.5,8967.0,321,0.08529857047194805,0.07275259362777924,0.08702361196028766,44.84311224489796,23.137345679012345,1.0594281663516067,52,47,59,0.5358255451713395,0.3644859813084112,0.3925233644859813,0
13,21,89,8165.5,8746.5,11591.0,275,0.10797355371900827,0.11565619834710744,0.1532694214876033,48.31656804733728,19.833333333333332,1.4633253377098852,45,31,61,0.5527272727272727,0.19636363636363635,0.5927272727272728,0
14,19,105,10033.0,10993.5,11689.5,327,0.09382861524937108,0.10281121117751031,0.10932020312543837,51.18877551020408,30.452908587257618,1.0602721088435374,57,53,67,0.44036697247706424,0.5137614678899083,0.5657492354740061,1
14,20,77,8977.5,7081.0,14362.0,255,0.13806228373702423,0.10889657823913879,0.22086889657823913,45.80357142857143,17.7025,2.4223309158374096,52,37,72,0.6196078431372549,0.33725490196078434,0.7058823529411765,0
17,20,68,8640.5,9487.75,7929.25,319,0.08490973948762295,0.09323562071913602,0.07792032311003233,29.897923875432525,23.719375,1.7148032006920415,45,43,60,0.46394984326018807,0.48589341692789967,0.43573667711598746,0
14,24,85,11671.75,9144.75,11383.75,335,0.10400311873468479,0.08148585431053687,0.10143684562263311,59.54974489795919,15.876302083333334,1.57560553633218,46,38,60,0.42686567164179107,0.43283582089552236,0.4417910447761194,1
13,18,76,8261.0,8052.0,9321.5,375,0.05874488888888889,0.057258666666666666,0.06628622222222222,48.88165680473373,24.85185185185185,1.6138331024930748,35,37,61,0.3546666666666667,0.23733333333333334,0.29333333333333333,1
13,23,77,11452.0,10394.5,12673.0,311,0.11840241519421842,0.10746890540833945,0.13102635415266592,67.76331360946746,19.649338374291116,2.137459942654748,49,34,62,0.40836012861736337,0.2765273311897106,0.4758842443729904,1
13,24,68,7848.0,8396.25,8838.0,367,0.05826756453756431,0.0623380528476713,0.06561783070629376,46.437869822485204,14.576822916666666,1.9113321799307958,44,44,54,0.4223433242506812,0.3460490463215259,0.21525885558583105,1
15,31,109,10747.5,10047.0,12274.0,335,0.09576743149922032,0.08952550679438628,0.10936957006014703,47.766666666666666,10.454734651404786,1.0330780237353758,52,34,78,0.4746268656716418,0.2716417910447761,0.41194029850746267,1
14,25,106,9037.0,8681.0,7792.5,271,0.1230511567108291,0.11820372816274288,0.10610558135101646,46.107142857142854,13.8896,0.6935297258810965,36,39,49,0.33579335793357934,0.3025830258302583,0.5830258302583026,1
13,23,111,7782.0,7257.0,7642.75,267,0.10916130118251062,0.10179691116441526,0.10720798440152057,46.04733727810651,13.718336483931948,0.6203027351676,37,35,48,0.41947565543071164,0.449438202247191,0.36704119850187267,1
13,24,102,6391.25,5475.75,5043.75,215,0.13826392644672797,0.11845862628447809,0.10911303407247161,37.81804733727811,9.506510416666666,0.4847895040369089,35,36,42,0.4511627906976744,0.3581395348837209,0.5023255813953489,1
13,17,63,7353.0,6879.0,6043.5,247,0.12052320149486141,0.11275385598846072,0.09905915520660886,43.50887573964497,23.802768166089965,1.5226757369614512,38,43,57,0.27125506072874495,0.41700404858299595,0.38866396761133604,0
12,19,79,7224.0,5718.5,4085.0,227,0.14019290108482602,0.11097634341826933,0.07927574763725281,50.166666666666664,15.840720221606649,0.6545425412594136,35,33,55,0.5726872246696035,0.6387665198237885,0.40969162995594716,1
15,23,87,7037.5,5565.5,4465.5,307,0.07466922725970568,0.05905102441405214,0.04737981304841431,31.27777777777778,10.520793950850662,0.5899722552516845,37,36,48,0.4592833876221498,0.34201954397394135,0.20521172638436483,0
14,20,97,6152.5,5062.0,3041.75,259,0.09171747588736005,0.07546100982394419,0.045344434340573336,31.39030612244898,12.655,0.3232809012647465,28,19,44,0.4555984555984556,0.15444015444015444,0.40540540540540543,1
13,24,116,6625.0,5206.75,2878.0,275,0.08760330578512397,0.0688495867768595,0.03805619834710744,39.201183431952664,9.039496527777779,0.2138822829964328,40,33,14,0.4727272727272727,0.36363636363636365,0.10545454545454545,1
14,25,95,6572.5,5243.0,4141.5,267,0.09219514932177475,0.07354570831404565,0.05809451668560367,33.53316326530612,8.3888,0.4588919667590028,11,23,49,0.04119850187265917,0.08614232209737828,0.45318352059925093,1
13,23,88,5353.0,4941.0,3168.5,279,0.06876838683984018,0.06347554630593132,0.040704769979830684,31.674556213017752,9.340264650283554,0.40915547520661155,34,31,40,0.5268817204301075,0.3870967741935484,0.24731182795698925,1
14,19,99,5813.5,4925.5,3852.0,283,0.07258799585461174,0.06150033088189389,0.048096492651924734,29.660714285714285,13.64404432132964,0.39302112029384756,37,31,47,0.36042402826855124,0.3250883392226148,0.31095406360424027,1
15,30,78,7037.5,6265.0,4498.0,271,0.09582522024482237,0.0853065726229218,0.06124644272272981,31.27777777777778,6.961111111111111,0.7393162393162394,37,34,54,0.4095940959409594,0.2767527675276753,0.2656826568265683,1
13,26,80,6498.5,6310.75,5193.5,311,0.0671880977243825,0.06524694740542385,0.053695681392872285,38.45266272189349,9.33542899408284,0.811484375,25,29,50,0.2057877813504823,0.19292604501607716,0.20257234726688103,1
13,19,94,7884.5,8034.0,3873.5,267,0.110599110662234,0.1126962083911964,0.05433517092398547,46.65384615384615,22.25484764542936,0.43837709370756,36,8,51,0.45318352059925093,0.0299625468164794,0.2209737827715356,1
13,18,72,6510.5,5208.75,4349.25,259,0.0970543074790179,0.07764866355599946,0.06483579553077623,38.523668639053255,16.07638888888889,0.8389756944444444,28,31,46,0.44015444015444016,0.528957528957529,0.1776061776061776,1
13,24,136,5449.0,5005.0,2445.0,227,0.10574627879446526,0.09712977158493276,0.04744900929573638,32.24260355029586,8.68923611111111,0.13219074394463667,28,26,0,0.5110132158590308,0.34801762114537443,0.0,1
15,31,148,6615.5,5565.0,4484.0,223,0.13303102817269602,0.1119065334110881,0.09016871443222264,29.40222222222222,5.790842872008325,0.20471146822498174,33,24,55,0.5426008968609866,0.21076233183856502,0.4260089686098655,0
14,24,133,6677.5,5900.5,3925.5,251,0.10599038110506183,0.09365724353581689,0.06230853478516214,34.06887755102041,10.24392361111111,0.22191757589462377,32,28,40,0.4541832669322709,0.4900398406374502,0.250996015936255,1
13,19,103,6779.0,6023.0,5077.5,267,0.09509180939555892,0.0844870877695016,0.07122417203215083,40.112426035502956,16.68421052631579,0.4786030728626638,31,27,47,0.47191011235955055,0.10112359550561797,0.3295880149812734,1
14,24,136,8346.0,6059.0,4241.0,291,0.09855811811386261,0.07155087918187078,0.0500820727199726,42.58163265306123,10.519097222222221,0.22929282006920415,38,31,46,0.4639175257731959,0.26804123711340205,0.25773195876288657,1
13,23,81,7424.25,6170.25,3979.25,319,0.07295771464509979,0.0606347225361386,0.0391038806615501,43.930473372781066,11.66398865784499,0.606500533455266,29,45,51,0.20689655172413793,0.2413793103448276,0.25391849529780564,0
14,25,96,6750.0,5731.5,3902.5,255,0.10380622837370242,0.0881430219146482,0.060015378700499805,34.43877551020408,9.1704,0.4234483506944444,33,24,40,0.48627450980392156,0.17647058823529413,0.27058823529411763,1
15,24,94,8795.5,6591.0,5344.5,271,0.1197628027940796,0.08974551000122548,0.07277270189676066,39.09111111111111,11.442708333333334,0.6048551380715256,30,27,30,0.23247232472324722,0.2730627306273063,0.2029520295202952,1
14,24,136,10662.0,8563.0,6799.0,319,0.10477491376853608,0.08414815105983628,0.06681341574866599,54.39795918367347,14.866319444444445,0.36759299307958476,56,50,49,0.4670846394984326,0.5454545454545454,0.1536050156739812,1
13,17,93,13949.25,11043.75,11665.5,335,0.12429717086210737,0.09840721764312764,0.10394742704388506,82.53994082840237,38.213667820069205,1.3487686437738466,64,64,62,0.6149253731343284,0.4626865671641791,0.18507462686567164,0
14,19,116,9688.75,10822.5,6207.75,343,0.0823530161752331,0.0919897321694192,0.052765004377427774,49.432397959183675,29.979224376731302,0.461336950059453,68,66,66,0.3935860058309038,0.35276967930029157,0.33527696793002915,0
13,23,111,7151.0,7309.0,4790.0,335,0.06372020494542215,0.06512809088883939,0.042682111828915126,42.31360946745562,13.81663516068053,0.3887671455239023,39,33,50,0.39104477611940297,0.19701492537313434,0.14925373134328357,1
15,26,110,6214.0,4637.5,4260.0,303,0.06768399612238452,0.05051247699027329,0.04640067967192759,27.61777777777778,6.860207100591716,0.35206611570247937,26,24,47,0.22772277227722773,0.1419141914191419,0.25412541254125415,1
15,20,121,7022.5,5717.0,3684.0,239,0.12294077484637873,0.10008578281192557,0.0644946692109732,31.211111111111112,14.2925,0.25162215695649204,41,32,45,0.6192468619246861,0.23430962343096234,0.18828451882845187,1
13,20,122,6606.0,4499.5,2438.0,295,0.07590922148807813,0.051703533467394425,0.028014938236139042,39.0887573964497,11.24875,0.1638000537489922,36,21,34,0.25084745762711863,0.0711864406779661,0.1152542372881356,0
13,23,68,7031.0,5299.5,4633.5,231,0.13176289799666424,0.0993141058076123,0.08683308033957385,41.603550295857985,10.017958412098299,1.0020544982698962,40,27,57,0.4805194805194805,0.4069264069264069,0.36363636363636365,1
13,23,108,6141.0,4524.5,4281.0,223,0.12348931207142713,0.09098312855677773,0.08608658931408232,36.337278106508876,8.552930056710775,0.3670267489711934,32,32,48,0.34080717488789236,0.3901345291479821,0.30493273542600896,0
14,18,104,6260.0,4606.0,4688.5,275,0.08277685950413223,0.060905785123966945,0.06199669421487603,31.93877551020408,14.216049382716049,0.4334781804733728,34,28,51,0.4290909090909091,0.34545454545454546,0.23272727272727273,0
15,18,98,7718.75,6935.75,5622.75,287,0.09370940523740728,0.08420340176522721,0.06826293872694825,34.30555555555556,21.406635802469136,0.5854591836734694,42,40,61,0.44947735191637633,0.3554006968641115,0.30313588850174217,1
15,29,105,6580.5,5942.0,5469.0,243,0.1114413453233755,0.10062829175769276,0.09261799522430524,29.246666666666666,7.065398335315101,0.4960544217687075,35,20,55,0.3991769547325103,0.0823045267489712,0.4773662551440329,0
15,24,96,6561.25,5080.0,4749.75,263,0.09485824574592665,0.07344330552704247,0.06866876780060431,29.16111111111111,8.819444444444445,0.515380859375,32,24,56,0.4752851711026616,0.2661596958174905,0.21673003802281368,1
13,16,93,6620.0,4369.5,3911.0,271,0.09014038479868193,0.0594967388788279,0.05325363216731798,39.171597633136095,17.068359375,0.45219100474043245,46,30,48,0.4132841328413284,0.35793357933579334,0.36900369003690037,1
13,19,89,6401.0,4896.5,3975.25,279,0.08223172878046274,0.06290386814146787,0.05106884546704179,37.875739644970416,13.563711911357341,0.5018621386188613,37,33,43,0.5017921146953405,0.4982078853046595,0.24372759856630824,1
14,25,128,7150.0,5575.5,3883.0,267,0.10029597834167964,0.0782098219921727,0.054468431314789095,36.47959183673469,8.9208,0.23699951171875,44,29,6,0.34831460674157305,0.33707865168539325,0.03745318352059925,1
15,21,105,6072.0,5465.5,4419.5,255,0.09337946943483276,0.08405228758169934,0.06796616685890042,26.986666666666668,12.393424036281179,0.40086167800453515,30,32,53,0.33725490196078434,0.12549019607843137,0.20784313725490197,0
13,19,83,5603.0,4162.5,4695.5,227,0.10873488715092472,0.08077975508936715,0.09112344505035999,33.15384615384615,11.530470914127424,0.6815938452605603,29,23,43,0.42731277533039647,0.3964757709251101,0.22026431718061673,0
13,20,126,6799.5,5945.5,5093.0,279,0.08735113885998382,0.07638005678241544,0.0654282447553346,40.23372781065089,14.86375,0.3207986898463089,46,31,58,0.32974910394265233,0.4157706093189964,0.2903225806451613,1
15,19,101,8033.75,6163.5,5599.25,295,0.09231542660155127,0.07082447572536628,0.06434070669347888,35.705555555555556,17.073407202216067,0.5488922654641701,31,30,59,0.1864406779661017,0.18983050847457628,0.25084745762711863,1
14,26,95,5799.5,3875.0,3020.5,231,0.1086842450478814,0.07261857911208561,0.0566050111504657,29.589285714285715,5.732248520710059,0.3346814404432133,23,26,27,0.12987012987012986,0.21212121212121213,0.18181818181818182,1
15,27,98,10072.5,9020.5,9356.0,359,0.07815349042915558,0.06999092185814822,0.07259409843188679,44.766666666666666,12.373799725651578,0.9741774260724698,61,56,63,0.22562674094707522,0.20891364902506965,0.5125348189415042,1
13,24,91,5287.75,4292.0,3728.25,227,0.10261697296667896,0.0832929030254808,0.07235246172058453,31.28846153846154,7.451388888888889,0.4502173650525299,34,26,0,0.4933920704845815,0.3039647577092511,0.0,1
14,24,115,4979.5,3385.0,4179.5,271,0.06780272599773968,0.04609142032379734,0.056909628136871775,25.40561224489796,5.876736111111111,0.31603024574669186,21,19,47,0.16236162361623616,0.07011070110701106,0.35424354243542433,1
13,24,120,6104.0,5223.0,3185.5,243,0.10337177598265847,0.08845196362343138,0.053946722213754676,36.11834319526627,9.067708333333334,0.22121527777777777,28,39,42,0.5102880658436214,0.4156378600823045,0.17695473251028807,1
13,18,94,5848.5,4756.5,3706.5,291,0.06906507953377972,0.05616962482729302,0.04377014914797889,34.60650887573964,14.680555555555555,0.41947713897691263,27,37,47,0.29553264604810997,0.21993127147766323,0.281786941580756,1
14,26,101,6099.5,4763.0,3547.0,255,0.09380238369857748,0.0732487504805844,0.05454825067281815,31.119897959183675,7.045857988165681,0.34771100872463484,31,27,44,0.4627450980392157,0.3843137254901961,0.3176470588235294,1
15,22,125,6924.0,5317.5,3935.5,311,0.07158734917959905,0.054977719419774404,0.04068919882962335,30.773333333333333,10.986570247933884,0.251872,38,25,42,0.1864951768488746,0.1382636655948553,0.13504823151125403,1
13,15,98,7711.0,7456.5,2944.75,243,0.13058646209080593,0.12627648224356045,0.04986959982387509,45.62721893491124,33.14,0.30661703456892964,41,41,35,0.6255144032921811,0.37448559670781895,0.2674897119341564,0
14,20,100,6365.0,4228.0,4066.5,279,0.08176924756876196,0.05431584897419098,0.052241106871700006,32.474489795918366,10.57,0.40665,44,30,48,0.2724014336917563,0.1111111111111111,0.4014336917562724,1
13,17,93,8160.0,5723.5,3911.0,283,0.10188665110065052,0.07146424602629575,0.04883317309493189,48.28402366863905,19.804498269896193,0.45219100474043245,52,39,48,0.5724381625441696,0.28975265017667845,0.2968197879858657,1
14,23,102,6400.25,6198.0,4310.75,255,0.09842752787389465,0.09531718569780853,0.06629373317954633,32.65433673469388,11.716446124763705,0.41433583237216454,36,31,49,0.396078431372549,0.2235294117647059,0.403921568627451,0
14,19,110,4365.5,4635.25,3258.5,223,0.08778579903074665,0.09321019928009813,0.06552514629290757,22.272959183673468,12.840027700831024,0.26929752066115703,26,26,40,0.21076233183856502,0.4170403587443946,0.22869955156950672,1
13,17,96,6327.5,4467.0,2581.0,219,0.13193010988094495,0.09313817476699819,0.05381455766143325,37.44082840236686,15.456747404844291,0.2800564236111111,34,25,36,0.3561643835616438,0.3105022831050228,0.273972602739726,0
14,29,109,5367.5,4340.5,2649.0,211,0.12056108353361335,0.09749331776015813,0.059500011230655195,27.385204081632654,5.161117717003568,0.22296103021631175,35,35,40,0.3696682464454976,0.5971563981042654,0.2938388625592417,0
13,17,101,6212.0,6194.5,4005.0,239,0.10875159748603841,0.10844523030058997,0.07011431872691304,36.75739644970414,21.43425605536332,0.39260856778747183,31,30,46,0.26359832635983266,0.13807531380753138,0.27615062761506276,0
16,21,71,7636.0,6682.5,4522.5,235,0.13827071072883657,0.12100497962879131,0.08189225894069715,29.828125,15.153061224489797,0.8971434239238246,33,34,51,0.5914893617021276,0.5148936170212766,0.3404255319148936,0
13,18,88,7136.75,4788.25,3698.5,259,0.10639003592671546,0.0713801225384237,0.05513483698811884,42.2292899408284,14.778549382716049,0.4775955578512397,36,25,50,0.4594594594594595,0.33204633204633205,0.30115830115830117,0
15,19,86,7284.5,5361.25,4186.75,243,0.12336364714051043,0.09079323951294688,0.07090297888194551,32.37555555555556,14.851108033240997,0.5660830178474852,47,29,43,0.5102880658436214,0.11934156378600823,0.3786008230452675,0
13,15,57,6436.0,4952.5,3706.5,183,0.19218250768909195,0.1478843799456538,0.11067813311833737,38.082840236686394,22.011111111111113,1.1408125577100647,43,30,52,0.6229508196721312,0.46994535519125685,0.48633879781420764,1
13,24,74,6409.0,5241.5,3679.5,223,0.12887852158700155,0.10540127491001226,0.07399103139013453,37.92307692307692,9.09982638888889,0.6719320672023374,25,27,50,0.1210762331838565,0.42152466367713004,0.49327354260089684,0
14,16,108,5891.25,5479.75,2477.0,227,0.11432882454540162,0.10634303013836868,0.048070018824351336,30.057397959183675,21.4052734375,0.2123628257887517,32,29,37,0.4801762114537445,0.4845814977973568,0.32158590308370044,0
16,18,106,4614.0,5085.0,3078.5,191,0.12647679614045668,0.13938762643567884,0.08438639291686083,18.0234375,15.694444444444445,0.2739854040583838,31,31,43,0.2879581151832461,0.42408376963350786,0.38219895287958117,0
14,19,74,5281.0,5556.0,4865.0,203,0.1281516173651387,0.13482491688708778,0.11805673517920842,26.943877551020407,15.390581717451523,0.8884222059897735,31,26,54,0.645320197044335,0.541871921182266,0.5024630541871922,0
14,18,70,6927.5,6142.0,4521.0,223,0.13930503328037966,0.12350942106215688,0.09091274708922359,35.34438775510204,18.95679012345679,0.9226530612244898,37,22,48,0.5919282511210763,0.09865470852017937,0.2914798206278027,0
13,24,72,5847.5,3482.0,3282.5,207,0.13646759550981352,0.08126210646689537,0.07660622184881795,34.60059171597633,6.045138888888889,0.6331983024691358,38,28,44,0.38164251207729466,0.463768115942029,0.4782608695652174,1
13,21,94,5544.75,5396.5,3656.75,279,0.07123174162716306,0.06932721830397863,0.04697717141352244,32.80917159763314,12.236961451247165,0.41384676324128566,36,30,43,0.45161290322580644,0.35842293906810035,0.2724014336917563,0
14,15,79,4646.5,4136.0,3764.0,227,0.09017252420966834,0.0802654815734829,0.07304624580333405,23.706632653061224,18.38222222222222,0.6031084762057363,33,28,46,0.27312775330396477,0.31277533039647576,0.2775330396475771,0
15,20,104,4809.5,4840.75,4045.75,227,0.09333579149605077,0.0939422461138388,0.07851404063731103,21.375555555555554,12.101875,0.3740523298816568,36,28,50,0.3744493392070485,0.33480176211453744,0.4845814977973568,0
13,16,129,5598.0,5080.5,2698.25,207,0.1306448225162781,0.11856752783028776,0.06297113118159117,33.124260355029584,19.845703125,0.16214470284237725,24,26,37,0.25120772946859904,0.25120772946859904,0.45410628019323673,0
14,19,80,5157.0,4596.5,4172.5,255,0.07930795847750866,0.0706881968473664,0.06416762783544791,26.31122448979592,12.732686980609419,0.651953125,38,37,56,0.20784313725490197,0.3058823529411765,0.396078431372549,1
13,26,102,6731.0,5797.5,2480.5,235,0.12188320507016749,0.10497962879130829,0.044916251697600725,39.828402366863905,8.576183431952662,0.23841791618608227,37,45,20,0.4553191489361702,0.4553191489361702,0.14468085106382977,0
13,24,75,5941.0,5882.0,4278.75,231,0.11133599445287758,0.11023031802252581,0.08018496654860291,35.15384615384615,10.211805555555555,0.7606666666666667,39,27,47,0.5021645021645021,0.38961038961038963,0.49783549783549785,0
16,18,108,6429.75,5115.25,3112.25,243,0.10888838083625464,0.08662720791207303,0.05270622703178716,25.1162109375,15.787808641975309,0.2668252743484225,40,32,37,0.3292181069958848,0.5473251028806584,0.35390946502057613,0
14,24,100,6024.0,6758.5,3746.5,227,0.11690504376176522,0.13115915309825535,0.07270663121737274,30.73469387755102,11.733506944444445,0.37465,28,32,50,0.23348017621145375,0.6079295154185022,0.3920704845814978,0
14,24,133,7518.5,7146.5,3772.5,263,0.10869753791438361,0.1033194060923246,0.054540328759993636,38.359693877551024,12.407118055555555,0.2132681327378597,37,29,44,0.44866920152091255,0.11787072243346007,0.3041825095057034,1
13,23,102,6706.5,6066.0,4258.0,235,0.12143956541421458,0.1098415572657311,0.07710276143051155,39.68343195266272,11.466918714555765,0.40926566705113415,31,30,46,0.5148936170212766,0.2297872340425532,0.3702127659574468,0
17,23,99,6967.5,7036.5,6765.25,311,0.0720370963906494,0.07275048851852235,0.06994603033467396,24.108996539792386,13.301512287334594,0.6902611978369554,49,45,52,0.33440514469453375,0.31189710610932475,0.43729903536977494,1
17,28,118,7566.5,8523.0,5961.5,291,0.08935298355002894,0.10064831544266128,0.07039949929736304,26.18166089965398,10.871173469387756,0.42814564780235564,33,33,44,0.35738831615120276,0.3127147766323024,0.24398625429553264,0
20,25,83,7424.5,6516.0,4976.5,343,0.06310720873105594,0.05538508614607859,0.042299552057391054,18.56125,10.4256,0.722383509943388,33,46,55,0.3848396501457726,0.40816326530612246,0.16034985422740525,0
17,33,125,6863.75,6172.75,4109.5,251,0.108946683385978,0.09797860351422993,0.06522912334724845,23.75,5.668273645546373,0.263008,35,34,43,0.3187250996015936,0.46613545816733065,0.23107569721115537,1
15,30,88,6003.0,5050.5,4894.0,215,0.12986479177934018,0.10925905895078421,0.10587344510546241,26.68,5.611666666666666,0.6319731404958677,32,25,55,0.3767441860465116,0.30697674418604654,0.33488372093023255,0
15,34,101,7013.5,6844.0,4906.5,259,0.10455270493880532,0.10202590897571592,0.0731429167722604,31.17111111111111,5.920415224913495,0.48098225664150573,35,28,51,0.33204633204633205,0.3166023166023166,0.3474903474903475,0
14,25,92,6496.5,4905.0,3899.5,279,0.0834585886615023,0.06301306509423055,0.05009570791742141,33.14540816326531,7.848,0.4607159735349716,35,27,49,0.4050179211469534,0.3942652329749104,0.27598566308243727,0
14,23,82,7155.5,6345.0,4834.0,299,0.08003825460565318,0.07097236048813772,0.054070983546045344,36.50765306122449,11.994328922495274,0.7189173111243308,37,31,54,0.12374581939799331,0.39464882943143814,0.27424749163879597,0
15,19,122,6506.75,6725.75,6098.25,215,0.14076257436452136,0.1455002704164413,0.1319253650621958,28.91888888888889,18.6308864265928,0.409718489653319,35,30,55,0.5116279069767442,0.5302325581395348,0.37209302325581395,1
15,23,75,6021.75,4967.5,5422.0,279,0.07735961768219833,0.06381598386454439,0.06965480916226667,26.763333333333332,9.390359168241966,0.9639111111111112,45,30,55,0.24731182795698925,0.3225806451612903,0.3548387096774194,1
15,24,74,6301.75,5294.5,4758.0,279,0.08095669377320436,0.06801685487082643,0.061124600146452386,28.00777777777778,9.191840277777779,0.868882395909423,33,31,55,0.2939068100358423,0.1827956989247312,0.3154121863799283,0
13,24,137,6216.25,4693.5,3765.75,219,0.12961051687829694,0.09786076186901858,0.07851691999749796,36.782544378698226,8.1484375,0.2006366881560019,38,26,45,0.1735159817351598,0.3926940639269406,0.4337899543378995,0
18,22,114,7272.5,5623.25,5153.0,263,0.10514103138689297,0.08129725744191763,0.07449869161040351,22.445987654320987,11.618285123966942,0.39650661742074483,36,29,49,0.2585551330798479,0.2585551330798479,0.20912547528517111,0
16,25,134,6689.0,5491.5,4697.5,255,0.10286812764321415,0.08445213379469435,0.07224144559784698,26.12890625,8.7864,0.2616117175317443,33,32,49,0.22745098039215686,0.21568627450980393,0.37254901960784315,0
16,28,123,6037.75,5771.25,3992.75,225,0.1192641975308642,0.114,0.07886913580246914,23.5849609375,7.361288265306122,0.2639136757221231,33,31,52,0.4711111111111111,0.4666666666666667,0.4,0
14,21,107,6799.5,5592.5,4235.0,265,0.0968244927020292,0.07963688145247419,0.060306158775364896,34.691326530612244,12.68140589569161,0.36990130142370514,28,37,51,0.3169811320754717,0.32075471698113206,0.2981132075471698,0
15,24,112,7097.0,6404.0,4952.25,287,0.08616105573698843,0.07774769634207043,0.06012274035134577,31.54222222222222,11.118055555555555,0.3947903380102041,0,38,54,0.0,0.3902439024390244,0.313588850174216,0
14,25,122,6017.5,5961.0,4003.0,243,0.10190689088722925,0.10095005842605294,0.06779115649714644,30.7015306122449,9.5376,0.26894651975275463,30,30,46,0.30864197530864196,0.41975308641975306,0.2716049382716049,0
14,18,98,4862.0,3713.5,2936.0,195,0.12786324786324788,0.0976594345825115,0.07721236028928337,24.806122448979593,11.46141975308642,0.30570595585172844,31,27,37,0.38461538461538464,0.46153846153846156,0.3230769230769231,0
14,20,132,6575.25,5941.25,4451.0,239,0.11511090492113234,0.10401165945974335,0.07792230528177027,33.547193877551024,14.853125,0.25545224977043157,39,31,48,0.4100418410041841,0.4225941422594142,0.35564853556485354,0
13,16,112,5960.5,4475.5,4292.75,227,0.11567272797841992,0.08685400454113218,0.08330745793630771,35.26923076923077,17.482421875,0.3422154017857143,37,28,50,0.5859030837004405,0.4185022026431718,0.34801762114537443,0
14,22,115,6602.25,6406.5,5890.25,235,0.11955183340878225,0.11600724309642373,0.10665912177455862,33.68494897959184,13.236570247933884,0.4453875236294896,36,23,51,0.5106382978723404,0.10638297872340426,0.4851063829787234,0
15,19,83,5091.75,4877.0,3982.5,239,0.0891397209432608,0.08538015791040073,0.06972041805990792,22.63,13.509695290858726,0.5780955145884744,33,34,43,0.26778242677824265,0.14644351464435146,0.28451882845188287,0
15,24,78,6123.0,5311.0,4655.5,231,0.11474672513633552,0.09952961901013849,0.08724536646614568,27.213333333333335,9.22048611111111,0.7652038132807364,29,33,50,0.14285714285714285,0.33766233766233766,0.38961038961038963,0
14,26,87,5505.5,4502.5,4722.0,219,0.11479118450407623,0.09387835950042743,0.09845499468318009,28.089285714285715,6.660502958579881,0.6238604835513278,24,32,50,0.3013698630136986,0.2465753424657534,0.228310502283105,0
13,18,120,7800.75,6883.25,6014.25,231,0.14618822735705853,0.1289940218511647,0.11270871985157699,46.15828402366864,21.244598765432098,0.41765625,39,38,61,0.5108225108225108,0.2813852813852814,0.43722943722943725,0
14,22,108,6003.5,5225.5,4005.5,223,0.12072432584608578,0.10507953105833619,0.08054656236803474,30.630102040816325,10.796487603305785,0.3434070644718793,40,27,50,0.452914798206278,0.1210762331838565,0.3452914798206278,0
13,18,97,7005.0,5666.0,4150.5,279,0.08999113577677574,0.07278940404157193,0.05332022969900181,41.44970414201183,17.487654320987655,0.4411202040599426,32,32,49,0.3835125448028674,0.32974910394265233,0.31899641577060933,1
14,19,101,6218.5,5503.0,3144.0,231,0.11653642173122693,0.10312775247840184,0.05891943554281217,31.727040816326532,15.24376731301939,0.3082050779335359,35,31,36,0.4675324675324675,0.5930735930735931,0.22943722943722944,1
14,25,95,7071.75,7581.25,4920.0,247,0.11591322591748758,0.12426445278565458,0.0806438394335262,36.080357142857146,12.13,0.5451523545706372,33,0,52,0.242914979757085,0.0,0.3765182186234818,1
15,16,134,5819.25,5178.5,3065.0,257,0.08810504322548411,0.07840391224696816,0.04640494178564399,25.863333333333333,20.228515625,0.17069503230118066,33,24,41,0.5058365758754864,0.23346303501945526,0.2607003891050584,0
13,17,87,6001.0,5027.5,5614.0,207,0.1400499428224696,0.11733062615230228,0.13101822679642466,35.50887573964497,17.396193771626297,0.7417096049676312,41,37,55,0.6908212560386473,0.37681159420289856,0.42995169082125606,1
14,19,86,7449.5,6164.5,5146.5,267,0.10449718750438357,0.08647196622199778,0.07219206329167192,38.00765306122449,17.07617728531856,0.6958491076257436,34,39,53,0.24344569288389514,0.29213483146067415,0.33707865168539325,0
13,17,142,7736.5,6068.75,4018.5,255,0.11897731641676278,0.09332948865820838,0.06179930795847751,45.77810650887574,20.999134948096884,0.19929081531442175,42,38,43,0.4196078431372549,0.2901960784313726,0.39215686274509803,1
14,25,99,8243.25,6279.25,4621.5,283,0.10292611969184283,0.07840340121614704,0.05770455368402652,42.057397959183675,10.0468,0.47153351698806245,44,0,47,0.5123674911660777,0.0,0.33568904593639576,1
14,19,108,6363.0,7377.0,3704.5,231,0.1192443919716647,0.13824703435093044,0.06942336163115384,32.464285714285715,20.434903047091414,0.31760116598079563,31,41,44,0.24675324675324675,0.5108225108225108,0.35064935064935066,0
13,20,121,7830.5,7080.0,4966.5,267,0.10984163054608706,0.09931405967260026,0.0696671295711821,46.33431952662722,17.7,0.33921863260706236,38,45,54,0.4943820224719101,0.46441947565543074,0.2696629213483146,1
13,23,100,7181.0,7502.0,5016.0,319,0.07056730967659516,0.07372175980975029,0.049291968435844775,42.49112426035503,14.181474480151229,0.5016,27,32,57,0.30094043887147337,0.23510971786833856,0.29780564263322884,0
14,16,145,6970.5,6920.0,3610.75,271,0.09491292329897469,0.0942252964965074,0.04916531637641099,35.56377551020408,27.03125,0.1717360285374554,29,32,51,0.45018450184501846,0.2878228782287823,0.34686346863468637,0
14,22,142,8868.0,6034.5,5706.5,235,0.1605794477138977,0.10927116342236307,0.10333182435491173,45.244897959183675,12.46797520661157,0.2830043642134497,33,28,56,0.3021276595744681,0.4127659574468085,0.24680851063829787,0
13,18,127,9538.0,9254.0,6242.5,239,0.16697886941755222,0.16200696766513192,0.10928555172353425,56.437869822485204,28.561728395061728,0.38703577407154816,45,31,56,0.5104602510460251,0.3179916317991632,0.3891213389121339,0
15,23,165,6302.75,6598.25,5651.75,231,0.11811529019321228,0.12365304248421131,0.10591536890238189,28.01222222222222,12.473062381852552,0.2075941230486685,39,31,49,0.4199134199134199,0.45454545454545453,0.3939393939393939,0
14,22,108,7298.5,6886.0,6201.0,359,0.05662975923526354,0.05342913230033907,0.048114151814464504,37.23724489795919,14.227272727272727,0.5316358024691358,44,42,60,0.21727019498607242,0.2646239554317549,0.2785515320334262,1
14,21,141,10762.5,7624.5,6726.0,287,0.13066202090592335,0.09256516407871894,0.0816569340407192,54.910714285714285,17.289115646258505,0.3383129621246416,38,43,58,0.3519163763066202,0.5818815331010453,0.31010452961672474,0
13,24,141,9030.0,9581.5,6526.5,303,0.09835637029049439,0.10436340663769347,0.07108780184949189,53.43195266272189,16.63454861111111,0.32827825562094465,51,43,67,0.33003300330033003,0.22442244224422442,0.22112211221122113,0
14,20,156,7682.5,7330.5,4290.5,223,0.1544873212813449,0.14740895654447103,0.086277624726015,39.19642857142857,18.32625,0.1763025969756739,46,40,51,0.6233183856502242,0.4798206278026906,0.3721973094170404,1
14,16,120,8953.5,7971.0,5309.5,247,0.1467570358471701,0.1306528544968775,0.08702814338868035,45.68112244897959,31.13671875,0.3687152777777778,48,34,54,0.5303643724696356,0.32793522267206476,0.2793522267206478,0
13,18,100,8342.25,7461.0,4751.5,323,0.07996098879506178,0.07151415234498558,0.0455434251262832,49.362426035502956,23.02777777777778,0.47515,33,34,55,0.19814241486068113,0.3591331269349845,0.3065015479876161,0
14,29,131,9245.0,7621.25,4100.25,279,0.11876774450482394,0.09790791485207025,0.05267468300766948,47.16836734693877,9.062128418549346,0.23892838412679915,45,27,47,0.34767025089605735,0.1111111111111111,0.3010752688172043,0
15,19,104,8137.25,7701.25,5126.5,271,0.11079982571043423,0.10486308737626121,0.06980433272967417,36.16555555555556,21.333102493074794,0.4739737426035503,38,33,54,0.4981549815498155,0.3173431734317343,0.1992619926199262,0
14,19,95,7340.0,6992.75,7659.0,223,0.14759999195640372,0.14061714492549618,0.15401475999919564,37.44897959183673,19.37049861495845,0.8486426592797784,45,43,61,0.4618834080717489,0.34080717488789236,0.5964125560538116,0
14,17,146,7319.5,5729.25,3912.0,287,0.08886231470577523,0.0695559008850417,0.04749359589165827,37.34438775510204,19.82439446366782,0.18352411334209046,32,44,50,0.1986062717770035,0.40418118466898956,0.27526132404181186,0
13,16,119,8263.0,6359.5,6117.0,279,0.1061522847856528,0.08169859071697434,0.07858326588815663,48.89349112426036,24.841796875,0.43196101970199846,28,51,56,0.2007168458781362,0.3763440860215054,0.3942652329749104,0
15,29,132,7797.0,7265.25,4370.5,279,0.10016572243419278,0.09333448953636259,0.05614650377050655,34.653333333333336,8.638822829964328,0.2508321854912764,33,37,56,0.26523297491039427,0.22939068100358423,0.30824372759856633,0
14,17,129,9181.5,6462.5,4514.5,287,0.11146790661535286,0.0784579149922908,0.05480824096444051,46.84438775510204,22.36159169550173,0.2712877831861066,43,46,48,0.5574912891986062,0.5470383275261324,0.34494773519163763,0
19,21,115,11086.5,8269.5,8297.0,307,0.11762989527740347,0.08774098398922005,0.08803276427336099,30.710526315789473,18.75170068027211,0.6273724007561436,56,43,59,0.3127035830618892,0.3289902280130293,0.46579804560260585,0
14,19,102,8146.5,7341.5,5218.0,271,0.11092577715445051,0.09996459743195218,0.07105023079751092,41.56377551020408,20.33656509695291,0.5015378700499807,33,31,55,0.44649446494464945,0.33210332103321033,0.4317343173431734,1
13,19,127,5557.25,4524.0,4600.0,235,0.10062924400181078,0.0819194205522861,0.08329560887279312,32.883136094674555,12.53185595567867,0.28520057040114083,31,33,54,0.37446808510638296,0.3148936170212766,0.46382978723404256,1
13,18,108,6943.5,6592.5,3701.75,255,0.10678200692041523,0.1013840830449827,0.056928104575163396,41.085798816568044,20.34722222222222,0.3173653978052126,33,35,47,0.4823529411764706,0.2627450980392157,0.3058823529411765,1
13,22,150,6892.75,5088.25,4563.0,263,0.0996508551518744,0.07356257861180587,0.06596885888186904,40.78550295857988,10.512913223140496,0.2028,28,31,49,0.4068441064638783,0.3840304182509506,0.34980988593155893,1
15,26,147,7118.5,6686.75,4858.75,335,0.06343060815326353,0.059583426152817996,0.04329472042771219,31.637777777777778,9.89164201183432,0.22484844277847194,24,24,54,0.14328358208955225,0.21791044776119403,0.2626865671641791,0
14,23,96,6647.5,6560.0,5214.0,287,0.08070390559555173,0.07964161274265803,0.06330051354271632,33.91581632653061,12.400756143667296,0.5657552083333334,43,33,55,0.22996515679442509,0.2229965156794425,0.3170731707317073,1
13,22,119,7494.75,8005.75,5390.25,227,0.1454472238933416,0.15536396980341166,0.10460614411302373,44.34763313609467,16.54080578512397,0.38064049149071394,34,33,58,0.4933920704845815,0.14537444933920704,0.5066079295154186,1
13,18,118,6615.25,6172.0,4521.75,231,0.12397162721838047,0.1156649987818819,0.0847388542193737,39.14349112426036,19.049382716049383,0.32474504452743463,30,44,55,0.43722943722943725,0.48484848484848486,0.3939393939393939,0
13,24,113,8299.0,6250.5,5655.0,267,0.11641347192413977,0.0876783234440096,0.07932500105205571,49.10650887573964,10.8515625,0.4428694494478816,39,29,53,0.3333333333333333,0.11610486891385768,0.40823970037453183,0
15,17,88,8452.0,7598.0,6752.5,279,0.10858031114708187,0.0976092290695135,0.0867473439447078,37.56444444444445,26.290657439446367,0.8719653925619835,32,29,64,0.3906810035842294,0.2867383512544803,0.3046594982078853,0
14,24,84,8520.0,7349.5,8245.0,271,0.11601149221824321,0.10007352841056086,0.11226698982856988,43.46938775510204,12.75954861111111,1.1685090702947847,35,42,64,0.36531365313653136,0.4907749077490775,0.5461254612546126,0
16,21,127,11122.0,8662.5,11674.5,319,0.10929530959797958,0.08512593233163983,0.11472469806703943,43.4453125,19.642857142857142,0.7238204476408953,62,45,61,0.5015673981191222,0.23510971786833856,0.5172413793103449,0
13,16,115,8360.75,6504.0,7186.25,223,0.1681262442438014,0.1307888757063283,0.14450823463170384,49.47189349112426,25.40625,0.5433837429111531,41,39,61,0.7085201793721974,0.5201793721973094,0.4618834080717489,0
13,15,95,9180.25,8654.25,6397.0,303,0.09999292008408761,0.09426363428422051,0.0696772647561786,54.321005917159766,38.46333333333333,0.7088088642659279,36,39,53,0.21122112211221122,0.40594059405940597,0.31353135313531355,0
13,21,117,8477.5,8050.0,5944.0,259,0.12637706653150668,0.12000417405822811,0.08860929324249787,50.162721893491124,18.253968253968253,0.4342172547300752,46,35,57,0.4555984555984556,0.5366795366795367,0.41312741312741313,0
18,30,128,9594.0,8825.5,6015.0,271,0.13063547609645837,0.12017129396386214,0.08190247954140058,29.61111111111111,9.806111111111111,0.36712646484375,51,37,56,0.42066420664206644,0.5202952029520295,0.3800738007380074,0
14,18,115,9639.0,6687.0,6020.5,267,0.13521020073223078,0.09380128771619745,0.08445201924560591,49.17857142857143,20.63888888888889,0.45523629489603024,47,38,51,0.4419475655430712,0.48314606741573035,0.46441947565543074,0
16,32,95,7357.0,7668.0,5182.0,271,0.10017565120300649,0.1044103429964189,0.07056004139377187,28.73828125,7.48828125,0.5741828254847645,43,35,61,0.4317343173431734,0.1918819188191882,0.3874538745387454,0
14,19,118,6958.5,5708.5,3366.5,243,0.11784280851496215,0.0966739487544243,0.05701197310708056,35.50255102040816,15.813019390581717,0.2417767882792301,35,21,43,0.37037037037037035,0.16049382716049382,0.24691358024691357,0
18,30,120,8559.0,6435.5,10894.25,279,0.10995490808185918,0.08267493994167598,0.13995516501586566,26.416666666666668,7.150555555555556,0.7565451388888889,34,32,59,0.43010752688172044,0.5125448028673835,0.40860215053763443,0
15,32,91,8309.0,6053.0,6567.75,271,0.1131384376574393,0.08241990168979181,0.089428929344644,36.92888888888889,5.9111328125,0.7931107354184277,42,33,49,0.4280442804428044,0.2066420664206642,0.4022140221402214,0
15,21,69,5768.0,4905.0,4281.5,203,0.13996942415491762,0.11902739692785556,0.10389720692081827,25.635555555555555,11.122448979591837,0.8992858643142198,32,35,48,0.39901477832512317,0.3694581280788177,0.4039408866995074,1
16,22,91,7008.5,5461.75,5384.25,287,0.08508662239434739,0.06630831987762387,0.06536743192220375,27.376953125,11.284607438016529,0.6501932133800266,32,28,50,0.28222996515679444,0.3170731707317073,0.4146341463414634,0
15,19,86,4412.5,5187.75,3576.0,203,0.10707612414763765,0.12588876216360503,0.08677716032905433,19.61111111111111,14.370498614958448,0.48350459707950244,29,35,43,0.6108374384236454,0.4729064039408867,0.541871921182266,0
19,22,68,8273.25,7768.0,6635.75,255,0.1272318339100346,0.11946174548250672,0.10204921184159939,22.917590027700832,16.049586776859503,1.4350670415224913,39,32,57,0.47843137254901963,0.3215686274509804,0.5333333333333333,1
17,19,83,15237.5,13390.5,12822.5,343,0.1295166129758859,0.11381737201336178,0.10898945167404737,52.72491349480969,37.09279778393352,1.8613006241834809,97,95,95,0.5335276967930029,0.27696793002915454,0.27696793002915454,1
18,21,108,14046.0,14826.25,10709.25,391,0.09187538019767008,0.09697902290016418,0.07004958104669645,43.351851851851855,33.61961451247166,0.9181455761316872,89,90,89,0.5140664961636828,0.4680306905370844,0.37851662404092073,0
18,28,87,8563.0,8175.75,6990.75,255,0.1316878123798539,0.12573241061130336,0.10750865051903115,26.429012345679013,10.428252551020408,0.9236028537455411,48,41,55,0.28627450980392155,0.5058823529411764,0.5137254901960784,0
16,26,98,8120.0,6688.0,7292.25,239,0.14215437404807338,0.11708478493023582,0.12766320617636245,31.71875,9.893491124260356,0.7592930029154519,34,45,54,0.4602510460251046,0.6401673640167364,0.5523012552301255,0
17,25,79,6760.0,6906.5,5593.5,299,0.07561436672967864,0.07725305086072863,0.06256641424592566,23.391003460207614,11.0504,0.896250600865246,32,34,46,0.3979933110367893,0.18729096989966554,0.41471571906354515,0
13,17,122,6225.0,4717.5,3058.5,239,0.10897918453808582,0.08258783984874214,0.0535442306682306,36.83431952662722,16.323529411764707,0.2054891158290782,39,35,41,0.401673640167364,0.25523012552301255,0.26778242677824265,0
16,22,108,11113.75,7918.5,8968.75,275,0.14695867768595042,0.10470743801652893,0.11859504132231405,43.4130859375,16.360537190082646,0.7689257544581619,54,36,51,0.46545454545454545,0.3563636363636364,0.29454545454545455,0
16,27,94,8920.0,6418.5,9216.5,275,0.1179504132231405,0.08487272727272727,0.12187107438016528,34.84375,8.804526748971194,1.0430624717066546,41,38,52,0.43636363636363634,0.44727272727272727,0.36363636363636365,0
15,27,113,7434.0,7269.0,5910.5,243,0.12589544276787076,0.12310115327947975,0.10009483649172721,33.04,9.97119341563786,0.4628788472080821,43,44,50,0.4156378600823045,0.48148148148148145,0.3045267489711934,0
13,19,92,7852.0,6093.0,7009.5,255,0.12075355632449059,0.09370242214532871,0.10779700115340254,46.46153846153846,16.878116343490305,0.8281545368620038,39,45,59,0.4235294117647059,0.29411764705882354,0.49411764705882355,0
14,20,75,7997.0,8303.0,6131.75,239,0.14000105040177868,0.14535809947304845,0.10734668510705345,40.80102040816327,20.7575,1.0900888888888889,36,28,59,0.42677824267782427,0.200836820083682,0.38493723849372385,1
14,21,83,6321.25,6497.5,4336.5,279,0.08120720442954227,0.08347143536182731,0.05570971595945581,32.25127551020408,14.733560090702948,0.6294817825518944,31,15,41,0.27598566308243727,0.06810035842293907,0.2616487455197133,1
13,16,81,8058.0,8551.0,4893.0,283,0.1006130679618924,0.10676871979922337,0.06109453233277978,47.680473372781066,33.40234375,0.7457704618198445,43,37,48,0.4876325088339223,0.43462897526501765,0.37809187279151946,0
15,21,83,8569.5,7463.5,7401.5,255,0.13178777393310265,0.11477893118031526,0.11382545174932718,38.086666666666666,16.924036281179138,1.0743939613877196,47,28,52,0.5098039215686274,0.4588235294117647,0.37254901960784315,0
13,21,109,8719.75,5600.25,4808.75,303,0.09497707196462221,0.06099892167434565,0.05237776252872812,51.59615384615385,12.698979591836734,0.40474286676205706,52,34,33,0.44554455445544555,0.37623762376237624,0.30033003300330036,0
15,17,117,5328.5,5239.0,3392.0,211,0.11968509242829227,0.11767480514813235,0.0761887648525415,23.682222222222222,18.1280276816609,0.24779019650814524,32,34,42,0.2559241706161137,0.2890995260663507,0.33649289099526064,0
13,18,94,10429.0,6556.0,10942.0,299,0.11665417612778381,0.07333251305913804,0.12239236697576089,61.710059171597635,20.234567901234566,1.2383431416930737,48,36,56,0.47491638795986624,0.12040133779264214,0.5919732441471572,0
14,26,85,9423.5,6225.5,8160.25,327,0.08812857129497143,0.058220875534232996,0.07631465738948275,48.079081632653065,9.209319526627219,1.129446366782007,54,40,59,0.3669724770642202,0.23853211009174313,0.39755351681957185,0
14,26,79,8711.25,6784.75,7006.75,263,0.12594153450245052,0.09808946204224436,0.10129899232315054,44.44515306122449,10.036612426035504,1.1226966832238423,38,38,53,0.38022813688212925,0.532319391634981,0.33460076045627374,0
14,23,85,8708.0,7420.0,5035.0,247,0.14273303938763132,0.12162140012129358,0.0825288072251635,44.42857142857143,14.026465028355387,0.696885813148789,46,28,39,0.6518218623481782,0.3805668016194332,0.21862348178137653,0
13,17,91,8356.5,4606.5,5655.0,223,0.16804078103319994,0.09263206579661767,0.11371634257676608,49.446745562130175,15.939446366782008,0.6828885400313972,43,34,58,0.4260089686098655,0.24663677130044842,0.32286995515695066,0
14,26,91,7902.25,8118.25,7586.25,251,0.12543054872144888,0.1288590657291154,0.1204147553213441,40.317602040816325,12.009245562130177,0.9161031276415892,42,32,60,0.4262948207171315,0.35856573705179284,0.41832669322709165,0
14,18,77,7793.0,8069.25,6583.25,243,0.13197513929109722,0.1366534572981761,0.11148791681484868,39.76020408163265,24.90509259259259,1.1103474447630293,0,40,55,0.0,0.42386831275720166,0.2345679012345679,1
14,23,79,7791.5,7426.5,6136.5,279,0.10009506558240516,0.0954060199637723,0.07883377654449454,39.75255102040816,14.03875236294896,0.9832558884794104,35,21,55,0.5125448028673835,0.14695340501792115,0.3906810035842294,1
15,20,97,7703.5,6146.5,4726.0,247,0.1262682555032864,0.10074743070694488,0.07746398072415545,34.23777777777778,15.36625,0.5022850462323307,33,33,55,0.3724696356275304,0.3157894736842105,0.4291497975708502,1
13,13,99,7557.75,7189.0,5964.5,239,0.132311234047023,0.1258556397822167,0.10441869014898199,44.72041420118343,42.53846153846154,0.6085603509845934,35,38,57,0.3682008368200837,0.6317991631799164,0.24686192468619247,0
13,15,107,7925.0,6438.5,6565.0,275,0.10479338842975207,0.08513719008264463,0.0868099173553719,46.89349112426036,28.615555555555556,0.5734125251113634,28,30,58,0.10181818181818182,0.3890909090909091,0.3890909090909091,0
14,29,108,6636.0,6385.25,4033.25,259,0.09892518000626109,0.09518716178947839,0.06012507267333522,33.857142857142854,7.592449464922711,0.34578617969821673,30,42,51,0.32432432432432434,0.33976833976833976,0.3359073359073359,0
13,21,115,6265.5,6136.25,3338.75,263,0.09058248637395365,0.08871387471266029,0.048269455970160045,37.07396449704142,13.914399092970521,0.25245746691871457,31,34,38,0.311787072243346,0.21292775665399238,0.3612167300380228,0
14,26,98,6121.5,4848.0,6049.5,295,0.0703418557885665,0.055708129847744904,0.06951450732548119,31.232142857142858,7.171597633136095,0.6298937942523949,23,23,61,0.1694915254237288,0.16610169491525423,0.36610169491525424,0
14,18,98,5948.75,5576.5,3163.0,271,0.08100039487479746,0.07593170027641236,0.04306858566740649,30.350765306122447,17.21141975308642,0.32934194085797586,35,27,39,0.5092250922509225,0.44649446494464945,0.15498154981549817,1
13,24,139,7118.0,6978.5,4270.0,279,0.09144281291350316,0.08965069821816267,0.054855410387841884,42.11834319526627,12.11545138888889,0.22100305367217019,33,30,37,0.23655913978494625,0.13261648745519714,0.13978494623655913,0
14,16,126,7803.0,7378.5,4260.0,307,0.08279132935097455,0.0782873027830534,0.045199418561470146,39.81122448979592,28.822265625,0.26832955404383974,29,32,49,0.250814332247557,0.2768729641693811,0.26384364820846906,0
15,17,138,8574.25,7571.5,5214.0,299,0.09590776389525844,0.08469144640440264,0.058321495285287635,38.10777777777778,26.198961937716263,0.27378701953371143,34,41,58,0.24749163879598662,0.24414715719063546,0.2909698996655518,0
13,15,89,7399.5,7098.75,5237.0,295,0.08502729100833094,0.0815713875323183,0.06017810973858087,43.78402366863905,31.55,0.6611538947102639,43,58,60,0.4,0.2847457627118644,0.2033898305084746,0
14,19,108,8091.0,7674.0,4278.0,255,0.12442906574394463,0.1180161476355248,0.06579008073817763,41.28061224489796,21.257617728531855,0.36676954732510286,42,35,55,0.4745098039215686,0.30980392156862746,0.3686274509803922,0
14,24,107,9380.0,9635.75,6386.25,291,0.1107686494018729,0.11378880740662015,0.07541538243525703,47.857142857142854,16.72873263888889,0.5577998078434798,39,42,62,0.36769759450171824,0.3161512027491409,0.41580756013745707,0
13,21,130,7935.25,7454.25,5016.25,267,0.11131100169731656,0.10456381769978539,0.07036499319670636,46.95414201183432,16.903061224489797,0.29681952662721894,30,34,53,0.21722846441947566,0.20973782771535582,0.299625468164794,1
14,23,93,7333.0,7847.0,5119.5,255,0.11277201076509034,0.12067666282199155,0.07873125720876586,37.41326530612245,14.833648393194707,0.591918140825529,30,32,60,0.3333333333333333,0.12549019607843137,0.4666666666666667,0
15,24,120,7362.5,7828.0,5295.0,231,0.13797530031296265,0.1466988999456532,0.09922977455444988,32.72222222222222,13.590277777777779,0.36770833333333336,58,24,58,0.42424242424242425,0.12554112554112554,0.5194805194805194,0
14,22,114,9095.5,7948.0,5290.0,271,0.12384771449190507,0.10822292724772266,0.07203060960498904,46.40561224489796,16.421487603305785,0.40704832256078793,35,51,55,0.6014760147601476,0.6088560885608856,0.31365313653136534,0
14,21,110,6535.75,6332.0,3052.0,279,0.08396282164925939,0.08134530645803625,0.039208129391965676,33.34566326530612,14.35827664399093,0.2522314049586777,34,29,24,0.3333333333333333,0.37992831541218636,0.21505376344086022,0
13,18,115,7110.5,6066.0,4132.0,283,0.08878247949156563,0.0757407384284983,0.05159260322890784,42.07396449704142,18.72222222222222,0.3124385633270321,28,38,53,0.2508833922261484,0.3568904593639576,0.2508833922261484,0
15,22,152,6639.5,7414.5,5212.0,239,0.11623571015913586,0.12980339980042366,0.09124490117469933,29.50888888888889,15.319214876033058,0.22558864265927978,33,32,59,0.39748953974895396,0.28870292887029286,0.49372384937238495,0
14,19,93,8243.0,8955.0,7734.5,311,0.08522451173995306,0.09258589137829427,0.07996712192801977,42.05612244897959,24.806094182825486,0.8942652329749103,44,43,59,0.47266881028938906,0.41479099678456594,0.33440514469453375,0
14,22,94,8224.5,8876.0,3429.0,271,0.11198785419588513,0.12085892076632944,0.04669054070614507,41.96173469387755,18.33884297520661,0.3880715255771843,35,49,42,0.3247232472324723,0.41697416974169743,0.31365313653136534,1
13,17,91,8291.5,7957.5,7213.75,251,0.13160902207901462,0.12630751892827097,0.11450215075951176,49.062130177514796,27.534602076124568,0.871120637604154,46,43,57,0.46613545816733065,0.6374501992031872,0.5737051792828686,1
14,25,124,7209.0,7034.75,4670.75,263,0.10422299006780494,0.10170379794416574,0.06752663765559716,36.78061224489796,11.2556,0.30376886056191466,28,31,53,0.2813688212927757,0.20152091254752852,0.2813688212927757,0
13,18,110,8463.5,7194.25,6168.75,271,0.11524216718181941,0.09795958660693618,0.08399599678653613,50.07988165680474,22.204475308641975,0.5098140495867769,36,32,60,0.33210332103321033,0.36531365313653136,0.4354243542435424,1
15,20,100,6153.0,4570.0,5068.5,251,0.09766511642672339,0.07253853113442643,0.08045110395073093,27.346666666666668,11.425,0.50685,18,31,57,0.07171314741035857,0.24701195219123506,0.4262948207171315,1
14,15,137,20676.5,24639.5,25859.5,375,0.14703288888888888,0.17521422222222222,0.1838897777777778,105.49234693877551,109.50888888888889,1.3777771857850711,143,141,144,0.672,0.456,0.512,1
14,26,129,9249.0,6555.25,5258.25,283,0.11548402402327411,0.0818495673563161,0.06565508371936221,47.18877551020408,9.697115384615385,0.31598161168199024,40,31,55,0.28975265017667845,0.303886925795053,0.40636042402826855,1
13,19,118,13807.5,14957.5,16080.5,335,0.12303408331476944,0.13328135442192024,0.14328803742481622,81.70118343195266,41.433518005540165,1.154876472278081,101,100,100,0.42388059701492536,0.5253731343283582,0.582089552238806,1
13,22,105,133156.75,132413.5,133882.25,511,0.5099427085527399,0.5070963269901693,0.5127211139663221,787.9097633136095,273.58161157024796,12.143514739229024,370,356,350,0.8473581213307241,0.7808219178082192,0.87279843444227,1
13,22,90,89057.5,93938.0,97670.5,559,0.2850013280807473,0.30061987768856346,0.3125646039279188,526.9674556213017,194.08677685950414,12.058086419753087,298,297,294,0.6923076923076923,0.669051878354204,0.7316636851520573,1
18,24,124,55275.5,61862.5,68007.25,543,0.18747053576576486,0.20981078450325422,0.23065111294255702,170.6033950617284,107.40017361111111,4.422948100936525,249,240,242,0.6187845303867403,0.48987108655616945,0.5561694290976059,1
18,32,123,113377.5,105773.5,117262.5,599,0.315989921990184,0.294797115950067,0.3268176510098913,349.93055555555554,103.29443359375,7.750842752329962,346,310,312,0.7061769616026711,0.6427378964941569,0.7278797996661102,1
18,18,95,126418.25,117618.0,134133.5,639,0.3096050656223902,0.28805278200239515,0.3285001261262585,390.17978395061726,363.01851851851853,14.862437673130193,369,324,326,0.6463223787167449,0.5915492957746479,0.7934272300469484,1
17,27,73,112283.75,95666.75,112473.0,591,0.3214711077900029,0.2738962325462879,0.32201293514390994,388.5250865051903,131.230109739369,21.10583599174329,337,297,296,0.7411167512690355,0.622673434856176,0.7072758037225042,1
16,24,110,52797.0,46836.5,51761.0,423,0.2950723471321027,0.26176025127285124,0.2892823410403009,206.23828125,81.31336805555556,4.277768595041322,233,201,196,0.6619385342789598,0.7139479905437353,0.8463356973995272,1
20,24,75,88788.0,86575.0,90192.5,711,0.17563662043713318,0.17125895857936663,0.17841494220813775,221.97,150.30381944444446,16.034222222222223,311,274,270,0.5471167369901547,0.5063291139240507,0.6146272855133614,1
16,25,110,84856.5,77536.0,84465.0,479,0.3698401767774722,0.3379343709276023,0.3681338557624836,331.470703125,124.0576,6.980578512396694,296,258,252,0.7745302713987474,0.7390396659707724,0.8789144050104384,1
19,26,119,51768.75,42964.25,51021.25,447,0.2590911820788853,0.21502660040338523,0.2553501093544335,143.40373961218836,63.556582840236686,3.6029411764705883,232,187,188,0.756152125279642,0.6465324384787472,0.7651006711409396,1
18,24,142,17140.5,14132.25,17442.75,347,0.14235231585678812,0.11736871828517802,0.14486251027747096,52.90277777777778,24.53515625,0.8650441380678436,119,88,97,0.6484149855907781,0.4438040345821326,0.5878962536023055,1
17,23,96,16872.0,14442.5,20841.5,343,0.14340963374104326,0.1227592244727962,0.17714982702785403,58.38062283737024,27.301512287334592,2.261447482638889,116,85,107,0.46355685131195334,0.45481049562682213,0.6064139941690962,1
17,22,143,20838.0,16734.0,26748.5,499,0.0836864108979482,0.06720454937931976,0.10742326336038811,72.1038062283737,34.574380165289256,1.3080590737933395,131,85,135,0.5070140280561122,0.3927855711422846,0.44288577154308617,1
20,30,152,6687.25,5889.25,10354.0,343,0.05684068712866238,0.050057799046315736,0.08800754787546006,16.718125,6.543611111111111,0.4481475069252078,19,37,91,0.10495626822157435,0.30612244897959184,0.3877551020408163,1
22,43,105,5114.0,5399.5,6841.0,283,0.06385396246675573,0.06741874664435815,0.0854174730612194,10.566115702479339,2.9202271498107084,0.620498866213152,29,29,73,0.4416961130742049,0.4028268551236749,0.4028268551236749,1
21,31,94,7152.5,6698.75,9855.5,327,0.06689017946487856,0.06264670949882632,0.09216863526265091,16.218820861678005,6.97060353798127,1.1153802625622453,52,24,87,0.22629969418960244,0.2874617737003058,0.363914373088685,1
17,22,99,7666.5,5618.75,6708.75,279,0.09848922804177747,0.07218239745121466,0.08618530080548811,26.527681660899653,11.608987603305785,0.6844964799510254,51,25,69,0.5448028673835126,0.12903225806451613,0.4229390681003584,1
22,27,114,5072.25,4984.25,5920.5,235,0.09184698958804889,0.09025350837483025,0.10720688094160254,10.479855371900827,6.837105624142661,0.45556325023084027,0,32,69,0.0,0.3872340425531915,0.46382978723404256,1
18,18,123,4873.75,5101.25,6241.0,263,0.07046147840795733,0.07375052407870578,0.09022828145556536,15.042438271604938,15.744598765432098,0.41251900323881285,19,39,73,0.14068441064638784,0.3688212927756654,0.3231939163498099,1
16,24,65,5839.0,4924.5,7973.0,299,0.06531246854062035,0.05508327647341752,0.08918244762362837,22.80859375,8.549479166666666,1.8871005917159764,36,32,92,0.3511705685618729,0.19732441471571907,0.45819397993311034,1
19,29,122,6928.0,5180.0,5261.0,271,0.09433422747511608,0.0705328086491197,0.07163573480753258,19.191135734072024,6.159334126040428,0.35346680999731256,30,33,67,0.34317343173431736,0.44280442804428044,0.3837638376383764,1
22,23,123,7767.0,6587.0,10420.0,295,0.08925021545532894,0.07569089342143062,0.11973570812984774,16.047520661157026,12.45179584120983,0.6887434728005817,35,30,97,0.4745762711864407,0.3423728813559322,0.3288135593220339,1
17,21,108,6561.0,5895.0,10684.0,303,0.07146358200176453,0.06420939123615332,0.11637203324292825,22.70242214532872,13.36734693877551,0.9159807956104252,39,35,99,0.38943894389438943,0.44554455445544555,0.33003300330033003,1
20,20,92,7438.0,5743.5,15920.0,367,0.05522351491213091,0.04264268054555309,0.11819821960219469,18.595,14.35875,1.8809073724007561,37,38,113,0.27520435967302453,0.14986376021798364,0.3106267029972752,1
18,27,105,9866.5,6999.5,12343.5,275,0.13046611570247935,0.09255537190082645,0.1632198347107438,30.45216049382716,9.60150891632373,1.119591836734694,39,36,104,0.29818181818181816,0.31272727272727274,0.44727272727272727,1
19,22,91,7459.5,6441.0,10399.0,311,0.07712389243287393,0.06659360428448838,0.10751543098189638,20.66343490304709,13.307851239669422,1.2557662118101678,36,30,95,0.28938906752411575,0.2733118971061093,0.40514469453376206,1
16,21,121,7163.75,7181.0,13082.75,283,0.0894473648066526,0.08966275019041317,0.16335264518223477,27.9833984375,16.28344671201814,0.8935694283177379,39,37,106,0.45229681978798586,0.21201413427561838,0.5053003533568905,1
16,19,106,11088.25,11436.75,26423.0,319,0.1089636501213628,0.11238834130953902,0.2596574326117078,43.3134765625,31.680747922437675,2.351637593449626,65,63,161,0.5956112852664577,0.5360501567398119,0.5454545454545454,1
17,28,102,10034.75,10612.75,27245.0,399,0.06303195331687615,0.06666258377774009,0.17113585969937375,34.72231833910035,13.536670918367347,2.6187043444828912,65,64,161,0.518796992481203,0.49122807017543857,0.5388471177944862,1
18,20,89,8280.5,8436.5,19230.5,311,0.0856122248529275,0.08722511140290112,0.19882445384146152,25.557098765432098,21.09125,2.4277868955939907,52,52,131,0.6012861736334405,0.2090032154340836,0.6205787781350482,1
19,23,99,9220.75,9205.0,20095.25,315,0.09292768959435627,0.0927689594356261,0.2025220458553792,25.54224376731302,17.400756143667298,2.050326497296194,47,42,129,0.49206349206349204,0.23492063492063492,0.5047619047619047,1
18,18,126,6157.75,6496.25,10363.25,359,0.047778570929772425,0.05040502479031044,0.08040944747480233,19.005401234567902,20.050154320987655,0.6527620307382213,36,25,92,0.37047353760445684,0.10584958217270195,0.31754874651810583,1
18,21,99,7496.75,7702.5,11331.75,331,0.06842535208696525,0.07030330135723478,0.10342868356440704,23.138117283950617,17.465986394557824,1.1561830425466788,39,32,101,0.40181268882175225,0.2719033232628399,0.513595166163142,1
17,26,113,6590.5,5512.5,6412.75,271,0.08973870181506242,0.07506025244754293,0.08731839163410084,22.804498269896193,8.154585798816568,0.5022123893805309,33,29,72,0.36531365313653136,0.4575645756457565,0.36531365313653136,1
16,26,107,5650.5,5397.5,9614.25,255,0.08689734717416378,0.08300653594771241,0.14785467128027682,22.072265625,7.984467455621302,0.8397458293300725,30,21,90,0.2,0.22745098039215686,0.4588235294117647,1
18,22,120,6648.5,5776.5,8104.0,311,0.06873895017628023,0.05972332792258145,0.08378738846786117,20.520061728395063,11.934917355371901,0.5627777777777778,28,26,77,0.2990353697749196,0.15112540192926044,0.27009646302250806,1
18,17,87,7403.25,7320.5,14735.5,311,0.07654232276341229,0.07568676916078204,0.15235057536625965,22.849537037037038,25.330449826989618,1.94682256572863,47,46,116,0.5562700964630225,0.5176848874598071,0.39228295819935693,1
16,19,113,8119.0,7117.0,12962.0,335,0.07234573401648474,0.0634172421474716,0.11550011138338159,31.71484375,19.714681440443215,1.0151147309891142,36,32,107,0.3074626865671642,0.25671641791044775,0.44776119402985076,1
16,17,100,7239.0,6244.0,7808.5,279,0.09299726365283077,0.08021479682943436,0.10031345948793052,28.27734375,21.60553633217993,0.78085,41,34,80,0.33691756272401435,0.22580645161290322,0.40860215053763443,1
17,25,92,7566.0,6604.25,13577.0,335,0.06741813321452439,0.05884829583426153,0.1209801737580753,26.17993079584775,10.5668,1.6040879017013232,38,30,112,0.3611940298507463,0.2656716417910448,0.42686567164179107,1
18,23,74,10428.5,9990.0,27797.5,355,0.08274945447331879,0.07926998611386629,0.22057131521523507,32.18672839506173,18.88468809073724,5.076241782322864,75,61,162,0.35492957746478876,0.35492957746478876,0.6957746478873239,1
16,26,143,8994.5,6879.75,13232.25,271,0.12247246088697049,0.09367723751038248,0.18017524271183671,35.134765625,10.1771449704142,0.647085432050467,59,39,108,0.5756457564575646,0.46863468634686345,0.5350553505535055,1
18,17,123,7372.0,6157.5,12627.0,295,0.08471128985923586,0.07075553002010916,0.14509623671358804,22.753086419753085,21.30622837370242,0.834622248661511,44,34,107,0.3050847457627119,0.34576271186440677,0.5457627118644067,1
16,17,101,6293.0,6073.0,9566.0,243,0.1065725075784518,0.10284678826059714,0.16200104997544412,24.58203125,21.013840830449826,0.9377512008626605,31,29,94,0.5555555555555556,0.3004115226337449,0.48559670781893005,1
16,26,132,6742.5,5069.0,9282.0,251,0.10702211076014666,0.08045904033269313,0.14733099474611513,26.337890625,7.4985207100591715,0.5327134986225895,49,31,92,0.5976095617529881,0.21912350597609562,0.5179282868525896,1
17,18,133,7570.0,6527.0,8582.0,291,0.08939431513562665,0.07707750262750794,0.10134504788559417,26.19377162629758,20.145061728395063,0.4851602690937871,44,29,89,0.5120274914089347,0.38144329896907214,0.3642611683848797,1
18,24,102,6050.5,5202.5,7291.5,319,0.05945794557836499,0.05112469413626045,0.07165318737040713,18.674382716049383,9.032118055555555,0.700836216839677,33,31,80,0.43573667711598746,0.32601880877742945,0.4043887147335423,1
18,26,120,6893.75,6688.0,12415.75,303,0.07508795433998845,0.07284688864926096,0.13523456306026643,21.277006172839506,9.893491124260356,0.8622048611111112,38,30,104,0.297029702970297,0.20462046204620463,0.46204620462046203,1
18,19,70,6474.5,6972.75,10950.0,287,0.07860360086925906,0.08465259988587939,0.13293836273355267,19.983024691358025,19.315096952908586,2.2346938775510203,36,38,104,0.4181184668989547,0.34843205574912894,0.44947735191637633,1
16,18,133,6968.0,7079.5,8519.5,291,0.08228528241281988,0.08360198863971847,0.10060698385706357,27.21875,21.85030864197531,0.4816269998304031,36,27,89,0.422680412371134,0.27147766323024053,0.3951890034364261,1
17,19,95,6242.0,5755.5,10914.0,287,0.0757809370029987,0.06987458874090981,0.13250130510264785,21.598615916955016,15.943213296398891,1.2093074792243768,38,33,101,0.42857142857142855,0.34494773519163763,0.47735191637630664,1
18,19,85,6450.5,7084.5,10593.5,335,0.057478280240588105,0.06312764535531298,0.0943951882379149,19.90895061728395,19.62465373961219,1.4662283737024222,40,30,99,0.4059701492537313,0.27761194029850744,0.41492537313432837,1
16,26,93,5366.0,6138.5,5913.25,259,0.07999284447160895,0.09150877297595444,0.08815089220494626,20.9609375,9.080621301775148,0.6836917562724014,32,27,72,0.12355212355212356,0.16602316602316602,0.5212355212355212,1
19,19,100,5964.0,5863.0,5966.25,283,0.07446715528974017,0.07320605826018554,0.07449524903544806,16.520775623268698,16.240997229916896,0.596625,38,31,69,0.36395759717314485,0.2332155477031802,0.24734982332155478,1
16,24,110,7506.75,6832.75,7052.75,295,0.08625969548980178,0.07851479459925309,0.08104280379201378,29.3232421875,11.862413194444445,0.5828719008264462,30,31,82,0.1016949152542373,0.12203389830508475,0.43050847457627117,1
16,20,130,8545.5,7260.75,5604.75,283,0.10670004619860406,0.09065851739939318,0.0699815205583788,33.380859375,18.151875,0.3316420118343195,52,37,60,0.4416961130742049,0.21201413427561838,0.37809187279151946,1
17,22,97,7738.5,8145.0,10158.5,303,0.08428912198150508,0.08871679247132634,0.1106481935322245,26.77681660899654,16.828512396694215,1.079657774471251,30,28,97,0.3696369636963696,0.1848184818481848,0.40594059405940597,1
18,20,101,7538.5,6800.0,9532.25,303,0.08211068631615637,0.07406681262185624,0.10382696685510136,23.266975308641975,17.0,0.9344427016959121,40,28,81,0.4389438943894389,0.35973597359735976,0.41914191419141916,1
18,17,111,7756.0,7237.0,9912.5,315,0.0781657848324515,0.07293524817334342,0.099899218946838,23.938271604938272,25.041522491349482,0.8045207369531694,31,33,92,0.4031746031746032,0.32063492063492066,0.32063492063492066,1
18,19,107,7921.0,7281.0,10984.0,287,0.09616481928881011,0.08839490585050201,0.1333511393849628,24.44753086419753,20.168975069252078,0.9593850991352957,42,22,96,0.5017421602787456,0.3205574912891986,0.3902439024390244,1
16,23,109,7090.75,6062.0,7735.25,263,0.10251340918619613,0.08764041694978965,0.11183116714134946,27.6982421875,11.459357277882798,0.6510605167915159,36,30,79,0.49429657794676807,0.33079847908745247,0.30038022813688214,1
17,28,113,7672.5,7469.0,9199.0,331,0.07002948129352599,0.0681720685280346,0.08396235886857549,26.548442906574394,9.526785714285714,0.7204166340355549,39,22,85,0.31419939577039274,0.16012084592145015,0.4199395770392749,1
18,18,87,7627.0,8725.0,10293.5,271,0.10385207173104942,0.11880284854509061,0.14016012853855475,23.540123456790123,26.929012345679013,1.3599550799312987,35,45,90,0.4907749077490775,0.5608856088560885,0.4907749077490775,1
16,17,104,6665.5,6612.0,4368.25,327,0.062335755501313955,0.061835423505316615,0.04085187367318501,26.037109375,22.878892733564015,0.4038692677514793,45,32,63,0.39143730886850153,0.14678899082568808,0.3180428134556575,1
18,26,72,7799.0,6606.5,6873.5,387,0.052073526564242266,0.04411126468094198,0.04589401010890104,24.070987654320987,9.77292899408284,1.3259066358024691,40,28,79,0.2971576227390181,0.3049095607235142,0.3281653746770026,1
16,18,102,8853.5,6999.0,8501.0,259,0.1319822304378289,0.10433654835199237,0.12672738927565183,34.583984375,21.60185185185185,0.8170895809304114,38,30,88,0.5752895752895753,0.3359073359073359,0.5057915057915058,1
18,19,127,8478.25,6163.5,10436.25,363,0.0643417647549879,0.04677503813491792,0.07920110192837465,26.167438271604937,17.073407202216067,0.6470487940975882,6,7,89,0.01652892561983471,0.027548209366391185,0.3608815426997245,1
19,22,115,7599.0,6816.0,13581.0,351,0.06167969415832664,0.0553242262643972,0.11023449484987946,21.049861495844876,14.082644628099173,1.0269187145557657,36,23,104,0.3504273504273504,0.1111111111111111,0.39316239316239315,1
16,20,138,8813.0,7842.75,9864.5,311,0.09111775105716442,0.08108632044747263,0.10198922674496748,34.42578125,19.606875,0.5179846670867465,45,2,92,0.3022508038585209,0.006430868167202572,0.4115755627009646,1
18,18,170,7305.25,7264.75,8294.5,339,0.06356758120796024,0.06321516520044204,0.07217566850271055,22.547067901234566,22.422067901234566,0.2870069204152249,35,29,80,0.2831858407079646,0.23303834808259588,0.3333333333333333,1
15,17,122,7864.0,7818.0,7540.75,271,0.10707915197233153,0.10645279884533163,0.10267765961792459,34.95111111111111,27.05190311418685,0.506634641225477,40,37,75,0.42066420664206644,0.3800738007380074,0.4022140221402214,1
16,25,116,6898.5,6236.0,7053.5,279,0.08862296219216094,0.08011202322683418,0.09061420074253927,26.947265625,9.9776,0.5241899524375743,32,22,71,0.45161290322580644,0.24372759856630824,0.4265232974910394,1
16,19,103,7077.5,4734.5,7327.5,235,0.12815753734721594,0.08573110004526935,0.13268447261204164,27.646484375,13.114958448753463,0.6906871524177585,34,31,74,0.41702127659574467,0.46808510638297873,0.48936170212765956,1
19,28,114,7558.0,6958.5,9622.5,335,0.06734684785030073,0.062004900868790375,0.08574292715526843,20.93628808864266,8.87563775510204,0.7404201292705448,33,28,81,0.3283582089552239,0.23880597014925373,0.3194029850746269,1
16,25,135,6937.5,6333.0,6335.0,311,0.07172692590026984,0.06547699051912201,0.06549766855181398,27.099609375,10.1328,0.347599451303155,31,31,68,0.33440514469453375,0.3247588424437299,0.28938906752411575,1
18,20,132,7037.0,6536.0,8655.0,327,0.06581002347351982,0.06112467151100263,0.08094155935246752,21.719135802469136,16.34,0.49672865013774103,28,27,78,0.345565749235474,0.3333333333333333,0.40061162079510704,1
16,26,124,6627.5,5942.5,8249.0,271,0.09024250759112758,0.08091529254775942,0.11232145531787421,25.888671875,8.790680473372781,0.5364854318418314,30,34,78,0.3985239852398524,0.4022140221402214,0.45018450184501846,1
16,17,95,6369.5,5532.0,9087.5,319,0.06259274181660951,0.05436267332278574,0.08930238500014741,24.880859375,19.141868512110726,1.0069252077562327,33,30,88,0.2507836990595611,0.3949843260188088,0.4608150470219436,1
19,22,118,6188.25,6244.5,7807.25,311,0.06398041790304071,0.06456198757250235,0.08071928536719017,17.14196675900277,12.901859504132231,0.5607045389255961,33,24,80,0.3762057877813505,0.14469453376205788,0.2604501607717042,1
16,25,120,9183.25,6564.5,10361.25,303,0.10002559661906785,0.07150170462590813,0.11285658268797177,35.8720703125,10.5032,0.71953125,30,28,82,0.297029702970297,0.22442244224422442,0.2706270627062706,1
19,18,133,7367.5,6312.0,11714.0,339,0.06410925766396046,0.05492468739394889,0.10193089165600717,20.40858725761773,19.48148148148148,0.6622194584204874,41,40,98,0.4424778761061947,0.36578171091445427,0.46607669616519176,1
16,18,130,5912.5,6248.5,6446.5,279,0.07595611567168972,0.08027260698089696,0.08281625364525122,23.095703125,19.285493827160494,0.38144970414201185,27,37,74,0.32974910394265233,0.2867383512544803,0.3333333333333333,1
16,15,100,6755.0,5211.5,8030.5,279,0.08677946069552035,0.06695057874384965,0.10316542696008531,26.38671875,23.162222222222223,0.80305,36,37,84,0.2903225806451613,0.13261648745519714,0.4157706093189964,1
16,19,116,7541.75,7277.0,7805.0,343,0.06410381728701477,0.06185347941758961,0.06634140536681145,29.4599609375,20.157894736842106,0.5800386444708681,38,33,79,0.39941690962099125,0.3236151603498542,0.2653061224489796,1
19,21,150,5211.0,4033.5,8083.5,235,0.09435943866002716,0.07303757356269805,0.1463739248528746,14.434903047091412,9.146258503401361,0.3592666666666667,26,20,80,0.2765957446808511,0.23404255319148937,0.4425531914893617,1
18,18,118,4790.5,4825.5,4319.5,263,0.0692579045526175,0.06976391157888649,0.06244849571339762,14.785493827160494,14.893518518518519,0.31021976443550703,34,38,59,0.2737642585551331,0.34600760456273766,0.3574144486692015,1
16,26,103,7421.5,6273.0,5673.5,295,0.08528009192760701,0.07208273484630853,0.06519390979603562,28.990234375,9.279585798816568,0.5347817890470355,32,36,71,0.25084745762711863,0.2440677966101695,0.423728813559322,1
18,21,62,5900.0,7751.0,7826.5,367,0.04380461656111487,0.05754738694325446,0.0581079375450111,18.209876543209877,17.575963718820862,2.0360301768990636,32,25,82,0.329700272479564,0.21525885558583105,0.22888283378746593,1
16,19,93,5221.25,5063.25,5860.5,255,0.0802960399846213,0.07786620530565168,0.09012687427912341,20.3955078125,14.02562326869806,0.6775927852930975,29,25,71,0.1843137254901961,0.34901960784313724,0.3333333333333333,1
19,25,122,5047.5,5041.0,6544.5,255,0.0776239907727797,0.07752402921953094,0.10064590542099193,13.981994459833794,8.0656,0.4397003493684493,24,35,74,0.30196078431372547,0.21176470588235294,0.3803921568627451,1
17,22,105,6080.0,5924.0,4484.75,255,0.09350249903883122,0.09110342176086121,0.06896962706651288,21.038062283737023,12.239669421487603,0.40678004535147394,40,33,56,0.3254901960784314,0.32941176470588235,0.403921568627451,1
23,35,121,6329.0,5972.5,6062.0,243,0.10718217073955529,0.10114481193584988,0.1026605022947044,11.964083175803403,4.875510204081633,0.41404275664230583,38,19,67,0.48559670781893005,0.07818930041152264,0.2839506172839506,1
16,18,108,6083.0,5963.5,6485.25,267,0.08532873234299822,0.08365245690078413,0.0909712578378151,23.76171875,18.405864197530864,0.556005658436214,37,27,73,0.39325842696629215,0.31835205992509363,0.36329588014981273,1
19,28,127,6316.0,5584.5,5233.5,239,0.11057229390241767,0.09776614555067313,0.09162129514539312,17.49584487534626,7.123086734693878,0.3244776489552979,23,31,62,0.32217573221757323,0.24267782426778242,0.4811715481171548,1
16,23,76,6259.25,5216.5,7263.75,227,0.1214704341244736,0.10123425643812223,0.14096431135865242,24.4501953125,9.861058601134216,1.2575744459833795,42,33,77,0.4801762114537445,0.34801762114537443,0.4933920704845815,1
22,31,66,6000.5,5470.75,9170.75,243,0.10161899439448593,0.09264763162796999,0.15530745651916206,12.397727272727273,5.692767950052029,2.1053145087235996,27,34,86,0.43209876543209874,0.345679012345679,0.5349794238683128,1
18,25,111,6844.5,6349.0,10373.5,255,0.10525951557093426,0.0976393694732795,0.15953094963475586,21.125,10.1584,0.8419365311257203,33,39,97,0.4745098039215686,0.3568627450980392,0.38823529411764707,1
16,26,66,5131.0,6199.5,7606.0,275,0.06784793388429752,0.08197685950413224,0.10057520661157025,20.04296875,9.17085798816568,1.7460973370064279,18,35,75,0.06545454545454546,0.4036363636363636,0.29454545454545455,1
16,25,106,5890.5,5655.0,10317.5,299,0.06588852473685977,0.0632543260142504,0.11540698649903244,23.009765625,9.048,0.918253826984692,32,34,94,0.3979933110367893,0.3779264214046823,0.4816053511705686,1
16,23,105,6814.5,5537.0,8338.5,343,0.05792229428214434,0.0470637234485631,0.07087608054467101,26.619140625,10.466918714555765,0.7563265306122449,35,37,84,0.26239067055393583,0.34402332361516036,0.3294460641399417,1
18,23,84,6130.0,6024.75,11752.5,271,0.08346836235890034,0.08203523917157991,0.1600264157623126,18.919753086419753,11.388941398865784,1.6656037414965987,36,33,101,0.2988929889298893,0.3025830258302583,0.4095940959409594,1
17,22,84,5194.0,5610.25,9207.75,287,0.06305770374776919,0.06811118260510629,0.11178659447122097,17.972318339100347,11.59142561983471,1.304953231292517,32,32,91,0.24041811846689895,0.2682926829268293,0.34494773519163763,1
18,19,113,6338.0,4477.5,5378.0,319,0.06228319297176718,0.044000157231159284,0.0528493234146677,19.561728395061728,12.403047091412743,0.42117628631842746,30,26,66,0.3072100313479624,0.27899686520376177,0.3793103448275862,1
18,31,107,8764.5,7366.5,8246.5,287,0.10640532239070524,0.08943291772390098,0.10011654870157462,27.050925925925927,7.665452653485952,0.720281247270504,37,33,92,0.5400696864111498,0.18466898954703834,0.3867595818815331,1
21,28,93,7961.0,8650.0,11138.25,355,0.06317000595120016,0.068637175163658,0.08838127355683396,18.052154195011337,11.033163265306122,1.2878078390565384,25,26,99,0.2647887323943662,0.19436619718309858,0.28450704225352114,1
16,18,89,8284.25,8209.25,13822.75,267,0.11620656763315519,0.11515451191628442,0.19389737547167166,32.3603515625,25.33719135802469,1.7450763792450448,41,33,112,0.4307116104868914,0.3295880149812734,0.41947565543071164,1
21,23,103,7944.0,8250.0,19205.5,287,0.0964440505529993,0.10015904041569038,0.2331641758428535,18.01360544217687,15.59546313799622,1.8103025732868319,50,47,136,0.18466898954703834,0.4808362369337979,0.6724738675958188,1
20,25,110,5924.5,5712.0,11998.5,255,0.09111111111111111,0.08784313725490196,0.18452133794694348,14.81125,9.1392,0.9916115702479339,27,28,103,0.3803921568627451,0.22745098039215686,0.5372549019607843,1
19,26,125,6565.5,6266.0,11076.0,271,0.08939829250691031,0.08532018899524789,0.1508149398837162,18.18698060941828,9.26923076923077,0.708864,38,28,96,0.4981549815498155,0.2693726937269373,0.39114391143911437,1
17,20,106,5288.75,6314.0,7925.25,275,0.06993388429752066,0.08349090909090909,0.10479669421487603,18.30017301038062,15.785,0.7053444286222855,48,33,83,0.29818181818181816,0.23636363636363636,0.5454545454545454,1
16,25,86,6189.0,6245.75,10953.25,267,0.08681563775617557,0.08761169324860778,0.15364572374419616,24.17578125,9.9932,1.480969442942131,37,21,95,0.4943820224719101,0.15355805243445692,0.5842696629213483,1
18,20,140,5896.75,6398.5,5737.5,275,0.07797355371900827,0.08460826446280992,0.07586776859504132,18.199845679012345,15.99625,0.2927295918367347,22,32,71,0.15272727272727274,0.4,0.41454545454545455,1
18,29,129,6530.0,6741.25,5710.0,291,0.07711292970087741,0.07960758611731085,0.0674295296465559,20.15432098765432,8.015755053507728,0.34312841776335556,31,18,65,0.17869415807560138,0.12371134020618557,0.26804123711340205,1
19,28,101,6300.75,5791.5,13377.25,279,0.08094384707287933,0.07440166493236212,0.1718535219228941,17.45360110803324,7.387117346938775,1.3113665326928732,29,24,104,0.34408602150537637,0.15053763440860216,0.5949820788530465,1
16,22,71,6852.25,6132.25,12953.5,351,0.05561846088911616,0.049774352480905185,0.10514119203577893,26.7666015625,12.669938016528926,2.5696290418567744,26,39,107,0.20512820512820512,0.3789173789173789,0.42735042735042733,1
17,28,109,5125.5,4987.0,9061.5,239,0.08973057194376849,0.08730589450464803,0.15863692862519913,17.735294117647058,6.360969387755102,0.7626883258984934,28,25,85,0.47280334728033474,0.2301255230125523,0.5606694560669456,1
16,22,78,9119.5,8305.5,20791.5,367,0.06770783063204865,0.0616642784488711,0.15436672631024062,35.623046875,17.160123966942148,3.4174063116370808,45,42,144,0.3242506811989101,0.26975476839237056,0.6130790190735694,1
18,22,69,10274.0,7547.5,20913.0,375,0.07305955555555556,0.053671111111111114,0.14871466666666666,31.709876543209877,15.59400826446281,4.392564587271582,50,47,136,0.32,0.296,0.38133333333333336,1
18,23,106,9045.5,7121.25,17570.0,359,0.07018489924814364,0.055254459540196,0.13632730968878268,27.91820987654321,13.4617202268431,1.5637237451050197,53,38,124,0.4206128133704735,0.3816155988857939,0.5125348189415042,1
16,25,85,11123.75,9698.5,25940.0,383,0.07583220282366095,0.06611606868954045,0.17683670895568174,43.4521484375,15.5176,3.590311418685121,50,52,157,0.4490861618798956,0.25326370757180156,0.4856396866840731,1
16,25,118,11438.5,7803.5,19869.5,371,0.083103871666146,0.05669458954817242,0.14435742257030973,44.681640625,12.4856,1.4269965527147372,54,51,133,0.38544474393531,0.4797843665768194,0.4797843665768194,1
17,27,75,8616.0,6447.0,17615.0,351,0.06993449728492464,0.05232912070518908,0.14297773557032817,29.813148788927336,8.843621399176955,3.1315555555555554,38,35,127,0.36182336182336183,0.26495726495726496,0.42165242165242167,1
18,18,73,9811.5,8732.75,17304.0,383,0.06688640593364192,0.05953241210997416,0.117963855503821,30.28240740740741,26.952932098765434,3.2471382998686433,40,40,127,0.37597911227154046,0.35509138381201044,0.39947780678851175,1
16,20,77,8173.0,8725.0,17739.5,327,0.07643389538852884,0.0815961993472304,0.16589980267280158,31.92578125,21.8125,2.9919885309495697,46,46,126,0.3333333333333333,0.4740061162079511,0.4801223241590214,1
18,23,71,7308.5,8663.0,18585.5,327,0.06834909145320726,0.081016375351869,0.17381159460950724,22.557098765432098,16.376181474480152,3.686867684983138,46,42,126,0.14067278287461774,0.2996941896024465,0.581039755351682,1
16,19,88,7013.0,7080.5,12995.0,275,0.09273388429752066,0.09362644628099173,0.17183471074380166,27.39453125,19.613573407202217,1.678073347107438,32,29,101,0.52,0.36363636363636365,0.5054545454545455,1
17,19,66,6707.5,7573.5,12158.25,291,0.07920903154190433,0.08943564672122437,0.14357707159811528,23.209342560553633,20.979224376731302,2.791150137741047,33,30,101,0.38831615120274915,0.2508591065292096,0.38144329896907214,1
18,26,89,6728.0,8902.5,12593.5,307,0.07138537278910122,0.0944572356205371,0.1336194548483273,20.765432098765434,13.169378698224852,1.5898876404494382,38,35,106,0.43973941368078173,0.22149837133550487,0.4364820846905538,1
16,19,108,6151.25,6870.75,10585.25,275,0.08133884297520662,0.09085289256198346,0.1399702479338843,24.0283203125,19.032548476454295,0.9075145747599451,39,37,85,0.32727272727272727,0.3927272727272727,0.5781818181818181,1
18,20,99,6408.0,6596.0,9149.5,303,0.06979707871777277,0.07184480824320055,0.09965798560054025,19.77777777777778,16.49,0.9335271911029487,31,31,95,0.31353135313531355,0.3201320132013201,0.36303630363036304,1
16,25,115,6189.5,9039.0,12287.5,355,0.0491132711763539,0.07172386431263639,0.09750049593334656,24.177734375,14.4624,0.9291115311909263,30,41,106,0.24788732394366197,0.35774647887323946,0.43661971830985913,1
18,23,92,5931.0,7362.25,10499.5,255,0.09121107266435986,0.11322183775470973,0.16146866589773165,18.305555555555557,13.917296786389414,1.2404891304347827,42,35,100,0.2784313725490196,0.4470588235294118,0.5568627450980392,1
17,27,97,8554.0,7765.75,19440.25,327,0.07999700736002394,0.07262529341899765,0.18180521654555826,29.598615916955016,10.652606310013718,2.066133489212456,51,50,141,0.5749235474006116,0.5076452599388379,0.636085626911315,1
18,22,86,10331.5,8951.25,25298.75,347,0.085803386790024,0.07434037322791485,0.21010680264764262,31.887345679012345,18.494318181818183,3.420598972417523,60,54,151,0.515850144092219,0.28530259365994237,0.5677233429394812,1
16,18,89,9002.5,10705.5,22745.5,359,0.0698512581373515,0.08306499794383966,0.17648450896563497,35.166015625,33.041666666666664,2.8715439969700793,60,60,153,0.3871866295264624,0.1671309192200557,0.520891364902507,1
18,20,67,7810.5,9031.5,21503.0,311,0.08075288717031462,0.09337682612876211,0.22231986848771207,24.10648148148148,22.57875,4.790153709066607,56,54,148,0.5176848874598071,0.1864951768488746,0.6109324758842444,1
16,16,80,8728.0,9600.5,23787.5,375,0.062065777777777775,0.06827022222222222,0.16915555555555556,34.09375,37.501953125,3.716796875,53,53,158,0.496,0.38133333333333336,0.5173333333333333,1
16,18,69,6998.5,6991.0,22867.0,319,0.06877389176600072,0.06870018966008588,0.2247128074606185,27.337890625,21.57716049382716,4.802982566687671,43,43,146,0.4702194357366771,0.4890282131661442,0.6332288401253918,1
18,22,87,6957.0,7072.0,13142.0,287,0.08446138717235853,0.08585754349330452,0.1595503162597579,21.47222222222222,14.611570247933884,1.736292773153653,41,38,110,0.4878048780487805,0.4878048780487805,0.4878048780487805,1
16,19,76,6728.0,7413.0,12698.0,303,0.0732825757823307,0.08074371793615005,0.1383088803929898,26.28125,20.534626038781163,2.1984072022160666,40,29,105,0.2871287128712871,0.23102310231023102,0.5742574257425742,1
19,22,71,6507.5,6651.5,8860.5,347,0.05404496341635592,0.05524088730908819,0.07358669202468254,18.026315789473685,13.742768595041323,1.7576869668716524,34,31,89,0.38904899135446686,0.0893371757925072,0.34293948126801155,1
19,19,109,8770.5,9679.5,16015.5,323,0.08406579186994988,0.09277861380824123,0.15350957068504442,24.29501385041551,26.81301939058172,1.3479925932160592,42,46,98,0.33746130030959753,0.34055727554179566,0.6222910216718266,1
17,33,110,5869.5,7104.0,8202.5,363,0.04454386084739203,0.053912528743482915,0.06224908741813325,20.30968858131488,6.523415977961433,0.677892561983471,31,31,82,0.24793388429752067,0.08539944903581267,0.38292011019283745,1
16,27,75,9986.5,9268.5,17486.5,303,0.10877473886002462,0.10095415482142274,0.19046607631060136,39.009765625,12.713991769547325,3.108711111111111,42,36,126,0.37293729372937295,0.38943894389438943,0.47854785478547857,1
16,22,72,7445.25,7342.5,17091.25,275,0.0984495867768595,0.09709090909090909,0.226,29.0830078125,15.170454545454545,3.296923225308642,55,49,131,0.6254545454545455,0.5272727272727272,0.610909090909091,1
17,25,106,7434.0,8221.0,14644.0,295,0.08542372881355932,0.09446710715311692,0.1682734846308532,25.72318339100346,13.1536,1.303310786756853,44,39,121,0.5254237288135594,0.4711864406779661,0.6101694915254238,1
17,21,101,8387.75,8459.5,17440.5,323,0.08039710914510827,0.08108483738941234,0.16716828494474212,29.023356401384085,19.182539682539684,1.7096853249681403,48,50,129,0.23219814241486067,0.2260061919504644,0.4241486068111455,1
18,26,95,7984.0,7334.5,19827.0,295,0.09174375179546107,0.08428037920137892,0.22783108302212007,24.641975308641975,10.849852071005918,2.196897506925208,49,46,138,0.4135593220338983,0.376271186440678,0.6677966101694915,1
16,16,118,8413.0,7830.25,16506.75,303,0.09163589626289362,0.08528847934298381,0.17979446459497436,32.86328125,30.5869140625,1.1854890835966676,56,53,130,0.46204620462046203,0.3234323432343234,0.5511551155115512,1
18,23,172,7464.0,7586.0,10434.5,319,0.07334833580644844,0.0745472233959965,0.1025392832224526,23.037037037037038,14.340264650283554,0.35270754461871284,30,1,101,0.09404388714733543,0.003134796238244514,0.32601880877742945,1
16,18,105,9017.25,7971.75,18467.75,287,0.10947383117434957,0.09678094914348845,0.2242075295317413,35.2236328125,24.604166666666668,1.6750793650793652,46,42,133,0.3867595818815331,0.1602787456445993,0.6132404181184669,1
18,17,105,6977.5,6642.0,11834.0,275,0.09226446280991736,0.08782809917355372,0.15648264462809916,21.535493827160494,22.982698961937718,1.0733786848072562,37,35,104,0.27636363636363637,0.3563636363636364,0.5163636363636364,1
19,22,97,6290.25,6537.75,11857.75,355,0.04991271573100575,0.05187661178337631,0.09409045824241222,17.424515235457065,13.507747933884298,1.2602561377404613,39,38,110,0.3408450704225352,0.4028169014084507,0.30985915492957744,1
15,25,115,8186.75,6524.75,13352.75,279,0.10517272388586991,0.08382150794568415,0.17153877776493107,36.385555555555555,10.4396,1.0096597353497165,47,43,118,0.37992831541218636,0.37992831541218636,0.5412186379928315,1
16,15,100,7295.5,7950.5,13886.0,347,0.06058932471825196,0.06602911742477721,0.11532360537833551,28.498046875,35.33555555555556,1.3886,37,36,114,0.4092219020172911,0.3746397694524496,0.45244956772334294,1
18,16,124,10174.5,8102.0,18339.5,359,0.0789449181803369,0.06286419254971641,0.14229793375284178,31.40277777777778,31.6484375,1.1927354318418315,50,44,119,0.4233983286908078,0.29526462395543174,0.5515320334261838,1
18,25,95,9802.5,8401.0,18629.5,343,0.08331987522205883,0.07140732177919064,0.1583481372557353,30.25462962962963,13.4416,2.0642105263157893,58,39,127,0.4956268221574344,0.2857142857142857,0.48104956268221577,1
19,25,95,7043.25,7459.0,12047.5,303,0.07671633499983661,0.08124475813918025,0.1312235183914431,19.51038781163435,11.9344,1.3349030470914127,30,31,106,0.18151815181518152,0.2145214521452145,0.3696369636963696,1
16,26,88,7583.0,7015.0,12925.25,319,0.07451774255363057,0.06893603639901337,0.12701575259677086,29.62109375,10.377218934911243,1.6690663739669422,43,44,111,0.3385579937304075,0.46394984326018807,0.4263322884012539,1
16,16,124,7584.5,7707.5,17408.5,283,0.09470089525402989,0.09623668668606175,0.21736443206932288,29.626953125,30.107421875,1.1321865244536942,47,43,122,0.5653710247349824,0.3250883392226148,0.508833922261484,1
16,26,86,6878.5,6858.0,12929.0,327,0.06432773148537815,0.06413601548691188,0.12091200703270394,26.869140625,10.144970414201184,1.7481070849107625,37,35,109,0.26605504587155965,0.3853211009174312,0.44954128440366975,1
18,20,133,6825.25,6980.0,13127.25,283,0.08522081684126409,0.08715304224050743,0.163908277041791,21.065586419753085,17.45,0.7421137430041269,43,43,114,0.2791519434628975,0.5335689045936396,0.5406360424028268,1
18,19,117,7548.5,7925.5,16348.0,239,0.1321492971061431,0.13874932161551792,0.2861994712977714,23.29783950617284,21.954293628808863,1.194243553217912,47,47,128,0.4602510460251046,0.6108786610878661,0.7656903765690377,1
19,29,130,8986.5,7932.5,15887.0,351,0.0729417780699832,0.06438665270574102,0.12895187539062183,24.893351800554015,9.432223543400713,0.9400591715976331,45,44,122,0.3162393162393162,0.35327635327635326,0.47293447293447294,1
17,22,91,10104.0,8357.5,18376.0,311,0.10446542115983086,0.08640832911156833,0.18998976437381748,34.96193771626297,17.267561983471076,2.2190556696051202,49,46,134,0.29260450160771706,0.4115755627009646,0.5209003215434084,1
16,19,108,8953.5,9644.5,14968.0,343,0.07610349429234417,0.08197689738119321,0.12722590077263726,34.974609375,26.71606648199446,1.2832647462277091,36,36,123,0.42565597667638483,0.3323615160349854,0.4752186588921283,1
18,18,98,7133.25,7265.0,13591.25,343,0.06063162457819446,0.06175148110056184,0.11552371885863884,22.016203703703702,22.42283950617284,1.4151655560183256,45,42,119,0.32653061224489793,0.282798833819242,0.3498542274052478,1
21,28,76,7490.0,6973.5,11191.25,311,0.07743923243142647,0.07209913048872531,0.11570651668200288,16.984126984126984,8.894770408163266,1.9375432825484764,27,37,108,0.24437299035369775,0.19935691318327975,0.3729903536977492,1
18,22,109,7310.25,5985.75,13950.5,279,0.09391259105098855,0.07689713647049755,0.1792178928842127,22.5625,12.367252066115702,1.1741856746065147,46,30,121,0.33691756272401435,0.34767025089605735,0.6272401433691757,1
21,30,95,7442.0,8012.5,11217.5,311,0.0769429596468192,0.08284136847220355,0.11597791586108498,16.875283446712018,8.902777777777779,1.2429362880886428,30,35,104,0.3311897106109325,0.11254019292604502,0.4694533762057878,1
16,23,101,7155.5,7268.0,12716.0,279,0.09192456417569148,0.0933698179622564,0.16335864133297362,27.951171875,13.73913043478261,1.2465444564258406,44,43,108,0.5663082437275986,0.3835125448028674,0.5663082437275986,1
17,22,92,8851.5,7761.0,15110.0,303,0.09641211645917067,0.08453419599385681,0.16458081451709528,30.6280276816609,16.035123966942148,1.7852079395085065,49,46,128,0.5082508250825083,0.35973597359735976,0.4884488448844885,1
17,21,102,5654.5,6412.0,14459.0,291,0.06677412878922072,0.07571946481501163,0.17074668461638384,19.56574394463668,14.53968253968254,1.389753940792003,17,30,116,0.058419243986254296,0.2508591065292096,0.5670103092783505,1
20,31,98,7007.5,6906.0,13902.0,287,0.08507448190460003,0.08384222219524336,0.16877708846774878,17.51875,7.186264308012487,1.4475218658892128,42,41,108,0.40418118466898956,0.445993031358885,0.5261324041811847,1
18,18,109,7088.5,5908.0,6901.0,295,0.08145360528583741,0.067888537776501,0.07929905199655271,21.878086419753085,18.234567901234566,0.580843363353253,38,25,82,0.36610169491525424,0.2305084745762712,0.34576271186440677,1
