SrcIPF0,DstIPF0,DstPortF0,SrcIPF2,DstIPF2,DstPortF2,Events_F1,SrcIP_BurstIndex,DstIP_BurstIndex,DstPort_BurstIndex,SrcIP_Concentration,DstIP_Concentration,DstPort_Concentration,SrcIP_MaxCount,DstIP_MaxCount,DstPort_MaxCount,SrcIP_FractionOfMass,DstIP_FractionOfMass,DstPort_FractionOfMass,Attack
56,97,81,386.0,235.0,5073.0,87,0.050997489760866696,0.03104769454353283,0.6702338485929449,0.12308673469387756,0.024976086725475608,0.7732053040695016,14,12,67,0.4827586206896552,0.39080459770114945,1.0,1
62,136,93,448.0,173.5,4688.0,89,0.056558515338972354,0.02190380002524934,0.5918444640828179,0.11654526534859522,0.009380406574394463,0.5420279801133079,12,0,65,0.33707865168539325,0.0,0.9438202247191011,1
62,101,79,20580.0,5464.0,88612.0,499,0.08265027048084145,0.021943686973144687,0.35587005674676003,5.353798126951093,0.5356337613959415,14.198365646531006,72,66,299,0.4969939879759519,0.39879759519038077,0.9258517034068137,0
61,133,505,49116.0,14881.0,187573.0,975,0.05166706114398422,0.015653911900065747,0.1973154503616042,13.199677506046761,0.8412572785346826,0.7355082835016175,98,98,425,0.26153846153846155,0.27692307692307694,0.6430769230769231,0
61,133,215,16275.5,6395.5,28220.5,431,0.08761526908231544,0.03442864756326678,0.1519183251597483,4.373958613276001,0.3615523771835604,0.6105029745808546,58,70,158,0.14153132250580047,0.16473317865429235,0.6705336426914154,0
61,127,198,6553.0,1742.0,2443.0,279,0.08418442722986601,0.022378951966187485,0.03138448889402757,1.7610857296425693,0.10800421600843202,0.06231506989082747,33,39,50,0.36200716845878134,0.44802867383512546,0.2222222222222222,0
62,136,252,3889.0,2168.5,2126.5,287,0.04721436462746907,0.02632665201714237,0.025816751447753403,1.011706555671176,0.11724156574394463,0.033486079617032,39,45,49,0.49477351916376305,0.4146341463414634,0.24390243902439024,0
62,143,238,3948.5,1270.5,4517.0,255,0.060722798923490966,0.01953863898500577,0.06946559015763168,1.027185223725286,0.0621301775147929,0.07974366217075066,40,34,43,0.42745098039215684,0.25098039215686274,0.17254901960784313,0
62,135,433,4208.0,1622.0,3342.0,251,0.0667925905938001,0.025745623085347853,0.05304677703528515,1.0946930280957337,0.08899862825788751,0.017825045736016513,35,30,48,0.450199203187251,0.1952191235059761,0.4103585657370518,0
48,89,280,4086.5,1332.0,4684.5,291,0.04825757844144495,0.015729620576044212,0.055319375066425765,1.7736545138888888,0.16816058578462315,0.05975127551020408,36,39,47,0.3539518900343643,0.30584192439862545,0.4261168384879725,0
61,85,195,5831.0,1530.0,3516.0,239,0.10208154619141822,0.026785245356348804,0.06155354423066823,1.5670518677774792,0.21176470588235294,0.092465483234714,40,38,48,0.41841004184100417,0.5313807531380753,0.2301255230125523,0
61,133,513,2222.0,2382.0,4774.0,231,0.041640898783755924,0.04463934334064204,0.08946608946608947,0.597151303413061,0.13465995816609191,0.01814043447366521,48,36,33,0.5757575757575758,0.5974025974025974,0.341991341991342,0
62,97,409,3690.5,1798.5,2853.5,231,0.0691609977324263,0.03370439084724799,0.05347538464421581,0.9600676378772113,0.1911467743649697,0.01705812375583599,36,35,20,0.5584415584415584,0.4025974025974026,0.22077922077922077,0
62,59,385,4782.5,1557.5,2812.5,231,0.08962538183317405,0.02918798373343828,0.052707033226513746,1.244146722164412,0.4474288997414536,0.018974531961544947,39,28,25,0.4025974025974026,0.329004329004329,0.10822510822510822,0
62,124,237,4224.5,2548.5,4755.0,247,0.06924388205018932,0.041772525365110065,0.07793932042813355,1.0989854318418315,0.16574531737773152,0.08465523687443252,19,19,46,0.1417004048582996,0.20647773279352227,0.3562753036437247,0
61,97,270,8396.5,3664.5,9436.0,315,0.08462081128747795,0.03693121693121693,0.09509700176366843,2.2565170653050255,0.3894675310872569,0.12943758573388203,49,15,70,0.4380952380952381,0.06666666666666667,0.48253968253968255,0
61,135,201,3153.5,1770.5,2631.5,231,0.05909746818837728,0.03317966304979292,0.04931504282153633,0.8474872346143509,0.09714677640603567,0.06513452637310958,40,31,37,0.42424242424242425,0.36796536796536794,0.16017316017316016,1
62,136,403,2205.0,930.0,1605.0,243,0.03734186861758878,0.015749631661840166,0.02718081593253061,0.573621227887617,0.05028114186851211,0.009882457252984748,43,34,46,0.43621399176954734,0.4567901234567901,0.35390946502057613,1
48,97,201,2695.0,2269.0,1618.0,219,0.05619148891807927,0.047309272116928335,0.033735743625028666,1.1697048611111112,0.24115208842597513,0.040048513650652214,38,33,43,0.4292237442922374,0.4703196347031963,0.3515981735159817,0
62,100,181,3565.0,690.0,3855.0,211,0.08007457155050425,0.01549830417106534,0.08658835156443027,0.9274193548387096,0.069,0.11767040078141693,38,29,48,0.3886255924170616,0.5639810426540285,0.4786729857819905,1
62,90,249,5319.0,2039.0,3529.0,259,0.07929219898331867,0.030396088311146225,0.052608041025029445,1.3837148803329864,0.2517283950617284,0.05691843679940646,42,40,32,0.42084942084942084,0.38996138996138996,0.3281853281853282,0
56,89,224,5695.0,1290.0,2856.0,295,0.0654409652398736,0.014823326630278655,0.032818155702384375,1.8160076530612246,0.1628582249715945,0.056919642857142856,30,25,44,0.31186440677966104,0.2271186440677966,0.26440677966101694,1
61,52,253,4652.5,1884.5,6177.0,291,0.05494148628381809,0.022254106588254743,0.07294434406773656,1.25033593120129,0.696930473372781,0.0965020543986002,42,31,49,0.3230240549828179,0.3230240549828179,0.32646048109965636,1
62,53,172,5372.0,1629.0,3340.5,227,0.10425197461623552,0.03161326631605504,0.0648275728230705,1.3975026014568157,0.5799216803132787,0.11291576527852894,21,28,37,0.09251101321585903,0.21145374449339208,0.43612334801762115,1
61,131,168,4848.0,1372.0,2902.0,243,0.08210130569527004,0.023234940473166352,0.04914562482006469,1.3028755710830422,0.07994872093700833,0.1028202947845805,52,28,46,0.2139917695473251,0.3950617283950617,0.3497942386831276,1
61,133,270,3101.0,1564.0,2072.0,239,0.05428826526146251,0.027380473030934334,0.036273874757094586,0.833378124160172,0.08841653004692182,0.028422496570644717,32,29,32,0.2217573221757322,0.2217573221757322,0.19665271966527198,1
62,140,202,4173.0,1014.0,4849.0,259,0.06220837494968769,0.015116053726092336,0.07228574410041591,1.0855879292403745,0.05173469387755102,0.11883638858935398,29,35,44,0.4362934362934363,0.3861003861003861,0.2857142857142857,1
61,80,287,2703.0,1303.0,2949.5,207,0.06308198557725968,0.030409111064435577,0.06883474526826763,0.7264176296694437,0.20359375,0.035808374509827726,30,24,34,0.5169082125603864,0.3140096618357488,0.1642512077294686,1
62,99,477,4170.0,991.0,3333.0,223,0.08385449134307948,0.019928009813187476,0.06702326610227433,1.0848074921956297,0.10111213141516172,0.014648682146012157,32,36,46,0.4080717488789238,0.5739910313901345,0.5112107623318386,0
61,46,340,2530.0,2240.5,2320.5,239,0.04429194166768789,0.03922375308555522,0.04062428879046235,0.679924751410911,1.0588374291115312,0.020073529411764705,44,40,39,0.48535564853556484,0.4811715481171548,0.4309623430962343,0
61,85,231,3641.0,2016.5,2005.0,191,0.09980537814204654,0.05527534881171021,0.054960116224884184,0.9785004031174416,0.2791003460207612,0.037574258353479134,29,35,0,0.5916230366492147,0.5916230366492147,0.0,0
62,90,338,3880.0,1672.0,2698.5,271,0.052831524625209354,0.022766574529213927,0.03674378072194006,1.0093652445369408,0.20641975308641974,0.023620496481215645,40,31,36,0.33579335793357934,0.3173431734317343,0.3837638376383764,1
62,140,195,2263.5,1771.0,2883.5,231,0.042418620340698265,0.03318903318903319,0.05403759299863196,0.5888397502601457,0.09035714285714286,0.07583168967784353,34,26,36,0.4675324675324675,0.5151515151515151,0.3463203463203463,1
53,126,241,3760.0,2171.0,3094.0,223,0.07560980514387983,0.0436566188742987,0.06221721731786282,1.3385546457814168,0.13674729150919626,0.05327043267161378,44,26,30,0.5022421524663677,0.3273542600896861,0.15246636771300448,1
61,125,179,3217.0,1341.5,3694.5,203,0.07806547113494625,0.03255356839525347,0.08965274575942149,0.8645525396398818,0.085856,0.11530538996910208,28,34,47,0.4975369458128079,0.5123152709359606,0.32019704433497537,1
61,97,183,1863.0,1268.0,2712.0,239,0.03261497522802472,0.022198490922777963,0.0474781603963516,0.50067186240258,0.1347645870974599,0.08098181492430351,26,27,48,0.4309623430962343,0.1589958158995816,0.4100418410041841,1
61,89,239,3910.0,1227.0,3973.0,267,0.054847171372862574,0.017211631528005724,0.055730898175034016,1.0507927976350444,0.15490468375205152,0.0695541044449502,28,25,41,0.352059925093633,0.33707865168539325,0.37453183520599254,1
62,127,284,5003.0,1800.5,3494.0,239,0.08758600164562945,0.031520806708566024,0.06116839691181877,1.3015088449531738,0.11163122326244652,0.04331977782186074,40,28,41,0.502092050209205,0.401673640167364,0.41422594142259417,1
61,97,271,4441.0,1739.0,4288.0,311,0.04591557159251869,0.01797954942566764,0.04433370209158301,1.193496371943026,0.1848230417685195,0.05838700453425198,41,28,28,0.19614147909967847,0.4115755627009646,0.28938906752411575,1
62,97,206,2149.0,1301.0,2648.0,231,0.04027285845467664,0.024381102303180226,0.04962425741646521,0.5590530697190427,0.1382718673610373,0.06239984918465454,27,31,43,0.29004329004329005,0.2683982683982684,0.18614718614718614,1
61,86,307,3188.0,2136.0,4402.0,251,0.0506023713909303,0.033904223742480276,0.06987190679513024,0.8567589357699543,0.2888047593293672,0.04670606584685249,42,33,46,0.3426294820717131,0.29880478087649404,0.26693227091633465,1
61,89,230,5583.5,2713.0,4838.5,267,0.07832204126863893,0.038056362131605154,0.06787162114772265,1.500537489922064,0.3425072591844464,0.09146502835538753,31,36,46,0.40823970037453183,0.3782771535580524,0.2696629213483146,1
62,94,248,3709.0,1573.0,3547.0,243,0.06281224068146793,0.02663889312266084,0.060068756456502226,0.9648803329864725,0.17802172928927115,0.05767104578563996,38,25,35,0.37037037037037035,0.205761316872428,0.34156378600823045,1
61,56,422,2701.0,1402.0,2281.0,207,0.06303531004224136,0.032719550047842424,0.05323344768839413,0.7258801397473797,0.44706632653061223,0.012808562251521754,22,0,30,0.3719806763285024,0.0,0.34782608695652173,1
62,96,284,4888.0,1732.0,4555.0,279,0.06279467118870519,0.02225048496293727,0.05851671998047302,1.27159209157128,0.1879340277777778,0.0564744098393176,29,33,42,0.2724014336917563,0.2831541218637993,0.3225806451612903,1
61,133,374,3820.5,1822.0,7501.5,331,0.03487098511331587,0.016630005202581212,0.06846870693038581,1.026740123622682,0.10300186556617107,0.05362964339843862,47,22,28,0.2990936555891239,0.12084592145015106,0.16314199395770393,1
61,97,221,4047.0,1743.0,5611.0,327,0.03784754369721965,0.016300535869595713,0.05247407158020743,1.0876108572964256,0.18524816664895313,0.11488298765381544,32,39,43,0.3516819571865443,0.26605504587155965,0.3241590214067278,1
61,86,152,5773.0,1518.0,4712.0,299,0.06457422176485722,0.016979675842552097,0.0527063455666044,1.5514646600376243,0.20524607896160085,0.20394736842105263,30,32,44,0.43478260869565216,0.35785953177257523,0.38461538461538464,1
62,53,288,8182.0,3148.5,8623.5,287,0.09933348711287013,0.038224331969551655,0.10469351333632798,2.128511966701353,1.1208615165539337,0.10396773726851852,45,51,68,0.3310104529616725,0.5261324041811847,0.5609756097560976,1
61,127,271,5754.0,1367.0,9815.0,327,0.05381140756950874,0.01278418389772653,0.09178987926568097,1.5463585057780167,0.08475416950833901,0.13364469438052315,50,13,68,0.28440366972477066,0.039755351681957186,0.42507645259938837,1
62,96,163,4145.5,1511.0,4676.0,307,0.043984551560228756,0.016032000339526148,0.04961325849611137,1.0784339229968782,0.16395399305555555,0.17599458014979863,43,39,39,0.48534201954397393,0.4495114006514658,0.34201954397394135,1
61,86,257,7591.0,1648.0,7038.5,283,0.09478205496385271,0.020577107967386283,0.08788347962891284,2.040042999193765,0.22282314764737696,0.10656482308589078,33,31,48,0.21554770318021202,0.2862190812720848,0.558303886925795,1
61,89,275,9520.5,4039.5,8580.5,287,0.11558353263970668,0.04904150833444621,0.10417147227719166,2.558586401504972,0.5099734881959349,0.11346115702479338,77,45,67,0.6062717770034843,0.2961672473867596,0.4146341463414634,1
62,80,215,8813.0,1709.0,9730.0,343,0.07490926399714405,0.014526260316704774,0.08270363539001606,2.2926638917793967,0.26703125,0.21049215792320172,44,38,60,0.41690962099125367,0.2886297376093295,0.5072886297376094,1
63,91,157,9849.0,2943.0,8438.0,335,0.08776119402985075,0.026224103363778124,0.0751882379149031,2.4814814814814814,0.3553918608863664,0.34232626070023126,61,35,60,0.4298507462686567,0.23880597014925373,0.5014925373134328,1
62,134,207,5886.0,1318.5,6250.5,299,0.06583818972942138,0.014748157179449894,0.06991532533193141,1.5312174817898023,0.07342949431944754,0.14587271581600503,44,0,41,0.25752508361204013,0.0,0.2909698996655518,1
62,96,239,8745.0,2922.0,7736.0,291,0.10326991887200199,0.034505969461862754,0.09135461319540393,2.274973985431842,0.3170572916666667,0.13543180266451918,48,19,66,0.41237113402061853,0.06529209621993128,0.48109965635738833,1
61,89,193,6423.0,3220.0,8493.0,351,0.05213431709158205,0.026136151492276848,0.06893612876518859,1.7261488847084117,0.4065143289988638,0.22800612096969047,44,41,66,0.42450142450142453,0.2222222222222222,0.48717948717948717,1
61,133,388,4924.0,1796.0,10831.0,255,0.07572472126105344,0.027620146097654747,0.16656670511341792,1.3233001881214728,0.10153202555260331,0.07194574343713465,48,32,61,0.4117647058823529,0.2235294117647059,0.6431372549019608,1
61,131,343,4655.5,2235.0,5062.0,235,0.08430058850158442,0.04047080126754187,0.09166138524219104,1.251142166084386,0.13023716566633647,0.043026290066213904,42,41,56,0.4553191489361702,0.4595744680851064,0.4297872340425532,1
61,118,322,7292.0,4768.0,9865.0,359,0.05657932511386473,0.03699536781992691,0.07654347809219357,1.959688255845203,0.34243033611031315,0.09514486323830099,42,50,72,0.17270194986072424,0.2479108635097493,0.5097493036211699,1
62,126,535,5255.0,2097.0,6843.0,291,0.062056423518853106,0.024763524285258794,0.08080915435575867,1.3670655567117587,0.1320861678004535,0.02390776487029435,46,38,51,0.4020618556701031,0.29553264604810997,0.5017182130584192,1
62,148,180,6749.5,1291.5,8304.0,319,0.06632698184962806,0.012691502638535392,0.08160297166891049,1.755853277835588,0.0589618334550767,0.2562962962962963,40,24,58,0.2413793103448276,0.13166144200626959,0.36363636363636365,1
61,131,248,5493.0,3219.0,8110.0,279,0.0705669248853432,0.04135352834624427,0.10418673963592451,1.4762160709486698,0.1875764815570188,0.13186134235171695,40,44,55,0.48028673835125446,0.4014336917562724,0.5663082437275986,1
64,133,342,7575.0,2423.5,10402.5,343,0.06438643762377921,0.02059941010973319,0.08841979107344729,1.849365234375,0.1370060489569789,0.08893762183235868,33,44,79,0.3294460641399417,0.30903790087463556,0.33819241982507287,1
61,90,210,6479.0,2325.0,9392.0,303,0.07057042337897156,0.02532431460967879,0.10229933884477557,1.7411986025262027,0.28703703703703703,0.21297052154195012,48,49,73,0.45874587458745875,0.5907590759075908,0.6138613861386139,1
62,126,255,3050.0,2419.0,5442.0,315,0.03073822121441169,0.02437893675988914,0.054845049130763414,0.7934443288241415,0.15236835474930713,0.08369088811995386,24,33,46,0.16825396825396827,0.19682539682539682,0.27936507936507937,1
61,131,630,13244.0,1859.0,9058.0,335,0.11801292047226554,0.016564936511472488,0.08071285364223658,3.5592582639075516,0.10832702056989686,0.022821869488536154,71,48,68,0.5611940298507463,0.14328358208955225,0.5552238805970149,1
61,133,179,7899.0,1813.0,8011.0,295,0.09076702097098535,0.020833093938523412,0.09205400746911807,2.122816447191615,0.10249307479224377,0.25002340750912894,51,44,72,0.3559322033898305,0.39661016949152544,0.28135593220338984,1
62,135,299,4265.0,1396.5,6153.0,263,0.06166057048677876,0.020189680348132833,0.08895603521808902,1.1095213319458896,0.07662551440329218,0.06882473350409951,46,27,53,0.5855513307984791,0.17490494296577946,0.34220532319391633,0
62,135,218,9656.0,2908.5,9746.0,319,0.09488900462849226,0.028581676673774824,0.09577342989947032,2.5119667013527573,0.15958847736625514,0.20507533035939735,57,32,65,0.18495297805642633,0.10344827586206896,0.3761755485893417,1
61,135,217,8010.0,2163.0,7402.0,259,0.11940788002564065,0.03224459981216738,0.11034421073031112,2.152647137866165,0.11868312757201646,0.157191700821848,51,33,57,0.5984555984555985,0.4362934362934363,0.6061776061776062,0
62,134,430,8617.0,1565.5,6250.0,331,0.07865024963262475,0.014288843657870958,0.05704584660600031,2.241675338189386,0.0871853419469815,0.03380205516495403,52,47,59,0.5196374622356495,0.35347432024169184,0.3806646525679758,0
61,125,285,6629.0,2159.0,7076.0,255,0.10194540561322568,0.03320261437908497,0.10881968473663975,1.7815103466809998,0.138176,0.08711603570329332,45,31,61,0.596078431372549,0.21176470588235294,0.6392156862745098,0
61,125,375,7931.5,3251.5,9564.0,327,0.0741753874065969,0.03040802775673578,0.08944252728445978,2.1315506584251547,0.208096,0.06801066666666666,57,53,67,0.44036697247706424,0.5137614678899083,0.5657492354740061,0
62,143,207,4341.0,1664.0,9755.0,295,0.0498822177535191,0.019120942257971847,0.11209422579718471,1.1292924037460979,0.08137317228226319,0.2276599220518565,52,37,72,0.535593220338983,0.29152542372881357,0.6101694915254238,0
64,133,239,6166.0,2779.5,5239.0,303,0.06716117156270082,0.03027480965918374,0.05706412225380954,1.50537109375,0.15713155068121432,0.09171758197510547,45,43,60,0.4884488448844885,0.5115511551155115,0.45874587458745875,1
62,136,401,6577.5,1371.0,5959.0,319,0.0646367468873144,0.013472744961232692,0.05855877988620395,1.711108220603538,0.07412413494809689,0.03705822724983054,46,38,60,0.4482758620689655,0.45454545454545453,0.46394984326018807,1
61,131,165,7813.0,1432.0,6638.0,259,0.11647113191514735,0.021347326366631385,0.09895499470789046,2.099704380542865,0.08344502068644018,0.2438200183654729,35,37,61,0.5135135135135135,0.3436293436293436,0.4247104247104247,1
62,127,206,9419.0,1390.0,6275.0,295,0.10823326630278655,0.015972421717897155,0.0721057167480609,2.450312174817898,0.08618017236034473,0.1478697332453577,49,34,62,0.43050847457627117,0.29152542372881357,0.5016949152542373,1
61,133,271,10772.5,3181.0,7161.5,271,0.1466823708827494,0.04331368036927602,0.0975136504132569,2.8950550927170116,0.17982927242919328,0.0975136504132569,44,44,54,0.5719557195571956,0.46863468634686345,0.2915129151291513,1
64,148,354,8179.0,1895.0,9471.0,311,0.08456281469381004,0.019592435975641278,0.09792082381282245,1.996826171875,0.08651387874360847,0.07557694149190845,52,34,78,0.5112540192926045,0.29260450160771706,0.4437299035369775,1
62,136,179,5998.0,3471.0,6993.0,303,0.06533128560380791,0.037806750972126914,0.07616900303891776,1.560353798126951,0.18766219723183392,0.2182516151181299,36,39,49,0.30033003300330036,0.2706270627062706,0.5214521452145214,1
62,136,255,4215.0,2750.0,5314.0,253,0.06585011482760236,0.04296270836913559,0.08301957537221329,1.0965140478668054,0.14868079584775087,0.08172241445597847,37,35,48,0.4426877470355731,0.4743083003952569,0.38735177865612647,1
61,133,491,3688.0,1052.0,4552.0,243,0.062456603837490896,0.017815712374468662,0.07708851970397466,0.9911314162859446,0.05947198824127989,0.01888162070009665,35,36,42,0.3991769547325103,0.3168724279835391,0.4444444444444444,1
61,131,183,3446.0,3509.0,5011.0,283,0.04302713231529923,0.04381375719512043,0.0625678932187941,0.9260951357162053,0.20447526367927277,0.14963122219236166,38,43,57,0.23674911660777384,0.36395759717314485,0.3392226148409894,0
61,97,172,3101.0,1260.0,4104.0,235,0.05615210502489815,0.022815753734721594,0.0743141693073789,0.833378124160172,0.13391433733659264,0.13872363439697133,35,33,55,0.5531914893617021,0.6170212765957447,0.39574468085106385,1
64,145,397,4062.5,1900.0,3197.0,267,0.0569863513304998,0.02665207816072606,0.04484562835781116,0.9918212890625,0.09036860879904875,0.02028437462327659,37,36,48,0.5280898876404494,0.39325842696629215,0.23595505617977527,1
62,92,318,2506.0,877.5,2487.0,263,0.03623010308085992,0.012686319015744046,0.035955413552313895,0.6519250780437045,0.10367438563327032,0.024593568292393498,28,19,44,0.44866920152091255,0.1520912547528517,0.39923954372623577,1
61,133,451,2730.0,1697.5,1813.0,247,0.04474749627104198,0.02782376370699405,0.029716927010768904,0.7336737436173072,0.0959635931935101,0.008913427170957862,40,33,14,0.5263157894736842,0.4048582995951417,0.11740890688259109,1
61,133,638,3285.0,815.0,4001.0,207,0.07666456626759084,0.01902028051996546,0.09337440780414946,0.8828271969900564,0.046073831194527674,0.009829404192175784,11,23,49,0.05314009661835749,0.1111111111111111,0.5845410628019324,1
61,133,394,2217.0,765.0,3871.0,303,0.024147959350390484,0.008332516419958828,0.04216362230282434,0.5958075786079011,0.04324721578382045,0.024936226133113453,34,31,40,0.48514851485148514,0.3564356435643564,0.22772277227722773,1
61,133,379,3933.0,796.0,4128.0,275,0.05200661157024793,0.010525619834710743,0.05458512396694215,1.0569739317387798,0.04499971733845893,0.02873831287724257,37,31,47,0.3709090909090909,0.33454545454545453,0.32,1
62,148,267,3028.0,1951.0,3814.0,275,0.0400396694214876,0.025798347107438016,0.05043305785123967,0.7877211238293444,0.08907048940832725,0.05350054005526799,37,34,54,0.4036363636363636,0.2727272727272727,0.26181818181818184,1
61,134,375,2822.0,2591.0,3893.0,279,0.03625338831721073,0.033285800542130754,0.050012204365308774,0.7583982800322494,0.14429717086210736,0.027683555555555555,25,29,50,0.22939068100358423,0.21505376344086022,0.22580645161290322,1
61,131,317,5304.0,1665.0,4129.0,259,0.07906858872109837,0.024820739106453393,0.06155245151384148,1.4254232733136254,0.09702231804673388,0.04108907442605658,36,8,51,0.4671814671814672,0.03088803088803089,0.2277992277992278,1
62,133,598,3546.5,1212.5,4252.0,231,0.0664623976312288,0.02272258765765259,0.07968366409924851,0.9226066597294484,0.06854542370965007,0.011890247312669881,28,31,46,0.4935064935064935,0.5930735930735931,0.19913419913419914,1
61,133,275,4393.5,1441.0,3142.5,263,0.06351833914036635,0.02083303213867484,0.04543220228715176,1.180730986294007,0.08146305613658206,0.04155371900826446,28,26,0,0.44106463878326996,0.30038022813688214,0.0,1
64,148,275,4816.5,819.0,4793.0,247,0.07894736842105263,0.013424248881312594,0.07856217935058762,1.1759033203125,0.037390430971512054,0.06337851239669422,33,24,55,0.4898785425101215,0.1902834008097166,0.38461538461538464,0
62,136,652,3860.0,2524.0,3492.0,239,0.06757584776176888,0.04418690148981986,0.061133383519196095,1.004162330905307,0.13646193771626297,0.008214460461440025,32,28,40,0.4769874476987448,0.5146443514644351,0.26359832635983266,1
61,131,158,3595.0,2873.0,5230.0,315,0.03623078861174099,0.028954396573444192,0.0527084908037289,0.9661381349099705,0.16741448633529515,0.20950168242268868,31,27,47,0.4,0.08571428571428572,0.27936507936507937,1
61,134,339,8283.0,1806.0,5267.0,263,0.1197501771024592,0.026109962555480055,0.07614682878167965,2.226014512227896,0.10057919358431722,0.04583148423699759,38,31,46,0.5133079847908745,0.2965779467680608,0.28517110266159695,1
61,133,190,5223.0,1529.5,6569.0,359,0.040525756317843595,0.011867536719919925,0.05096949899519712,1.4036549314700348,0.08646616541353383,0.1819667590027701,29,45,51,0.18384401114206128,0.21448467966573817,0.22562674094707522,0
61,135,314,4663.0,1912.0,4758.0,279,0.05990416361557534,0.024562891021441144,0.061124600146452386,1.2531577532921259,0.10491083676268861,0.04825753580266948,33,24,40,0.4444444444444444,0.16129032258064516,0.24731182795698925,1
62,136,267,6214.0,2478.0,5092.0,319,0.0610646514873085,0.02435117579426303,0.05003881644244848,1.6165452653485952,0.1339749134948097,0.07142756947074584,30,27,30,0.1974921630094044,0.23197492163009403,0.1724137931034483,1
51,101,251,10026.0,5420.0,9115.0,295,0.11520827348463085,0.06228095374892272,0.10474001723642631,3.8546712802768166,0.5313204587785512,0.14468024317074332,56,50,49,0.5050847457627119,0.5898305084745763,0.16610169491525423,1
61,86,141,13252.0,9818.0,15274.5,359,0.10282353488877337,0.07617880059900219,0.11851630573940301,3.5614082235958078,1.3274743104380746,0.7682963633620039,64,64,62,0.5738161559888579,0.43175487465181056,0.17270194986072424,0
59,131,186,12686.5,3823.0,9158.0,351,0.1029740018344007,0.031030592284153537,0.07433381222555012,3.6444987072680264,0.22277256570129947,0.2647126835472309,68,66,66,0.38461538461538464,0.34472934472934474,0.32763532763532766,0
61,133,351,8030.0,2181.0,6704.0,295,0.09227233553576558,0.025061763860959495,0.07703533467394427,2.1580220370868046,0.1232969642150489,0.05441514273423105,39,33,50,0.4440677966101695,0.22372881355932203,0.1694915254237288,1
64,135,310,5656.0,1122.0,4629.0,263,0.08177073544506933,0.01622113952782316,0.06692304355997629,1.380859375,0.06156378600823045,0.04816857440166493,26,24,47,0.2623574144486692,0.1634980988593156,0.29277566539923955,1
62,146,524,3033.0,2298.0,3256.0,307,0.03218071279270868,0.02438222156203249,0.03454678564228798,0.7890218522372529,0.1078063426534059,0.011858283316823029,41,32,45,0.4820846905537459,0.18241042345276873,0.1465798045602606,1
61,86,386,5966.0,1453.0,3466.0,207,0.139233120959649,0.033909776190809586,0.08088870218674882,1.6033324375167965,0.19645754461871281,0.023262369459582807,36,21,34,0.357487922705314,0.10144927536231885,0.1642512077294686,1
61,133,277,3510.0,1247.0,5669.0,295,0.04033323757540937,0.0143292157426027,0.06514220051709278,0.9432948132222521,0.07049578834303805,0.07388340783797522,40,27,57,0.376271186440678,0.31864406779661014,0.2847457627118644,0
62,127,287,2521.0,911.0,3597.0,255,0.038769703960015375,0.014009996155324875,0.05531718569780854,0.6558272632674298,0.05648211296422593,0.043669341621241003,32,32,48,0.2980392156862745,0.3411764705882353,0.26666666666666666,0
61,90,230,5212.0,1083.0,5501.0,251,0.08272884557387979,0.01719020333010587,0.08731607434802623,1.4006987368986832,0.1337037037037037,0.10398865784499055,34,28,51,0.4701195219123506,0.3784860557768924,0.2549800796812749,0
55,126,380,8503.0,2043.0,5553.5,407,0.051331429709808085,0.012333307173602015,0.03352570797288242,2.810909090909091,0.12868480725623582,0.038459141274238225,42,40,61,0.31695331695331697,0.25061425061425063,0.21375921375921375,1
62,146,201,3840.0,1034.0,5334.0,207,0.08961702723517469,0.024131251604471517,0.12448365189385983,0.9989594172736732,0.0485081628823419,0.13202643498923294,35,20,55,0.46859903381642515,0.0966183574879227,0.5603864734299517,0
62,151,235,4494.0,2711.0,5056.5,239,0.07867509322315785,0.04746065370004027,0.0885226098982861,1.1690946930280957,0.11889829393447655,0.09156179266636487,32,24,56,0.5230125523012552,0.2928870292887029,0.2384937238493724,1
56,53,297,11328.5,2634.0,5413.0,335,0.10094453107596346,0.02347070617063934,0.04823345956783248,3.612404336734694,0.9377002491990032,0.06136562028817921,46,30,48,0.33432835820895523,0.28955223880597014,0.29850746268656714,1
61,86,256,5165.5,805.0,3803.5,231,0.09680290849122018,0.015085924176833267,0.07127864920072713,1.388202096210696,0.10884261763115198,0.05803680419921875,37,33,43,0.6060606060606061,0.6017316017316018,0.2943722943722944,1
62,135,549,8137.0,2503.0,4426.0,299,0.09101687900582768,0.027997449692956453,0.04950727620496415,2.116805411030177,0.13733882030178327,0.014684755525031436,44,29,6,0.3110367892976589,0.3010033444816054,0.033444816053511704,1
62,139,887,4420.0,3076.0,5095.0,311,0.04569845224925301,0.03180281428024938,0.05267728828279278,1.149843912591051,0.15920501009264532,0.006475852505627446,30,32,53,0.2765273311897106,0.10289389067524116,0.17041800643086816,0
61,131,206,7818.0,1652.0,4961.0,267,0.1096662879266086,0.023173280590273394,0.06958997881861156,2.1010481053480246,0.09626478643435697,0.11690545763031389,29,23,43,0.36329588014981273,0.33707865168539325,0.18726591760299627,0
56,86,659,10036.0,3245.0,7352.0,263,0.14509390044673193,0.04691408000693952,0.10629039020370397,3.2002551020408165,0.4387506760411033,0.016929131138594598,46,31,58,0.34980988593155893,0.44106463878326996,0.30798479087452474,1
62,78,236,5206.0,1327.0,6235.5,267,0.0730266941603894,0.01861437248383341,0.08746791230063544,1.354318418314256,0.2181130834976989,0.11195597529445561,31,30,59,0.20599250936329588,0.20973782771535582,0.27715355805243447,1
61,135,815,5942.0,1719.0,3542.0,227,0.1153137068446894,0.033359855615284595,0.0687379921985678,1.596882558452029,0.09432098765432098,0.005332530392562761,23,26,27,0.13215859030837004,0.21585903083700442,0.18502202643171806,1
62,100,255,3458.0,5196.0,9514.0,283,0.043176965625741366,0.06487782342144365,0.11879284296220455,0.8995837669094693,0.5196,0.1463129565551711,61,56,63,0.2862190812720848,0.26501766784452296,0.6501766784452296,1
61,133,361,6688.0,1673.5,4465.5,235,0.12110457220461747,0.03030330466274332,0.08086011770031688,1.7973662993818866,0.09460681779637063,0.0342653908426117,34,26,0,0.4765957446808511,0.2936170212765957,0.0,1
62,101,350,5571.0,1319.0,5789.0,219,0.11615687746293864,0.02750151164487813,0.12070223723441963,1.4492715920915713,0.12930104891677285,0.04725714285714286,21,19,47,0.2009132420091324,0.0867579908675799,0.4383561643835616,1
61,133,282,4812.0,2582.0,3526.0,227,0.09338430786547382,0.05010770634011916,0.06842748743426032,1.2932007524858908,0.1459664198089208,0.044338815954931846,28,39,42,0.5462555066079295,0.44493392070484583,0.1894273127753304,1
61,131,261,3660.0,1425.0,4116.0,243,0.061982421378854846,0.024132500127013158,0.06970482141949906,0.9836065573770492,0.08303711904900647,0.060421896331527725,27,37,47,0.35390946502057613,0.26337448559670784,0.3374485596707819,1
61,135,482,5991.0,2252.0,3800.0,283,0.07480428023823496,0.028118717926306984,0.04744721497334216,1.610051061542596,0.12356652949245542,0.016356467691671976,31,27,44,0.4169611307420495,0.3462897526501767,0.2862190812720848,1
62,129,316,7017.5,1779.5,3710.0,311,0.07255404720794864,0.01839827958768003,0.03835775064360377,1.8255723204994798,0.10693467940628568,0.03715350104149976,38,25,42,0.1864951768488746,0.1382636655948553,0.13504823151125403,1
61,46,326,4931.0,3768.5,2017.5,267,0.06916915653186326,0.0528622929203664,0.02830029878382359,1.3251814028486966,1.7809546313799622,0.01898358989800143,41,41,35,0.5692883895131086,0.3408239700374532,0.24344569288389514,0
62,143,260,6401.0,1202.0,3993.0,279,0.08223172878046274,0.015441733790675864,0.05129687439781092,1.6651925078043703,0.05878038045870214,0.05906804733727811,44,30,48,0.2724014336917563,0.1111111111111111,0.4014336917562724,0
62,56,273,3396.0,1671.0,2304.0,271,0.04624120041938427,0.022752958156887843,0.03137212183929958,0.8834547346514048,0.532844387755102,0.030914140804250693,52,39,48,0.5977859778597786,0.3025830258302583,0.30996309963099633,1
61,127,196,4526.5,1703.0,3455.5,255,0.06961168781237985,0.026189926951172626,0.05314109957708574,1.2164740661112605,0.10558621117242234,0.08994950020824656,36,31,49,0.396078431372549,0.2235294117647059,0.403921568627451,0
60,97,241,3439.5,1244.0,2565.0,203,0.08346477711179597,0.03018758038292606,0.062243684631997864,0.9554166666666667,0.13221383781485813,0.044162462767514336,26,26,40,0.2315270935960591,0.458128078817734,0.2512315270935961,1
61,123,599,4997.0,960.0,1554.0,223,0.1004846266765871,0.019304631100565062,0.031249371594039694,1.3429185702768074,0.06345429307951617,0.0043310916078829215,34,25,36,0.34977578475336324,0.30493273542600896,0.26905829596412556,0
62,146,454,2790.0,1069.0,1403.0,215,0.060356949702541914,0.02312601406165495,0.030351541373715523,0.7258064516129032,0.050150121974103956,0.0068068466300529795,35,35,40,0.3627906976744186,0.586046511627907,0.28837209302325584,1
61,90,368,4859.0,1287.0,3133.0,235,0.08798551380715255,0.02330466274332277,0.056731552738795835,1.305831765654394,0.15888888888888889,0.023134747164461247,31,30,46,0.2680851063829787,0.14042553191489363,0.28085106382978725,0
61,90,312,5798.5,2895.0,2977.5,175,0.1893387755102041,0.09453061224489796,0.09722448979591837,1.5583176565439398,0.3574074074074074,0.03058740138067061,33,34,51,0.7942857142857143,0.6914285714285714,0.45714285714285713,0
62,133,281,3220.5,752.0,3193.0,207,0.07515928026325001,0.017550001166888374,0.07451749165674812,0.8377991675338189,0.04251229577703658,0.040437684426489026,36,25,50,0.5748792270531401,0.41545893719806765,0.37681159420289856,0
62,129,443,2980.0,977.0,3598.5,259,0.04442390542776643,0.014564481745948928,0.05364410190665017,0.7752341311134235,0.05871041403761793,0.01833639916636518,47,29,43,0.47876447876447875,0.11196911196911197,0.3552123552123552,0
61,123,272,3602.0,1014.0,3687.0,271,0.04904617311855775,0.013807001538650073,0.050203564766274966,0.9680193496371943,0.06702359706523894,0.049835099480968856,43,30,52,0.42066420664206644,0.3173431734317343,0.3284132841328413,0
61,133,369,3955.0,1246.5,3641.0,227,0.07675289642725455,0.024190261794329405,0.07065924042772032,1.0628863208814834,0.07046752218893097,0.026740402905384066,25,27,50,0.11894273127753303,0.41409691629955947,0.4845814977973568,0
62,53,306,5099.0,1730.5,2047.5,249,0.08224060902243512,0.027910840147739552,0.03302366090869502,1.3264828303850156,0.6160555357778569,0.021866589773164167,32,29,37,0.43775100401606426,0.44176706827309237,0.2931726907630522,0
63,90,318,2380.0,1291.0,2358.0,239,0.04166593722098703,0.02260114493793876,0.041280789902137564,0.599647266313933,0.15938271604938273,0.023317906728373087,31,31,43,0.2301255230125523,0.3389121338912134,0.3054393305439331,0
62,134,447,3810.0,1274.0,3666.0,251,0.060475230551896,0.020221901239662863,0.05818955254678497,0.9911550468262227,0.07095121407885943,0.018347521883398644,31,26,54,0.5219123505976095,0.43824701195219123,0.4063745019920319,0
62,90,505,6186.0,1756.0,2255.0,267,0.08677355552750074,0.02463213118433419,0.03163180855391435,1.609261186264308,0.21679012345679013,0.008842270365650426,37,22,48,0.4943820224719101,0.08239700374531835,0.24344569288389514,0
48,133,206,5119.0,778.0,2373.0,211,0.11497944790099054,0.017474899485635992,0.05330068956222906,2.2217881944444446,0.04398213579060433,0.05591950230935998,38,28,44,0.3744075829383886,0.4549763033175355,0.46919431279620855,0
61,125,670,2708.0,856.0,2343.5,211,0.060825228543833244,0.01922688169627816,0.05263808090564003,0.7277613544746036,0.054784,0.005220539095566941,36,30,43,0.5971563981042654,0.47393364928909953,0.36018957345971564,0
61,56,338,3208.0,744.0,2403.0,239,0.056161481766775795,0.013024982055636281,0.042068591236147826,0.8621338349905939,0.2372448979591837,0.021033927383494976,33,28,46,0.2594142259414226,0.29707112970711297,0.26359832635983266,0
62,146,803,2328.0,834.5,3389.0,215,0.05036235803136831,0.01805300162249865,0.07331530557057869,0.6056191467221644,0.03914899605929818,0.005255819940478498,36,28,50,0.3953488372093023,0.35348837209302325,0.5116279069767442,0
61,50,415,3816.0,1476.0,2231.0,207,0.08905692081495484,0.03444654484352027,0.05206655931293613,1.0255307712980382,0.5904,0.012953984613151401,24,26,37,0.25120772946859904,0.25120772946859904,0.45410628019323673,0
61,86,361,4415.0,649.0,3455.0,215,0.0955110870740941,0.014040021633315306,0.07474310438074636,1.1865090029561947,0.08775013520822066,0.02651146016374951,38,37,56,0.24651162790697675,0.3627906976744186,0.4697674418604651,1
62,135,374,5850.5,1821.5,1881.5,251,0.09286360533959778,0.02891223948826209,0.02986460532372502,1.5219823100936525,0.09994513031550069,0.013451199633961509,37,45,20,0.4262948207171315,0.4262948207171315,0.13545816733067728,0
48,133,275,3120.0,1196.0,3692.0,235,0.0564961521050249,0.02165685830692621,0.06685377999094613,1.3541666666666667,0.06761264062411668,0.048819834710743804,39,27,47,0.49361702127659574,0.3829787234042553,0.48936170212765956,0
61,90,300,5375.0,1192.5,2664.5,215,0.11627906976744186,0.025797728501892915,0.057641968631692804,1.444504165546896,0.14722222222222223,0.029605555555555555,40,32,37,0.37209302325581395,0.6186046511627907,0.4,0
62,136,277,3945.0,2464.0,2653.0,235,0.07143503847894975,0.04461747397012223,0.04803983703033047,1.0262747138397503,0.13321799307958476,0.03457623584303197,28,32,50,0.225531914893617,0.5872340425531914,0.37872340425531914,0
62,100,274,8099.0,1664.0,3604.0,271,0.11027899946896148,0.022657643550605247,0.04907340586320992,2.106919875130073,0.1664,0.048004688582236665,37,29,44,0.4354243542435424,0.11439114391143912,0.2952029520295203,1
61,133,256,4322.0,1431.0,4175.0,243,0.0731934495080357,0.02423411065386374,0.07070399160019644,1.1615157215802203,0.08089773305444062,0.0637054443359375,31,30,46,0.49794238683127573,0.2222222222222222,0.35802469135802467,0
62,127,293,8010.5,4537.5,6911.0,303,0.08725179448637933,0.04942325915759893,0.07527584441612478,2.0838969823100935,0.2813255626511253,0.08050181131987559,49,45,52,0.3432343234323432,0.3201320132013201,0.44884488448844884,1
62,94,499,8052.0,2850.0,2876.0,287,0.0977552234457138,0.034600395779965765,0.03491604851339703,2.0946930280957337,0.32254413761883205,0.011550154417050535,33,33,44,0.3623693379790941,0.3170731707317073,0.24738675958188153,0
63,129,272,5111.0,1953.0,3647.0,255,0.07860053825451749,0.03003460207612457,0.05608612072279892,1.2877299067775259,0.11736073553272039,0.049294442041522495,33,46,55,0.5176470588235295,0.5490196078431373,0.21568627450980393,0
62,133,306,4687.5,1410.0,3241.5,235,0.08488003621548212,0.02553191489361702,0.0586962426437302,1.2194328824141518,0.07971055458194358,0.03461809560425477,35,34,43,0.3404255319148936,0.4978723404255319,0.24680851063829787,1
64,99,206,3600.0,1574.0,3855.0,255,0.05536332179930796,0.024206074586697424,0.05928489042675894,0.87890625,0.16059585756555453,0.09084268074276558,32,25,55,0.3176470588235294,0.25882352941176473,0.2823529411764706,0
65,146,193,4858.0,1908.0,4105.0,267,0.06814515563410906,0.026764297437192275,0.05758251623672656,1.1498224852071006,0.08951022705948583,0.11020430078659829,35,28,51,0.32209737827715357,0.30711610486891383,0.33707865168539325,0
63,133,319,4416.0,1109.0,2662.0,199,0.11151233554708215,0.02800434332466352,0.06722052473422388,1.1126228269085412,0.06269432980948612,0.026159334126040427,35,27,49,0.5678391959798995,0.5527638190954773,0.3869346733668342,0
62,143,288,4225.0,936.0,3480.0,275,0.05586776859504132,0.012376859504132231,0.04601652892561983,1.0991155046826222,0.04577240940877304,0.04195601851851852,37,31,54,0.13454545454545455,0.4290909090909091,0.29818181818181816,0
70,81,213,2712.5,1174.0,3783.0,215,0.058680367766360195,0.02539751216873986,0.0818388318009735,0.5535714285714286,0.1789361377838744,0.08338292666798916,35,30,55,0.5116279069767442,0.5302325581395348,0.37209302325581395,1
61,131,255,2909.5,999.5,2822.0,259,0.043372937195331016,0.014899897139279378,0.04206854399904593,0.7819134641225477,0.05824252665928559,0.043398692810457516,45,30,55,0.26640926640926643,0.3474903474903475,0.38223938223938225,1
69,82,285,4474.5,1816.0,4257.5,203,0.10858064985804072,0.04406804338858016,0.10331480987162998,0.9398235664776308,0.27007733491969066,0.052416128039396735,33,31,55,0.4039408866995074,0.2512315270935961,0.43349753694581283,0
61,133,508,4098.0,1100.5,2977.0,203,0.0994442961488995,0.026705331359654444,0.07224150064306341,1.1013168503090567,0.06221380518966589,0.011535898071796143,38,26,45,0.18719211822660098,0.4236453201970443,0.46798029556650245,0
67,101,218,5029.5,1513.5,2770.5,239,0.08804992909787994,0.02649638486721171,0.04850230213056494,1.120405435509022,0.14836780707773747,0.058296860533625115,36,29,49,0.28451882845188287,0.28451882845188287,0.2301255230125523,0
60,137,246,4332.0,1148.0,3347.0,243,0.07336280038612,0.019441480804077968,0.05668173889481617,1.2033333333333334,0.061164686451062926,0.0553076872232137,33,32,49,0.23868312757201646,0.22633744855967078,0.39094650205761317,0
70,99,367,2937.0,1788.5,3966.5,219,0.0612372552699068,0.03729071537290715,0.08270261253935489,0.5993877551020408,0.18248137945107643,0.029449323998247814,33,31,52,0.4840182648401826,0.4794520547945205,0.410958904109589,0
63,53,248,3504.0,1465.0,4193.0,235,0.0634495246717972,0.026527840651878676,0.07592575826165686,0.8828420256991686,0.5215379138483446,0.06817442767950052,28,37,51,0.3574468085106383,0.3617021276595745,0.33617021276595743,0
64,127,427,3185.0,1157.5,4383.0,239,0.05575882775161499,0.020264000980374994,0.07673184993259922,0.777587890625,0.07176514353028705,0.024038962534758596,0,38,54,0.0,0.4686192468619247,0.37656903765690375,0
62,100,282,4459.0,1271.0,2853.0,267,0.06254821922035658,0.017828837548569905,0.04002019946976392,1.1599895941727367,0.1271,0.03587596197374378,30,30,46,0.2808988764044944,0.38202247191011235,0.24719101123595505,0
61,133,347,2734.0,1015.0,2274.0,223,0.054977980655150915,0.020410625590701604,0.045727844919463495,0.734748723461435,0.05738029283735655,0.018885631472730445,31,27,37,0.336322869955157,0.40358744394618834,0.2825112107623318,0
62,81,351,3818.0,1540.0,4126.0,255,0.05871587850826605,0.02368319876970396,0.06345251826220684,0.9932362122788762,0.23472031702484378,0.03348998790594232,39,31,48,0.3843137254901961,0.396078431372549,0.3333333333333333,0
61,50,312,3439.0,1234.5,3676.0,211,0.07724444644100537,0.02772848767997125,0.08256777700411042,0.9242139209889815,0.4938,0.037762984878369495,37,28,50,0.6303317535545023,0.45023696682464454,0.3744075829383886,0
61,97,203,5869.5,1374.0,6633.5,239,0.10275555399940477,0.024054200731779905,0.11613066998126784,1.5773985487772104,0.146030396428951,0.1609721177412701,36,23,51,0.502092050209205,0.10460251046025104,0.4769874476987448,0
67,131,261,2143.0,1402.5,3058.5,231,0.04016041678379341,0.026283240568954855,0.057317141732726146,0.4773891735353085,0.08172600664296953,0.04489804905976131,33,34,43,0.27705627705627706,0.15151515151515152,0.2943722943722944,0
62,101,276,4991.0,1637.0,4295.0,207,0.11647879763821793,0.03820392541249504,0.10023571145184251,1.2983870967741935,0.16047446328791296,0.056382587691661414,29,33,50,0.15942028985507245,0.37681159420289856,0.43478260869565216,0
62,138,327,3048.0,962.0,3524.0,195,0.0801577909270217,0.0252991452991453,0.0926758711374096,0.7929240374609782,0.05051459777357698,0.03295644773634842,24,32,50,0.3384615384615385,0.27692307692307694,0.2564102564102564,1
61,131,269,6245.0,2084.0,5180.5,259,0.09309640583771858,0.03106691909780713,0.07722753089548456,1.6783122816447191,0.1214381446302663,0.0715924323876121,39,38,61,0.4555984555984556,0.25096525096525096,0.38996138996138996,0
61,96,268,4117.0,1379.0,2833.5,203,0.0999053604795069,0.033463563784610156,0.0687592516197918,1.1064230045686643,0.1496310763888889,0.03945060147026064,40,27,50,0.4975369458128079,0.1330049261083744,0.3793103448275862,0
61,131,326,2680.0,1600.0,4111.0,299,0.029977293318866678,0.01789689153365175,0.04598382568427646,0.7202364955657081,0.09323465998484937,0.038682298919793745,32,32,49,0.35785953177257523,0.3076923076923077,0.2976588628762542,1
61,97,234,3781.0,1984.0,2255.0,255,0.058146866589773166,0.03051134179161861,0.034678969627066514,1.016124697661919,0.2108619406950792,0.041182701439111694,35,31,36,0.4235294117647059,0.5372549019607843,0.20784313725490197,1
61,135,316,4223.0,1800.5,4960.0,255,0.0649442522106882,0.027689350249903884,0.07627835447904652,1.1349099704380543,0.09879286694101509,0.04967152699887838,33,0,52,0.23529411764705882,0.0,0.36470588235294116,1
62,139,446,2727.0,1349.0,3474.5,211,0.061251993441297364,0.03030030771995238,0.07804182295995149,0.709417273673257,0.06982040267066922,0.017467172072633673,33,24,41,0.6161137440758294,0.2843601895734597,0.3175355450236967,0
61,123,237,3655.5,1706.0,4979.5,183,0.10915524500582281,0.05094210039117322,0.14869061482874973,0.9823972050524052,0.11276356666005684,0.08865210347344621,41,37,55,0.7814207650273224,0.4262295081967213,0.48633879781420764,1
61,86,260,5153.0,1453.0,6000.0,255,0.07924644367550943,0.022345251826220686,0.0922722029988466,1.3848427841977964,0.19645754461871281,0.08875739644970414,34,39,53,0.2549019607843137,0.3058823529411765,0.35294117647058826,0
62,90,463,3959.5,1621.5,3338.0,279,0.0508665099369227,0.020830924577022392,0.04288228568492183,1.0300468262226847,0.2001851851851852,0.015571281295336546,42,38,43,0.3835125448028674,0.26523297491039427,0.35842293906810035,1
61,135,626,3724.0,2186.0,4293.0,255,0.057270280661284124,0.033617839292579776,0.06602076124567474,1.000806234883096,0.11994513031550069,0.010954995968112361,44,0,47,0.5686274509803921,0.0,0.37254901960784315,1
62,134,563,4536.0,2073.0,2940.0,283,0.056636991347126325,0.0258837043788785,0.036709161058322615,1.1800208116545265,0.11544887502784584,0.009275355003170657,31,41,44,0.20141342756183744,0.4169611307420495,0.2862190812720848,0
62,143,632,5183.0,2169.5,5967.0,255,0.07970780469050365,0.03336409073433295,0.09176470588235294,1.3483350676378771,0.1060932074918089,0.014939012177535651,38,45,54,0.5176470588235295,0.48627450980392156,0.2823529411764706,1
61,97,587,5170.0,2303.0,5665.0,255,0.07950788158400615,0.03541714725105729,0.087120338331411,1.38941144853534,0.24476564990966096,0.01644082897765034,27,32,57,0.3764705882352941,0.29411764705882354,0.37254901960784315,1
61,77,571,4283.5,1430.0,4456.0,231,0.08027398287138547,0.026798598227169654,0.0835066809092783,1.151169040580489,0.24118738404452691,0.013666992801518828,29,32,51,0.5281385281385281,0.33766233766233766,0.4069264069264069,0
61,94,303,4236.5,1529.0,4504.0,235,0.07671344499773654,0.02768673607967406,0.08155726573110005,1.138538027411986,0.17304210049796287,0.04905837118365302,33,28,56,0.3021276595744681,0.4127659574468085,0.24680851063829787,0
62,133,326,6272.0,2136.0,4210.0,303,0.06831574246533564,0.023265692905924257,0.04585607075559041,1.631633714880333,0.1207530103454124,0.03961383567315292,45,31,56,0.40264026402640263,0.2508250825082508,0.3069306930693069,0
62,141,293,3591.0,1229.0,3636.0,211,0.08065856562071831,0.027604950472810585,0.08166932458839649,0.9341831425598335,0.061817816005231126,0.04235343451874803,39,31,49,0.4597156398104265,0.4976303317535545,0.4312796208530806,1
61,125,326,9641.5,2397.5,4689.0,311,0.09968362609981286,0.02478779168949866,0.048479647646322926,2.5911045417898415,0.15344,0.04412096804546652,44,42,60,0.2508038585209003,0.3054662379421222,0.3215434083601286,1
61,125,334,6021.0,2342.0,5771.0,287,0.07309788876883294,0.02843302698830871,0.07006276633199383,1.6181134103735555,0.149888,0.05173186561009717,38,43,58,0.3519163763066202,0.5818815331010453,0.31010452961672474,0
61,133,255,5295.0,2006.0,5685.0,239,0.09269795696854047,0.03511843280054621,0.09952556852996271,1.4230045686643376,0.11340381027757364,0.08742791234140715,51,43,67,0.41841004184100417,0.28451882845188287,0.2803347280334728,1
61,90,335,6142.0,1894.0,4131.0,303,0.06689975928285898,0.020629785750852312,0.04499558866777767,1.6506315506584253,0.23382716049382715,0.03680997995099131,46,40,51,0.45874587458745875,0.35313531353135313,0.2739273927392739,1
62,50,354,5564.0,1482.0,3032.0,271,0.07576149562233629,0.0201794637872578,0.04128484089268937,1.4474505723204996,0.5928,0.024194835455967314,48,34,54,0.4833948339483395,0.2988929889298893,0.25461254612546125,0
50,133,292,5114.5,1800.5,3446.0,263,0.07394208388150761,0.026030447165637786,0.04982000607208432,2.0458,0.10178642093956697,0.04041565021580034,33,34,55,0.24334600760456274,0.44106463878326996,0.376425855513308,0
56,146,679,7900.5,2238.5,2270.0,251,0.1254027713845812,0.03553118204472945,0.03603117410834749,2.5192920918367347,0.1050150121974104,0.004923640196858848,45,27,47,0.38645418326693226,0.12350597609561753,0.3346613545816733,0
61,53,418,5314.0,1577.5,3129.0,287,0.06451456251745195,0.019151622576454735,0.0379875924194782,1.4281107229239451,0.5615877536489854,0.017908243858886015,38,33,54,0.47038327526132406,0.29965156794425085,0.18815331010452963,0
61,133,312,3438.0,975.5,4972.0,271,0.04681308805707983,0.013282771204095805,0.06770060320529404,0.9239451760279495,0.05514726666289785,0.051076594345825115,45,43,61,0.3800738007380074,0.28044280442804426,0.4907749077490775,0
62,87,302,3710.5,1270.0,2301.5,247,0.060818895572784346,0.02081660082938583,0.03772394236915865,0.965270551508845,0.1677896683841987,0.025234638831630192,32,44,50,0.23076923076923078,0.46963562753036436,0.31983805668016196,0
61,78,600,4993.0,1062.0,3481.0,263,0.07218551663317382,0.015353698911362026,0.05032601309835331,1.3418435904326793,0.17455621301775148,0.009669444444444444,28,51,56,0.21292775665399238,0.39923954372623577,0.41825095057034223,0
62,146,350,4781.5,2300.0,3521.0,247,0.0783736825714239,0.03769935583274599,0.057712796472651574,1.2438865764828304,0.10790016888722087,0.028742857142857143,33,37,56,0.29959514170040485,0.2591093117408907,0.3481781376518219,0
62,92,305,4231.0,1877.0,3630.0,267,0.05934996984106945,0.026329447740885692,0.05091949669654505,1.1006763787721123,0.22176275992438563,0.03902176834184359,43,46,48,0.599250936329588,0.5880149812734082,0.3707865168539326,0
68,99,333,4940.0,2426.0,7618.0,255,0.07597078046905037,0.03730872741253364,0.11715494040753556,1.0683391003460208,0.24752576267727783,0.06869932996059122,56,43,59,0.3764705882352941,0.396078431372549,0.5607843137254902,0
61,133,646,4668.0,1925.0,4876.0,251,0.07409406199901589,0.030555070554435643,0.07739559689528738,1.2545014780972856,0.10882469331222794,0.011684191356190513,33,31,55,0.4820717131474104,0.35856573705179284,0.46613545816733065,1
61,97,481,3731.0,1302.5,5646.0,283,0.04658567343829989,0.0162631572375732,0.07049657256302364,1.0026874496103197,0.1384312891911999,0.024403421492818583,31,33,54,0.31095406360424027,0.26148409893992935,0.38515901060070673,1
61,125,420,4930.5,2082.5,4894.5,247,0.08081594518841483,0.03413430805291023,0.08022586831451098,1.3250470303681805,0.13328,0.02774659863945578,33,35,47,0.4979757085020243,0.27125506072874495,0.3157894736842105,1
61,97,338,4322.0,1520.0,3808.0,243,0.0731934495080357,0.025741333468814034,0.06448881437450253,1.1615157215802203,0.1615474545647784,0.03333216624067785,28,31,49,0.4403292181069959,0.4156378600823045,0.3786008230452675,1
60,141,432,5499.5,2377.0,3911.0,327,0.05143132358854941,0.02222970382216237,0.036575671707394626,1.527638888888889,0.11956139027211911,0.020956575788751715,24,24,54,0.14678899082568808,0.22324159021406728,0.2691131498470948,1
61,127,262,4855.0,2239.0,4316.0,263,0.07019040321531322,0.032369992337607886,0.06239789501077072,1.304756785810266,0.13881827763655527,0.06287512382728279,43,33,55,0.2509505703422053,0.24334600760456274,0.34600760456273766,1
56,94,353,6469.0,1872.0,4981.5,303,0.07046150159570412,0.020390157827663954,0.054259386334673074,2.0628188775510203,0.21186057039384337,0.03997704820679084,34,33,58,0.3696369636963696,0.10891089108910891,0.3795379537953795,0
62,90,383,5154.0,1101.0,4478.5,263,0.07451314895401119,0.015917535312061762,0.06474721334701962,1.3407908428720083,0.13592592592592592,0.030530578298304575,30,44,55,0.3840304182509506,0.42585551330798477,0.34600760456273766,0
61,133,344,6490.0,1566.5,4527.0,239,0.11361845906059068,0.02742423977171268,0.07925281420143204,1.7441547970975544,0.08855786081745717,0.038255475932936725,39,29,53,0.3723849372384937,0.1297071129707113,0.4560669456066946,0
62,96,554,3801.0,1509.0,3531.0,243,0.06437026875984352,0.025555047502921303,0.05979779505156734,0.9888137356919875,0.16373697916666666,0.011504776551238775,32,29,64,0.448559670781893,0.3292181069958848,0.3497942386831276,0
61,133,496,5050.0,1609.0,6131.0,275,0.06677685950413223,0.02127603305785124,0.0810710743801653,1.3571620532115023,0.09096048391655831,0.02492114334027055,35,42,64,0.36,0.48363636363636364,0.5381818181818182,0
60,93,242,5890.0,3143.0,8655.0,243,0.09974766719165438,0.05322698098189639,0.14657318498196414,1.636111111111111,0.3633946120938837,0.14778703640461718,62,45,61,0.6584362139917695,0.30864197530864196,0.6790123456790124,0
61,51,509,5087.0,1540.5,6265.5,251,0.08074475008333201,0.024451992825510707,0.09945080236821638,1.3671056167696856,0.5922722029988466,0.02418355649391503,41,39,61,0.6294820717131474,0.46215139442231074,0.4103585657370518,0
61,78,563,3879.0,1592.0,5316.5,259,0.0578256138101698,0.02373250249698126,0.07925493060628196,1.042461703843053,0.2616699539776463,0.016772933630733605,36,39,53,0.2471042471042471,0.4749034749034749,0.3667953667953668,0
61,125,369,4202.0,3204.0,4365.0,255,0.06462129950019223,0.04927335640138408,0.0671280276816609,1.1292663262563827,0.205056,0.03205763764954723,46,35,57,0.4627450980392157,0.5450980392156862,0.4196078431372549,0
77,115,435,5104.0,2001.0,3928.0,263,0.07379028177362691,0.028929144558978732,0.05678844569098874,0.8608534322820037,0.15130434782608695,0.02075835645395693,51,37,56,0.43346007604562736,0.5361216730038023,0.3916349809885932,0
61,133,254,6001.0,1082.0,3811.0,255,0.09228758169934641,0.016639753940792004,0.058608227604767395,1.6127385111529158,0.061167957487704226,0.059070618141236285,47,38,51,0.4627450980392157,0.5058823529411764,0.48627450980392156,0
64,135,590,4484.0,1560.0,3988.0,263,0.06482672873686189,0.022553456027989416,0.05765588630744987,1.0947265625,0.08559670781893004,0.01145647802355645,43,35,61,0.4448669201520912,0.19771863117870722,0.39923954372623577,0
59,131,331,5407.0,1430.0,2041.0,259,0.0806040458550111,0.021317511665002013,0.0304259030127756,1.553289284688308,0.08332847736145912,0.01862889166765546,35,21,43,0.3474903474903475,0.15057915057915058,0.23166023166023167,0
67,102,486,4709.5,1882.0,6578.5,275,0.06227438016528926,0.02488595041322314,0.08698842975206611,1.0491200712853643,0.18089196462898885,0.02785186878693966,34,32,59,0.43636363636363634,0.52,0.41454545454545455,0
73,129,480,5507.0,1685.5,6159.0,291,0.06503229768188849,0.019904110721413303,0.07273178162751975,1.033402139238131,0.10128598040983114,0.026731770833333335,42,33,49,0.39862542955326463,0.19243986254295534,0.3745704467353952,0
65,53,274,2804.0,1007.0,4065.0,223,0.05638561000623379,0.02024975366486356,0.08174304731645518,0.6636686390532545,0.3584905660377358,0.05414513293196228,32,35,48,0.3632286995515695,0.336322869955157,0.36771300448430494,1
62,145,278,4424.0,1200.5,3879.0,279,0.0568338022378952,0.015422463740188333,0.04983235056075847,1.1508844953173778,0.0570986920332937,0.05019150147507893,32,28,50,0.2903225806451613,0.32616487455197135,0.4265232974910394,0
61,126,281,2438.0,1524.0,3410.5,199,0.06156410191661827,0.038483876669781064,0.08612156258680337,0.6552002149959688,0.09599395313681028,0.04319220881194514,29,35,43,0.6231155778894473,0.4824120603015075,0.5527638190954773,0
65,90,236,3759.0,2369.5,7706.5,263,0.05434515462128989,0.03425667567841085,0.11141551851262849,0.8897041420118343,0.2925308641975309,0.1383672076989371,39,32,57,0.46387832699619774,0.311787072243346,0.5171102661596958,1
77,81,239,9416.0,11215.0,19447.0,319,0.09253053723921738,0.1102092157113236,0.19110464716345163,1.588126159554731,1.709343087943911,0.34045272316661124,97,95,95,0.5736677115987461,0.29780564263322884,0.29780564263322884,1
62,110,855,7553.0,9213.0,11113.5,343,0.0641994407092283,0.07830920789806968,0.0944631913573426,1.9648803329864724,0.761404958677686,0.015202626449163845,89,90,89,0.5860058309037901,0.5335276967930029,0.4314868804664723,0
66,92,273,3362.0,2991.0,4650.5,259,0.05011851343897676,0.04458788628672799,0.0693266349637006,0.7718089990817264,0.3533790170132325,0.062398529431496465,48,41,55,0.28185328185328185,0.4980694980694981,0.5057915057915058,0
63,101,383,5829.0,1850.5,6519.0,239,0.10204653279879554,0.03239614152413298,0.11412615325361951,1.4686318972033259,0.18140378394275072,0.04444096012652619,34,45,54,0.4602510460251046,0.6401673640167364,0.5523012552301255,0
63,133,318,3635.0,2493.0,3358.0,263,0.052552444013936876,0.03604215761396001,0.04854775983460799,0.9158478206097254,0.14093504437786195,0.03320675606186464,32,34,46,0.4524714828897338,0.21292775665399238,0.4714828897338403,0
61,53,340,5282.0,1080.0,2531.0,227,0.10250538531700595,0.020959071590754722,0.04911797240388907,1.4195108841709219,0.38447846208615166,0.02189446366782007,39,35,41,0.42290748898678415,0.2687224669603524,0.28193832599118945,0
65,56,615,5959.0,1400.5,6184.0,339,0.051853012069160556,0.01218663255627779,0.05381087877759504,1.410414201183432,0.4465880102040816,0.016350056183488663,54,36,51,0.3775811209439528,0.2890855457227139,0.23893805309734514,0
65,131,299,5409.0,1821.0,7622.0,247,0.0886590503040535,0.029848055204969758,0.12493238702486519,1.2802366863905326,0.10611269739525668,0.08525631704343352,41,38,52,0.48582995951417,0.4979757085020243,0.4048582995951417,0
62,140,323,4136.0,1318.5,5186.5,247,0.06779327640184235,0.021611565506728516,0.0850120474028422,1.0759625390218521,0.06727040816326531,0.04971292737398039,43,44,50,0.4089068825910931,0.47368421052631576,0.29959514170040485,0
61,53,468,6470.0,1380.0,6355.0,283,0.08078512654671678,0.017230830700845308,0.079349223988313,1.738779897876915,0.4912780348878604,0.029015085104828694,39,45,59,0.38162544169611307,0.26501766784452296,0.4452296819787986,1
71,127,451,3747.5,2231.5,4274.0,271,0.051027355292003106,0.03038493484565842,0.0581963753216868,0.7434040864907756,0.13835327670655342,0.021012679387023663,36,28,59,0.3763837638376384,0.17712177121771217,0.33948339483394835,1
62,129,385,2311.0,1794.0,3909.5,267,0.03241734348917785,0.02516517274754871,0.054840157668083436,0.6011966701352758,0.10780602127276005,0.026375442739079102,31,15,41,0.2883895131086142,0.07116104868913857,0.27340823970037453,1
61,88,655,5585.0,1819.0,3449.0,287,0.06780463523898554,0.022083550850441308,0.041872549138632253,1.500940607363612,0.23489152892561985,0.008039158557193636,43,37,48,0.4808362369337979,0.42857142857142855,0.37282229965156793,0
64,89,314,7813.0,1622.0,5637.0,311,0.08077873471117958,0.016769884513187415,0.05828103514231656,1.907470703125,0.2047721247317258,0.057172704775041584,47,28,52,0.4180064308681672,0.3762057877813505,0.3054662379421222,0
61,125,386,5141.0,1715.0,4243.5,311,0.053152883034708075,0.017731413033364007,0.04387361586418668,1.3816178446654126,0.10976,0.028480630352492684,52,34,33,0.4340836012861736,0.3665594855305466,0.29260450160771706,0
62,93,658,3156.0,1496.0,2888.0,279,0.040544186225767914,0.01921866368623219,0.03710127053866214,0.8210197710718002,0.17296797317608972,0.006670300533069724,32,34,42,0.1935483870967742,0.21863799283154123,0.25448028673835127,0
61,86,284,7546.0,1786.0,8857.0,255,0.1160476739715494,0.02746635909265667,0.1362091503267974,2.027949475947326,0.24148188209843158,0.10981204126165443,48,36,56,0.5568627450980392,0.1411764705882353,0.6941176470588235,0
62,138,363,4959.5,1182.5,5749.0,335,0.04419247048340388,0.010536867899309422,0.05122744486522611,1.2901925078043703,0.06209304767905902,0.043629381721042124,54,40,59,0.3582089552238806,0.23283582089552238,0.3880597014925373,0
61,135,232,5143.5,1581.0,4400.5,239,0.0900456924773726,0.027678086868227095,0.07703821711804765,1.3822897070679925,0.08674897119341564,0.08175720868014269,38,38,53,0.41841004184100417,0.5857740585774058,0.3682008368200837,1
61,133,282,4183.0,1269.0,5107.0,291,0.049397149301496204,0.014985652035285365,0.06030868789929264,1.124160171996775,0.07173949912374922,0.06421960665962477,46,28,39,0.5532646048109966,0.3230240549828179,0.18556701030927836,0
61,90,178,6882.0,996.0,3919.0,275,0.09100165289256198,0.013170247933884298,0.05182148760330579,1.8495028218220908,0.12296296296296297,0.1236901906324959,43,34,58,0.34545454545454546,0.2,0.26181818181818184,0
62,138,513,4652.0,1581.0,4468.0,271,0.06334336406094689,0.0215274846475402,0.060837951552947266,1.210197710718002,0.08301827347195967,0.016977683541754537,42,32,60,0.3948339483394834,0.33210332103321033,0.3874538745387454,0
62,134,317,4601.5,1238.5,4508.5,303,0.05012035857051052,0.013489962857671905,0.04910738598612337,1.197060353798127,0.06897415905546893,0.04486560718088547,0,40,55,0.0,0.33993399339933994,0.18811881188118812,1
61,97,275,5663.0,1368.0,6741.0,319,0.05565000343943161,0.013443264118866757,0.0662434527962579,1.5219027143241064,0.14539270910830057,0.08913719008264463,35,21,55,0.4482758620689655,0.12852664576802508,0.34169278996865204,1
64,90,378,5808.0,1037.0,4087.0,231,0.10884353741496598,0.019433668784318136,0.07659151814995971,1.41796875,0.1280246913580247,0.028603622518966434,33,33,55,0.39826839826839827,0.33766233766233766,0.4588744588744589,1
50,81,349,3930.0,1656.5,3801.0,239,0.06880131650356261,0.0289998424397332,0.06654295267939987,1.572,0.25247675659198293,0.031206640339570282,35,38,57,0.3682008368200837,0.6317991631799164,0.24686192468619247,0
61,53,316,2978.0,1560.0,5200.0,239,0.0521349416151678,0.027310446245688975,0.09103482081896325,0.8003224939532384,0.5553577785688857,0.05207498798269508,28,30,58,0.11715481171548117,0.4476987447698745,0.4476987447698745,0
62,146,241,5078.5,1560.0,3306.5,231,0.09517250426341335,0.029234834429639624,0.06196473079589963,1.321149843912591,0.07318446237568024,0.05692911623422462,30,42,51,0.36363636363636365,0.38095238095238093,0.37662337662337664,0
53,129,239,2995.0,1410.5,3299.5,219,0.06244657117241092,0.029409311732449282,0.06879547966055753,1.0662157351370594,0.08476053121807584,0.05776334447926332,31,34,38,0.3744292237442922,0.2557077625570776,0.4337899543378995,0
61,135,267,4069.5,1178.5,6092.0,223,0.08183353777473909,0.02369844557501659,0.12250397152566912,1.0936576189196452,0.0646639231824417,0.08545497902902272,23,23,61,0.2242152466367713,0.21973094170403587,0.484304932735426,1
62,56,297,6069.5,1426.5,2991.0,267,0.08513936231396148,0.02001009973488196,0.04195598198880613,1.5789542143600417,0.45487882653061223,0.03390810461517532,35,27,39,0.5168539325842697,0.45318352059925093,0.15730337078651685,1
61,133,664,5226.0,1602.0,3560.0,271,0.07115916177611961,0.021813428466387987,0.04847428548086219,1.4044611663531308,0.0905647577590593,0.008074466540862245,33,30,37,0.24354243542435425,0.13653136531365315,0.14391143911439114,0
61,53,236,5250.0,1148.0,3269.0,291,0.06199737839657066,0.013556760076050117,0.038603700948264666,1.4109110454178984,0.408686365254539,0.05869362252226372,29,32,49,0.2646048109965636,0.2920962199312715,0.27835051546391754,0
62,139,481,2633.5,1995.0,5288.0,307,0.027941941028552027,0.021167333340406796,0.056106696092266234,0.6850936524453695,0.10325552507634181,0.022856056120089382,34,41,58,0.24104234527687296,0.23778501628664495,0.28338762214983715,0
56,123,776,7650.0,1353.5,5890.5,271,0.10416524829454937,0.01842975994335589,0.08020724118680302,2.4394132653061225,0.089463943419922,0.009782023860133915,43,58,60,0.4354243542435424,0.30996309963099633,0.22140221402214022,0
61,89,1125,6811.5,1692.0,5309.5,319,0.0669362525918574,0.016627195094387832,0.052176177513978836,1.8305563020693363,0.21360939275344024,0.0041951604938271604,42,35,55,0.3793103448275862,0.2476489028213166,0.2946708463949843,0
61,133,329,6284.5,2366.0,5782.0,311,0.06497554822634174,0.024462112674600137,0.05978019251248436,1.6889277076054825,0.13375544123466562,0.05341783612494341,39,42,62,0.3440514469453376,0.2958199356913183,0.3890675241157556,0
61,125,465,8749.5,2150.0,3983.5,283,0.10924721247612032,0.026845134787548852,0.04973841601218644,2.3513840365493146,0.1376,0.018422939068100358,30,34,53,0.2049469964664311,0.1978798586572438,0.2826855123674912,1
61,97,521,5763.0,2408.0,4814.0,243,0.09759691103998375,0.04077969144270013,0.08152551270978341,1.5487772104273045,0.2559251780210437,0.017734977398403337,30,32,60,0.3497942386831276,0.13168724279835392,0.4897119341563786,0
62,102,272,3143.5,2520.5,3410.5,227,0.06100448291253469,0.04891420365231229,0.06618603116691572,0.8177679500520292,0.24226259131103423,0.04609780493079585,58,24,58,0.43171806167400884,0.1277533039647577,0.5286343612334802,1
61,89,462,6524.0,4665.0,3267.0,263,0.09431970969654035,0.06744350792985297,0.04723214156630861,1.7532921257726417,0.5889407903042545,0.015306122448979591,35,51,55,0.6197718631178707,0.6273764258555133,0.3231939163498099,0
61,125,361,4481.0,1397.0,2715.5,327,0.04190631166474951,0.013064743895482048,0.025395355796837153,1.2042461703843053,0.089408,0.020837010151855802,34,29,24,0.28440366972477066,0.3241590214067278,0.1834862385321101,0
61,131,319,5599.0,997.0,3099.0,251,0.08887160521261567,0.015825145632609006,0.049189695401660294,1.5047030368180596,0.05809684750305926,0.030453710164011754,28,38,53,0.28286852589641437,0.40239043824701193,0.28286852589641437,0
62,96,430,4960.0,2084.0,3149.0,239,0.08683321370424187,0.03648395511283066,0.05512858668440679,1.2903225806451613,0.2261284722222222,0.017030827474310437,33,32,59,0.39748953974895396,0.28870292887029286,0.49372384937238495,0
62,92,184,6574.0,2461.0,5381.0,327,0.06148004750815962,0.023015271815877824,0.05032311159741511,1.710197710718002,0.2907608695652174,0.15893785444234404,44,43,59,0.44954128440366975,0.3944954128440367,0.3180428134556575,0
62,59,320,6941.0,3346.0,2772.0,279,0.08916894695597435,0.042985059287522,0.03561105330095965,1.8056711758584807,0.9612180407928756,0.0270703125,35,49,42,0.3154121863799283,0.4050179211469534,0.3046594982078853,1
61,97,230,5521.0,2644.5,3825.0,295,0.06344153978741741,0.030387819592071243,0.04395288710140764,1.4837409298575652,0.2810606865766819,0.0723062381852552,46,43,57,0.39661016949152544,0.5423728813559322,0.488135593220339,1
62,135,353,4336.0,1595.0,2941.0,267,0.06082284784468852,0.02237371824545161,0.04125461151089228,1.1279916753381893,0.08751714677640604,0.023601826513333708,28,31,53,0.27715355805243447,0.19850187265917604,0.27715355805243447,0
61,131,420,7315.5,1454.5,2950.0,275,0.09673388429752067,0.01923305785123967,0.039008264462809916,1.9660037624294544,0.08475613309247713,0.016723356009070295,36,32,60,0.32727272727272727,0.36,0.4290909090909091,1
62,143,229,3663.0,988.0,3630.0,251,0.05814193425501182,0.015682290757289566,0.05761813304550721,0.9529136316337149,0.04831532104259377,0.06922064796628592,18,31,57,0.07171314741035857,0.24701195219123506,0.4262948207171315,1
62,92,366,32709.0,15900.0,20812.0,375,0.23259733333333332,0.11306666666666666,0.14799644444444446,8.50910509885536,1.8785444234404536,0.1553644480277106,143,141,144,0.672,0.456,0.512,1
61,135,516,2951.5,3184.0,6023.5,315,0.029745527840765937,0.032088687326782564,0.06070546737213404,0.7932007524858908,0.17470507544581618,0.02262296436512229,40,31,55,0.26031746031746034,0.273015873015873,0.36507936507936506,1
61,131,208,17701.0,11825.0,11164.0,295,0.20340132145935075,0.13588049411088768,0.12828497558172938,4.757054555227089,0.6890624089505274,0.25804363905325445,101,100,100,0.48135593220338985,0.5966101694915255,0.6610169491525424,1
61,97,647,143506.0,125571.5,116593.0,703,0.29037512469420834,0.25408582199029156,0.23591840698975536,38.56651437785541,13.34589223084281,0.27852482865872447,370,356,350,0.615931721194879,0.5675675675675675,0.6344238975817923,1
61,93,654,94883.0,87750.0,83641.0,495,0.38723803693500664,0.3581267217630854,0.34135700438730743,25.49932813759742,10.145681581685745,0.19555265643557876,298,297,294,0.7818181818181819,0.7555555555555555,0.8262626262626263,1
62,136,208,81163.5,55697.0,54545.0,643,0.19630837177015786,0.13471310850915108,0.1319267914543269,21.11433402705515,3.011299740484429,1.2607479659763314,249,240,242,0.5225505443234837,0.41368584758942456,0.46967340590979784,1
62,148,417,131531.0,111771.0,105097.0,703,0.2661444854302532,0.2261614013504408,0.21265699329635843,34.217221644120706,5.102766617969321,0.6043913070982063,346,310,312,0.6017069701280228,0.5476529160739687,0.620199146514936,1
61,133,209,140783.5,132306.0,121192.0,655,0.328147543849426,0.308387623098887,0.2824823728220966,37.83485622144585,7.479563570580587,2.7744786062590143,369,324,326,0.6305343511450382,0.5770992366412214,0.7740458015267175,1
61,133,283,107770.0,112957.5,99337.0,623,0.27766541536447936,0.2910308170737049,0.2559381030533663,28.962644450416555,6.3857482050992145,1.2403326299491815,337,297,296,0.7030497592295345,0.5906902086677368,0.6709470304975923,1
61,133,396,53760.0,52684.0,48234.0,487,0.22667380644181997,0.2221369571908639,0.20337396540019986,14.44772910507928,2.978348125953983,0.30758340985613714,233,201,196,0.5749486652977412,0.6201232032854209,0.7351129363449692,1
63,146,272,107123.0,92414.0,77695.0,639,0.26234996485608136,0.22632683599423004,0.19027921659674618,26.9899218946838,4.335428785888534,1.0501594939446366,311,274,270,0.6087636932707355,0.5633802816901409,0.6838810641627543,1
61,133,232,96438.0,87015.5,77668.0,607,0.2617404308330325,0.23616701361653852,0.21079715238744032,25.91722655200215,4.919187065407881,1.4429994054696789,296,258,252,0.6112026359143328,0.5831960461285008,0.6935749588138386,1
64,135,340,62733.0,48851.5,46969.0,527,0.22587846425832375,0.17589628738806534,0.16911809713785741,15.315673828125,2.680466392318244,0.40630622837370245,232,187,188,0.6413662239089184,0.5483870967741935,0.6489563567362429,1
62,133,366,21360.5,14835.5,16865.5,319,0.20990851111919104,0.14578767897328054,0.1657363823075638,5.556841831425598,0.838685058510939,0.1259032816745797,119,88,97,0.7053291536050157,0.4827586206896552,0.6394984326018809,1
61,131,185,25672.0,12361.0,15951.0,391,0.1679214552495078,0.08085373591224547,0.10433605222362491,6.899220639613008,0.7202960200454519,0.4660628195763331,116,85,107,0.40664961636828645,0.3989769820971867,0.5319693094629157,1
62,133,317,28209.0,19322.0,23142.0,439,0.14637221683158555,0.10025892352156744,0.12008032336901531,7.338449531737774,1.0923172593136978,0.23029386300988167,131,85,135,0.5763097949886105,0.44646924829157175,0.5034168564920274,1
66,134,392,5119.0,3356.5,5616.0,287,0.06214716701671746,0.04074955383700178,0.0681809904211536,1.1751606978879705,0.18692916016930275,0.03654727197001249,19,37,91,0.1254355400696864,0.36585365853658536,0.4634146341463415,1
63,146,302,4665.0,1656.0,5992.0,219,0.09726652905485707,0.034528054043910676,0.12493484289318404,1.1753590325018897,0.07768812159879902,0.06569887285645366,29,29,73,0.5707762557077626,0.5205479452054794,0.5205479452054794,1
65,111,853,5754.5,1880.5,6874.5,335,0.051276453553129875,0.016756515927823568,0.06125640454444197,1.3620118343195267,0.1526255985715445,0.009448068949119651,52,24,87,0.2208955223880597,0.28059701492537314,0.35522388059701493,1
61,87,250,8458.0,2228.0,5764.0,275,0.11184132231404958,0.029461157024793388,0.07621818181818182,2.2730448804084924,0.2943585678425155,0.092224,51,25,69,0.5527272727272727,0.13090909090909092,0.4290909090909091,1
69,131,263,1907.0,1630.0,4338.5,247,0.03125768329262896,0.02671736956842433,0.0711124588175515,0.40054610375971433,0.0949828098595653,0.06272318524194365,0,32,69,0.0,0.3684210526315789,0.44129554655870445,1
62,134,342,3816.0,2434.0,3801.5,263,0.05516922320692796,0.03518917434110656,0.05495959172461652,0.9927159209157128,0.13555357540654933,0.03250145343866489,19,39,73,0.14068441064638784,0.3688212927756654,0.3231939163498099,1
62,130,293,5431.0,2399.0,7100.0,239,0.09507886766688259,0.04199856445090247,0.12429754381050752,1.4128511966701354,0.1419526627218935,0.08270335123297884,36,32,92,0.4393305439330544,0.24686192468619247,0.5732217573221757,1
64,134,463,4422.0,1791.0,4189.0,251,0.07018936207361788,0.028428120188568436,0.06649100807923684,1.07958984375,0.09974381822232123,0.019541071703464585,30,33,67,0.3705179282868526,0.47808764940239046,0.41434262948207173,1
65,96,285,4034.0,3372.0,8455.0,351,0.0327432407204487,0.027369907711788054,0.06862768971031079,0.954792899408284,0.3658854166666667,0.10409356725146199,35,30,97,0.39886039886039887,0.28774928774928776,0.27635327635327633,1
61,86,357,5442.0,2446.0,10640.0,283,0.06794940628550737,0.030541023111788135,0.13285220192535804,1.4625100779360387,0.33071930773391023,0.08348437414181359,39,35,99,0.4169611307420495,0.47703180212014135,0.35335689045936397,1
63,110,338,6043.0,3426.0,12379.0,239,0.1057929658094221,0.05997794156264771,0.21671539363806655,1.5225497606449987,0.28314049586776857,0.10835579986695144,37,38,113,0.4225941422594142,0.2301255230125523,0.4769874476987448,1
65,136,399,3354.0,3249.0,9788.0,359,0.026024006641785835,0.02520930160380506,0.07594602773100767,0.7938461538461539,0.17565960207612458,0.06148202586667169,39,36,104,0.22841225626740946,0.2395543175487465,0.3426183844011142,1
62,145,567,4988.0,2114.0,9948.0,359,0.038702368851886625,0.016402728098012895,0.07718748302697838,1.2976066597294484,0.10054696789536266,0.030943515952334296,36,30,95,0.25069637883008355,0.23676880222841226,0.35097493036211697,1
64,97,364,6356.5,2880.0,10612.5,303,0.06923613153394548,0.03136947358102147,0.11559324249256608,1.5518798828125,0.3060899139122117,0.08009675763796643,39,37,106,0.42244224422442245,0.19801980198019803,0.47194719471947194,1
61,86,367,13368.0,7589.0,24943.5,323,0.1281331173499219,0.07274104036269877,0.23908500992053983,3.592582639075517,1.0260951865873444,0.18519329715121502,65,63,161,0.5882352941176471,0.5294117647058824,0.5386996904024768,1
61,133,332,14810.0,7402.0,25564.5,319,0.14553709181317007,0.07273906506421911,0.2512209982213225,3.9801128728836335,0.4184521454010967,0.23193224706053128,65,64,161,0.6489028213166145,0.6144200626959248,0.6739811912225705,1
62,126,311,13633.0,5410.0,14827.0,343,0.11587858800329795,0.04598424126001921,0.12602742054756097,3.5465660770031215,0.34076593600403127,0.15329659536191725,52,52,131,0.5451895043731778,0.18950437317784258,0.5626822157434402,1
63,126,361,11741.0,5372.0,15435.5,319,0.11537819007281767,0.05279036172993583,0.1516838474464677,2.9581758629377677,0.3383723859914336,0.11844215437266442,47,42,129,0.48589341692789967,0.23197492163009403,0.49843260188087773,1
61,81,362,3167.5,3073.5,8934.5,243,0.05364189063320293,0.052049992379210486,0.1513065420244204,0.8512496640687988,0.46844993141289437,0.06817939012850646,36,25,92,0.5473251028806584,0.15637860082304528,0.4691358024691358,1
59,85,481,6480.5,3364.5,10581.5,363,0.04918076330548156,0.025533319673064225,0.08030340975494996,1.861677678827923,0.4656747404844291,0.04573588461322349,39,32,101,0.36639118457300274,0.24793388429752067,0.46831955922865015,1
62,130,988,2667.0,1427.5,6073.0,263,0.03855773540169729,0.020637857999971084,0.08779944772947419,0.6938085327783559,0.08446745562130177,0.006221418151420282,33,29,72,0.376425855513308,0.4714828897338403,0.376425855513308,1
61,133,371,5452.5,1972.0,7120.0,303,0.05938960232656929,0.02147937566033831,0.07755230968641419,1.4653319000268745,0.11148171179829272,0.051728772676746027,30,21,90,0.16831683168316833,0.19141914191419143,0.38613861386138615,1
62,126,328,4561.0,1678.0,6702.0,271,0.06210427417927316,0.022848272763170436,0.0912569273294209,1.1865244536940687,0.10569412950365331,0.062295508625817966,28,26,77,0.34317343173431736,0.17343173431734318,0.30996309963099633,1
61,124,299,4681.5,5424.5,14141.5,343,0.0397920934304584,0.04610748922642777,0.12020076668734966,1.2581295350712174,0.3527900624349636,0.15818055726446012,47,46,116,0.5043731778425656,0.46938775510204084,0.3556851311953353,1
61,86,248,5041.0,3538.0,10671.0,331,0.046010898038535614,0.03229251284672466,0.09739779666122068,1.3547433485622145,0.47836668469442944,0.17350091050988553,36,32,107,0.311178247734139,0.2598187311178248,0.45317220543806647,1
62,89,328,4963.0,3260.0,6246.0,327,0.046413975628688195,0.030487519756099844,0.058412591532699266,1.2911030176899063,0.41156419643984343,0.05805696014277216,41,34,80,0.2874617737003058,0.1926605504587156,0.3486238532110092,1
61,130,291,8699.0,3652.0,14608.0,327,0.08135304734917562,0.03415350372677197,0.13661401490708788,2.3378124160172,0.216094674556213,0.1725062292604008,38,30,112,0.37003058103975534,0.27217125382262997,0.43730886850152906,1
62,133,196,12790.0,7383.5,26275.0,335,0.11396747605257296,0.0657919358431722,0.2341278681220762,3.327263267429761,0.41740629769913506,0.6839598084131612,75,61,162,0.3761194029850746,0.3761194029850746,0.7373134328358208,1
61,133,359,7851.0,3359.0,10603.0,279,0.10085944425174394,0.043152066391747276,0.13621356354620315,2.10991668906208,0.189892023291311,0.08226969064485844,59,39,108,0.5591397849462365,0.4551971326164875,0.5197132616487455,1
61,89,282,6112.0,2195.0,13279.0,271,0.08322326765703081,0.029887937255756322,0.18081180811808117,1.6425692018274658,0.2771114758237596,0.16698103717116844,44,34,107,0.33210332103321033,0.3763837638376384,0.5940959409594095,1
61,124,224,5513.0,2221.0,8297.0,267,0.0773331088947804,0.031154876628932935,0.11638541710502322,1.4815909701693093,0.14444588969823102,0.16535794005102042,31,29,94,0.5056179775280899,0.27340823970037453,0.4419475655430712,1
62,135,272,7828.0,2079.0,10229.0,311,0.08093381995636935,0.02149481498330249,0.10575779820307896,2.036420395421436,0.11407407407407408,0.13825962370242215,49,31,92,0.48231511254019294,0.17684887459807075,0.4180064308681672,1
61,86,219,8820.0,3491.0,7309.0,319,0.08667367655585145,0.03430587356649404,0.07182515895087509,2.3703305563020693,0.47201189832341806,0.15239465398969995,44,29,89,0.4670846394984326,0.34796238244514105,0.3322884012539185,1
62,133,371,4894.0,2225.0,6351.0,263,0.07075423961601296,0.03216758952710029,0.09181858925241076,1.27315296566077,0.12578438577647125,0.046141774616575,33,31,80,0.5285171102661597,0.39543726235741444,0.49049429657794674,1
61,135,427,4673.5,3356.0,9157.0,287,0.05673857883427017,0.04074348359212811,0.11117046461654263,1.2559795753829617,0.1841426611796982,0.050222400166731566,38,30,104,0.313588850174216,0.21602787456445993,0.4878048780487805,1
61,130,233,6086.5,3016.5,9662.5,299,0.0680808939497321,0.033741233319537815,0.10808044652744377,1.6357162053211503,0.17849112426035502,0.17798264841864833,36,38,104,0.4013377926421405,0.33444816053511706,0.431438127090301,1
62,124,258,5677.0,4289.0,7041.0,239,0.099385514959472,0.07508622047933335,0.12326464872813851,1.47684703433923,0.27894120707596254,0.10577789796286281,36,27,89,0.5146443514644351,0.3305439330543933,0.4811715481171548,1
61,125,358,5893.0,3525.0,8698.0,295,0.06771617351335824,0.04050560183855214,0.09994829072105717,1.583714055361462,0.2256,0.06786617146780687,38,33,101,0.41694915254237286,0.33559322033898303,0.46440677966101696,1
62,134,236,8471.0,4074.0,9542.0,327,0.07922079136623367,0.03810004769519962,0.08923678328610574,2.20369406867846,0.22688794831811093,0.1713228957196208,40,30,99,0.41590214067278286,0.28440366972477066,0.42507645259938837,1
61,133,176,7823.5,2756.0,4434.0,223,0.15732268897424037,0.05542037845120553,0.08916326489573488,2.1025262026337006,0.1558030414381819,0.1431430785123967,32,27,72,0.14349775784753363,0.19282511210762332,0.6053811659192825,1
61,124,348,4862.5,2050.0,4568.0,247,0.07970135553770755,0.03360159976396925,0.07487419888868856,1.3067723730180059,0.13332466181061395,0.03771964592416435,38,31,69,0.41700404858299595,0.26720647773279355,0.2834008097165992,1
61,133,210,3949.0,2952.5,6225.0,327,0.03693104770455162,0.027611779779105762,0.0582161995342704,1.0612738511152915,0.1669116400022613,0.141156462585034,30,31,82,0.09174311926605505,0.11009174311926606,0.38837920489296635,1
62,127,255,6981.5,1165.0,3784.5,271,0.09506270339456162,0.01586307375988889,0.051531161068068244,1.816207075962539,0.07223014446028891,0.05820069204152249,52,37,60,0.4612546125461255,0.22140221402214022,0.3948339483394834,1
61,125,260,6245.0,3140.0,9141.0,403,0.03845230252018053,0.019333903909266113,0.05628382663522342,1.6783122816447191,0.20096,0.13522189349112426,30,28,97,0.27791563275434245,0.13895781637717122,0.3052109181141439,1
62,129,266,7017.5,2152.0,7299.5,235,0.12707107288365777,0.038967858759619736,0.13217745586238117,1.8255723204994798,0.12931915149329967,0.10316439595228673,40,28,81,0.5659574468085107,0.46382978723404256,0.5404255319148936,1
61,122,251,4856.0,2652.0,7962.0,359,0.03767816823271079,0.02057712153071438,0.06177791916574204,1.3050255307712981,0.17817790916420317,0.1263789463659307,31,33,92,0.35376044568245124,0.28133704735376047,0.28133704735376047,1
61,131,203,6711.0,2593.0,8808.0,283,0.08379427886476296,0.03237648116470427,0.10997764986452571,1.803547433485622,0.1510984208379465,0.21373971705210026,42,22,96,0.508833922261484,0.3250883392226148,0.3957597173144876,1
62,127,225,6972.0,1694.5,6760.0,271,0.09493334785746381,0.023072942906550837,0.09204667692433383,1.813735691987513,0.10505921011842023,0.13353086419753085,36,30,79,0.4797047970479705,0.3210332103321033,0.2915129151291513,1
61,133,354,6187.0,2428.0,9093.0,271,0.08424449558148718,0.0330605520077341,0.12381367356108985,1.6627250739048642,0.13726044434394255,0.07256056688690989,39,22,85,0.3837638376383764,0.19557195571955718,0.5129151291512916,1
62,126,218,5243.0,2485.0,9139.0,295,0.06024705544383798,0.028555012927319736,0.10501580005745476,1.3639438085327784,0.15652557319223986,0.1923028364615773,35,45,90,0.45084745762711864,0.5152542372881356,0.45084745762711864,1
61,123,404,4449.5,2550.0,4042.5,247,0.07293186251208839,0.04179711190152273,0.06626071563211985,1.1957807041117978,0.16855046599246482,0.024767792373296734,45,32,63,0.5182186234817814,0.19433198380566802,0.42105263157894735,1
61,135,572,3225.0,1748.0,6320.0,295,0.03705831657569664,0.020086182131571387,0.07262280953748923,0.8667024993281376,0.0959122085048011,0.01931634798767666,40,28,79,0.3898305084745763,0.4,0.43050847457627117,1
61,131,285,6104.0,2677.0,7740.0,291,0.07208228528241283,0.03161275847002279,0.09140184929322989,1.6404192421392099,0.1559932404871511,0.09529085872576178,38,30,88,0.5120274914089347,0.29896907216494845,0.45017182130584193,1
61,131,269,7080.5,1716.0,9057.0,311,0.07320540523774569,0.01774175204970999,0.09364047104558472,1.902848696586939,0.09999417283375095,0.12516410773759346,6,7,89,0.01929260450160772,0.03215434083601286,0.4212218649517685,1
62,134,695,7431.0,2564.0,7075.0,375,0.05284266666666667,0.01823288888888889,0.05031111111111111,1.9331425598335068,0.1427934952105146,0.014647274985766782,36,23,104,0.328,0.104,0.368,1
62,89,275,3354.5,1917.0,5284.0,291,0.03961337253929453,0.02263789988309066,0.062398885228091304,0.8726586888657648,0.24201489710895088,0.0698710743801653,45,2,92,0.3230240549828179,0.006872852233676976,0.43986254295532645,1
61,133,305,4733.0,1968.0,4910.5,375,0.03365688888888889,0.013994666666666667,0.03491911111111111,1.2719699005643643,0.11125558256543615,0.05278688524590164,35,29,80,0.256,0.21066666666666667,0.30133333333333334,1
61,85,310,5813.5,2170.0,5141.0,307,0.06168235206739594,0.023024116966758268,0.05454699784613099,1.5623488309594196,0.30034602076124567,0.05349635796045785,40,37,75,0.3713355048859935,0.3355048859934853,0.3550488599348534,1
61,133,321,6401.0,1976.0,4760.0,271,0.08715839925926934,0.02690595171634373,0.06481393227216405,1.7202364955657081,0.11170784103114931,0.046195203850894304,32,22,71,0.46494464944649444,0.25092250922509224,0.43911439114391143,1
61,86,616,5241.0,1207.0,4661.0,223,0.1053912204146474,0.024271551810814616,0.09372800579138933,1.4084923407686105,0.16319632233639805,0.012283374093439029,34,31,74,0.43946188340807174,0.49327354260089684,0.515695067264574,1
62,136,416,5792.0,2562.0,6173.0,327,0.05416678356666573,0.023959823808321408,0.05772989553816084,1.5067637877211237,0.13851643598615918,0.035670534393491125,33,28,81,0.3363914373088685,0.24464831804281345,0.327217125382263,1
61,133,306,5093.0,1837.0,4058.0,227,0.09883754778862389,0.03564982825205224,0.07875177084748394,1.3687180865358775,0.10384985018938324,0.043338032380708276,31,31,68,0.4581497797356828,0.44493392070484583,0.3964757709251101,1
62,90,338,5605.0,2513.0,5291.0,343,0.04764171391172046,0.0213601475575653,0.04497275794949383,1.4581165452653486,0.3102469135802469,0.046313154301319985,28,27,78,0.3294460641399417,0.3177842565597668,0.3819241982507289,1
61,133,312,5104.0,751.0,4923.0,295,0.05864981327204826,0.008629704108014937,0.056569951163458775,1.3716742811072293,0.04245576346882243,0.050573224852071004,30,34,78,0.36610169491525424,0.3694915254237288,0.4135593220338983,1
61,86,334,2427.0,2195.0,9743.0,267,0.03404452299793797,0.030790163980417735,0.13666905132629156,0.652244020424617,0.29678204434829636,0.08733730144501416,33,30,88,0.299625468164794,0.47191011235955055,0.550561797752809,1
62,89,500,2885.5,1610.5,5119.5,289,0.034548197459321604,0.01928257563965949,0.061295961494713905,0.7506503642039543,0.20332028784244413,0.020478,33,24,80,0.40484429065743943,0.15570934256055363,0.28027681660899656,1
61,133,459,6942.0,2528.5,5761.0,343,0.05900602640056439,0.02149189538372617,0.048967692033081454,1.8656275194840097,0.14294194131946408,0.02734465851215819,30,28,82,0.26239067055393583,0.19825072886297376,0.239067055393586,1
61,90,379,8323.0,2437.0,9579.0,311,0.08605163304763185,0.025196182835165063,0.09903743757818881,2.236764310669175,0.3008641975308642,0.06668708794842698,41,40,98,0.48231511254019294,0.3987138263665595,0.5080385852090032,1
61,131,482,5401.0,3633.0,4670.0,271,0.07354202693318446,0.049468280660666386,0.06358845876281641,1.4514915345337276,0.2117009498280986,0.020101237926344242,27,37,74,0.33948339483394835,0.2952029520295203,0.34317343173431736,1
62,89,372,5769.0,2309.0,5481.0,335,0.051405658275785256,0.020574738249053242,0.048839385163733574,1.500780437044745,0.2915035980305517,0.03960718002081166,36,37,84,0.2417910447761194,0.11044776119402985,0.34626865671641793,1
61,130,722,5923.5,2171.0,4827.5,267,0.08309136051845306,0.03045350615101909,0.06771731964258161,1.5919107766729375,0.12846153846153846,0.009260786826374875,38,33,79,0.5131086142322098,0.4157303370786517,0.3408239700374532,1
62,84,216,3912.0,1182.0,5938.0,279,0.05025629167148418,0.015184799784175435,0.07628370652997778,1.0176899063475546,0.16751700680272108,0.12727194787379972,26,20,80,0.23297491039426524,0.1971326164874552,0.3727598566308244,1
59,133,371,3619.0,1503.0,3848.0,247,0.05931911685161206,0.024635709485485748,0.06307266141061155,1.0396437805228382,0.08496805924585901,0.027956786132039144,34,38,59,0.291497975708502,0.3684210526315789,0.3805668016194332,1
61,133,258,4656.0,2022.5,3243.5,279,0.05981423671330019,0.02598245140735602,0.04166827250420729,1.2512765385649018,0.11433659336310702,0.04872754041223484,32,36,71,0.26523297491039427,0.25806451612903225,0.44802867383512546,1
61,86,251,4337.0,1266.0,6056.0,259,0.06465318048329631,0.01887270613139339,0.09027891653374279,1.1655468959957,0.17117360735532722,0.09612545832605832,32,25,82,0.4671814671814672,0.305019305019305,0.32432432432432434,1
61,131,368,3770.5,1735.5,5954.0,247,0.06180235702929076,0.028446622629448113,0.09759215853398678,1.0133028755710831,0.10113047025231629,0.0439656190926276,29,25,71,0.1902834008097166,0.3603238866396761,0.3441295546558704,1
65,135,257,3770.0,1257.0,5237.0,247,0.06179416151715321,0.020603517513809438,0.0858397941287351,0.8923076923076924,0.06897119341563786,0.07928961831367622,24,35,74,0.3117408906882591,0.21862348178137653,0.39271255060728744,1
62,130,267,4597.0,2094.5,2120.0,239,0.08047828294322579,0.03666777542409972,0.03711419618003887,1.1958896982310094,0.12393491124260356,0.02973810826354697,40,33,56,0.3472803347280335,0.3514644351464435,0.4309623430962343,1
69,136,350,3541.0,1160.0,5159.0,287,0.042989474195389045,0.014082968106933434,0.06263278660661172,0.7437513127494224,0.06271626297577855,0.042114285714285715,38,19,67,0.41114982578397213,0.06620209059233449,0.24041811846689895,1
58,131,412,4621.5,1446.5,5337.0,247,0.07575111868740678,0.023709616613942205,0.0874788965562458,1.3738109393579072,0.08428995979255288,0.03144146479404279,37,27,73,0.4251012145748988,0.3441295546558704,0.39271255060728744,1
64,133,386,3741.0,1740.0,5171.0,255,0.05753171856978086,0.026758938869665513,0.07952326028450596,0.913330078125,0.09836621629261123,0.03470562968133373,23,31,62,0.30196078431372547,0.22745098039215686,0.45098039215686275,1
61,130,371,3596.5,1454.5,7640.0,319,0.03534261652302945,0.01429329507375124,0.07507787855858335,0.9665412523515184,0.08606508875739645,0.05550671674864321,42,33,77,0.34169278996865204,0.2476489028213166,0.3510971786833856,1
77,136,308,3778.5,2949.0,7686.0,351,0.030669393917257166,0.023936494021964107,0.06238585725765213,0.637291280148423,0.15943987889273356,0.08102125147579693,27,34,86,0.29914529914529914,0.23931623931623933,0.37037037037037035,1
61,135,394,8949.0,2320.0,9549.0,291,0.10567895986112587,0.027396936739055987,0.11276437453501967,2.404998656275195,0.12729766803840878,0.06151279342420572,33,39,97,0.41580756013745707,0.3127147766323024,0.3402061855670103,1
63,135,335,4135.0,2606.0,5215.0,271,0.056303699568360996,0.035484266281777206,0.07100938168053267,1.0418241370622323,0.1429903978052126,0.046469146803296946,18,35,75,0.06642066420664207,0.4095940959409594,0.2988929889298893,1
61,133,244,5576.0,2373.5,8867.0,367,0.04139907490589432,0.017622077526746802,0.06583314153345857,1.4985219027143242,0.13417943354627168,0.14893509809191077,32,34,94,0.3242506811989101,0.3079019073569482,0.3923705722070845,1
61,130,328,6644.0,2224.0,8570.0,323,0.06368315616942556,0.021317179307766776,0.0821439868109538,1.7855415210964793,0.13159763313609468,0.07965868530636526,35,37,84,0.2786377708978328,0.3653250773993808,0.3498452012383901,1
63,89,643,7584.5,2343.5,12090.5,259,0.11306480225399144,0.034935376634218335,0.1802373250249698,1.9109347442680775,0.29585910869839666,0.029243026346659443,36,33,101,0.3127413127413127,0.3166023166023166,0.42857142857142855,1
61,131,299,5387.5,1861.5,10558.5,319,0.05294267941549317,0.018292862688063207,0.10375782470691129,1.4478634775597958,0.10847269972612318,0.11810270578628874,32,32,91,0.21630094043887146,0.2413793103448276,0.3103448275862069,1
64,133,284,4692.0,2054.0,4247.0,327,0.043879583648963334,0.01920900784632794,0.03971794368225645,1.1455078125,0.11611736107185257,0.05265572307081928,30,26,66,0.2996941896024465,0.27217125382262997,0.37003058103975534,1
61,133,503,6872.0,2322.0,11106.0,335,0.061234127868122074,0.020690576965916686,0.09896190688349299,1.846815372211771,0.13126801967324325,0.04389567169547328,37,33,92,0.4626865671641791,0.1582089552238806,0.33134328358208953,1
79,101,306,9689.0,3425.0,13762.0,327,0.09061152727510778,0.0320305997437552,0.12870222297038222,1.5524755648133313,0.3357513969218704,0.14697338630441284,25,26,99,0.2874617737003058,0.21100917431192662,0.308868501529052,1
61,85,454,7841.5,3148.0,15327.5,279,0.10073740059865624,0.04044141262316774,0.19690779923176732,2.1073636119322763,0.43570934256055366,0.07436346523316967,41,33,112,0.4121863799283154,0.3154121863799283,0.4014336917562724,1
64,126,581,8895.0,5900.0,15736.0,335,0.07926041434617954,0.05257295611494765,0.14021831142793495,2.171630859375,0.37163013353489543,0.046616759637517366,50,47,136,0.1582089552238806,0.41194029850746267,0.5761194029850746,1
65,127,395,4472.0,3826.0,10234.0,295,0.05138753231829934,0.04396437805228383,0.11759839126687734,1.0584615384615386,0.23721247442494886,0.06559205255568018,27,28,103,0.3288135593220339,0.19661016949152543,0.46440677966101696,1
66,95,261,7661.0,4440.0,7457.0,343,0.06511742556247822,0.037739377300274546,0.06338345417300614,1.7587235996326906,0.4919667590027701,0.10946697787760015,38,28,96,0.3935860058309038,0.21282798833819241,0.30903790087463556,1
61,78,230,6219.0,3352.5,6389.5,271,0.0846802194959219,0.045648888223199575,0.08700181097751937,1.6713249126578877,0.5510355029585798,0.12078449905482042,48,33,83,0.3025830258302583,0.23985239852398524,0.5535055350553506,1
63,125,183,8016.0,2770.5,10056.5,279,0.1029791498053725,0.03559178325047212,0.1291928418185789,2.019652305366591,0.177312,0.3002926334020126,37,21,95,0.4731182795698925,0.14695340501792115,0.5591397849462365,1
62,126,383,4869.5,3646.0,5930.0,319,0.047852320633641574,0.035829050422067396,0.058273798409999904,1.2667793964620186,0.22965482489292013,0.04042566245594421,22,32,71,0.13166144200626959,0.3448275862068966,0.3573667711598746,1
62,130,567,8731.5,3208.5,5984.0,275,0.11545785123966942,0.042426446280991736,0.07912727272727273,2.2714620187304893,0.18985207100591717,0.01861338957164942,31,18,65,0.1890909090909091,0.13090909090909092,0.28363636363636363,1
62,136,284,5741.5,2938.0,10704.0,299,0.06422187671278845,0.03286316707866802,0.1197302043601302,1.4936264308012488,0.15884515570934257,0.13271176353898037,29,24,104,0.3210702341137124,0.14046822742474915,0.5551839464882943,1
61,130,473,8064.5,3389.5,13745.0,351,0.0654580725805797,0.027511952013376514,0.11156565287619419,2.167293738242408,0.20056213017751479,0.06143593365187347,26,39,107,0.20512820512820512,0.3789173789173789,0.42735042735042733,1
61,133,309,5707.0,2181.0,8656.0,335,0.050853196703051905,0.019434172421474716,0.07713076408999778,1.5337274926095135,0.1232969642150489,0.09065677988290864,28,25,85,0.3373134328358209,0.16417910447761194,0.4,1
61,130,253,7134.0,5212.0,22367.0,327,0.06671716746626266,0.04874262361005901,0.20917618232659055,1.9172265520021499,0.3084023668639053,0.3494352356699839,45,42,144,0.363914373088685,0.30275229357798167,0.6880733944954128,1
62,129,256,11845.0,5872.0,19661.0,399,0.07440279897739335,0.03688419042593954,0.12349796797758808,3.0814255983350676,0.3528634096508623,0.3000030517578125,50,47,136,0.3007518796992481,0.2781954887218045,0.3583959899749373,1
61,130,350,10006.5,7228.0,15940.0,343,0.08505384661153091,0.06143698628972622,0.13548776445188654,2.6891964525665144,0.4276923076923077,0.13012244897959183,53,38,124,0.4402332361516035,0.39941690962099125,0.5364431486880467,1
62,135,300,15171.5,8145.5,24479.5,431,0.08167214862107762,0.04384935481613471,0.13177954468376032,3.9468002081165454,0.44694101508916323,0.2719944444444444,50,52,157,0.3990719257540603,0.22505800464037123,0.43155452436194897,1
61,133,236,14262.0,5552.0,18520.0,371,0.10361738144884156,0.040336818244563755,0.1345529311760304,3.832840634238108,0.31386737520492963,0.33251939097960354,54,51,133,0.38544474393531,0.4797843665768194,0.4797843665768194,1
61,133,422,9675.0,5119.0,16887.0,431,0.05208305295514128,0.02755691452996054,0.09090713335953188,2.6001074979844128,0.2893888857482051,0.09482603715100739,38,35,127,0.29466357308584684,0.21577726218097448,0.3433874709976798,1
62,81,188,5697.5,5452.5,17280.5,367,0.04230115302660203,0.04048214776262352,0.1282992672007365,1.4821800208116545,0.8310470964791953,0.4889231552738796,40,40,127,0.3923705722070845,0.37057220708446864,0.41689373297002724,1
61,78,332,9129.0,5519.0,13678.0,367,0.06777836348922332,0.04097587776284626,0.10155246530897104,2.4533727492609514,0.9071334648257725,0.12409275656844244,46,46,126,0.2970027247956403,0.4223433242506812,0.42779291553133514,1
61,130,252,8124.0,5227.0,18147.0,391,0.05313936983667035,0.03418999090796109,0.11870016548819017,2.1832840634238107,0.3092899408284024,0.2857615268329554,46,42,126,0.11764705882352941,0.2506393861892583,0.4859335038363171,1
61,78,359,6778.0,3103.0,11058.0,335,0.060396524838494094,0.02764981064825128,0.09853419469815104,1.8215533458747648,0.510026298487837,0.08580007914277511,32,29,101,0.42686567164179107,0.29850746268656714,0.41492537313432837,1
62,90,216,8308.5,2562.5,8591.0,271,0.11313162947127627,0.034891954085592515,0.11697825465339524,2.161420395421436,0.31635802469135804,0.1841349451303155,33,30,101,0.41697416974169743,0.2693726937269373,0.4095940959409594,1
62,136,280,8792.0,2775.0,10165.0,339,0.0765047293358046,0.024147022737358706,0.08845206707216262,2.287200832466181,0.1500324394463668,0.12965561224489797,38,35,106,0.39823008849557523,0.20058997050147492,0.3952802359882006,1
61,86,248,6960.0,2925.0,11475.5,263,0.10062311150949124,0.042287730052480155,0.16590524656999522,1.8704649287825854,0.3954840454299621,0.18658136056191468,39,37,85,0.34220532319391633,0.41064638783269963,0.6045627376425855,1
61,80,284,4459.0,2343.0,9232.0,283,0.055675560938455965,0.029254953863826493,0.11527176016681442,1.1983337812416017,0.36609375,0.11446141638563777,31,31,95,0.33568904593639576,0.34275618374558303,0.38869257950530034,1
61,133,262,5709.0,2461.0,13546.0,303,0.062183446067379015,0.026805650862115914,0.14754544761406835,1.5342649825315775,0.13912601051500934,0.19733698502418273,30,41,106,0.29042904290429045,0.41914191419141916,0.5115511551155115,1
61,125,404,6391.5,2804.5,12986.0,299,0.07149248889833447,0.031369895191328954,0.145255645910001,1.7176834184359042,0.179488,0.07956327810998921,42,35,100,0.23745819397993312,0.38127090301003347,0.47491638795986624,1
61,133,253,10845.5,4327.5,19948.0,315,0.10930209120685311,0.043613000755857896,0.20103804484756865,2.914673474872346,0.24464356379670982,0.3116436751081879,51,50,141,0.5968253968253968,0.526984126984127,0.6603174603174603,1
62,123,232,8556.0,5893.0,19913.5,335,0.07623969703720206,0.05251058142125195,0.17744263755847628,2.225806451612903,0.38951682199748827,0.3699743608799049,60,54,151,0.5343283582089552,0.2955223880597015,0.5880597014925373,1
61,86,179,12086.0,7147.0,19371.0,323,0.11584506704751316,0.0685044426765329,0.18567224836814308,3.248051599032518,0.9663331530557058,0.6045691457819669,60,60,153,0.43034055727554177,0.18575851393188855,0.5789473684210527,1
59,127,220,8943.0,5665.0,20438.0,351,0.07258869652032045,0.04598176962849328,0.16589151062085536,2.5690893421430623,0.3512307024614049,0.4222727272727273,56,54,148,0.4586894586894587,0.16524216524216523,0.5413105413105413,1
61,86,218,9990.0,3741.0,21655.0,375,0.07104,0.026602666666666667,0.1539911111111111,2.6847621607094867,0.5058139534883721,0.455664506354684,53,53,158,0.496,0.38133333333333336,0.5173333333333333,1
61,123,286,9661.0,3419.0,20499.0,375,0.06870044444444444,0.024312888888888887,0.14577066666666666,2.596345068529965,0.2259898208738185,0.2506112768350531,43,43,146,0.4,0.416,0.5386666666666666,1
60,126,327,6939.0,2103.0,10165.0,271,0.09448400757070301,0.028635231001756512,0.13841042469465284,1.9275,0.13246409674981102,0.09506307923949536,41,38,110,0.5166051660516605,0.5166051660516605,0.5166051660516605,1
61,130,208,5318.0,2441.0,8832.0,323,0.05097336311092793,0.02339713790029618,0.0846552732222105,1.429185702768073,0.14443786982248522,0.20414201183431951,40,29,105,0.2693498452012384,0.21671826625386997,0.5386996904024768,1
64,133,294,6335.0,3356.0,6213.0,311,0.06549766855181398,0.034697738857125134,0.06423630855760383,1.546630859375,0.18972242636666856,0.0718797723170901,34,31,89,0.4340836012861736,0.09967845659163987,0.38263665594855306,1
62,89,282,7764.0,3729.0,14700.0,367,0.05764390558991454,0.027686002568880902,0.10914031583870992,2.019771071800208,0.4707738921853301,0.18484985664704995,42,46,98,0.2970027247956403,0.2997275204359673,0.547683923705722,1
64,134,391,8426.0,2936.0,6435.0,319,0.08280185925845855,0.028851917728795903,0.06323640687493244,2.05712890625,0.16351080418801514,0.04209156141050883,31,31,82,0.28213166144200624,0.09717868338557993,0.43573667711598746,1
61,125,340,6848.0,4150.0,14919.0,335,0.0610202717754511,0.0369792826910225,0.1329382936065939,1.8403654931470035,0.2656,0.12905709342560553,42,36,126,0.3373134328358209,0.3522388059701492,0.43283582089552236,1
61,130,305,7864.0,5386.0,14644.5,287,0.0954728113732108,0.06538867777926162,0.17779140210516092,2.113410373555496,0.318698224852071,0.15742542327331363,55,49,131,0.5993031358885017,0.5052264808362369,0.5853658536585366,1
61,135,511,8886.0,4284.0,14211.0,303,0.09678789661144332,0.04666209195176944,0.1547887462013528,2.38806772373018,0.23506172839506173,0.054423045254881834,44,39,121,0.5115511551155115,0.45874587458745875,0.594059405940594,1
61,131,249,6678.0,5238.0,16250.0,255,0.10269896193771626,0.08055363321799308,0.2499038831218762,1.7946788497715669,0.3052269681254006,0.2620925468944049,48,50,129,0.29411764705882354,0.28627450980392155,0.5372549019607843,1
62,136,383,8797.0,3914.0,20697.0,343,0.07477326624110703,0.033268451070557335,0.17592159729364465,2.2885015608740895,0.21161332179930795,0.14109442425812432,49,46,138,0.3556851311953353,0.3236151603498542,0.5743440233236151,1
61,85,326,7480.5,5773.5,15279.0,247,0.12261305708993755,0.09463357865232998,0.2504384598993591,2.0103466809997315,0.7991003460207613,0.14376717226843314,56,53,130,0.5668016194331984,0.3967611336032389,0.6761133603238867,1
61,125,556,7409.0,2713.0,9321.0,315,0.07466868228772991,0.027341899722852104,0.09393801965230536,1.9911314162859446,0.173632,0.03015177785828891,30,1,101,0.09523809523809523,0.0031746031746031746,0.33015873015873015,1
62,133,304,7559.5,4380.0,16699.5,287,0.09177603224514076,0.05317534509342107,0.20274010853597835,1.9665712799167534,0.2476115099779524,0.1806992295706371,46,42,133,0.3867595818815331,0.1602787456445993,0.6132404181184669,1
61,130,414,5042.0,3188.0,10315.0,267,0.07072619899283199,0.04471938167178667,0.14469272959362595,1.3550120935232464,0.18863905325443786,0.06018226796424654,37,35,104,0.2846441947565543,0.36704119850187267,0.5318352059925093,1
62,89,355,9396.5,3332.0,10007.0,327,0.08787606729699146,0.03116086375071309,0.0935854632513163,2.4444588969823102,0.4206539578336069,0.07940487998413014,39,38,110,0.37003058103975534,0.43730886850152906,0.3363914373088685,1
61,133,246,8699.0,4255.0,12761.5,271,0.1184488228646124,0.05793766424749118,0.17376533543933226,2.3378124160172,0.24054497145118436,0.21087811487870975,47,43,118,0.39114391143911437,0.39114391143911437,0.5571955719557196,1
61,122,913,11343.0,4649.0,12208.0,303,0.12354997876025227,0.050637737041030834,0.13297171301288543,3.0483740929857563,0.3123488309594195,0.014645458264402826,37,36,114,0.46864686468646866,0.429042904290429,0.5181518151815182,1
59,78,356,13258.0,5661.0,13971.0,351,0.10761276288341816,0.04594930235955877,0.11340005357099374,3.8086756679115195,0.9304733727810651,0.11023702815301098,50,44,119,0.43304843304843305,0.301994301994302,0.5641025641025641,1
61,135,220,13254.0,4530.0,14844.0,343,0.1126571411571709,0.038504364677982815,0.1261719181633503,3.5619457135178716,0.248559670781893,0.30669421487603304,58,39,127,0.4956268221574344,0.2857142857142857,0.48104956268221577,1
62,133,657,6464.0,3189.0,9282.0,323,0.06195784489451638,0.030566764753807665,0.08896855140948347,1.6815816857440167,0.18028153089490645,0.021503582772113453,30,31,106,0.17027863777089783,0.20123839009287925,0.34674922600619196,1
61,133,385,4997.0,4458.0,11981.5,315,0.05036029226505417,0.04492819349962207,0.12075081884605694,1.3429185702768074,0.25202103001865567,0.08083319278124473,43,44,111,0.34285714285714286,0.46984126984126984,0.43174603174603177,1
62,122,396,6120.0,5540.0,12945.0,383,0.04172091976903517,0.037766976392231186,0.08824792588401312,1.5920915712799169,0.3722117710292932,0.08254897459442914,47,43,122,0.4177545691906005,0.2402088772845953,0.37597911227154046,1
61,133,275,5827.0,2948.0,12225.0,263,0.08424294120198354,0.04262024895545692,0.17674102560395552,1.5659768879333513,0.16665724461529766,0.16165289256198348,37,35,109,0.33079847908745247,0.4790874524714829,0.55893536121673,1
61,86,935,7335.5,2019.5,10914.0,271,0.09988289919799567,0.027498263912528423,0.14860908756689042,1.9713786616500941,0.2730530016224986,0.012484200291686922,43,43,114,0.2915129151291513,0.5571955719557196,0.5645756457564576,1
61,130,279,11175.5,5502.0,15357.0,351,0.09070949099439128,0.04465872841941218,0.12464996225679986,3.0033593120128996,0.3255621301775148,0.19728677689135546,47,47,128,0.31339031339031337,0.41595441595441596,0.5213675213675214,1
64,93,412,6024.0,3927.0,13044.0,291,0.07113756332589365,0.046374039040634855,0.154036915010451,1.470703125,0.4540409295872355,0.07684513149212932,45,44,122,0.38144329896907214,0.4261168384879725,0.570446735395189,1
61,78,333,6444.0,4047.0,16694.0,319,0.06332484940203024,0.03976965635164749,0.1640510608189778,1.7317925288900833,0.6651873767258383,0.15054694333973614,49,46,134,0.2852664576802508,0.4012539184952978,0.5078369905956113,1
61,131,248,7845.0,5628.0,12084.0,323,0.07519481639812516,0.053944732528827075,0.11582589692223638,2.108304219295888,0.32795291649670766,0.19647502601456815,36,36,123,0.4520123839009288,0.35294117647058826,0.5046439628482973,1
65,123,234,12583.5,4880.0,10358.5,243,0.2131026774373825,0.0826432285051398,0.17542210706362513,2.9783431952662722,0.32255932315420716,0.18917561545766673,45,42,119,0.4609053497942387,0.3991769547325103,0.49382716049382713,1
69,132,264,10003.5,3702.5,10203.0,311,0.10342635001705938,0.03828020802100888,0.10548898377808336,2.101134215500945,0.21249426078971534,0.14639290633608815,27,37,108,0.24437299035369775,0.19935691318327975,0.3729903536977492,1
62,129,228,5873.5,2877.5,14822.5,263,0.08491520767974092,0.041601006231115095,0.21429397562491867,1.5279656607700312,0.17291629108827594,0.285135811018775,46,30,121,0.3574144486692015,0.3688212927756654,0.6653992395437263,1
69,134,293,8221.0,2121.0,11400.0,295,0.09446710715311692,0.024372306808388394,0.13099683998850906,1.7267380802352448,0.11812207618623301,0.13279129634590967,30,35,104,0.34915254237288135,0.11864406779661017,0.49491525423728816,1
64,131,504,6610.0,3171.0,9601.0,303,0.07199729873977496,0.034539097474103844,0.10457580411506497,1.61376953125,0.18477944175747335,0.03779683169564122,44,43,108,0.5214521452145214,0.35313531353135313,0.5214521452145214,1
61,122,175,9722.0,4312.0,15343.0,327,0.09092014327263885,0.04032582367739341,0.14348773485209812,2.6127385111529158,0.28970706799247514,0.5009959183673469,49,46,128,0.4709480122324159,0.3333333333333333,0.4525993883792049,1
58,131,689,8616.0,2751.0,12376.0,343,0.07323479162593817,0.023383114178616052,0.10519426429463914,2.5612366230677766,0.16030534351145037,0.026070049565955582,17,30,116,0.04956268221574344,0.21282798833819241,0.48104956268221577,1
63,130,371,6557.0,4760.0,10859.0,275,0.08670413223140495,0.06294214876033058,0.1435900826446281,1.652053413958176,0.2816568047337278,0.07889364360909903,42,41,108,0.4218181818181818,0.46545454545454545,0.5490909090909091,1
62,89,226,3775.0,1916.0,6990.0,303,0.04111797318345696,0.02086941367404067,0.07613632650393752,0.9820499479708636,0.2418886504229264,0.13685488291957085,38,25,82,0.3564356435643564,0.22442244224422442,0.33663366336633666,1
