SrcIPF0,DstIPF0,DstPortF0,SrcIPF2,DstIPF2,DstPortF2,Events_F1,SrcIP_BurstIndex,DstIP_BurstIndex,DstPort_BurstIndex,SrcIP_Concentration,DstIP_Concentration,DstPort_Concentration,SrcIP_MaxCount,DstIP_MaxCount,DstPort_MaxCount,SrcIP_FractionOfMass,DstIP_FractionOfMass,DstPort_FractionOfMass,Attack
80,56,73,833.5,769.0,4439.0,117,0.06088830447804807,0.05617649207392797,0.32427496530060634,0.130234375,0.24521683673469388,0.8329893038093451,14,12,67,0.358974358974359,0.2905982905982906,0.7435897435897436,1
84,57,55,657.5,824.0,4353.75,91,0.07939862335466731,0.09950489071368192,0.5257517208066659,0.09318310657596372,0.2536164973838104,1.4392561983471075,12,0,65,0.32967032967032966,0.0,0.9230769230769231,1
84,50,164,28955.5,29724.5,99033.0,471,0.13052366334446744,0.13399011003376293,0.4464143237724316,4.103670634920635,11.8898,3.682071683521713,72,66,299,0.5265392781316348,0.42250530785562634,0.9808917197452229,0
71,43,558,83271.0,92992.5,180776.0,863,0.11180782229120707,0.1248608628984289,0.24272761084309363,16.5187462804999,50.2934018388318,0.5805937744890225,98,98,425,0.2954808806488992,0.3128621089223638,0.7265353418308227,0
71,51,333,22747.75,21271.75,27720.0,407,0.13732500648962565,0.12841459954482068,0.1673417889634106,4.512547113667923,8.178296808919645,0.2499797094391689,58,70,158,0.14987714987714987,0.17444717444717445,0.7100737100737101,0
80,49,254,5921.5,7397.0,3545.5,231,0.11097055902250708,0.13862183992054122,0.06644365735274826,0.925234375,3.0807996668054978,0.05495535991071982,33,39,50,0.43722943722943725,0.5411255411255411,0.2683982683982684,0
84,57,785,8557.75,8204.25,3110.5,311,0.0884787171348518,0.08482387485654615,0.032159510344185856,1.2128330498866213,2.525161588180979,0.005047669276644083,39,45,49,0.4565916398713826,0.38263665594855306,0.22508038585209003,0
72,50,383,6131.25,6513.0,3292.0,219,0.127838243572903,0.13579783574154,0.06863910260419924,1.1827256944444444,2.6052,0.02244203723523918,40,34,43,0.4977168949771689,0.2922374429223744,0.2009132420091324,0
83,47,410,6970.0,5156.25,2797.75,203,0.16913780970176417,0.12512436603654542,0.06789172268193841,1.0117578748729859,2.3342009959257584,0.016643367043426532,35,30,48,0.5566502463054187,0.2413793103448276,0.5073891625615764,0
71,50,413,4913.0,5984.25,2990.0,243,0.083202086402818,0.10134379921759894,0.050635912547206556,0.974608212656219,2.3937,0.017529562816221003,36,39,47,0.42386831275720166,0.3662551440329218,0.5102880658436214,0
71,47,427,6900.5,6635.5,3592.5,219,0.14387731698671838,0.13835199432872541,0.07490460999562144,1.3688752231700059,3.003847894975102,0.019703393316477358,40,38,48,0.45662100456621,0.5799086757990868,0.2511415525114155,0
80,59,402,5527.5,5364.0,2131.0,231,0.10358688930117502,0.10052285376960701,0.03993553344202695,0.863671875,1.5409365124964092,0.013186554788247816,48,36,33,0.5757575757575758,0.5974025974025974,0.341991341991342,0
84,58,421,6534.5,6542.75,2229.5,231,0.122458349731077,0.12261295702854144,0.04178145087235996,0.9260912698412699,1.9449316290130796,0.012578917970447018,36,35,20,0.5584415584415584,0.4025974025974026,0.22077922077922077,0
72,46,356,6046.25,7465.25,2428.0,235,0.10948392937980987,0.1351788139429606,0.043965595291987326,1.1663290895061729,3.528000945179584,0.01915793460421664,39,28,25,0.39574468085106385,0.32340425531914896,0.10638297872340426,0
83,56,367,4553.5,5782.0,3227.5,227,0.08836771526713114,0.11220865920161463,0.06263463292514894,0.6609812744955726,1.84375,0.02396261016118614,19,19,46,0.15418502202643172,0.22466960352422907,0.3876651982378855,0
71,51,297,6758.75,7279.5,5468.75,295,0.07766446423441539,0.08364837690318874,0.06284113760413675,1.3407558024201547,2.798731257208766,0.06199764196397193,49,15,70,0.46779661016949153,0.0711864406779661,0.5152542372881356,0
80,51,501,4880.5,4503.25,2708.0,191,0.13378196869603357,0.12344096927167567,0.07423042131520517,0.762578125,1.731353325643983,0.010788801638240485,40,31,37,0.5130890052356021,0.44502617801047123,0.193717277486911,1
84,58,229,7084.0,6665.25,3112.0,235,0.1282752376641014,0.12069262109551833,0.056351290176550474,1.003968253968254,1.98134661117717,0.059342880570545944,43,34,46,0.451063829787234,0.4723404255319149,0.3659574468085106,0
71,53,386,5785.0,5542.0,2672.5,255,0.08896578239138793,0.08522875816993464,0.04109957708573626,1.147589763935727,1.972944108223567,0.01793672313350694,38,33,43,0.3686274509803922,0.403921568627451,0.30196078431372547,0
72,49,421,4317.0,4975.5,3154.5,259,0.06435503346700258,0.07417152397847379,0.04702523814492927,0.8327546296296297,2.0722615576842984,0.01779780073459301,38,29,48,0.3166023166023166,0.4594594594594595,0.38996138996138996,1
83,53,425,6785.0,7459.5,2655.0,295,0.07796610169491526,0.08571674806090204,0.030508474576271188,0.9849034692988823,2.655571377714489,0.014698961937716262,42,40,32,0.3694915254237288,0.3423728813559322,0.288135593220339,0
80,59,504,5969.5,6127.0,2825.0,275,0.07893553719008264,0.08101818181818182,0.037355371900826446,0.932734375,1.760126400459638,0.011121346686822877,30,25,44,0.33454545454545453,0.24363636363636362,0.28363636363636363,1
71,50,281,6152.75,5980.5,3750.75,255,0.09462129950019223,0.09197231833910034,0.05768166089965398,1.2205415592144415,2.3922,0.047501298109193145,42,31,49,0.3686274509803922,0.3686274509803922,0.37254901960784315,1
84,60,333,5600.0,4424.5,3099.0,259,0.08348116456224565,0.0659575736795814,0.04619788017471415,0.7936507936507936,1.2290277777777778,0.027946865784703623,21,28,37,0.08108108108108109,0.18532818532818532,0.38223938223938225,1
71,51,247,7348.0,5253.5,2614.5,223,0.14776086388224174,0.10564258279876933,0.052574956262945165,1.4576472922039279,2.0198000768935027,0.04285433296726712,52,28,46,0.23318385650224216,0.4304932735426009,0.3811659192825112,1
71,65,515,4908.0,5166.5,2179.0,253,0.07667671733662454,0.08071521192332329,0.03404208783139871,0.9736163459631025,1.2228402366863906,0.008215665944009803,32,29,32,0.20948616600790515,0.20948616600790515,0.1857707509881423,1
84,58,455,6730.5,7544.0,3852.0,235,0.12187415119963785,0.13660479855138072,0.06975101856043459,0.9538690476190477,2.24256837098692,0.018606448496558386,29,35,44,0.4808510638297872,0.425531914893617,0.3148936170212766,1
80,56,282,4798.25,5172.75,2441.0,215,0.10380205516495403,0.11190373174689021,0.05280692266089778,0.7497265625,1.6494738520408163,0.03069513605955435,30,24,34,0.49767441860465117,0.3023255813953488,0.15813953488372093,1
84,58,337,4670.0,5674.0,2667.5,231,0.08751710050411349,0.10633234009857387,0.0499896928468357,0.6618480725623582,1.6866825208085612,0.023487923641134466,32,36,46,0.3939393939393939,0.5541125541125541,0.4935064935064935,0
71,53,906,4327.0,6024.25,2068.25,215,0.09360735532720389,0.13032449972958357,0.04474310438074635,0.8583614362229717,2.144624421502314,0.002519687245686105,44,40,39,0.5395348837209303,0.5348837209302325,0.4790697674418605,0
71,41,305,4392.0,5853.75,2039.75,231,0.08230730308652387,0.10970090515545061,0.03822548303067783,0.8712557032334854,3.4823022010707914,0.0219269013705993,29,35,0,0.48917748917748916,0.48917748917748916,0.0,0
83,64,404,6720.0,6062.5,3537.75,243,0.11380379007265153,0.10266896983860861,0.059912106894274245,0.9754681376106837,1.4801025390625,0.02167526467993334,40,31,36,0.37448559670781895,0.35390946502057613,0.4279835390946502,1
80,58,464,5496.0,5219.5,2764.0,247,0.0900850694159878,0.08555295120392073,0.04530479109639561,0.85875,1.551575505350773,0.012838139120095125,34,26,36,0.43724696356275305,0.4817813765182186,0.32388663967611336,1
84,56,509,6626.5,6180.5,3389.0,271,0.09022889121880148,0.08415598916136763,0.046145885813101674,0.9391298185941043,1.9708227040816326,0.01308085116237779,44,26,30,0.4132841328413284,0.2693726937269373,0.12546125461254612,1
71,52,433,4924.0,6547.0,3169.5,231,0.0922771312381702,0.12269260321208374,0.05939731264406589,0.9767903193810752,2.4212278106508878,0.01690499175951656,28,34,47,0.43722943722943725,0.45021645021645024,0.2813852813852814,1
71,51,485,5392.5,5123.0,3615.5,247,0.08838859840351423,0.08397121736137292,0.059261748266649185,1.069728228526086,1.9696270665128797,0.015370390052077798,26,27,48,0.41700404858299595,0.15384615384615385,0.3967611336032389,1
71,73,298,5242.75,5386.25,3463.25,231,0.09825059500384176,0.100939824965799,0.064902269447724,1.0400218210672485,1.0107431037718146,0.03899880636007387,28,25,41,0.4069264069264069,0.38961038961038963,0.4329004329004329,1
83,58,343,5548.0,4610.25,3219.75,219,0.1156773211567732,0.09612497654344154,0.06713267029461438,0.8053418493250109,1.3704667063020215,0.02736742343751328,40,28,41,0.547945205479452,0.4383561643835616,0.4520547945205479,1
80,59,404,6378.5,5704.5,2723.5,227,0.12378466494595276,0.11070465174950028,0.05285373284946341,0.996640625,1.6387532318299338,0.01668647681599843,41,28,28,0.2687224669603524,0.5638766519823789,0.3964757709251101,1
85,57,478,4790.5,5014.0,3352.0,287,0.058159016134710875,0.06087241559324503,0.04069492163313868,0.663044982698962,1.5432440751000307,0.014670611508902155,27,31,43,0.23344947735191637,0.21602787456445993,0.14982578397212543,1
71,51,584,6084.0,5982.5,3111.0,335,0.05421251949209178,0.05330808643350412,0.02772109601247494,1.2069033921840904,2.300076893502499,0.009121669168699569,42,33,46,0.25671641791044775,0.22388059701492538,0.2,1
71,56,453,5488.5,5275.75,3106.25,231,0.10285601844043403,0.09886902419369951,0.05821199003017185,1.0887720690339218,1.6823182397959184,0.0151370066615012,31,36,46,0.47186147186147187,0.43722943722943725,0.3116883116883117,1
83,45,542,5232.0,5151.5,2868.0,255,0.08046136101499424,0.0792233756247597,0.04410611303344868,0.7594716214254609,2.5439506172839508,0.009762938957802862,38,25,35,0.35294117647058826,0.19607843137254902,0.3254901960784314,1
80,58,307,3868.25,5044.25,2140.25,239,0.06772027800633743,0.08830815286847218,0.03746870678034348,0.6044140625,1.4994797859690845,0.022708463750278518,22,0,30,0.32217573221757323,0.0,0.301255230125523,1
85,58,350,5157.0,6428.0,3626.0,267,0.07233935109203384,0.09016818864060373,0.05086338705831194,0.7137716262975778,1.910820451843044,0.0296,29,33,42,0.2846441947565543,0.2958801498127341,0.33707865168539325,1
71,44,509,7148.0,8913.75,3746.75,311,0.07390328884109966,0.09215940695402239,0.03873770949431871,1.41797262447927,4.604209710743802,0.014461693447223069,47,22,28,0.3183279742765273,0.12861736334405144,0.17363344051446947,1
71,51,361,6941.5,7411.5,4150.0,367,0.05153724506084387,0.05502676536316997,0.030811721818411304,1.3770085300535608,2.8494809688581313,0.031844445638078284,32,39,43,0.3133514986376022,0.23705722070844687,0.2888283378746594,1
71,50,330,6056.5,5585.0,3336.0,259,0.09028637020915013,0.08325755430002535,0.049730922317794905,1.20144812537195,2.234,0.030633608815426996,30,32,44,0.5019305019305019,0.41312741312741313,0.444015444015444,1
83,53,350,13328.0,9814.5,6685.0,319,0.13097355568439775,0.0964465758001592,0.06569314373876042,1.934678472927856,3.4939480242079033,0.05457142857142857,45,51,68,0.29780564263322884,0.47335423197492166,0.5047021943573667,1
80,58,356,9577.5,10331.5,6480.5,327,0.08956877928344976,0.0966201872270385,0.06060563551515492,1.496484375,3.0711950059453033,0.05113385304885747,50,13,68,0.28440366972477066,0.039755351681957186,0.42507645259938837,1
85,57,389,7143.0,8715.5,3257.0,303,0.07780282978792928,0.09493078020673354,0.035475824810203796,0.9886505190311419,2.6825176977531546,0.021523780572425506,43,39,39,0.49174917491749176,0.45544554455445546,0.3465346534653465,1
71,56,417,7252.5,8124.0,4214.75,315,0.07309145880574452,0.0818745275888133,0.042476694381456286,1.4387026383654038,2.5905612244897958,0.024238163426093657,33,31,48,0.19365079365079366,0.2571428571428571,0.5015873015873016,1
71,58,396,12861.0,9085.5,6757.25,347,0.10681095266965095,0.07545532310707671,0.056119143917813454,2.55127950803412,2.7008026159334126,0.04309030966227936,77,45,67,0.5014409221902018,0.24495677233429394,0.34293948126801155,1
79,64,560,10444.5,10783.0,6439.0,359,0.08103987399228746,0.08366632785282548,0.04996081656722093,1.6735298830315655,2.632568359375,0.020532525510204083,44,38,60,0.3983286908077994,0.2757660167130919,0.48467966573816157,1
87,58,313,10957.5,9705.0,6824.5,319,0.10767877674158076,0.09537052505380254,0.06706400290877644,1.4476813317479191,2.8849583828775267,0.06965979034184283,61,35,60,0.45141065830721006,0.2507836990595611,0.5266457680250783,1
84,58,388,8543.75,7863.25,3056.5,319,0.08395898232132153,0.07727174457798174,0.030036064897160996,1.2108489229024944,2.3374702734839476,0.020303034328834096,44,0,41,0.2413793103448276,0.0,0.2727272727272727,1
72,55,522,10821.5,11702.5,8484.5,343,0.09198123230966689,0.09946960875145561,0.07211706006850888,2.087480709876543,3.868595041322314,0.03113760807974046,48,19,66,0.3498542274052478,0.05539358600583091,0.40816326530612246,1
71,50,340,10348.0,9573.0,7475.0,359,0.08029112126690513,0.07427782217704704,0.057999239608631216,2.0527673080737947,3.8292,0.06466262975778547,44,41,66,0.415041782729805,0.21727019498607242,0.4763231197771588,0
71,57,358,8254.0,7218.0,7796.0,359,0.06404357508088857,0.05600515203947828,0.060489909296172435,1.6373735369966276,2.221606648199446,0.06082831372304235,48,32,61,0.2924791086350975,0.15877437325905291,0.4568245125348189,1
71,66,317,6964.0,7216.75,4529.0,279,0.08946442106344986,0.09271142457059904,0.058182705772022454,1.3814719301725848,1.6567378328741964,0.045069609609011935,42,41,56,0.3835125448028674,0.3870967741935484,0.36200716845878134,1
80,59,340,10732.5,12226.0,8682.0,343,0.09122474479171094,0.10391928533179202,0.0737957823695909,1.676953125,3.5122091353059464,0.0751038062283737,42,50,72,0.18075801749271136,0.2594752186588921,0.5335276967930029,1
84,58,409,5278.0,6955.5,4874.0,255,0.08116878123798539,0.10696655132641292,0.07495578623606305,0.748015873015873,2.067627824019025,0.029136602483246753,46,38,51,0.4588235294117647,0.33725490196078434,0.5725490196078431,1
84,52,489,8004.25,8790.75,6947.0,299,0.08953199628639501,0.0983294370309057,0.07770606592767419,1.134389172335601,3.2510170118343193,0.029052237151902176,40,24,58,0.25752508361204013,0.14046822742474915,0.3879598662207358,1
71,51,259,6594.5,8194.5,6383.5,247,0.1080906095821928,0.13431624842236392,0.10463210346014522,1.3081729815512795,3.1505190311418687,0.09516107392555269,40,44,55,0.5425101214574899,0.4534412955465587,0.6396761133603239,1
71,52,379,8924.5,9375.25,8344.5,343,0.07585699835952707,0.07968831014288265,0.0709270797031849,1.770382860543543,3.46717825443787,0.05809274510759463,33,44,79,0.3294460641399417,0.30903790087463556,0.33819241982507287,1
80,64,405,9340.0,12052.0,8768.0,291,0.11029628842361333,0.14232236274961327,0.10354152643450125,1.459375,2.9423828125,0.053455265965554034,48,49,73,0.47766323024054985,0.6151202749140894,0.6391752577319587,1
84,58,473,7276.5,7861.5,4324.5,311,0.07523185244155871,0.08128017700395984,0.044711076188211456,1.03125,2.336950059453032,0.019329188437797514,24,33,46,0.17041800643086816,0.19935691318327975,0.2829581993569132,1
71,44,307,10082.0,9407.0,8205.5,315,0.101607457797934,0.09480473670949861,0.08269589317208365,2.0,4.858987603305785,0.08706193169158294,71,48,68,0.5968253968253968,0.1523809523809524,0.5904761904761905,1
71,53,305,7495.0,10320.5,7146.5,279,0.09628601893603628,0.13258437070438459,0.09180894387276628,1.4868081729815512,3.6740833036667855,0.07682343456060199,51,44,72,0.3763440860215054,0.41935483870967744,0.2974910394265233,1
72,43,402,8273.75,8022.75,4059.5,295,0.09507325481183568,0.09218902614191324,0.04664751508187302,1.5960165895061729,4.338967009194159,0.025120046533501646,46,27,53,0.5220338983050847,0.15593220338983052,0.3050847457627119,0
84,66,302,8061.75,8680.25,8499.5,335,0.07183559812875918,0.07734684785030073,0.07573624415237247,1.1425382653061225,1.9927112029384757,0.09319218455330906,57,32,65,0.1761194029850746,0.09850746268656717,0.3582089552238806,1
80,50,379,8875.0,9129.0,5995.0,259,0.13230273848034466,0.13608920558727508,0.0893695681340469,1.38671875,3.6516,0.04173599459764273,51,33,57,0.5984555984555985,0.4362934362934363,0.6061776061776062,1
84,51,432,9144.75,8294.0,5967.75,265,0.13022071911712352,0.1181060875756497,0.08498042007831969,1.2960246598639455,3.1887735486351403,0.03197739840534979,52,47,59,0.6490566037735849,0.44150943396226416,0.47547169811320755,0
71,56,362,9350.5,9876.0,7329.5,323,0.08962512820021279,0.09466207861668376,0.07025371660803803,1.854889902797064,3.149234693877551,0.05593159549464302,45,31,61,0.47058823529411764,0.16718266253869968,0.5046439628482973,0
71,56,229,9014.0,12746.25,8961.25,263,0.13031849527967732,0.1842769159594616,0.12955587040437191,1.7881372743503272,4.064492984693878,0.17088251558894757,57,53,67,0.5475285171102662,0.6387832699619772,0.7034220532319392,1
72,50,369,7900.0,9320.0,9748.0,375,0.05617777777777778,0.06627555555555556,0.06931911111111111,1.5239197530864197,3.728,0.07159171862721338,52,37,72,0.42133333333333334,0.22933333333333333,0.48,0
80,59,471,6894.5,9568.0,7599.0,327,0.0644773634841811,0.08947993528416051,0.07106584743147322,1.077265625,2.748635449583453,0.03425426318849987,45,43,60,0.4525993883792049,0.4740061162079511,0.42507645259938837,0
84,58,523,9439.25,10774.5,7985.5,423,0.05275416505988409,0.06021662223563536,0.044629434021315716,1.3377621882086168,3.202883472057075,0.029194345023745197,46,38,60,0.3380614657210402,0.34278959810874704,0.34988179669030733,0
71,51,358,6768.5,9267.5,6758.0,295,0.0777765010054582,0.10649238724504453,0.07765584602125826,1.3426899424717318,3.5630526720492117,0.05272931556443307,35,37,61,0.45084745762711864,0.3016949152542373,0.3728813559322034,1
83,48,483,10352.0,12156.0,9093.5,287,0.12567834986463353,0.1475797933688645,0.1103995435175855,1.5026854405574104,5.276041666666667,0.03897954897144743,49,34,62,0.4425087108013937,0.29965156794425085,0.5156794425087108,1
71,57,354,7834.75,8708.0,6585.75,247,0.1284195774393942,0.14273303938763132,0.10794718811978561,1.5542055147788136,2.680209295167744,0.052553145647802356,44,44,54,0.6275303643724697,0.5141700404858299,0.31983805668016196,1
80,65,454,10452.0,12046.0,7897.5,351,0.08483697372586262,0.09777518039626301,0.0641025641025641,1.633125,2.8511242603550295,0.038315802751848475,52,34,78,0.452991452991453,0.25925925925925924,0.39316239316239315,0
84,58,394,6459.0,8278.5,5548.0,303,0.07035257981243669,0.09017089827794661,0.0604298053567733,0.9153911564625851,2.460909631391201,0.035739132675410346,36,39,49,0.30033003300330036,0.2706270627062706,0.5214521452145214,1
83,36,357,5951.75,7493.0,5015.25,375,0.04232355555555556,0.053283555555555556,0.035664,0.863949775003629,5.781635802469136,0.03935103453145964,37,35,48,0.2986666666666667,0.32,0.2613333333333333,0
71,53,435,5986.5,6588.0,3239.0,255,0.09206459054209919,0.10131487889273356,0.049811610918877355,1.1875619916683198,2.3453186187255253,0.017117188532170695,35,36,42,0.3803921568627451,0.30196078431372547,0.4235294117647059,1
71,40,294,6333.5,7543.0,4425.5,299,0.07084372658023959,0.08437265802395946,0.04950168342635988,1.2563975401706011,4.714375,0.0511997315933176,38,43,57,0.22408026755852842,0.34448160535117056,0.3210702341137124,0
71,57,246,6795.0,6437.5,4224.0,247,0.11137700994935174,0.105517218771001,0.06923568653805176,1.347946835945249,1.9813788858110188,0.06979972238746777,35,33,55,0.5263157894736842,0.5870445344129555,0.3765182186234818,1
80,53,351,6236.25,6432.25,3635.25,255,0.09590542099192619,0.0989196462898885,0.055905420991926184,0.9744140625,2.289871840512638,0.02950665984854019,37,36,48,0.5529411764705883,0.4117647058823529,0.24705882352941178,1
84,50,316,5578.75,5903.5,3219.5,255,0.08579392541330258,0.09078815840061515,0.049511726259131104,0.7906391723356009,2.3614,0.032241427655824384,28,19,44,0.4627450980392157,0.1568627450980392,0.4117647058823529,1
71,50,358,5578.5,5909.75,2070.75,291,0.06587664293052752,0.06978838228173971,0.02445353739327594,1.1066256695100178,2.3639,0.016157033176242938,40,33,14,0.44673539518900346,0.3436426116838488,0.09965635738831616,1
71,58,545,5764.5,5418.5,3385.5,283,0.0719761765036397,0.06765598271922486,0.04227172270848681,1.1435231104939496,1.610731272294887,0.011398030468815757,11,23,49,0.038869257950530034,0.0812720848056537,0.4275618374558304,1
71,44,393,4593.5,5371.5,2524.0,219,0.09577573445090803,0.1119972477638081,0.052626092033110236,0.9112279309660781,2.7745351239669422,0.0163419640140111,34,31,40,0.6712328767123288,0.4931506849315068,0.3150684931506849,1
80,59,373,5806.0,4724.0,3387.0,271,0.07905665772524884,0.06432374286842499,0.046118653068449506,0.9071875,1.357081298477449,0.024344313550733493,37,31,47,0.3763837638376384,0.33948339483394835,0.3247232472324723,1
104,58,395,5700.0,5043.0,3905.0,291,0.067311439401991,0.0595529103340773,0.04611424050259208,0.5269970414201184,1.4991082045184305,0.025028040378144528,37,34,54,0.38144329896907214,0.25773195876288657,0.24742268041237114,1
71,49,424,5663.0,7389.5,3842.0,311,0.058549849567312164,0.076400161288655,0.039722500801273763,1.1233882166236857,3.0776759683465222,0.021371039515841937,25,29,50,0.2057877813504823,0.19292604501607716,0.20257234726688103,1
71,57,229,6735.0,7237.5,3754.5,297,0.07635275312042988,0.08204945073631942,0.042563683977825395,1.3360444356278516,2.2276084949215145,0.07159474457008828,36,8,51,0.4074074074074074,0.026936026936026935,0.19865319865319866,1
83,51,241,4957.75,5638.25,3958.25,219,0.1033704468213757,0.11755905840161798,0.08253059777736077,0.7196617796487154,2.1677239523260283,0.06815051393743221,28,31,46,0.5205479452054794,0.6255707762557078,0.2100456621004566,1
71,51,234,4979.25,5325.0,2049.0,199,0.12573546122572662,0.13446630135602636,0.05174111764854423,0.9877504463400119,2.047289504036909,0.03742055665132588,28,26,0,0.5829145728643216,0.3969849246231156,0.0,1
80,60,525,5099.25,4819.25,4259.5,235,0.09233589859665006,0.08726573110004526,0.07712992304210049,0.7967578125,1.3386805555555557,0.015453968253968255,33,24,55,0.5148936170212766,0.2,0.40425531914893614,0
84,58,491,5113.0,7399.5,3028.0,295,0.05875323182993393,0.08502729100833094,0.03479459925308819,0.7246315192743764,2.19961355529132,0.012560093910345486,32,28,40,0.3864406779661017,0.41694915254237286,0.2135593220338983,1
71,57,360,5186.5,5959.0,4205.0,271,0.07062131506923926,0.08113996269113982,0.05725684563118694,1.0288633207696884,1.8341028008618037,0.03244598765432099,31,27,47,0.46494464944649444,0.0996309963099631,0.3247232472324723,1
71,57,332,6418.0,6811.0,4211.5,327,0.06002113551983092,0.06369647149042823,0.039385947684912416,1.273160087284269,2.0963373345644816,0.03820855712004645,38,31,46,0.41284403669724773,0.23853211009174313,0.22935779816513763,1
71,40,281,5545.75,7463.5,3887.0,295,0.06372594082160299,0.08576271186440677,0.04466532605573111,1.100128942670105,4.6646875,0.04922683350008232,29,45,51,0.22372881355932203,0.26101694915254237,0.2745762711864407,0
80,50,285,4817.5,6139.5,3213.5,259,0.07181616254975329,0.09152368032676914,0.04790477184299578,0.752734375,2.4558,0.03956294244382887,33,24,40,0.47876447876447875,0.17374517374517376,0.26640926640926643,1
84,65,305,7943.5,7832.5,4334.0,327,0.0742876114056991,0.07324953941400368,0.040531567675747456,1.12577947845805,1.853846153846154,0.046589626444504165,30,27,30,0.1926605504587156,0.22629969418960244,0.16819571865443425,1
84,56,480,8343.5,9548.0,6592.5,267,0.11703769164948309,0.13393370646242758,0.09247569751294028,1.182468820861678,3.044642857142857,0.02861328125,56,50,49,0.5580524344569289,0.651685393258427,0.18352059925093633,1
71,50,187,11346.75,12799.75,12438.5,359,0.08804051799722225,0.09931448390375618,0.09651151061832233,2.2508926800238047,5.1199,0.3557007635334153,64,64,62,0.5738161559888579,0.43175487465181056,0.17270194986072424,0
56,51,287,9512.5,13303.25,7743.5,327,0.0889608992883128,0.12441199300470406,0.0724172114206623,3.0333227040816326,5.1146674356016915,0.09400988235865435,68,66,66,0.41284403669724773,0.37003058103975534,0.3516819571865443,0
71,47,370,6678.0,8101.0,4905.0,299,0.07469715103857899,0.09061419894632051,0.05486515810785114,1.324737155326324,3.6672702580353103,0.035829072315558805,39,33,50,0.43812709030100333,0.22073578595317725,0.16722408026755853,1
80,65,339,5624.5,7290.5,3487.5,255,0.08649750096116877,0.11211841599384852,0.05363321799307959,0.878828125,1.7255621301775148,0.03034693398073459,26,24,47,0.27058823529411763,0.16862745098039217,0.30196078431372547,1
85,44,465,5972.5,8104.0,3458.5,311,0.06174977512639448,0.08378738846786117,0.03575748803258858,0.826643598615917,4.18595041322314,0.01599491270667129,41,32,45,0.4758842443729904,0.18006430868167203,0.14469453376205788,1
71,48,438,5537.0,7003.0,2563.0,251,0.08788749384930399,0.11115696576244821,0.04068189393819146,1.0983931759571515,3.0394965277777777,0.013359813181543338,36,21,34,0.2948207171314741,0.08366533864541832,0.13545816733067728,0
71,46,171,5147.0,8261.0,4347.5,263,0.07441194754875739,0.1194321155430901,0.06285330133441282,1.0210275738940686,3.9040642722117203,0.14867822577887213,40,27,57,0.4220532319391635,0.3574144486692015,0.3193916349809886,0
83,51,530,5178.0,5250.5,3413.0,215,0.11201730665224445,0.11358572201189833,0.07383450513791238,0.7516330381768036,2.0186466743560167,0.012150231399074403,32,32,48,0.35348837209302325,0.4046511627906977,0.31627906976744186,1
80,50,240,5430.5,6476.0,4355.5,263,0.07851060446153624,0.09362575720337145,0.0629689600832743,0.848515625,2.5904,0.07561631944444444,34,28,51,0.44866920152091255,0.3612167300380228,0.24334600760456274,0
84,65,255,6149.25,9107.5,4974.0,303,0.06697872757572787,0.09920051411081703,0.0541776949972225,0.8714923469387755,2.155621301775148,0.07649365628604383,42,40,61,0.42574257425742573,0.33663366336633666,0.2871287128712871,1
72,58,337,5613.5,6165.5,4660.5,203,0.13622024315076803,0.14961537528209856,0.11309422698924992,1.0828510802469136,1.8327883472057076,0.04103672657151159,35,20,55,0.47783251231527096,0.09852216748768473,0.5714285714285714,1
79,51,333,4882.25,7115.25,4767.75,255,0.07508266051518647,0.10942329873125721,0.07332179930795847,0.782286492549271,2.73558246828143,0.04299569840110381,32,24,56,0.49019607843137253,0.27450980392156865,0.2235294117647059,1
55,56,255,6504.25,6713.5,5141.0,311,0.06724754706837191,0.06941098623876925,0.053152883034708075,2.1501652892561984,2.14078443877551,0.07906189926951172,46,30,48,0.36012861736334406,0.31189710610932475,0.3215434083601286,1
71,53,246,5277.75,6809.0,3427.25,239,0.09239596645716987,0.11920309518390784,0.059999824933036884,1.0469648879190636,2.423994304022784,0.05663378280124265,37,33,43,0.5857740585774058,0.5815899581589958,0.28451882845188287,1
87,50,462,5693.5,7755.0,3516.0,259,0.08487500186341886,0.11560650556789553,0.052414245464438514,0.7522129739727837,3.102,0.016472704784393097,44,29,6,0.3590733590733591,0.3474903474903475,0.03861003861003861,1
85,65,203,5068.5,7190.5,4349.5,231,0.09498510147860798,0.13475197241431008,0.08151084125110099,0.701522491349481,1.7018934911242602,0.1055473318935184,30,32,53,0.3722943722943723,0.13852813852813853,0.22943722943722944,0
71,57,363,4768.0,6059.5,3305.5,259,0.07107824868442629,0.09033109226159419,0.04927624811794696,0.9458440785558421,1.8650353955063097,0.02508556640788046,29,23,43,0.3745173745173745,0.3474903474903475,0.19305019305019305,0
55,50,312,5538.5,7347.5,4756.0,319,0.05442654848124527,0.0722034964279046,0.04673696209746366,1.8309090909090908,2.939,0.048857659434582514,46,31,58,0.2884012539184953,0.36363636363636365,0.25391849529780564,1
71,51,501,6752.75,7976.0,4766.25,283,0.08431557392400954,0.09958920700720449,0.05951191799123475,1.339565562388415,3.0665128796616687,0.018988968171441547,31,30,59,0.19434628975265017,0.1978798586572438,0.26148409893992935,1
80,58,472,4596.5,5718.0,2954.5,271,0.06258765539684917,0.07785841696055337,0.04022957203741779,0.718203125,1.6997621878715814,0.013261724360815857,23,26,27,0.11070110701107011,0.18081180811808117,0.15498154981549817,1
84,59,344,10035.5,10317.5,6895.0,283,0.1253043489118356,0.1288254317072257,0.086091722958209,1.4222647392290249,2.9639471416259697,0.058266292590589505,61,56,63,0.2862190812720848,0.26501766784452296,0.6501766784452296,1
71,51,398,4961.75,5954.5,3766.0,179,0.15485627789394837,0.1858400174776068,0.11753690583939327,0.9842789129141043,2.2893118031526334,0.023774652155248606,34,26,0,0.6256983240223464,0.3854748603351955,0.0,1
84,54,493,4641.5,5492.5,4795.5,275,0.06137520661157025,0.07262809917355371,0.06341157024793388,0.6578089569160998,1.883573388203018,0.019730589305037256,21,19,47,0.16,0.06909090909090909,0.3490909090909091,1
71,51,447,5153.0,6808.0,3380.0,271,0.07016516659631541,0.0927002627959859,0.04602333846216691,1.0222178139258085,2.617454825067282,0.016916154927956197,28,39,42,0.4575645756457565,0.3726937269372694,0.15867158671586715,1
71,43,227,4633.0,6650.0,3514.0,239,0.08110852401043399,0.11641953047040493,0.06151853083804555,0.9190636778416981,3.5965386695511086,0.06819460886102971,27,37,47,0.3598326359832636,0.26778242677824265,0.34309623430962344,1
80,58,412,4810.5,5843.5,3714.5,219,0.10030024394820791,0.12183857717728988,0.07744834344571631,0.751640625,1.7370689655172413,0.021882953152983317,31,27,44,0.5388127853881278,0.4474885844748858,0.3698630136986301,1
84,72,420,6018.75,7162.0,3422.5,287,0.07307057266690138,0.08695018757056659,0.041550826160327306,0.8529974489795918,1.3815586419753085,0.019401927437641724,38,25,42,0.20209059233449478,0.14982578397212543,0.14634146341463414,1
71,53,445,7944.5,8237.75,2258.0,253,0.1241153587776719,0.12869674577012608,0.03527628927182115,1.5759769886927197,2.932627269490922,0.011402600681732105,41,41,35,0.6007905138339921,0.35968379446640314,0.25691699604743085,0
72,57,400,6106.0,6199.5,3900.0,259,0.09102428407447713,0.09241812137565034,0.05813866817727822,1.177854938271605,1.9081255771006465,0.024375,44,30,48,0.29343629343629346,0.11969111969111969,0.43243243243243246,1
83,50,363,4866.0,6728.0,2919.0,271,0.06625726773872904,0.0916109530098991,0.03974619081984178,0.7063434460734505,2.6912,0.022152403069007127,52,39,48,0.5977859778597786,0.3025830258302583,0.30996309963099633,1
80,59,593,6690.5,6375.75,3355.25,243,0.11330420498230283,0.1079738860945994,0.05682145336923572,1.045390625,1.8315857512209135,0.009541474595406215,36,31,49,0.4156378600823045,0.2345679012345679,0.42386831275720166,0
81,57,329,3855.75,5205.25,2960.25,215,0.08341265548945376,0.11260681449432125,0.0640400216333153,0.5876771833561957,1.6021083410280086,0.02734869411775575,26,26,40,0.2186046511627907,0.4325581395348837,0.2372093023255814,1
71,58,721,6079.0,5646.5,1855.0,231,0.11392215288319184,0.10581698244035906,0.0347632165813984,1.205911525490974,1.6785077288941737,0.0035683987988634988,34,25,36,0.33766233766233766,0.2943722943722944,0.2597402597402597,0
72,55,280,4993.0,5167.0,2572.5,263,0.07218551663317382,0.07470109442091111,0.03719151643077101,0.9631558641975309,1.708099173553719,0.0328125,35,35,40,0.2965779467680608,0.4790874524714829,0.23574144486692014,0
71,53,322,5998.0,6432.5,2851.0,255,0.09224144559784699,0.09892349096501346,0.043844675124951944,1.1898432850624876,2.2899608401566396,0.027497010146213495,31,30,46,0.24705882352941178,0.12941176470588237,0.25882352941176473,0
80,56,324,5490.25,5765.75,3030.5,235,0.09941602535083749,0.10440470801267542,0.05487550928021729,0.8578515625,1.8385682397959184,0.028868503276939492,33,34,51,0.5914893617021276,0.5148936170212766,0.3404255319148936,0
83,53,364,5526.5,5996.25,2663.75,231,0.10356814902269448,0.1123713948389273,0.049919416802533687,0.8022209319204529,2.1346564613741545,0.02010438050960029,36,25,50,0.5151515151515151,0.3722943722943723,0.33766233766233766,0
84,50,336,6408.75,6706.25,3128.0,247,0.10504597682309168,0.109922306544936,0.051271123932534544,0.9082695578231292,2.6825,0.027706916099773243,47,29,43,0.5020242914979757,0.11740890688259109,0.3724696356275304,0
71,46,229,7364.5,7002.5,3147.5,275,0.09738181818181818,0.09259504132231405,0.0416198347107438,1.460920452291212,3.3093100189035916,0.060019831810987585,43,30,52,0.41454545454545455,0.31272727272727274,0.3236363636363636,0
71,47,357,5553.25,5711.5,3196.75,247,0.09102345555573768,0.09361733514727336,0.052398006851448145,1.1016167427097798,2.585559076505206,0.025082582052428814,25,27,50,0.10931174089068826,0.3805668016194332,0.44534412955465585,0
72,53,386,6187.25,5297.5,2197.25,227,0.12007316268508995,0.10280618680742883,0.042641037085912784,1.1935281635802468,1.8859024563901745,0.014747040188998362,32,29,37,0.4801762114537445,0.4845814977973568,0.32158590308370044,0
86,69,434,3730.0,5891.0,2555.5,251,0.05920540943794543,0.09350645227853527,0.04056284820875859,0.5043266630611141,1.237345095568158,0.013567393658816283,31,31,43,0.21912350597609562,0.32270916334661354,0.2908366533864542,0
84,57,426,6128.0,6362.0,3923.0,227,0.11892332472976382,0.12346445690776067,0.0761318868986396,0.8684807256235828,1.9581409664512157,0.02161718353942119,31,26,54,0.5770925110132159,0.4845814977973568,0.44933920704845814,0
83,47,352,6376.0,6045.5,2901.0,227,0.12373614857652972,0.11732228453880339,0.056298395078499486,0.9255334591377559,2.7367587143503846,0.02341328770661157,37,22,48,0.5814977973568282,0.09691629955947137,0.28634361233480177,1
71,57,168,5335.0,5254.0,2859.5,239,0.09339822482099402,0.09198018241977557,0.05006039810227412,1.058321761555247,1.6171129578331795,0.10131448412698413,38,28,44,0.3305439330543933,0.401673640167364,0.41422594142259417,0
71,43,455,4667.5,5723.25,2398.0,247,0.0765051058040617,0.09380992968250586,0.03930567621170647,0.9259075580242015,3.0953217955651704,0.011583142132592683,36,30,43,0.5101214574898786,0.4048582995951417,0.3076923076923077,0
80,51,323,4104.5,4589.5,3191.0,235,0.07432322317790856,0.08310547759167045,0.0577818017202354,0.641328125,1.7645136485966937,0.030585934879084436,33,28,46,0.26382978723404255,0.3021276595744681,0.2680851063829787,0
85,61,300,4296.75,5417.0,4106.25,215,0.09295294753921038,0.11718766901027583,0.08883180097349919,0.5947058823529412,1.4557914539102392,0.045625,36,28,50,0.3953488372093023,0.35348837209302325,0.5116279069767442,0
71,46,317,4865.25,5242.25,2155.5,215,0.10525148729042726,0.11340724716062736,0.04663061114115738,0.965135885736957,2.4774338374291114,0.021450108967150633,24,26,37,0.24186046511627907,0.24186046511627907,0.4372093023255814,0
71,64,327,5445.0,5377.5,3379.0,207,0.1270741440873766,0.1254988447805083,0.0788583164134519,1.0801428288038089,1.3128662109375,0.03160040774719674,38,37,56,0.2560386473429952,0.37681159420289856,0.48792270531400966,1
83,53,332,4855.5,5135.0,2059.25,251,0.07707020523483754,0.08150664275170236,0.032685989111283946,0.7048192771084337,1.828052687789249,0.01868241036434896,37,45,20,0.4262948207171315,0.4262948207171315,0.13545816733067728,0
71,51,424,5545.5,5196.75,3130.5,263,0.08017319897642007,0.07513120039323974,0.045258714163859536,1.1000793493354493,1.9979815455594003,0.017413336596653613,39,27,47,0.44106463878326996,0.34220532319391633,0.4372623574144487,0
80,56,480,6268.0,6162.5,2233.25,231,0.11746406551601357,0.11548696613631679,0.04185172691666198,0.979375,1.9650829081632653,0.009692925347222223,40,32,37,0.3463203463203463,0.5757575757575758,0.3722943722943723,0
84,57,407,5544.0,6027.5,2853.5,223,0.11148424460576324,0.1212069416235999,0.05738100504735667,0.7857142857142857,1.8551862111418898,0.017226183073848923,28,32,50,0.23766816143497757,0.6188340807174888,0.3991031390134529,0
72,49,413,5931.5,6636.0,3414.5,263,0.08575373360898668,0.09593893218060114,0.04936459974844222,1.1441936728395061,2.7638483965014577,0.020018291717721275,37,29,44,0.44866920152091255,0.11787072243346007,0.3041825095057034,1
71,43,288,6477.0,5914.0,3629.0,251,0.1028078919382232,0.09387152584879604,0.05760226028158283,1.284864114263043,3.19848566792861,0.0437524112654321,31,30,46,0.4820717131474104,0.2151394422310757,0.3466135458167331,0
106,59,487,6350.75,6477.25,4752.75,299,0.07103667744208678,0.07245165042896612,0.0531621570228521,0.5652144891420434,1.860744039069233,0.020039507692826634,49,45,52,0.34782608695652173,0.32441471571906355,0.45484949832775917,1
80,68,288,6099.0,6495.0,3603.0,303,0.066431395614809,0.07074469823219946,0.039244518511257064,0.95296875,1.404628027681661,0.04343894675925926,33,33,44,0.3432343234323432,0.30033003300330036,0.23432343234323433,0
140,83,373,5941.5,6609.0,4024.5,263,0.08589830704506354,0.09554858390319362,0.05818357934913039,0.30313775510204083,0.9593554942662215,0.02892639205341805,33,46,55,0.5019011406844106,0.532319391634981,0.20912547528517111,0
65,53,251,6514.5,6634.75,2810.0,235,0.11796287913082842,0.1201403349932096,0.05088275237664101,1.5418934911242603,2.3619615521537916,0.04460246662751385,35,34,43,0.3404255319148936,0.4978723404255319,0.24680851063829787,1
109,57,441,4976.0,5266.5,3636.0,235,0.09010411951109099,0.09536441828881848,0.06583974649162518,0.41881996464944027,1.6209602954755309,0.018695913739645516,32,25,55,0.3446808510638298,0.28085106382978725,0.30638297872340425,0
75,58,348,5878.5,6980.0,3853.5,215,0.12717144402379665,0.15100054083288264,0.08336398053001623,1.0450666666666666,2.074910820451843,0.03181975822433611,35,28,51,0.4,0.3813953488372093,0.4186046511627907,0
110,68,286,5994.0,6222.0,3227.0,271,0.0816165357225528,0.08472106861290016,0.04394003349627592,0.4953719008264463,1.3455882352941178,0.039451806934324415,35,27,49,0.41697416974169743,0.4059040590405904,0.28413284132841327,0
84,53,259,6051.5,6902.0,3271.5,247,0.09919028340080972,0.11313084954678818,0.05362323591601239,0.8576388888888888,2.4571021715913135,0.04876939819024761,37,31,54,0.14979757085020243,0.4777327935222672,0.3319838056680162,0
88,58,534,6368.5,6434.0,3829.5,279,0.08181421101989954,0.08265566989118844,0.0491964388946699,0.8223786157024794,1.912604042806183,0.01342949122585532,35,30,55,0.3942652329749104,0.40860215053763443,0.2867383512544803,1
71,68,277,4790.5,5973.5,3756.5,271,0.06522923162810963,0.08133740008986806,0.05114990264293787,0.9503074786748661,1.2918468858131489,0.04895802108720301,45,30,55,0.25461254612546125,0.33210332103321033,0.36531365313653136,1
119,75,303,4488.5,5986.75,4109.75,191,0.12303664921465969,0.16410597297223212,0.11265453249636798,0.31696207894922673,1.0643111111111112,0.04476412987833437,33,31,55,0.4293193717277487,0.2670157068062827,0.4607329842931937,0
70,53,360,6331.25,5603.5,2734.0,231,0.11864938812990761,0.10501115046569592,0.0512359213657915,1.2920918367346939,1.9948380206479175,0.02109567901234568,38,26,45,0.1645021645021645,0.3722943722943723,0.41125541125541126,0
181,59,542,6353.0,5635.5,3525.75,211,0.14269670492576536,0.1265807147188967,0.07919296511758496,0.19391959952382407,1.6189313415685147,0.012001981182173445,36,29,49,0.3222748815165877,0.3222748815165877,0.26066350710900477,0
91,66,238,6238.0,7166.5,2887.0,263,0.0901849094247423,0.10360855296447831,0.041738350995388106,0.7532906653785775,1.64520202020202,0.05096744580185015,33,32,49,0.22053231939163498,0.20912547528517111,0.3612167300380228,0
105,73,385,5253.5,5687.0,3781.0,211,0.11800049414882864,0.1277374722041284,0.0849262145953595,0.4765079365079365,1.0671795834115219,0.025508517456569405,33,31,52,0.5023696682464455,0.4976303317535545,0.4265402843601896,0
82,63,474,6214.5,6789.0,3328.5,251,0.09864129140807289,0.10776019428263044,0.052832494722305993,0.9242266508030934,1.710506424792139,0.01481466645302569,28,37,51,0.3346613545816733,0.3386454183266932,0.3147410358565737,0
84,68,348,6099.75,7078.75,3572.0,251,0.09681989174775003,0.11235932762972016,0.05669751273789305,0.8644770408163265,1.5308715397923875,0.02949530981635619,0,38,54,0.0,0.44621513944223107,0.35856573705179284,0
72,57,364,5212.0,6068.5,3090.0,203,0.12647722584872237,0.14726152054162925,0.07498362008299157,1.0054012345679013,1.8678054786088027,0.023321458761019202,30,30,46,0.3694581280788177,0.5024630541871922,0.3251231527093596,1
80,58,411,4547.5,4401.0,2935.0,223,0.0914456353435621,0.08849966820165296,0.059019887791831725,0.710546875,1.3082639714625446,0.017374985940173216,31,27,37,0.336322869955157,0.40358744394618834,0.2825112107623318,0
84,56,338,5974.75,7047.0,3229.25,219,0.12457517566355998,0.14693188215425032,0.06733074789933488,0.8467616213151927,2.2471301020408165,0.02826625468295928,39,31,48,0.4474885844748858,0.4611872146118721,0.3881278538812785,0
71,46,326,4973.5,5167.5,3362.75,227,0.0965184653302024,0.10028333559743058,0.06525936851093558,0.9866097996429279,2.44210775047259,0.03164166886220784,37,28,50,0.5859030837004405,0.4185022026431718,0.34801762114537443,0
71,58,339,7569.5,6825.5,3784.75,259,0.11284119199177114,0.10175012298564422,0.05642059599588557,1.5015869867089864,2.028983353151011,0.032933493443321936,36,23,51,0.46332046332046334,0.09652509652509653,0.44015444015444016,0
75,58,227,4867.5,5000.75,2963.75,235,0.08813942960615663,0.09055228610230874,0.05366681756450883,0.8653333333333333,1.4865487514863258,0.057516155951017875,33,34,43,0.2723404255319149,0.14893617021276595,0.28936170212765955,0
80,56,392,6174.5,6033.5,4310.5,219,0.1287400179312358,0.12580012927169992,0.08987510685765518,0.964765625,1.9239477040816326,0.02805146293211162,29,33,50,0.1506849315068493,0.3561643835616438,0.410958904109589,0
84,51,409,4610.0,4426.0,3239.5,223,0.09270244726417182,0.08900239296989684,0.0651430754690422,0.653344671201814,1.7016532103037294,0.01936561833083255,24,32,50,0.29596412556053814,0.242152466367713,0.2242152466367713,0
71,53,562,7208.25,8287.5,5177.75,247,0.11815060073103968,0.13584061367994885,0.08486862594043502,1.4299246181313232,2.9503381986472053,0.016393377743442964,39,38,61,0.4777327935222672,0.2631578947368421,0.4089068825910931,0
71,48,447,5834.5,5344.25,3263.0,231,0.10934015479470025,0.10015273326961639,0.06114952868199621,1.1574092441975798,2.319552951388889,0.016330595718911562,40,27,50,0.43722943722943725,0.11688311688311688,0.3333333333333333,0
71,48,433,6245.5,6052.0,3252.5,279,0.08023406687992189,0.07774823036703023,0.04178389280713249,1.2389406863717516,2.626736111111111,0.01734768439748465,32,32,49,0.3835125448028674,0.32974910394265233,0.31899641577060933,1
71,58,524,6392.0,6228.0,2633.5,247,0.10477142716648363,0.1020832991853661,0.04316576242849415,1.2680023804800635,1.8513674197384067,0.009591151448050813,35,31,36,0.43724696356275305,0.5546558704453441,0.2145748987854251,1
80,50,314,6997.5,7687.75,3880.5,255,0.10761245674740484,0.11822760476739716,0.059677047289504036,1.093359375,3.0751,0.03935758042922634,33,0,52,0.23529411764705882,0.0,0.36470588235294116,1
85,53,574,5305.25,6163.25,2513.0,219,0.11061591709930986,0.12850545234669836,0.052396739017118076,0.7342906574394463,2.1941082235671057,0.007627262683776664,33,24,41,0.593607305936073,0.273972602739726,0.3059360730593607,0
71,56,240,5653.5,6290.25,4117.75,283,0.07059021838204997,0.07854074841738566,0.05141467617275781,1.1215036699067644,2.0058195153061225,0.07148871527777778,41,37,55,0.5053003533568905,0.2756183745583039,0.31448763250883394,0
71,47,355,8099.0,8484.0,3447.0,263,0.11709002587864506,0.12265610316760399,0.049834463415692004,1.6066256695100178,3.840651878678135,0.027351715929379093,34,39,53,0.24714828897338403,0.2965779467680608,0.34220532319391633,0
83,43,297,6913.5,6665.5,2907.25,259,0.10306196985733665,0.09936494685529434,0.043339395655997974,1.0035563942517056,3.6049215792320175,0.032958655012527066,42,38,43,0.41312741312741313,0.2857142857142857,0.3861003861003861,1
80,58,483,7818.0,7277.5,3415.0,259,0.1165456686692208,0.10848824555388262,0.05090860303215516,1.2215625,2.163347205707491,0.014638495599878263,44,0,47,0.5598455598455598,0.0,0.3667953667953668,1
84,58,437,5385.5,7749.0,2584.0,223,0.10829696957509703,0.1558245691648736,0.05196163204568763,0.7632511337868481,2.3035077288941737,0.013530991941100388,31,41,44,0.2556053811659193,0.5291479820627802,0.3632286995515695,0
71,57,486,7346.25,6475.0,4055.75,267,0.10304885746749148,0.09082747688984276,0.05689166631598143,1.4573001388613371,1.9929208987380733,0.017171120594760284,38,45,54,0.4943820224719101,0.46441947565543074,0.2696629213483146,1
71,51,335,7168.5,6612.0,4346.5,243,0.12139917695473251,0.11197480058934106,0.07360835915934225,1.4220392779210473,2.542099192618224,0.0387302294497661,27,32,57,0.3950617283950617,0.30864197530864196,0.39094650205761317,1
71,52,508,6471.25,7516.75,2760.0,239,0.11329020850475306,0.1315934594982581,0.04831848181929588,1.2837234675659592,2.7798631656804735,0.01069502139004278,29,32,51,0.5104602510460251,0.3263598326359833,0.39330543933054396,0
80,58,331,6320.0,7159.0,4062.75,259,0.09421445714882008,0.10672172448234224,0.06056483952236848,0.9875,2.1281212841854935,0.03708208212776444,33,28,56,0.27413127413127414,0.3745173745173745,0.22393822393822393,0
83,48,580,8019.5,9793.0,3788.5,251,0.12729163029158266,0.15544197711147442,0.06013396612752179,1.1641021919001306,4.250434027777778,0.011261890606420927,45,31,56,0.4860557768924303,0.30278884462151395,0.3705179282868526,0
85,41,345,4837.75,7677.5,3711.75,259,0.0721180364037507,0.1144511858797573,0.05533235938641344,0.6695847750865052,4.567221891731112,0.031184625078764964,39,31,49,0.3745173745173745,0.40540540540540543,0.35135135135135137,0
71,52,306,6738.25,7046.75,4324.0,279,0.08656427846507625,0.09052748551534538,0.055549132205393044,1.3366891489783772,2.606046597633136,0.046178820111922765,44,42,60,0.27956989247311825,0.34050179211469533,0.35842293906810035,1
71,49,397,10705.0,10080.5,4460.5,311,0.11067916998376774,0.1042224542757002,0.04611718241126539,2.123586589962309,4.198458975426905,0.028301048797974734,38,43,58,0.3247588424437299,0.5369774919614148,0.2861736334405145,0
71,57,279,7034.5,10060.5,4963.5,295,0.0808330939385234,0.11560471128985923,0.05703533467394427,1.3954572505455267,3.0964912280701755,0.0637645970632443,51,43,67,0.3389830508474576,0.2305084745762712,0.2271186440677966,0
80,58,444,6583.0,7534.0,3703.5,247,0.10790211280302905,0.12348997688865578,0.060704158402858595,1.02859375,2.2395957193816884,0.018786523009495983,46,40,51,0.562753036437247,0.4331983805668016,0.3360323886639676,1
84,44,560,8546.0,8100.0,3709.0,255,0.13142637447135716,0.1245674740484429,0.05703960015378701,1.2111678004535147,4.183884297520661,0.011827168367346938,48,34,54,0.5137254901960784,0.3176470588235294,0.27058823529411763,0
83,53,391,7771.25,7668.0,3331.5,287,0.09434678094914349,0.09309327538272893,0.040446041593317876,1.1280664827986646,2.729797080811677,0.021791458716256436,33,34,55,0.2229965156794425,0.40418118466898956,0.34494773519163763,0
56,50,460,7898.75,7396.0,2840.5,295,0.0907641482332663,0.08498707268026429,0.0326400459638035,2.518734056122449,2.9584,0.01342391304347826,45,27,47,0.3288135593220339,0.10508474576271186,0.2847457627118644,0
71,65,414,8362.25,8059.25,4170.0,247,0.1370658427445131,0.1320993623891557,0.06835057122719598,1.6588474509025988,1.9075147928994083,0.024329622628299376,38,33,54,0.5465587044534413,0.3481781376518219,0.21862348178137653,0
80,59,392,6563.0,7149.75,4852.75,291,0.07750262750794157,0.08443157260778687,0.05730624343123015,1.02546875,2.0539356506750934,0.03158026603498542,45,43,61,0.3539518900343643,0.2611683848797251,0.4570446735395189,0
84,48,428,5739.25,5988.25,2950.0,271,0.07814776487248268,0.08153824158167781,0.04016829836195041,0.8133857709750567,2.5990668402777777,0.01610402655253734,32,44,50,0.21033210332103322,0.4280442804428044,0.2915129151291513,0
71,46,340,7625.0,7812.0,4383.5,263,0.11023724500860212,0.11294076826323932,0.0633737657042895,1.5125967070025788,3.6918714555765595,0.03791955017301038,28,51,56,0.21292775665399238,0.39923954372623577,0.41825095057034223,0
72,52,387,6403.0,6913.0,3576.5,263,0.0925703711200104,0.09994361635993003,0.05170668941288727,1.2351466049382716,2.5565828402366866,0.023880108700732462,33,37,56,0.2813688212927757,0.24334600760456274,0.3269961977186312,0
84,59,348,8064.0,8567.0,3636.0,259,0.12021287696963373,0.12771127442942115,0.05420312756220092,1.1428571428571428,2.4610744039069234,0.030023781212841855,43,46,48,0.6177606177606177,0.6061776061776062,0.38223938223938225,0
110,59,562,7866.5,8787.5,6353.0,299,0.08799118578091968,0.09829308396997796,0.07106184494580597,0.6501239669421488,2.524418270611893,0.020114360253796176,56,43,59,0.3210702341137124,0.3377926421404682,0.4782608695652174,0
80,58,550,6732.5,8253.0,4304.5,263,0.0973340658387428,0.11931645679422863,0.062231635559282336,1.051953125,2.4533293697978595,0.014229752066115703,33,31,55,0.4600760456273764,0.34220532319391633,0.4448669201520912,1
71,51,410,5320.25,5549.25,4219.0,295,0.06113473139902327,0.06376615914966964,0.04848032174662453,1.0553957548105535,2.133506343713956,0.025098155859607375,31,33,54,0.2983050847457627,0.25084745762711863,0.3694915254237288,1
70,46,436,5909.75,7655.25,3396.0,263,0.08543928638551952,0.11067457965273461,0.04909713889170004,1.2060714285714285,3.6177930056710776,0.017864657857082737,33,35,47,0.467680608365019,0.25475285171102663,0.2965779467680608,1
71,53,452,6504.5,6629.25,3429.25,251,0.10324439294614371,0.10522452024571038,0.054431675687687496,1.2903193810751834,2.36000355998576,0.016785036024747436,28,31,49,0.4262948207171315,0.40239043824701193,0.3665338645418327,1
81,72,582,7310.0,7995.5,3531.5,263,0.10568318177218118,0.1155936908152496,0.051056108950541426,1.1141594269166286,1.5423418209876543,0.0104258924670233,24,24,54,0.18250950570342206,0.27756653992395436,0.33460076045627374,1
80,51,386,6929.5,8478.5,3956.5,279,0.08902120990223661,0.10892074870569494,0.05082796983594764,1.082734375,3.2597078046905037,0.02655440414507772,43,33,55,0.23655913978494625,0.22939068100358423,0.32616487455197135,1
55,53,531,7142.75,9036.75,4833.75,283,0.08918515651337887,0.11283384734482887,0.06035473036247175,2.3612396694214874,3.217070131719473,0.017143328332641747,34,33,58,0.3957597173144876,0.1166077738515901,0.40636042402826855,0
83,56,514,7194.0,7961.75,4507.75,223,0.14466407930985944,0.16010275694262904,0.09064630296205434,1.0442734794600088,2.5388233418367347,0.017062143257278686,30,44,55,0.452914798206278,0.5022421524663677,0.4080717488789238,0
71,53,383,7605.0,6683.75,4202.25,255,0.11695501730103806,0.10278738946559016,0.06462514417531719,1.5086292402301131,2.3794054823780706,0.02864734233650785,39,29,53,0.34901960784313724,0.12156862745098039,0.42745098039215684,0
85,44,349,8122.0,7858.0,4376.0,275,0.10739834710743802,0.10390743801652892,0.057864462809917354,1.124152249134948,4.058884297520661,0.03592745543961051,32,29,64,0.39636363636363636,0.2909090909090909,0.3090909090909091,0
71,49,403,7475.5,7977.0,5889.5,239,0.13087130827541535,0.1396509164755519,0.10310568792563156,1.4829398928783972,3.3223656809662643,0.0362633844183512,35,42,64,0.41422594142259417,0.5564853556485355,0.6192468619246861,0
58,50,378,11554.0,9135.5,7815.0,275,0.1527801652892562,0.1208,0.10333884297520661,3.434601664684899,3.6542,0.054694717393130095,62,45,61,0.5818181818181818,0.2727272727272727,0.6,0
71,37,405,7645.0,7076.5,5043.25,219,0.1594003461145514,0.14754696524259295,0.10515314526386021,1.5165641737750446,5.169101533966399,0.030746837372351777,41,39,61,0.7214611872146118,0.5296803652968036,0.4703196347031963,0
71,50,295,7901.0,8711.75,5007.0,295,0.09079000287273772,0.10010629129560471,0.057535191037058314,1.5673477484626066,3.4847,0.057535191037058314,36,39,53,0.21694915254237288,0.41694915254237286,0.3220338983050847,0
71,47,460,7339.5,8484.5,4200.5,259,0.1094125013043932,0.1264814179872095,0.06261832709709157,1.4559611188256298,3.8408782254413762,0.019851134215500946,46,35,57,0.4555984555984556,0.5366795366795367,0.41312741312741313,0
157,73,432,8011.5,9087.0,4759.5,271,0.10908756689042905,0.12373197532713334,0.064807124086001,0.3250233275183577,1.7051979733533495,0.02550315072016461,51,37,56,0.42066420664206644,0.5202952029520295,0.3800738007380074,0
80,50,440,8049.0,7450.0,3621.0,307,0.08540143662001719,0.07904593152181986,0.038419505777249625,1.25765625,2.98,0.018703512396694214,47,38,51,0.38436482084690554,0.4201954397394137,0.40390879478827363,0
107,58,390,6457.0,7414.5,4401.5,247,0.10583684374436558,0.12153124948778049,0.07214509334688325,0.5639793868460128,2.2040725326991675,0.02893819855358317,43,35,61,0.47368421052631576,0.21052631578947367,0.4251012145748988,0
56,58,441,6856.5,6101.0,2269.0,283,0.08561100775387381,0.07617775225062118,0.028330981782766673,2.1863839285714284,1.813614744351962,0.011666949470642377,35,21,43,0.31802120141342755,0.13780918727915195,0.21201413427561838,0
190,105,382,8542.0,7641.0,7017.5,291,0.10087268690733459,0.09023275587203741,0.08286982912341612,0.23662049861495846,0.6930612244897959,0.04809010169677366,34,32,59,0.41237113402061853,0.49140893470790376,0.3917525773195876,0
112,95,422,7264.0,7050.0,4753.25,263,0.10501814396622765,0.10192427243418295,0.06871936850323121,0.5790816326530612,0.7811634349030471,0.026691055906201567,42,33,49,0.44106463878326996,0.21292775665399238,0.4144486692015209,0
84,72,333,5218.0,5528.5,3837.0,271,0.07105023079751092,0.07527811440476029,0.052246020615187704,0.7395124716553289,1.066454475308642,0.03460216973730487,32,35,48,0.2988929889298893,0.2767527675276753,0.3025830258302583,1
84,61,223,6786.5,5974.25,3841.25,223,0.13646966558748416,0.12013613786724045,0.07724366064067245,0.9618055555555556,1.6055495834453104,0.07724366064067245,32,28,50,0.3632286995515695,0.4080717488789238,0.5336322869955157,0
75,45,309,3524.25,4579.25,2904.0,255,0.05419838523644752,0.07042291426374471,0.044659746251441756,0.6265333333333334,2.261358024691358,0.030414428001382474,29,35,43,0.48627450980392156,0.3764705882352941,0.43137254901960786,0
78,74,353,6441.75,7344.75,5354.75,295,0.07402183280666474,0.0843981614478598,0.061531169204251654,1.058801775147929,1.3412618699780863,0.04297241772263641,39,32,57,0.4135593220338983,0.27796610169491526,0.4610169491525424,1
141,74,270,14873.5,13110.0,13172.0,311,0.15377735962200556,0.1355445042958613,0.13618552330931236,0.7481263517931693,2.3940832724616508,0.18068587105624143,97,95,95,0.5884244372990354,0.3054662379421222,0.3054662379421222,1
106,72,431,13387.75,11453.5,10820.5,287,0.16253384161517076,0.13905109932134663,0.13136616931127001,1.191504983980064,2.209394290123457,0.058249578759804264,89,90,89,0.7003484320557491,0.6376306620209059,0.5156794425087108,0
86,73,592,8631.5,8958.25,5030.75,275,0.11413553719008264,0.11845619834710744,0.06652231404958678,1.1670497566252027,1.6810377181459937,0.014354541407962017,48,41,55,0.26545454545454544,0.4690909090909091,0.4763636363636364,0
72,50,246,7577.75,8938.75,4919.5,239,0.13266136797324976,0.15648798165298228,0.08612419250363264,1.4617573302469136,3.5755,0.08129255073038535,34,45,54,0.4602510460251046,0.6401673640167364,0.5523012552301255,0
72,60,262,5946.5,8051.0,3086.0,255,0.09144944252210688,0.12381391772395232,0.04745866974240677,1.1470871913580247,2.236388888888889,0.044956587611444554,32,34,46,0.4666666666666667,0.2196078431372549,0.48627450980392156,0
71,50,271,6085.0,6341.5,2695.5,207,0.14201031529323904,0.1479964526593386,0.06290695232094098,1.2071017655227136,2.5366,0.036702931604961804,39,35,41,0.463768115942029,0.2946859903381642,0.30917874396135264,0
84,58,383,9365.0,9672.0,4243.5,279,0.12030934854382652,0.12425328554360812,0.05451497282922881,1.3272392290249433,2.8751486325802618,0.028928549516323652,54,36,51,0.45878136200716846,0.35125448028673834,0.2903225806451613,0
151,79,413,7946.0,7755.5,5175.5,251,0.12612498214314058,0.12310122061554578,0.08214948969063983,0.3484934871277576,1.242669443999359,0.030342559316171167,41,38,52,0.47808764940239046,0.4900398406374502,0.398406374501992,0
80,59,462,6781.75,6755.0,3457.25,299,0.07585765259896422,0.07555843894363598,0.03867126765919844,1.0596484375,1.9405343292157426,0.01619745694421019,43,44,50,0.3377926421404682,0.391304347826087,0.24749163879598662,0
71,50,418,7071.5,8144.0,3961.5,303,0.07702403903756712,0.0887059002929996,0.04314936444139463,1.4027970640745884,3.2576,0.022672901261418008,39,45,59,0.3564356435643564,0.24752475247524752,0.4158415841584158,0
84,45,391,7770.0,8011.0,4155.25,259,0.11583011583011583,0.11942278737645533,0.061943769472727,1.1011904761904763,3.9560493827160492,0.02717963644926446,36,28,59,0.3938223938223938,0.18532818532818532,0.3552123552123552,1
84,56,415,5374.0,6414.25,2840.75,287,0.06524299190229334,0.07787213636198084,0.034488096249802716,0.7616213151927438,2.045360331632653,0.016494411380461607,31,15,41,0.2682926829268293,0.06620209059233449,0.25435540069686413,1
71,56,429,8839.5,8122.0,2756.5,231,0.1656546916287176,0.15220854181893143,0.051657577631603606,1.7535211267605635,2.589923469387755,0.014977640851766725,43,37,48,0.5974025974025974,0.5324675324675324,0.46320346320346323,0
80,58,521,7683.5,8434.5,4222.0,319,0.07550535077288942,0.08288538831182869,0.04148937215632708,1.200546875,2.507282996432818,0.015554024631503715,47,28,52,0.40752351097178685,0.3667711598746082,0.29780564263322884,0
71,51,404,7607.25,6412.0,2205.25,223,0.1529741197289308,0.12893884855919083,0.04434535180679282,1.5090755802420155,2.465205690119185,0.013511236643466326,52,34,33,0.6053811659192825,0.5112107623318386,0.4080717488789238,1
72,56,227,4853.0,6104.0,2388.5,223,0.09758893201150234,0.12274527941442619,0.048030324358020474,0.9361496913580247,1.9464285714285714,0.0463525393467756,32,34,42,0.242152466367713,0.273542600896861,0.3183856502242152,1
71,43,479,7758.0,7899.5,6160.0,311,0.08021008881215042,0.08167305962510726,0.06368834069126664,1.5389803610394763,4.272309356408869,0.02684786067006333,48,36,56,0.4565916398713826,0.1157556270096463,0.5691318327974276,0
84,59,360,7009.75,9078.5,4596.5,299,0.07840795964250959,0.10154808111766088,0.05141441370901891,0.9934452947845805,2.608014938236139,0.03546682098765432,54,40,59,0.4013377926421405,0.2608695652173913,0.43478260869565216,0
80,58,438,7603.5,8240.5,3751.0,235,0.13768220914440923,0.14921684019918516,0.06792213671344499,1.188046875,2.44961355529132,0.019552344613331666,38,38,53,0.425531914893617,0.5957446808510638,0.37446808510638296,0
71,51,347,9759.5,8639.0,3381.5,299,0.1091654455766714,0.09663202872451092,0.037823961700652116,1.9360245982939892,3.3214148404459825,0.02808344891162621,46,28,39,0.5384615384615384,0.31438127090301005,0.1806020066889632,0
71,53,313,8140.5,6581.5,3965.5,275,0.10764297520661158,0.08702809917355372,0.052436363636363635,1.6148581630628844,2.3430046279814882,0.04047708969163715,43,34,58,0.34545454545454546,0.2,0.26181818181818184,0
72,53,407,8527.0,8969.5,4750.0,255,0.13113417916186082,0.13793925413302577,0.07304882737408688,1.6448688271604939,3.19312922748309,0.028675090100151526,42,32,60,0.4196078431372549,0.35294117647058826,0.4117647058823529,0
84,57,331,6490.25,8181.25,4999.5,295,0.07457914392415972,0.09401034185578856,0.05744900890548693,0.9198200113378685,2.518082486919052,0.04563211361707177,0,40,55,0.0,0.34915254237288135,0.19322033898305085,1
71,58,324,6875.5,7462.5,4647.5,255,0.1057362552864283,0.11476355247981546,0.0714725105728566,1.3639158897044237,2.2183412604042805,0.044272024081694866,35,21,55,0.5607843137254902,0.1607843137254902,0.42745098039215684,1
80,59,259,6429.5,6501.5,4111.5,247,0.10538609057680015,0.10656624432460785,0.06739169630710223,1.004609375,1.8677104280379202,0.061291572874584456,33,33,55,0.3724696356275304,0.3157894736842105,0.4291497975708502,1
83,40,597,5895.25,8415.5,4418.25,299,0.0659416561336003,0.09413205668840394,0.049420588136598026,0.8557482943823487,5.2596875,0.012396572477125998,35,38,57,0.29431438127090304,0.5050167224080268,0.19732441471571907,0
70,55,265,6739.0,7656.5,4106.5,227,0.13078072541675562,0.14858623299501253,0.07969298841429098,1.3753061224489795,2.5310743801652893,0.05847632609469562,28,30,58,0.12334801762114538,0.4713656387665198,0.4713656387665198,0
72,51,365,6440.5,7008.75,3219.0,291,0.07605602201202159,0.08276650015942183,0.03801324972544018,1.2423804012345678,2.694636678200692,0.024162131732032275,30,42,51,0.28865979381443296,0.3024054982817869,0.29896907216494845,0
84,48,454,5345.75,7336.0,2186.75,227,0.10374255273729356,0.14236643443497837,0.042437268334336004,0.7576176303854876,3.1840277777777777,0.010609317083584001,31,34,38,0.36123348017621143,0.24669603524229075,0.4185022026431718,0
80,53,302,5586.25,5381.5,4653.75,243,0.0946036342698437,0.0911361750410676,0.07881166488848244,0.8728515625,1.915806336774653,0.05102572255602825,23,23,61,0.205761316872428,0.20164609053497942,0.4444444444444444,1
83,64,356,5425.0,6461.75,2532.5,235,0.09823449524671797,0.1170076957899502,0.04585785423268447,0.7874872985919582,1.57757568359375,0.0199824832723141,35,27,39,0.5872340425531914,0.5148936170212766,0.17872340425531916,1
71,57,406,6544.0,7248.0,3227.5,271,0.08910554050189948,0.09869146661946324,0.04394684168243897,1.2981551279508035,2.2308402585410896,0.01958006746099153,33,30,37,0.24354243542435425,0.13653136531365315,0.14391143911439114,0
71,55,439,6677.5,7906.0,3510.0,239,0.11690096461896675,0.13840794103744683,0.061448504052800196,1.3246379686570124,2.6135537190082645,0.018212856927890576,29,32,49,0.32217573221757323,0.35564853556485354,0.3389121338912134,0
85,56,519,6060.5,8223.25,5156.75,247,0.09933780261928568,0.13478749037027324,0.08452441443065777,0.8388235294117647,2.6222098214285716,0.019144382445862616,34,41,58,0.29959514170040485,0.29554655870445345,0.3522267206477733,0
55,50,412,6925.5,8768.0,4630.75,267,0.09714682489584649,0.12299232700697162,0.06495742681199063,2.2894214876033057,3.5072,0.027280787538882082,43,58,60,0.4419475655430712,0.3146067415730337,0.2247191011235955,0
80,48,454,6337.75,8560.0,3176.5,263,0.09162702944960893,0.12375486128178809,0.04592375196981307,0.9902734375,3.7152777777777777,0.015411224747229715,42,35,55,0.4600760456273764,0.30038022813688214,0.3574144486692015,0
71,58,603,8118.25,9426.25,4475.5,359,0.06299027785321343,0.07313917489777391,0.03472583235698047,1.6104443562785162,2.8020957193816884,0.01230855121847919,39,42,62,0.298050139275766,0.2562674094707521,0.3370473537604457,0
71,56,766,7950.0,6852.0,3500.0,303,0.08659281769761135,0.07463320589484691,0.03812262414360248,1.5770680420551477,2.184948979591837,0.005965000783971532,30,34,53,0.19141914191419143,0.1848184818481848,0.264026402640264,1
71,58,890,6663.0,8681.5,4274.0,271,0.09072588880870358,0.11821053634890592,0.0581963753216868,1.3217615552469748,2.580707491082045,0.005395783360686782,30,32,60,0.31365313653136534,0.11808118081180811,0.43911439114391143,0
85,51,399,7493.75,8097.75,4355.75,291,0.0884938770208193,0.09562652779253906,0.05143715827635479,1.03719723183391,3.1133217993079585,0.027360066833751043,58,24,58,0.33676975945017185,0.09965635738831616,0.41237113402061853,0
80,59,433,7450.5,9249.0,3253.0,279,0.09571434077157283,0.11881913130612402,0.041790316157295,1.164140625,2.6569951163458776,0.01735035122060494,35,51,55,0.5842293906810035,0.5913978494623656,0.3046594982078853,0
71,65,474,5822.25,6536.25,2484.25,263,0.08417426881984705,0.09449681215573451,0.035915655857392766,1.1549791707994446,1.5470414201183431,0.011057033238975236,34,29,24,0.35361216730038025,0.40304182509505704,0.22813688212927757,0
71,51,371,6230.0,6788.0,2569.0,263,0.09006925067588081,0.09813644840896933,0.03714091572814411,1.2358658996230907,2.6097654748173778,0.018664496770584346,28,38,53,0.26996197718631176,0.3840304182509506,0.26996197718631176,0
79,48,344,6381.0,7493.5,3579.0,243,0.10806279530559366,0.12690308049247234,0.060610679266371995,1.0224323025156226,3.2523871527777777,0.03024438885884262,33,32,59,0.39094650205761317,0.2839506172839506,0.48559670781893005,0
84,58,329,7552.5,9932.5,4665.5,295,0.08678540649238725,0.11413386957770756,0.05361103131284114,1.0703656462585034,2.9525862068965516,0.04310289077151911,44,43,59,0.49830508474576274,0.43728813559322033,0.3525423728813559,1
72,56,344,8436.5,9137.5,2150.5,279,0.10838118729204403,0.11738672421988412,0.027626829048958777,1.6274112654320987,2.9137436224489797,0.01817282990805841,35,49,42,0.3154121863799283,0.4050179211469534,0.3046594982078853,0
71,51,804,7271.25,8380.0,4503.75,315,0.07328042328042328,0.08445452254976064,0.045389266817838246,1.4424221384645903,3.221837754709727,0.006967262567758224,46,43,57,0.37142857142857144,0.5079365079365079,0.45714285714285713,1
83,51,719,6957.75,8019.5,3955.5,219,0.14507099518358665,0.1672087737953754,0.08247325952336274,1.009979677747133,3.0832372164552093,0.00765144759469283,28,31,53,0.3378995433789954,0.2420091324200913,0.3378995433789954,0
71,51,443,6992.75,7100.25,3962.75,271,0.09521588758323007,0.0966796476082842,0.05395827943519287,1.3871751636580043,2.7298154555940024,0.02019245957941187,36,32,60,0.33210332103321033,0.36531365313653136,0.4354243542435424,1
72,58,271,5238.0,5496.0,5110.0,239,0.09170007527879413,0.09621680292711962,0.08945921815094274,1.0104166666666667,1.633769322235434,0.06957966258629376,18,31,57,0.07531380753138076,0.2594142259414226,0.4476987447698745,1
84,56,520,23726.5,20108.0,23286.5,355,0.1882682007538187,0.15955564372148384,0.1847768299940488,3.3625992063492065,6.411989795918367,0.08611871301775148,143,141,144,0.7098591549295775,0.48169014084507045,0.5408450704225352,1
80,59,790,7179.25,8065.25,4878.5,351,0.058272660124511974,0.06546416019350493,0.03959789287424615,1.1217578125,2.3169347888537777,0.007816856273033168,40,31,55,0.2336182336182336,0.245014245014245,0.32763532763532766,1
71,51,306,11450.5,14218.5,11917.5,359,0.08884552416570325,0.11032270078599639,0.09246902181081773,2.271473913905971,5.466551326412918,0.12727476611559657,101,100,100,0.3955431754874652,0.49025069637883006,0.5431754874651811,1
71,57,588,128748.0,128124.25,121590.75,655,0.3000944000932347,0.2986405221140959,0.2834118058388206,25.540170601071218,39.43497999384426,0.3516785540746911,370,356,350,0.6610687022900763,0.6091603053435114,0.6809160305343511,1
71,41,334,84391.5,88349.0,82825.5,559,0.2700692202085887,0.2827339902266058,0.26505771550910295,16.741023606427298,52.55740630577038,0.7424567033597476,298,297,294,0.6923076923076923,0.669051878354204,0.7316636851520573,1
84,57,382,61932.5,58189.5,56816.75,415,0.3596022644796052,0.3378690666279576,0.32989838873566557,8.777281746031745,17.909972299168974,0.38935850168580904,249,240,242,0.8096385542168675,0.6409638554216868,0.727710843373494,1
85,59,393,111676.0,94867.0,97273.5,687,0.23661723545402347,0.2010026082221502,0.20610146005352045,15.456885813148789,27.25280091927607,0.629809840141406,346,310,312,0.6157205240174672,0.5604075691411936,0.6346433770014556,1
80,58,416,127760.5,106205.25,107705.5,687,0.27069680423926146,0.2250259021249277,0.22820460665848816,19.962578125,31.57112068965517,0.6223736825073964,369,324,326,0.6011644832605532,0.5502183406113537,0.7379912663755459,1
71,65,482,103902.75,89803.25,87966.25,703,0.21024050553510762,0.18171107770194392,0.17799402681861318,20.611535409640943,21.255207100591715,0.37863608581119473,337,297,296,0.6230440967283073,0.5234708392603129,0.5945945945945946,1
71,47,407,52175.0,42418.0,41031.0,487,0.2199908082422239,0.1788513675901994,0.17300321711522162,10.350128942670105,19.20235400633771,0.24769844671564573,233,201,196,0.5749486652977412,0.6201232032854209,0.7351129363449692,1
140,131,577,90325.0,73485.0,71699.0,607,0.24514926082035776,0.19944415645041783,0.19459680987056555,4.608418367346939,4.28209311811666,0.21535822953242284,311,274,270,0.6408566721581549,0.5930807248764415,0.7199341021416804,1
71,58,362,85716.25,70746.25,68597.5,559,0.27430867796762043,0.22640176522732583,0.2195253471411062,17.003818686768497,21.030395362663494,0.5234692164463844,296,258,252,0.6636851520572451,0.6332737030411449,0.7531305903398927,1
87,65,434,54380.75,38321.25,39854.0,503,0.21493602994359884,0.15146200332794485,0.15752008821820568,7.18466772360946,9.070118343195267,0.21158869375013273,232,187,188,0.6719681908548708,0.5745526838966203,0.679920477137177,1
71,72,539,17689.75,12331.5,13751.75,331,0.16146028239975904,0.11255373718750285,0.12551683537025035,3.509174766911327,2.378761574074074,0.047334788190870884,119,88,97,0.6797583081570997,0.4652567975830816,0.6163141993957704,1
71,66,527,17096.5,13069.5,14818.5,383,0.11654929817505062,0.08909666028127534,0.10101984470546531,3.391489783773061,3.00034435261708,0.05335596930821052,116,85,107,0.4151436031331593,0.4073107049608355,0.5430809399477807,1
105,60,425,21289.5,13819.5,21570.0,359,0.16518726577230158,0.10722682164166945,0.16736369208805021,1.9310204081632654,3.83875,0.11941868512110726,131,85,135,0.7047353760445683,0.5459610027855153,0.6155988857938719,1
136,102,845,5760.0,6978.0,8915.25,447,0.028827530291428313,0.03492335180096993,0.04461886101226672,0.31141868512110726,0.6707035755478662,0.012485907356185008,19,37,91,0.08053691275167785,0.2348993288590604,0.2975391498881432,1
79,104,398,4066.0,5777.5,5840.0,247,0.06664590470258487,0.0946991427494304,0.0957235817666246,0.6514981573465791,0.5341623520710059,0.03686775586475089,29,29,73,0.5060728744939271,0.46153846153846156,0.46153846153846156,1
113,126,370,7281.5,6909.5,7907.0,295,0.08367135880494111,0.0793967250790003,0.09085894857799483,0.5702482574986295,0.4352166792642983,0.05775748721694668,52,24,87,0.25084745762711863,0.31864406779661014,0.4033898305084746,1
71,83,477,6526.5,5904.25,5496.0,375,0.04641066666666667,0.041985777777777775,0.03908266666666667,1.2946835945248958,0.8570547249237915,0.024155162638608705,51,25,69,0.4053333333333333,0.096,0.31466666666666665,1
87,124,388,3842.0,4875.75,4939.5,239,0.06726072722816477,0.08535827454001156,0.08647432642985942,0.5075967763244814,0.3171013267429761,0.032811005420342224,0,32,69,0.0,0.3807531380753138,0.4560669456066946,1
84,57,298,3521.0,6095.75,6192.75,231,0.06598452052997507,0.11423605254774086,0.11605385956035306,0.4990079365079365,1.8761926746691289,0.0697350344579073,19,39,73,0.16017316017316016,0.4199134199134199,0.36796536796536794,1
83,59,369,4644.5,5975.0,7917.0,267,0.06515030369341694,0.08381377211070432,0.111055001472878,0.6741907388590507,1.716460787130135,0.05814440258223721,36,32,92,0.39325842696629215,0.2209737827715356,0.5131086142322098,1
85,98,482,5673.0,6610.0,4173.0,263,0.08201651028639997,0.09556304124680132,0.060330494874871694,0.7851903114186851,0.6882548937942524,0.017961984125617673,30,33,67,0.35361216730038025,0.45627376425855515,0.39543726235741444,1
110,52,565,6828.0,8289.5,9411.5,335,0.06084205836489196,0.07386500334150145,0.08386277567386946,0.564297520661157,3.0656434911242605,0.02948234004228992,35,30,97,0.417910447761194,0.30149253731343284,0.28955223880597014,1
71,65,510,7186.5,8051.5,9259.5,303,0.07827663954514263,0.08769837379777581,0.10085612521648205,1.4256099980162666,1.905680473372781,0.035599769319492505,39,35,99,0.38943894389438943,0.44554455445544555,0.33003300330033003,1
75,96,279,5995.5,7648.5,13147.0,303,0.06530405515799105,0.08330882593209817,0.14319946846169765,1.0658666666666667,0.8299153645833334,0.1688955691730579,37,38,113,0.3333333333333333,0.18151815181518152,0.37623762376237624,1
106,82,652,8743.0,8709.5,11586.5,291,0.103246300823089,0.1028506985037966,0.13682526186511731,0.7781238875044499,1.2952855443188578,0.027255683315141707,39,36,104,0.281786941580756,0.29553264604810997,0.422680412371134,1
80,61,385,6449.0,6904.0,9448.5,291,0.07615639871990175,0.08152950484760454,0.11157756757714245,1.00765625,1.8554152109647943,0.06374430764041154,36,30,95,0.30927835051546393,0.2920962199312715,0.4329896907216495,1
106,65,488,7000.0,8960.25,11598.75,311,0.0723731144218939,0.0926401712141107,0.1199196658429917,0.622997508009968,2.120769230769231,0.04870477526202634,39,37,106,0.4115755627009646,0.19292604501607716,0.45980707395498394,1
71,56,477,10037.0,14029.5,25323.75,287,0.12185409559421627,0.17032500091053673,0.30744272723961685,1.991073199761952,4.473692602040816,0.11129899924844745,65,63,161,0.662020905923345,0.5958188153310104,0.6062717770034843,1
71,66,420,7224.75,12892.5,26318.25,375,0.051376,0.09168,0.187152,1.4331977782186074,2.959710743801653,0.14919642857142856,65,64,161,0.552,0.5226666666666666,0.5733333333333334,1
84,58,400,10142.0,10835.5,17377.5,327,0.09484798324121613,0.10133359518933124,0.16251437869988497,1.437358276643991,3.221016646848989,0.108609375,52,52,131,0.5718654434250765,0.19877675840978593,0.5902140672782875,1
104,85,436,7648.75,9969.0,15609.75,343,0.06501330228051237,0.08473510187081913,0.1326806857686848,0.7071699334319527,1.3797923875432525,0.08211508921807929,47,42,129,0.4518950437317784,0.21574344023323616,0.46355685131195334,1
80,58,651,6051.5,6561.5,8392.25,271,0.08239947713130268,0.08934382701760597,0.11427200065358588,0.945546875,1.9505053507728893,0.019802336473958296,36,25,92,0.4907749077490775,0.14022140221402213,0.42066420664206644,1
56,58,465,5070.0,8676.0,10483.25,323,0.048596267576608614,0.08316000345062255,0.10048260790384266,1.6167091836734695,2.5790725326991675,0.04848306162562146,39,32,101,0.4117647058823529,0.2786377708978328,0.5263157894736842,1
83,66,616,4899.5,5664.75,5512.75,291,0.05785831532457104,0.06689517128989975,0.06510019957251331,0.7112062708665989,1.3004476584022038,0.014528034870973183,33,29,72,0.3402061855670103,0.4261168384879725,0.3402061855670103,1
71,57,295,4983.5,6644.25,8569.25,287,0.06050213065595066,0.08066444900387282,0.1040348917675339,0.9885935330291609,2.0450138504155126,0.09846883079574835,30,21,90,0.17770034843205576,0.20209059233449478,0.4076655052264808,1
84,58,568,5090.5,7038.5,6552.0,251,0.08080030475706734,0.11172044888176379,0.10399834923255187,0.7214427437641724,2.0923008323424495,0.020308470541559213,28,26,77,0.3705179282868526,0.18725099601593626,0.3346613545816733,1
80,58,404,5579.0,11008.75,12864.0,251,0.08855414993412802,0.17473928985254203,0.20418723512325201,0.87171875,3.2725178359096314,0.07881580237231645,47,46,116,0.6892430278884463,0.6414342629482072,0.4860557768924303,1
71,53,259,6051.0,9788.0,11101.5,359,0.046950287474491974,0.07594602773100767,0.08613759980136715,1.200357072009522,3.4845140619437522,0.16549395506924464,36,32,107,0.28690807799442897,0.2395543175487465,0.4178272980501393,1
83,56,442,6937.5,7969.5,6668.0,303,0.07556448714178349,0.08680521517498284,0.07262904508272609,1.0070402090288866,2.541294642857143,0.034131160295653246,41,34,80,0.3102310231023102,0.2079207920792079,0.37623762376237624,1
71,66,319,5788.0,9191.25,12603.5,287,0.0702691546576989,0.1115862763903896,0.1530126625308065,1.148184883951597,2.1100206611570247,0.12385393225302424,38,30,112,0.42160278745644597,0.31010452961672474,0.49825783972125437,1
84,61,380,9133.5,13138.5,25719.25,351,0.07413495020332628,0.1066428032239998,0.2087584516359445,1.2944302721088434,3.5309056705186777,0.17811114958448754,75,61,162,0.358974358974359,0.358974358974359,0.7037037037037037,1
71,58,668,6942.5,9275.25,11916.5,327,0.06492625948058993,0.08674213730606291,0.11144310710845515,1.377206903392184,2.7572086801426874,0.026705197389651835,59,39,108,0.47706422018348627,0.38837920489296635,0.4434250764525994,1
80,58,498,5089.5,7709.5,12371.5,295,0.05848319448434358,0.0885894857799483,0.14216029876472278,0.795234375,2.2917657550535075,0.04988427606006355,44,34,107,0.3050847457627119,0.34576271186440677,0.5457627118644067,1
71,53,445,6248.5,7603.0,9322.0,275,0.08262479338842975,0.10053553719008264,0.12326611570247933,1.2395358063876214,2.7066571733713065,0.04707486428481252,31,29,94,0.4909090909090909,0.26545454545454544,0.4290909090909091,1
83,53,247,6421.5,7391.5,9519.5,235,0.11627885921231326,0.13384336803983704,0.1723766410140335,0.9321381913194948,2.631363474546102,0.1560343555868806,49,31,92,0.6382978723404256,0.23404255319148937,0.5531914893617021,1
71,66,442,8170.5,7724.5,8281.0,283,0.10201775524728739,0.09644895054252145,0.10339747031427537,1.620809363221583,1.7733011937557392,0.04238754325259515,44,29,89,0.5265017667844523,0.392226148409894,0.3745583038869258,1
84,58,422,5385.0,6743.0,7072.0,223,0.10828691507973215,0.13559492449073982,0.1422107824408293,0.7631802721088435,2.0044589774078476,0.03971159677455583,33,31,80,0.6233183856502242,0.4663677130044843,0.57847533632287,1
80,58,329,5788.25,9270.0,12779.75,327,0.05413171356694629,0.08669303930645568,0.11951622104387023,0.9044140625,2.7556480380499404,0.11806755296052328,38,30,104,0.27522935779816515,0.18960244648318042,0.42813455657492355,1
71,58,229,6413.25,8840.25,10917.0,311,0.0663066965808873,0.0913994892525925,0.11287104144911653,1.2722178139258085,2.627898335315101,0.20817680822257395,36,38,104,0.3858520900321543,0.3215434083601286,0.41479099678456594,1
83,56,418,6465.0,7077.5,8267.0,235,0.11706654594839294,0.12815753734721594,0.14969669533725669,0.9384526056031355,2.256855867346939,0.04731462191799638,36,27,89,0.5234042553191489,0.33617021276595743,0.48936170212765956,1
71,65,517,4909.0,7367.0,11486.5,275,0.06491239669421488,0.09741487603305785,0.15188760330578513,0.9738147193017258,1.7436686390532545,0.04297408423092608,38,33,101,0.44727272727272727,0.36,0.49818181818181817,1
84,58,481,6848.0,7967.0,10632.5,299,0.07659869576402949,0.08911533428037717,0.11893043701972014,0.9705215419501134,2.368311533888228,0.045956319345092735,40,30,99,0.45484949832775917,0.3110367892976589,0.46488294314381273,1
71,58,394,6223.75,5900.5,6790.25,263,0.08997889227833278,0.08530555595714844,0.09816897743208663,1.234626066256695,1.754013079667063,0.04374146460872478,32,27,72,0.12167300380228137,0.1634980988593156,0.5133079847908745,1
80,63,678,4992.25,6115.0,4898.25,251,0.0792408057014968,0.09706195139759687,0.07774876589260488,0.7800390625,1.5406903502141598,0.010655689560654711,38,31,69,0.4103585657370518,0.26294820717131473,0.2788844621513944,1
71,51,251,7008.75,7485.0,7149.75,283,0.08751201788010837,0.09345852738828053,0.08927255927780345,1.390349137075977,2.8777393310265285,0.1134862938683513,30,31,82,0.10600706713780919,0.127208480565371,0.44876325088339225,1
83,58,474,6277.75,5829.5,4525.25,291,0.0741341032817279,0.06884070806910642,0.053438787921729784,0.9112715923936711,1.7329072532699168,0.020141225587067598,52,37,60,0.42955326460481097,0.20618556701030927,0.36769759450171824,1
71,66,443,6069.5,8296.0,10794.0,279,0.0779730476227181,0.10657622589637851,0.13866728330828226,1.2040269787740527,1.9044995408631773,0.05500155414804661,30,28,97,0.4014336917562724,0.2007168458781362,0.44086021505376344,1
84,57,475,6493.5,7698.0,7632.75,303,0.07072835996470934,0.08384798875927196,0.08313727412345195,0.920280612244898,2.3693444136657433,0.03382936288088643,40,28,81,0.4389438943894389,0.35973597359735976,0.41914191419141916,1
80,59,479,6226.0,8112.0,9734.5,303,0.06781470226230543,0.0883573505865438,0.10602990992168523,0.9728125,2.3303648376903188,0.04242702917089797,31,33,92,0.41914191419141916,0.3333333333333333,0.3333333333333333,1
71,56,526,6999.5,8359.5,9946.0,311,0.07236794491372091,0.0864290071442603,0.10283185657716525,1.3885141836937116,2.665656887755102,0.035948184880510055,42,22,96,0.4630225080385852,0.2958199356913183,0.36012861736334406,1
83,58,476,6939.75,6586.25,7044.25,323,0.06651793844472774,0.06312961880205888,0.0675195774904389,1.0073668166642473,1.9578626634958383,0.031090009533225056,36,30,79,0.4024767801857585,0.2693498452012384,0.24458204334365324,1
71,66,467,5891.0,8773.5,8809.5,351,0.04781617032329283,0.07121289599922079,0.07150510141963133,1.1686173378297957,2.0141184573002753,0.04039405930606312,39,22,85,0.2962962962962963,0.150997150997151,0.396011396011396,1
84,58,410,6520.5,8127.5,9296.5,263,0.09426910899391346,0.1175020601714641,0.13440269484884848,0.9241071428571429,2.4160225921521996,0.05530339083878644,35,45,90,0.5057034220532319,0.5779467680608364,0.5057034220532319,1
71,58,363,7362.75,6949.5,4718.0,311,0.0761235926013999,0.07185099409642166,0.04877947912035649,1.4605732989486213,2.065844233055886,0.0358050831379156,45,32,63,0.4115755627009646,0.15434083601286175,0.33440514469453375,1
80,59,294,6401.0,7365.0,7300.5,271,0.08715839925926934,0.10028458218161518,0.0994063261665827,1.00015625,2.115771330077564,0.08446133555463002,40,28,79,0.42435424354243545,0.4354243542435424,0.46863468634686345,1
71,53,339,7137.5,5812.0,8576.5,319,0.07013983746228909,0.05711421861027309,0.084280814850483,1.4158897044237255,2.069063723745105,0.07462952811061511,38,30,88,0.4670846394984326,0.2727272727272727,0.4106583072100313,1
71,58,346,7009.75,8888.0,10188.25,311,0.07247391983126725,0.09189317728311329,0.10533648328698007,1.3905475104146003,2.6420927467300834,0.08510349493801998,6,7,89,0.01929260450160772,0.03215434083601286,0.4212218649517685,1
84,74,409,6491.5,7717.0,10935.5,311,0.06711572460996061,0.07978618914196503,0.11306231325151725,0.9199971655328798,1.4092403214024836,0.06537203866547904,36,23,104,0.3954983922829582,0.12540192926045016,0.4437299035369775,1
83,57,464,7014.25,8894.0,10275.75,343,0.05962014126766908,0.07559775263708149,0.08734243384984147,1.0181811583684135,2.737457679285934,0.047728476144470865,45,2,92,0.27405247813411077,0.0058309037900874635,0.37317784256559766,1
80,59,542,6124.0,8779.5,6976.5,319,0.06018022621633042,0.08627568518391132,0.06855769892198386,0.956875,2.522120080436656,0.0237486553832328,35,29,80,0.30094043887147337,0.2476489028213166,0.3542319749216301,1
71,47,454,8622.75,9595.0,7467.75,263,0.12466205959317035,0.1387182119157426,0.10796382772629357,1.7105237056139655,4.343594386600271,0.036230811775893185,40,37,75,0.43346007604562736,0.3916349809885932,0.4144486692015209,1
71,57,410,7412.5,7830.5,5645.5,287,0.08999138025227937,0.09506610496667435,0.0685391348687006,1.4704423725451299,2.410126192674669,0.033584176085663296,32,22,71,0.43902439024390244,0.23693379790940766,0.4146341463414634,1
71,53,437,6443.5,6542.5,7096.5,247,0.10561556491665164,0.10723827631988724,0.11631890376829648,1.2782186074191628,2.329120683517266,0.03716048154412496,34,31,74,0.3967611336032389,0.44534412955465585,0.46558704453441296,1
84,87,406,6036.5,7207.0,7188.0,335,0.053789262642013815,0.06421920249498775,0.06404989975495656,0.8555130385487528,0.9521733386180473,0.04360697905797277,33,28,81,0.3283582089552239,0.23880597014925373,0.3194029850746269,1
71,57,513,6966.0,6682.5,6035.0,299,0.0779185915146363,0.07474748604601739,0.0675048377534927,1.3818686768498314,2.056786703601108,0.02293203226823828,31,31,68,0.34782608695652173,0.3377926421404682,0.3010033444816054,1
87,57,346,6299.0,6356.0,6457.0,319,0.06189994202101001,0.0624600780259628,0.0634525997189493,0.8322103316158013,1.956294244382887,0.0539359818236493,28,27,78,0.3542319749216301,0.34169278996865204,0.4106583072100313,1
71,57,293,6182.5,5961.5,6689.0,295,0.07104280379201379,0.06850330364837691,0.07686297041080149,1.2264431660384845,1.8348722683902738,0.07791587554892894,30,34,78,0.36610169491525424,0.3694915254237288,0.4135593220338983,1
71,53,309,6082.0,6073.5,9201.5,251,0.09653815018809225,0.096403231694735,0.1460532372502024,1.2065066455068438,2.1621573513705945,0.09636995842104712,33,30,88,0.3187250996015936,0.50199203187251,0.5856573705179283,1
84,73,565,5943.75,7000.0,6816.25,295,0.06829933927032462,0.08043665613329504,0.07832519390979603,0.8423681972789115,1.3135672734096453,0.021352494322186544,33,24,80,0.39661016949152544,0.15254237288135594,0.2745762711864407,1
71,58,391,7975.5,7309.25,8364.75,327,0.074586875403305,0.06835610545315116,0.07822714137418287,1.5821265621900416,2.172785374554102,0.05471412405727331,30,28,82,0.27522935779816515,0.20795107033639143,0.25076452599388377,1
80,64,366,6123.5,8052.0,11188.0,327,0.05726697154186423,0.07530230339758158,0.1046301751629586,0.956796875,1.9658203125,0.08351996177849443,41,40,98,0.45871559633027525,0.37920489296636084,0.4831804281345566,1
71,53,359,6723.0,7719.5,6619.5,247,0.11019685620154404,0.12653051189168812,0.10850038518907046,1.3336639555643721,2.74813100747597,0.051361333322987875,27,37,74,0.3724696356275304,0.32388663967611336,0.3765182186234818,1
83,53,444,6557.0,7618.0,8710.5,339,0.05705658669868866,0.06628901593268419,0.07579554650586055,0.9518072289156626,2.711997152011392,0.044185232529827125,36,37,84,0.23893805309734514,0.10914454277286136,0.3421828908554572,1
71,57,465,6165.5,9547.0,7405.75,275,0.08152727272727273,0.12624132231404958,0.09792727272727272,1.2230708192818884,2.9384425977223763,0.03425020233553012,38,33,79,0.49818181818181817,0.4036363636363636,0.33090909090909093,1
84,71,610,4797.0,5131.5,7406.5,267,0.06728948365105417,0.07198165214829777,0.10389400889337766,0.6798469387755102,1.0179527871454077,0.01990459553883365,26,20,80,0.24344569288389514,0.20599250936329588,0.3895131086142322,1
58,57,370,4172.0,4982.5,4383.0,299,0.046666144673996934,0.0557320387915124,0.04902629724499726,1.2401902497027348,1.533548784241305,0.03201607012417823,34,38,59,0.2408026755852843,0.30434782608695654,0.31438127090301005,1
71,57,315,5590.5,8191.5,6712.75,271,0.07612232948897754,0.11153851390912434,0.09140330333192631,1.1090061495734973,2.5212373037857803,0.06765180146132527,32,36,71,0.2730627306273063,0.2656826568265683,0.4612546125461255,1
71,58,414,5515.5,6320.0,7659.0,283,0.06886713531196544,0.07891221016619011,0.09563111038969146,1.0941281491767507,1.87871581450654,0.04468599033816425,32,25,82,0.4275618374558304,0.2791519434628975,0.2968197879858657,1
71,58,590,4778.0,5960.0,5778.0,255,0.0734794309880815,0.09165705497885429,0.08885813148788928,0.947827811942075,1.7717003567181926,0.01659867854064924,29,25,71,0.1843137254901961,0.34901960784313724,0.3333333333333333,1
135,60,308,4751.5,5491.5,6469.0,239,0.08318306752332767,0.0961380227937186,0.11325081843805256,0.26071330589849107,1.5254166666666666,0.06819235958846348,24,35,74,0.32217573221757323,0.22594142259414227,0.40585774058577406,1
83,81,474,5130.5,6146.0,4293.0,295,0.05895432347026716,0.07062338408503303,0.049330652111462224,0.7447379880969662,0.9367474470355128,0.019107514821342732,40,33,56,0.28135593220338984,0.2847457627118644,0.34915254237288135,1
118,86,474,7504.5,6725.5,6129.0,339,0.06530138094865168,0.058522811322560715,0.0533322891377555,0.5389615053145648,0.9093428880475933,0.027279282166319502,38,19,67,0.3480825958702065,0.05604719764011799,0.20353982300884957,1
55,57,478,5696.75,6501.0,6273.0,279,0.07318444007656634,0.0835163988129649,0.08058735113885998,1.8832231404958677,2.0009233610341646,0.027454876490257525,37,27,73,0.3763440860215054,0.3046594982078853,0.34767025089605735,1
74,58,517,5635.5,7033.5,4572.5,259,0.08401037551616702,0.10485085195509906,0.06816386160015504,1.029127100073046,2.0908145065398336,0.01710695165158312,23,31,62,0.2972972972972973,0.22393822393822393,0.444015444015444,1
71,56,382,6583.75,6875.25,6023.5,203,0.15976485719139022,0.16683855468465628,0.14616952607440123,1.306040468161079,2.192362882653061,0.04127833666840273,42,33,77,0.5369458128078818,0.3891625615763547,0.5517241379310345,1
142,71,393,5229.0,7754.25,7196.25,283,0.06528986502515952,0.0968204122913259,0.08985316335576671,0.2593235469152946,1.538236461019639,0.04659305013305363,27,34,86,0.3710247349823322,0.2968197879858657,0.45936395759717313,1
80,59,525,6063.0,8294.5,9650.0,295,0.06966963516230969,0.09531169204251652,0.1108876759551853,0.94734375,2.382792301062913,0.03501133786848073,33,39,97,0.4101694915254237,0.30847457627118646,0.33559322033898303,1
106,59,463,5003.0,7062.0,5637.0,311,0.05172609877896217,0.07301413343534496,0.05828103514231656,0.44526521893912424,2.0287273771904624,0.026295779706953896,18,35,75,0.05787781350482315,0.35691318327974275,0.2604501607717042,1
71,47,427,5833.5,7974.5,9004.0,315,0.05879062736205593,0.08036785084404131,0.09074326026706979,1.1572108708589566,3.6100045269352647,0.04938325773738681,32,34,94,0.37777777777777777,0.35873015873015873,0.45714285714285713,1
71,57,305,6325.0,8351.0,7590.0,287,0.07678859765202928,0.10138522988017337,0.09214631718243514,1.254711366792303,2.5703293321021854,0.08159097016930933,35,37,84,0.313588850174216,0.41114982578397213,0.39372822299651566,1
107,63,504,5014.75,7007.0,10940.25,327,0.04689794162481647,0.0655294634757643,0.10231321718149426,0.4380076862608088,1.7654320987654322,0.04306913737717309,36,33,101,0.24770642201834864,0.25076452599388377,0.3394495412844037,1
71,81,511,5438.0,6369.25,8319.0,275,0.07190743801652892,0.08422148760330579,0.11000330578512396,1.0787542154334457,0.9707742722146014,0.031858793432929564,32,32,91,0.2509090909090909,0.28,0.36,1
80,61,513,4779.5,5717.0,5529.0,271,0.0650794515325227,0.07784480058822728,0.07528492259092333,0.746796875,1.5364149422198334,0.021009313406974227,30,26,66,0.36162361623616235,0.3284132841328413,0.44649446494464945,1
71,60,346,6074.5,8115.5,10257.0,295,0.06980178109738581,0.09325481183567941,0.11786268313702959,1.2050188454671693,2.2543055555555553,0.0856777707240469,37,33,92,0.5254237288135594,0.17966101694915254,0.376271186440678,1
131,139,430,6083.75,8942.75,10110.5,335,0.05421029182445979,0.0796858988638895,0.09009133437291156,0.35451022667676707,0.46285130169245897,0.054680908599242836,25,26,99,0.28059701492537314,0.20597014925373133,0.30149253731343284,1
71,56,605,5474.25,8607.25,13511.0,319,0.05379516710724148,0.08458299348473383,0.13277188706871984,1.08594524895854,2.744658801020408,0.03691277918174988,41,33,112,0.3605015673981191,0.27586206896551724,0.3510971786833856,1
110,90,353,7584.5,11567.0,18130.0,351,0.06156200030843906,0.093887224941356,0.14715789644564573,0.6268181818181818,1.4280246913580248,0.14549510870001364,50,47,136,0.150997150997151,0.39316239316239315,0.5498575498575499,1
112,103,354,4265.5,7759.5,10927.0,303,0.04646058665272468,0.08451785772636669,0.11901883257632694,0.34004304846938777,0.7314072956923366,0.08719556960005106,27,28,103,0.3201320132013201,0.19141914191419143,0.4521452145214521,1
77,56,502,6164.5,8001.0,9844.0,315,0.062126480221718315,0.08063492063492063,0.09920886873267826,1.0397200202395007,2.5513392857142856,0.039062872017904475,38,28,96,0.42857142857142855,0.23174603174603176,0.33650793650793653,1
71,66,445,6377.75,8218.0,7653.0,267,0.08946331131030033,0.11527725174991935,0.10735176534949291,1.2651755604046817,1.886593204775023,0.03864663552581745,48,33,83,0.30711610486891383,0.24344569288389514,0.5617977528089888,1
71,58,217,5884.0,7421.75,10524.25,287,0.07143464167344511,0.09010367978244242,0.1277695492236157,1.1672287244594326,2.2062277051129606,0.22349699505192294,37,21,95,0.45993031358885017,0.14285714285714285,0.5435540069686411,1
84,58,414,4476.75,6871.25,5816.75,335,0.039890844286032526,0.061227444865226105,0.05183114279349521,0.6344600340136054,2.0425832342449466,0.033937489789726716,22,32,71,0.1253731343283582,0.3283582089552239,0.3402985074626866,1
106,74,474,6407.5,6072.5,4403.0,351,0.05200850642446084,0.04928937265119601,0.03573834627965682,0.5702652189391243,1.1089298758217676,0.019597108725453543,31,18,65,0.14814814814814814,0.10256410256410256,0.2222222222222222,1
80,116,324,5412.0,6957.0,11024.0,327,0.05061302359509581,0.06506186347950509,0.10309644717522842,0.845625,0.5170184304399524,0.10501447950007621,29,24,104,0.29357798165137616,0.12844036697247707,0.5076452599388379,1
71,57,362,4728.0,8248.75,13454.5,319,0.04646180756871493,0.0810600328220045,0.13221666453749473,0.9379091450109105,2.53885811018775,0.10267162174536797,26,39,107,0.22570532915360503,0.4169278996865204,0.4702194357366771,1
71,66,373,4637.0,7206.5,8710.0,267,0.06504509812172986,0.10108852698172228,0.12217873725259157,0.9198571711961913,1.6543847566574839,0.06260377060138432,28,25,85,0.4232209737827715,0.20599250936329588,0.50187265917603,1
71,57,158,6990.0,10879.5,24433.0,375,0.04970666666666667,0.07736533333333333,0.17374577777777778,1.3866296369767903,3.3485687903970454,0.9787293702932223,45,42,144,0.31733333333333336,0.264,0.6,1
84,56,374,6895.5,10539.5,20310.0,311,0.07129268721373848,0.10896806277850725,0.20998542198695216,0.9772534013605442,3.360809948979592,0.14520003431610856,50,47,136,0.3858520900321543,0.35691318327974275,0.45980707395498394,1
80,59,579,7730.25,9761.5,17156.75,383,0.052698225497481065,0.06654554874598641,0.11696003108617552,1.2078515625,2.804222924446998,0.05117736195751713,53,38,124,0.39425587467362927,0.3577023498694517,0.4804177545691906,1
83,58,339,8435.75,13136.25,27373.0,455,0.04074749426397778,0.06345248158434971,0.13222074628668035,1.2245246044418638,3.904949464922711,0.2381897129332324,50,52,157,0.378021978021978,0.21318681318681318,0.4087912087912088,1
71,57,323,7698.5,13089.5,21294.5,399,0.04835710830962117,0.08221996092989366,0.1337585819184553,1.5271771473913907,4.028778085564789,0.20410911635307535,54,51,133,0.3583959899749373,0.44611528822055135,0.44611528822055135,1
70,66,262,7029.5,9358.5,18649.5,391,0.045980206827532524,0.061214277771600135,0.12198703566826485,1.434591836734694,2.1484159779614327,0.2716843424042888,38,35,127,0.3248081841432225,0.23785166240409208,0.37851662404092073,1
84,60,461,9330.25,11158.5,16272.75,343,0.07930581645402851,0.09484568504619674,0.13831609278446905,1.322314342403628,3.0995833333333334,0.07657008013325742,40,40,127,0.4198250728862974,0.3965014577259475,0.446064139941691,1
71,55,218,7104.5,11842.5,15536.0,327,0.06644128346846974,0.11075105911399152,0.14529267083765862,1.409343384249157,3.914876033057851,0.3269085093847319,46,46,126,0.3333333333333333,0.4740061162079511,0.4801223241590214,1
80,59,381,6446.5,10402.5,15789.0,327,0.06028766751769866,0.09728417922172657,0.14765872681873018,1.007265625,2.988365412237863,0.10876888420443508,46,42,126,0.14067278287461774,0.2996941896024465,0.581039755351682,1
71,55,349,6876.0,8153.0,10485.5,259,0.1025029442017859,0.12153963119214084,0.15631102696739763,1.3640150763737353,2.695206611570248,0.08608714214169014,32,29,101,0.5521235521235521,0.3861003861003861,0.5366795366795367,1
83,66,236,6900.75,9230.25,10053.5,303,0.07516419958827567,0.1005375290004248,0.10950451480791644,1.0017056176513282,2.118973829201102,0.18050667911519677,33,30,101,0.37293729372937295,0.24092409240924093,0.36633663366336633,1
84,58,387,7347.5,8024.0,11349.5,351,0.05963831462406961,0.06512934148261784,0.09212181719304226,1.041312358276644,2.38525564803805,0.0757800345865967,38,35,106,0.38461538461538464,0.19373219373219372,0.3817663817663818,1
71,56,595,5870.75,7769.25,8923.25,291,0.06932783032793662,0.0917472632585822,0.10537487748137127,1.164600277722674,2.477439413265306,0.025205140879881363,39,37,85,0.30927835051546393,0.3711340206185567,0.5463917525773195,1
80,58,665,5753.5,7487.0,9355.0,323,0.05514765788994431,0.07176336397358357,0.08966826098208552,0.898984375,2.2256242568370985,0.021154389733732827,31,31,95,0.29411764705882354,0.30030959752321984,0.34055727554179566,1
71,57,211,5089.5,8677.0,12717.0,335,0.045350857652038314,0.07731788817108487,0.11331699710403208,1.0096211069232295,2.6706678978147123,0.2856404842658521,30,41,106,0.2626865671641791,0.37910447761194027,0.4626865671641791,1
71,58,414,4898.75,7174.5,11665.0,279,0.06293277321719916,0.09216865148186688,0.149856759291376,0.9717813925808372,2.132728894173603,0.06805876449858807,42,35,100,0.25448028673835127,0.40860215053763443,0.5089605734767025,1
71,64,349,8044.75,10917.75,20052.5,287,0.09766720489504546,0.13254683193920042,0.24344717065886437,1.5958639158897043,2.66546630859375,0.16463329529314208,51,50,141,0.6550522648083623,0.578397212543554,0.7247386759581882,1
84,58,171,8759.25,10675.5,22757.75,351,0.07109723135364161,0.0866510823775781,0.18472049739856009,1.241390306122449,3.1734542211652794,0.7782822064908861,60,54,151,0.50997150997151,0.28205128205128205,0.5612535612535613,1
71,52,226,8795.5,13074.5,23007.5,347,0.07304686526754645,0.10858407594116719,0.1910779094585953,1.7447926998611387,4.835244082840236,0.4504561829430652,60,60,153,0.40057636887608067,0.1729106628242075,0.5389048991354467,1
58,59,423,7428.5,10329.5,21738.0,291,0.08772333817503336,0.12198131812330984,0.256704573635172,2.2082342449464925,2.9673944268888253,0.12148952936639673,56,54,148,0.5532646048109966,0.19931271477663232,0.6529209621993127,1
70,56,184,9749.0,10837.5,24398.5,311,0.10079507035700623,0.11204908964961073,0.2522564903175112,1.9895918367346939,3.4558354591836733,0.7206551275992439,53,53,158,0.5980707395498392,0.45980707395498394,0.6237942122186495,1
71,56,258,6529.0,8539.0,22205.0,247,0.10701699749217329,0.13996295628513825,0.36396269402874987,1.2951795278714542,2.7228954081632653,0.3335887266390241,43,43,146,0.6072874493927125,0.631578947368421,0.8178137651821862,1
82,74,321,6707.5,7848.5,11387.0,307,0.07116786385001432,0.08327409309382593,0.12081825801865272,0.9975461035098155,1.433254200146092,0.11050940887607845,41,38,110,0.4560260586319218,0.4560260586319218,0.4560260586319218,1
71,57,156,8228.5,7142.5,11136.5,383,0.056094867372468285,0.048691449256590476,0.0759191214065131,1.6323150168617337,2.198368728839643,0.4576142340565417,40,29,105,0.22715404699738903,0.18276762402088773,0.45430809399477806,1
80,98,592,5105.5,8322.5,7572.0,359,0.039614062584865106,0.06457507312947602,0.05875187188181345,0.797734375,0.8665660141607664,0.02160564280496713,34,31,89,0.37604456824512533,0.08635097493036212,0.33147632311977715,1
86,58,265,7803.5,10922.0,11574.0,287,0.09473831174349573,0.13259842902062668,0.14051402833590307,1.0550973499188752,3.246730083234245,0.164813100747597,42,46,98,0.3797909407665505,0.3832752613240418,0.7003484320557491,1
76,80,244,5989.0,8279.0,6870.5,311,0.06192036889610322,0.08559671632840851,0.07103421180508887,1.0368767313019391,1.29359375,0.11540076592313894,31,31,82,0.28938906752411575,0.09967845659163987,0.44694533762057875,1
56,111,453,9679.0,10487.0,15927.5,383,0.06598313438635481,0.07149138653886794,0.10858005712766465,3.0864158163265305,0.8511484457430404,0.0776159915013474,42,36,126,0.2950391644908616,0.30809399477806787,0.3785900783289817,1
71,57,200,8266.75,8623.0,16549.5,295,0.09499281815570239,0.0990864694053433,0.19016949152542373,1.6399027970640745,2.654047399199754,0.4137375,55,49,131,0.5830508474576271,0.4915254237288136,0.5694915254237288,1
80,59,263,7665.5,9300.0,14079.5,335,0.06830474493205614,0.08286923591000223,0.1254577856983738,1.197734375,2.6716460787130134,0.20355216932440834,44,39,121,0.4626865671641791,0.41492537313432837,0.5373134328358209,1
71,66,415,7487.75,10703.5,15889.5,315,0.0754623330813807,0.10787100025195263,0.1601360544217687,1.4853699662765325,2.4571854912764004,0.09226012483669618,48,50,129,0.23809523809523808,0.23174603174603176,0.43492063492063493,1
84,58,395,6444.5,8694.5,19399.0,307,0.06837738331441183,0.09225031565321648,0.20582711752909846,0.9133361678004536,2.5845719381688466,0.12433263900016023,49,46,138,0.3973941368078176,0.36156351791530944,0.6416938110749185,1
71,53,376,8475.75,9727.0,16933.5,335,0.07552461572733349,0.08667409222543997,0.15088883938516373,1.681362824836342,3.462798148807405,0.1197763411045722,56,53,130,0.417910447761194,0.29253731343283584,0.49850746268656715,1
71,58,585,6272.5,8363.5,10804.5,303,0.06832118855449902,0.0910967334357198,0.11768454073130086,1.2442967665145805,2.486177170035672,0.031571334648257725,30,1,101,0.09900990099009901,0.0033003300330033004,0.3432343234323432,1
83,53,524,8057.0,10026.25,17696.25,335,0.07179327244375139,0.08934061038093116,0.1576854533303631,1.169545652489476,3.569330722677109,0.06444936920925354,46,42,133,0.33134328358208953,0.1373134328358209,0.5253731343283582,1
80,59,286,4895.5,7399.5,11059.0,263,0.07077592563142449,0.10697711402506903,0.1598837629573942,0.764921875,2.1256822752082734,0.13520221037703556,37,35,104,0.2889733840304182,0.3726235741444867,0.5399239543726235,1
84,74,738,6876.5,8602.0,11831.0,287,0.08348407774769634,0.10443249280675983,0.14363413420097368,0.9745606575963719,1.570854638422206,0.02172244622175219,39,38,110,0.42160278745644597,0.49825783972125437,0.3832752613240418,1
71,53,382,7032.5,9709.25,13048.75,271,0.09575713838319196,0.13220476300703968,0.17767663839000014,1.3950605038682802,3.4564791740833036,0.08942154820317426,47,43,118,0.39114391143911437,0.39114391143911437,0.5571955719557196,1
71,56,402,8123.0,9182.0,12037.0,319,0.07982429417949902,0.09023103153467438,0.11828696651959002,1.6113866296369768,2.9279336734693877,0.07448454246182025,37,36,114,0.445141065830721,0.40752351097178685,0.49216300940438873,1
56,56,324,5738.5,11044.5,15502.0,351,0.04657835569516481,0.08964618793678623,0.12582690075567568,1.8298788265306123,3.521843112244898,0.14767184880353604,50,44,119,0.43304843304843305,0.301994301994302,0.5641025641025641,1
80,58,572,6714.0,9904.0,17048.0,287,0.08151124816375092,0.12023941045781787,0.20697106921293204,1.0490625,2.9441141498216408,0.052105237419922734,58,39,127,0.5923344947735192,0.34146341463414637,0.5749128919860628,1
84,74,392,6288.75,7828.25,11411.25,319,0.061799215809593064,0.07692780141704582,0.11213775414942856,0.8912627551020408,1.4295562454346238,0.07426105008329863,30,31,106,0.1724137931034483,0.20376175548589343,0.3510971786833856,1
71,53,328,6008.75,7928.0,13512.75,287,0.07294916776942782,0.0962498027170416,0.16405140283359032,1.191975798452688,2.8223567105731577,0.12560185529446757,43,44,111,0.37630662020905925,0.5156794425087108,0.4738675958188153,1
83,58,345,6271.5,10176.0,14614.0,339,0.05457227138643068,0.08854778500013052,0.12716561812027394,0.9103643489621135,3.0249702734839476,0.12278092837639151,47,43,122,0.471976401179941,0.2713864306784661,0.4247787610619469,1
71,57,331,6339.5,9254.0,11654.5,335,0.05648919581198485,0.0824593450657162,0.10384940966807753,1.2575877802023407,2.848261003385657,0.1063745310831409,37,35,109,0.25970149253731345,0.3761194029850746,0.4388059701492537,1
71,58,468,5498.75,7798.75,12556.5,343,0.046738603813037086,0.06628828124335949,0.10672848897993183,1.0908053957548105,2.318296670630202,0.05732933377164146,43,43,114,0.2303206997084548,0.4402332361516035,0.446064139941691,1
80,59,385,7494.25,9911.75,14876.5,295,0.08611605860384947,0.11389543234702672,0.1709451307095662,1.1709765625,2.847385808675668,0.10036431101366167,47,47,128,0.3728813559322034,0.49491525423728816,0.6203389830508474,1
107,87,327,6718.0,11110.5,14302.5,391,0.04394267436764542,0.07267417141436804,0.09355315572242463,0.5867761376539435,1.4678953626634959,0.13375697892994418,45,44,122,0.28388746803069054,0.3171355498721228,0.42455242966751916,1
75,56,361,7172.5,10665.5,17029.5,431,0.03861144158354014,0.05741517326026453,0.0916742480929797,1.275111111111111,3.400988520408163,0.13067349084184438,49,46,134,0.2111368909512761,0.29698375870069604,0.37587006960556846,1
71,50,907,8646.0,9680.5,14041.0,291,0.10210082545080951,0.11431726125104805,0.16581051239357117,1.715135885736957,3.8722,0.017068032660344814,36,36,123,0.5017182130584192,0.3917525773195876,0.5601374570446735,1
83,67,603,7397.25,9438.75,13235.5,303,0.08057216612750384,0.10280854818155083,0.14416342624361447,1.0737770358542604,2.1026397861439072,0.03640036412740059,45,42,119,0.3696369636963696,0.3201320132013201,0.39603960396039606,1
94,99,808,6043.0,8920.0,10609.25,375,0.042972444444444445,0.0634311111111111,0.07544355555555556,0.6839067451335445,0.9101112131415162,0.01625032165964121,27,37,108,0.20266666666666666,0.16533333333333333,0.30933333333333335,1
84,58,362,5161.25,8785.5,14237.25,319,0.05071933255372883,0.0863346468686432,0.13990870765814015,0.731469671201814,2.6116230677764567,0.10864480632459327,46,30,121,0.2946708463949843,0.30407523510971785,0.54858934169279,1
76,56,428,5865.0,7482.5,10956.0,267,0.08227075705929386,0.1049600920198067,0.15368429912048143,1.0154085872576177,2.3860012755102042,0.05980871691850816,30,35,104,0.3857677902621723,0.13108614232209737,0.5468164794007491,1
71,58,536,6243.5,9040.5,10657.0,347,0.05185243627968009,0.07508159689059787,0.0885066730892209,1.238543939694505,2.6874256837098693,0.03709414680329695,44,43,108,0.4553314121037464,0.30835734870317005,0.4553314121037464,1
71,66,429,8242.5,10213.0,14946.0,315,0.08306878306878307,0.10292768959435626,0.1506273620559335,1.6350922436024597,2.3445821854912765,0.08121016512624904,49,46,128,0.4888888888888889,0.346031746031746,0.46984126984126984,1
72,64,332,5936.0,8876.5,12481.5,255,0.0912879661668589,0.13650903498654363,0.19194925028835064,1.1450617283950617,2.1671142578125,0.11323758890985629,17,30,116,0.06666666666666667,0.28627450980392155,0.6470588235294118,1
115,71,355,5380.0,7734.5,11184.0,263,0.07778050860934811,0.11182032413364368,0.1616909309083549,0.4068052930056711,1.534318587581829,0.08874429676651457,42,41,108,0.44106463878326996,0.4866920152091255,0.5741444866920152,1
84,57,557,5205.5,7028.0,6046.0,303,0.056699234279863626,0.07655022928035378,0.0658541101634916,0.7377409297052154,2.1631271160357035,0.01948757288500527,38,25,82,0.3564356435643564,0.22442244224422442,0.33663366336633666,1
