SrcIPF0,DstIPF0,DstPortF0,SrcIPF2,DstIPF2,DstPortF2,Events_F1,SrcIP_BurstIndex,DstIP_BurstIndex,DstPort_BurstIndex,SrcIP_Concentration,DstIP_Concentration,DstPort_Concentration,SrcIP_MaxCount,DstIP_MaxCount,DstPort_MaxCount,SrcIP_FractionOfMass,DstIP_FractionOfMass,DstPort_FractionOfMass,Attack
17,22,18,1153.0,792.0,5299.0,111,0.09358006655303952,0.06428049671292914,0.43007872737602465,3.98961937716263,1.6363636363636365,16.354938271604937,14,12,67,0.3783783783783784,0.3063063063063063,0.7837837837837838,1
15,23,15,474.5,481.0,4785.0,99,0.04841342720130599,0.04907662483420059,0.4882154882154882,2.108888888888889,0.9092627599243857,21.266666666666666,12,0,65,0.30303030303030304,0.0,0.8484848484848485,1
19,23,40,32503.0,19068.0,124361.0,455,0.15700036227508754,0.09210481825866441,0.600705228837097,90.03601108033241,36.045368620037806,77.725625,72,66,299,0.545054945054945,0.43736263736263736,1.0153846153846153,0
15,23,174,82006.0,60962.0,246171.0,927,0.0954302717585465,0.07094139729952091,0.286468861169587,364.4711111111111,115.24007561436673,8.130895759017044,98,98,425,0.2750809061488673,0.2912621359223301,0.6763754045307443,0
15,22,88,23836.0,19184.0,42937.5,399,0.14972267762137173,0.12050175564223843,0.2697062204383138,105.93777777777778,39.63636363636363,5.544615185950414,58,70,158,0.15288220551378445,0.17794486215538846,0.7243107769423559,0
18,18,89,7176.0,5386.0,5754.0,287,0.08712015442702958,0.06538867777926162,0.06985637800628877,22.14814814814815,16.623456790123456,0.7264234313849262,33,39,50,0.3519163763066202,0.4355400696864111,0.21602787456445993,0
15,21,109,9309.0,8751.5,6149.5,243,0.15764873240867755,0.14820742095547765,0.10414232247794204,41.373333333333335,19.84467120181406,0.5175911118592711,39,45,49,0.5843621399176955,0.4897119341563786,0.2880658436213992,1
17,23,121,8847.5,5773.5,5222.5,271,0.12047085415503601,0.07861412562465107,0.07111150447297832,30.614186851211073,10.91398865784499,0.35670377706440815,40,34,43,0.4022140221402214,0.23616236162361623,0.16236162361623616,0
15,25,68,5342.0,3487.5,4585.5,237,0.09510584130036141,0.06208940874859798,0.08163755808364044,23.74222222222222,5.58,0.9916738754325259,35,30,48,0.4767932489451477,0.20675105485232068,0.4345991561181435,0
12,19,80,6187.5,4551.0,6587.0,239,0.1083226834264106,0.07967297491290419,0.11531660860279057,42.96875,12.606648199445983,1.02921875,36,39,47,0.4309623430962343,0.3723849372384937,0.5188284518828452,0
13,13,90,7221.0,4630.0,5263.0,267,0.1012919244203173,0.06494690625482193,0.07382625650521119,42.72781065088758,27.39644970414201,0.649753086419753,40,38,48,0.37453183520599254,0.4756554307116105,0.20599250936329588,0
19,23,123,4271.0,4031.0,4699.0,239,0.07477109994572924,0.07056949283100786,0.08226396596698238,11.831024930747922,7.6200378071833645,0.31059554497984004,48,36,33,0.5564853556485355,0.5774058577405857,0.3305439330543933,0
15,18,112,8122.5,4001.5,4205.5,279,0.10434732338998728,0.0514060713505736,0.054026798216877996,36.1,12.350308641975309,0.3352598852040816,36,35,20,0.46236559139784944,0.3333333333333333,0.1827956989247312,0
17,14,107,6394.0,4698.5,4641.0,279,0.08214180187818759,0.060360221477113604,0.05962153620842486,22.124567474048444,23.971938775510203,0.4053629137915975,39,28,25,0.3333333333333333,0.2724014336917563,0.08960573476702509,0
15,21,123,6540.0,3948.0,5133.5,207,0.15262899950990688,0.09213750612616398,0.11980442950827323,29.066666666666666,8.952380952380953,0.33931522242051687,19,19,46,0.16908212560386474,0.2463768115942029,0.4251207729468599,1
15,20,98,7295.0,7828.0,7262.0,223,0.1466950873735647,0.15741317943252428,0.1460314906794828,32.422222222222224,19.57,0.756143273635985,49,15,70,0.6188340807174888,0.09417040358744394,0.6816143497757847,0
18,24,88,5412.5,3702.5,4240.5,231,0.10143175727591312,0.06938588107419276,0.07946815089672232,16.705246913580247,6.427951388888889,0.5475852272727273,40,31,37,0.42424242424242425,0.36796536796536794,0.16017316017316016,1
15,20,99,5295.0,5880.5,5593.5,235,0.0958804889090086,0.10648257129923042,0.1012856496152105,23.533333333333335,14.70125,0.5707070707070707,43,34,46,0.451063829787234,0.4723404255319149,0.3659574468085106,0
12,18,92,7677.0,3513.0,3557.0,223,0.15437672183233123,0.07064288443363027,0.0715276800257395,53.3125,10.842592592592593,0.42025047258979203,38,33,43,0.42152466367713004,0.4618834080717489,0.3452914798206278,0
19,20,97,5075.0,3815.0,5342.0,227,0.09848822992877797,0.07403597973956413,0.10366977818315899,14.058171745152354,9.5375,0.5677542778191094,38,29,48,0.36123348017621143,0.5242290748898678,0.44493392070484583,1
15,17,101,5575.0,5531.0,5415.0,255,0.0857362552864283,0.08505959246443676,0.08327566320645906,24.77777777777778,19.13840830449827,0.5308303107538477,42,40,32,0.42745098039215684,0.396078431372549,0.3333333333333333,0
17,23,79,7013.0,4453.0,6935.0,283,0.0875650838442233,0.0556006442832349,0.08659116732634943,24.26643598615917,8.417769376181475,1.1112001281845858,30,25,44,0.3250883392226148,0.23674911660777384,0.2756183745583039,1
15,13,70,7271.5,4579.0,5502.5,227,0.14111471210386384,0.08886258223524617,0.10678452910011837,32.31777777777778,27.09467455621302,1.1229591836734694,42,31,49,0.41409691629955947,0.41409691629955947,0.4185022026431718,1
15,16,91,6569.5,4072.0,4535.0,283,0.08202749441246614,0.050843436676697176,0.05662450523792281,29.197777777777777,15.90625,0.5476391740128004,21,28,37,0.07420494699646643,0.1696113074204947,0.3498233215547703,1
15,23,95,8970.0,5244.0,5678.0,235,0.16242643730194659,0.09495699411498415,0.1028157537347216,39.86666666666667,9.91304347826087,0.6291412742382272,52,28,46,0.22127659574468084,0.4085106382978723,0.3617021276595745,1
15,23,96,4502.0,3335.0,3047.0,187,0.1287426005890932,0.09537018502101861,0.087134318968229,20.00888888888889,6.304347826086956,0.3306206597222222,32,29,32,0.28342245989304815,0.28342245989304815,0.25133689839572193,1
17,24,103,7591.0,5192.0,6012.0,271,0.10336188232731036,0.07069620511703271,0.08186163042442232,26.26643598615917,9.01388888888889,0.5666886605712131,29,35,44,0.41697416974169743,0.36900369003690037,0.2730627306273063,1
18,16,89,5195.5,3556.0,5384.0,235,0.09407876867360797,0.06439112720688094,0.09749207786328655,16.035493827160494,13.890625,0.6797121575558641,30,24,34,0.4553191489361702,0.2765957446808511,0.14468085106382977,0
15,19,103,6510.0,4974.0,5951.0,259,0.09704685380361056,0.07414916295225175,0.08871364469820069,28.933333333333334,13.778393351800554,0.5609388255254972,32,36,46,0.35135135135135137,0.4942084942084942,0.44015444015444016,0
13,14,73,7176.5,4724.0,3335.5,259,0.10698260312159925,0.07042232524858008,0.04972346864238756,42.46449704142012,24.102040816326532,0.625914805779696,44,40,39,0.44787644787644787,0.444015444015444,0.39768339768339767,0
15,18,82,5918.5,2918.0,5369.0,247,0.0970102771722205,0.047829008834762085,0.08800340933304922,26.304444444444446,9.006172839506172,0.7984830458060678,29,35,0,0.4574898785425101,0.4574898785425101,0.0,0
15,17,94,4822.0,6308.0,4883.0,259,0.07188324562841937,0.09403556893904384,0.07279259402811526,21.43111111111111,21.826989619377162,0.5526256224535989,40,31,36,0.35135135135135137,0.33204633204633205,0.4015444015444015,1
19,21,104,3281.0,4576.0,4817.5,243,0.05556402309945977,0.077494961811377,0.0815847855171129,9.088642659279778,10.37641723356009,0.4454049556213018,34,26,36,0.4444444444444444,0.4897119341563786,0.3292181069958848,1
15,20,96,4059.0,6184.0,5246.0,247,0.06653116753265911,0.10136209411726138,0.08598731334721106,18.04,15.46,0.5692274305555556,44,26,30,0.4534412955465587,0.29554655870445345,0.13765182186234817,1
15,17,75,3964.5,4749.5,5655.0,267,0.05561166519378866,0.066623181697036,0.07932500105205571,17.62,16.43425605536332,1.0053333333333334,28,34,47,0.3782771535580524,0.3895131086142322,0.24344569288389514,1
15,20,97,4531.0,4433.0,5574.0,231,0.08491220179531868,0.08307565450422594,0.10445831225052005,20.137777777777778,11.0825,0.5924115208842597,26,27,48,0.4458874458874459,0.1645021645021645,0.42424242424242425,1
15,21,97,4600.0,4572.5,4816.5,211,0.10332202780710227,0.10270434177129893,0.10818490150715393,20.444444444444443,10.368480725623582,0.5119034966521415,28,25,41,0.44549763033175355,0.4265402843601896,0.47393364928909953,1
15,24,80,5446.5,4059.5,5368.5,235,0.09862381167949298,0.07350837483023993,0.09721140787686736,24.206666666666667,7.047743055555555,0.838828125,40,28,41,0.5106382978723404,0.4085106382978723,0.42127659574468085,1
18,23,112,5747.0,5652.0,4623.0,287,0.06977139457805728,0.06861804805205841,0.056125484102028673,17.737654320987655,10.684310018903592,0.36854272959183676,41,28,28,0.21254355400696864,0.445993031358885,0.313588850174216,1
17,19,96,5025.0,6141.0,4756.0,295,0.057742028152829646,0.07056592933065212,0.05465096236713588,17.387543252595155,17.01108033240997,0.5160590277777778,27,31,43,0.2271186440677966,0.21016949152542372,0.14576271186440679,1
15,19,83,4422.0,5056.0,5161.0,267,0.06202920506670033,0.07092258272664786,0.07239546073026694,19.653333333333332,14.005540166204986,0.7491653360429671,42,33,46,0.32209737827715357,0.2808988764044944,0.250936329588015,1
15,20,80,7379.5,5702.5,5271.5,235,0.1336260751471254,0.10325939339067451,0.09545495699411498,32.797777777777775,14.25625,0.823671875,31,36,46,0.46382978723404256,0.4297872340425532,0.30638297872340425,1
15,20,86,4233.0,4596.0,5543.0,287,0.05139069310055968,0.05579769087885005,0.06729473466959657,18.813333333333333,11.49,0.7494591671173607,38,25,35,0.313588850174216,0.17421602787456447,0.289198606271777,0
18,15,99,3800.5,3440.0,3030.5,211,0.08536421014802004,0.07726690775139822,0.06806900114552683,11.729938271604938,15.28888888888889,0.30920314253647585,22,0,30,0.36492890995260663,0.0,0.3412322274881517,1
17,19,87,6016.0,4981.0,5244.0,235,0.10893617021276596,0.0901946582163875,0.09495699411498415,20.81660899653979,13.797783933518005,0.6928260007927071,29,33,42,0.32340425531914896,0.33617021276595743,0.3829787234042553,1
15,20,89,8445.5,7142.0,8183.5,259,0.1259000313054367,0.10646829951849257,0.12199430539198879,37.535555555555554,17.855,1.0331397550814292,47,22,28,0.38223938223938225,0.15444015444015444,0.2084942084942085,1
15,20,76,9666.0,6803.0,7622.0,291,0.11414603039642895,0.08033679337749909,0.09000838440736411,42.96,17.0075,1.3195983379501386,32,39,43,0.3951890034364261,0.29896907216494845,0.3642611683848797,1
15,20,55,7337.0,3236.0,5822.0,275,0.09701818181818182,0.0427900826446281,0.07698512396694215,32.60888888888889,8.09,1.9246280991735538,30,32,44,0.4727272727272727,0.3890909090909091,0.41818181818181815,1
15,15,117,9743.5,8913.5,14549.0,283,0.12165840502441035,0.11129493438549613,0.1816604028018829,43.30444444444444,39.61555555555555,1.062824165388268,45,51,68,0.33568904593639576,0.5335689045936396,0.568904593639576,1
18,23,100,9889.0,8105.0,14421.0,327,0.09248192726014458,0.07579795939361632,0.13486519092107846,30.521604938271604,15.321361058601134,1.4421,50,13,68,0.28440366972477066,0.039755351681957186,0.42507645259938837,1
17,20,90,9029.5,5735.5,8210.0,307,0.09580473002366073,0.06085475707965071,0.08710967755626055,31.2439446366782,14.33875,1.0135802469135802,43,39,39,0.48534201954397393,0.4495114006514658,0.34201954397394135,1
15,18,96,8442.5,5446.0,9341.0,307,0.08957654723127036,0.05778310645205785,0.09910980487856635,37.522222222222226,16.808641975308642,1.0135633680555556,33,31,48,0.1986970684039088,0.26384364820846906,0.5146579804560261,1
15,20,79,10739.0,7111.5,13106.5,327,0.10043112719655098,0.06650674746794602,0.12257198701942411,47.72888888888889,17.77875,2.100064092292902,77,45,67,0.5321100917431193,0.2599388379204893,0.363914373088685,1
16,19,95,7155.0,7044.0,11947.0,255,0.11003460207612457,0.1083275663206459,0.18372933487120338,27.94921875,19.51246537396122,1.3237673130193905,44,38,60,0.5607843137254902,0.38823529411764707,0.6823529411764706,1
26,19,87,12241.0,6354.0,14219.0,359,0.0949790892373585,0.04930129344123649,0.11032658033379629,18.107988165680474,17.601108033240997,1.8785836966574183,61,35,60,0.4011142061281337,0.22284122562674094,0.467966573816156,1
15,22,90,6371.5,4746.0,7940.5,351,0.051716301004050294,0.03852241459079066,0.06445158724361004,28.317777777777778,9.805785123966942,0.9803086419753086,44,0,41,0.21937321937321938,0.0,0.24786324786324787,1
17,17,85,10520.0,6592.0,14452.0,351,0.08538891729774921,0.053506059204064906,0.11730424266036801,36.40138408304498,22.80968858131488,2.0002768166089964,48,19,66,0.3418803418803419,0.05413105413105413,0.39886039886039887,1
15,19,91,12358.0,8678.0,15024.0,323,0.1184522040851537,0.08317917357589932,0.14400598107908635,54.92444444444445,24.0387811634349,1.8142736384494627,44,41,66,0.4613003095975232,0.24148606811145512,0.5294117647058824,0
15,23,75,6448.0,5683.0,12444.0,311,0.06666597739891027,0.05875662989423186,0.12865871940943538,28.657777777777778,10.742911153119092,2.212266666666667,48,32,61,0.33762057877813506,0.1832797427652733,0.5273311897106109,1
15,23,93,5072.5,3762.5,7254.0,295,0.058287848319448436,0.04323470267164608,0.08335535765584602,22.544444444444444,7.112476370510397,0.8387096774193549,42,41,56,0.36271186440677966,0.36610169491525424,0.3423728813559322,1
18,18,81,7878.0,8195.0,16584.0,359,0.06112615513535742,0.06358578844049938,0.12867684142736321,24.314814814814813,25.29320987654321,2.527663465935071,42,50,72,0.17270194986072424,0.2479108635097493,0.5097493036211699,1
15,20,89,5995.0,4470.0,7796.0,319,0.05891254999459518,0.04392645512524444,0.07661088236161201,26.644444444444446,11.175,0.9842191642469386,46,38,51,0.3667711598746082,0.26959247648902823,0.45768025078369906,1
17,25,91,9514.0,6323.5,11667.0,303,0.10362818460063829,0.06887668964916294,0.1270790445381172,32.9204152249135,10.1176,1.408887815481222,40,24,58,0.25412541254125415,0.13861386138613863,0.38283828382838286,1
15,23,98,8481.0,6677.0,9246.0,275,0.11214545454545455,0.08829090909090909,0.12226115702479338,37.693333333333335,12.621928166351607,0.9627238650562265,40,44,55,0.48727272727272725,0.4072727272727273,0.5745454545454546,1
17,25,87,6702.0,5530.5,18254.5,275,0.08862148760330578,0.0731305785123967,0.24138181818181817,23.19031141868512,8.8488,2.411745276786894,33,44,79,0.4109090909090909,0.38545454545454544,0.4218181818181818,1
19,22,87,9605.0,7566.0,15606.0,303,0.10461937282837194,0.08241022122014181,0.1699833349671601,26.606648199445985,15.632231404958677,2.0618311533888227,48,49,73,0.45874587458745875,0.5907590759075908,0.6138613861386139,1
15,20,108,5997.0,4146.0,8247.0,271,0.08165738483953106,0.05645347966394793,0.11229422257322204,26.653333333333332,10.365,0.7070473251028807,24,33,46,0.19557195571955718,0.22878228782287824,0.3247232472324723,1
15,20,103,14518.0,7698.0,14585.0,287,0.17625563015212034,0.09345749007514963,0.1770690429651932,64.52444444444444,19.245,1.3747761334715807,71,48,68,0.6550522648083623,0.1672473867595819,0.6480836236933798,1
15,23,118,8003.0,6709.0,13936.0,331,0.07304606566205128,0.061235293580744976,0.12719854692819524,35.568888888888885,12.68241965973535,1.0008618213157139,51,44,72,0.31722054380664655,0.35347432024169184,0.25075528700906347,1
17,19,98,5645.0,5559.5,8195.5,271,0.07686442178074918,0.07570022194686891,0.11159297939842867,19.53287197231834,15.40027700831025,0.8533423573511038,46,27,53,0.5682656826568265,0.16974169741697417,0.33210332103321033,0
15,25,66,7902.0,4032.0,13490.0,335,0.07041211851191802,0.035927823568723545,0.12020494542214302,35.12,6.4512,3.096877869605142,57,32,65,0.1761194029850746,0.09850746268656717,0.3582089552238806,1
18,25,87,6113.0,4713.0,9852.0,291,0.07218856650252123,0.055655932263435716,0.11634250894533603,18.867283950617285,7.5408,1.3016250495441934,51,33,57,0.5326460481099656,0.38831615120274915,0.5395189003436426,0
15,23,119,7050.5,5668.0,11355.5,263,0.10193150110598678,0.08194422356836155,0.16417036533707297,31.335555555555555,10.714555765595463,0.8018854600663795,52,47,59,0.6539923954372624,0.4448669201520912,0.4790874524714829,0
15,19,94,9389.0,5076.0,13165.0,287,0.11398705823792932,0.06162512595758113,0.15982954752394712,41.72888888888889,14.060941828254848,1.4899275690357627,45,31,61,0.5296167247386759,0.18815331010452963,0.5679442508710801,0
17,20,86,12509.5,5742.0,12447.5,287,0.151871456494555,0.0697106921293205,0.1511187461302189,43.28546712802768,14.355,1.6830043266630612,57,53,67,0.5017421602787456,0.5853658536585366,0.6445993031358885,1
17,23,72,8898.0,8085.0,16353.0,291,0.1050766996138449,0.09547596273071882,0.19311297693697524,30.78892733564014,15.283553875236295,3.154513888888889,52,37,72,0.5429553264604811,0.29553264604810997,0.6185567010309279,0
23,24,79,8176.5,4278.0,11767.5,319,0.0803500358683582,0.04203968121382455,0.11563860418038345,15.456521739130435,7.427083333333333,1.885515141804198,45,43,60,0.46394984326018807,0.48589341692789967,0.43573667711598746,0
15,21,100,8885.5,4717.5,11853.0,327,0.08309719533522243,0.04411805964705552,0.11084925511320595,39.49111111111111,10.697278911564625,1.1853,46,38,60,0.43730886850152906,0.4434250764525994,0.4525993883792049,1
15,23,76,8137.0,4673.0,9818.0,303,0.08862965504471239,0.05089914932087268,0.10693940681196833,36.16444444444444,8.833648393194707,1.699792243767313,35,37,61,0.4389438943894389,0.29372937293729373,0.36303630363036304,1
15,21,82,18975.0,8109.0,14629.0,319,0.18646632796454438,0.07968671691512466,0.1437584143237586,84.33333333333333,18.387755102040817,2.175639500297442,49,34,62,0.3981191222570533,0.26959247648902823,0.46394984326018807,1
15,23,78,9536.0,7943.5,10626.5,359,0.07399073563985382,0.061634375897145426,0.08245202939145413,42.382222222222225,15.016068052930057,1.746630506245891,44,44,54,0.43175487465181056,0.35376044568245124,0.2200557103064067,1
22,25,109,17395.0,7732.0,14160.0,431,0.09364183009350725,0.041623376273814204,0.07622697982891996,35.9400826446281,12.3712,1.191818870465449,52,34,78,0.3689095127610209,0.2111368909512761,0.32018561484918795,0
15,23,91,5849.0,5669.0,10246.0,279,0.07514035020105087,0.072827944142547,0.13162729153017047,25.995555555555555,10.716446124763705,1.2372901823451274,36,39,49,0.32616487455197135,0.2939068100358423,0.5663082437275986,1
15,19,84,7470.5,4858.5,10823.5,307,0.07926344046090675,0.051549618563592185,0.11483941474180097,33.202222222222225,13.458448753462603,1.5339427437641724,37,35,48,0.36482084690553745,0.39087947882736157,0.31921824104234525,0
15,23,112,4864.5,5369.0,7767.0,235,0.08808510638297873,0.09722046174739701,0.14064282480760526,21.62,10.149338374291116,0.6191804846938775,35,36,42,0.4127659574468085,0.3276595744680851,0.4595744680851064,1
15,20,78,9193.0,5846.0,6371.0,267,0.1289539760692393,0.0820042362776866,0.08936862629578196,40.85777777777778,14.615,1.047172912557528,38,43,57,0.250936329588015,0.3857677902621723,0.3595505617977528,0
13,20,74,5837.0,4687.0,6180.0,255,0.08976547481737793,0.072079969242599,0.095040369088812,34.53846153846154,11.7175,1.1285609934258582,35,33,55,0.5098039215686274,0.5686274509803921,0.36470588235294116,1
22,23,102,4954.0,4323.0,5347.5,267,0.06949178695170363,0.060640491520430925,0.07501157261288557,10.235537190082646,8.172022684310019,0.5139850057670127,37,36,48,0.5280898876404494,0.39325842696629215,0.23595505617977527,1
15,21,76,6436.0,4385.5,4025.5,235,0.11654142145767316,0.07941149841557266,0.07289271163422363,28.604444444444443,9.944444444444445,0.696935595567867,28,19,44,0.502127659574468,0.1702127659574468,0.44680851063829785,1
15,23,95,8717.5,3560.0,3541.5,247,0.14288875411824484,0.05835204641938075,0.05804881247029127,38.74444444444445,6.729678638941399,0.39240997229916896,40,33,14,0.5263157894736842,0.4048582995951417,0.11740890688259109,1
15,23,86,7211.0,3301.0,5041.0,259,0.10749690672470595,0.04920916503928087,0.07514795545683577,32.04888888888889,6.24007561436673,0.6815846403461331,11,23,49,0.04247104247104247,0.0888030888030888,0.4671814671814672,1
15,20,91,5401.0,3327.0,3871.0,259,0.08051460175012298,0.049596756160462725,0.0577063550036523,24.004444444444445,8.3175,0.46745562130177515,34,31,40,0.5675675675675675,0.416988416988417,0.26640926640926643,1
18,25,97,5202.0,3758.0,5463.0,211,0.11684373666359696,0.08440960445632398,0.12270613867613037,16.055555555555557,6.0128,0.5806143054522266,37,31,47,0.4834123222748815,0.43601895734597157,0.41706161137440756,1
20,27,57,8174.0,5227.0,7352.0,263,0.11817432664922148,0.07556853503737224,0.10629039020370397,20.435,7.170096021947874,2.262850107725454,37,34,54,0.4220532319391635,0.28517110266159695,0.2737642585551331,1
15,20,87,7964.0,3758.0,6027.0,287,0.09668686034794644,0.04562396047056538,0.07317073170731707,35.39555555555555,9.395,0.796274276654776,25,29,50,0.2229965156794425,0.20905923344947736,0.21951219512195122,1
15,22,87,7947.0,4602.0,5936.0,279,0.10209272748294601,0.05912051489574903,0.07625801312932773,35.32,9.508264462809917,0.7842515523847272,36,8,51,0.4336917562724014,0.02867383512544803,0.2114695340501792,1
15,25,75,7251.0,5082.0,5501.5,215,0.15686316928069227,0.10994050838290968,0.11901568415359653,32.22666666666667,8.1312,0.9780444444444445,28,31,46,0.5302325581395348,0.6372093023255814,0.21395348837209302,1
15,23,114,5462.5,2950.5,3701.5,243,0.09250791715355045,0.04996697657877356,0.0626852275229047,24.27777777777778,5.577504725897921,0.284818405663281,28,26,0,0.4773662551440329,0.32510288065843623,0.0,1
22,25,112,6675.5,4063.5,5022.0,267,0.09363997250627727,0.057000378740058075,0.07044565080166645,13.792355371900827,6.5016,0.40035076530612246,33,24,55,0.45318352059925093,0.1760299625468165,0.35580524344569286,0
15,23,129,6038.0,3719.0,5153.0,279,0.07756837656247993,0.047776878508755026,0.06619904677483589,26.835555555555555,7.030245746691872,0.30965687158223665,32,28,40,0.40860215053763443,0.44086021505376344,0.22580645161290322,1
15,23,72,6296.0,4729.0,5742.0,255,0.0968242983467897,0.07272587466359093,0.0883044982698962,27.982222222222223,8.939508506616257,1.1076388888888888,31,27,47,0.49411764705882355,0.10588235294117647,0.34509803921568627,1
16,24,122,8915.0,2751.0,6612.0,311,0.09217233072445488,0.028442633967804304,0.06836157607965178,34.82421875,4.776041666666667,0.444235420585864,38,31,46,0.4340836012861736,0.2508038585209003,0.24115755627009647,1
15,20,122,9712.5,4248.5,5074.0,351,0.07883458738159593,0.03448429801706155,0.041184730643420105,43.166666666666664,10.62125,0.34090298306906747,29,45,51,0.18803418803418803,0.21937321937321938,0.23076923076923078,0
18,23,110,7248.0,2733.0,4245.0,271,0.09869146661946324,0.03721354556718999,0.05780150052423033,22.37037037037037,5.166351606805293,0.35082644628099174,33,24,40,0.4575645756457565,0.16605166051660517,0.25461254612546125,1
15,24,103,6589.0,4136.0,6586.0,295,0.075713875323183,0.04752657282390118,0.07567940247055444,29.284444444444443,7.180555555555555,0.6207936657554907,30,27,30,0.2135593220338983,0.25084745762711863,0.1864406779661017,1
17,16,126,7004.0,4932.0,7295.0,287,0.08503199019048428,0.0598768954339618,0.088564872706965,24.235294117647058,19.265625,0.459498614260519,56,50,49,0.519163763066202,0.6062717770034843,0.17073170731707318,1
15,14,108,9072.0,6188.5,11234.0,303,0.09881384178021763,0.06740624557505255,0.12236273132263721,40.32,31.573979591836736,0.9631344307270233,64,64,62,0.6798679867986799,0.5115511551155115,0.20462046204620463,0
13,23,99,8688.0,4350.5,7484.0,375,0.061781333333333334,0.03093688888888889,0.053219555555555555,51.40828402366864,8.224007561436673,0.7635955514743393,68,66,66,0.36,0.32266666666666666,0.30666666666666664,0
15,20,104,9563.0,3747.0,5503.0,327,0.0894331752845346,0.03504194371966445,0.05146405558828755,42.50222222222222,9.3675,0.5087832840236687,39,33,50,0.40061162079510704,0.2018348623853211,0.1529051987767584,1
22,25,103,6106.0,3321.0,4596.0,239,0.10689588767703646,0.05813973844995711,0.08046077624691444,12.615702479338843,5.3136,0.4332170798378735,26,24,47,0.28870292887029286,0.1799163179916318,0.32217573221757323,1
17,23,119,9618.0,3685.0,4043.0,255,0.1479123414071511,0.056670511341791616,0.0621760861207228,33.280276816608996,6.965973534971645,0.2855024362686251,41,32,45,0.5803921568627451,0.2196078431372549,0.17647058823529413,1
15,18,151,7475.0,3099.0,2900.0,303,0.08141903299240816,0.03375486063457831,0.03158731714755634,33.22222222222222,9.564814814814815,0.1271874040612254,36,21,34,0.24422442244224424,0.06930693069306931,0.11221122112211221,0
15,20,82,8307.0,3084.0,5261.0,283,0.10372210915356665,0.038507160783628216,0.06568942051967186,36.92,7.71,0.7824211778703153,40,27,57,0.392226148409894,0.3321554770318021,0.2968197879858657,0
15,24,116,6162.0,3626.0,3555.0,283,0.07693940491203537,0.045274631971931226,0.04438811821848194,27.386666666666667,6.295138888888889,0.2641944114149822,32,32,48,0.26855123674911663,0.30742049469964666,0.24028268551236748,0
18,18,124,5153.0,3122.0,5983.0,211,0.11574313245434739,0.07012421104647246,0.13438602008041148,15.904320987654321,9.635802469135802,0.38911290322580644,34,28,51,0.5592417061611374,0.45023696682464454,0.3033175355450237,0
15,21,92,12059.5,4013.5,7107.5,303,0.13135422453136403,0.0437157577143853,0.0774161574573299,53.59777777777778,9.100907029478458,0.8397329867674859,42,40,61,0.42574257425742573,0.33663366336633666,0.2871287128712871,1
17,23,99,6081.0,4788.0,5837.0,235,0.11011317338162065,0.08669986419194206,0.10569488456315075,21.041522491349482,9.051039697542533,0.5955514743393532,35,20,55,0.4127659574468085,0.0851063829787234,0.49361702127659574,0
16,22,93,7483.5,3603.5,5788.5,219,0.15603302683430287,0.0751339630116136,0.12069181209732908,29.232421875,7.445247933884297,0.6692681234824835,32,24,56,0.5707762557077626,0.319634703196347,0.2602739726027397,1
13,14,96,6162.0,5229.5,6062.5,267,0.08643689769810209,0.07335633828500891,0.08504117044705355,36.46153846153846,26.681122448979593,0.6578233506944444,46,30,48,0.41947565543071164,0.36329588014981273,0.37453183520599254,1
15,18,115,6723.5,5494.5,5192.5,287,0.08162658281635081,0.06670592091684979,0.06303949301314815,29.88222222222222,16.958333333333332,0.3926275992438563,37,33,43,0.4878048780487805,0.4843205574912892,0.23693379790940766,1
19,23,140,5222.0,6351.0,5318.0,311,0.05399034335873285,0.06566309281334974,0.05498288892794739,14.465373961218837,12.005671077504726,0.2713265306122449,44,29,6,0.2990353697749196,0.28938906752411575,0.03215434083601286,1
19,21,107,5709.0,5437.0,6310.0,271,0.0777358696096186,0.07403221633692351,0.08591930937759562,15.814404432132964,12.328798185941043,0.5511398375403965,30,32,53,0.3173431734317343,0.11808118081180811,0.19557195571955718,0
15,23,105,5293.0,4119.0,5514.0,251,0.08401453945175473,0.06537991460453009,0.0875224202790432,23.524444444444445,7.786389413988658,0.5001360544217687,29,23,43,0.38645418326693226,0.35856573705179284,0.199203187250996,0
13,18,122,6207.0,5061.0,7066.0,311,0.06417427445952792,0.05232576172702929,0.0730554895007289,36.72781065088758,15.62037037037037,0.4747379736629938,46,31,58,0.2958199356913183,0.3729903536977492,0.2604501607717042,1
17,19,91,6218.0,5098.0,7171.5,279,0.0798807826209838,0.0654924782569597,0.09213011138089182,21.515570934256054,14.121883656509695,0.8660185967878276,31,30,59,0.1971326164874552,0.2007168458781362,0.26523297491039427,1
18,25,89,4991.0,4167.0,4413.0,287,0.06059318432905583,0.050589420777234155,0.05357598125508383,15.404320987654321,6.6672,0.5571266254260826,23,26,27,0.10452961672473868,0.17073170731707318,0.14634146341463414,1
15,21,106,5044.0,9771.0,8898.0,335,0.044945422143016264,0.08706616172867009,0.07928714635776342,22.41777777777778,22.156462585034014,0.7919188323246708,61,56,63,0.2417910447761194,0.22388059701492538,0.5492537313432836,1
15,23,102,5572.5,4770.0,4867.0,255,0.08569780853517878,0.07335640138408304,0.0748481353325644,24.766666666666666,9.017013232514177,0.4678008458285275,34,26,0,0.4392156862745098,0.27058823529411763,0.0,1
17,18,111,5538.0,3509.0,5893.0,267,0.07768379413373733,0.04922218013999355,0.08266352452692562,19.162629757785467,10.830246913580247,0.47828909991072155,21,19,47,0.1647940074906367,0.07116104868913857,0.3595505617977528,1
15,23,95,5438.0,3916.0,4933.0,255,0.08362937331795463,0.06022299115724721,0.0758631295655517,24.16888888888889,7.402646502835538,0.5465927977839335,28,39,42,0.48627450980392156,0.396078431372549,0.16862745098039217,1
15,23,112,6902.0,4442.0,6298.0,255,0.10614379084967321,0.0683121876201461,0.09685505574778931,30.675555555555555,8.396975425330814,0.5020727040816326,27,37,47,0.33725490196078434,0.25098039215686274,0.3215686274509804,1
18,25,106,6103.0,4978.0,3593.0,255,0.0938562091503268,0.07655517108804306,0.0552556708958093,18.83641975308642,7.9648,0.3197757208971164,31,27,44,0.4627450980392157,0.3843137254901961,0.3176470588235294,1
15,20,134,6748.0,3836.5,5548.0,327,0.06310729549514163,0.03587894771296842,0.051884895584920834,29.99111111111111,9.59125,0.3089775005569169,38,25,42,0.17737003058103976,0.13149847094801223,0.12844036697247707,1
15,14,126,6368.0,6625.5,3505.5,255,0.09793156478277586,0.10189158016147636,0.05391003460207613,28.302222222222223,33.80357142857143,0.22080498866213152,41,41,35,0.596078431372549,0.3568627450980392,0.2549019607843137,0
17,23,102,5443.0,3195.0,5530.0,227,0.10562983950784995,0.06200392012264938,0.10731820916377185,18.833910034602077,6.039697542533081,0.531526336024606,44,30,48,0.33480176211453744,0.13656387665198239,0.4933920704845815,1
15,15,100,5626.0,4437.0,4302.0,287,0.06830239531862715,0.05386735300902038,0.05222838689312727,25.004444444444445,19.72,0.4302,52,39,48,0.5644599303135889,0.2857142857142857,0.2926829268292683,1
18,24,110,5788.5,4566.5,4299.5,227,0.11233480176211454,0.08862000038813096,0.08343845213374992,17.86574074074074,7.927951388888889,0.3553305785123967,36,31,49,0.44493392070484583,0.2511013215859031,0.45374449339207046,0
13,20,126,3500.0,3383.0,3063.5,187,0.100088649947096,0.09674282936315022,0.08760616546083674,20.71005917159763,8.4575,0.19296422272612748,26,26,40,0.25133689839572193,0.49732620320855614,0.2727272727272727,1
15,20,138,7391.0,5235.0,4309.0,199,0.18663670109340674,0.1321936314739527,0.10881038357617231,32.84888888888889,13.0875,0.2262654904431842,34,25,36,0.39195979899497485,0.3417085427135678,0.3015075376884422,0
17,23,97,3179.0,3747.0,2150.0,207,0.07419076291161987,0.0874466148568228,0.05017620014469416,11.0,7.083175803402646,0.22850462323307472,35,35,40,0.37681159420289856,0.6086956521739131,0.2995169082125604,1
15,20,117,5701.0,4829.0,4027.0,247,0.09344522939238473,0.07915225622449147,0.0660066547558557,25.337777777777777,12.0725,0.2941778069983198,31,30,46,0.2550607287449393,0.13360323886639677,0.26720647773279355,0
19,19,92,5440.5,6024.5,4662.0,199,0.13738289437135426,0.1521299967172546,0.11772429989141689,15.070637119113574,16.68836565096953,0.5508034026465028,33,34,51,0.6984924623115578,0.6080402010050251,0.4020100502512563,0
15,25,107,7374.5,4612.5,4320.5,207,0.17210436649630095,0.10764545263600084,0.1008308245233261,32.775555555555556,7.38,0.3773692025504411,36,25,50,0.5748792270531401,0.41545893719806765,0.37681159420289856,0
15,20,140,8743.0,4952.5,4753.5,267,0.1226416417680147,0.06947074583736622,0.06667929133526912,38.85777777777778,12.38125,0.24252551020408164,47,29,43,0.46441947565543074,0.10861423220973783,0.3445692883895131,0
15,19,102,4539.0,4516.0,4094.0,235,0.08219103666817565,0.08177455862381168,0.07413309189678588,20.173333333333332,12.509695290858726,0.3935024990388312,43,30,52,0.4851063829787234,0.3659574468085106,0.37872340425531914,0
15,23,125,5687.0,3934.5,4551.5,235,0.10297872340425532,0.07124490719782707,0.08241738343141693,25.275555555555556,7.437618147448015,0.291296,25,27,50,0.1148936170212766,0.4,0.46808510638297873,0
17,14,114,7303.5,2991.5,3360.0,179,0.22794232389750632,0.09336475141225305,0.10486564089759995,25.271626297577853,15.262755102040817,0.2585410895660203,32,29,37,0.6089385474860335,0.6145251396648045,0.40782122905027934,0
20,18,116,2902.0,3502.0,4004.0,203,0.07042150986435002,0.08498143609405712,0.09716324103957873,7.255,10.808641975308642,0.2975624256837099,31,31,43,0.270935960591133,0.39901477832512317,0.35960591133004927,0
15,23,107,5475.0,4256.0,5219.0,187,0.1565672452743859,0.12170779833566873,0.149246475449684,24.333333333333332,8.045368620037808,0.45584767228578915,31,26,54,0.7005347593582888,0.5882352941176471,0.5454545454545454,0
15,21,112,7363.0,5000.0,5744.0,235,0.1333272974196469,0.09053870529651425,0.10401086464463558,32.724444444444444,11.337868480725623,0.45790816326530615,37,22,48,0.5617021276595745,0.09361702127659574,0.2765957446808511,0
12,23,79,7529.0,3900.0,4524.0,203,0.18270280763910796,0.09463952049309617,0.10978184377199156,52.28472222222222,7.3724007561436675,0.7248838327191155,38,28,44,0.3891625615763547,0.4729064039408867,0.4876847290640394,0
15,19,99,3639.0,4213.5,3147.5,199,0.09189161889851266,0.10639882831241636,0.07948031615363249,16.173333333333332,11.671745152354571,0.32114069992857874,36,30,43,0.6331658291457286,0.5025125628140703,0.38190954773869346,0
18,15,77,5110.0,3400.0,4871.0,235,0.09253055681303757,0.0615663196016297,0.08820280669986419,15.771604938271604,15.11111111111111,0.821555068308315,33,28,46,0.26382978723404255,0.3021276595744681,0.2680851063829787,0
17,22,106,6693.0,4130.5,4725.5,255,0.10292964244521338,0.06352172241445597,0.0726720492118416,23.15916955017301,8.534090909090908,0.4205678177287291,36,28,50,0.3333333333333333,0.2980392156862745,0.43137254901960786,0
15,13,114,5476.0,3439.5,3598.5,227,0.10627025558423413,0.06674882105222302,0.06983446214752857,24.337777777777777,20.35207100591716,0.2768928901200369,24,26,37,0.2290748898678414,0.2290748898678414,0.41409691629955947,0
15,20,108,7159.0,4085.0,5396.0,211,0.16080052110240112,0.09175445295478538,0.12120123087980952,31.817777777777778,10.2125,0.46262002743484226,38,37,56,0.25118483412322273,0.3696682464454976,0.4786729857819905,1
15,25,119,6413.0,6251.0,3486.5,219,0.13371280832342947,0.13033506390609037,0.07269448093242425,28.502222222222223,10.0016,0.2462043640985806,37,45,20,0.4885844748858447,0.4885844748858447,0.1552511415525114,0
12,23,108,6344.5,3032.0,4702.5,221,0.12990110767592802,0.06207899101165005,0.09628181241170328,44.05902777777778,5.7315689981096405,0.40316358024691357,39,27,47,0.5248868778280543,0.4072398190045249,0.5203619909502263,0
19,18,107,8526.0,4696.0,4112.0,239,0.14926209275047705,0.08221144587804835,0.07198753523222633,23.617728531855956,14.493827160493828,0.35915800506594464,40,32,37,0.33472803347280333,0.5564853556485355,0.3598326359832636,0
15,21,108,5059.0,4736.0,3965.0,195,0.1330440499671269,0.12454963839579224,0.10427350427350428,22.484444444444446,10.739229024943311,0.3399348422496571,28,32,50,0.2717948717948718,0.7076923076923077,0.4564102564102564,0
19,20,95,8056.0,4773.0,3803.0,251,0.12787098617482262,0.07576070221107602,0.060364121204425324,22.31578947368421,11.9325,0.42138504155124656,37,29,44,0.4701195219123506,0.12350597609561753,0.3187250996015936,1
15,20,118,5518.0,5039.0,3864.0,225,0.10899753086419753,0.0995358024691358,0.07632592592592592,24.524444444444445,12.5975,0.27750646365986786,31,30,46,0.5377777777777778,0.24,0.38666666666666666,0
20,25,90,5546.5,7305.5,8847.5,295,0.06373455903476012,0.08394714162596954,0.10166618787704683,13.86625,11.6888,1.092283950617284,49,45,52,0.3525423728813559,0.3288135593220339,0.4610169491525424,1
24,23,105,7486.0,8768.0,3971.0,343,0.06362995010582326,0.07452677030828991,0.03375294307643924,12.996527777777779,16.574669187145556,0.3601814058956916,33,33,44,0.3032069970845481,0.2653061224489796,0.20699708454810495,0
23,25,129,6698.0,6106.0,5631.0,303,0.0729558104325284,0.06650764086309621,0.06133385615789302,12.661625708884689,9.7696,0.33838110690463313,33,46,55,0.43564356435643564,0.46204620462046203,0.18151815181518152,0
18,26,97,7826.0,4586.0,4141.0,223,0.15737296145106477,0.09221983148665769,0.08327133061191659,24.15432098765432,6.784023668639053,0.44011053246891274,35,34,43,0.35874439461883406,0.5246636771300448,0.2600896860986547,1
18,21,115,5926.0,3453.0,4400.0,223,0.11916587906452974,0.06943634498984495,0.08847955921092321,18.290123456790123,7.829931972789115,0.332703213610586,32,25,55,0.3632286995515695,0.29596412556053814,0.32286995515695066,0
19,23,97,6628.0,4809.0,4725.0,227,0.12862659861437248,0.09332608822216616,0.09169593820955191,18.3601108033241,9.090737240075615,0.5021787650122224,35,28,51,0.3788546255506608,0.36123348017621143,0.3964757709251101,0
20,26,93,4591.0,4594.0,4420.0,255,0.07060361399461745,0.07064975009611688,0.06797385620915032,11.4775,6.795857988165681,0.511041738929356,35,27,49,0.44313725490196076,0.43137254901960786,0.30196078431372547,0
15,22,86,5200.0,5295.0,4952.0,239,0.09103482081896325,0.09269795696854047,0.08669316013375115,23.11111111111111,10.940082644628099,0.6695511087074094,37,31,54,0.15481171548117154,0.49372384937238495,0.34309623430962344,0
15,19,116,5008.5,5719.5,5592.5,279,0.06434269857787027,0.07347670250896057,0.07184517156768284,22.26,15.84349030470914,0.41561385255648037,35,30,55,0.3942652329749104,0.40860215053763443,0.2867383512544803,1
17,23,121,5144.5,4397.0,4998.0,267,0.07216400847255537,0.06167851982774341,0.07010899297226782,17.801038062283737,8.311909262759924,0.34137012499146235,45,30,55,0.25842696629213485,0.33707865168539325,0.3707865168539326,1
25,20,90,6349.0,3171.0,5194.5,275,0.08395371900826447,0.0419305785123967,0.06868760330578512,10.1584,7.9275,0.6412962962962963,33,31,55,0.29818181818181816,0.18545454545454546,0.32,0
15,22,102,3890.0,3237.5,4576.5,227,0.07549147082225544,0.06282869840284112,0.08881406586582313,17.288888888888888,6.68904958677686,0.439878892733564,38,26,45,0.16740088105726872,0.3788546255506608,0.4185022026431718,0
23,20,82,7471.5,4993.5,5874.0,279,0.09598412147839827,0.06414999807299496,0.0754615177091764,14.123818525519848,12.48375,0.8735871505056514,36,29,49,0.24372759856630824,0.24372759856630824,0.1971326164874552,0
17,26,139,5700.0,5367.0,4462.0,223,0.11462124715960506,0.10792495324659655,0.08972631663616804,19.72318339100346,7.939349112426036,0.23094042751410382,33,32,49,0.2600896860986547,0.24663677130044842,0.4260089686098655,0
17,22,98,4835.0,4387.5,4645.5,243,0.08188114955376044,0.07430269775948788,0.0786719504140629,16.730103806228374,9.065082644628099,0.48370470637234486,33,31,52,0.43621399176954734,0.43209876543209874,0.37037037037037035,0
17,14,106,6642.0,4748.0,5153.0,239,0.11627947689991422,0.08312179408623799,0.09021200609233032,22.982698961937718,24.224489795918366,0.45861516553933784,28,37,51,0.3514644351464435,0.35564853556485354,0.3305439330543933,0
17,25,108,8296.0,5827.0,5059.0,239,0.14523555259886906,0.10201151940617285,0.08856637663906444,28.705882352941178,9.3232,0.43372770919067216,0,38,54,0.0,0.4686192468619247,0.37656903765690375,0
17,20,97,6966.0,5218.0,4851.0,275,0.09211239669421488,0.06899834710743802,0.06414545454545455,24.103806228373703,13.045,0.5155701987458816,30,30,46,0.2727272727272727,0.3709090909090909,0.24,0
18,25,97,5180.0,3258.0,3721.0,223,0.10416457198013232,0.06551509179754268,0.07482555450541938,15.987654320987655,5.2128,0.39547242002338184,31,27,37,0.336322869955157,0.40358744394618834,0.2825112107623318,0
15,19,117,5438.0,4667.5,3902.5,239,0.09520141454106196,0.08171250503317519,0.06831988235500079,24.16888888888889,12.929362880886426,0.2850829132880415,39,31,48,0.4100418410041841,0.4225941422594142,0.35564853556485354,0
15,13,99,5045.0,4190.0,4475.0,215,0.10914007571660357,0.09064359113034072,0.09680908599242834,22.42222222222222,24.792899408284022,0.45658606264666873,37,28,50,0.6186046511627907,0.4418604651162791,0.3674418604651163,0
15,21,110,7594.0,4898.0,6533.5,247,0.12447343834516218,0.08028323689947385,0.10709075710141126,33.75111111111111,11.106575963718821,0.5399586776859504,36,23,51,0.48582995951417,0.10121457489878542,0.46153846153846156,1
16,23,108,5282.5,4360.0,4018.5,239,0.09247912326464873,0.07632919591743842,0.07035065912711612,20.634765625,8.241965973534972,0.3445216049382716,33,34,43,0.26778242677824265,0.14644351464435146,0.28451882845188287,0
19,19,122,5158.0,3527.0,5144.0,243,0.08735118291588342,0.05973005470033362,0.08711409168656539,14.28808864265928,9.770083102493075,0.34560601988712714,29,33,50,0.13580246913580246,0.32098765432098764,0.37037037037037035,0
15,25,88,4738.0,3481.0,4958.0,227,0.09194822333055173,0.06755419278464554,0.09621766383977955,21.057777777777776,5.5696,0.6402376033057852,24,32,50,0.2907488986784141,0.23788546255506607,0.22026431718061673,0
15,18,81,8973.5,5756.0,6309.0,203,0.2177558300371278,0.13967822563032348,0.1530976243053702,39.882222222222225,17.765432098765434,0.9615912208504801,39,38,61,0.5812807881773399,0.32019704433497537,0.4975369458128079,0
15,20,118,5422.5,5161.5,4968.5,231,0.1016191600607185,0.09672794737729802,0.09311107363055415,24.1,12.90375,0.35682993392703244,40,27,50,0.43722943722943725,0.11688311688311688,0.3333333333333333,0
15,23,142,8215.0,6518.0,4968.0,227,0.1594247899241204,0.12649187835975859,0.09641172931747172,36.51111111111111,12.321361058601134,0.24637968657012496,32,32,49,0.4713656387665198,0.4052863436123348,0.3920704845814978,1
15,20,105,7335.0,5549.0,4586.0,235,0.1328202806699864,0.10047985513807152,0.08304210049796287,32.6,13.8725,0.4159637188208617,35,31,36,0.4595744680851064,0.5829787234042553,0.225531914893617,1
18,23,111,6467.0,6566.5,7038.0,279,0.08307961100191416,0.0843578576842538,0.09041507688750144,19.959876543209877,12.41304347826087,0.5712198685171658,33,0,52,0.21505376344086022,0.0,0.3333333333333333,1
17,19,96,4544.5,5234.0,3635.0,259,0.06774645577734381,0.0780250741640703,0.05418822021138624,15.72491349480969,14.498614958448753,0.3944227430555556,33,24,41,0.5019305019305019,0.23166023166023167,0.25868725868725867,0
15,20,71,5623.0,5100.5,5058.5,263,0.0812936431060157,0.07373968107100001,0.07313247263947723,24.99111111111111,12.75125,1.0034715334259074,41,37,55,0.5437262357414449,0.2965779467680608,0.33840304182509506,1
15,15,128,6701.0,5147.0,5514.0,223,0.13475034688009008,0.10350097528605039,0.11088097488387058,29.782222222222224,22.875555555555554,0.3365478515625,34,39,53,0.2914798206278027,0.34977578475336324,0.40358744394618834,0
15,19,136,8418.0,4576.0,4439.5,279,0.10814352333603114,0.05878650068729847,0.05703292609293303,37.413333333333334,12.67590027700831,0.24002487024221453,42,38,43,0.3835125448028674,0.26523297491039427,0.35842293906810035,1
18,21,99,9599.5,5556.5,6152.0,255,0.14762783544790464,0.08545174932718186,0.09460976547481738,29.628086419753085,12.599773242630386,0.6276910519334762,44,0,47,0.5686274509803921,0.0,0.37254901960784315,1
15,23,147,5366.0,4497.0,4326.0,239,0.09394093240664554,0.07872761331209188,0.07573396824285289,23.84888888888889,8.500945179584122,0.2001943634596696,31,41,44,0.2384937238493724,0.49372384937238495,0.3389121338912134,0
14,23,120,7141.5,5580.0,5472.5,279,0.09174471037114117,0.07168458781362007,0.07030356752868026,36.43622448979592,10.54820415879017,0.38003472222222223,38,45,54,0.4731182795698925,0.4444444444444444,0.25806451612903225,1
15,20,102,8262.0,5034.0,5624.0,239,0.14464032492428353,0.08812870923128097,0.09845766005497103,36.72,12.585,0.540561322568243,27,32,57,0.401673640167364,0.3138075313807531,0.39748953974895396,1
15,17,128,8526.0,4585.5,4479.5,239,0.14926209275047705,0.08027695593564538,0.07842124612664345,37.89333333333333,15.866782006920415,0.273406982421875,29,32,51,0.5104602510460251,0.3263598326359833,0.39330543933054396,0
18,23,119,6878.0,5821.0,6157.5,243,0.11647953394638351,0.0985791461328727,0.1042778031804095,21.228395061728396,11.003780718336484,0.4348209872184168,33,28,56,0.29218106995884774,0.3991769547325103,0.23868312757201646,0
15,24,109,9586.0,7577.0,6362.0,283,0.11969184282485734,0.09460724943500357,0.07943662675273758,42.60444444444445,13.15451388888889,0.5354768117161856,45,31,56,0.43109540636042404,0.26855123674911663,0.3286219081272085,0
17,18,118,5741.5,5054.5,4781.0,287,0.06970462188444682,0.06136410542801297,0.05804368148211099,19.866782006920417,15.600308641975309,0.34336397586900314,39,31,49,0.33797909407665505,0.36585365853658536,0.3170731707317073,0
15,19,117,7140.0,6889.5,5702.0,259,0.1064384848168632,0.10270419343778417,0.08500171434534369,31.733333333333334,19.08448753462604,0.41653882679523707,44,42,60,0.30115830115830117,0.3667953667953668,0.3861003861003861,1
15,21,120,8304.0,5985.0,6937.0,319,0.08160297166891049,0.05881428052004206,0.06816953449749905,36.906666666666666,13.571428571428571,0.4817361111111111,38,43,58,0.3166144200626959,0.5235109717868338,0.27899686520376177,0
15,23,103,9064.0,6455.0,6909.0,323,0.08687900775431567,0.06187157933077093,0.06622319776859742,40.284444444444446,12.20226843100189,0.6512395136205109,51,43,67,0.30959752321981426,0.21052631578947367,0.20743034055727555,0
18,19,157,8183.0,6319.0,4408.0,279,0.10512454875965109,0.08117829935381098,0.05662825503269485,25.256172839506174,17.50415512465374,0.1788307842103128,46,40,51,0.4982078853046595,0.3835125448028674,0.2974910394265233,1
15,16,150,9520.0,7005.0,4504.0,367,0.07068134740030738,0.05200870152722197,0.033439998812078195,42.31111111111111,27.36328125,0.2001777777777778,48,34,54,0.3569482288828338,0.22070844686648503,0.1880108991825613,0
15,24,86,8802.5,5913.5,4118.5,255,0.13537101114955785,0.09094194540561322,0.06333717800845828,39.12222222222222,10.266493055555555,0.5568550567874527,33,34,55,0.25098039215686274,0.4549019607843137,0.38823529411764707,0
17,23,149,10972.0,5898.0,5021.5,275,0.14508429752066115,0.0779900826446281,0.0664,37.965397923875436,11.149338374291116,0.22618350524751138,45,27,47,0.3527272727272727,0.11272727272727273,0.3054545454545455,0
15,17,117,10329.5,5671.0,5628.5,279,0.13269999100730978,0.07285363754319703,0.07230765277938361,45.90888888888889,19.622837370242216,0.41116955219519324,38,33,54,0.4838709677419355,0.30824372759856633,0.1935483870967742,0
18,22,135,6607.5,5884.5,6744.0,263,0.0955268978877821,0.08507423845942547,0.09750032529023117,20.39351851851852,12.15805785123967,0.3700411522633745,45,43,61,0.3916349809885932,0.2889733840304182,0.5057034220532319,0
13,18,138,6463.0,4562.0,3631.0,235,0.11703033046627433,0.08260751471253962,0.06574920778632866,38.24260355029586,14.080246913580247,0.1906637261079605,32,44,50,0.2425531914893617,0.49361702127659574,0.33617021276595743,0
15,17,133,7779.0,6866.0,4838.0,243,0.1317380480617792,0.11627631289268235,0.08193195481718572,34.57333333333333,23.757785467128027,0.2735033071400305,28,51,56,0.23045267489711935,0.43209876543209874,0.45267489711934156,0
17,23,108,4726.0,5320.5,4741.5,279,0.06071350573605169,0.06835086907927698,0.06091262959108953,16.352941176470587,10.05765595463138,0.40650720164609055,33,37,56,0.26523297491039427,0.22939068100358423,0.30824372759856633,0
15,22,144,11343.0,8901.0,4411.0,295,0.1303418557885665,0.10228095374892272,0.050686584314852054,50.413333333333334,18.390495867768596,0.2127218364197531,43,46,48,0.5423728813559322,0.5322033898305085,0.33559322033898303,0
18,20,144,9142.0,7081.0,9480.0,303,0.09957629426308967,0.07712751473167119,0.103257850537529,28.21604938271605,17.7025,0.45717592592592593,56,43,59,0.31683168316831684,0.3333333333333333,0.47194719471947194,0
18,23,152,6286.0,5023.0,5640.0,259,0.09370760722112073,0.0748796231421714,0.08407745859483311,19.401234567901234,9.495274102079396,0.24411357340720222,33,31,55,0.4671814671814672,0.3474903474903475,0.4517374517374517,1
15,20,114,5516.0,3001.5,4851.5,295,0.06338408503303648,0.03449008905486929,0.05574834817581155,24.515555555555554,7.50375,0.37330717143736536,31,33,54,0.2983050847457627,0.25084745762711863,0.3694915254237288,1
15,19,148,7112.0,5300.5,3466.0,291,0.08398578193455439,0.06259373413162339,0.040930078766193125,31.608888888888888,14.682825484764543,0.15823593864134405,33,35,47,0.422680412371134,0.23024054982817868,0.26804123711340205,1
15,20,135,5826.0,4769.0,4198.0,247,0.0954941074267731,0.07816879476798505,0.06880951990689899,25.893333333333334,11.9225,0.2303429355281207,28,31,49,0.4331983805668016,0.4089068825910931,0.3724696356275304,1
17,19,158,6045.5,4534.5,5029.0,271,0.08231777889734616,0.06174344031263191,0.06847673642788088,20.918685121107266,12.560941828254848,0.20145008812690274,24,24,54,0.17712177121771217,0.2693726937269373,0.3247232472324723,1
17,22,132,7435.0,5281.0,4918.0,303,0.0809833458593384,0.057521593743532766,0.05356773301092486,25.726643598615915,10.911157024793388,0.28225436179981633,43,33,55,0.21782178217821782,0.21122112211221122,0.30033003300330036,1
13,20,181,9598.5,4125.5,5574.0,315,0.09673469387755101,0.041577223481985386,0.05617535903250189,56.79585798816568,10.31375,0.1701413265773328,34,33,58,0.35555555555555557,0.10476190476190476,0.36507936507936506,0
15,18,135,10666.5,6003.0,4421.0,287,0.12949653389017712,0.07287935995338052,0.05367310517306268,47.406666666666666,18.52777777777778,0.24257887517146776,30,44,55,0.3519163763066202,0.3902439024390244,0.3170731707317073,0
15,23,155,8334.5,5022.5,5157.0,215,0.18030286641427798,0.10865332612222824,0.11156300703082747,37.04222222222222,9.494328922495274,0.21465140478668054,39,29,53,0.413953488372093,0.14418604651162792,0.5069767441860465,0
17,19,126,7368.0,5606.0,6567.0,263,0.10652170770142694,0.08104786826468505,0.09494137547167084,25.494809688581316,15.529085872576177,0.4136432350718065,32,29,64,0.4144486692015209,0.3041825095057034,0.3231939163498099,0
15,21,92,7223.0,6171.0,10199.0,335,0.06436177322343506,0.054987747828024056,0.09087992871463578,32.102222222222224,13.993197278911564,1.2049858223062382,35,42,64,0.2955223880597015,0.3970149253731343,0.4417910447761194,0
19,19,118,10425.0,9454.0,11955.0,311,0.107784245406892,0.09774506053494071,0.1236029404162488,28.878116343490305,26.18836565096953,0.8585894857799483,62,45,61,0.5144694533762058,0.24115755627009647,0.5305466237942122,0
15,13,98,9146.0,5276.5,7121.0,259,0.13634263055112475,0.07865863657369448,0.10615524515138415,40.64888888888889,31.22189349112426,0.7414618908788005,41,39,61,0.61003861003861,0.44787644787644787,0.39768339768339767,0
15,17,111,10657.5,7164.5,6630.0,271,0.14511648806524965,0.09755449953023515,0.09027654852194278,47.36666666666667,24.790657439446367,0.5381056732408084,36,39,53,0.23616236162361623,0.45387453874538747,0.3505535055350554,0
15,19,118,9016.0,6753.0,5670.0,327,0.08431763132545896,0.06315405549476756,0.053025839575793286,40.07111111111111,18.706371191135734,0.40721057167480607,46,35,57,0.36085626911314983,0.42507645259938837,0.327217125382263,0
26,18,172,6463.0,6291.0,6651.0,259,0.09634620831532029,0.09378214397519417,0.09914879026848139,9.560650887573965,19.416666666666668,0.22481746890210924,51,37,56,0.44015444015444016,0.5444015444015444,0.39768339768339767,0
18,25,138,8403.0,6337.0,6487.0,267,0.11787232251820057,0.08889169437080055,0.09099580580454207,25.935185185185187,10.1392,0.34063222012182315,47,38,51,0.4419475655430712,0.48314606741573035,0.46441947565543074,0
19,20,154,8271.0,5283.0,5698.0,263,0.11957668897916697,0.07637814627940262,0.08237794387659211,22.911357340720222,13.2075,0.24025974025974026,43,35,61,0.4448669201520912,0.19771863117870722,0.39923954372623577,0
13,23,156,7483.0,3689.0,3799.0,271,0.10189131411609319,0.05023079751092714,0.05172859846679648,44.27810650887574,6.973534971644613,0.15610618014464167,35,21,43,0.33210332103321033,0.14391143911439114,0.22140221402214022,0
25,27,98,10526.5,5370.5,10602.0,391,0.06885420686677873,0.03512862945689785,0.06934805502318797,16.8424,7.366941015089163,1.1039150354019158,34,32,59,0.3069053708439898,0.3657289002557545,0.2915601023017903,0
22,27,132,10148.5,5748.0,5778.0,235,0.18376641014033498,0.10408329560887279,0.10462652784065188,20.96797520661157,7.88477366255144,0.33161157024793386,42,33,49,0.49361702127659574,0.23829787234042554,0.46382978723404256,0
18,16,90,4066.0,4725.0,5294.0,227,0.07890702322963768,0.09169593820955191,0.10273826389023656,12.549382716049383,18.45703125,0.6535802469135803,32,35,48,0.3568281938325991,0.3303964757709251,0.36123348017621143,1
20,25,87,6350.5,5132.0,4615.5,267,0.08908106439983728,0.07198866585307691,0.06474350881622691,15.87625,8.2112,0.609789932619897,32,28,50,0.30337078651685395,0.3408239700374532,0.44569288389513106,0
16,19,117,6175.5,4018.0,4150.0,199,0.1559430317416227,0.10146208429080074,0.10479533345117548,24.123046875,11.130193905817174,0.30316312367594417,29,35,43,0.6231155778894473,0.4824120603015075,0.5527638190954773,0
16,22,82,9325.5,5895.5,8656.0,271,0.1269794801269046,0.08027532304843343,0.11786331885459075,36.427734375,12.180785123966942,1.287328970850684,39,32,57,0.45018450184501846,0.3025830258302583,0.5018450184501845,1
23,23,85,17992.0,18565.0,14214.0,347,0.14942404637527096,0.15418282686510146,0.11804765424511457,34.01134215500945,35.0945179584121,1.9673356401384083,97,95,95,0.5273775216138329,0.2737752161383285,0.2737752161383285,1
20,21,112,16922.0,18885.0,9494.5,359,0.13129941574010134,0.1465305204025419,0.07366873317246142,42.305,42.82312925170068,0.7568957270408163,89,90,89,0.5598885793871866,0.5097493036211699,0.41225626740947074,0
21,25,88,5780.0,6769.5,6413.5,279,0.07425392787862438,0.08696573785023316,0.0823923125345255,13.106575963718821,10.8312,0.8281895661157025,48,41,55,0.2616487455197133,0.46236559139784944,0.46953405017921146,0
18,21,91,7496.5,6052.5,8927.5,335,0.06679884161283137,0.053931833370461126,0.07955001113833816,23.137345679012345,13.724489795918368,1.0780702813669847,34,45,54,0.3283582089552239,0.45671641791044776,0.3940298507462687,0
16,27,106,6504.0,5039.0,6570.0,259,0.09695740969872244,0.0751181407552064,0.09794129485249177,25.40625,6.9122085048010975,0.5847276610893556,32,34,46,0.4594594594594595,0.21621621621621623,0.47876447876447875,0
15,14,126,5597.0,4683.0,4102.0,255,0.08607458669742407,0.07201845444059977,0.06308342945021146,24.875555555555554,23.892857142857142,0.2583774250440917,39,35,41,0.3764705882352941,0.23921568627450981,0.25098039215686274,0
21,18,96,13428.5,6977.5,11280.5,315,0.13533383723859915,0.07031997984378936,0.11368606701940036,30.450113378684808,21.535493827160494,1.2240125868055556,54,36,51,0.40634920634920635,0.3111111111111111,0.2571428571428571,0
26,23,83,6350.0,6452.0,9532.0,283,0.07928679344229544,0.08056037658105358,0.11901759292786775,9.393491124260356,12.196597353497165,1.3836551023370591,41,38,52,0.42402826855123676,0.43462897526501765,0.35335689045936397,1
19,24,95,5382.0,4719.5,6253.0,231,0.1008601787822567,0.08844474428890013,0.1171829613388055,14.908587257617729,8.19357638888889,0.6928531855955679,43,44,50,0.43722943722943725,0.5064935064935064,0.3203463203463203,0
15,14,87,8145.0,6047.0,8049.0,255,0.12525951557093426,0.09299500192233756,0.12378316032295271,36.2,30.852040816326532,1.0634165675782798,39,45,59,0.4235294117647059,0.29411764705882354,0.49411764705882355,1
16,20,99,8187.0,5108.5,7319.0,295,0.09407641482332663,0.05870152255099109,0.08410226946279804,31.98046875,12.77125,0.7467605346393226,36,28,59,0.34576271186440677,0.16271186440677965,0.31186440677966104,1
15,19,95,7328.5,2914.0,5683.5,231,0.13733813084462435,0.054609171492288375,0.10651037274413898,32.57111111111111,8.07202216066482,0.6297506925207756,31,15,41,0.3333333333333333,0.08225108225108226,0.31601731601731603,1
15,20,103,9101.0,6161.0,6004.0,303,0.09912971495169319,0.0671067106710671,0.06539663867376837,40.44888888888889,15.4025,0.5659345838439062,43,37,48,0.45544554455445546,0.40594059405940597,0.35313531353135313,0
22,17,70,7561.0,5777.0,7645.0,259,0.11271447950984631,0.08611976565644519,0.11396669697827999,15.62190082644628,19.98961937716263,1.560204081632653,47,28,52,0.5019305019305019,0.4517374517374517,0.3667953667953668,0
15,17,134,7771.5,6756.0,6277.0,239,0.13605329038357172,0.11827524027940688,0.10988953274627546,34.54,23.377162629757784,0.34957674314992204,52,34,33,0.5648535564853556,0.4769874476987448,0.3807531380753138,1
17,18,129,4579.0,3888.0,3765.0,227,0.08886258223524617,0.075452657726717,0.07306565235110327,15.844290657439446,12.0,0.22624842257075897,32,34,42,0.23788546255506607,0.2687224669603524,0.31277533039647576,0
15,18,82,9760.0,6972.0,13133.0,303,0.1063076604690172,0.07594026729405613,0.14304697796512325,43.37777777777778,21.51851851851852,1.9531528851873885,48,36,56,0.46864686468646866,0.1188118811881188,0.5841584158415841,0
15,25,78,8914.5,5740.5,7891.5,311,0.09216716121628188,0.05935112333412599,0.08159034749433938,39.62,9.1848,1.2970907297830374,54,40,59,0.3858520900321543,0.2508038585209003,0.4180064308681672,1
18,25,107,6717.0,5498.5,8664.0,299,0.07513338776971175,0.06150378631111509,0.09691166765472423,20.73148148148148,8.7976,0.7567473141759106,38,38,53,0.33444816053511706,0.4682274247491639,0.29431438127090304,0
15,19,146,13174.0,5972.0,4235.0,299,0.1473585306652051,0.06680014764935516,0.047370834778134474,58.55111111111111,16.542936288088644,0.19867705010320885,46,28,39,0.5384615384615384,0.31438127090301005,0.1806020066889632,0
15,17,60,8833.0,6087.0,5387.0,231,0.1655328798185941,0.11407207511103615,0.1009538801746594,39.257777777777775,21.06228373702422,1.496388888888889,43,34,58,0.41125541125541126,0.23809523809523808,0.3116883116883117,0
17,17,101,11336.0,4914.0,8624.5,287,0.13762459177603226,0.059658366618509394,0.10470565382607534,39.22491349480969,17.003460207612456,0.8454563278109989,42,32,60,0.37282229965156793,0.313588850174216,0.36585365853658536,0
15,18,91,10075.5,5026.0,5719.5,303,0.10974414273110479,0.05474408827021316,0.06229781393980982,44.78,15.512345679012345,0.6906774544137182,0,40,55,0.0,0.33993399339933994,0.18811881188118812,1
15,20,117,8272.0,4933.0,7115.0,319,0.0812885093503405,0.04847633179705388,0.06991873114454457,36.76444444444444,12.3325,0.5197603915552633,35,21,55,0.4482758620689655,0.12852664576802508,0.34169278996865204,1
22,18,106,7050.0,5218.0,4874.0,303,0.07678985720354213,0.05683538650894793,0.05308847716454814,14.566115702479339,16.104938271604937,0.4337842648629405,33,33,55,0.30363036303630364,0.25742574257425743,0.34983498349834985,1
15,17,117,8845.0,5385.0,5380.5,259,0.13185551795590406,0.08027608413708799,0.08020900105842191,39.31111111111111,18.633217993079583,0.3930528161297392,35,38,57,0.33976833976833976,0.583011583011583,0.2277992277992278,0
15,13,86,4201.0,5372.0,5249.0,223,0.0844778700557019,0.10802549820024533,0.10555209234048543,18.67111111111111,31.78698224852071,0.7097079502433749,28,30,58,0.12556053811659193,0.4798206278026906,0.4798206278026906,0
17,23,104,7814.0,3386.0,3633.5,251,0.12402977730512214,0.05374517864795797,0.05767368771924255,27.038062283737023,6.400756143667297,0.3359375,30,42,51,0.3346613545816733,0.350597609561753,0.3466135458167331,0
15,18,95,6756.5,4355.0,3313.5,231,0.1266186915537565,0.08161391278274395,0.062095912745263396,30.02888888888889,13.441358024691358,0.36714681440443214,31,34,38,0.354978354978355,0.24242424242424243,0.41125541125541126,0
18,25,119,5414.0,4728.5,5928.5,247,0.08874100542542904,0.07750495828484322,0.09717418741497157,16.709876543209877,7.5656,0.418649812866323,23,23,61,0.20242914979757085,0.19838056680161945,0.43724696356275305,1
15,17,101,7979.5,4310.5,2696.5,243,0.13513353316736948,0.07299869599823874,0.04566546427543227,35.464444444444446,14.915224913494809,0.2643368297225762,35,27,39,0.5679012345679012,0.49794238683127573,0.1728395061728395,1
15,23,116,7065.0,4832.0,3380.0,303,0.07695323987844328,0.052631005674824906,0.03681556274439325,31.4,9.13421550094518,0.25118906064209273,33,30,37,0.21782178217821782,0.12211221122112212,0.12871287128712872,0
15,14,151,7873.0,5151.0,3974.0,271,0.1072016993232663,0.07013793385166324,0.05411146362386133,34.99111111111111,26.28061224489796,0.17429060128941712,29,32,49,0.28413284132841327,0.31365313653136534,0.2988929889298893,0
17,19,94,9114.0,5700.5,7180.5,255,0.14016147635524798,0.08766628219915418,0.11042675893886966,31.536332179930795,15.790858725761773,0.8126414667270258,34,41,58,0.2901960784313726,0.28627450980392155,0.3411764705882353,0
13,20,95,7568.5,7205.0,4061.5,271,0.10305551394997345,0.0981059626094416,0.05530289620239376,44.78402366863905,18.0125,0.45002770083102495,43,58,60,0.4354243542435424,0.30996309963099633,0.22140221402214022,0
18,15,129,6793.0,5070.0,4866.0,247,0.11134422790080152,0.08310249307479224,0.07975872412267043,20.96604938271605,22.533333333333335,0.29241031188029565,42,35,55,0.4898785425101215,0.31983805668016196,0.3805668016194332,0
15,22,139,10400.0,4838.5,6415.5,295,0.11950588911232404,0.05559896581442114,0.07372019534616489,46.22222222222222,9.99690082644628,0.332048030640236,39,42,62,0.36271186440677966,0.31186440677966104,0.4101694915254237,0
15,20,141,8341.5,5759.5,5254.0,335,0.07432835820895523,0.051321006905769656,0.04681666295388728,37.07333333333333,14.39875,0.2642724209043811,30,34,53,0.17313432835820897,0.16716417910447762,0.23880597014925373,1
15,20,111,7158.0,5296.0,4620.0,287,0.08690162561157717,0.06429603370199954,0.05608906263278661,31.813333333333333,13.24,0.3749695641587533,30,32,60,0.2961672473867596,0.11149825783972125,0.4146341463414634,0
17,23,126,5338.5,5204.5,4223.0,287,0.06481200451626219,0.06318517889011643,0.051269288203086114,18.472318339100347,9.838374291115311,0.2659989921894684,58,24,58,0.34146341463414637,0.10104529616724739,0.4181184668989547,0
18,19,91,6838.0,5332.0,4658.0,303,0.0744807153982725,0.05807709483819669,0.05073576664597153,21.104938271604937,14.770083102493075,0.5624924526023427,35,51,55,0.5379537953795379,0.5445544554455446,0.28052805280528054,0
15,21,146,8802.5,5302.5,2936.5,235,0.15939339067451336,0.09601629696695338,0.05317338162064283,39.12222222222222,12.023809523809524,0.13776036779883655,34,29,24,0.39574468085106385,0.451063829787234,0.2553191489361702,0
15,22,111,7197.0,5076.0,4295.0,235,0.13032141240380263,0.09191489361702128,0.07777274784970575,31.986666666666668,10.487603305785123,0.3485918350783216,28,38,53,0.3021276595744681,0.4297872340425532,0.3021276595744681,0
16,20,89,7666.0,4806.0,5252.0,279,0.09848280469161495,0.061741241762053416,0.06747087010701301,29.9453125,12.015,0.6630475950006313,33,32,59,0.34050179211469533,0.24731182795698925,0.4229390681003584,0
15,16,80,5945.0,5860.0,7890.0,271,0.08094933347857464,0.07979194183085743,0.10743317765280974,26.42222222222222,22.890625,1.2328125,44,43,59,0.5424354243542435,0.47601476014760147,0.3837638376383764,1
17,13,129,9181.0,4802.0,4274.0,279,0.11794555568402255,0.06168985496075333,0.054906797189141966,31.768166089965398,28.414201183431953,0.25683552671113513,35,49,42,0.3154121863799283,0.4050179211469534,0.3046594982078853,1
15,20,116,5414.0,9311.0,4414.5,279,0.0695520355596665,0.11961562672627536,0.056711758584807495,24.06222222222222,23.2775,0.3280692627824019,46,43,57,0.41935483870967744,0.5734767025089605,0.5161290322580645,1
15,21,87,6140.0,4918.5,4498.5,223,0.12346920308069738,0.09890607090430131,0.0904602947978041,27.288888888888888,11.153061224489797,0.5943321442726912,28,31,53,0.33183856502242154,0.23766816143497757,0.33183856502242154,0
15,22,128,7683.5,6455.5,6318.0,299,0.08594422881175826,0.07220836455968054,0.07067035044350735,34.14888888888889,13.337809917355372,0.3856201171875,36,32,60,0.3010033444816054,0.3311036789297659,0.39464882943143814,1
17,23,101,6938.0,5921.0,5358.0,191,0.19018119020860175,0.16230366492146597,0.14687097393163565,24.006920415224915,11.19281663516068,0.5252426232722283,18,31,57,0.09424083769633508,0.32460732984293195,0.5602094240837696,1
15,18,122,15920.0,32969.0,18475.0,391,0.10413328013291384,0.21565138898882136,0.12084562502861702,70.75555555555556,101.75617283950618,1.2412657887664607,143,141,144,0.6445012787723785,0.4373401534526854,0.49104859335038364,1
18,25,139,4347.0,6204.0,5475.5,263,0.06284607266260897,0.089693359742081,0.07916118492388209,13.416666666666666,9.9264,0.28339630453910253,40,31,55,0.311787072243346,0.3269961977186312,0.4372623574144487,1
15,23,91,9081.0,15429.0,10468.0,359,0.07046034714193714,0.11971508600957473,0.08122221273888315,40.36,29.166351606805293,1.2640985388238135,101,100,100,0.3955431754874652,0.49025069637883006,0.5431754874651811,1
15,20,116,112979.0,133343.0,111771.5,623,0.2910862110277768,0.3435533031543636,0.2879751319793162,502.12888888888887,333.3575,8.30644322235434,370,356,350,0.695024077046549,0.6404494382022472,0.7158908507223114,1
15,19,100,68837.0,109752.0,80505.0,439,0.3571847385598871,0.569486459700811,0.41772821851277236,305.9422222222222,304.0221606648199,8.0505,298,297,294,0.8815489749430524,0.8519362186788155,0.9316628701594533,1
16,24,144,56650.0,72337.5,49471.0,495,0.23120089786756454,0.29522497704315886,0.2019018467503316,221.2890625,125.5859375,2.3857542438271606,249,240,242,0.6787878787878788,0.5373737373737374,0.6101010101010101,1
20,26,94,99011.0,117028.0,88824.0,591,0.28347090165225136,0.33505401095393106,0.25430527283190324,247.5275,173.11834319526628,10.052512449071978,346,310,312,0.7157360406091371,0.6514382402707276,0.7377326565143824,1
18,26,135,106570.5,122667.0,99831.5,703,0.21563852540119666,0.24820875378635354,0.20200259404422016,328.9212962962963,181.46005917159763,5.477722908093279,369,324,326,0.5874822190611664,0.5376955903271693,0.7211948790896159,1
15,22,127,82581.5,103077.5,82840.5,495,0.3370329558208346,0.4206815631058055,0.33808999081726354,367.0288888888889,212.97004132231405,5.136121272242544,337,297,296,0.8848484848484849,0.7434343434343434,0.8444444444444444,1
16,20,131,37453.0,52660.0,36324.0,447,0.18744400902862232,0.2635516918657318,0.1817936129003198,146.30078125,131.65,2.116659868306043,233,201,196,0.6263982102908278,0.6756152125279642,0.8008948545861297,1
23,26,93,78293.0,94142.0,69899.0,719,0.15144856188377848,0.18210658057377635,0.13521136023800634,148.00189035916824,139.26331360946745,8.081743554168112,311,274,270,0.541029207232267,0.5006954102920723,0.60778859527121,1
16,24,132,58309.0,80564.5,66345.0,519,0.21647157532085196,0.29909489495509745,0.2463051443972958,227.76953125,139.86892361111111,3.8076790633608817,296,258,252,0.7148362235067437,0.6820809248554913,0.8111753371868978,1
22,22,106,33539.5,45517.0,36928.5,567,0.10432549791750262,0.14158182706095698,0.11486707165719512,69.29648760330579,94.04338842975207,3.286623353506586,232,187,188,0.5961199294532628,0.5097001763668431,0.6031746031746031,1
18,21,151,7437.0,13094.0,11643.5,423,0.04156397230186275,0.07317986463904677,0.06507329722962739,22.953703703703702,29.691609977324262,0.5106574273058199,119,88,97,0.5319148936170213,0.3640661938534279,0.48226950354609927,1
16,24,107,9438.0,16739.0,15160.0,391,0.06173429006874628,0.10949038794879677,0.09916209339290036,36.8671875,29.06076388888889,1.3241331120621889,116,85,107,0.40664961636828645,0.3989769820971867,0.5319693094629157,1
16,25,140,16433.0,16418.0,20536.0,503,0.0649502586864499,0.06489097225790387,0.08116707310807125,64.19140625,26.2688,1.0477551020408162,131,85,135,0.5029821073558648,0.38966202783300197,0.4393638170974155,1
21,27,135,6286.5,5571.5,9764.0,311,0.06499622625903372,0.05760382957165455,0.100950155602196,14.255102040816327,7.642661179698217,0.5357475994513031,19,37,91,0.1157556270096463,0.33762057877813506,0.42765273311897106,1
21,25,147,6971.0,3590.0,7818.0,287,0.08463135402882152,0.04358435819300951,0.0949143488448324,15.807256235827664,5.744,0.361793697070665,29,29,73,0.4355400696864111,0.397212543554007,0.397212543554007,1
28,22,100,7995.0,4816.0,9364.0,299,0.08942852988221608,0.05386964351629176,0.10474155770069686,10.197704081632653,9.950413223140496,0.9364,52,24,87,0.24749163879598662,0.31438127090301005,0.3979933110367893,1
16,21,112,8174.0,3873.5,7064.0,315,0.08237843285462333,0.03903754094230285,0.07119173595364071,31.9296875,8.78344671201814,0.5631377551020408,51,25,69,0.48253968253968255,0.11428571428571428,0.3746031746031746,1
20,26,93,5369.5,3220.0,5538.5,231,0.10062592530124997,0.06034369670733307,0.10379303236446094,13.42375,4.763313609467455,0.6403630477511851,0,32,69,0.0,0.3939393939393939,0.47186147186147187,1
16,21,101,4910.0,3627.0,7069.0,259,0.0731950925001118,0.05406896140486874,0.10538006290902044,19.1796875,8.224489795918368,0.6929712773257524,19,39,73,0.14285714285714285,0.3745173745173745,0.3281853281853282,1
16,27,82,5515.0,5671.0,10304.0,263,0.07973224999638566,0.0819875955991846,0.14896846853359164,21.54296875,7.779149519890261,1.5324211778703154,36,32,92,0.39923954372623577,0.22433460076045628,0.5209125475285171,1
17,25,132,8353.0,4596.0,7166.0,331,0.0762406330719873,0.04194923376018839,0.06540648588457572,28.903114186851212,7.3536,0.4112718089990817,30,33,67,0.2809667673716012,0.36253776435045315,0.31419939577039274,1
24,17,94,7579.0,4382.0,11740.0,335,0.06753397193138784,0.03904655825350858,0.10461127199821786,13.15798611111111,15.162629757785467,1.3286555002263467,35,30,97,0.417910447761194,0.30149253731343284,0.28955223880597014,1
16,21,123,6023.0,4418.0,13606.0,311,0.06227189545186671,0.04567777421656104,0.14067265640346976,23.52734375,10.01814058956916,0.8993324079582259,39,35,99,0.37942122186495175,0.4340836012861736,0.3215434083601286,1
19,18,115,6602.0,5127.0,16222.0,351,0.05358722737640117,0.041614921956802296,0.13167100916388666,18.28808864265928,15.824074074074074,1.2266162570888468,37,38,113,0.28774928774928776,0.15669515669515668,0.3247863247863248,1
20,25,102,6725.0,3902.0,15703.0,247,0.11022963825009424,0.06395777672146732,0.25738825419200445,16.8125,6.2432,1.5093233371780084,39,36,104,0.3319838056680162,0.3481781376518219,0.4979757085020243,1
21,25,117,7843.0,4070.0,12205.0,315,0.07904257999496095,0.041017888636936256,0.12300327538422777,17.784580498866212,6.512,0.8915917890276864,36,30,95,0.2857142857142857,0.2698412698412698,0.4,1
19,17,133,8915.5,5629.5,14186.5,287,0.10823853634255606,0.0683448870327429,0.1722310578008717,24.696675900277008,19.47923875432526,0.8019955904799593,39,37,106,0.445993031358885,0.20905923344947736,0.49825783972125437,1
16,17,104,8480.5,5000.0,29700.5,311,0.08768002812212446,0.051695081729924215,0.3070739549839228,33.126953125,17.301038062283737,2.7459781804733727,65,63,161,0.6109324758842444,0.5498392282958199,0.5594855305466238,1
16,24,102,8942.5,7282.0,32836.0,375,0.06359111111111111,0.05178311111111111,0.23350044444444445,34.931640625,12.64236111111111,3.156093810073049,65,64,161,0.552,0.5226666666666666,0.5733333333333334,1
14,19,105,6612.0,6255.0,19408.0,327,0.061835423505316615,0.058496759532025926,0.1815036145479711,33.734693877551024,17.326869806094184,1.7603628117913832,52,52,131,0.5718654434250765,0.19877675840978593,0.5902140672782875,1
17,26,100,8145.0,5486.0,20137.5,335,0.07257741145021163,0.048883938516373356,0.1794386277567387,28.18339100346021,8.115384615384615,2.01375,47,42,129,0.4626865671641791,0.2208955223880597,0.4746268656716418,1
18,18,167,9183.0,3707.0,11502.0,283,0.11465994081584238,0.046286006817415626,0.1436152280587846,28.34259259259259,11.441358024691358,0.41242066764674246,36,25,92,0.46996466431095407,0.13427561837455831,0.4028268551236749,1
14,17,136,8911.5,5164.0,13329.5,295,0.10240160873312266,0.059339270324619366,0.15316862970410802,45.46683673469388,17.868512110726645,0.7206693339100346,39,32,101,0.45084745762711864,0.3050847457627119,0.576271186440678,1
16,26,116,6587.0,4308.0,8635.5,235,0.11927569035762789,0.07800814848347669,0.1563693979176098,25.73046875,6.372781065088757,0.6417583234244947,33,29,72,0.42127659574468085,0.5276595744680851,0.42127659574468085,1
16,25,106,7688.5,4467.0,11291.5,279,0.09877185544892794,0.05738621035187112,0.14505851671998046,30.033203125,7.1472,1.004939480242079,30,21,90,0.1827956989247312,0.2078853046594982,0.41935483870967744,1
16,21,95,7186.0,4855.0,8397.0,335,0.06403207841390064,0.043261305413232344,0.07482290042325684,28.0703125,11.00907029478458,0.9304155124653739,28,26,77,0.27761194029850744,0.14029850746268657,0.2507462686567164,1
18,25,119,8649.5,6648.0,17304.5,351,0.07020641066225111,0.053960600969147975,0.14045746381928717,26.695987654320987,10.6368,1.2219829108113833,47,46,116,0.4928774928774929,0.4586894586894587,0.3475783475783476,1
16,15,128,8493.0,6592.0,13276.0,303,0.0925072705290331,0.07180123952989359,0.14460455946584758,33.17578125,29.297777777777778,0.810302734375,36,32,107,0.33993399339933994,0.2838283828382838,0.49504950495049505,1
16,18,129,6603.0,5764.0,7446.0,263,0.09546183984154752,0.08333212855469936,0.10764938050282641,25.79296875,17.790123456790123,0.4474490715702181,41,34,80,0.3574144486692015,0.23954372623574144,0.43346007604562736,1
16,22,113,6957.0,5443.0,15622.0,303,0.07577688461915498,0.05928612663246523,0.17015760982038797,27.17578125,11.24586776859504,1.223431748766544,38,30,112,0.39933993399339934,0.29372937293729373,0.47194719471947194,1
16,24,101,6965.0,8026.5,27599.5,339,0.06060685166331654,0.0698436317122197,0.24016063208638977,27.20703125,13.934895833333334,2.705568081560631,75,61,162,0.37168141592920356,0.37168141592920356,0.7286135693215339,1
16,24,138,5723.5,6348.5,15718.0,339,0.04980377824766579,0.05524229688220604,0.1367722174363258,22.357421875,11.02170138888889,0.8253518168452005,59,39,108,0.46017699115044247,0.3746312684365782,0.4277286135693215,1
18,16,90,5280.0,5392.0,13537.0,263,0.07633477424857957,0.07795399673264035,0.19570906041723893,16.296296296296298,21.0625,1.6712345679012346,44,34,107,0.34220532319391633,0.38783269961977185,0.6121673003802282,1
16,23,115,6028.0,4872.0,10971.0,263,0.08714886726712834,0.07043617805664387,0.15861151671991788,23.546875,9.209829867674857,0.8295652173913044,31,29,94,0.5133079847908745,0.27756653992395436,0.44866920152091255,1
16,24,99,4705.0,5423.0,11344.0,263,0.06802180167416039,0.07840217438447859,0.1640041058855846,18.37890625,9.414930555555555,1.1574329150086726,49,31,92,0.5703422053231939,0.20912547528517111,0.49429657794676807,1
16,15,146,6701.0,6135.0,12160.0,319,0.06585037489804542,0.06028832263833885,0.11949568105659339,26.17578125,27.266666666666666,0.570463501595046,44,29,89,0.4670846394984326,0.34796238244514105,0.3322884012539185,1
16,26,97,7421.0,4649.0,9987.0,327,0.06940119144479047,0.043477447652180416,0.09339842325281261,28.98828125,6.877218934911243,1.0614305452226591,33,31,80,0.42507645259938837,0.3180428134556575,0.3944954128440367,1
18,26,116,8576.5,7377.5,15837.5,319,0.084280814850483,0.07249830485156396,0.1556342803235031,26.47067901234568,10.913461538461538,1.1769842449464922,38,30,104,0.28213166144200624,0.19435736677115986,0.438871473354232,1
16,19,151,7406.5,5198.5,13729.5,303,0.08067291877702622,0.05662298903157643,0.14954416233702578,28.931640625,14.40027700831025,0.6021446427788255,36,38,104,0.39603960396039606,0.33003300330033003,0.42574257425742573,1
16,24,122,7676.0,5415.0,11087.0,303,0.08360836083608361,0.058981145639316404,0.12076158110860591,29.984375,9.401041666666666,0.7448938457403924,36,27,89,0.40594059405940597,0.2607260726072607,0.3795379537953795,1
16,22,130,6598.0,4707.0,12935.0,335,0.058792604143461796,0.041942526175094676,0.11525952327912675,25.7734375,9.725206611570249,0.7653846153846153,38,33,101,0.36716417910447763,0.2955223880597015,0.408955223880597,1
16,23,96,6383.0,5353.0,13591.0,271,0.08691330455739982,0.07288844106153239,0.18506011628381966,24.93359375,10.119092627599244,1.4747178819444444,40,30,99,0.5018450184501845,0.34317343173431736,0.5129151291512916,1
16,26,96,7739.5,4020.5,7806.0,263,0.11189261085168212,0.05812574997469965,0.1128540242015932,30.232421875,5.947485207100592,0.8470052083333334,32,27,72,0.12167300380228137,0.1634980988593156,0.5133079847908745,1
19,25,112,5957.0,3846.0,6949.0,279,0.07652779383615319,0.04940840945003276,0.08927172055857453,16.501385041551245,6.1536,0.5539700255102041,38,31,69,0.36917562724014336,0.23655913978494625,0.25089605734767023,1
16,19,84,6338.5,4634.0,8382.0,283,0.07914320318645507,0.05786063004907041,0.10465856734382999,24.759765625,12.836565096952908,1.1879251700680271,30,31,82,0.10600706713780919,0.127208480565371,0.44876325088339225,1
16,25,171,8986.5,3529.0,5872.0,259,0.13396490809618222,0.052608041025029445,0.08753596398384043,35.103515625,5.6464,0.20081392565233747,52,37,60,0.4826254826254826,0.23166023166023167,0.41312741312741313,1
16,24,138,7688.0,5181.0,11767.0,351,0.06240209089211938,0.04205323008741812,0.09551058838808127,30.03125,8.994791666666666,0.6178848981306448,30,28,97,0.3190883190883191,0.15954415954415954,0.3504273504273504,1
16,23,146,8211.0,4239.5,11954.0,263,0.11870924836270584,0.06129190822478278,0.17282308548627276,32.07421875,8.014177693761814,0.5607993995121036,40,28,81,0.5057034220532319,0.4144486692015209,0.4828897338403042,1
18,24,104,6438.0,7223.0,12704.0,303,0.07012384406757508,0.07867420405406877,0.13837423346295025,19.87037037037037,12.539930555555555,1.1745562130177514,31,33,92,0.41914191419141916,0.3333333333333333,0.3333333333333333,1
16,21,119,8390.0,4635.0,13947.0,335,0.07476052572956116,0.041300957897081755,0.12427712185341946,32.7734375,10.510204081632653,0.9848880728762093,42,22,96,0.4298507462686567,0.2746268656716418,0.33432835820895523,1
16,25,139,8587.5,4448.0,9369.0,319,0.08438891127249143,0.04371026228122758,0.09206867070881772,33.544921875,7.1168,0.48491278919310593,36,30,79,0.40752351097178685,0.2727272727272727,0.2476489028213166,1
16,24,166,8211.0,5279.0,10778.0,359,0.06370993397009644,0.040960265671433335,0.0836275323748264,32.07421875,9.164930555555555,0.39113078821309333,39,22,85,0.28969359331476324,0.14763231197771587,0.3871866295264624,1
16,23,122,8175.0,6613.0,12177.0,303,0.08904355782112865,0.0720299752747552,0.1326340554847564,31.93359375,12.500945179584122,0.8181268476216071,35,45,90,0.4389438943894389,0.5016501650165016,0.4389438943894389,1
16,20,114,5838.5,6013.0,6672.0,283,0.07290014858469952,0.07507897464071221,0.08330732060582602,22.806640625,15.0325,0.5133887349953832,45,32,63,0.45229681978798586,0.1696113074204947,0.3674911660777385,1
18,28,120,4846.0,5371.0,9649.0,311,0.05010287321264255,0.05553085679428459,0.09976116872240776,14.95679012345679,6.850765306122449,0.6700694444444445,40,28,79,0.36977491961414793,0.37942122186495175,0.40836012861736337,1
16,23,94,5851.0,5042.0,12343.0,307,0.062080234273042684,0.05349658882322359,0.13096160171460705,22.85546875,9.531190926275993,1.3968990493435944,38,30,88,0.48534201954397393,0.28338762214983715,0.42671009771986973,1
16,21,107,8988.5,4597.0,9709.0,275,0.11885619834710744,0.060786776859504135,0.12838347107438017,35.111328125,10.424036281179138,0.8480216612804612,6,7,89,0.02181818181818182,0.03636363636363636,0.4763636363636364,1
16,22,97,9564.0,5982.0,13673.0,247,0.15676375616712288,0.09805110721368979,0.22411447491353734,37.359375,12.359504132231406,1.4531831225422467,36,23,104,0.4979757085020243,0.15789473684210525,0.5587044534412956,1
16,18,101,9396.5,4521.0,10385.5,303,0.10234835364724591,0.04924353821520766,0.1131207180123953,36.705078125,13.953703703703704,1.0180864621115577,45,2,92,0.3102310231023102,0.006600660066006601,0.42244224422442245,1
18,26,127,7248.5,3308.0,9051.5,303,0.07895195460140074,0.03603132590486771,0.09859055212451938,22.371913580246915,4.893491124260355,0.5611941223882447,35,29,80,0.31683168316831684,0.2607260726072607,0.37293729372937295,1
14,16,118,9551.0,5133.5,8116.5,271,0.13004997208643673,0.06989964733595676,0.11051728598466797,48.72959183673469,20.052734375,0.5829143924159724,40,37,75,0.42066420664206644,0.3800738007380074,0.4022140221402214,1
16,24,116,7627.0,3279.0,7468.0,251,0.12106157045126267,0.05204679290804908,0.11853780098728592,29.79296875,5.692708333333333,0.5549940546967895,32,22,71,0.50199203187251,0.27091633466135456,0.47410358565737054,1
16,18,105,7818.0,3138.0,6355.0,267,0.1096662879266086,0.04401801119387283,0.08914418774284953,30.5390625,9.685185185185185,0.5764172335600907,34,31,74,0.36704119850187267,0.41198501872659177,0.4307116104868914,1
16,22,126,7692.0,4613.0,10452.0,359,0.05968296335379148,0.03579270800195529,0.08109806720928608,30.046875,9.53099173553719,0.6583522297808012,33,28,81,0.3064066852367688,0.22284122562674094,0.298050139275766,1
16,25,138,6697.0,4680.0,7008.0,275,0.08855537190082645,0.06188429752066116,0.09266776859504132,26.16015625,7.488,0.36798991808443604,31,31,68,0.3781818181818182,0.36727272727272725,0.32727272727272727,1
19,16,141,8002.0,4677.0,11549.0,287,0.09714819895834598,0.05678107054838592,0.14021051609221916,22.166204986149584,18.26953125,0.5809063930385795,28,27,78,0.39372822299651566,0.3797909407665505,0.4564459930313589,1
16,23,99,5633.0,4067.0,8938.0,259,0.08397310713913031,0.0606281957633309,0.13324190158166993,22.00390625,7.688090737240076,0.911947760432609,30,34,78,0.416988416988417,0.42084942084942084,0.47104247104247104,1
16,14,111,5648.0,4727.0,10332.0,343,0.04800720788106996,0.04017883704918869,0.08782055096090914,22.0625,24.117346938775512,0.8385682980277575,33,30,88,0.23323615160349853,0.3673469387755102,0.42857142857142855,1
16,20,116,6988.5,3118.5,9867.5,271,0.09515801800084421,0.04246265709889571,0.1343595539276426,27.298828125,7.79625,0.7333159928656362,33,24,80,0.4317343173431734,0.16605166051660517,0.2988929889298893,1
16,25,92,8103.0,4437.5,10117.5,311,0.08377704945151518,0.04587938503530774,0.10460499788050165,31.65234375,7.1,1.1953568052930057,30,28,82,0.28938906752411575,0.21864951768488747,0.26366559485530544,1
19,18,93,9461.0,6360.0,12600.0,311,0.0978174336493626,0.0657561439604636,0.130271605959409,26.20775623268698,19.62962962962963,1.45681581685744,41,40,98,0.48231511254019294,0.3987138263665595,0.5080385852090032,1
16,22,83,6011.0,4886.0,7380.0,295,0.06907210571674806,0.05614478598103993,0.08480321746624533,23.48046875,10.09504132231405,1.0712730439831615,27,37,74,0.31186440677966104,0.2711864406779661,0.3152542372881356,1
16,17,92,8658.0,6318.0,10562.0,259,0.12906784335355764,0.09418464244719071,0.15745143930472116,33.8203125,21.86159169550173,1.2478733459357279,36,37,84,0.3127413127413127,0.14285714285714285,0.44787644787644787,1
16,23,101,8983.5,5476.0,9012.0,307,0.09531666118473406,0.05810141221657524,0.09561905166102558,35.091796875,10.351606805293006,0.8834427997255171,38,33,79,0.44625407166123776,0.36156351791530944,0.2964169381107492,1
16,18,102,5734.0,3535.0,8750.0,295,0.06588911232404482,0.04062051134731399,0.10054582016661878,22.3984375,10.910493827160494,0.8410226835832372,26,20,80,0.22033898305084745,0.1864406779661017,0.3525423728813559,1
18,23,95,6412.0,4747.0,5237.0,251,0.10177616228313836,0.07534801034904208,0.08312566467198933,19.790123456790123,8.973534971644613,0.5802770083102493,34,38,59,0.2868525896414343,0.36254980079681276,0.3745019920318725,1
16,25,94,7548.0,5001.0,8254.0,307,0.08008573035257668,0.05306157094504981,0.08757652601088606,29.484375,8.0016,0.9341330918967858,32,36,71,0.24104234527687296,0.23452768729641693,0.40716612377850164,1
16,18,84,7454.0,3398.0,9784.0,299,0.08337714343240009,0.0380085233945929,0.10943949172828045,29.1171875,10.487654320987655,1.3866213151927438,32,25,82,0.40468227424749165,0.26421404682274247,0.2809364548494983,1
16,22,70,5967.0,4390.0,6880.0,259,0.08895216231123566,0.06544327007647471,0.10256257360504464,23.30859375,9.070247933884298,1.4040816326530612,29,25,71,0.18146718146718147,0.3436293436293436,0.3281853281853282,1
20,24,99,5127.0,2303.0,7233.0,283,0.06401628188640138,0.02875550949568605,0.09031202786899574,12.8175,3.998263888888889,0.7379859198041017,24,35,74,0.27208480565371024,0.19081272084805653,0.34275618374558303,1
16,24,102,6581.0,4561.5,6174.5,227,0.12771449086921927,0.08852296764928487,0.11982572920103243,25.70703125,7.919270833333333,0.593473663975394,40,33,56,0.3656387665198238,0.3700440528634361,0.45374449339207046,1
24,28,123,8453.0,3754.0,6823.0,279,0.10859315784740689,0.04822651302013078,0.08765303631762182,14.675347222222221,4.788265306122449,0.45098816841826955,38,19,67,0.4229390681003584,0.06810035842293907,0.24731182795698925,1
14,20,110,9450.5,4867.5,8269.5,271,0.1286815266676652,0.06627769229721818,0.11260059095055895,48.21683673469388,12.16875,0.6834297520661157,37,27,73,0.3874538745387454,0.31365313653136534,0.35793357933579334,1
16,24,113,6768.0,3877.0,7587.0,247,0.11093445229392385,0.06354800111458965,0.12435870117523644,26.4375,6.730902777777778,0.5941733886756989,23,31,62,0.3117408906882591,0.23481781376518218,0.46558704453441296,1
16,22,108,5755.5,4209.0,8664.5,347,0.04779958308764295,0.034955858781320334,0.07195890672624139,22.482421875,8.696280991735538,0.7428412208504801,42,33,77,0.31412103746397696,0.2276657060518732,0.3227665706051873,1
18,21,104,6715.5,4223.0,10755.0,315,0.06767951625094482,0.04255983875031494,0.10839002267573696,20.72685185185185,9.575963718820862,0.9943602071005917,27,34,86,0.3333333333333333,0.26666666666666666,0.4126984126984127,1
18,25,114,9897.0,4869.0,12443.0,295,0.11372594082160299,0.05594943981614479,0.14298190175237002,30.546296296296298,7.7904,0.9574484456755925,33,39,97,0.4101694915254237,0.30847457627118646,0.33559322033898303,1
18,24,103,6590.0,3919.0,7894.0,235,0.11933001358080579,0.07096423721140788,0.14294250792213672,20.339506172839506,6.803819444444445,0.7440852106701857,18,35,75,0.07659574468085106,0.4723404255319149,0.3446808510638298,1
16,20,123,6779.5,5342.0,11990.0,383,0.046216826074211424,0.03641718192911534,0.08173755359979276,26.482421875,13.355,0.7925176812743737,32,34,94,0.31070496083550914,0.2950391644908616,0.37597911227154046,1
17,24,125,7891.0,5115.0,9980.0,283,0.09852788772490605,0.06386644857595924,0.12461136985104072,27.304498269896193,8.880208333333334,0.63872,35,37,84,0.31802120141342755,0.4169611307420495,0.3992932862190813,1
21,21,118,7002.0,3723.5,14860.0,355,0.05556040468161079,0.02954572505455267,0.117913112477683,15.877551020408163,8.443310657596372,1.0672220626256823,36,33,101,0.22816901408450704,0.23098591549295774,0.3126760563380282,1
16,20,141,7311.5,3902.0,11976.0,263,0.10570486778759271,0.05641255475718891,0.17314114704564185,28.560546875,9.755,0.6023841859061415,32,32,91,0.2623574144486692,0.29277566539923955,0.376425855513308,1
19,26,154,6083.0,4281.0,8064.0,291,0.07183429576882654,0.05055443369823219,0.09522797321713253,16.850415512465375,6.3328402366863905,0.3400236127508855,30,26,66,0.33676975945017185,0.30584192439862545,0.41580756013745707,1
16,25,152,6262.0,5054.0,12236.0,319,0.06153634496516347,0.049665392439146624,0.1202425290631971,24.4609375,8.0864,0.5296052631578947,37,33,92,0.48589341692789967,0.16614420062695925,0.34796238244514105,1
21,23,149,10446.5,5776.0,18916.5,375,0.07428622222222223,0.04107377777777778,0.13451733333333332,23.688208616780045,10.918714555765595,0.8520562136840683,25,26,99,0.25066666666666665,0.184,0.2693333333333333,1
16,14,81,7467.0,5689.5,19381.5,415,0.04335607490201771,0.03303527362461896,0.11253592683988968,29.16796875,29.028061224489797,2.9540466392318243,41,33,112,0.27710843373493976,0.21204819277108433,0.26987951807228916,1
17,23,94,8613.0,6674.0,26457.0,327,0.0805487753556098,0.06241524750067802,0.2474258620205931,29.802768166089965,12.616257088846881,2.9942281575373473,50,47,136,0.1620795107033639,0.42201834862385323,0.5902140672782875,1
25,27,117,6606.0,6190.0,14982.0,363,0.05013318762379619,0.04697614765233097,0.11369897320310543,10.5696,8.491083676268861,1.0944554021477098,27,28,103,0.26721763085399447,0.15977961432506887,0.3774104683195592,1
17,16,107,8037.0,6319.0,13755.0,319,0.07897917669834219,0.062096480970116254,0.13516966224781596,27.80968858131488,24.68359375,1.2014149707398025,38,28,96,0.4231974921630094,0.22884012539184953,0.3322884012539185,1
16,21,140,6935.0,4129.0,9080.0,263,0.1002616779192991,0.05969437175613353,0.13127267995778455,27.08984375,9.36281179138322,0.463265306122449,48,33,83,0.311787072243346,0.24714828897338403,0.5703422053231939,1
16,24,118,7103.5,5801.5,12192.0,311,0.07344320261370334,0.059981803331231064,0.1260532872902472,27.748046875,10.07204861111111,0.8756104567652974,37,21,95,0.42443729903536975,0.13183279742765272,0.5016077170418006,1
16,19,107,8717.0,5624.0,8362.0,307,0.09248904497660453,0.05967172065486106,0.08872242676314868,34.05078125,15.578947368421053,0.7303694645820595,22,32,71,0.13680781758957655,0.3583061889250814,0.3713355048859935,1
17,27,159,9084.0,7281.0,9014.0,327,0.08495356732037146,0.0680919114552647,0.08429892732560858,31.432525951557093,9.987654320987655,0.3565523515683715,31,18,65,0.15902140672782875,0.11009174311926606,0.23853211009174313,1
22,29,68,8496.0,4388.5,17900.5,359,0.06592127621604425,0.0340507910397964,0.13889169078452215,17.553719008264462,5.218192627824019,3.8712153979238755,29,24,104,0.26740947075208915,0.116991643454039,0.4623955431754875,1
16,23,94,7142.0,5848.5,17043.5,327,0.06679198346566413,0.054695171562438624,0.15939081072487352,27.8984375,11.055765595463138,1.928870529651426,26,39,107,0.22018348623853212,0.40672782874617736,0.45871559633027525,1
16,25,84,7225.0,5483.0,12900.0,267,0.1013480340585504,0.0769122866080321,0.18095358330177166,28.22265625,8.7728,1.8282312925170068,28,25,85,0.4232209737827715,0.20599250936329588,0.50187265917603,1
16,24,72,7240.0,10171.0,32569.0,383,0.04935612077251873,0.06933716911288508,0.22202755489505008,28.28125,17.65798611111111,6.2826003086419755,45,42,144,0.31070496083550914,0.2584856396866841,0.587467362924282,1
16,20,95,8500.0,10441.0,30373.0,391,0.055598799065940174,0.06829494835852722,0.19867086165056483,33.203125,26.1025,3.3654293628808865,50,47,136,0.3069053708439898,0.28388746803069054,0.3657289002557545,1
18,24,111,7097.5,12862.5,30368.0,391,0.04642499722006005,0.08413406505713594,0.19863815647464367,21.905864197530864,22.330729166666668,2.464735005275546,53,38,124,0.38618925831202044,0.35038363171355497,0.47058823529411764,1
16,26,107,11287.5,13501.0,39991.5,391,0.07383193464197645,0.08831051602226568,0.2615858085700643,44.091796875,19.97189349112426,3.493012490173814,50,52,157,0.4398976982097187,0.24808184143222506,0.47570332480818417,1
16,24,107,9979.0,13094.0,33275.0,415,0.05794164610248222,0.07602845115401365,0.19320656118449703,38.98046875,22.73263888888889,2.9063673683291116,54,51,133,0.344578313253012,0.42891566265060244,0.42891566265060244,1
16,25,84,7409.0,8062.0,25750.0,391,0.04846252967994715,0.0527338256552482,0.1684316559938776,28.94140625,12.8992,3.64937641723356,38,35,127,0.3248081841432225,0.23785166240409208,0.37851662404092073,1
16,16,71,8452.0,7958.0,26938.5,443,0.04306773537699555,0.04055052509821706,0.13726694148759994,33.015625,31.0859375,5.343880182503471,40,40,127,0.32505643340857787,0.30699774266365687,0.345372460496614,1
16,18,112,7641.0,6628.0,24175.0,327,0.07145863142833095,0.061985055504119556,0.2260845981913232,29.84765625,20.45679012345679,1.9272161989795917,46,46,126,0.3333333333333333,0.4740061162079511,0.4801223241590214,1
18,24,79,6386.0,5607.0,21387.0,303,0.0695574507945844,0.06107244387805117,0.23295101787406464,19.709876543209877,9.734375,3.426854670725845,46,42,126,0.15181518151815182,0.3234323432343234,0.6270627062706271,1
16,15,70,9669.0,4635.0,15922.0,275,0.12785454545454544,0.06128925619834711,0.2105388429752066,37.76953125,20.6,3.249387755102041,32,29,101,0.52,0.36363636363636365,0.5054545454545455,1
16,18,76,7979.5,5239.5,15381.0,307,0.08466402826555189,0.05559210177296311,0.16319536546806862,31.169921875,16.171296296296298,2.662915512465374,33,30,101,0.36807817589576547,0.23778501628664495,0.36156351791530944,1
16,24,107,8152.0,3053.0,16869.0,331,0.07440603864513833,0.027865755150099033,0.1539690218234591,31.84375,5.300347222222222,1.4734037907240807,38,35,106,0.4078549848942598,0.2054380664652568,0.40483383685800606,1
16,15,104,6923.0,5158.0,13964.0,275,0.09154380165289257,0.06820495867768595,0.1846479338842975,27.04296875,22.924444444444443,1.2910502958579881,39,37,85,0.32727272727272727,0.3927272727272727,0.5781818181818181,1
18,19,105,6667.0,4426.0,12008.0,275,0.08815867768595041,0.058525619834710746,0.15878347107438018,20.57716049382716,12.260387811634349,1.0891609977324264,31,31,95,0.34545454545454546,0.3527272727272727,0.4,1
16,24,67,7568.0,4657.0,17420.0,303,0.08243200557679531,0.05072487446764479,0.18974174645187292,29.5625,8.085069444444445,3.8805970149253732,30,41,106,0.29042904290429045,0.41914191419141916,0.5115511551155115,1
16,23,100,4649.5,3575.5,12824.0,235,0.0841919420552286,0.06474422815753735,0.23221367134449977,18.162109375,6.758979206049149,1.2824,42,35,100,0.3021276595744681,0.4851063829787234,0.6042553191489362,1
16,21,87,6180.5,5358.0,23989.0,295,0.07101982189026142,0.06156851479459925,0.2756564205688021,24.142578125,12.149659863945578,3.1693750825736555,51,50,141,0.6372881355932203,0.5627118644067797,0.7050847457627119,1
16,24,97,5724.0,5484.5,25756.5,379,0.03984934663501368,0.038181995391288005,0.1793116171566614,22.359375,9.52170138888889,2.737432245722181,60,54,151,0.47229551451187335,0.2612137203166227,0.5197889182058048,1
16,18,102,7020.0,5607.0,27457.0,303,0.07646309185373983,0.06107244387805117,0.2990665403173981,27.421875,17.305555555555557,2.6390811226451363,60,60,153,0.45874587458745875,0.19801980198019803,0.6171617161716172,1
18,24,58,7521.0,4128.0,24468.0,327,0.07033639143730887,0.03860505569115955,0.22882473416940213,23.212962962962962,7.166666666666667,7.273483947681331,56,54,148,0.4923547400611621,0.17737003058103976,0.581039755351682,1
16,13,64,9192.0,5982.0,27586.0,295,0.10562482045389256,0.0687388681413387,0.31698937087043955,35.90625,35.396449704142015,6.73486328125,53,53,158,0.6305084745762712,0.4847457627118644,0.6576271186440678,1
16,23,80,10033.0,4879.0,24466.0,335,0.08940075740699488,0.04347516150590332,0.21800846513700156,39.19140625,9.223062381852552,3.8228125,43,43,146,0.44776119402985076,0.46567164179104475,0.6029850746268657,1
14,20,97,10864.0,5130.0,17670.0,335,0.09680552461572733,0.04571173980842058,0.15745154822900423,55.42857142857143,12.825,1.8779891593155489,41,38,110,0.417910447761194,0.417910447761194,0.417910447761194,1
16,23,86,6583.0,5919.0,15020.0,359,0.051078126333594556,0.04592608685531614,0.11654161590924962,25.71484375,11.189035916824196,2.030827474310438,40,29,105,0.24233983286908078,0.19498607242339833,0.48467966573816157,1
23,26,96,8078.0,6135.0,11577.0,319,0.07938208154400998,0.06028832263833885,0.11376657069014652,15.2703213610586,9.075443786982248,1.2561848958333333,34,31,89,0.4231974921630094,0.09717868338557993,0.3730407523510972,1
16,19,80,9906.0,6610.0,20686.0,335,0.0882691022499443,0.05889953218979728,0.18432613054132324,38.6953125,18.310249307479225,3.2321875,42,46,98,0.3253731343283582,0.3283582089552239,0.6,1
20,21,130,7709.0,5391.0,10519.0,343,0.0655254188305893,0.04582274392472524,0.08941002473459188,19.2725,12.224489795918368,0.6224260355029586,31,31,82,0.26239067055393583,0.09037900874635568,0.40524781341107874,1
16,26,103,8224.0,5572.0,22313.0,355,0.06525689347351715,0.04421344971235866,0.17705217218805794,32.125,8.242603550295858,2.103214252050146,42,36,126,0.3183098591549296,0.3323943661971831,0.4084507042253521,1
16,23,92,6139.0,5832.0,22154.0,279,0.0788658932953071,0.07492195629552549,0.28460579900052674,23.98046875,11.024574669187146,2.617438563327032,55,49,131,0.6164874551971327,0.5197132616487455,0.6021505376344086,1
17,21,81,7929.0,5476.0,17979.0,291,0.09363375491550643,0.06466621792373732,0.2123144507032274,27.43598615916955,12.417233560090702,2.740283493369913,44,39,121,0.5326460481099656,0.47766323024054985,0.6185567010309279,1
16,22,132,7282.0,5227.5,21356.0,295,0.08367710428037921,0.06006894570525711,0.24540074691180694,28.4453125,10.800619834710744,1.2256657483930211,48,50,129,0.2542372881355932,0.24745762711864408,0.46440677966101696,1
16,23,80,6840.0,4279.0,22521.0,351,0.055519029878004236,0.034731860942687154,0.18279884091849904,26.71875,8.088846880907372,3.51890625,49,46,138,0.3475783475783476,0.3162393162393162,0.5612535612535613,1
16,15,103,4705.5,5107.5,21669.0,327,0.044005835647953316,0.04776533961787728,0.2026484863788121,18.380859375,22.7,2.0425110755019324,56,53,130,0.42813455657492355,0.2996941896024465,0.5107033639143731,1
14,23,119,7496.0,4831.0,11994.0,271,0.10206832695633229,0.06578069470731608,0.1633147696790621,38.244897959183675,9.132325141776938,0.8469740837511475,30,1,101,0.11070110701107011,0.0036900369003690036,0.3837638376383764,1
16,25,80,5770.0,4741.5,19898.0,327,0.053961039568311685,0.04434250764525994,0.18608609451131125,22.5390625,7.5864,3.1090625,46,42,133,0.3394495412844037,0.14067278287461774,0.5382262996941896,1
18,23,115,6953.0,5036.0,12413.0,303,0.07573331590584802,0.054853010053480596,0.13520460956986788,21.459876543209877,9.51984877126654,0.938601134215501,37,35,104,0.2508250825082508,0.3234323432343234,0.46864686468646866,1
16,21,80,6157.0,4138.5,15174.0,319,0.06050451548235571,0.040668822043808533,0.14911410068690362,24.05078125,9.384353741496598,2.3709375,39,38,110,0.3793103448275862,0.4482758620689655,0.3448275862068966,1
14,22,130,7112.5,7111.0,16337.5,267,0.09976995048324426,0.09974890936890685,0.2291728036583484,36.28826530612245,14.692148760330578,0.966715976331361,47,43,118,0.3970037453183521,0.3970037453183521,0.5655430711610487,1
16,20,131,5219.0,4369.0,16554.0,255,0.08026143790849673,0.06718954248366013,0.2545790080738178,20.38671875,10.9225,0.9646291008682478,37,36,114,0.5568627450980392,0.5098039215686274,0.615686274509804,1
14,15,111,9177.0,11623.0,18454.0,331,0.08376155748852238,0.10608702001624666,0.16843584852274077,46.82142857142857,51.65777777777778,1.4977680383085787,50,44,119,0.459214501510574,0.3202416918429003,0.5981873111782477,1
18,24,83,9936.0,7709.0,22908.0,327,0.09292147125662822,0.07209456742324347,0.2142356142861151,30.666666666666668,13.383680555555555,3.325301204819277,58,39,127,0.5198776758409785,0.2996941896024465,0.5045871559633027,1
16,22,96,5894.0,4407.5,12477.5,247,0.09660869707748038,0.0722434394925339,0.20451900539264697,23.0234375,9.106404958677686,1.3538953993055556,30,31,106,0.22267206477732793,0.2631578947368421,0.4534412955465587,1
16,22,114,5424.0,4962.5,15741.5,299,0.06067046229907943,0.05550832764734175,0.17607744879811188,21.1875,10.25309917355372,1.2112573099415205,43,44,111,0.3612040133779264,0.49498327759197325,0.45484949832775917,1
16,23,112,7631.0,6134.0,18913.0,367,0.05665644558946907,0.04554195220099637,0.14041978186785856,29.80859375,11.59546313799622,1.507732780612245,47,43,122,0.4359673024523161,0.2506811989100817,0.3923705722070845,1
16,25,77,7233.0,5563.0,14513.0,291,0.08541467389378964,0.06569360305145192,0.1713843719370343,28.25390625,8.9008,2.4477989542924607,37,35,109,0.29896907216494845,0.4329896907216495,0.5051546391752577,1
16,18,128,8073.0,3739.0,15367.5,275,0.1067504132231405,0.04944132231404959,0.20320661157024794,31.53515625,11.540123456790123,0.937957763671875,43,43,114,0.2872727272727273,0.5490909090909091,0.5563636363636364,1
18,25,126,7001.0,6769.0,19429.0,355,0.05555246974806586,0.05371156516564174,0.1541678238444753,21.608024691358025,10.8304,1.2237969261778785,47,47,128,0.30985915492957744,0.4112676056338028,0.5154929577464789,1
20,20,108,8782.0,6834.0,16917.0,335,0.07825350857652039,0.0608955223880597,0.15074181332145245,21.955,17.085,1.4503600823045268,45,44,122,0.33134328358208953,0.3701492537313433,0.4955223880597015,1
16,16,102,7881.0,4503.0,21622.0,283,0.09840302663287093,0.056224949743410454,0.26997465319831687,30.78515625,17.58984375,2.078239138792772,49,46,134,0.3215547703180212,0.45229681978798586,0.5724381625441696,1
16,20,105,9990.0,6771.0,16891.0,303,0.10881286148416822,0.07375093945038068,0.18397978411702556,39.0234375,16.9275,1.5320634920634921,36,36,123,0.48184818481848185,0.37623762376237624,0.5379537953795379,1
20,23,99,8147.5,5103.5,14440.5,279,0.10466849089811282,0.06556313510874731,0.18551277604347324,20.36875,9.647448015122873,1.4733700642791552,45,42,119,0.4014336917562724,0.34767025089605735,0.43010752688172044,1
26,25,98,7106.0,6082.0,13018.0,303,0.07739981918983978,0.06624622858325437,0.14179437745754772,10.511834319526628,9.7312,1.3554768846314036,27,37,108,0.2508250825082508,0.20462046204620463,0.38283828382838286,1
16,20,101,6535.5,4803.5,16956.0,263,0.09448596914802875,0.06944585001951742,0.24513871821191574,25.529296875,12.00875,1.662189981374375,46,30,121,0.3574144486692015,0.3688212927756654,0.6653992395437263,1
18,25,140,8479.0,4109.0,12622.0,319,0.08332268747359008,0.04037892709387683,0.12403573078094751,26.169753086419753,6.5744,0.6439795918367347,30,35,104,0.322884012539185,0.109717868338558,0.45768025078369906,1
19,23,141,7448.0,4187.0,14533.0,307,0.0790247111375187,0.04442487453447782,0.15419792252437692,20.63157894736842,7.914933837429111,0.7309994467079121,44,43,108,0.5146579804560261,0.3485342019543974,0.5146579804560261,1
16,21,80,6531.0,6318.0,16561.0,323,0.06260004409128814,0.06055842574931227,0.1587382223542831,25.51171875,14.326530612244898,2.58765625,49,46,128,0.47678018575851394,0.33746130030959753,0.4582043343653251,1
19,23,90,6155.0,4524.0,14257.0,283,0.07685200214761079,0.056487158036684186,0.17801445891445766,17.049861495844876,8.551984877126655,1.7601234567901234,17,30,116,0.06007067137809187,0.2579505300353357,0.5830388692579506,1
20,24,116,5442.0,5769.0,12678.0,271,0.07410029819855395,0.0785528519491837,0.17262836835010417,13.605,10.015625,0.9421819262782402,42,41,108,0.4280442804428044,0.47232472324723246,0.5571955719557196,1
16,20,108,7787.0,4659.0,7564.0,303,0.08481739263035215,0.05074665882429827,0.08238843686348833,30.41796875,11.6475,0.6484910836762688,38,25,82,0.3564356435643564,0.22442244224422442,0.33663366336633666,1
