SrcIPF0,DstIPF0,DstPortF0,SrcIPF2,DstIPF2,DstPortF2,Events_F1,SrcIP_BurstIndex,DstIP_BurstIndex,DstPort_BurstIndex,SrcIP_Concentration,DstIP_Concentration,DstPort_Concentration,SrcIP_MaxCount,DstIP_MaxCount,DstPort_MaxCount,SrcIP_FractionOfMass,DstIP_FractionOfMass,DstPort_FractionOfMass,Attack
114,114,49,885.5,757.5,4857.5,95,0.09811634349030471,0.08393351800554016,0.5382271468144044,0.06813634964604494,0.058287165281625114,2.023115368596418,14,12,67,0.4421052631578947,0.35789473684210527,0.9157894736842105,1
113,121,48,860.75,851.25,4415.25,103,0.0811339428786879,0.08023847676501084,0.4161796587802809,0.06740935077139948,0.058141520387951645,1.9163411458333333,12,0,65,0.2912621359223301,0.0,0.8155339805825242,1
114,93,85,24421.5,26878.5,105903.5,519,0.09066457282234622,0.09978616058003943,0.39316567728810037,1.8791551246537397,3.107700312174818,14.657923875432527,72,66,299,0.47784200385356457,0.3834296724470135,0.8901734104046243,0
113,113,673,69299.0,78542.0,176890.5,863,0.09304764296043472,0.10545820247620404,0.23751055696464274,5.427128201112068,6.150990680554468,0.39054796667910424,98,98,425,0.2954808806488992,0.3128621089223638,0.7265353418308227,0
113,82,136,15842.0,22109.0,27911.75,431,0.08528162531424788,0.11901852380208978,0.15025624323727801,1.2406609758007674,3.2880725758477096,1.5090695285467128,58,70,158,0.14153132250580047,0.16473317865429235,0.6705336426914154,0
115,63,359,6155.0,6070.5,3679.0,247,0.10088675441328329,0.09950171286203675,0.06030257830811848,0.46540642722117204,1.5294784580498866,0.02854571271172632,33,39,50,0.4089068825910931,0.5060728744939271,0.25101214574898784,0
113,87,226,8310.5,7337.75,4493.75,307,0.08817600186739381,0.07785493745291727,0.047679550976668185,0.6508340512177931,0.9694477473906725,0.08798163521027488,39,45,49,0.46254071661237783,0.38762214983713356,0.2280130293159609,0
113,70,261,6762.5,6009.25,3942.0,219,0.1409999791497258,0.12529451012280812,0.0821917808219178,0.5296029446315295,1.2263775510204082,0.05786761791518034,40,34,43,0.4977168949771689,0.2922374429223744,0.2009132420091324,0
114,85,215,4689.5,4719.0,4157.75,211,0.1053323150872622,0.10599492374385122,0.0933885132858651,0.36084179747614653,0.6531487889273356,0.08994591671173607,35,30,48,0.5355450236966824,0.23222748815165878,0.4881516587677725,1
110,100,197,6346.25,6186.0,4778.25,255,0.09759707804690504,0.09513264129181084,0.07348327566320646,0.5244834710743802,0.6186,0.12312221391945168,36,39,47,0.403921568627451,0.34901960784313724,0.48627450980392156,0
86,87,317,5545.5,6039.5,3921.5,271,0.07550959273430373,0.08223608066338967,0.05339660407674188,0.7497971876690103,0.7979257497687937,0.0390241717998985,40,38,48,0.36900369003690037,0.46863468634686345,0.2029520295202952,0
115,82,658,6925.5,4792.0,3369.0,255,0.10650519031141868,0.07369473279507882,0.051810841983852364,0.5236672967863895,0.7126710291493159,0.007781247401631545,48,36,33,0.5215686274509804,0.5411764705882353,0.30980392156862746,1
113,81,207,6449.75,4888.25,2814.25,255,0.09918877354863515,0.07517493271818532,0.04327950788158401,0.5051100321090141,0.7450464868160341,0.06567831221265374,36,35,20,0.5058823529411764,0.36470588235294116,0.2,0
113,122,306,6361.25,5810.25,3445.0,283,0.07942726217083494,0.07254741599970033,0.04301464620609572,0.4981791839611559,0.39036885245901637,0.036791405015165105,39,28,25,0.3286219081272085,0.26855123674911663,0.08833922261484099,0
114,89,274,4310.25,5314.5,4611.25,191,0.1181505441188564,0.1456785724075546,0.12640141443491132,0.3316597414589104,0.6709380128771619,0.06142109329213064,19,19,46,0.18324607329842932,0.2670157068062827,0.4607329842931937,1
113,115,222,8051.25,6440.0,8325.75,351,0.06535052475223416,0.052272302984553695,0.06757859108286458,0.6305309734513275,0.48695652173913045,0.16893413683954225,49,15,70,0.39316239316239315,0.05982905982905983,0.43304843304843305,0
115,74,238,5050.75,4651.25,3371.75,235,0.09145767315527388,0.08422363060208239,0.06105477591670439,0.3819092627599244,0.8493882395909423,0.0595252807005155,40,31,37,0.41702127659574467,0.3617021276595745,0.1574468085106383,1
98,82,202,7749.5,6402.5,3881.5,287,0.09408272529713849,0.07772948560744941,0.0471233109543639,0.8069033735943357,0.9521861986912552,0.09512547789432409,43,34,46,0.3693379790940767,0.3867595818815331,0.29965156794425085,0
110,79,215,5054.5,4994.5,2871.0,227,0.09809039569950902,0.09692600283335598,0.05571619864542297,0.4177272727272727,0.8002723922448326,0.06210924824229313,38,33,43,0.41409691629955947,0.45374449339207046,0.3392070484581498,0
114,100,259,4156.5,4296.5,3667.5,203,0.10086388895629596,0.10426120507656095,0.08899754907908466,0.3198291782086796,0.42965,0.05467270911286355,38,29,48,0.4039408866995074,0.5862068965517241,0.4975369458128079,1
113,114,248,6398.5,5675.0,3931.0,307,0.06788931447548516,0.06021284045454063,0.04170866534392938,0.5010964053567233,0.4366728224068944,0.06391454214360041,42,40,32,0.3550488599348534,0.3289902280130293,0.2768729641693811,0
114,101,159,6121.5,5998.5,3614.0,223,0.12309718675219691,0.12062378089243701,0.07267389249733557,0.4710295475530933,0.5880305852367415,0.14295320596495392,30,25,44,0.4125560538116592,0.3004484304932735,0.34977578475336324,1
113,71,370,7592.25,6491.25,5143.25,283,0.0947976626003571,0.08105045636729138,0.06421918116095843,0.5945845406844702,1.2876909343384249,0.03756939371804237,42,31,49,0.3321554770318021,0.3321554770318021,0.33568904593639576,1
113,110,228,7245.25,6121.0,4078.25,263,0.10474706877358354,0.0884934002226431,0.058960661568043485,0.5674093507713995,0.5058677685950413,0.07845202369959987,21,28,37,0.07984790874524715,0.18250950570342206,0.376425855513308,1
113,115,288,5284.0,5422.5,4294.5,247,0.08661017226966514,0.08888032913176744,0.0703912537494468,0.4138147074947138,0.4100189035916824,0.05177589699074074,52,28,46,0.21052631578947367,0.38866396761133604,0.3441295546558704,1
114,114,261,4863.0,4286.0,2659.5,267,0.06821529268190044,0.06012147736677468,0.03730589572023734,0.37419205909510617,0.32979378270237,0.03904082441537852,32,29,32,0.19850187265917604,0.19850187265917604,0.1760299625468165,1
113,101,261,7486.0,6790.5,5720.5,247,0.12270320772345064,0.11130325034011375,0.09376485436574931,0.5862636071736236,0.6656700323497696,0.08397557287767356,29,35,44,0.4574898785425101,0.4048582995951417,0.29959514170040485,1
115,73,332,3830.5,4080.0,3347.0,191,0.10499986294235356,0.11183903950001371,0.09174638853101615,0.289640831758034,0.7656220679301933,0.030365437654231383,30,24,34,0.5602094240837696,0.3403141361256545,0.17801047120418848,0
113,94,283,6456.5,5829.0,3625.0,243,0.10934139443513015,0.09871462683534014,0.06138969330555979,0.5056386561202914,0.659687641466727,0.04526214586272771,32,36,46,0.37448559670781895,0.5267489711934157,0.4691358024691358,0
86,114,297,5337.5,5175.75,3391.5,225,0.1054320987654321,0.10223703703703704,0.06699259259259259,0.7216738777717685,0.39825715604801476,0.03844845764037683,44,40,39,0.5155555555555555,0.5111111111111111,0.4577777777777778,0
113,93,243,4272.5,5132.75,2935.25,195,0.11236028928336621,0.1349835634451019,0.07719263642340565,0.3345994204714543,0.5934501098392878,0.049708716489695,29,35,0,0.5794871794871795,0.5794871794871795,0.0,0
114,114,341,6035.0,5104.0,3572.25,255,0.09281045751633987,0.07849288735101884,0.05493656286043829,0.4643736534318252,0.3927362265312404,0.030720840034055435,40,31,36,0.3568627450980392,0.33725490196078434,0.40784313725490196,1
115,91,347,5027.25,5153.25,3504.5,263,0.07268068065173705,0.07450230594630543,0.05066576067313392,0.3801323251417769,0.622298031638691,0.029104967236668354,34,26,36,0.41064638783269963,0.4524714828897338,0.3041825095057034,1
111,100,283,6470.5,5721.0,3822.0,255,0.09950788158400616,0.08798154555940023,0.05877739331026528,0.5251602954305657,0.5721,0.0477219093758194,44,26,30,0.4392156862745098,0.28627450980392155,0.13333333333333333,1
113,50,203,5466.0,4979.25,4805.0,291,0.06454812767917242,0.058800085024976086,0.056742362513432766,0.42806797713211686,1.9917,0.11660074255623772,28,34,47,0.3470790378006873,0.35738831615120276,0.22336769759450173,1
113,115,427,4237.0,5018.5,4767.0,251,0.06725290074760717,0.07965746575451184,0.07566546562752972,0.33181924974547733,0.37947069943289224,0.02614504549468269,26,27,48,0.4103585657370518,0.15139442231075698,0.3904382470119522,1
114,105,189,5285.5,5383.25,3590.25,267,0.07414187322027241,0.07551305250459397,0.05036190716660354,0.4067020621729763,0.4882766439909297,0.10050810447635844,28,25,41,0.352059925093633,0.33707865168539325,0.37453183520599254,1
113,101,173,5516.5,5060.75,3242.0,239,0.09657569020150207,0.08859701335760929,0.05675670944136132,0.4320228678831545,0.4961033232036075,0.10832303117377794,40,28,41,0.502092050209205,0.401673640167364,0.41422594142259417,1
115,115,269,7012.0,5646.0,4094.5,251,0.11129982063776765,0.08961762511706163,0.06499103188838272,0.5302079395085066,0.4269187145557656,0.0565843479222233,41,28,28,0.24302788844621515,0.5099601593625498,0.35856573705179284,1
113,114,227,4961.5,4037.0,3665.5,235,0.0898415572657311,0.07310095065640561,0.0663739248528746,0.38855822695590886,0.3106340412434595,0.07113470084806614,27,31,43,0.2851063829787234,0.26382978723404255,0.1829787234042553,1
113,100,340,6596.5,5696.5,3783.5,247,0.108123391630743,0.09337146978314675,0.062015440344867154,0.5166027096875244,0.56965,0.03272923875432526,42,33,46,0.3481781376518219,0.30364372469635625,0.27125506072874495,1
113,101,318,6400.5,6076.75,4760.25,251,0.10159362549800798,0.09645481817748924,0.07555832447104015,0.5012530346933981,0.5957014018233506,0.04707339503975318,31,36,46,0.4342629482071713,0.40239043824701193,0.2868525896414343,1
114,113,274,6136.5,5178.0,3413.5,215,0.13275283937263385,0.11201730665224445,0.07384532179556517,0.4721837488457987,0.4055133526509515,0.04546725984335873,38,25,35,0.4186046511627907,0.23255813953488372,0.386046511627907,1
115,122,281,4214.75,4382.25,2325.0,247,0.06908406956350702,0.07182956612958744,0.03810913143962366,0.31869565217391305,0.2944269013705993,0.029444915844530843,22,0,30,0.3117408906882591,0.0,0.291497975708502,1
113,128,570,5816.5,5485.0,3956.0,279,0.07472283244048766,0.07046415128274303,0.05082154648578512,0.4555172683843684,0.33477783203125,0.012176054170514004,29,33,42,0.2724014336917563,0.2831541218637993,0.3225806451612903,1
113,121,325,8188.0,7327.5,4977.75,327,0.0765741753874066,0.06852677945178576,0.046551917627584656,0.6412405043464641,0.5004781094187556,0.04712662721893491,47,22,28,0.30275229357798167,0.12232415902140673,0.1651376146788991,1
113,122,291,8300.0,7212.0,5086.5,255,0.12764321414840446,0.11091118800461361,0.07822376009227221,0.6500117472002506,0.4845471647406611,0.0600666028979346,32,39,43,0.45098039215686275,0.3411764705882353,0.41568627450980394,1
114,114,378,5238.0,7403.0,3903.5,263,0.07572756581705678,0.10702771472769593,0.056434240772600446,0.40304709141274236,0.569636811326562,0.0273193639595756,30,32,44,0.49429657794676807,0.4068441064638783,0.4372623574144487,1
113,121,300,12948.0,9754.25,7220.25,307,0.13738076796570786,0.10349446678479347,0.07660823987522414,1.014018325632391,0.6662283996994741,0.080225,45,51,68,0.30944625407166126,0.49185667752442996,0.5244299674267101,1
115,100,288,12192.0,8604.5,8946.5,263,0.17626393326490192,0.1243982130723301,0.12934262458615853,0.9218903591682419,0.86045,0.10786193094135803,50,13,68,0.35361216730038025,0.049429657794676805,0.5285171102661597,1
113,122,285,8728.75,6417.5,3825.25,287,0.10597129988223725,0.07791159295365975,0.0464404084060751,0.6835891612499021,0.43116769685568396,0.047094490612496154,43,39,39,0.519163763066202,0.4808362369337979,0.36585365853658536,1
113,122,281,7533.75,7000.75,6436.5,343,0.06403581840899625,0.059505393161012846,0.05470934729576962,0.5900031325867335,0.47035407148615965,0.08151492508960119,33,31,48,0.17784256559766765,0.23615160349854228,0.4606413994169096,1
113,105,280,11362.75,9000.0,7062.25,315,0.11451499118165785,0.09070294784580499,0.07117409926933736,0.88986999765056,0.8163265306122449,0.09007971938775511,77,45,67,0.5523809523809524,0.2698412698412698,0.37777777777777777,1
114,101,258,10081.5,9081.5,8174.0,335,0.0898329249276008,0.08092225439964357,0.07283582089552239,0.7757386888273314,0.8902558572688952,0.12279911063037077,44,38,60,0.42686567164179107,0.2955223880597015,0.5194029850746269,1
115,122,190,10582.5,7563.0,8993.0,311,0.1094126404813846,0.07819398062468337,0.0929787739994417,0.8001890359168242,0.5081295350712174,0.24911357340720222,61,35,60,0.4630225080385852,0.2572347266881029,0.5401929260450161,1
113,108,300,8214.0,7076.0,4516.75,247,0.1346358733957285,0.1159828877706568,0.07403415889458932,0.6432766857232359,0.6066529492455418,0.05018611111111111,44,0,41,0.3117408906882591,0.0,0.3522267206477733,1
113,101,300,10586.0,9469.0,8529.5,335,0.09432835820895523,0.084375139229227,0.07600356426821119,0.8290390790195004,0.9282423291834134,0.09477222222222222,48,19,66,0.3582089552238806,0.056716417910447764,0.417910447761194,1
113,100,236,8769.0,10435.5,9164.5,331,0.08003760462208268,0.0952483091611066,0.08364746579531038,0.6867413266504816,1.04355,0.16454503016374605,44,41,66,0.4501510574018127,0.23564954682779457,0.5166163141993958,0
113,122,335,8773.5,6615.0,8358.0,319,0.08621672349917946,0.06500525741688859,0.08213362683149733,0.6870937426579998,0.444436979306638,0.07447538427266652,48,32,61,0.329153605015674,0.1786833855799373,0.5141065830721003,1
114,121,337,8676.75,7156.25,5411.25,267,0.12171232588477886,0.10038364965141887,0.07590581997222573,0.6676477377654663,0.4887815039956287,0.04764724528700614,42,41,56,0.40074906367041196,0.4044943820224719,0.3782771535580524,1
115,115,340,11105.5,10755.0,10095.5,343,0.0943951924793241,0.091415991636138,0.08581033412948687,0.8397353497164461,0.8132325141776937,0.08733131487889273,42,50,72,0.18075801749271136,0.2594752186588921,0.5335276967930029,1
113,101,234,7372.0,5292.5,6020.0,213,0.16248980581454298,0.11665454385152858,0.1326897220569111,0.5773357349831624,0.5188216841486128,0.10994228942946892,46,38,51,0.5492957746478874,0.40375586854460094,0.6854460093896714,1
113,122,194,9208.5,6999.0,7138.5,295,0.10581442114334962,0.08042516518241885,0.08202815282964665,0.72116062338476,0.4702364955657081,0.18967212243596557,40,24,58,0.26101694915254237,0.1423728813559322,0.39322033898305087,1
113,115,200,8053.5,8431.5,7540.0,295,0.09254237288135593,0.09688595231255387,0.08664176960643494,0.6307071814550865,0.6375425330812854,0.1885,40,44,55,0.4542372881355932,0.37966101694915255,0.535593220338983,1
114,140,311,9165.0,8959.0,9897.75,367,0.06804564589535894,0.0665161965713607,0.07348595653691095,0.7052169898430286,0.4570918367346939,0.10233299903847148,33,44,79,0.3079019073569482,0.2888283378746594,0.31607629427792916,0
115,128,173,7750.5,9906.0,10086.5,335,0.0690621519269325,0.0882691022499443,0.08987747828024059,0.5860491493383743,0.6046142578125,0.3370142670988005,48,49,73,0.41492537313432837,0.5343283582089552,0.5552238805970149,1
113,101,379,9505.0,7174.5,4801.0,303,0.10353015499569759,0.0781459334052217,0.05229334814669586,0.744380922546793,0.7033134006469954,0.03342360468111472,24,33,46,0.17491749174917492,0.20462046204620463,0.29042904290429045,1
113,114,197,10177.5,9581.0,9436.0,311,0.10522533886126074,0.09905811561088078,0.09755895824071298,0.7970475370036808,0.737226839027393,0.24313947795614418,71,48,68,0.6045016077170418,0.15434083601286175,0.5980707395498392,1
113,121,155,9297.5,8907.0,8202.5,335,0.08284695923368234,0.07936734239251504,0.07308977500556917,0.7281306288667867,0.6083600846936684,0.3414151925078044,51,44,72,0.31343283582089554,0.3492537313432836,0.24776119402985075,0
113,70,492,10037.75,7604.5,6382.5,255,0.1543675509419454,0.11694732795078816,0.09815455594002306,0.786103062103532,1.551938775510204,0.026366993852865356,46,27,53,0.6039215686274509,0.1803921568627451,0.35294117647058826,0
114,85,149,8743.25,8369.0,7979.75,307,0.09276756252055725,0.08879669810820275,0.08466668081358954,0.6727646968297938,1.1583391003460208,0.3594320075672267,57,32,65,0.19218241042345277,0.10749185667752444,0.39087947882736157,1
115,93,193,8846.0,7444.5,7494.5,287,0.1073947723051148,0.09037987592419479,0.0909869004115626,0.6688846880907372,0.8607353451266042,0.20120003221562996,51,33,57,0.5400696864111498,0.39372822299651566,0.5470383275261324,0
113,88,661,10766.25,9751.0,6629.75,311,0.11131243473495932,0.1008157483896982,0.06854509361979301,0.843155297987313,1.259168388429752,0.015173795720507826,52,47,59,0.5530546623794212,0.3762057877813505,0.40514469453376206,0
113,92,325,11686.5,9386.0,7256.5,339,0.1016915968360874,0.08167349744607165,0.06314337675446612,0.9152243715247866,1.1089319470699432,0.06870059171597633,45,31,61,0.44837758112094395,0.1592920353982301,0.4808259587020649,0
113,76,298,13577.5,9680.75,9286.75,335,0.12098462909333928,0.08626197371352194,0.08275116952550679,1.0633174093507713,1.6760301246537397,0.10457580739606324,57,53,67,0.4298507462686567,0.5014925373134328,0.5522388059701493,1
113,80,203,10181.0,8470.0,10316.5,279,0.13079225600904407,0.10881155175293226,0.1325329839030845,0.7973216383428616,1.3234375,0.25034579824795555,52,37,72,0.5663082437275986,0.30824372759856633,0.6451612903225806,0
115,80,186,9294.75,8405.5,6702.5,311,0.09609857218184262,0.0869046018961756,0.0692972570589634,0.7028166351606805,1.313359375,0.19373627008902763,45,43,60,0.4758842443729904,0.4983922829581994,0.44694533762057875,0
113,88,167,9617.5,10511.5,7531.0,351,0.07806348974440143,0.08531992435126338,0.061127750586440044,0.7531913227347482,1.357373450413223,0.27003478073792536,46,38,60,0.4074074074074074,0.4131054131054131,0.42165242165242167,1
113,87,335,8539.0,8179.5,6625.0,295,0.09812122953174375,0.09399023269175524,0.07612754955472566,0.6687289529328844,1.0806579468886246,0.059033192247716644,35,37,61,0.45084745762711864,0.3016949152542373,0.3728813559322034,1
113,55,398,10604.5,10747.0,8078.0,343,0.09013676274341473,0.09134799275811949,0.0686618670791932,0.8304879003837419,3.5527272727272727,0.05099618696497563,49,34,62,0.37026239067055394,0.25072886297376096,0.4314868804664723,1
113,94,167,9045.5,7694.5,7383.5,283,0.1129431008003596,0.0960743672664161,0.09219118730412416,0.7083953324457671,0.8708125848800362,0.26474595718742155,44,44,54,0.5477031802120141,0.44876325088339225,0.2791519434628975,1
115,122,257,10602.5,9953.5,9989.5,335,0.09447538427266652,0.08869235910002228,0.08901314323902873,0.8017013232514177,0.6687382424079549,0.1512437735620524,52,34,78,0.4746268656716418,0.2716417910447761,0.41194029850746267,0
113,83,339,9090.5,7378.0,6111.5,295,0.10445848893995978,0.08478023556449296,0.07022694627980465,0.7119194925209492,1.070982726085063,0.05318001061598837,36,39,49,0.30847457627118646,0.27796610169491526,0.535593220338983,1
113,81,188,7619.0,7308.75,6135.75,279,0.09787900977633894,0.09389332100050102,0.07882414151925078,0.5966794580624951,1.1139689071787837,0.1736008940697148,37,35,48,0.4014336917562724,0.43010752688172044,0.35125448028673834,0
113,113,229,7332.75,6260.75,4461.25,219,0.1528898480015012,0.13053835407935616,0.09301828569045682,0.5742618842509202,0.4903085597932493,0.08507179496958486,35,36,42,0.4429223744292237,0.3515981735159817,0.4931506849315068,1
113,86,198,7609.5,6797.0,4277.5,291,0.089860771601658,0.08026593923076014,0.050513102112634475,0.59593546871329,0.9190102758247701,0.10910876441179472,38,43,57,0.23024054982817868,0.3539518900343643,0.32989690721649484,0
86,115,148,7204.5,6028.0,4302.0,255,0.11079584775086505,0.09270280661284122,0.06615916955017301,0.9741076257436452,0.4558034026465028,0.19640248356464574,35,33,55,0.5098039215686274,0.5686274509803921,0.36470588235294116,1
115,74,332,5698.75,6266.75,3701.0,271,0.07759630179327623,0.08533040127449244,0.05039419397884016,0.43090737240075616,1.1444028487947406,0.03357707940194513,37,36,48,0.5202952029520295,0.3874538745387454,0.23247232472324722,0
113,122,351,6076.5,5460.75,3679.75,235,0.11003168854685377,0.09888184698958805,0.06663196016296967,0.4758790821520871,0.3668872614888471,0.02986785821543656,28,19,44,0.502127659574468,0.1702127659574468,0.44680851063829785,1
113,114,277,5871.5,4484.0,3154.25,223,0.11806993906975809,0.09016871443222264,0.06342878400933057,0.4598245751429243,0.34502923976608185,0.041108967926077496,40,33,14,0.5829596412556054,0.4484304932735426,0.13004484304932734,1
113,128,367,5803.0,5011.0,4699.5,267,0.0814010576666807,0.0702913492965254,0.06592181121912216,0.45446002036181377,0.30584716796875,0.03489149076762022,11,23,49,0.04119850187265917,0.08614232209737828,0.45318352059925093,1
113,113,310,6136.0,5268.5,3556.5,243,0.10391369879252824,0.08922251011871496,0.06022963979068231,0.48053880491816114,0.4126008301354844,0.037008324661810615,34,31,40,0.6049382716049383,0.4444444444444444,0.2839506172839506,1
115,115,394,4087.0,4500.5,4446.5,339,0.0355635610549856,0.03916168498359743,0.03869179697357315,0.3090359168241966,0.34030245746691873,0.028643484758689993,37,31,47,0.3008849557522124,0.2713864306784661,0.25958702064896755,1
114,121,360,5802.0,6530.0,3852.5,283,0.07244440559877137,0.08153429309892744,0.04810273570652649,0.44644506001846723,0.44600778635339117,0.029726080246913582,37,34,54,0.392226148409894,0.26501766784452296,0.254416961130742,1
113,121,311,7100.0,7404.5,4187.75,259,0.10584219078427573,0.11038147910734783,0.06242825837420432,0.5560341451953951,0.5057373130250666,0.043297215702898025,25,29,50,0.2471042471042471,0.23166023166023167,0.24324324324324326,1
113,108,183,7370.5,7824.0,3576.5,271,0.10035947222940864,0.10653449707928814,0.04869895562424259,0.5772182629806563,0.6707818930041153,0.10679626145898653,36,8,51,0.44649446494464945,0.02952029520295203,0.2177121771217712,1
113,115,211,5598.25,4574.0,4052.75,227,0.10864270604902095,0.08876554949640009,0.07864988647169555,0.4384250920197353,0.3458601134215501,0.09103007569461602,28,31,46,0.5022026431718062,0.6035242290748899,0.2026431718061674,1
113,122,419,4996.5,4746.0,2896.25,251,0.07930826494817543,0.0753321375851177,0.04597149251599181,0.3912992403477171,0.31886589626444506,0.016497114962890393,28,26,0,0.46215139442231074,0.3147410358565737,0.0,1
115,94,173,5406.75,5661.0,4450.25,243,0.09156378600823045,0.09586953208352385,0.07536537451946689,0.40882797731569,0.640674513354459,0.14869357479367837,33,24,55,0.49794238683127573,0.1934156378600823,0.39094650205761317,0
113,122,242,6637.5,5155.0,3481.5,271,0.09037867131438843,0.07019239934096758,0.04740540025326453,0.5198136110893571,0.34634506852996505,0.05944778362133734,32,28,40,0.42066420664206644,0.45387453874538747,0.23247232472324722,1
113,115,182,6653.0,5326.5,4546.5,303,0.07246566240782494,0.0580171878573996,0.04952128876253962,0.5210274884485864,0.4027599243856333,0.13725697379543533,31,27,47,0.4158415841584158,0.0891089108910891,0.29042904290429045,1
113,121,363,8228.5,6297.5,4805.5,295,0.09455328928468831,0.07236426314277507,0.05521976443550704,0.6444122484141279,0.43012772351615325,0.036469123997298306,38,31,46,0.4576271186440678,0.26440677966101694,0.2542372881355932,1
113,113,319,7830.0,6626.75,4315.75,295,0.08997414536052858,0.07614765871875898,0.04959207124389543,0.6132038530816822,0.5189717284047302,0.042410648480262575,29,45,51,0.22372881355932203,0.26101694915254237,0.2745762711864407,1
115,121,307,6572.0,5524.0,3807.5,211,0.14761573190179916,0.12407627861009411,0.08552143932076997,0.496937618147448,0.37729663274366504,0.04039830661333277,33,24,40,0.5876777251184834,0.2132701421800948,0.32701421800947866,1
114,95,268,9029.0,7100.0,4925.0,339,0.07856701560202226,0.06178157168837723,0.04285552684017716,0.6947522314558325,0.7867036011080333,0.06857039429717086,30,27,30,0.18584070796460178,0.2182890855457227,0.16224188790560473,0
111,87,240,8785.5,8637.5,7070.0,303,0.0956932326896056,0.09408119029724754,0.07700770077007701,0.7130508887265644,1.1411679217862334,0.12274305555555555,56,50,49,0.49174917491749176,0.5742574257425742,0.1617161716171617,0
113,73,266,13963.75,11776.5,12620.0,343,0.11868991661637583,0.10009859837312685,0.10726823007420377,1.0935664499960842,2.2098892850440985,0.17835943241562552,64,64,62,0.6005830903790087,0.4518950437317784,0.18075801749271136,0
111,121,321,9704.75,11557.0,7975.0,271,0.13214348933157227,0.157364414972563,0.10859056930052695,0.7876592809025241,0.7893586503654122,0.07739637619976514,68,66,66,0.4981549815498155,0.44649446494464945,0.42435424354243545,0
113,94,457,7631.0,7489.0,6475.0,283,0.09528149933199316,0.09350847182509459,0.08084755709273433,0.5976192340825437,0.8475554549569941,0.031003260729043473,39,33,50,0.4628975265017668,0.2332155477031802,0.17667844522968199,1
115,94,218,7246.5,6424.5,4274.0,279,0.09309361390526844,0.08253362623810075,0.054906797189141966,0.5479395085066162,0.7270823902218199,0.08993350728053194,26,24,47,0.24731182795698925,0.15412186379928317,0.27598566308243727,1
113,83,367,5997.0,6105.5,4777.0,319,0.058932203889505805,0.05999842768840715,0.046943327994025216,0.46965306601926543,0.8862679634199448,0.035466890391939954,41,32,45,0.46394984326018807,0.1755485893416928,0.14106583072100312,1
113,85,313,6515.0,5868.0,3085.0,247,0.10678752315232179,0.09618253044632759,0.05056630988870495,0.510220064218028,0.8121799307958477,0.031489552817728056,36,21,34,0.29959514170040485,0.08502024291497975,0.13765182186234817,0
113,94,236,7544.5,7362.5,5748.5,287,0.09159392489893042,0.08938435576491156,0.06978960531267832,0.5908450152713604,0.8332390221819828,0.10321207986210859,40,27,57,0.3867595818815331,0.32752613240418116,0.2926829268292683,0
113,101,269,6295.0,5222.0,4806.5,231,0.1179700530349881,0.09786173422537059,0.09007514851670696,0.49299083718380454,0.5119105970002941,0.06642390237835298,32,32,48,0.329004329004329,0.37662337662337664,0.2943722943722944,1
115,121,223,5896.5,6243.0,5183.5,267,0.08271262046037958,0.08757311787232251,0.07271107744532818,0.4458601134215501,0.42640530018441364,0.10423495344768646,34,28,51,0.4419475655430712,0.35580524344569286,0.2397003745318352,0
111,73,422,7298.5,8956.75,4624.25,343,0.06203622640226436,0.0761311188365392,0.039305476459638417,0.5923626329031735,1.6807562394445488,0.02596667864603221,42,40,61,0.3760932944606414,0.29737609329446063,0.2536443148688047,1
113,101,230,5134.5,5956.0,5973.0,219,0.10705573278288609,0.12418423302266425,0.12453868768374304,0.4021066645782755,0.583864327026762,0.11291115311909262,35,20,55,0.4429223744292237,0.091324200913242,0.5296803652968036,0
113,84,167,6453.5,5943.5,4945.0,271,0.0878732588063888,0.08092890892008552,0.06733296115248975,0.5054037121152792,0.8423327664399093,0.1773100505575675,32,24,56,0.4612546125461255,0.25830258302583026,0.21033210332103322,1
111,115,236,7526.75,5682.5,4600.0,291,0.08888357482788346,0.06710478147400244,0.054321512499852384,0.610887914941969,0.42967863894139885,0.08259120942257972,46,30,48,0.3848797250859107,0.3333333333333333,0.3436426116838488,1
113,121,541,8075.0,5636.25,3913.0,271,0.10995220653313544,0.07674527852289593,0.053280864911970156,0.6323909468243402,0.384963458780138,0.013369504682572494,37,33,43,0.5166051660516605,0.5129151291512916,0.25092250922509224,1
115,121,169,8704.5,6782.0,4663.5,279,0.11182410297914981,0.08712632160429594,0.05991058696573785,0.6581852551984877,0.46321972542859097,0.1632820979657575,44,29,6,0.3333333333333333,0.3225806451612903,0.035842293906810034,1
114,101,285,7971.0,6074.0,4995.0,263,0.11523948589686131,0.08781390507308187,0.0722144313203892,0.613342566943675,0.5954318204097637,0.06149584487534626,30,32,53,0.3269961977186312,0.12167300380228137,0.20152091254752852,0
113,115,175,7515.0,5065.5,4354.5,315,0.07573696145124717,0.051050642479213905,0.04388510959939532,0.5885347325554077,0.38302457466918716,0.14218775510204082,29,23,43,0.30793650793650795,0.2857142857142857,0.15873015873015872,0
111,122,218,8121.0,7268.5,6305.5,263,0.11740808743801413,0.10508320201246223,0.09116078011826106,0.659118578037497,0.48834318731523785,0.13268032993855736,46,31,58,0.34980988593155893,0.44106463878326996,0.30798479087452474,1
113,107,250,10743.25,7782.75,5753.25,275,0.1420595041322314,0.10291239669421487,0.07607603305785124,0.8413540606155533,0.6797755262468338,0.092052,31,30,59,0.2,0.20363636363636364,0.2690909090909091,1
115,121,284,6989.0,5206.0,3790.0,283,0.08726541722333904,0.06500268451347875,0.047322353881307046,0.528468809073724,0.3555768048630558,0.04698968458639159,23,26,27,0.10600706713780919,0.17314487632508835,0.14840989399293286,0
114,122,248,9235.0,9727.0,7094.5,279,0.11863927750157371,0.12495985406148431,0.09114091545586517,0.7106032625423208,0.653520558989519,0.11535022112382934,61,56,63,0.2903225806451613,0.26881720430107525,0.6594982078853047,1
113,122,293,6673.5,5358.25,5304.25,227,0.1295095965378719,0.10398513458440878,0.10293718100487104,0.5226329391495027,0.3600006718624026,0.061785809968665915,34,26,0,0.4933920704845815,0.3039647577092511,0.0,1
113,85,559,6370.0,4385.0,4956.0,279,0.08183348107038707,0.05633278092521936,0.06366824681080664,0.498864437309108,0.6069204152249135,0.015860164297989317,21,19,47,0.15770609318996415,0.06810035842293907,0.34408602150537637,1
113,122,230,6628.0,7117.5,3450.0,235,0.1200181077410593,0.12888184698958804,0.06247170665459484,0.5190696217401519,0.4781980650362806,0.06521739130434782,28,39,42,0.5276595744680851,0.4297872340425532,0.1829787234042553,1
113,114,361,7330.0,7759.0,4607.5,279,0.09416631338240773,0.09967754782184196,0.059191171747536644,0.5740465189129924,0.5970298553401047,0.035355008018661614,27,37,47,0.30824372759856633,0.22939068100358423,0.2939068100358423,1
115,121,246,6151.5,5216.0,4755.5,311,0.06360045905232577,0.05392830926065694,0.04916719223333092,0.46514177693761816,0.35625981831842085,0.07858252363011435,31,27,44,0.37942122186495175,0.31511254019292606,0.2604501607717042,1
114,109,410,8384.5,6420.75,4533.0,311,0.08668748255290992,0.06638423920348219,0.046866761096349296,0.6451600492459219,0.5404216816766265,0.026966091612135635,38,25,42,0.1864951768488746,0.1382636655948553,0.13504823151125403,1
113,114,412,7802.0,7559.5,2732.75,287,0.0947201010088747,0.09177603224514076,0.033176923357088224,0.6110110423682356,0.5816789781471222,0.016099243566782922,41,41,35,0.5296167247386759,0.3170731707317073,0.2264808362369338,0
113,87,206,6650.0,5524.0,4166.0,227,0.12905354266529528,0.10720176987715656,0.08084767800655941,0.5207925444435743,0.7298189985467036,0.09817136393628052,44,30,48,0.33480176211453744,0.13656387665198239,0.4933920704845815,1
113,122,253,7162.0,5846.0,4176.0,207,0.16714509090060445,0.13643258885854978,0.09745851711825247,0.5608896546323127,0.39277076054823973,0.0652408255089128,52,39,48,0.782608695652174,0.3961352657004831,0.4057971014492754,1
115,101,331,6529.25,4952.25,4441.25,227,0.12671020202216227,0.09610607619010654,0.08618933028003649,0.49370510396975426,0.4854671110675424,0.04053677859822382,36,31,49,0.44493392070484583,0.2511013215859031,0.45374449339207046,0
111,115,204,4284.25,3961.75,3736.25,227,0.08314250228026936,0.07688389062469678,0.07250771410273826,0.3477193409625842,0.2995652173913044,0.08977917147251058,26,26,40,0.20704845814977973,0.40969162995594716,0.22466960352422907,0
86,55,437,5739.0,5745.0,3150.0,295,0.06594656707842574,0.06601551278368285,0.03619649525998277,0.7759599783666847,1.8991735537190082,0.01649482376720829,34,25,36,0.26440677966101694,0.2305084745762712,0.2033898305084746,0
113,74,329,4689.5,4261.0,3128.5,199,0.11841872679982829,0.10759829297239969,0.07900053028963915,0.3672566371681416,0.7781227173119065,0.028903095869402536,35,35,40,0.39195979899497485,0.6331658291457286,0.31155778894472363,1
113,114,287,4811.5,5622.0,3957.5,247,0.0788654132996771,0.09215033847465127,0.06486747856873576,0.3768110267053019,0.4325946445060018,0.048045988175162986,31,30,46,0.2550607287449393,0.13360323886639677,0.26720647773279355,0
115,121,319,5922.5,5217.0,4471.75,247,0.09707584126932092,0.08551197364323297,0.07329656280220952,0.44782608695652176,0.3563281196639574,0.043943652283291244,33,34,51,0.562753036437247,0.4898785425101215,0.32388663967611336,0
113,114,247,5151.5,5256.0,3846.75,231,0.09654054459249264,0.0984989036937089,0.0720891662450104,0.40343801394001094,0.40443213296398894,0.06305217263026766,36,25,50,0.5151515151515151,0.3722943722943723,0.33766233766233766,0
114,94,234,6287.25,5401.5,4431.75,231,0.11782481587676392,0.1012256142126272,0.08305222915612526,0.48378347183748843,0.6113060208239022,0.08093633574402805,47,29,43,0.5367965367965368,0.12554112554112554,0.39826839826839827,0
113,97,270,5207.5,5057.5,4498.0,235,0.0942960615663196,0.09157990040742417,0.08144861928474423,0.40782363536690425,0.5375172706982676,0.06170096021947874,43,30,52,0.4851063829787234,0.3659574468085106,0.37872340425531914,0
113,85,345,4646.0,5325.75,4364.5,267,0.06517134480775436,0.07470647645499305,0.06122262901709941,0.3638499490954656,0.7371280276816609,0.03666876706574249,25,27,50,0.10112359550561797,0.352059925093633,0.41198501872659177,0
113,114,296,4697.75,4852.0,3314.0,183,0.14027740452088747,0.14488339454746335,0.09895786676222043,0.36790273318192496,0.37334564481378885,0.037824141709276844,32,29,37,0.5956284153005464,0.6010928961748634,0.3989071038251366,0
117,115,373,4602.0,4723.5,2874.0,241,0.0792341729653415,0.08132607909643429,0.0494826191009108,0.33618233618233617,0.35716446124763707,0.02065708802622027,31,31,43,0.22821576763485477,0.3360995850622407,0.3029045643153527,0
113,115,274,4007.0,5000.5,4995.0,231,0.07509229587151665,0.09371076254193138,0.09360769101028842,0.31380687602788004,0.378109640831758,0.06653258031861048,31,26,54,0.5670995670995671,0.47619047619047616,0.44155844155844154,0
114,80,315,5467.5,5219.5,4222.5,191,0.14987253638880513,0.1430744771250788,0.11574518242372742,0.42070637119113574,0.815546875,0.04255479969765684,37,22,48,0.6910994764397905,0.11518324607329843,0.3403141361256545,1
110,114,221,5423.5,4363.5,3330.5,255,0.08340638216070742,0.06710495963091119,0.051218762014609766,0.44822314049586776,0.33575715604801476,0.06819065948690649,38,28,44,0.30980392156862746,0.3764705882352941,0.38823529411764707,0
113,73,242,5904.0,4925.5,3485.25,223,0.11872348126847514,0.0990468338394096,0.07008485994087957,0.4623698018638891,0.9242822293113154,0.05951181613277782,36,30,43,0.5650224215246636,0.4484304932735426,0.34080717488789236,0
115,115,314,3241.0,4426.0,4513.5,247,0.05312330967562163,0.07254667344162337,0.07398088806569522,0.24506616257088848,0.33466918714555766,0.04577771917724857,33,28,46,0.25101214574898784,0.2874493927125506,0.2550607287449393,0
113,114,295,5226.5,5119.5,4048.75,219,0.1089739580075478,0.10674297867016952,0.08441754759075082,0.4093116140653144,0.39392890120036933,0.046523987359954035,36,28,50,0.3881278538812785,0.3470319634703196,0.502283105022831,0
113,79,207,5019.25,5170.0,3575.5,191,0.1375853183849127,0.14171760642526246,0.0980099229736027,0.3930808990523925,0.8283928857554879,0.08344418772900185,24,26,37,0.27225130890052357,0.27225130890052357,0.49214659685863876,0
114,115,245,5504.0,6064.5,4676.0,211,0.12362705240223715,0.13621661687742864,0.10502908739695874,0.42351492767005233,0.4585633270321361,0.07790087463556851,38,37,56,0.25118483412322273,0.3696682464454976,0.4786729857819905,1
113,121,352,6629.0,6855.75,3702.5,271,0.0902629321496167,0.09335044457455645,0.05041461853732929,0.5191479364084893,0.46825694966190834,0.02988200542355372,37,45,20,0.3948339483394834,0.3948339483394834,0.12546125461254612,0
110,114,231,5597.25,5448.0,4649.25,227,0.10862329950125173,0.10572687224669604,0.09022589221603369,0.46258264462809917,0.41920590951061865,0.08712823972564232,39,27,47,0.5110132158590308,0.3964757709251101,0.5066079295154186,0
115,114,271,6008.25,4784.75,2955.75,203,0.1457994612827295,0.1161093450459851,0.07172583658909462,0.4543100189035917,0.3681709756848261,0.0402465925028254,40,32,37,0.39408866995073893,0.6551724137931034,0.4236453201970443,0
113,87,430,5827.5,5172.5,3448.0,239,0.10202027275432853,0.09055338667040143,0.060363088881497176,0.45637872973607957,0.6833795745805258,0.018647917793401837,28,32,50,0.2217573221757322,0.5774058577405857,0.3723849372384937,0
114,122,290,7099.5,5680.0,3837.5,255,0.10918108419838524,0.08735101883890811,0.059015763168012304,0.5462834718374885,0.38161784466541254,0.045630202140309155,37,29,44,0.4627450980392157,0.12156862745098039,0.3137254901960784,1
113,84,342,5532.5,6639.0,4734.0,235,0.10018107741059303,0.12021729289271163,0.0857220461747397,0.4332759025765526,0.9409013605442177,0.040473991997537706,31,30,46,0.5148936170212766,0.2297872340425532,0.3702127659574468,0
114,100,269,9615.5,7370.5,7669.75,267,0.13488055660761128,0.1033890221492797,0.10758672445959405,0.7398815020006155,0.73705,0.1059928690869391,49,45,52,0.3895131086142322,0.36329588014981273,0.5093632958801498,1
115,113,253,9309.0,6709.5,4944.5,335,0.08294943194475385,0.059786143907329024,0.04405881042548452,0.7038941398865785,0.5254522672096483,0.07724694964770579,33,33,44,0.31044776119402984,0.2716417910447761,0.21194029850746268,0
114,76,549,6727.5,6718.5,4780.5,227,0.1305575501174096,0.13038289118748667,0.09277300161074346,0.5176592797783933,1.1631752077562327,0.015860929459424487,33,46,55,0.5814977973568282,0.6167400881057269,0.2422907488986784,0
127,142,574,6077.25,5652.5,3811.75,271,0.08275009871869936,0.07696654457319481,0.05190220721395406,0.37679025358050716,0.2803263241420353,0.011569127948621447,35,34,43,0.2952029520295203,0.4317343173431734,0.2140221402214022,1
115,123,167,4725.5,4933.0,4863.0,219,0.09852797064281395,0.10285440253539334,0.10139488334271596,0.3573156899810964,0.3260625289179721,0.1743698232277959,32,25,55,0.3698630136986301,0.3013698630136986,0.3287671232876712,0
124,75,523,5963.5,5656.5,4711.5,223,0.11991996621689557,0.1137465060628607,0.09474350982324198,0.3878446930280957,1.0056,0.01722486463958118,35,28,51,0.38565022421524664,0.36771300448430494,0.40358744394618834,0
115,104,341,5959.5,4666.5,3401.5,239,0.10433115666742529,0.08169499833686385,0.05954902750301991,0.45062381852551986,0.43144415680473375,0.029252414409920796,35,27,49,0.47280334728033474,0.4602510460251046,0.32217573221757323,0
113,55,243,6455.5,6236.0,4984.5,279,0.08293187394817642,0.08011202322683418,0.06403437777006976,0.5055603414519539,2.061487603305785,0.08441294518112076,37,31,54,0.13261648745519714,0.4229390681003584,0.2939068100358423,0
113,109,308,6439.75,5208.5,5926.75,279,0.08272953841805732,0.06691203864287458,0.07613918115132129,0.5043268854256402,0.4383890244928878,0.06247628183504807,35,30,55,0.3942652329749104,0.40860215053763443,0.2867383512544803,1
114,121,147,6007.75,5524.25,4706.75,227,0.11658968736051543,0.10720662151409886,0.09134176871276369,0.4622768544167436,0.37731370808004916,0.21781433661900135,45,30,55,0.3039647577092511,0.3964757709251101,0.43612334801762115,1
130,107,203,4941.25,4887.25,5013.0,227,0.09589260416464515,0.09484465058510741,0.09728502396708649,0.2923816568047337,0.4268713424753254,0.12164818364920284,33,31,55,0.36123348017621143,0.22466960352422907,0.3876651982378855,0
97,79,418,4923.25,4109.75,3816.5,215,0.10650621957815035,0.08890751757706869,0.08256354786371012,0.523249016898714,0.6585082518827111,0.02184302099310913,38,26,45,0.17674418604651163,0.4,0.4418604651162791,0
133,94,365,5284.25,6204.25,4582.0,255,0.0812648981161092,0.09541330257593233,0.07046520569011919,0.29873084968059244,0.7021559529198732,0.03439294426721711,36,29,49,0.26666666666666666,0.26666666666666666,0.21568627450980393,0
112,121,323,5747.0,5504.5,4541.5,243,0.09732594963504886,0.09321919084150451,0.07691070128198614,0.45814732142857145,0.37596475650570316,0.043530561972222485,33,32,49,0.23868312757201646,0.22633744855967078,0.39094650205761317,0
125,134,285,4968.5,4446.5,4346.25,215,0.10748512709572743,0.09619253650621958,0.09402379664683613,0.317984,0.24763310314101136,0.05350877192982456,33,31,52,0.4930232558139535,0.4883720930232558,0.4186046511627907,0
115,101,434,5531.0,5325.5,4042.5,287,0.0671490487926283,0.06465417814954655,0.04907792980368828,0.41822306238185253,0.5220566611116557,0.021462018730489075,28,37,51,0.2926829268292683,0.2961672473867596,0.27526132404181186,0
113,101,214,5880.75,6311.0,5262.25,287,0.0713951850817662,0.07661863079556629,0.06388629217302626,0.46054898582504505,0.6186648367807078,0.1149063236963927,0,38,54,0.0,0.3902439024390244,0.313588850174216,0
113,114,261,4795.5,5253.0,4399.5,239,0.0839533621610266,0.09196267572346423,0.07702071042173632,0.3755579920119038,0.40420129270544786,0.06458360857885234,30,30,46,0.3138075313807531,0.42677824267782427,0.27615062761506276,0
115,80,234,5085.0,3357.0,3126.0,215,0.1100054083288264,0.07262303948080043,0.06762574364521363,0.38449905482041585,0.52453125,0.05708963401271094,31,27,37,0.3488372093023256,0.4186046511627907,0.2930232558139535,0
113,102,575,4651.0,5446.0,4808.0,287,0.056465417814954656,0.066117107164103,0.05837147470528961,0.36424152243715247,0.5234525182622068,0.014542155009451796,39,31,48,0.34146341463414637,0.3519163763066202,0.2961672473867596,0
113,79,199,4933.0,5060.25,4675.75,255,0.0758631295655517,0.07782006920415224,0.07190695886197616,0.38632625890829353,0.8108075628905624,0.11807151334562259,37,28,50,0.5215686274509804,0.37254901960784315,0.30980392156862746,0
114,85,351,5840.0,6363.75,5497.5,259,0.08705892875777045,0.09486665374696263,0.08195316110374025,0.44936903662665434,0.8807958477508651,0.044622202741860864,36,23,51,0.46332046332046334,0.09652509652509653,0.44015444015444016,0
114,93,317,5634.5,5180.25,4132.0,211,0.12655825340850385,0.1163552031625525,0.09281013454324925,0.4335564789165897,0.5989420742282345,0.041118928439928745,33,34,43,0.3033175355450237,0.16587677725118483,0.3222748815165877,0
115,122,482,5133.5,4810.5,5249.0,221,0.10510636555353084,0.09849306934747445,0.10747118199873057,0.3881663516068053,0.3231994087610857,0.022593447082522682,29,33,50,0.1493212669683258,0.35294117647058826,0.4072398190045249,0
98,122,308,4114.5,4686.5,4353.5,207,0.09602324441643913,0.10937244743167869,0.10160097085112837,0.4284152436484798,0.31486831496909434,0.04589201383032552,24,32,50,0.3188405797101449,0.2608695652173913,0.24154589371980675,0
113,60,372,6299.25,6708.5,6336.25,275,0.08329586776859504,0.08870743801652893,0.08378512396694215,0.49332367452423836,1.8634722222222222,0.0457874465256099,39,38,61,0.4290909090909091,0.23636363636363636,0.36727272727272725,0
114,94,355,4955.25,6488.5,4253.5,223,0.09964507631361982,0.1304771863500171,0.08553359206901405,0.3812903970452447,0.734325486645541,0.03375123983336639,40,27,50,0.452914798206278,0.1210762331838565,0.3452914798206278,0
113,71,338,5945.0,6268.5,4623.0,231,0.11141095556679972,0.11747343565525384,0.08663630741552819,0.46558070326572165,1.2435032731600872,0.04046602009733553,32,32,49,0.46320346320346323,0.39826839826839827,0.3852813852813853,1
113,114,377,7049.5,5939.5,3070.0,223,0.1417583301494098,0.11943735043938145,0.06173460154034869,0.5520792544443575,0.4570252385349338,0.02160009568772031,35,31,36,0.484304932735426,0.6143497757847534,0.23766816143497757,1
115,86,356,6515.0,7973.25,4928.25,263,0.09418959360407118,0.1152720149199786,0.07124940363457619,0.49262759924385635,1.0780489453758788,0.03888595190001262,33,0,52,0.22813688212927757,0.0,0.35361216730038025,1
113,58,465,4975.75,5659.5,3313.25,247,0.08155763903686342,0.0927650018849678,0.05430756117949811,0.3896742109797165,1.682372175980975,0.015323158746675915,33,24,41,0.5263157894736842,0.242914979757085,0.27125506072874495,0
113,98,290,5140.5,4593.25,5402.5,283,0.06418484436064878,0.05735182109902733,0.06745620497196868,0.4025765525882998,0.4782642648896293,0.06423900118906065,41,37,55,0.5053003533568905,0.2756183745583039,0.31448763250883394,0
114,78,195,6396.5,5877.0,5347.5,275,0.08458181818181819,0.07771239669421487,0.07071074380165289,0.49218990458602646,0.9659763313609467,0.1406311637080868,34,39,53,0.23636363636363636,0.28363636363636363,0.32727272727272727,0
113,86,537,8945.0,6119.0,4232.25,255,0.13756247597078047,0.09410226835832372,0.06508650519031142,0.7005247082778604,0.8273391022174148,0.014676508223838208,42,38,43,0.4196078431372549,0.2901960784313726,0.39215686274509803,1
115,73,426,6324.5,6796.25,4844.75,263,0.0914354696468071,0.09825572149373274,0.07004221544333444,0.4782230623818525,1.2753330831300431,0.026696367563754986,44,0,47,0.5513307984790875,0.0,0.3612167300380228,1
113,80,257,5287.0,5037.5,3918.0,235,0.09573562698053417,0.09121774558623812,0.07094612947034858,0.4140496514997259,0.787109375,0.05931959605747248,31,41,44,0.2425531914893617,0.502127659574468,0.3446808510638298,0
86,87,392,6652.0,6302.0,6530.75,251,0.10558562562499008,0.10003015825145632,0.10366105299915875,0.8994050838290968,0.8326066851631655,0.042500195231153684,38,45,54,0.5258964143426295,0.4940239043824701,0.2868525896414343,1
113,122,307,6693.5,6712.5,5898.0,271,0.09114118816464917,0.09139989923884478,0.08030936397924865,0.5241992325162503,0.4509876377317925,0.06257891330411994,27,32,57,0.35424354243542433,0.2767527675276753,0.3505535055350554,1
114,54,403,5891.25,6755.5,3937.0,303,0.06416854556742803,0.07358211068631616,0.042882506072389415,0.4533125577100646,2.3167009602194786,0.024241267417446078,29,32,51,0.40264026402640263,0.25742574257425743,0.3102310231023102,0
115,121,383,6352.25,7418.0,5059.75,271,0.0864946011083727,0.10100624991489768,0.068895439876908,0.4803213610586011,0.5066593811898095,0.03449304310479995,33,28,56,0.26199261992619927,0.35793357933579334,0.2140221402214022,0
113,80,414,7591.5,8546.5,5073.0,239,0.13290208504753068,0.14962098002485952,0.0888114703874232,0.5945258046832171,1.335390625,0.029598123643492263,45,31,56,0.5104602510460251,0.3179916317991632,0.3891213389121339,0
113,93,333,7048.5,6502.0,4366.75,291,0.08323590888156729,0.0767822770160957,0.051567057545376174,0.55200093977602,0.7517632096196092,0.03937946955964974,39,31,49,0.3333333333333333,0.36082474226804123,0.3127147766323024,0
113,100,272,9675.75,5529.0,4480.25,299,0.10822865516045682,0.06184494580597533,0.05011409268352703,0.7577531521654006,0.5529,0.060557012326989616,44,42,60,0.2608695652173913,0.3177257525083612,0.33444816053511706,1
114,100,654,10560.5,9483.0,5419.0,327,0.09876179520990563,0.08868501529051988,0.0506784875945721,0.8125961834410588,0.9483,0.012669621898643025,38,43,58,0.308868501529052,0.5107033639143731,0.27217125382262997,0
113,122,538,9083.5,8446.0,6546.5,303,0.09893910183097518,0.09199533814767616,0.07130564541602676,0.7113712898425875,0.5674549852190272,0.022617501140116913,51,43,67,0.33003300330033003,0.22442244224422442,0.22112211221122113,0
115,122,374,8920.0,7038.5,4070.5,287,0.10829316854641917,0.08545083708676808,0.04941786351661426,0.6744801512287335,0.47289035205589897,0.029100774972118163,46,40,51,0.4843205574912892,0.37282229965156793,0.289198606271777,1
113,121,320,9634.5,8000.0,5765.0,291,0.11377404612604952,0.0944721956519172,0.06807902599166282,0.7545226720964837,0.5464107642920566,0.056298828125,48,34,54,0.45017182130584193,0.27835051546391754,0.23711340206185566,0
111,80,270,7970.5,6952.5,6044.25,263,0.11523225722505746,0.10051468143243361,0.08738379910075322,0.646903660417174,1.086328125,0.08291152263374485,33,34,55,0.24334600760456274,0.44106463878326996,0.376425855513308,0
111,85,364,8727.25,6982.5,4701.25,259,0.1301001773974747,0.10409057706355003,0.07008318301754596,0.7083231880529178,0.9664359861591696,0.03548220323632412,45,27,47,0.3745173745173745,0.11969111969111969,0.32432432432432434,0
114,84,233,6600.0,7371.0,5305.0,295,0.07584027578282103,0.08469979890835967,0.06095949439816145,0.5078485687903971,1.0446428571428572,0.09771776971393836,38,33,54,0.4576271186440678,0.29152542372881357,0.18305084745762712,0
115,80,376,7484.25,7402.0,6795.75,255,0.11509803921568627,0.11383314109957708,0.10450980392156863,0.5659168241965974,1.1565625,0.04806862550928022,45,43,61,0.403921568627451,0.2980392156862745,0.5215686274509804,0
86,77,344,5930.75,5527.75,4750.25,239,0.1038278391484743,0.09677264053500464,0.0831611841529385,0.8018861546782045,0.9323241693371563,0.04014205313683072,32,44,50,0.2384937238493724,0.48535564853556484,0.3305439330543933,0
113,55,274,5760.5,8515.0,6120.0,271,0.07843711278441198,0.11594341035661279,0.0833321986356395,0.45113164695747515,2.814876033057851,0.0815173957056849,28,51,56,0.2066420664206642,0.3874538745387454,0.4059040590405904,0
113,120,345,7553.5,6851.5,5349.5,247,0.12380960186202036,0.11230310282089528,0.08768378435968463,0.5915498472863967,0.4757986111111111,0.04494433942449065,33,37,56,0.29959514170040485,0.2591093117408907,0.3481781376518219,1
113,92,372,7009.5,8463.0,4996.0,335,0.062459345065716196,0.07541100467810202,0.04451770995767432,0.5489466677108622,0.9998818525519849,0.036102439588391724,43,46,48,0.47761194029850745,0.46865671641791046,0.2955223880597015,0
126,109,314,9505.0,7697.5,8425.5,247,0.15579668573489158,0.12616990935763575,0.13810257502991363,0.5987024439405392,0.6478831748169346,0.08545478518398313,56,43,59,0.38866396761133604,0.4089068825910931,0.5789473684210527,0
115,87,385,6270.5,6505.5,5828.0,271,0.08538146267071527,0.08858131016734522,0.07935621791642271,0.4741398865784499,0.8594926674593738,0.03931860347444763,33,31,55,0.44649446494464945,0.33210332103321033,0.4317343173431734,1
113,115,257,6918.75,4962.75,4685.5,263,0.10002674608567422,0.07174818198904133,0.06773988347381052,0.5418396115592451,0.37525519848771266,0.07093975684718921,31,33,54,0.33460076045627374,0.2813688212927757,0.4144486692015209,1
97,100,330,5042.5,6183.5,4957.25,243,0.08539518027400972,0.10471811546342867,0.08395146403834104,0.5359230523966415,0.61835,0.04552112029384757,33,35,47,0.5061728395061729,0.2757201646090535,0.32098765432098764,1
113,85,368,5633.5,6055.5,5030.75,279,0.07237188628100873,0.07779319381816781,0.064628537660102,0.4411856840786279,0.8381314878892734,0.037148142131379965,28,31,49,0.3835125448028674,0.36200716845878134,0.32974910394265233,1
112,64,344,8702.75,6664.5,5371.25,327,0.08138811734889506,0.06232640350138877,0.05023192959814456,0.6937779017857143,1.6270751953125,0.04538982220118983,24,24,54,0.14678899082568808,0.22324159021406728,0.2691131498470948,1
87,60,322,9074.5,7974.0,5605.5,311,0.09382140383163946,0.08244331634288314,0.057955356127418034,1.1989034218522923,2.215,0.05406330774275684,43,33,55,0.21221864951768488,0.2057877813504823,0.29260450160771706,0
111,121,256,7455.5,7271.0,5409.75,259,0.11114175399889685,0.10839134777358715,0.0806450410697515,0.6051051051051051,0.4966190833959429,0.08254623413085938,34,33,58,0.43243243243243246,0.1274131274131274,0.444015444015444,0
113,115,299,7258.25,7647.75,5854.75,259,0.1082012790506999,0.11400769219302039,0.08727881218228709,0.5684274414597854,0.5782797731568998,0.06548864106665474,30,44,55,0.38996138996138996,0.43243243243243246,0.35135135135135137,0
113,121,473,6436.25,6923.0,5902.0,243,0.10899845890700943,0.11724161289776287,0.09995088824535556,0.5040527840864594,0.4728502151492384,0.026380129531710237,39,29,53,0.3662551440329218,0.12757201646090535,0.448559670781893,0
113,102,216,6477.5,7526.5,6563.0,247,0.10617285974200527,0.12336704420659247,0.10757429231752692,0.5072832641553763,0.7234236831987697,0.1406678669410151,32,29,64,0.44129554655870445,0.32388663967611336,0.3441295546558704,0
114,86,234,7757.0,8683.0,6979.0,279,0.09965185442119191,0.11154789892216184,0.08965712156832517,0.5968759618344106,1.1740129799891834,0.12745635181532616,35,42,64,0.3548387096774194,0.4767025089605735,0.5304659498207885,0
113,76,328,10093.5,9997.5,8933.0,283,0.12602854324563922,0.12482987676210217,0.1115384135149646,0.7904691048633409,1.7308691135734071,0.08303279298036882,62,45,61,0.5653710247349824,0.26501766784452296,0.5830388692579506,0
113,73,339,6129.0,7656.75,6733.75,231,0.11485916680721875,0.14348962725586104,0.12619235021832426,0.4799906022397995,1.4368080315256146,0.05859459976853665,41,39,61,0.683982683982684,0.5021645021645021,0.4458874458874459,0
113,98,307,7587.0,8058.75,6659.25,255,0.11667820069204152,0.12393310265282584,0.10241061130334486,0.5941733886756989,0.8391034985422741,0.07065592207874885,36,39,53,0.25098039215686274,0.4823529411764706,0.37254901960784315,0
113,55,244,7500.5,7234.0,6881.5,315,0.07559082892416226,0.07290501385739481,0.06935248173343411,0.5873991698645156,2.3914049586776858,0.11558552808384842,46,35,57,0.3746031746031746,0.44126984126984126,0.3396825396825397,0
126,106,290,9610.5,7143.0,6033.0,351,0.07800667202376604,0.05797842549979302,0.048968758370467776,0.6053476946334089,0.6357244571021716,0.0717360285374554,51,37,56,0.3247863247863248,0.4017094017094017,0.2934472934472934,0
115,107,344,6500.0,6131.5,5115.0,287,0.07891318335781665,0.07443941288591582,0.06209860505772803,0.4914933837429111,0.5355489562407197,0.043224378042184965,47,38,51,0.41114982578397213,0.44947735191637633,0.43205574912891986,0
119,66,356,4596.0,5839.0,6302.0,243,0.07783366356754559,0.09888397771342444,0.10672492336872767,0.32455335075206554,1.3404499540863177,0.04972541345789673,43,35,61,0.48148148148148145,0.2139917695473251,0.43209876543209874,0
111,120,285,6378.5,5565.0,4141.5,271,0.08685203088193244,0.07577511199466239,0.05639220598848055,0.5176933690447204,0.38645833333333335,0.050987996306555865,35,21,43,0.33210332103321033,0.14391143911439114,0.22140221402214022,0
134,123,246,8213.5,6710.25,7441.5,255,0.12631295655517108,0.10319492502883507,0.11444059976931949,0.45742370238360436,0.4435355938925243,0.12296747967479675,34,32,59,0.47058823529411764,0.5607843137254902,0.4470588235294118,0
126,137,375,6463.5,6214.0,6400.0,323,0.061953052363197196,0.0595615792349203,0.06134440088565979,0.40712396069538925,0.33107784112099736,0.04551111111111111,42,33,49,0.3591331269349845,0.17337461300309598,0.33746130030959753,0
126,108,260,5142.0,4894.0,5112.0,243,0.08708022151094853,0.08288031973445782,0.08657216887669562,0.3238851095993953,0.4195816186556927,0.07562130177514793,32,35,48,0.3333333333333333,0.30864197530864196,0.3374485596707819,0
115,87,384,6867.0,5384.0,5053.75,227,0.13326476353121544,0.10448485318946613,0.0980758407886821,0.5192438563327032,0.7113224996697054,0.03427293565538195,32,28,50,0.3568281938325991,0.4008810572687225,0.5242290748898678,0
113,92,287,4265.5,4257.0,4051.75,215,0.0922769064359113,0.09209302325581395,0.08765278528934559,0.33405121779309266,0.5029536862003781,0.04919022933385133,29,35,43,0.5767441860465117,0.44651162790697674,0.5116279069767442,0
124,80,146,9871.75,6197.75,6656.0,291,0.1165757371783517,0.07318938132520872,0.07860086678239511,0.6420232830385015,0.9683984375,0.3122537061362357,39,32,57,0.41924398625429554,0.281786941580756,0.46735395189003437,1
128,109,406,17559.0,13200.0,13408.0,283,0.2192435915044513,0.16481664148634645,0.16741375220067675,1.07171630859375,1.1110175911118594,0.08134145453663034,97,95,95,0.6466431095406361,0.33568904593639576,0.33568904593639576,1
114,122,341,16796.0,12066.0,11330.75,375,0.11943822222222222,0.08580266666666667,0.08057422222222223,1.2923976608187135,0.8106691749529696,0.09744283244898135,89,90,89,0.536,0.488,0.39466666666666667,0
130,140,240,7976.5,7563.75,5773.75,295,0.09165756966388969,0.08691467968974433,0.06634587762137317,0.4719822485207101,0.38590561224489794,0.10023871527777778,48,41,55,0.24745762711864408,0.43728813559322033,0.4440677966101695,0
113,134,206,6232.75,7809.25,5278.75,275,0.08241652892561983,0.10326280991735537,0.06980165289256199,0.48811574907980265,0.43491033637781246,0.12439320388349515,34,45,54,0.4,0.5563636363636364,0.48,0
113,94,397,6975.0,6165.5,4891.5,279,0.08960573476702509,0.07920633085392018,0.06283963463984275,0.5462448116532227,0.6977704843820733,0.031035664206993257,32,34,46,0.4265232974910394,0.2007168458781362,0.4444444444444444,0
113,84,482,5349.0,5111.0,3711.5,231,0.10024174959239894,0.09578156331403084,0.0695545435805176,0.41890516093664343,0.7243480725623582,0.01597553416780014,39,35,41,0.4155844155844156,0.26406926406926406,0.27705627705627706,0
113,88,262,8171.75,8234.5,5743.75,343,0.06945872893097264,0.06999209513043035,0.04882106945235404,0.6399678909859817,1.0633393595041323,0.08367446535749665,54,36,51,0.37317784256559766,0.2857142857142857,0.23615160349854228,0
115,116,316,6288.5,6087.0,6068.5,279,0.08078647499389782,0.07819786487840598,0.07796020092239309,0.47550094517958413,0.45236325802615934,0.06077251241788175,41,38,52,0.43010752688172044,0.44086021505376344,0.35842293906810035,0
115,101,516,6831.0,7092.75,4516.0,247,0.11196708682325558,0.11625743742726483,0.074021865626383,0.5165217391304348,0.6952994804430939,0.016961120124992488,43,44,50,0.4089068825910931,0.47368421052631576,0.29959514170040485,0
113,122,282,6715.5,7933.5,5662.5,243,0.1137275821775136,0.1343545191281817,0.0958949347152365,0.5259221552196727,0.5330220370868046,0.07120491926965444,39,45,59,0.4444444444444444,0.30864197530864196,0.5185185185185185,0
124,54,251,6394.75,7658.5,4981.75,279,0.08215143690343135,0.0983864544391773,0.06399904934417595,0.4158916493236212,2.626371742112483,0.07907414168029078,36,28,59,0.3655913978494624,0.17204301075268819,0.32974910394265233,1
113,102,265,7355.5,6574.75,4114.0,247,0.12056417905554918,0.10776688685275942,0.06743267386779,0.5760435429555956,0.6319444444444444,0.05858312566749733,31,15,41,0.3117408906882591,0.07692307692307693,0.29554655870445345,1
113,71,221,7717.5,6480.5,4351.0,263,0.11157454929231303,0.09369081524960604,0.06290390203703972,0.604393452893727,1.2855584209482245,0.08908499006981839,43,37,48,0.5247148288973384,0.467680608365019,0.4068441064638783,1
115,55,239,7021.5,5871.5,5627.0,247,0.11508957694766346,0.09623989903129046,0.09223229359602682,0.5309262759924386,1.9409917355371902,0.09851018014390504,47,28,52,0.5263157894736842,0.47368421052631576,0.38461538461538464,1
113,64,307,8600.75,6202.0,4420.5,247,0.1409751020341261,0.10165713255421331,0.07245652280811028,0.6735648837027175,1.51416015625,0.046902354401638216,52,34,33,0.5465587044534413,0.46153846153846156,0.3684210526315789,1
113,77,294,5295.5,5094.0,3248.5,227,0.10276737371189039,0.0988569543363931,0.06304217042830251,0.41471532618059365,0.8591668072187553,0.03758272016289509,32,34,42,0.23788546255506607,0.2687224669603524,0.31277533039647576,0
113,121,365,7676.0,6799.0,7392.0,295,0.0882045389255961,0.07812697500718184,0.08494110887675956,0.6011433941577258,0.4643808483027116,0.05548508162882342,48,36,56,0.48135593220338985,0.12203389830508475,0.6,0
113,122,407,7171.25,7830.75,5767.5,279,0.09212689970581056,0.10059929857016225,0.0740933441245616,0.5616140653144334,0.5261186509002956,0.03481759624265767,54,40,59,0.43010752688172044,0.27956989247311825,0.4659498207885305,1
115,122,221,6299.25,7633.75,4447.0,279,0.0809245770223918,0.09806849860613301,0.05712927634537069,0.47631379962192816,0.5128829615694706,0.09105055179050388,38,38,53,0.35842293906810035,0.5017921146953405,0.3154121863799283,0
114,62,376,8318.5,7933.0,5299.5,243,0.14087452793442734,0.13434605158427745,0.0897474978407763,0.6400815635580178,2.063735691987513,0.03748514599366229,46,28,39,0.6625514403292181,0.3868312757201646,0.2222222222222222,0
113,79,543,6209.0,5145.5,5119.0,259,0.09255974120838986,0.07670577361697054,0.07631072882038133,0.4862557757067899,0.8244672328152539,0.01736142907047336,43,34,58,0.3667953667953668,0.21235521235521235,0.277992277992278,0
113,51,301,7576.75,7001.5,5667.75,255,0.1165205690119185,0.10767397154940407,0.08716262975778546,0.5933706633252408,2.691849288735102,0.06255725654242227,42,32,60,0.4196078431372549,0.35294117647058826,0.4117647058823529,0
113,62,225,7312.5,6550.5,4541.5,239,0.12801771677666707,0.1146776141874267,0.07950666129794647,0.5726760122170883,1.7040842872008324,0.08970864197530865,0,40,55,0.0,0.4309623430962343,0.2384937238493724,1
113,121,196,7280.5,5842.5,5568.0,359,0.056490095514466834,0.04533251604193015,0.043202644299780414,0.5701699428302921,0.39905061129704256,0.14493960849645982,35,21,55,0.3983286908077994,0.11420612813370473,0.30362116991643456,1
115,114,281,5717.5,5282.5,4412.0,207,0.13343368573362271,0.12328175686713809,0.10296623025041425,0.4323251417769376,0.4064712219144352,0.05587568546497638,33,33,55,0.4444444444444444,0.37681159420289856,0.5120772946859904,1
111,54,400,6189.5,6229.25,5194.0,239,0.10835769681903328,0.10905358799740901,0.09092978064109522,0.5023537050564078,2.1362311385459534,0.0324625,35,38,57,0.3682008368200837,0.6317991631799164,0.24686192468619247,0
97,98,260,6812.5,6683.0,4884.5,259,0.1015563274250533,0.09962582549455136,0.0728149550543373,0.7240408119885217,0.6958558933777592,0.07225591715976332,28,30,58,0.10810810810810811,0.41312741312741313,0.41312741312741313,0
113,114,284,4949.5,6672.25,4166.75,231,0.09275500833942392,0.12503982309177114,0.07808605535878263,0.3876184509358603,0.513407971683595,0.05166075679428685,30,42,51,0.36363636363636365,0.38095238095238093,0.37662337662337664,0
111,53,321,4922.25,4917.25,3388.0,223,0.09898147961953789,0.09888093466588913,0.06812926059241087,0.3995008522035549,1.7505339978640087,0.03288011568210712,31,34,38,0.36771300448430494,0.25112107623318386,0.4260089686098655,0
115,114,256,4266.5,5481.5,6518.0,223,0.08579500894850088,0.11022743268515353,0.13107040157654487,0.3226086956521739,0.42178362573099415,0.099456787109375,23,23,61,0.2242152466367713,0.21973094170403587,0.484304932735426,1
114,94,268,5614.75,5088.5,3007.25,279,0.07213101064991458,0.065370434603872,0.03863323955242096,0.4320367805478609,0.575882752376641,0.04186970928937402,35,27,39,0.4946236559139785,0.4336917562724014,0.15053763440860216,1
113,94,452,6628.0,5991.5,4184.5,271,0.09024931577729062,0.08158249479173758,0.0569777099985022,0.5190696217401519,0.6780783159800815,0.020481733103610306,33,30,37,0.24354243542435425,0.13653136531365315,0.14391143911439114,0
113,103,439,7909.5,6176.5,4034.0,235,0.1432231779085559,0.11184246265278407,0.0730466274332277,0.6194298692145038,0.5821943632764633,0.020931813346755153,29,32,49,0.3276595744680851,0.3617021276595745,0.3446808510638298,0
113,58,392,8902.0,6139.5,5824.0,263,0.12869927279561652,0.08876086107938527,0.08419956917116049,0.6971571775393531,1.8250594530321047,0.037900874635568516,34,41,58,0.2813688212927757,0.27756653992395436,0.33079847908745247,0
111,71,295,6815.0,6657.25,5214.75,283,0.08509283422192811,0.08312315049507422,0.06511193796900948,0.5531206882558234,1.320620908549891,0.059922436081585755,43,58,60,0.4169611307420495,0.2968197879858657,0.21201413427561838,0
115,79,292,8357.25,6741.5,4361.75,267,0.1172305685309094,0.09456578153712354,0.061184053640814154,0.6319281663516068,1.0801954814933503,0.05115582191780822,42,35,55,0.45318352059925093,0.2958801498127341,0.352059925093633,0
114,79,297,8389.25,8311.5,5609.75,287,0.10184960361300975,0.1009056805351528,0.06810511236023262,0.6455255463219453,1.3317577311328312,0.06359611830992302,39,42,62,0.37282229965156793,0.3205574912891986,0.42160278745644597,0
113,101,215,7518.5,6756.75,3905.25,311,0.07773389439728705,0.06985814869573309,0.04037644358515731,0.5888088338945885,0.6623615331830213,0.0844835045970795,30,34,53,0.1864951768488746,0.18006430868167203,0.2572347266881029,1
113,128,319,6632.5,6935.0,5328.0,295,0.07621373168629704,0.079689744326343,0.0612237862683137,0.5194220377476702,0.42327880859375,0.05235797604190211,30,32,60,0.288135593220339,0.10847457627118644,0.4033898305084746,0
113,103,288,8234.5,6999.25,4901.75,303,0.08969164243156989,0.0762370791534599,0.05339073511311527,0.6448821364241523,0.659746441700443,0.059097101658950615,58,24,58,0.3234323432343234,0.09570957095709572,0.39603960396039606,0
115,92,429,8790.5,6878.0,5098.0,303,0.09574769358123932,0.07491640253134224,0.055528325109738694,0.6646880907372401,0.8126181474480151,0.027700349378671055,35,51,55,0.5379537953795379,0.5445544554455446,0.28052805280528054,0
114,101,300,6798.0,5021.5,4358.5,295,0.07811548405630565,0.057701809824763,0.05008330939385234,0.523084025854109,0.49225566120968534,0.04842777777777778,34,29,24,0.3152542372881356,0.3593220338983051,0.2033898305084746,0
113,108,270,6335.5,5757.5,4511.0,247,0.1038453342949401,0.09437132226392828,0.07393991050500746,0.4961625812514684,0.4936128257887517,0.06187928669410151,28,38,53,0.2874493927125506,0.4089068825910931,0.2874493927125506,0
113,85,375,8144.0,6157.0,5207.0,235,0.14746944318696242,0.11148936170212766,0.09428700769578995,0.6377946589396194,0.8521799307958478,0.03702755555555556,33,32,59,0.40425531914893614,0.2936170212765957,0.502127659574468,0
113,60,227,8413.5,7416.0,7537.5,291,0.09935522726467566,0.08757572536932724,0.08901052184079074,0.6589004620565432,2.06,0.14627685381047564,44,43,59,0.5051546391752577,0.44329896907216493,0.35738831615120276,1
113,114,254,6961.5,7727.0,4117.0,339,0.060576395958963115,0.067237493582548,0.03582460994944353,0.545187563630668,0.5945675592489997,0.06381362762725526,35,49,42,0.25958702064896755,0.3333333333333333,0.25073746312684364,0
113,79,348,9510.25,7736.25,5726.5,335,0.08474270438850523,0.06893517487190912,0.051026954778347074,0.7447920745555643,1.239585002403461,0.0472858039371119,46,43,57,0.3492537313432836,0.47761194029850745,0.4298507462686567,1
114,87,241,5566.5,6261.0,5622.5,231,0.104317760161916,0.1173328835666498,0.10536721575682614,0.4283240997229917,0.8271898533491875,0.09680446273307966,28,31,53,0.3203463203463203,0.22943722943722944,0.3203463203463203,1
113,108,355,7733.75,5903.5,5817.75,235,0.14004074241738343,0.10689904934359439,0.10534631054775917,0.6056660662542094,0.5061299725651578,0.04616345963102559,36,32,60,0.3829787234042553,0.42127659574468085,0.502127659574468,1
113,121,261,6309.5,5732.5,5907.5,255,0.0970319108035371,0.08815840061514801,0.09084967320261438,0.49412639987469653,0.3915374632880268,0.08672068818719632,18,31,57,0.07058823529411765,0.24313725490196078,0.4196078431372549,1
113,56,293,28579.5,23857.5,22039.0,351,0.23197457812842429,0.19364696715124066,0.17888653501189114,2.23819406374814,7.607621173469388,0.25671819124276346,143,141,144,0.717948717948718,0.48717948717948717,0.5470085470085471,1
115,114,460,6856.0,6990.5,5328.25,311,0.07088429606807209,0.07227489376660705,0.05508886384549374,0.5184120982986767,0.5378962757771623,0.025180765595463138,40,31,55,0.26366559485530544,0.2765273311897106,0.36977491961414793,1
86,70,278,14919.5,16594.0,12013.5,323,0.1430043420333752,0.15905452942134976,0.11515015000623029,2.0172390481341265,3.386530612244898,0.1554461466797785,101,100,100,0.43962848297213625,0.544891640866873,0.6037151702786377,1
113,94,350,136653.5,145550.75,122877.5,607,0.3708885083145836,0.39503635509934887,0.3334993445497206,10.701973529642101,16.472470574920777,1.0030816326530612,370,356,350,0.71334431630972,0.657331136738056,0.7347611202635914,1
113,73,256,86279.5,100258.0,86976.5,607,0.2341694508602276,0.27210821579105926,0.2360611645030927,6.756950426814942,18.81366109964346,1.3271560668945312,298,297,294,0.6375617792421746,0.6161449752883031,0.6738056013179572,1
115,124,249,69532.75,70089.0,57798.75,487,0.29317807133310003,0.29552344530693303,0.2437028026428412,5.257674858223062,4.558337669094693,0.9322228673731069,249,240,242,0.6899383983572895,0.5462012320328542,0.6201232032854209,1
115,97,360,129032.0,107674.5,92719.5,543,0.43762061258474677,0.36518523040607226,0.31446435293997943,9.756672967863894,11.443777234562653,0.7154282407407407,346,310,312,0.7790055248618785,0.7090239410681399,0.8029465930018416,1
116,114,366,144223.75,130249.0,102078.25,607,0.391434771162359,0.35350618403089706,0.27704851960515564,10.718174048751486,10.022237611572791,0.7620282032906327,369,324,326,0.6803953871499177,0.6227347611202636,0.8352553542009885,1
88,121,260,119090.0,102142.25,83916.0,615,0.3148654901183158,0.27005684447088374,0.22186793575252825,15.378357438016529,6.976453111126289,1.2413609467455622,337,297,296,0.7121951219512195,0.5983739837398374,0.6796747967479675,1
115,96,250,59963.5,48604.0,42771.5,423,0.3351245466078724,0.27163847112541845,0.23904174281418886,4.534102079395085,5.273871527777778,0.684344,233,201,196,0.6619385342789598,0.7139479905437353,0.8463356973995272,1
115,121,196,103053.5,85750.5,71977.5,519,0.38258508098796784,0.3183478677314088,0.2672157439272946,7.792325141776938,5.856874530428249,1.8736333819241981,311,274,270,0.7495183044315993,0.6936416184971098,0.8420038535645472,1
115,96,476,96140.5,81826.5,65801.0,583,0.2828585214584762,0.24074477255809984,0.1935955561962876,7.2696030245746694,8.878743489583334,0.2904146952898807,296,258,252,0.6363636363636364,0.6072041166380789,0.7221269296740995,1
117,100,240,59757.0,44741.0,39115.25,519,0.22184726073930525,0.16610051195236133,0.1452149717293892,4.3653298268682885,4.4741,0.6790842013888889,232,187,188,0.651252408477842,0.5568400770712909,0.6589595375722543,1
129,97,345,21502.5,16081.0,13362.0,399,0.13506510637495997,0.10101067204351731,0.08393163359526636,1.292139895438976,1.7091083005632906,0.11226212980466288,119,88,97,0.5639097744360902,0.38596491228070173,0.5112781954887218,1
115,92,249,23571.0,15440.0,15657.5,399,0.14805811521284415,0.09698431542515437,0.09835051287366285,1.7823062381852552,1.8241965973534973,0.25253624941533204,116,85,107,0.39849624060150374,0.39097744360902253,0.5213032581453634,1
110,115,410,25723.5,18534.5,20942.5,391,0.16825831856149553,0.1212348166220786,0.13698562934570024,2.125909090909091,1.4014744801512287,0.12458358120166567,131,85,135,0.6470588235294118,0.5012787723785166,0.5652173913043478,1
136,120,269,7865.5,7713.5,10086.25,295,0.09038207411663315,0.08863544958345303,0.115900603274921,0.4252541089965398,0.5356597222222222,0.1393879299622725,19,37,91,0.12203389830508475,0.3559322033898305,0.45084745762711864,1
123,142,859,6248.5,6131.0,6274.0,243,0.10581889617097665,0.1038290233534861,0.10625074091009162,0.4130147399034966,0.30405673477484624,0.008502726049322316,29,29,73,0.51440329218107,0.4691358024691358,0.4691358024691358,1
116,150,299,9864.5,6144.75,7453.75,351,0.08006834360110714,0.04987581269632552,0.06050072645514241,0.7330930439952438,0.2731,0.08337434704309796,52,24,87,0.21082621082621084,0.2678062678062678,0.33903133903133903,1
115,121,307,8430.0,5878.25,5861.0,263,0.12187540661278896,0.08498388006187743,0.08473449088464485,0.637429111531191,0.4014923843999727,0.06218633619454848,51,25,69,0.5779467680608364,0.13688212927756654,0.44866920152091255,1
131,153,202,6028.75,5812.75,5208.75,231,0.1129804538895448,0.10893255373774854,0.09761342553550345,0.3513052852397879,0.2483126148062711,0.12765292618370747,0,32,69,0.0,0.3939393939393939,0.47186147186147187,1
115,114,465,5204.25,5611.5,5847.5,219,0.1085100394070182,0.1170013135672734,0.1219219782740143,0.39351606805293005,0.43178670360110805,0.0270435888542028,19,39,73,0.1689497716894977,0.4429223744292237,0.3881278538812785,1
115,125,300,6792.5,6022.0,8600.5,279,0.08726121195770867,0.07736282935727959,0.11048804614534757,0.5136105860113421,0.385408,0.09556111111111111,36,32,92,0.3763440860215054,0.2114695340501792,0.4910394265232975,1
111,108,333,6629.5,6612.5,6280.5,327,0.06199908350400733,0.0618400995052792,0.05873523553011811,0.5380650921191462,0.5669152949245542,0.056637718799880964,30,33,67,0.28440366972477066,0.3669724770642202,0.3180428134556575,1
116,96,328,8132.0,8133.0,10136.5,367,0.06037612574152306,0.06038355025280461,0.0752585586053798,0.6043400713436385,0.8824869791666666,0.0942194006543724,35,30,97,0.3814713896457766,0.27520435967302453,0.26430517711171664,1
115,121,367,8943.0,8621.0,10779.0,367,0.06639740439085597,0.06400671175819851,0.0800288071037724,0.6762192816635161,0.5888258998702275,0.0800288071037724,39,35,99,0.3215258855585831,0.3678474114441417,0.2724795640326976,1
115,107,204,8745.0,7476.5,13418.0,279,0.11234439434231318,0.09604835498002338,0.17237702496113874,0.6612476370510397,0.6530264651934666,0.3224240676662822,37,38,113,0.36200716845878134,0.1971326164874552,0.40860215053763443,1
100,102,355,9497.0,7786.5,13566.0,275,0.1255801652892562,0.10296198347107438,0.17938512396694214,0.9497,0.7484140715109573,0.10764530847054156,39,36,104,0.29818181818181816,0.31272727272727274,0.44727272727272727,1
116,107,619,9124.0,7244.5,11948.5,343,0.07755272038011372,0.061577233975639405,0.10156057425052487,0.6780618311533888,0.6327626866975282,0.03118401925039344,36,30,95,0.26239067055393583,0.2478134110787172,0.3673469387755102,1
116,139,211,9510.25,7827.0,11112.0,351,0.077192961096095,0.06353032848759345,0.090194073100056,0.706766498216409,0.40510325552507637,0.2495900810853305,39,37,106,0.3646723646723647,0.17094017094017094,0.4074074074074074,1
115,96,566,12849.75,15244.25,28544.0,331,0.1172839787880724,0.13913938353976324,0.26053066328346763,0.9716257088846881,1.6541069878472223,0.08910087527625517,65,63,161,0.5740181268882175,0.5166163141993958,0.525679758308157,1
115,114,406,13343.0,15726.5,26860.0,319,0.13112095989622743,0.15454348915596347,0.26395180864967915,1.008922495274102,1.210103108648815,0.16294984105413865,65,64,161,0.6489028213166145,0.6144200626959248,0.6739811912225705,1
88,72,307,13125.0,10565.5,19542.0,343,0.1115606592491224,0.08980526821307448,0.1661042592797219,1.6948605371900827,2.0380979938271606,0.20734437500663136,52,52,131,0.5451895043731778,0.18950437317784258,0.5626822157434402,1
115,127,199,11159.5,11010.25,18454.5,327,0.10436364316509085,0.10296785717625714,0.17258648261930815,0.8438185255198488,0.6826368652737306,0.4660109593192091,47,42,129,0.4740061162079511,0.22629969418960244,0.48623853211009177,1
116,110,301,9180.0,7442.5,8936.75,339,0.07988096170412719,0.06476187990010529,0.07776429025156412,0.6822235434007135,0.6150826446280991,0.09863853599849891,36,25,92,0.39233038348082594,0.11209439528023599,0.336283185840708,1
113,96,262,7813.5,7281.25,11735.75,303,0.08510603535601084,0.07930867344160158,0.1278278817980808,0.6119116610541154,0.7900661892361112,0.17096541576831187,39,32,101,0.4389438943894389,0.297029702970297,0.5610561056105611,1
115,122,328,6621.75,6215.75,6284.0,307,0.0702580398731021,0.06595030185996668,0.06667444747424375,0.5006994328922495,0.4176128728836334,0.05841017251635931,33,29,72,0.32247557003257327,0.40390879478827363,0.32247557003257327,1
115,122,198,7326.75,6944.25,9747.75,295,0.08419132433208848,0.07979603562194772,0.11201091640333237,0.554007561436673,0.4665580489115829,0.24864172023262932,30,21,90,0.17288135593220338,0.19661016949152543,0.39661016949152544,1
115,119,241,5618.5,6207.0,8294.5,311,0.05808976333991584,0.06417427445952792,0.08575697108177129,0.4248393194706994,0.43831650307181697,0.14280918028270864,28,26,77,0.2990353697749196,0.15112540192926044,0.27009646302250806,1
116,114,309,9411.25,8441.5,16273.5,279,0.12090350843385876,0.10844542079366914,0.20906077773923767,0.6994091854934602,0.6495460141582026,0.1704370503032017,47,46,116,0.6200716845878136,0.5770609318996416,0.43727598566308246,1
115,113,334,7105.0,7535.0,12261.5,299,0.07947338396662229,0.08428317356629121,0.13715170971241933,0.5372400756143667,0.5901010259221552,0.10991340671949514,36,32,107,0.34448160535117056,0.28762541806020064,0.5016722408026756,1
115,92,403,6930.0,5334.0,8555.5,319,0.06810074586531185,0.05241693772663398,0.08407444895392144,0.5240075614366729,0.6301984877126654,0.05267873085851153,41,34,80,0.2946708463949843,0.1974921630094044,0.3573667711598746,1
115,114,399,8559.25,7635.5,15932.25,295,0.0983539212869865,0.0877391554151106,0.18307670209709853,0.6472022684310019,0.5875269313634964,0.1000763186160891,38,30,112,0.4101694915254237,0.3016949152542373,0.4847457627118644,1
115,100,256,14188.75,13500.0,28622.75,303,0.15454639523358277,0.14704440741103814,0.3117640972017994,1.0728733459357278,1.35,0.4367485046386719,75,61,162,0.4158415841584158,0.4158415841584158,0.8151815181518152,1
115,125,461,10630.0,8665.75,13661.75,319,0.1044604514499661,0.08515786991086959,0.13425329939760813,0.8037807183364839,0.554608,0.06428423544026238,59,39,108,0.4890282131661442,0.3981191222570533,0.45454545454545453,1
116,96,199,7176.0,7007.5,13081.5,327,0.06710995146312039,0.06553413947572688,0.12233818702129451,0.5332936979785969,0.7603624131944444,0.33033256735941013,44,34,107,0.27522935779816515,0.3119266055045872,0.4923547400611621,1
115,114,256,8363.5,8005.5,10898.5,247,0.137086331524857,0.1312183448343687,0.1786375780622531,0.6324007561436673,0.6159972299168975,0.16629791259765625,31,29,94,0.5465587044534413,0.29554655870445345,0.4777327935222672,1
115,96,357,8051.0,6360.5,10983.5,279,0.10342878431674825,0.08171143741729937,0.14110173301987383,0.6087712665406427,0.6901584201388888,0.08617956986716255,49,31,92,0.5376344086021505,0.1971326164874552,0.4659498207885305,1
115,107,204,9559.0,7359.0,10944.0,303,0.10411833262534174,0.0801555403065059,0.11920399960788158,0.7227977315689981,0.6427635601362565,0.2629757785467128,44,29,89,0.49174917491749176,0.36633663366336633,0.34983498349834985,1
115,125,277,7844.0,6933.5,9099.5,295,0.09013501867279518,0.07967250790002872,0.10456190749784544,0.5931190926275992,0.443744,0.11859270940583092,33,31,80,0.4711864406779661,0.3525423728813559,0.43728813559322033,1
116,97,356,9000.0,7720.5,12127.0,327,0.084167999326656,0.07220211542238307,0.11341170309270637,0.66884661117717,0.8205441598469551,0.09568709758868829,38,30,104,0.27522935779816515,0.18960244648318042,0.42813455657492355,1
115,88,314,7588.0,6692.75,12641.75,207,0.17708697985950664,0.15619384349693108,0.29503022240892435,0.5737618147448015,0.8642497417355371,0.1282176761734756,36,38,104,0.5797101449275363,0.4830917874396135,0.6231884057971014,1
115,104,359,7609.0,6736.5,9882.0,287,0.09237698648763491,0.08178440918306644,0.11997231968337603,0.5753497164461248,0.6228272928994083,0.07667538271739047,36,27,89,0.42857142857142855,0.27526132404181186,0.40069686411149824,1
115,111,249,7117.5,6230.5,12635.0,295,0.08178684286124677,0.07159436943407067,0.14518816432059753,0.5381852551984877,0.5056813570327083,0.20378703569297268,38,33,101,0.41694915254237286,0.33559322033898303,0.46440677966101696,1
115,96,173,9498.0,6550.5,12359.5,323,0.09103892493937447,0.06278695281273663,0.11846658167911127,0.7181852551984877,0.7107747395833334,0.4129606735941729,40,30,99,0.42105263157894735,0.28792569659442724,0.43034055727554177,1
115,97,172,6409.0,6673.75,7000.5,271,0.08726733023787803,0.090872264811209,0.09532141446875723,0.4846124763705104,0.7092942926984802,0.23663128718226067,32,27,72,0.11808118081180811,0.15867158671586715,0.4981549815498155,1
116,110,232,6186.0,5587.75,6634.5,299,0.06919385689198107,0.0625020972919766,0.07421057930000784,0.4597205707491082,0.46179752066115703,0.12326285671819263,38,31,69,0.34448160535117056,0.22073578595317725,0.23411371237458195,1
115,79,220,6378.0,6704.0,9036.0,291,0.07531795798349099,0.07916769995630661,0.10670634498884048,0.4822684310018904,1.0741868290338086,0.18669421487603305,30,31,82,0.10309278350515463,0.12371134020618557,0.436426116838488,1
115,112,370,8273.25,7573.0,4938.25,255,0.1272318339100346,0.11646289888504421,0.0759438677431757,0.6255765595463137,0.6037149234693877,0.03607195032870709,52,37,60,0.49019607843137253,0.23529411764705882,0.4196078431372549,1
115,86,439,9093.5,7637.5,11833.5,279,0.11682146940558318,0.09811667373235185,0.15202142829614212,0.6875992438563328,1.0326527852893457,0.06140223431800375,30,28,97,0.4014336917562724,0.2007168458781362,0.44086021505376344,1
115,113,287,6701.5,6926.75,8326.75,323,0.06423429727113267,0.06639333263042874,0.07981242032416681,0.5067296786389414,0.542466128905944,0.10109082300379997,40,28,81,0.4117647058823529,0.33746130030959753,0.3931888544891641,1
116,83,195,6814.5,6432.0,9830.0,295,0.07830508474576271,0.07390979603562195,0.1129560471128986,0.5064283590963139,0.9336623602845115,0.25851413543721236,31,33,92,0.43050847457627117,0.3423728813559322,0.3423728813559322,1
115,90,396,8363.5,7387.5,11275.5,311,0.08647036320964424,0.07637948325596303,0.1165775788091521,0.6324007561436673,0.9120370370370371,0.07190273951637588,42,22,96,0.4630225080385852,0.2958199356913183,0.36012861736334406,1
115,113,254,5893.0,5913.5,8068.75,283,0.07358064153629088,0.07383660677496286,0.10074729363583014,0.4455954631379962,0.4631137912130942,0.12506587513175027,36,30,79,0.45936395759717313,0.30742049469964666,0.2791519434628975,1
115,114,324,8055.5,7585.0,10225.0,259,0.12008616448770888,0.11307225592939879,0.15242766208017172,0.6091115311909263,0.5836411203447215,0.09740321597317482,39,22,85,0.4015444015444015,0.20463320463320464,0.5366795366795367,1
115,86,314,8460.5,8310.0,11676.5,311,0.08747324779520477,0.08591722583513405,0.12072352436389201,0.6397353497164461,1.123580313683072,0.11842772526268815,35,45,90,0.42765273311897106,0.4887459807073955,0.42765273311897106,1
115,69,302,8041.0,5403.25,5687.0,247,0.131800226196135,0.08856480191447164,0.09321575505253324,0.6080151228733459,1.1348981306448225,0.0623547212841542,45,32,63,0.5182186234817814,0.19433198380566802,0.42105263157894735,1
116,97,194,6341.5,6908.5,7673.0,307,0.0672845335229021,0.07330051247228088,0.08141200437139917,0.47127675386444706,0.7342438091189287,0.20387395047295143,40,28,79,0.3745928338762215,0.38436482084690554,0.41368078175895767,1
115,114,225,8833.0,7441.5,8019.0,367,0.06558070814988604,0.055249500701616314,0.05953715596670849,0.6679017013232514,0.5725992613111727,0.1584,38,30,88,0.40599455040871935,0.23705722070844687,0.3569482288828338,1
115,120,232,8263.25,7395.0,9185.25,303,0.09000479255846376,0.08054765872626866,0.10004738097572133,0.624820415879017,0.5135416666666667,0.17065342598097502,6,7,89,0.019801980198019802,0.033003300330033,0.43234323432343236,1
115,95,244,8049.5,7848.0,11946.5,351,0.06533632032207531,0.0637007816494996,0.09696755708151719,0.6086578449905482,0.869584487534626,0.2006601048105348,36,23,104,0.3504273504273504,0.1111111111111111,0.39316239316239315,1
115,119,413,7707.75,7768.75,8598.25,295,0.08856937661591496,0.08927032461936225,0.09880206837115771,0.5828166351606805,0.5486017936586399,0.05040921855671312,45,2,92,0.31864406779661014,0.006779661016949152,0.43389830508474575,1
116,83,581,8867.75,8295.0,7227.5,271,0.12074658569463924,0.11294780844487412,0.0984123309867785,0.6590182818073722,1.2040934823631877,0.02141094498475831,35,29,80,0.35424354243542433,0.2915129151291513,0.41697416974169743,1
87,96,453,7424.75,6680.5,6299.5,279,0.09538353823820352,0.08582238152130625,0.08092778869747305,0.9809420002642357,0.7248806423611112,0.03069797133653982,40,37,75,0.40860215053763443,0.36917562724014336,0.3906810035842294,1
115,97,243,5641.0,5514.0,5895.0,315,0.05685059208868733,0.055570672713529855,0.05941043083900227,0.4265406427221172,0.5860346476777554,0.09983234263069654,32,22,71,0.4,0.21587301587301588,0.37777777777777777,1
115,121,393,5685.5,5547.0,7218.0,255,0.08743560169165705,0.08530565167243367,0.11100346020761245,0.4299054820415879,0.3788675636910047,0.04673387331740574,34,31,74,0.3843137254901961,0.43137254901960786,0.45098039215686275,1
115,127,278,7684.5,7465.5,6630.5,311,0.07945017111072053,0.07718592653094984,0.0685528478820525,0.5810586011342155,0.46286192572385143,0.08579395476424616,33,28,81,0.3536977491961415,0.2572347266881029,0.3440514469453376,1
115,97,332,7483.5,6212.0,6066.0,283,0.09343979822447528,0.07756371037221091,0.0757407384284983,0.5658601134215501,0.6602189393134233,0.05503338655828132,31,31,68,0.3674911660777385,0.3568904593639576,0.31802120141342755,1
116,114,315,8134.0,7638.0,7616.0,367,0.060390974764086156,0.056708417168439884,0.0565450779202459,0.6044887039239001,0.5877192982456141,0.07675485008818342,28,27,78,0.3079019073569482,0.2970027247956403,0.3569482288828338,1
115,122,264,7568.5,6640.5,6043.0,287,0.09188529665286697,0.08061892216732022,0.07336497954327477,0.5722873345935727,0.4461502284332169,0.08670511937557392,30,34,78,0.37630662020905925,0.3797909407665505,0.4250871080139373,1
115,96,236,5263.0,4799.5,11382.5,303,0.057325534533651384,0.05227700987920574,0.12398021980415863,0.3979584120982987,0.5207790798611112,0.2043683567940247,33,30,88,0.264026402640264,0.4158415841584158,0.48514851485148514,1
115,114,321,7063.75,7641.5,7703.5,311,0.07303222671395043,0.07900559340784317,0.07964661242129424,0.5341209829867675,0.5879886118805786,0.07476150270280763,33,24,80,0.3762057877813505,0.14469453376205788,0.2604501607717042,1
115,97,268,7506.0,8154.75,8909.5,335,0.06688349298284696,0.07266429048785922,0.07938961906883493,0.5675614366729679,0.8666967796790307,0.12404627979505457,30,28,82,0.26865671641791045,0.20298507462686566,0.24477611940298508,1
116,113,271,9002.0,7421.5,10114.5,359,0.0698473785895516,0.057584127994041015,0.07847937244434788,0.6689952437574316,0.5812123110658627,0.13772279789218556,41,40,98,0.4178272980501393,0.34540389972144847,0.4401114206128134,1
115,107,623,8423.0,5985.5,7925.0,271,0.11469070410261298,0.08150079655778107,0.1079097506842227,0.6368998109640832,0.5227967508079309,0.02041846911722649,27,37,74,0.33948339483394835,0.2952029520295203,0.34317343173431736,1
115,92,250,6851.5,7555.5,7743.5,223,0.13777674998491826,0.15193347945866598,0.15571396971585996,0.5180718336483932,0.8926630434782609,0.123896,36,37,84,0.3632286995515695,0.16591928251121077,0.5201793721973094,1
115,115,338,9201.0,7529.25,7141.75,347,0.07641455372937239,0.06253062478718369,0.05931242681194927,0.6957277882797731,0.5693194706994329,0.06251312979237422,38,33,79,0.39481268011527376,0.31988472622478387,0.2622478386167147,1
115,121,366,7135.0,5703.5,6668.5,243,0.1208318515131501,0.09658927331538214,0.11293163305051737,0.539508506616257,0.38955672426746807,0.049781271462271195,26,20,80,0.2674897119341564,0.22633744855967078,0.4279835390946502,1
114,111,292,5900.5,5436.5,5386.5,271,0.08034340491006386,0.07402540815076047,0.07334458953445623,0.4540243151738997,0.44123853583313044,0.06317437605554513,34,38,59,0.2656826568265683,0.33579335793357934,0.34686346863468637,1
115,122,271,7961.5,6871.0,6560.0,255,0.12243752402921954,0.10566705113417917,0.10088427527873894,0.6020037807183365,0.4616366568126848,0.08932340245911684,32,36,71,0.2901960784313726,0.2823529411764706,0.49019607843137253,1
115,121,425,7261.0,7516.5,7895.0,287,0.08815209605555488,0.09125399118600444,0.09584916655537884,0.5490359168241966,0.5133870637251554,0.043709342560553636,32,25,82,0.42160278745644597,0.27526132404181186,0.2926829268292683,1
115,91,362,5107.0,5331.5,7603.75,251,0.08106220536181966,0.08462564086284345,0.1206925286900208,0.38616257088846884,0.6438232097572757,0.0580244040169714,29,25,71,0.18725099601593626,0.3545816733067729,0.3386454183266932,1
116,99,552,5192.5,5133.0,7153.0,255,0.07985390234525183,0.07893886966551326,0.11000384467512495,0.38588733650416174,0.5237220691766147,0.02347524154589372,24,35,74,0.30196078431372547,0.21176470588235294,0.3803921568627451,1
115,112,266,7578.75,6092.5,5042.25,267,0.10631023018979086,0.08546199273380185,0.07072970584522156,0.573062381852552,0.48569036989795916,0.07126250777319237,40,33,56,0.31086142322097376,0.3146067415730337,0.3857677902621723,1
128,115,283,8025.0,5710.5,5953.5,327,0.0750497993996016,0.05340459557276324,0.05567713155458295,0.48980712890625,0.4317958412098299,0.0743360511431033,38,19,67,0.36085626911314983,0.0581039755351682,0.21100917431192662,1
112,91,239,6079.75,5964.75,7221.0,271,0.08278413964951457,0.08121825683201482,0.09832382456665895,0.4846739477040816,0.7202934428209153,0.12641585406417954,37,27,73,0.3874538745387454,0.31365313653136534,0.35793357933579334,1
126,122,449,5394.5,5493.0,6440.0,255,0.08296039984621299,0.08447520184544406,0.09903883121876202,0.3397896195515243,0.36905401773716745,0.03194428599064489,23,31,62,0.30196078431372547,0.22745098039215686,0.45098039215686275,1
115,114,317,7164.5,5588.5,8295.25,231,0.13426472517381607,0.10473004628848785,0.15545529506568467,0.5417391304347826,0.4300169282856263,0.08254883619102589,42,33,77,0.47186147186147187,0.341991341991342,0.48484848484848486,1
126,99,258,6696.25,6496.0,8763.5,279,0.08602471705142534,0.08345216531133978,0.11258205829832607,0.42178445452254976,0.6627895112743598,0.13165524908358872,27,34,86,0.3763440860215054,0.3010752688172043,0.4659498207885305,1
116,95,633,9137.5,8529.0,11125.0,295,0.10499856363114048,0.0980063200229819,0.12783682849755817,0.6790651010701546,0.9450415512465374,0.027764675346715284,33,39,97,0.4101694915254237,0.30847457627118646,0.33559322033898303,1
116,97,258,5883.5,5733.0,8302.0,231,0.11025842844024662,0.10743801652892562,0.15558179194542832,0.4372398929845422,0.6093102348814965,0.12472207199086593,18,35,75,0.07792207792207792,0.4805194805194805,0.35064935064935066,1
115,84,193,7672.0,7353.25,11920.0,275,0.10144793388429751,0.09723305785123967,0.1576198347107438,0.5801134215500945,1.0421272675736961,0.3200085908346533,32,34,94,0.43272727272727274,0.4109090909090909,0.5236363636363637,1
115,122,256,8003.0,7196.5,8696.0,327,0.07484405540124756,0.06730166746158667,0.08132499134940006,0.6051417769376182,0.48350577801666217,0.1326904296875,35,37,84,0.27522935779816515,0.36085626911314983,0.345565749235474,1
116,128,290,8885.0,7375.0,11978.5,307,0.09427155725790194,0.07825016711052638,0.1270941866757207,0.6603002378121284,0.45013427734375,0.14243162901307968,36,33,101,0.26384364820846906,0.2671009771986971,0.36156351791530944,1
115,91,222,7535.25,6003.75,10868.75,255,0.11588235294117646,0.09232987312572087,0.16714725105728567,0.569773156899811,0.7250030189590629,0.22053303303303304,32,32,91,0.27058823529411763,0.30196078431372547,0.38823529411764707,1
116,93,403,6732.5,6111.0,6600.5,263,0.0973340658387428,0.08834882678656623,0.0954256964825283,0.5003344233055886,0.7065556711758585,0.040641220622009866,30,26,66,0.3726235741444867,0.33840304182509506,0.4600760456273764,1
115,106,262,8018.5,7838.5,11731.5,335,0.07145021162842503,0.06984629093339274,0.10453553129873024,0.6063137996219282,0.697623709505162,0.17090350212691569,37,33,92,0.4626865671641791,0.1582089552238806,0.33134328358208953,1
127,130,242,8908.25,8545.75,14010.0,295,0.10236426314277507,0.098198793450158,0.1609882217753519,0.5523126046252093,0.5056656804733728,0.23922546274161602,25,26,99,0.31864406779661014,0.23389830508474577,0.3423728813559322,1
115,97,239,11106.25,8657.75,16199.75,363,0.08428575765164796,0.06570399714652156,0.12294052470611448,0.8397920604914934,0.9201562333935593,0.28360410356961535,41,33,112,0.3168044077134986,0.24242424242424243,0.3085399449035813,1
134,152,373,12910.5,10563.0,21472.5,295,0.1483539212869865,0.1213789141051422,0.2467394426888825,0.7190075740699488,0.4571935595567867,0.15433518533159873,50,47,136,0.17966101694915254,0.46779661016949153,0.6542372881355932,1
130,108,419,7543.0,5930.0,12458.5,327,0.07054213543566291,0.055457359556341124,0.11651189106790487,0.4463313609467456,0.5084019204389575,0.07096393846013636,27,28,103,0.2966360856269113,0.17737003058103976,0.41896024464831805,1
126,144,623,9275.0,8211.0,10563.0,295,0.10657856937661592,0.09435219764435507,0.1213789141051422,0.5842151675485009,0.39597800925925924,0.027215178458708317,38,28,96,0.4576271186440678,0.24745762711864408,0.3593220338983051,1
115,113,336,9660.0,6182.5,8610.5,359,0.07495286349423111,0.04797060854586789,0.0668096926622233,0.7304347826086957,0.48418043699584934,0.07626930980725624,48,33,83,0.22841225626740946,0.181058495821727,0.4178272980501393,1
115,113,284,7625.0,6358.0,11684.25,319,0.07493047434675366,0.062479731920873416,0.11482051080472873,0.5765595463137996,0.49792466128905943,0.1448652301130728,37,21,95,0.41379310344827586,0.12852664576802508,0.4890282131661442,1
115,72,225,6033.5,7452.0,6554.0,279,0.07751056641101733,0.09573361082206035,0.08419727393019102,0.45621928166351605,1.4375,0.12946172839506173,22,32,71,0.15053763440860216,0.3942652329749104,0.40860215053763443,1
115,125,400,7563.75,7604.75,6753.75,303,0.08238571381890664,0.08283229313030313,0.07356304937424435,0.5719281663516068,0.486704,0.0422109375,31,18,65,0.1716171617161716,0.1188118811881188,0.25742574257425743,1
120,126,156,6917.0,8000.0,12738.5,295,0.07948290721057168,0.09192760700948004,0.14637747773628268,0.4803472222222222,0.5039052658100277,0.5234426364234056,29,24,104,0.3254237288135593,0.1423728813559322,0.5627118644067797,1
115,97,234,8303.25,10105.0,14889.5,343,0.07057646048840194,0.08589108279713385,0.12655866178208058,0.6278449905482042,1.0739717291954511,0.27192453795017896,26,39,107,0.2099125364431487,0.3877551020408163,0.43731778425655976,1
115,97,288,7176.5,6780.5,10836.0,287,0.08712622467190327,0.08231859073195012,0.13155434690235404,0.5426465028355387,0.7206398129450526,0.1306423611111111,28,25,85,0.39372822299651566,0.1916376306620209,0.46689895470383275,1
115,97,492,12198.0,10649.0,26658.0,439,0.06329356946051547,0.05525604371085663,0.13832431338567153,0.92234404536862,1.1317887129344244,0.1101279000594884,45,42,144,0.27107061503416857,0.2255125284738041,0.5125284738041003,1
99,81,192,9585.0,11586.0,24542.0,367,0.07116394063360779,0.08602038770797912,0.18221235587167475,0.977961432506887,1.7658893461362597,0.6657443576388888,50,47,136,0.32697547683923706,0.3024523160762943,0.3896457765667575,1
116,96,244,13101.75,9486.5,20309.5,415,0.0760734504282189,0.0550820148062128,0.11792422702859631,0.9736734542211652,1.0293511284722223,0.3411297366299382,53,38,124,0.363855421686747,0.3301204819277108,0.4433734939759036,1
115,97,224,15211.5,14163.75,29159.5,423,0.08501416763073621,0.07915849303354962,0.1629668751292412,1.1502079395085065,1.5053406313104474,0.5811443718112245,50,52,157,0.4066193853427896,0.2293144208037825,0.4397163120567376,1
115,97,318,15815.5,13640.0,24824.0,383,0.10781653702731629,0.09298584079242479,0.16922877652721063,1.1958790170132325,1.4496758422786693,0.24548079585459437,54,51,133,0.3733681462140992,0.46475195822454307,0.46475195822454307,1
99,97,373,9641.5,9796.0,20869.5,327,0.09016730727866154,0.09161219126710247,0.1951715624386275,0.9837261503928171,1.0411308321819535,0.15000107813611827,38,35,127,0.38837920489296635,0.28440366972477066,0.4525993883792049,1
115,77,153,12572.75,10555.5,19014.5,359,0.09755316920259774,0.08190113360386714,0.14753532328271818,0.9506805293005671,1.7803170855118906,0.8122730573710966,40,40,127,0.4011142061281337,0.3788300835654596,0.42618384401114207,1
115,113,244,10991.5,10504.0,18282.0,343,0.09342620846756028,0.08928252683830717,0.15539443599180613,0.8311153119092628,0.8226172762158352,0.3070747110991669,46,46,126,0.3177842565597668,0.4518950437317784,0.4577259475218659,1
116,97,195,11210.0,10327.0,18270.0,319,0.11016008097404703,0.10148288637100658,0.17953833000854943,0.8330856123662307,1.0975661600595175,0.4804733727810651,46,42,126,0.14420062695924765,0.3072100313479624,0.5956112852664577,1
115,113,181,7686.5,6994.0,11904.5,267,0.10782168356969518,0.09810770245058845,0.16698929708650703,0.5812098298676749,0.5477327903516329,0.3633741338786972,32,29,101,0.5355805243445693,0.37453183520599254,0.5205992509363296,1
115,115,136,9383.75,8274.75,10821.25,295,0.10782821028440104,0.09508474576271186,0.12434645216891697,0.709546313799622,0.6256899810964083,0.5850589316608996,33,30,101,0.38305084745762713,0.24745762711864408,0.376271186440678,1
115,115,512,9062.5,7537.0,12639.0,319,0.08905671131376461,0.07406570297068621,0.12420278888768782,0.6852551984877127,0.5699054820415879,0.048213958740234375,38,35,106,0.4231974921630094,0.21316614420062696,0.4200626959247649,1
115,108,345,8686.0,6983.25,11505.0,319,0.08535686559683965,0.06862403081730722,0.11305903047336406,0.6567863894139887,0.5987011316872428,0.0966603654694392,39,37,85,0.28213166144200624,0.3385579937304075,0.49843260188087773,1
116,86,214,7904.5,7727.5,11042.5,311,0.0817247547068372,0.07989474881359787,0.11416858800053763,0.5874331153388823,1.044821525148729,0.24112367892392347,31,31,95,0.3054662379421222,0.31189710610932475,0.3536977491961415,1
115,97,186,8827.0,9364.5,14058.0,371,0.06413060062045466,0.0680356870409253,0.10213526492832804,0.6674480151228733,0.9952704857051758,0.40634755463059313,30,41,106,0.2371967654986523,0.3423180592991914,0.41778975741239893,1
115,114,429,8333.0,7897.0,13233.75,243,0.14112008670764958,0.13373638842317398,0.2241147182848143,0.6300945179584121,0.6076485072329948,0.0719065316967415,42,35,100,0.29218106995884774,0.4691358024691358,0.5843621399176955,1
115,113,216,11177.5,9576.25,21372.75,335,0.09959901982624192,0.08533080864335041,0.19044553352639787,0.845179584120983,0.7499608426658313,0.45809220679012347,51,50,141,0.5611940298507463,0.4955223880597015,0.6208955223880597,1
115,115,412,12597.0,10812.75,24266.75,311,0.13024058891037107,0.11179319899504761,0.2508943249139277,0.9525141776937618,0.8175992438563328,0.1429608704873221,60,54,151,0.5755627009646302,0.3183279742765273,0.6334405144694534,1
115,121,254,13144.5,12626.0,23737.5,359,0.10198943211179305,0.097966341043288,0.1841815318006533,0.9939130434782608,0.8623727887439383,0.36793198586397174,60,60,153,0.3871866295264624,0.1671309192200557,0.520891364902507,1
114,73,191,10022.5,10648.5,23228.0,351,0.0813508007240201,0.08643192831227019,0.18853743070267287,0.7711988304093568,1.9982173015575155,0.63671500232998,56,54,148,0.4586894586894587,0.16524216524216523,0.5413105413105413,1
99,108,197,12912.0,11739.5,26411.5,367,0.09586528966730765,0.08716005018969626,0.19609247971252292,1.3174165901438628,1.0064729080932784,0.680550903141024,53,53,158,0.5068119891008175,0.3896457765667575,0.5286103542234333,1
115,110,259,9756.0,7898.0,23580.0,335,0.08693250167075073,0.07037647582980619,0.21011361104923146,0.7376937618147448,0.6527272727272727,0.3515153322103129,43,43,146,0.44776119402985076,0.46567164179104475,0.6029850746268657,1
113,110,220,8286.5,7901.0,13006.5,271,0.11283206928010239,0.10758295774839667,0.17710134665922306,0.648954499177696,0.6529752066115703,0.26872933884297523,41,38,110,0.5166051660516605,0.5166051660516605,0.5166051660516605,1
115,93,221,10048.0,7050.5,11624.0,291,0.118657077738808,0.08325952693048028,0.13726810028223568,0.759773156899811,0.815180945774078,0.23799676501300138,40,29,105,0.29896907216494845,0.24054982817869416,0.5979381443298969,1
117,94,271,7258.0,6892.0,8106.0,303,0.0790554302955048,0.07506889302791665,0.08829199751658334,0.5302067353349404,0.7799909461294704,0.11037431407524408,34,31,89,0.44554455445544555,0.10231023102310231,0.3927392739273927,1
130,100,229,11642.5,10329.5,12535.5,347,0.09669127723010738,0.08578677673595828,0.10410766637045403,0.688905325443787,1.03295,0.23904006407200473,42,46,98,0.31412103746397696,0.3170028818443804,0.579250720461095,1
115,124,295,8589.5,8187.5,8192.0,335,0.07653820449988862,0.07295611494764981,0.07299621296502562,0.6494896030245747,0.532485691987513,0.09413386957770756,31,31,82,0.26865671641791045,0.09253731343283582,0.41492537313432837,1
112,123,238,12257.0,9122.0,17025.0,319,0.12044889495975865,0.08964141468735566,0.16730378042668606,0.9771205357142857,0.6029479806993192,0.30056140103100065,42,36,126,0.3542319749216301,0.36990595611285265,0.45454545454545453,1
115,97,149,11064.0,11050.0,19093.5,263,0.15995604967543264,0.15975364686492505,0.27604129017334356,0.8365973534971645,1.1744074821978956,0.8600288275302914,55,49,131,0.6539923954372624,0.5513307984790875,0.6387832699619772,1
88,79,227,10573.0,9500.5,14273.0,295,0.12149382361390405,0.10916977879919564,0.16401034185578856,1.365315082644628,1.522272071783368,0.276989656310039,44,39,121,0.5254237288135594,0.4711864406779661,0.6101694915254238,1
115,108,207,9644.25,9492.0,18393.25,295,0.11082160298764723,0.10907210571674807,0.21135593220338983,0.7292438563327032,0.8137860082304527,0.4292573922378585,48,50,129,0.2542372881355932,0.24745762711864408,0.46440677966101696,1
115,122,295,9373.5,9001.0,22468.5,311,0.09691276971908892,0.09306148613020958,0.23230218876976044,0.7087712665406427,0.6047433485622145,0.25818442976156275,49,46,138,0.39228295819935693,0.35691318327974275,0.6334405144694534,1
115,91,420,10163.5,10806.25,17899.75,287,0.12338986754725685,0.1311931673323702,0.21731173135524287,0.7685066162570888,1.304945054945055,0.10147250566893425,56,53,130,0.4878048780487805,0.34146341463414637,0.5818815331010453,1
88,75,292,9743.5,8743.5,11116.0,287,0.11829086185336717,0.10615037210601076,0.13495368403161384,1.258199896694215,1.5544,0.1303715518859073,30,1,101,0.10452961672473868,0.003484320557491289,0.3623693379790941,1
115,93,279,11120.0,10056.25,18155.25,343,0.09451844044573264,0.08547671463420854,0.15431707876820033,0.8408317580340264,1.1627066712914789,0.2332350560758469,46,42,133,0.3236151603498542,0.13411078717201166,0.5131195335276968,1
116,91,276,6770.5,7308.0,11409.5,239,0.11852908737592129,0.12793893664326605,0.19974265156422333,0.5031584423305588,0.8825021132713441,0.14977814534761605,37,35,104,0.3179916317991632,0.4100418410041841,0.5941422594142259,1
115,100,289,8591.5,6521.5,13014.75,283,0.10727440722196556,0.0814281611706976,0.162503589756396,0.649640831758034,0.65215,0.15582607966858633,39,38,110,0.4275618374558304,0.5053003533568905,0.38869257950530034,1
87,79,215,9113.0,7818.75,13487.75,343,0.07745922192283827,0.06645827843840577,0.11464398337427432,1.2039899590434668,1.2528040378144527,0.2917847485127096,47,43,118,0.30903790087463556,0.30903790087463556,0.4402332361516035,1
115,109,412,11280.0,8781.0,14581.0,327,0.10549055915607553,0.08211991134304071,0.13636151090910792,0.852930056710775,0.7390792020873664,0.08589994344424545,37,36,114,0.43425076452599387,0.39755351681957185,0.4801223241590214,1
113,118,530,10732.0,10196.0,18157.0,319,0.10546280009040791,0.1001955562543607,0.17842788494609918,0.8404730205967578,0.7322608445848894,0.06463866144535421,50,44,119,0.47648902821316613,0.3322884012539185,0.6206896551724138,1
100,121,424,13472.5,11199.5,20938.0,447,0.0674268926825118,0.05605102873243948,0.10479007452116772,1.34725,0.764940919336111,0.11646715913136348,58,39,127,0.38031319910514544,0.21923937360178972,0.3691275167785235,1
115,99,339,8752.75,8193.0,11701.5,243,0.1482285898152382,0.13874917441446935,0.198165929990347,0.6618336483931947,0.8359351086623814,0.10182212128331637,30,31,106,0.22633744855967078,0.2674897119341564,0.4609053497942387,1
115,96,273,8038.75,7439.5,13475.25,311,0.08311276765128565,0.07691711210595424,0.13932083001623224,0.6078449905482042,0.8072374131944444,0.18080545827798575,43,44,111,0.34726688102893893,0.4758842443729904,0.43729903536977494,1
115,109,630,10963.5,11368.0,14924.0,255,0.16860438292964244,0.17482506728181468,0.2295117262591311,0.8289981096408318,0.9568218163454255,0.03760141093474427,47,43,122,0.6274509803921569,0.3607843137254902,0.5647058823529412,1
115,122,285,9356.5,8587.5,14736.0,263,0.1352701354653096,0.12415243823099943,0.21304341540285388,0.7074858223062381,0.5769618382155335,0.18142197599261312,37,35,109,0.33079847908745247,0.4790874524714829,0.55893536121673,1
115,121,401,9019.75,8957.75,14818.75,271,0.12281627428820413,0.12197205920398688,0.20177761740717037,0.6820226843100189,0.6118263779796462,0.09215583236422659,43,43,114,0.2915129151291513,0.5571955719557196,0.5645756457564576,1
116,115,263,9343.5,10489.0,19117.25,343,0.07941843959574667,0.08915502894202246,0.16249394384992646,0.6943742568370987,0.7931190926275993,0.2763846520840261,47,47,128,0.3206997084548105,0.42565597667638483,0.5335276967930029,1
115,141,273,9789.0,9552.0,16053.5,399,0.06148830723425104,0.05999962311794524,0.10083793443508521,0.7401890359168242,0.480458729440169,0.2153993747400341,45,44,122,0.2781954887218045,0.3107769423558897,0.41604010025062654,1
115,109,465,8465.5,9301.0,18262.0,319,0.08319002368294337,0.09140043828185651,0.17945971442890696,0.6401134215500945,0.7828465617372276,0.08445831888079547,49,46,134,0.2852664576802508,0.4012539184952978,0.5078369905956113,1
115,90,207,10523.0,10180.0,16854.0,287,0.1277543736114315,0.12359018562808824,0.2046158142019449,0.7956899810964083,1.2567901234567902,0.39333473359938387,36,36,123,0.5087108013937283,0.397212543554007,0.5679442508710801,1
116,78,328,9135.0,9435.75,16191.25,303,0.09950004901480247,0.1027758716465706,0.17635798233288674,0.6788793103448276,1.5509122287968442,0.15049868010113027,45,42,119,0.3696369636963696,0.3201320132013201,0.39603960396039606,1
128,108,386,9008.25,8556.25,12498.25,331,0.08222131963016037,0.07809576400361443,0.11407572037495094,0.5498199462890625,0.7335605281207133,0.08388312437917797,27,37,108,0.229607250755287,0.18731117824773413,0.3504531722054381,1
115,82,191,8688.0,7680.25,16600.25,323,0.08327502420228317,0.07361567732845134,0.15911443606283968,0.656937618147448,1.1422144556811422,0.45503823908335844,46,30,121,0.29102167182662536,0.30030959752321984,0.541795665634675,1
129,138,319,7288.5,9133.0,11864.5,251,0.11568863986285932,0.1449659529213822,0.18832240758083205,0.437984496124031,0.47957361898760764,0.11659181808354871,30,35,104,0.4103585657370518,0.1394422310756972,0.5816733067729084,1
115,132,461,9572.5,7618.5,13980.0,271,0.13034272409144756,0.10373633256627769,0.1903568851186667,0.7238185255198488,0.4372417355371901,0.06578173451094245,44,43,108,0.5830258302583026,0.3948339483394834,0.5830258302583026,1
115,113,230,11367.0,9737.0,17396.0,311,0.11752359880480971,0.10067100216085442,0.17985752835475233,0.8595085066162571,0.762549925601065,0.3288468809073724,49,46,128,0.49517684887459806,0.3504823151125402,0.4758842443729904,1
114,92,588,8587.0,7489.5,14661.0,279,0.11031461569095978,0.09621536208424866,0.18834547346514047,0.6607417666974453,0.8848653119092628,0.04240420658059142,17,30,116,0.06093189964157706,0.2616487455197133,0.5913978494623656,1
116,136,299,9016.5,7403.5,14041.0,335,0.08034306081532636,0.06597014925373135,0.12511472488304745,0.6700728299643282,0.40027573529411764,0.15705640876500263,42,41,108,0.34626865671641793,0.382089552238806,0.4507462686567164,1
115,100,376,7284.5,7543.5,7357.5,255,0.11202614379084967,0.11600922722029988,0.11314878892733564,0.5508128544423441,0.75435,0.05204207220461747,38,25,82,0.4235294117647059,0.26666666666666666,0.4,1
