SrcIPF0,DstIPF0,DstPortF0,SrcIPF2,DstIPF2,DstPortF2,Events_F1,SrcIP_BurstIndex,DstIP_BurstIndex,DstPort_BurstIndex,SrcIP_Concentration,DstIP_Concentration,DstPort_Concentration,SrcIP_MaxCount,DstIP_MaxCount,DstPort_MaxCount,SrcIP_FractionOfMass,DstIP_FractionOfMass,DstPort_FractionOfMass,Attack
40,64,46,788.0,637.25,4655.25,107,0.06882697178792907,0.05565988295921041,0.40660756397938685,0.4925,0.15557861328125,2.200023629489603,14,12,67,0.3925233644859813,0.3177570093457944,0.8130841121495327,1
42,67,55,654.875,658.0,4548.25,87,0.0865206764433875,0.08693354472189192,0.6009050072664817,0.37124433106575966,0.14658053018489642,1.5035537190082644,12,0,65,0.3448275862068966,0.0,0.9655172413793104,1
35,87,87,20632.0,23857.5,111111.5,455,0.09965946141770318,0.11523970534959546,0.536705711870547,16.842448979591836,3.1520015854141894,14.679812392654247,72,66,299,0.545054945054945,0.43736263736263736,1.0153846153846153,0
33,39,823,64218.25,69689.0,201455.25,751,0.11386194350719236,0.12356183765631622,0.35718952625970524,58.96992653810835,45.81788297172913,0.29742599239069933,98,98,425,0.3395472703062583,0.3595206391478029,0.8348868175765646,0
42,39,155,16016.25,19849.25,32917.125,519,0.059460166839297446,0.07369014074049324,0.12220449508280709,9.079506802721088,13.050131492439185,1.3701196670135276,58,70,158,0.11753371868978806,0.13680154142581888,0.5568400770712909,0
47,62,255,4750.0,6292.75,4219.0,259,0.07080991636976193,0.09380823183911988,0.06289411308716328,2.150294250792214,1.637031737773153,0.06488273740868897,33,39,50,0.38996138996138996,0.4826254826254826,0.23938223938223938,0
42,62,578,6534.125,6362.25,4148.25,343,0.05553914610408928,0.0540782327091603,0.03525954321753691,3.704152494331066,1.65511186264308,0.01241678739478694,39,45,49,0.4139941690962099,0.3469387755102041,0.20408163265306123,0
33,96,267,5799.875,5428.375,4257.25,251,0.09206004666592593,0.08616331486801797,0.06757432421707592,5.325872359963269,0.5890163845486112,0.05971818934197422,40,34,43,0.4342629482071713,0.2549800796812749,0.1752988047808765,0
35,51,370,4275.125,4535.25,4034.5,227,0.08296541753187525,0.08801354577034291,0.07829571697490734,3.4898979591836734,1.7436562860438294,0.029470416362308256,35,30,48,0.4977973568281938,0.21585903083700442,0.45374449339207046,0
33,58,129,5226.5,5479.125,4493.625,279,0.06714327924872497,0.07038867691833353,0.05772825374802482,4.799357208448118,1.6287529726516052,0.2700333513610961,36,39,47,0.36917562724014336,0.31899641577060933,0.4444444444444444,0
27,57,191,5459.75,5289.25,4087.25,279,0.07013977209953623,0.06794940969412007,0.0525076759034442,7.489368998628258,1.6279624499846106,0.11203777308736054,40,38,48,0.35842293906810035,0.4551971326164875,0.1971326164874552,0
51,64,894,5351.75,4884.5,3010.0,215,0.11577609518658734,0.1056679286100595,0.06511627906976744,2.0575740099961553,1.1925048828125,0.003766096622274272,48,36,33,0.6186046511627907,0.641860465116279,0.3674418604651163,0
42,59,360,4636.0,5272.125,2786.875,291,0.05474663738028601,0.06225865306267049,0.032910275032179595,2.6281179138321997,1.5145432347026717,0.02150366512345679,36,35,20,0.44329896907216493,0.31958762886597936,0.17525773195876287,0
33,85,239,5681.75,5327.75,3417.875,211,0.12761955032456593,0.11966824644549763,0.07676995125895644,5.217401285583104,0.7374048442906574,0.059835699655118084,39,28,25,0.44075829383886256,0.36018957345971564,0.11848341232227488,0
35,63,166,4377.625,4379.875,4857.5,251,0.06948500817447342,0.06952072189330329,0.0771019507626863,3.5735714285714284,1.1035210380448475,0.17627739875163304,19,19,46,0.1394422310756972,0.20318725099601595,0.350597609561753,0
33,35,170,6302.375,6880.125,7849.625,279,0.0809647229609075,0.08838690407368867,0.10084178003879704,5.787304866850321,5.616428571428571,0.27161332179930797,49,15,70,0.4946236559139785,0.07526881720430108,0.5448028673835126,0
47,44,210,3917.25,4135.125,3432.875,227,0.0760202992489666,0.08024850084418483,0.06662025267325196,1.7733137166138524,2.135911673553719,0.07784297052154195,40,31,37,0.43171806167400884,0.3744493392070485,0.16299559471365638,1
41,58,182,6542.5,5434.75,4200.375,231,0.12260827195892131,0.10184872847210509,0.07871619722269073,3.892028554431886,1.6155618311533888,0.12680760173892042,43,34,46,0.4588744588744589,0.4805194805194805,0.3722943722943723,0
33,65,185,4484.25,4473.25,3460.0,203,0.10881724865927346,0.1085503166783955,0.08396224125797763,4.117768595041323,1.0587573964497041,0.10109569028487947,38,33,43,0.4630541871921182,0.5073891625615764,0.3793103448275862,0
33,85,259,3836.75,3931.0,3966.0,211,0.08617843264976079,0.08829541115428674,0.08908155701803644,3.523186409550046,0.544083044982699,0.05912255333104754,38,29,48,0.3886255924170616,0.5639810426540285,0.4786729857819905,1
35,68,221,5125.5,5572.75,3577.25,247,0.08401219492206068,0.09134308052910227,0.058634791588126345,4.184081632653061,1.2051794982698962,0.07324276734710591,42,40,32,0.44129554655870445,0.4089068825910931,0.3441295546558704,0
40,66,295,4936.0,5050.25,3948.75,259,0.07358268362129367,0.07528584845187161,0.058865401529494196,3.085,1.1593778696051424,0.045374892272335536,30,25,44,0.3552123552123552,0.25868725868725867,0.30115830115830117,1
33,30,313,6736.125,5315.875,5163.125,287,0.08177985649941119,0.06453732593572825,0.06268286612681956,6.1856060606060606,5.906527777777778,0.052701619900172504,42,31,49,0.32752613240418116,0.32752613240418116,0.3310104529616725,1
42,64,178,5591.375,4697.875,4240.0,247,0.09164836335622613,0.07700298316641807,0.06949794292645348,3.1697137188208617,1.146942138671875,0.13382148718596137,21,28,37,0.08502024291497975,0.19433198380566802,0.4008097165991903,1
33,38,357,5800.5,5175.75,4582.0,243,0.09823197683279988,0.08765178072448306,0.07759657233822757,5.3264462809917354,3.584314404432133,0.035951635556183255,52,28,46,0.2139917695473251,0.3950617283950617,0.3497942386831276,1
33,70,280,4287.75,3898.0,3233.5,247,0.07028061433558982,0.0638922126243669,0.05300037699355833,3.93732782369146,0.7955102040816326,0.04124362244897959,32,29,32,0.2145748987854251,0.2145748987854251,0.1902834008097166,1
35,104,484,6902.25,5500.75,5052.0,307,0.07323419877133974,0.05836401447230209,0.053602690744729384,5.634489795918367,0.5085752588757396,0.021566149853152108,29,35,44,0.36807817589576547,0.3257328990228013,0.24104234527687296,1
47,62,310,3890.5,4363.0,3515.625,223,0.0782340284341129,0.08773552655392226,0.07069567053429589,1.7612041647804437,1.135015608740895,0.036582986472424556,30,24,34,0.4798206278026906,0.2914798206278027,0.15246636771300448,0
42,57,206,4622.25,4631.25,4263.75,225,0.0913037037037037,0.09148148148148148,0.08422222222222223,2.620323129251701,1.4254385964912282,0.10047483268922613,32,36,46,0.40444444444444444,0.5688888888888889,0.5066666666666667,0
27,65,222,4887.5,5357.0,3536.0,211,0.10977965454504615,0.12032523977448845,0.07942319354911166,6.704389574759945,1.2679289940828402,0.07174742309877445,44,40,39,0.5497630331753555,0.5450236966824644,0.4881516587677725,0
33,35,159,3371.5,4561.0,3003.375,263,0.048742933973311746,0.06593994419465367,0.04342082435773251,3.095959595959596,3.7232653061224488,0.1187996914679008,29,35,0,0.4296577946768061,0.4296577946768061,0.0,0
35,70,221,5406.875,5015.0,3782.75,303,0.05889264669041162,0.05462427430861898,0.041202387565489225,4.413775510204082,1.023469387755102,0.07745029790544829,40,31,36,0.30033003300330036,0.2838283828382838,0.3432343234323432,1
47,101,283,5043.375,4061.625,3538.5,255,0.077560553633218,0.06246251441753172,0.05441753171856978,2.283103214124038,0.3981594941672385,0.044182097416624,34,26,36,0.4235294117647059,0.4666666666666667,0.3137254901960784,1
42,60,259,6899.5,5697.25,4197.25,239,0.12078745120008404,0.09974002555977661,0.07347998109276799,3.911281179138322,1.5825694444444445,0.06256987820694385,44,26,30,0.4686192468619247,0.3054393305439331,0.14225941422594143,1
33,67,276,4852.125,5117.375,4796.75,251,0.07701663465659275,0.08122688528753512,0.07613768035428009,4.455578512396694,1.139981064825128,0.06296930791850451,28,34,47,0.40239043824701193,0.41434262948207173,0.2589641434262948,1
33,57,203,4528.5,4233.5,4534.5,215,0.09796646836127637,0.09158464034613305,0.09809626825310978,4.158402203856749,1.3030163127116037,0.11003664248101143,26,27,48,0.4790697674418605,0.17674418604651163,0.4558139534883721,1
42,67,238,4374.125,4150.125,4251.25,271,0.05955971460083605,0.05650964719979303,0.057886602851268364,2.4796626984126986,0.9245099131209623,0.07505207965539157,28,25,41,0.34686346863468637,0.33210332103321033,0.36900369003690037,1
35,67,258,5158.25,4364.625,4060.375,239,0.09030391624796484,0.07641016438787836,0.07108375203515345,4.210816326530613,0.972293383827133,0.060999564329066766,40,28,41,0.502092050209205,0.401673640167364,0.41422594142259417,1
47,66,280,5325.5,4588.75,4260.25,287,0.06465417814954655,0.05570967232818172,0.05172152144617514,2.4108193752829337,1.0534320477502295,0.054339923469387756,41,28,28,0.21254355400696864,0.445993031358885,0.313588850174216,1
42,87,163,5497.0,4298.0,3898.5,243,0.09309217768294129,0.07278700740063337,0.06602143982116547,3.116213151927438,0.5678425155238472,0.14673115284730326,27,31,43,0.2757201646090535,0.2551440329218107,0.17695473251028807,1
33,64,463,5509.75,4833.25,4372.0,231,0.10325424935814546,0.09057645096606136,0.0819324975169131,5.0594582185491275,1.17999267578125,0.02039473991108789,42,33,46,0.3722943722943723,0.3246753246753247,0.29004329004329005,1
33,64,300,4409.75,4928.375,5136.0,255,0.0678162245290273,0.0757920030757401,0.07898500576701269,4.049357208448118,1.203216552734375,0.05706666666666667,31,36,46,0.42745098039215684,0.396078431372549,0.2823529411764706,1
35,41,225,4677.25,4345.5,3730.5,223,0.09405477689074786,0.08738361921615154,0.07501658991735205,3.8181632653061226,2.5850684116597265,0.07368888888888889,38,25,35,0.40358744394618834,0.2242152466367713,0.3721973094170404,1
47,66,211,3363.125,3705.75,3114.25,191,0.0921883994408048,0.10158027466352348,0.08536635508895041,1.5224649162516977,0.8507231404958677,0.06995013589092788,22,0,30,0.4031413612565445,0.0,0.3769633507853403,1
42,96,164,4825.5,4803.5,5008.75,311,0.04989092337754986,0.049663465017938196,0.05178554812295158,2.735544217687075,0.5212131076388888,0.1862265764425937,29,33,42,0.24437299035369775,0.2540192926045016,0.28938906752411575,1
33,60,244,8013.875,6569.375,6609.75,323,0.07681349385118232,0.06296787087003614,0.06335486777406091,7.358930211202939,1.824826388888889,0.11102106288632088,47,22,28,0.3065015479876161,0.1238390092879257,0.16718266253869968,1
33,58,208,6103.5,5882.5,6641.25,271,0.0831075284922591,0.08009831020819433,0.09042973271061124,5.604683195592287,1.7486623067776457,0.15350522374260356,32,39,43,0.42435424354243545,0.3210332103321033,0.39114391143911437,1
33,63,180,4822.75,5321.0,4955.75,259,0.07189442614153038,0.07932201368494805,0.07387710379988373,4.42860422405877,1.3406399596875787,0.15295524691358026,30,32,44,0.5019305019305019,0.41312741312741313,0.444015444015444,1
35,65,203,8915.5,8578.375,10046.0,311,0.09217750023262787,0.08869195934698773,0.10386575821176373,7.277959183673469,2.0303846153846155,0.24378169817272927,45,51,68,0.3054662379421222,0.4855305466237942,0.5176848874598071,1
47,62,366,7904.75,7968.0,11303.75,287,0.09596753633041556,0.09673542230693587,0.13723306098168,3.5784291534631056,2.072840790842872,0.08438405147959031,50,13,68,0.3240418118466899,0.04529616724738676,0.4843205574912892,1
42,103,321,6177.875,6473.125,5137.75,303,0.0672905161803309,0.07050643183130194,0.05596128919822675,3.5021967120181405,0.6101541144311434,0.04986122029095214,43,39,39,0.49174917491749176,0.45544554455445546,0.3465346534653465,1
33,67,352,6472.0,5755.75,6984.25,311,0.0669141137912139,0.05950879333340226,0.07221027491444464,5.943067033976125,1.2821897972822456,0.05636823669938017,33,31,48,0.19614147909967847,0.2604501607717042,0.5080385852090032,1
42,64,235,11462.375,8726.5,8866.375,295,0.13171358804941108,0.10027578282102843,0.10188307957483482,6.497945011337868,2.1304931640625,0.16055002263467633,77,45,67,0.5898305084745763,0.288135593220339,0.4033898305084746,1
33,100,332,8649.25,7971.0,9272.0,303,0.09420917339258679,0.08682155344247296,0.10099227744556634,7.942378328741965,0.7971,0.08411961097401655,44,38,60,0.47194719471947194,0.32673267326732675,0.5742574257425742,1
49,111,263,8389.0,8170.75,10108.0,351,0.06809197977289146,0.0663204844116525,0.08204478859749514,3.4939608496459806,0.6631563996428861,0.14613482918648527,61,35,60,0.41025641025641024,0.22792022792022792,0.47863247863247865,1
42,67,287,6820.625,6288.5,5570.875,359,0.05292188142550104,0.04879307267944848,0.04322495169962989,3.8665674603174605,1.4008687903764758,0.06763315082130412,44,0,41,0.21448467966573817,0.0,0.24233983286908078,1
33,103,183,7747.25,8009.0,11175.25,299,0.08665730808380219,0.08958512768313553,0.12500139819465106,7.114095500459137,0.7549250636252238,0.3336991250858491,48,19,66,0.4013377926421405,0.06354515050167224,0.4682274247491639,1
33,58,360,7266.5,8709.25,10963.75,311,0.07512846227809886,0.0900450781112685,0.11335439046329132,6.672635445362718,2.5889565992865635,0.08459683641975309,44,41,66,0.4790996784565916,0.2508038585209003,0.5498392282958199,1
33,67,308,7760.75,6180.75,11340.5,343,0.06596528657277155,0.05253550816411529,0.0963926595211179,7.126492194674013,1.376865671641791,0.11954482206105582,48,32,61,0.30612244897959184,0.1661807580174927,0.478134110787172,1
42,63,328,6444.0,5565.375,6060.375,275,0.0852099173553719,0.07359173553719009,0.08013719008264462,3.6530612244897958,1.4022108843537415,0.05633156417311124,42,41,56,0.3890909090909091,0.3927272727272727,0.36727272727272725,1
47,69,305,9019.25,9725.0,11238.0,335,0.08036756515927823,0.08665627088438405,0.10013811539318333,4.082956088727931,2.0426381012392354,0.12080623488309594,42,50,72,0.18507462686567164,0.2656716417910448,0.5462686567164179,1
42,67,464,6035.5,6297.0,6659.25,339,0.05251868675002828,0.05479416294671992,0.05794632834729945,3.421485260770975,1.4027623078636668,0.030930672190844232,46,38,51,0.34513274336283184,0.2536873156342183,0.4306784660766962,1
35,97,265,6707.75,7155.625,8843.625,303,0.07306200917121415,0.07794034353930443,0.09632634055484757,5.475714285714286,0.7605085556382187,0.12593271626913494,40,24,58,0.25412541254125415,0.13861386138613863,0.38283828382838286,0
33,38,367,6214.25,6647.75,8521.25,259,0.09263800480016696,0.09910034137833365,0.12702926312964924,5.706382001836547,4.603704986149585,0.06326611675786441,40,44,55,0.5173745173745173,0.43243243243243246,0.61003861003861,1
34,41,270,7502.25,8006.0,11720.75,327,0.07016104143871167,0.07487211140102311,0.10961245312310038,6.489835640138408,4.762641284949435,0.16077846364883402,33,44,79,0.345565749235474,0.3241590214067278,0.3547400611620795,1
51,69,163,8505.25,7966.25,11157.5,351,0.06903555977630052,0.06466059528737592,0.090563388284186,3.26999231064975,1.673230413778618,0.41994429598404154,48,49,73,0.396011396011396,0.50997150997151,0.5299145299145299,1
42,67,252,7088.25,6170.5,6168.75,303,0.07720648302454008,0.06721018636517118,0.06719112505309936,4.01828231292517,1.374582312319002,0.09713955026455026,24,33,46,0.17491749174917492,0.20462046204620463,0.29042904290429045,1
33,60,134,10136.75,8167.5,10164.5,359,0.07865201232144381,0.06337241331150441,0.07886732722433873,9.308310376492194,2.26875,0.5660781911338828,71,48,68,0.5236768802228412,0.13370473537604458,0.5181058495821727,0
33,67,170,7591.0,8676.25,10235.5,279,0.09751930216723835,0.11146118369496795,0.13149240117675776,6.970615243342516,1.9327801292047226,0.3541695501730104,51,44,72,0.3763440860215054,0.41935483870967744,0.2974910394265233,1
33,98,342,6289.625,6058.25,5807.125,275,0.08316859504132232,0.08010909090909091,0.07678842975206611,5.775596877869605,0.630804872969596,0.04964882356964536,46,27,53,0.56,0.16727272727272727,0.32727272727272727,0
42,71,325,8465.375,7371.25,8431.25,275,0.1119388429752066,0.09747107438016529,0.11148760330578512,4.798965419501134,1.4622594723269193,0.07982248520710059,57,32,65,0.21454545454545454,0.12,0.43636363636363634,1
47,44,264,7408.25,6889.0,7708.5,283,0.09250021850691106,0.08601680630298793,0.09624917279526526,3.353666817564509,3.5583677685950414,0.11060175619834711,51,33,57,0.5477031802120141,0.3992932862190813,0.5547703180212014,0
42,33,251,7171.5,7466.0,7292.0,299,0.0802172235209897,0.08351137011890247,0.08156508316461784,4.065476190476191,6.855831037649219,0.11574419453659465,52,47,59,0.5752508361204013,0.391304347826087,0.4214046822742475,0
33,67,272,8384.25,8658.25,8236.75,331,0.0765258623050173,0.07902675222022434,0.0751795803251157,7.699035812672176,1.928770327467142,0.11133150410899655,45,31,61,0.459214501510574,0.16314199395770393,0.49244712990936557,0
33,66,161,8296.5,9664.25,10706.75,335,0.07392737803519715,0.08611494764981065,0.09540432167520606,7.618457300275482,2.2186065197428833,0.41305312295050345,57,53,67,0.4298507462686567,0.5014925373134328,0.5522388059701493,1
33,101,176,8300.75,8020.5,12059.0,287,0.10077517027036871,0.09737279801867207,0.14640216586337093,7.622359963269054,0.786246446426821,0.38930139462809915,52,37,72,0.5505226480836237,0.29965156794425085,0.627177700348432,0
51,47,475,6515.5,8325.875,7059.0,327,0.06093295551253636,0.07786358237709134,0.06601576747187386,2.5049980776624374,3.7690697148030785,0.03128642659279778,45,43,60,0.4525993883792049,0.4740061162079511,0.42507645259938837,0
42,62,189,8508.375,8579.375,8595.75,327,0.07957032236343742,0.08023431435812549,0.08038745335690037,4.823341836734694,2.231887356919875,0.2406357604770303,46,38,60,0.43730886850152906,0.4434250764525994,0.4525993883792049,1
33,33,235,6602.25,7718.25,7835.75,351,0.05358925658070957,0.06264762461343658,0.06360135063838768,6.06267217630854,7.087465564738292,0.1418877320054323,35,37,61,0.3789173789173789,0.2535612535612536,0.31339031339031337,1
35,43,298,9297.0,8738.0,9756.75,355,0.07377107716722872,0.06933544931561199,0.077419162864511,7.589387755102041,4.725797728501893,0.10986836178550516,49,34,62,0.35774647887323946,0.24225352112676057,0.4169014084507042,1
33,62,196,6849.5,7816.375,8015.375,331,0.06251768421244785,0.0713426766823961,0.07315901643833116,6.2897153351698805,2.0333962018730487,0.20864678779675136,44,44,54,0.46827794561933533,0.38368580060422963,0.23867069486404835,1
48,106,231,8468.25,8377.0,10691.0,335,0.0754577856983738,0.0746446870126977,0.09526397861439073,3.6754557291666665,0.7455500177999288,0.20035231723543412,52,34,78,0.4746268656716418,0.2716417910447761,0.41194029850746267,0
42,67,219,6899.5,6611.25,7489.0,291,0.08147636423755034,0.0780724129379672,0.08843778415465098,3.911281179138322,1.4727667631989307,0.15614770334229894,36,39,49,0.3127147766323024,0.281786941580756,0.5429553264604811,1
35,32,161,6171.125,6087.0,6759.5,247,0.10115105967971938,0.09977216476257601,0.11079512858758543,5.03765306122449,5.9443359375,0.26077311832105243,37,35,48,0.4534412955465587,0.48582995951417,0.3967611336032389,1
33,67,796,5943.0,5305.75,4950.25,319,0.05840154872691896,0.052139326461021415,0.04864584664065801,5.457300275482094,1.1819447538427266,0.007812697280371707,35,36,42,0.30407523510971785,0.2413793103448276,0.3385579937304075,0
33,26,213,5755.5,6009.5,5120.25,259,0.08579925761392942,0.08958572472085985,0.07632936300889968,5.285123966942149,8.889792899408285,0.11285789856509952,38,43,57,0.25868725868725867,0.39768339768339767,0.37065637065637064,0
27,65,626,5501.25,5444.25,5475.0,287,0.06678786922264444,0.06609586130704513,0.06646918136677633,7.546296296296297,1.2885798816568048,0.013971256213700252,35,33,55,0.4529616724738676,0.5052264808362369,0.3240418118466899,1
48,101,179,5378.125,5325.0,4468.0,271,0.07323055241622527,0.072507182636402,0.060837951552947266,2.334255642361111,0.5220076463091854,0.13944633438407042,37,36,48,0.5202952029520295,0.3874538745387454,0.23247232472324722,0
42,48,717,5004.125,4551.25,3831.375,307,0.05309472779552038,0.04828963702532653,0.04065162495092786,2.8368055555555554,1.9753689236111112,0.007452746508872977,28,19,44,0.38436482084690554,0.13029315960912052,0.34201954397394135,1
33,60,419,4738.375,4674.0,3758.0,307,0.05027506923150378,0.049592038111810205,0.03987310210187907,4.351124885215794,1.2983333333333333,0.021405665267342975,40,33,14,0.4234527687296417,0.3257328990228013,0.09446254071661238,1
42,67,186,5456.25,4656.0,4909.25,239,0.0955209117487439,0.0815111780255948,0.08594474886644142,3.0931122448979593,1.0372020494542213,0.14190224303387675,11,23,49,0.04602510460251046,0.09623430962343096,0.5062761506276151,1
33,60,196,5237.75,4253.0,3796.5,215,0.1133098972417523,0.09200648999459167,0.0821308815575987,4.809687786960514,1.1813888888888888,0.09882600999583507,34,31,40,0.6837209302325581,0.5023255813953489,0.3209302325581395,1
47,69,305,4477.0,4594.0,4245.75,227,0.08688311436278601,0.08915368045178443,0.0823953501911545,2.0267089180624716,0.9649233354337324,0.045640956732061276,37,31,47,0.44933920704845814,0.4052863436123348,0.3876651982378855,1
47,104,291,5155.5,5505.75,4719.0,271,0.07019920752713062,0.07496834193434185,0.06425566100679457,2.333861475780896,0.5090375369822485,0.05572678641017466,37,34,54,0.4095940959409594,0.2767527675276753,0.2656826568265683,1
33,60,288,6330.25,6354.125,4943.75,279,0.08132282473246746,0.08162953970272735,0.06351087473182514,5.812901744719927,1.7650347222222222,0.05960346739969136,25,29,50,0.22939068100358423,0.21505376344086022,0.22580645161290322,1
33,67,216,5958.0,6564.5,4690.0,271,0.08112634631881374,0.08938467613458423,0.0638607862093381,5.471074380165289,1.4623524170193807,0.10052297668038408,36,8,51,0.44649446494464945,0.02952029520295203,0.2177121771217712,1
35,48,305,3854.375,5016.75,5257.625,247,0.06317715419036536,0.08222967103214279,0.08617785900440919,3.1464285714285714,2.1774088541666665,0.05651840902983069,28,31,46,0.46153846153846156,0.5546558704453441,0.1862348178137652,1
33,40,610,3983.875,3943.625,3479.125,207,0.09297474853555508,0.0920354033933114,0.08119501038530653,3.658287419651056,2.464765625,0.009349973125503896,28,26,0,0.5603864734299517,0.38164251207729466,0.0,1
48,106,271,3959.5,4694.625,4951.75,227,0.07684022589221604,0.09110646432106193,0.09609637291622193,1.7185329861111112,0.4178199537201851,0.06742487166569083,33,24,55,0.5330396475770925,0.20704845814977973,0.4185022026431718,0
42,60,292,5477.75,5526.25,3999.25,243,0.092766177242629,0.09358752900133788,0.06772764991786483,3.1053004535147393,1.5350694444444444,0.04690432069806718,32,28,40,0.4691358024691358,0.5061728395061729,0.25925925925925924,1
33,67,354,6383.0,5229.5,5122.75,247,0.10462390794800767,0.0857168614466718,0.08396711960530413,5.861340679522498,1.1649587881488082,0.04087865875067829,31,27,47,0.5101214574898786,0.10931174089068826,0.3562753036437247,1
35,67,613,7869.75,6721.75,4726.75,263,0.11377567985658316,0.09717864939496017,0.06833624889762754,6.424285714285714,1.4973824905324125,0.012578871593984603,38,31,46,0.5133079847908745,0.2965779467680608,0.28517110266159695,1
33,32,351,5901.5,6397.0,4884.5,299,0.06601156586615363,0.0715540094629814,0.05463585418507623,5.41919191919192,6.2470703125,0.03964659377764791,29,45,51,0.22073578595317725,0.25752508361204013,0.2709030100334448,1
47,64,207,5992.25,5861.75,4413.5,247,0.09821911521250963,0.09608008654460817,0.07234178563818452,2.7126527840651877,1.43109130859375,0.10300123690167799,33,24,40,0.5020242914979757,0.18218623481781376,0.2793522267206478,1
42,65,318,8401.0,7034.5,5646.5,255,0.12919646289888503,0.10818146866589773,0.08683583237216455,4.762471655328798,1.6649704142011834,0.05583738776156007,30,27,30,0.24705882352941178,0.2901960784313726,0.21568627450980393,1
35,95,495,11207.0,8909.25,7101.0,299,0.12535653963602197,0.09965492556011678,0.07942864173778817,9.148571428571428,0.9871745152354571,0.028980716253443527,56,50,49,0.4983277591973244,0.5819397993311036,0.16387959866220736,1
33,60,224,14947.25,12462.25,11511.25,319,0.14688584035141164,0.12246587592496143,0.11312044889495976,13.725665748393022,3.461736111111111,0.22941745057397958,64,64,62,0.64576802507837,0.48589341692789967,0.19435736677115986,0
42,31,288,11151.125,10718.875,8548.0,343,0.09478299858052343,0.09110893420258566,0.07265680116278081,6.321499433106576,11.153876170655566,0.10305748456790123,68,66,66,0.3935860058309038,0.35276967930029157,0.33527696793002915,0
33,58,378,6800.0,6983.75,5428.5,359,0.05276185007875482,0.05418758389522117,0.042120250463605964,6.2442607897153355,2.076025564803805,0.037992357436801884,39,33,50,0.3649025069637883,0.18384401114206128,0.1392757660167131,1
47,66,266,5310.25,5502.5,4645.75,291,0.06270887212007416,0.0649791570718343,0.054861775368736786,2.403915799004074,1.263200183654729,0.06565874272146532,26,24,47,0.23711340206185566,0.14776632302405499,0.2646048109965636,1
42,101,331,5518.25,5666.25,4118.5,283,0.0689014721122751,0.07074941627439474,0.05142404075466044,3.1282596371882088,0.5554602489951965,0.037590931079489964,41,32,45,0.5229681978798587,0.1978798586572438,0.15901060070671377,1
33,40,769,5657.75,4844.0,3022.0,255,0.08700884275278739,0.07449442522106882,0.04647443291041907,5.19536271808999,3.0275,0.005110245687490383,36,21,34,0.2901960784313726,0.08235294117647059,0.13333333333333333,0
33,29,359,5685.75,5857.25,5951.0,287,0.0690277895810317,0.07110988357270333,0.07224805448651798,5.221074380165289,6.964625445897741,0.04617437791451028,40,27,57,0.3867595818815331,0.32752613240418116,0.2926829268292683,0
35,48,291,5120.0,5195.0,4190.0,239,0.08963428511405612,0.09094728733740656,0.07335305754451077,4.179591836734694,2.2547743055555554,0.049479812472691634,32,32,48,0.3179916317991632,0.36401673640167365,0.28451882845188287,1
47,63,189,5077.5,5802.0,4969.75,263,0.07340716216802325,0.0838815076117914,0.07184938339429513,2.2985513807152556,1.4618291761148905,0.13912684415329918,34,28,51,0.44866920152091255,0.3612167300380228,0.24334600760456274,0
42,64,233,6203.625,7535.0,6716.125,319,0.06096269690745964,0.0740460490757756,0.06599900747830702,3.516794217687075,1.839599609375,0.12371060435815727,42,40,61,0.4043887147335423,0.31974921630094044,0.2727272727272727,1
42,98,318,5210.25,4852.5,5595.5,199,0.13156864725638243,0.12253478447513952,0.1412969369460367,2.953656462585034,0.5052582257392753,0.055333056445552,35,20,55,0.48743718592964824,0.10050251256281408,0.5829145728643216,0
33,100,435,5161.375,4963.25,5748.875,263,0.07461977186311787,0.07175541066084518,0.08311346123263312,4.73955463728191,0.496325,0.030381159994715287,32,24,56,0.4752851711026616,0.2661596958174905,0.21673003802281368,1
31,65,260,6119.25,5713.375,5094.0,275,0.08091570247933884,0.07554876033057852,0.06735867768595041,6.367585848074922,1.3522781065088758,0.07535502958579882,46,30,48,0.4072727272727273,0.3527272727272727,0.36363636363636365,1
33,67,173,6008.75,5329.125,4412.5,243,0.10175870886890548,0.09024919981710106,0.07472607495469864,5.517676767676767,1.1871519269325017,0.14743225634000467,37,33,43,0.5761316872427984,0.5720164609053497,0.27983539094650206,1
49,64,391,6661.75,5681.75,4475.5,319,0.06546466721042443,0.05583425870421871,0.04398050333624866,2.77457309454394,1.38714599609375,0.02927440296701356,44,29,6,0.29153605015673983,0.28213166144200624,0.03134796238244514,1
42,104,343,5442.5,5165.5,4973.5,267,0.07634417652092187,0.07245858407327918,0.06976532143809003,3.0853174603174605,0.4775795118343195,0.04227405247813411,30,32,53,0.32209737827715357,0.1198501872659176,0.19850187265917604,0
33,67,255,4943.25,4712.5,4625.75,259,0.07369076191470014,0.07025089071421117,0.0689576780310371,4.539256198347108,1.049788371574961,0.07113802383698578,29,23,43,0.3745173745173745,0.3474903474903475,0.19305019305019305,0
31,40,272,6214.5,5884.0,5918.5,319,0.06106956496103615,0.05782175882705555,0.05816078851426382,6.4667013527575445,3.6775,0.07999702638408304,46,31,58,0.2884012539184953,0.36363636363636365,0.25391849529780564,1
43,48,337,6720.625,5719.875,6221.875,279,0.08633785537184774,0.07348152002158245,0.07993056358474326,3.6347349918875067,2.4825846354166665,0.05478497653408941,31,30,59,0.1971326164874552,0.2007168458781362,0.26523297491039427,1
47,69,353,5165.5,4555.75,3659.75,231,0.09680290849122018,0.085376023687712,0.06858473416914976,2.338388411045722,0.956889308968704,0.029369868950075838,23,26,27,0.12987012987012986,0.21212121212121213,0.18181818181818182,1
42,91,167,8762.5,8588.5,10070.5,335,0.07807975050122522,0.07652929382936066,0.08973490755179327,4.967403628117914,1.0371331964738557,0.3610921868837176,61,56,63,0.2417910447761194,0.22388059701492538,0.5492537313432836,1
33,60,347,4912.75,4773.125,4865.125,239,0.0860060223035311,0.08356164983106038,0.08517226589170358,4.5112488521579435,1.3258680555555555,0.040404994643257565,34,26,0,0.4686192468619247,0.28870292887029286,0.0,1
35,102,311,4594.0,4392.25,4621.75,267,0.06444191951072395,0.0616118896323416,0.06483118012596614,3.750204081632653,0.42216935793925414,0.04778434879705545,21,19,47,0.1647940074906367,0.07116104868913857,0.3595505617977528,1
33,40,289,5381.5,5369.5,3670.5,239,0.09421228619947129,0.09400220584373523,0.06425832881077012,4.941689623507806,3.3559375,0.04394703128554495,28,39,42,0.5188284518828452,0.4225941422594142,0.1799163179916318,1
33,38,228,5333.5,5630.5,4484.5,275,0.07052561983471074,0.07445289256198347,0.059299173553719005,4.897612488521579,3.8992382271468142,0.08626692828562635,27,37,47,0.31272727272727274,0.23272727272727273,0.29818181818181816,1
47,69,319,4998.25,5269.75,4033.75,259,0.07451066620950791,0.07855801195569535,0.06013252634874257,2.262675418741512,1.1068578029825666,0.0396394492978646,31,27,44,0.4555984555984556,0.3783783783783784,0.3127413127413127,1
42,62,227,6295.625,5734.25,4448.5,327,0.05887668452898653,0.05362670557098635,0.041602371667181025,3.5689484126984126,1.4917403746097815,0.08633002775136331,38,25,42,0.17737003058103976,0.13149847094801223,0.12844036697247707,1
33,65,218,5888.0,6607.375,3064.75,243,0.09971379701603753,0.11189647580822706,0.05190181036088672,5.406795224977043,1.5638757396449705,0.06448846898409225,41,41,35,0.6255144032921811,0.37448559670781895,0.2674897119341564,0
33,98,317,5611.75,4835.0,4533.5,255,0.08630142252979624,0.07435601691657055,0.06971933871587851,5.153122130394857,0.503436068304873,0.04511439062982018,44,30,48,0.2980392156862745,0.12156862745098039,0.4392156862745098,0
35,46,446,6175.75,4833.0,4639.5,251,0.09802622180600308,0.07671306804653895,0.073641688227171,5.041428571428572,2.2840264650283553,0.0233239156226749,52,39,48,0.6454183266932271,0.32669322709163345,0.3346613545816733,1
47,69,136,4067.125,4657.25,4611.75,215,0.08798539751216874,0.10075175770686857,0.09976744186046511,1.8411611588954278,0.9782083595883218,0.2493376946366782,36,31,49,0.4697674418604651,0.2651162790697674,0.4790697674418605,0
42,57,226,3555.5,3726.0,3771.625,231,0.06663106013755364,0.06982627761848541,0.07068130282415996,2.0155895691609977,1.146814404432133,0.07384339024199232,26,26,40,0.20346320346320346,0.4025974025974026,0.22077922077922077,1
27,69,230,4384.5,4385.25,3073.75,227,0.0850880086941334,0.08510256360496031,0.05965087620563178,6.01440329218107,0.9210775047258979,0.05810491493383743,34,25,36,0.3436123348017621,0.29955947136563876,0.2643171806167401,0
33,96,354,4318.0,4092.5,3315.5,235,0.07818922589406971,0.07410593028519692,0.060036215482118606,3.965105601469238,0.4440646701388889,0.026457116409716236,35,35,40,0.33191489361702126,0.5361702127659574,0.26382978723404255,0
33,65,360,4581.75,4762.75,3635.5,283,0.05720823084318696,0.05946821660902246,0.04539325000936458,4.207300275482094,1.1272781065088757,0.028051697530864197,31,30,46,0.2226148409893993,0.1166077738515901,0.2332155477031802,0
51,49,146,5102.75,5548.25,4143.5,223,0.10261115244625872,0.1115697078163647,0.08332160308874098,1.961841599384852,2.310807996668055,0.19438449990617376,33,34,51,0.6233183856502242,0.5426008968609866,0.35874439461883406,0
35,68,196,4343.25,4593.625,3977.875,235,0.0786464463558171,0.08318017202354007,0.07203033046627433,3.5455102040816326,0.9934310121107266,0.10354735006247397,36,25,50,0.5063829787234042,0.3659574468085106,0.33191489361702126,0
42,33,266,5504.125,4735.625,4195.5,223,0.11068239860041425,0.09522863922459732,0.08436727060668825,3.1202522675736963,4.348599632690542,0.05929532477811069,47,29,43,0.5560538116591929,0.13004484304932734,0.4125560538116592,0
33,31,293,5776.0,5317.75,4350.5,271,0.07864816655546629,0.0724084639370379,0.05923802780463229,5.303948576675849,5.533558792924038,0.05067618725902456,43,30,52,0.42066420664206644,0.3173431734317343,0.3284132841328413,0
33,67,224,3816.125,4351.25,4393.75,243,0.06462641196294602,0.07368880082643228,0.07440854205829057,3.5042470156106518,0.9693138783693473,0.0875667649872449,25,27,50,0.1111111111111111,0.3868312757201646,0.45267489711934156,0
33,91,309,4681.25,4327.25,2961.0,215,0.10127095727420227,0.09361276365603029,0.06405624661979448,4.298668503213958,0.5225516241999758,0.031011405410500518,32,29,37,0.5069767441860465,0.5116279069767442,0.3395348837209302,0
51,119,342,4133.25,3920.75,3215.25,235,0.07484382073336351,0.07099592575826166,0.0582209144409235,1.5891003460207613,0.2768695713579549,0.027489227454601417,31,31,43,0.23404255319148937,0.3446808510638298,0.31063829787234043,0
42,60,355,4906.5,4649.0,4747.5,271,0.06680873081793548,0.06330251494396863,0.064643727618088,2.7814625850340136,1.291388888888889,0.03767109700456259,31,26,54,0.4833948339483395,0.4059040590405904,0.3763837638376384,0
35,48,374,4458.25,4548.0,3982.0,231,0.08354884653585952,0.08523078652948783,0.07462378890950319,3.6393877551020406,1.9739583333333333,0.028468071720666878,37,22,48,0.5714285714285714,0.09523809523809523,0.2813852813852814,0
33,67,251,4094.5,4326.25,4122.75,223,0.08233626254298297,0.08699652114460375,0.08290434153109856,3.7598714416896235,0.9637447092893741,0.06543943746924652,38,28,44,0.3542600896860987,0.4304932735426009,0.4439461883408072,0
33,35,430,4289.25,4048.625,3378.0,207,0.10010151928866484,0.0944858689817732,0.07883497864594273,3.9387052341597797,3.305,0.018269334775554355,36,30,43,0.6086956521739131,0.4830917874396135,0.3671497584541063,0
47,46,179,3475.25,3425.5,4428.25,175,0.11347755102040816,0.11185306122448979,0.14459591836734695,1.573223177908556,1.6188563327032137,0.1382057364002372,33,28,46,0.35428571428571426,0.4057142857142857,0.36,1
42,99,331,4070.125,4415.375,4567.25,267,0.057093310328381656,0.06193627347837675,0.06406668630504005,2.307327097505669,0.450502499744924,0.041686822865800784,36,28,50,0.31835205992509363,0.2846441947565543,0.41198501872659177,0
33,65,358,4168.875,4441.5,3318.875,203,0.10116418743478367,0.10777985391540683,0.08053762527603193,3.828168044077135,1.0512426035502958,0.025895532286757592,24,26,37,0.2561576354679803,0.2561576354679803,0.4630541871921182,0
33,70,297,4599.25,5004.75,4994.5,255,0.07073048827374087,0.07696655132641292,0.07680891964628989,4.223370064279155,1.0213775510204082,0.05662120645285629,38,37,56,0.20784313725490197,0.3058823529411765,0.396078431372549,1
35,68,278,4671.5,5168.625,3419.75,259,0.06963968933080902,0.07705050610456016,0.05097941294852492,3.8134693877551022,1.117782223183391,0.0442491330676466,37,45,20,0.41312741312741313,0.41312741312741313,0.13127413127413126,0
33,39,247,5036.625,4604.75,3955.25,259,0.07508273579702152,0.06864462366392868,0.058962299309789655,4.625,3.027449046679816,0.06483059876411677,39,27,47,0.44787644787644787,0.3474903474903475,0.444015444015444,0
51,49,201,4510.75,4756.5,3231.875,275,0.05964628099173554,0.06289586776859504,0.04273553719008265,1.734236831987697,1.9810495626822158,0.07999492586817158,40,32,37,0.2909090909090909,0.48363636363636364,0.31272727272727274,0
42,62,232,4370.0,4573.75,4539.0,239,0.07650426288055182,0.08007125225398715,0.07946289455716812,2.4773242630385486,1.1898413111342352,0.08433041022592153,28,32,50,0.2217573221757322,0.5774058577405857,0.3723849372384937,0
33,86,328,5202.25,5123.5,4129.0,283,0.06495586160396559,0.0639725805041891,0.051555144901297305,4.777089072543618,0.6927393185505679,0.03837931290898275,37,29,44,0.4169611307420495,0.10954063604240283,0.2826855123674912,1
33,60,317,5096.5,5123.5,4657.25,255,0.07837754709727028,0.0787927720107651,0.07162245290272971,4.679981634527089,1.4231944444444444,0.04634586870204699,31,30,46,0.4745098039215686,0.21176470588235294,0.3411764705882353,0
43,68,548,7284.625,6860.25,6842.25,267,0.10218441835346266,0.09623153642216892,0.09597904305011994,3.939764737696052,1.483618079584775,0.022784411796046674,49,45,52,0.3895131086142322,0.36329588014981273,0.5093632958801498,1
64,69,231,6672.0,7002.25,4668.5,311,0.06898191706041087,0.07239637720867237,0.04826769781123024,1.62890625,1.4707519428691451,0.08748899008639269,33,33,44,0.33440514469453375,0.29260450160771706,0.2282958199356913,0
58,80,144,4882.25,6006.25,4579.25,255,0.07508266051518647,0.09236831987697039,0.07042291426374471,1.4513228299643282,0.9384765625,0.22083574459876543,33,46,55,0.5176470588235295,0.5490196078431373,0.21568627450980393,0
36,107,432,4542.375,4823.375,3371.5,243,0.07692551948381852,0.08168427915798744,0.05709664854612271,3.5049189814814814,0.42129225259848024,0.01806573645404664,35,34,43,0.3292181069958848,0.48148148148148145,0.23868312757201646,1
44,85,165,4351.5,4028.0,4644.25,243,0.07369303459838439,0.0682145336923572,0.07865078155430236,2.2476756198347108,0.5575086505190311,0.17058769513314967,32,25,55,0.3333333333333333,0.2716049382716049,0.2962962962962963,0
40,143,389,4621.5,4621.5,4838.0,235,0.08368492530556813,0.08368492530556813,0.0876052512449072,2.8884375,0.22600127145581692,0.031971768624315194,35,28,51,0.3659574468085106,0.34893617021276596,0.3829787234042553,0
49,110,195,4920.0,4955.75,4069.25,263,0.07113013054981278,0.07164698058378753,0.05883054547557432,2.04914618908788,0.40956611570247936,0.10701512163050625,35,27,49,0.4296577946768061,0.41825095057034223,0.29277566539923955,0
42,99,245,5350.75,5165.75,4870.75,235,0.09688999547306473,0.09354006337709371,0.08819827976459936,3.0333049886621315,0.5270635649423528,0.08114535610162432,37,31,54,0.1574468085106383,0.502127659574468,0.34893617021276596,0
42,120,203,4871.75,5392.0,5990.875,287,0.05914543092668358,0.06546152071774575,0.07273215651519382,2.761763038548753,0.37444444444444447,0.1453778300856609,35,30,55,0.3832752613240418,0.397212543554007,0.2787456445993031,1
43,71,215,5127.25,4257.375,5259.625,243,0.08683042896577418,0.07209901945841589,0.08907221121441515,2.7729853975121688,0.8445496925213252,0.11378312601406165,45,30,55,0.2839506172839506,0.37037037037037035,0.4074074074074074,1
49,133,254,3782.0,4176.25,5092.375,251,0.060030793162013305,0.06628863033920096,0.08083006618942556,1.575177009579342,0.23609305217932047,0.07893197036394073,33,31,55,0.32669322709163345,0.20318725099601595,0.350597609561753,0
32,67,176,4482.625,4296.625,3989.625,217,0.09519473762449829,0.09124477054089065,0.08472520121472106,4.3775634765625,0.9571452439296056,0.12879729467975207,38,26,45,0.17511520737327188,0.39631336405529954,0.4377880184331797,0
77,73,308,5159.75,5242.25,3812.125,223,0.10375736491785477,0.10541635665305958,0.07665798628566832,0.8702563670096137,0.9837211484331019,0.04018515980772474,36,29,49,0.30493273542600896,0.30493273542600896,0.24663677130044842,0
45,72,1207,4719.75,5346.0,4402.25,295,0.05423441539787417,0.06143062338408503,0.05058603849468544,2.330740740740741,1.03125,0.003021761349323094,33,32,49,0.19661016949152543,0.1864406779661017,0.3220338983050847,0
37,43,227,4611.25,4009.5,4876.625,207,0.10761628042661439,0.09357277882797732,0.11380954047935775,3.368334550766983,2.168469442942131,0.09463845601505948,33,31,52,0.5120772946859904,0.5072463768115942,0.43478260869565216,0
41,45,330,4738.25,4705.25,4395.0,251,0.07520912366470374,0.07468532245519913,0.06976079744765956,2.8187091017251635,2.3235802469135804,0.04035812672176309,28,37,51,0.3346613545816733,0.3386454183266932,0.3147410358565737,0
42,113,335,5323.75,4881.875,5468.625,243,0.09015817372013074,0.08267498179478061,0.09261164456637708,3.017998866213152,0.382322421489545,0.0487291156159501,0,38,54,0.0,0.4609053497942387,0.37037037037037035,0
33,87,297,4391.25,4533.25,4252.25,279,0.05641307280225074,0.058237304248403794,0.05462738145707275,4.03236914600551,0.5989232395296604,0.04820653221326622,30,30,46,0.26881720430107525,0.3655913978494624,0.23655913978494625,0
47,69,316,3885.75,3643.0,3168.25,229,0.0740975572548197,0.06946854560363075,0.060415514578287983,1.7590538705296515,0.7651753833228313,0.031728188591571865,31,27,37,0.32751091703056767,0.3930131004366812,0.27510917030567683,0
42,67,253,5082.625,4855.625,4345.375,271,0.06920691439386718,0.06611599787584592,0.0591682438964611,2.8813066893424035,1.081671864557808,0.06788693777437547,39,31,48,0.36162361623616235,0.3726937269372694,0.31365313653136534,0
33,65,525,4723.875,4263.375,4445.5,211,0.10610442263201635,0.0957609891961097,0.0998517553514072,4.337809917355372,1.0090828402366865,0.016128798185941044,37,28,50,0.6303317535545023,0.45023696682464454,0.3744075829383886,0
33,67,269,5067.125,5373.0,4898.75,243,0.08581220681129231,0.09099222679469593,0.08296076140154787,4.653007346189164,1.1969258186678549,0.06769876038197371,36,23,51,0.49382716049382713,0.102880658436214,0.4691358024691358,0
44,93,546,4233.25,4470.625,3889.0,191,0.11603985636358652,0.1225466681286149,0.10660343740577287,2.1865960743801653,0.5168950167649439,0.013045257550752056,33,34,43,0.33507853403141363,0.18324607329842932,0.35602094240837695,0
47,105,176,4176.25,4142.75,4650.5,219,0.08707595754884177,0.08637747336377473,0.09696420007923104,1.8905613399728385,0.3757596371882086,0.1501323605371901,29,33,50,0.1506849315068493,0.3561643835616438,0.410958904109589,0
41,48,97,3816.5,4021.0,4491.5,227,0.07406508956121796,0.0780337285800229,0.08716450930543966,2.270374776918501,1.7452256944444444,0.4773621001169093,24,32,50,0.2907488986784141,0.23788546255506607,0.22026431718061673,0
33,62,179,5086.75,6165.875,6495.75,255,0.07822760476739715,0.09482314494425222,0.0998961937716263,4.671028466483012,1.6040257544224765,0.20273243656565026,39,38,61,0.4627450980392157,0.2549019607843137,0.396078431372549,0
33,29,199,5373.75,4895.125,4225.75,207,0.12541132815234896,0.11424128917827721,0.09861957105183318,4.934573002754821,5.820600475624257,0.10670816393525416,40,27,50,0.48792270531400966,0.13043478260869565,0.3719806763285024,1
33,33,434,5295.0,5506.0,4276.0,283,0.06611394823259124,0.06874851727453209,0.05339060295421344,4.862258953168044,5.056014692378329,0.022701692539658945,32,32,49,0.37809187279151946,0.3250883392226148,0.31448763250883394,1
42,65,236,5787.75,5417.5,3434.25,243,0.0980160544632424,0.09174583820217108,0.05815932530610171,3.2810374149659864,1.2822485207100591,0.061660621947716175,35,31,36,0.4444444444444444,0.5637860082304527,0.21810699588477367,1
47,44,195,5557.125,6323.125,6081.75,283,0.06938686960756159,0.07895122925745109,0.0759373946484536,2.515674513354459,3.2660769628099175,0.15994082840236687,33,0,52,0.21201413427561838,0.0,0.3286219081272085,1
42,101,303,4791.375,4681.375,3653.5,219,0.09990148245449428,0.09760795229457267,0.07617647672066888,2.716198979591837,0.45891334182923244,0.039794573516757616,33,24,41,0.593607305936073,0.273972602739726,0.3059360730593607,0
33,67,666,5480.375,4926.5,5038.25,215,0.11855868036776636,0.10657652785289345,0.10899405083829097,5.032483930211203,1.0974604588995323,0.011358768678588498,41,37,55,0.6651162790697674,0.3627906976744186,0.413953488372093,0
33,33,472,5626.5,6268.25,4685.0,259,0.08387620935883484,0.09344300174416005,0.06984093856680729,5.166666666666667,5.755968778696052,0.02102933783395576,34,39,53,0.25096525096525096,0.30115830115830117,0.3474903474903475,0
35,56,539,6014.625,6162.125,3855.375,259,0.08966212489378513,0.09186095913895141,0.05747342764717282,4.909897959183674,1.9649633290816326,0.013270555312696844,42,38,43,0.41312741312741313,0.2857142857142857,0.3861003861003861,1
47,64,330,6417.75,5574.75,4248.5,255,0.0986966551326413,0.08573241061130335,0.0653364090734333,2.905273879583522,1.36102294921875,0.03901285583103765,44,0,47,0.5686274509803921,0.0,0.37254901960784315,1
42,62,261,4534.0,5667.75,3671.75,271,0.06173663212646886,0.0771741942511676,0.04999591508830217,2.570294784580499,1.4744406867845994,0.05390041250128448,31,41,44,0.21033210332103322,0.4354243542435424,0.2988929889298893,0
27,98,294,6024.0,6443.0,4974.0,279,0.07738852275792962,0.08277129019411364,0.06389948741665703,8.263374485596708,0.6708663057059558,0.05754546716645842,38,45,54,0.4731182795698925,0.4444444444444444,0.25806451612903225,1
33,58,222,5528.0,5416.25,5305.0,243,0.09361716540500263,0.09172466934241054,0.08984064082372267,5.076216712580349,1.61006242568371,0.10764142520899278,27,32,57,0.3950617283950617,0.30864197530864196,0.39094650205761317,1
33,60,279,4814.25,5893.125,4017.375,207,0.11235384723097389,0.13753238115241895,0.09375656374711196,4.4207988980716255,1.6369791666666667,0.051610012718233324,29,32,51,0.5893719806763285,0.37681159420289856,0.45410628019323673,0
47,66,294,5980.75,5662.125,4790.0,287,0.07260923405650184,0.0687409705107504,0.058152945889837195,2.7074468085106385,1.2998450413223142,0.055416724512934425,33,28,56,0.24738675958188153,0.33797909407665505,0.20209059233449478,0
35,48,271,6607.75,7216.75,4523.0,283,0.08250508808950043,0.09010912859443869,0.05647467192748068,5.394081632653061,3.1322699652777777,0.06158685203088193,45,31,56,0.43109540636042404,0.26855123674911663,0.3286219081272085,0
42,92,402,6266.375,6085.75,4103.0,303,0.06825447396224771,0.06628707425197965,0.044690607674628846,3.5523667800453516,0.7190158317580341,0.02538922303903369,39,31,49,0.3201320132013201,0.3465346534653465,0.30033003300330036,0
42,39,311,5808.125,6275.375,6248.5,303,0.06326313324401747,0.0683525035671884,0.06805977627465717,3.2925878684807257,4.125821827744905,0.06460334363788629,44,42,60,0.25742574257425743,0.31353135313531355,0.33003300330033003,1
33,41,390,7512.75,7563.75,5299.5,303,0.08183021272424272,0.08238571381890664,0.057723099042577525,6.898760330578512,4.499553837001785,0.0348422090729783,38,43,58,0.3333333333333333,0.5511551155115512,0.29372937293729373,0
33,67,330,7095.25,7423.5,6452.25,327,0.06635477746916178,0.06942457144460343,0.06034144151726847,6.515381083562902,1.6537090666072622,0.05924931129476584,51,43,67,0.3058103975535168,0.20795107033639143,0.20489296636085627,0
47,69,246,6808.75,6357.5,5065.0,327,0.06367542949059657,0.05945533952435728,0.047367879621056964,3.082277048438207,1.3353287124553666,0.0836968735541014,46,40,51,0.42507645259938837,0.327217125382263,0.25382262996941896,1
42,37,203,6405.25,6280.5,4963.0,271,0.0872162688416552,0.08551762639397611,0.06757805585435928,3.63109410430839,4.5876552227903575,0.12043485646339391,48,34,54,0.4833948339483395,0.2988929889298893,0.25461254612546125,0
35,68,326,6154.125,5571.5,4656.125,267,0.08632643184783066,0.0781537123539396,0.06531337232953191,5.023775510204081,1.204909169550173,0.04381163197711619,33,34,55,0.2397003745318352,0.4344569288389513,0.3707865168539326,0
32,102,283,5973.75,5822.5,3424.5,231,0.1119497385731152,0.10911527145293379,0.06417608365660314,5.833740234375,0.559640522875817,0.04275868096742374,45,27,47,0.4199134199134199,0.1341991341991342,0.36363636363636365,0
42,60,203,6261.0,6055.25,4287.0,283,0.07817552972318297,0.07560651275456055,0.05352795015545206,3.5493197278911564,1.682013888888889,0.10403067291125725,38,33,54,0.47703180212014135,0.303886925795053,0.19081272084805653,0
47,64,275,6308.5,5364.125,5952.625,251,0.10013333121696481,0.08514348978587641,0.09448461135537531,2.855817111815301,1.309600830078125,0.07871239669421487,45,43,61,0.4103585657370518,0.30278884462151395,0.5298804780876494,0
35,37,258,5020.375,6031.125,4024.875,243,0.0850204914562482,0.10213763145861911,0.06816161154295584,4.098265306122449,4.405496712929145,0.06046624301424193,32,44,50,0.2345679012345679,0.4773662551440329,0.32510288065843623,0
33,67,300,5635.0,5984.5,5053.75,239,0.09865023371439575,0.10476882407520877,0.08847446648342991,5.174471992653811,1.3331476943640008,0.05615277777777778,28,51,56,0.23430962343096234,0.4393305439330544,0.4602510460251046,0
42,99,330,5916.75,5812.125,4319.875,239,0.10358274540011554,0.1017511072985417,0.07562673972794594,3.3541666666666665,0.593013468013468,0.03966827364554637,33,37,56,0.30962343096234307,0.26778242677824265,0.3598326359832636,0
42,65,283,6973.0,7634.25,4366.25,263,0.10081105697639116,0.1103709754369732,0.06312437652705692,3.9529478458049887,1.8069230769230769,0.05451747430983031,43,46,48,0.6083650190114068,0.596958174904943,0.376425855513308,0
43,110,216,7912.75,7030.25,6992.5,343,0.0672572652551233,0.059756139023706106,0.059435269318056254,4.27947539210384,0.5810123966942149,0.14987354252400548,56,43,59,0.27988338192419826,0.2944606413994169,0.41690962099125367,0
47,64,639,5223.0,5793.25,5049.75,299,0.058422165300164426,0.06480072929833,0.0564842675137862,2.3644182888184697,1.41436767578125,0.01236710823102412,33,31,55,0.40468227424749165,0.3010033444816054,0.391304347826087,1
33,57,440,4435.125,4459.5,4850.875,247,0.07269624153813371,0.07309577275483944,0.07951080988050943,4.0726584022038566,1.3725761772853187,0.025056172520661158,31,33,54,0.3562753036437247,0.29959514170040485,0.44129554655870445,1
32,33,428,5346.75,5708.0,4101.875,279,0.0686880949628088,0.07332896545522283,0.05269555889569764,5.221435546875,5.2415059687786965,0.022392103022098,33,35,47,0.44086021505376344,0.24014336917562723,0.27956989247311825,1
33,65,407,5007.0,5045.75,4015.0,231,0.09383257435205487,0.09455876014317573,0.07524221809936095,4.597796143250688,1.1942603550295858,0.024237997210970183,28,31,49,0.46320346320346323,0.43722943722943725,0.39826839826839827,1
42,95,309,5810.375,5919.625,4601.5,255,0.08935601691657055,0.09103613994617454,0.07076509034986543,3.293863378684807,0.6559141274238227,0.04819283417643301,24,24,54,0.18823529411764706,0.28627450980392155,0.34509803921568627,1
32,69,424,5948.5,5898.5,5198.0,271,0.08099699078171593,0.08031617216541169,0.07077790335098923,5.80908203125,1.2389203948750263,0.02891375934496262,43,33,55,0.24354243542435425,0.23616236162361623,0.33579335793357934,1
31,65,330,5268.125,6608.5,5391.125,243,0.0892161594607868,0.11191552778201155,0.09129917526122373,5.481919875130073,1.5641420118343194,0.049505280073461895,34,33,58,0.4609053497942387,0.13580246913580246,0.4732510288065844,0
35,68,290,5436.0,6031.25,4704.5,239,0.09516640114843927,0.10558726212776387,0.08236025279669473,4.437551020408163,1.3043360726643598,0.05593935790725327,30,44,55,0.4225941422594142,0.4686192468619247,0.3807531380753138,0
33,67,515,5575.0,5631.25,4603.625,255,0.0857362552864283,0.08660130718954248,0.07079777008842753,5.119375573921029,1.2544553352639787,0.01735743236874352,39,29,53,0.34901960784313724,0.12156862745098039,0.42745098039215684,0
42,103,267,5783.5,5628.75,5832.5,271,0.07875028934791192,0.07664315573045029,0.07941749159189009,3.2786281179138324,0.530563672353662,0.08181486624864986,32,29,64,0.4022140221402214,0.2952029520295203,0.31365313653136534,0
33,35,197,5988.0,7452.25,6081.0,303,0.06522236382054047,0.08117123593547473,0.06623533640492762,5.4986225895316805,6.083469387755102,0.156690458398825,35,42,64,0.32673267326732675,0.4389438943894389,0.4884488448844885,0
51,44,1101,10274.25,7961.25,8455.0,311,0.10622563869273477,0.08231149388447183,0.08741638320530185,3.9501153402537486,4.112215909090909,0.0069749158761624516,62,45,61,0.5144694533762058,0.24115755627009647,0.5305466237942122,0
33,28,238,5985.125,5949.75,5859.75,291,0.07067848750014762,0.07026074325999929,0.06919793105891522,5.495982552800735,7.588966836734694,0.10344873243415013,41,39,61,0.5429553264604811,0.39862542955326463,0.3539518900343643,0
33,38,354,6966.125,6954.875,5191.875,271,0.09485335167004806,0.0947001674813796,0.07069450307049197,6.396808999081727,4.816395429362881,0.041430264291870154,36,39,53,0.23616236162361623,0.45387453874538747,0.3505535055350554,0
33,67,196,7084.75,6671.0,5086.25,259,0.10561485368435175,0.09944693728477512,0.07582251308120035,6.5057392102846645,1.4860770773000669,0.13239926072469804,46,35,57,0.4555984555984556,0.5366795366795367,0.41312741312741313,0
72,99,202,8362.5,6560.25,5191.75,271,0.11386691357688485,0.08932680655219837,0.0706928010239512,1.6131365740740742,0.6693449647995102,0.12723630036270953,51,37,56,0.42066420664206644,0.5202952029520295,0.3800738007380074,0
47,49,454,6357.25,6105.5,4658.0,279,0.08166968564124305,0.07843552883441889,0.05983993011395023,2.8778859212313264,2.5428987921699293,0.022598924877253585,47,38,51,0.4229390681003584,0.46236559139784944,0.4444444444444444,0
35,53,276,5057.25,5764.25,5178.0,201,0.12517635702086582,0.14267592386327071,0.12816514442711813,4.128367346938775,2.052064791740833,0.06797416509136736,43,35,61,0.582089552238806,0.25870646766169153,0.5223880597014925,0
42,67,280,5039.5,4582.75,3428.5,271,0.06861970833730477,0.062400430277365505,0.04668373251998203,2.856859410430839,1.0208843840498998,0.043730867346938776,35,21,43,0.33210332103321033,0.14391143911439114,0.22140221402214022,0
62,45,159,6509.875,5661.5,7637.375,263,0.0941154997180818,0.0818502508349116,0.11041615463574722,1.6935158688865766,2.7958024691358023,0.3020994027135003,34,32,59,0.45627376425855515,0.5437262357414449,0.43346007604562736,0
53,78,160,6328.875,5809.375,5666.25,287,0.07683564204980028,0.07052865762604864,0.06879105003095824,2.253070487718049,0.9548611111111112,0.221337890625,42,33,49,0.40418118466898956,0.1951219512195122,0.3797909407665505,0
43,67,246,4105.5,4487.75,4493.5,235,0.07434133091896786,0.08126301493888638,0.08136713444997737,2.2203893996755,0.9997215415460013,0.07425309009187653,32,35,48,0.3446808510638298,0.3191489361702128,0.34893617021276596,0
60,106,177,4737.625,4519.625,4864.625,295,0.054439816144785984,0.05193478885377765,0.055899166906061476,1.3160069444444444,0.4022450160199359,0.15527546362794856,32,28,50,0.2745762711864407,0.30847457627118646,0.4033898305084746,0
34,45,281,3664.125,3800.125,3428.125,199,0.0925260725739249,0.09596032928461402,0.08656662710537613,3.16965830449827,1.876604938271605,0.04341542027076658,29,35,43,0.6231155778894473,0.4824120603015075,0.5527638190954773,0
43,70,291,6832.75,6194.625,7152.0,255,0.10507881584006151,0.09526528258362169,0.10998846597462514,3.6953758788534343,1.2642091836734695,0.08445814291281398,39,32,57,0.47843137254901963,0.3215686274509804,0.5333333333333333,1
67,113,259,16867.5,15114.75,16380.25,359,0.1308765450299113,0.11727679021733227,0.12709592569890055,3.7575183782579638,1.1837066332524082,0.24418613318227217,97,95,95,0.5097493036211699,0.2646239554317549,0.2646239554317549,1
52,70,301,14862.25,12619.625,13150.0,327,0.13899176088806592,0.11801873205585015,0.12297879901616961,5.496394230769231,2.5754336734693877,0.14514188585114954,89,90,89,0.6146788990825688,0.5596330275229358,0.4525993883792049,0
43,70,143,7418.375,6942.625,5716.5,259,0.1105883185999016,0.1034961464498144,0.08521787093215664,4.012101135749053,1.416862244897959,0.2795491222064649,48,41,55,0.28185328185328185,0.4980694980694981,0.5057915057915058,0
33,82,299,5657.75,6179.375,5103.875,259,0.0843420640717938,0.09211811094050476,0.0760852551393092,5.19536271808999,0.9190028256989887,0.05708968579769801,34,45,54,0.4247104247104247,0.5907335907335908,0.5096525096525096,0
35,64,332,5514.5,5873.5,4240.0,307,0.05850990461437257,0.06231896359643073,0.044987214718458554,4.5016326530612245,1.4339599609375,0.03846712149804035,32,34,46,0.38762214983713356,0.18241042345276873,0.40390879478827363,0
33,58,285,4967.25,5129.0,3676.25,211,0.11157094404887581,0.11520406100491903,0.08257339233170863,4.561294765840221,1.5246730083234246,0.04526008002462296,39,35,41,0.4549763033175355,0.2890995260663507,0.3033175355450237,0
49,110,181,8638.375,7727.625,6588.5,259,0.1287752865938194,0.11519841683934348,0.09821708084256346,3.5978238234069138,0.6386466942148761,0.20110802478556822,54,36,51,0.4942084942084942,0.3783783783783784,0.3127413127413127,0
62,88,222,6101.0,5818.25,6991.25,303,0.0664531799714625,0.06337341654957575,0.07614994172684596,1.5871488033298646,0.7513236053719008,0.14185638341043746,41,38,52,0.39603960396039606,0.40594059405940597,0.33003300330033003,0
47,105,219,6059.0,5344.125,5136.375,259,0.09032363858618685,0.07966674617253768,0.07656974404078651,2.7428700769578995,0.4847278911564626,0.10709482704697566,43,44,50,0.38996138996138996,0.4517374517374517,0.2857142857142857,0
33,58,169,5914.25,5857.25,6024.25,263,0.08550434443175411,0.08468027584611604,0.08709465222859952,5.430899908172635,1.7411563614744352,0.21092573789433144,39,45,59,0.41064638783269963,0.28517110266159695,0.4790874524714829,0
36,101,225,6235.0,6376.375,6199.625,307,0.06615454805886535,0.06765456397415358,0.06577921251153858,4.8109567901234565,0.6250735222037055,0.12246172839506173,36,28,59,0.3322475570032573,0.1563517915309446,0.2996742671009772,1
42,67,240,5342.25,5392.375,4651.375,267,0.07493792871270462,0.07564105261681325,0.06524674213413009,3.0284863945578233,1.201241924704834,0.08075303819444445,31,15,41,0.2883895131086142,0.07116104868913857,0.27340823970037453,1
33,59,341,6169.25,6575.25,4608.5,343,0.05243775977696368,0.0558887028364032,0.039171603668539466,5.66505968778696,1.8888968687158862,0.039632442101461114,43,37,48,0.40233236151603496,0.358600583090379,0.3119533527696793,0
47,69,126,5774.5,5781.25,5383.0,287,0.07010525804610958,0.07018720635190423,0.06535225631001955,2.614078768673608,1.2142932157109851,0.3390652557319224,47,28,52,0.4529616724738676,0.4076655052264808,0.3310104529616725,0
33,61,495,6510.125,5797.0,4196.375,271,0.08864428588935336,0.07893411037431408,0.05713940441987446,5.97807621671258,1.5579145391023919,0.017126313641465156,52,34,33,0.4981549815498155,0.42066420664206644,0.33579335793357934,1
42,98,441,4688.75,5216.5,3353.25,247,0.07685341506990771,0.08550377813109541,0.054963202150502384,2.6580215419501134,0.5431591003748438,0.017242044209974237,32,34,42,0.21862348178137653,0.24696356275303644,0.2874493927125506,0
33,60,371,7033.5,7163.0,8281.75,267,0.09866178512814039,0.10047833466593724,0.11617149910925949,6.458677685950414,1.9897222222222222,0.060169208302758626,48,36,56,0.5318352059925093,0.1348314606741573,0.6629213483146067,0
42,68,344,7260.0,7376.75,6168.125,275,0.096,0.09754380165289256,0.08156198347107438,4.115646258503402,1.5953179065743945,0.05212382537858302,54,40,59,0.43636363636363634,0.28363636363636363,0.4727272727272727,1
47,64,245,5946.5,6412.375,4884.0,287,0.07219342228265488,0.07784937294370455,0.059294151926088695,2.69194205522861,1.565521240234375,0.08136609745939193,38,38,53,0.34843205574912894,0.4878048780487805,0.30662020905923343,0
33,59,560,7514.25,6085.25,5102.5,271,0.10231682575128334,0.08285902969730805,0.06947753979384812,6.900137741046832,1.74813272048262,0.016270727040816328,46,28,39,0.5940959409594095,0.34686346863468637,0.1992619926199262,0
33,59,456,4922.0,5675.0,5374.25,279,0.06323145899975591,0.07290502434449711,0.0690413792217469,4.519742883379247,1.6302786555587474,0.025845692905509386,43,34,58,0.34050179211469533,0.1971326164874552,0.25806451612903225,0
33,98,197,5808.5,6384.375,6517.75,319,0.0570798242941795,0.06273891766000728,0.0640495867768595,5.333792470156107,0.664762078300708,0.16794429127264293,42,32,60,0.335423197492163,0.28213166144200624,0.329153605015674,0
42,62,274,6309.625,6303.625,5922.375,283,0.07878266678320368,0.07870775012798262,0.07394742099414402,3.5768849206349205,1.6398608220603539,0.07888506313602217,0,40,55,0.0,0.36395759717314485,0.20141342756183744,1
42,65,255,5973.25,5314.75,6163.25,271,0.08133399599678653,0.07236761482005964,0.08392110673874266,3.3861961451247167,1.2579289940828402,0.09478277585544022,35,21,55,0.5276752767527675,0.15129151291512916,0.4022140221402214,1
47,52,361,5773.0,5021.25,5161.0,255,0.08878123798539024,0.07722029988465974,0.07936947327950788,2.613399728383884,1.8569711538461537,0.039602212997137835,33,33,55,0.3607843137254902,0.3058823529411765,0.41568627450980394,1
35,41,549,5266.625,6085.625,5444.625,215,0.11393455922120065,0.13165224445646295,0.11778528934559221,4.299285714285714,3.620240928019036,0.018064389301959846,35,38,57,0.40930232558139534,0.7023255813953488,0.2744186046511628,0
32,64,228,6216.0,5528.75,5677.25,307,0.06595295440800433,0.05866109985251833,0.060236713386879435,6.0703125,1.34979248046875,0.10921148815020006,28,30,58,0.09120521172638436,0.3485342019543974,0.3485342019543974,0
33,100,446,4647.125,5203.875,4679.875,267,0.06518712564350741,0.07299688591507807,0.06564652330654099,4.267332415059688,0.5203875,0.023526890747853364,30,42,51,0.3146067415730337,0.3295880149812734,0.3258426966292135,0
42,39,401,4483.625,5332.125,3563.625,267,0.06289364418072914,0.07479590119092708,0.04998842738711442,2.541737528344671,3.505670611439842,0.02216170919335079,31,34,38,0.30711610486891383,0.20973782771535582,0.35580524344569286,0
47,49,300,4157.75,4367.875,6073.75,255,0.06394079200307574,0.06717224144559784,0.09340638216070742,1.882186509732911,1.8191899208663056,0.06748611111111111,23,23,61,0.19607843137254902,0.19215686274509805,0.4235294117647059,1
35,63,356,4569.875,4912.875,3566.75,211,0.10264538083151771,0.11034961029626468,0.08011387884369174,3.7305102040816327,1.23781179138322,0.02814314796111602,35,27,39,0.6540284360189573,0.5734597156398105,0.1990521327014218,1
33,62,337,5859.25,5923.75,3722.5,311,0.060578881525211695,0.06124574807952771,0.03848698834792858,5.380394857667585,1.541037981269511,0.03277743046077715,33,30,37,0.21221864951768488,0.1189710610932476,0.12540192926045016,0
42,57,420,5343.75,5916.5,3993.25,247,0.08758953597010277,0.09697749512367028,0.06545345768657083,3.0293367346938775,1.8210218528778086,0.022637471655328797,29,32,49,0.3117408906882591,0.3441295546558704,0.32793522267206476,0
42,101,415,6269.5,6744.875,5752.125,327,0.05863236353094109,0.06307807049537544,0.05379387256964902,3.554138321995465,0.6611974316243505,0.03339889679198722,34,41,58,0.22629969418960244,0.22324159021406728,0.26605504587155965,0
31,33,249,5570.0,6995.125,5423.75,251,0.08841129505880858,0.11103196774654371,0.0860899033348677,5.796045785639959,6.423438934802571,0.08747842776729407,43,58,60,0.4701195219123506,0.3346613545816733,0.23904382470119523,0
47,43,379,6277.875,7015.0,4932.375,367,0.046610153761628643,0.05208294664003742,0.036620473832309985,2.8419533725667723,3.7939426717144404,0.03433821123495381,42,35,55,0.329700272479564,0.21525885558583105,0.2561307901907357,0
33,70,362,7237.625,6856.125,6296.125,283,0.09036977612406198,0.0856063254629225,0.07861410430895628,6.6461202938475665,1.3992091836734695,0.048045885351485,39,42,62,0.37809187279151946,0.3250883392226148,0.4275618374558304,0
33,67,363,6427.25,5970.875,4860.875,259,0.09581327052369523,0.08900992829564258,0.07246276889134032,5.901974288337925,1.3301124972154155,0.036889366998307645,30,34,53,0.22393822393822393,0.21621621621621623,0.3088803088803089,1
42,65,270,5519.0,5618.75,5240.0,259,0.08227366914625601,0.08376067739002102,0.07811451826895842,3.128684807256236,1.3298816568047338,0.07187928669410151,30,32,60,0.3281853281853282,0.12355212355212356,0.4594594594594595,0
42,92,323,7792.875,6109.375,5022.625,311,0.08057066200721663,0.06316492798875115,0.05192900197475212,4.417729591836735,0.7218070652173914,0.04814217523411515,58,24,58,0.31511254019292606,0.0932475884244373,0.3858520900321543,0
47,66,195,5728.0,6647.5,4532.0,307,0.060775180638521366,0.07053125232097954,0.04808539082642787,2.5930285196921683,1.5260560146923783,0.11918474687705458,35,51,55,0.5309446254071661,0.5374592833876222,0.2768729641693811,0
33,69,523,4615.25,4794.125,3178.25,227,0.0895660695918803,0.09303741582409905,0.06167886044751499,4.238062442607897,1.0069575719386683,0.01161942609375971,34,29,24,0.40969162995594716,0.4669603524229075,0.2643171806167401,0
33,37,333,5482.0,5866.25,4328.25,263,0.07925515765733204,0.08481039193858521,0.06257499746996487,5.033976124885216,4.285062089116143,0.039032275518762004,28,38,53,0.26996197718631176,0.3840304182509506,0.26996197718631176,0
33,95,468,5919.0,5969.0,5200.0,259,0.0882366094721307,0.08898197701286505,0.07751822423637096,5.435261707988981,0.6613850415512466,0.023741690408357077,33,32,59,0.3667953667953668,0.26640926640926643,0.4555984555984556,1
42,59,305,7542.5,7587.0,6406.0,351,0.061221093984626745,0.06158229235152312,0.0519963311986104,4.275793650793651,2.1795461074403906,0.06886320881483472,44,43,59,0.4188034188034188,0.36752136752136755,0.2962962962962963,0
33,87,388,6217.0,5996.5,3541.75,275,0.08220826446280992,0.07929256198347108,0.046833057851239666,5.7089072543618,0.7922446822565729,0.023526344457434373,35,49,42,0.32,0.4109090909090909,0.3090909090909091,1
33,60,387,6921.75,7786.625,6419.5,327,0.06473220548214235,0.07282051641743587,0.060035163519718694,6.356060606060606,2.1629513888888887,0.04286267518645381,46,43,57,0.3577981651376147,0.4892966360856269,0.44036697247706424,1
35,59,439,5720.75,5635.875,4911.0,207,0.1335095334780275,0.13152874046068752,0.11461177623748513,4.67,1.619039069232979,0.025482433154663996,28,31,53,0.357487922705314,0.2560386473429952,0.357487922705314,0
33,37,250,5675.125,5536.375,5539.25,307,0.060214166728559455,0.0587420025676665,0.05877250687009942,5.211317722681359,4.044101533966399,0.088628,36,32,60,0.2931596091205212,0.32247557003257327,0.38436482084690554,1
42,96,360,4766.25,4813.0,4767.5,295,0.05476874461361678,0.05530594656707843,0.05478310830221201,2.701955782312925,0.5222439236111112,0.036786265432098765,18,31,57,0.061016949152542375,0.21016949152542372,0.36271186440677966,1
42,57,272,26334.0,26112.25,22771.75,407,0.15897469951524004,0.1576360255721435,0.13746989115539485,14.928571428571429,8.03701138811942,0.30779290116782004,143,141,144,0.6191646191646192,0.4201474201474201,0.47174447174447176,1
47,69,371,6368.0,6710.25,5943.0,263,0.09206436409374141,0.09701238994347179,0.08591999306047507,2.882752376641014,1.4094202898550725,0.043177541575547984,40,31,55,0.311787072243346,0.3269961977186312,0.4372623574144487,1
27,64,217,15062.0,15760.0,13674.25,335,0.1342125194920918,0.14043216752060592,0.12184673646691914,20.661179698216735,3.84765625,0.29039159888721355,101,100,100,0.42388059701492536,0.5253731343283582,0.582089552238806,1
33,59,187,142591.75,136272.25,126010.75,655,0.33236233319736613,0.31763242235300976,0.29371423576714645,130.93824609733701,39.14744326343005,3.6034988132345793,370,356,350,0.6610687022900763,0.6091603053435114,0.6809160305343511,1
33,32,189,94230.0,98193.75,89732.25,583,0.27723756873567545,0.2888994642368538,0.26400457208088524,86.52892561983471,95.892333984375,2.5120307382212146,298,297,294,0.6638078902229846,0.6415094339622641,0.7015437392795884,1
48,67,332,67457.25,67450.875,61394.625,463,0.31467819507484757,0.3146484566331886,0.2863969370571305,29.2783203125,15.025813098685676,0.5569987026418929,249,240,242,0.7257019438444925,0.5745140388768899,0.652267818574514,1
48,103,386,122494.5,105463.0,101376.75,671,0.27206429445563596,0.23423677541583285,0.225161080399164,53.166015625,9.940899236497314,0.6803991382318988,346,310,312,0.6304023845007451,0.5737704918032787,0.6497764530551415,1
54,100,366,143459.25,114426.25,112201.75,655,0.3343843598857875,0.26671231280228425,0.26152730027387683,49.19727366255144,11.442625,0.8376015258741676,369,324,326,0.6305343511450382,0.5770992366412214,0.7740458015267175,1
34,94,679,117763.75,97457.625,95809.625,639,0.28840973155923894,0.23867894377217924,0.23464290349994243,101.87175605536332,11.029608985966501,0.207811507002631,337,297,296,0.6854460093896714,0.5758998435054773,0.6541471048513302,1
44,91,358,61011.75,48956.75,47393.75,511,0.2336531722841135,0.18748683560494944,0.1815011048517737,31.51433367768595,5.9119369641347665,0.3697898785930527,233,201,196,0.547945205479452,0.5909980430528375,0.700587084148728,1
58,107,428,103036.25,85540.25,79422.0,559,0.32973604795171546,0.2737454437229784,0.25416585328387964,30.629087395957193,7.4714167176172595,0.43356406673071884,311,274,270,0.6958855098389982,0.6440071556350626,0.7817531305903399,1
44,98,534,95300.375,76810.75,70279.25,599,0.2656078857082338,0.21407618707863132,0.19587250314241042,49.225400309917354,7.9977873802582256,0.24645895579963248,296,258,252,0.6193656093489148,0.5909849749582637,0.7028380634390651,1
54,95,547,57595.375,43173.625,45263.25,463,0.2686739920417598,0.20139863972869212,0.21114643441915576,19.75150034293553,4.783781163434903,0.15127636534997277,232,187,188,0.7300215982721382,0.6241900647948164,0.7386609071274298,1
47,94,382,20007.875,14763.0,17054.5,383,0.13639656006926218,0.10064149322716769,0.11626297813741998,9.057435491172477,1.67077863286555,0.11687248156574655,119,88,97,0.587467362924282,0.402088772845953,0.5326370757180157,1
44,103,389,19240.25,14868.25,18806.5,423,0.10753008176427521,0.08309580895215421,0.10510593587400589,9.938145661157025,1.4014751625977944,0.12428215515361384,116,85,107,0.375886524822695,0.36879432624113473,0.491725768321513,1
55,100,373,21554.0,16851.5,25566.75,415,0.12515023951226592,0.09784584119610974,0.14844970242415445,7.125289256198347,1.68515,0.18376291068001638,131,85,135,0.6096385542168675,0.472289156626506,0.5325301204819277,1
60,97,303,6185.25,6326.375,10087.125,319,0.060782126747968276,0.06216895470759918,0.09912564735016362,1.718125,0.6723748538633223,0.10987076430415318,19,37,91,0.11285266457680251,0.329153605015674,0.4169278996865204,1
57,143,439,4670.0,5294.5,6892.75,275,0.06175206611570248,0.0700099173553719,0.09114380165289256,1.4373653431825177,0.2589124162550736,0.03576543293154353,29,29,73,0.45454545454545453,0.41454545454545455,0.41454545454545455,1
72,134,305,6789.125,5694.75,9221.375,263,0.09815271292052798,0.08233095750986713,0.1333165869103211,1.3096305941358024,0.31715025618177767,0.09912792260145123,52,24,87,0.2813688212927757,0.3574144486692015,0.4524714828897338,1
45,101,272,6754.25,5520.625,7172.625,279,0.08676982567027659,0.07092181498182192,0.09214456391875747,3.3354320987654322,0.5411846877757083,0.09694832666522492,51,25,69,0.5448028673835126,0.12903225806451613,0.4229390681003584,1
49,102,444,4414.25,4549.875,5998.25,235,0.07993209597102761,0.08238795835219556,0.10861475780896333,1.8385047896709705,0.43731978085351786,0.03042696412628845,0,32,69,0.0,0.3872340425531915,0.46382978723404256,1
48,92,181,4576.5,5196.625,7365.0,287,0.0555609513287766,0.063089572533356,0.08941470698927995,1.986328125,0.6139679820415879,0.2248099874851195,19,39,73,0.1289198606271777,0.33797909407665505,0.2961672473867596,1
44,93,188,5347.5,5953.0,9987.5,311,0.055287889910153945,0.06154816430764777,0.10326092575552362,2.762138429752066,0.6882876633136779,0.28257978723404253,36,32,92,0.33762057877813506,0.18971061093247588,0.4405144694533762,1
54,137,344,5507.5,6072.75,6629.5,299,0.06160445632599188,0.06792709253811478,0.07415465151396516,1.8887174211248285,0.32355213383771114,0.05602268117901568,30,33,67,0.3110367892976589,0.4013377926421405,0.34782608695652173,1
49,96,306,6663.25,8119.25,11297.5,327,0.062314713501482294,0.07593122539255019,0.10565421915476625,2.775197834235735,0.8809950086805556,0.12065338117817934,35,30,97,0.42813455657492355,0.308868501529052,0.2966360856269113,1
44,94,288,6901.0,6742.0,11915.75,291,0.08149407777423508,0.07961644288565321,0.14071338316741655,3.5645661157024793,0.763014938886374,0.14366018036265432,39,35,99,0.4054982817869416,0.4639175257731959,0.3436426116838488,1
50,91,253,6815.25,6862.75,15032.75,303,0.07423291834133909,0.0747502968118594,0.16373939374135432,2.7261,0.828734452360826,0.2348536924494993,37,38,113,0.3333333333333333,0.18151815181518152,0.37623762376237624,1
49,143,233,7755.0,7888.0,13062.25,335,0.0691022499443083,0.07028736912452663,0.11639340610380931,3.2299042065805916,0.38574013399188223,0.24060583175228867,39,36,104,0.24477611940298508,0.25671641791044775,0.36716417910447763,1
54,102,194,6579.0,6475.25,11476.5,251,0.10442691385851018,0.10278011460135554,0.18216377517817178,2.256172839506173,0.6223808150711265,0.3049341056435328,36,30,95,0.35856573705179284,0.3386454183266932,0.50199203187251,1
49,139,1032,6905.5,7372.0,13034.25,311,0.07139607737719833,0.07621922850260027,0.13476132380765293,2.876093294460641,0.38155374980591067,0.012238456598161168,39,37,106,0.4115755627009646,0.19292604501607716,0.45980707395498394,1
44,92,203,12250.0,12747.875,28890.875,351,0.09943101111192279,0.10347217149211452,0.2345019520945447,6.327479338842975,1.5061288988657846,0.7010816811861487,65,63,161,0.5413105413105413,0.48717948717948717,0.49572649572649574,1
44,101,348,12605.0,12012.5,28717.75,383,0.0859300970079556,0.08189093933423774,0.19577303001588395,6.510847107438017,1.1775806293500637,0.23713296010040957,65,64,161,0.5404699738903395,0.5117493472584856,0.5613577023498695,1
42,89,290,10101.0,9409.75,19545.0,359,0.07837462465375036,0.07301114982037693,0.15165152349842104,5.726190476190476,1.1879497538189623,0.23240190249702736,52,52,131,0.520891364902507,0.181058495821727,0.5376044568245125,1
56,105,354,9043.75,9902.5,18465.0,327,0.08457714932338281,0.09260817925913456,0.17268467861852257,2.8838488520408165,0.8981859410430839,0.14734750550608064,47,42,129,0.4740061162079511,0.22629969418960244,0.48623853211009177,1
54,100,594,6726.375,6711.875,10205.5,375,0.047832,0.04772888888888889,0.07257244444444444,2.306712962962963,0.6711875,0.028924202745751568,36,25,92,0.3546666666666667,0.10133333333333333,0.304,1
48,94,215,6876.0,6803.375,12697.25,367,0.05105093957190268,0.05051173444008048,0.09427087586959589,2.984375,0.7699609551833408,0.27468361276365605,39,32,101,0.36239782016348776,0.2452316076294278,0.46321525885558584,1
44,93,237,6100.75,4502.875,6982.5,263,0.08820063901458745,0.06509961109745695,0.10094840174066418,3.151213842975207,0.5206237715342814,0.124312343107408,33,29,72,0.376425855513308,0.4714828897338403,0.376425855513308,1
44,99,193,5251.0,4870.5,10946.625,303,0.05719482839373046,0.053050354540404535,0.11923259157598928,2.712293388429752,0.49693908784817875,0.29387701683266665,30,21,90,0.16831683168316833,0.19141914191419143,0.38613861386138615,1
48,93,395,5615.75,5351.5,8140.75,319,0.05518568017216812,0.05258890930710194,0.0799987224968308,2.4373914930555554,0.6187420511041739,0.05217593334401538,28,26,77,0.29153605015673983,0.14733542319749215,0.26332288401253917,1
54,92,234,8432.625,8557.5,15562.375,335,0.07514034306081532,0.07625306304299398,0.1386711962575184,2.89184670781893,1.011046786389414,0.28421314559135075,47,46,116,0.5164179104477612,0.48059701492537316,0.3641791044776119,1
44,99,256,7781.25,7399.0,13283.5,327,0.07277024941783801,0.06919544744643642,0.12422729100618167,4.019240702479339,0.7549229670441792,0.20269012451171875,36,32,107,0.3149847094801223,0.26299694189602446,0.45871559633027525,1
44,99,300,5820.25,6369.5,8267.75,299,0.06510273934296038,0.07124640663974675,0.09247939061084327,3.006327479338843,0.6498826650341802,0.09186388888888888,41,34,80,0.31438127090301005,0.21070234113712374,0.38127090301003347,1
44,81,227,6914.125,7018.375,15272.875,319,0.06794474307445877,0.06896920234667506,0.1500857401165476,3.57134555785124,1.0697111720774273,0.29639377826078517,38,30,112,0.3793103448275862,0.27899686520376177,0.4482758620689655,1
48,90,234,13001.5,10776.375,27834.5,407,0.07848824924992001,0.06505547875326745,0.1680330095563511,5.643012152777778,1.3304166666666666,0.5083369859010884,75,61,162,0.3095823095823096,0.3095823095823096,0.6068796068796068,1
44,98,365,8871.75,7152.875,14058.0,287,0.10770738991610922,0.08683940560162197,0.1706710048683364,4.582515495867769,0.7447808204914619,0.10552073559767311,59,39,108,0.5435540069686411,0.4425087108013937,0.5052264808362369,1
54,99,214,7044.5,6883.25,12889.0,319,0.06922593134894507,0.06764133607177603,0.12665952575151582,2.415809327846365,0.702300785634119,0.2814437942178356,44,34,107,0.28213166144200624,0.31974921630094044,0.5047021943573667,1
44,91,312,5719.25,6271.0,11165.5,291,0.06753876312277843,0.07405439236664658,0.1318536625689352,2.95415805785124,0.7572756913416254,0.11470147107166338,31,29,94,0.4639175257731959,0.2508591065292096,0.4054982817869416,1
44,99,289,6622.75,5880.0,11980.25,299,0.07407914900280757,0.06577107638617018,0.1340057717475196,3.42084194214876,0.5999387817569636,0.14343997318039775,49,31,92,0.5016722408026756,0.18394648829431437,0.43478260869565216,1
44,100,382,7052.0,6348.25,10968.75,263,0.10195318712139831,0.09177883155748963,0.1585789876968006,3.6425619834710745,0.634825,0.07516755297278035,44,29,89,0.5665399239543726,0.4220532319391635,0.40304182509505704,1
48,93,175,6064.5,5606.0,8610.5,311,0.06270096463022508,0.05796052563559103,0.08902410024710249,2.6321614583333335,0.6481674181986357,0.28115918367346937,33,31,80,0.44694533762057875,0.33440514469453375,0.41479099678456594,1
54,100,579,7502.5,7907.875,12359.5,319,0.07372667328347796,0.07771027210817504,0.12145615707392812,2.5728737997256514,0.7907875,0.03686750725597406,38,30,104,0.28213166144200624,0.19435736677115986,0.438871473354232,1
48,82,278,6422.875,7162.5,13451.75,319,0.06311725513703678,0.07038551114867189,0.1321896404319926,2.7877061631944446,1.0652141582391434,0.17405607887790486,36,38,104,0.3761755485893417,0.31347962382445144,0.4043887147335423,1
44,92,702,6029.75,6199.5,9875.25,275,0.07973223140495868,0.08197685950413224,0.1305818181818182,3.1145402892561984,0.7324551039697542,0.020038899846592153,36,27,89,0.44727272727272727,0.2872727272727273,0.41818181818181815,1
44,94,369,6979.75,6660.75,12752.25,223,0.14035572804600938,0.13394096000321745,0.2564348770335217,3.6052427685950414,0.7538196016296967,0.09365567232908101,38,33,101,0.5515695067264574,0.4439461883408072,0.6143497757847534,1
48,93,229,6769.0,6423.75,12652.5,287,0.08217897509985553,0.07798747101458073,0.15360754652842695,2.9379340277777777,0.7427159209157128,0.24127114280810816,40,30,99,0.4738675958188153,0.3240418118466899,0.4843205574912892,1
44,99,170,4751.125,5308.25,7860.875,271,0.06469308696777004,0.07227910839994009,0.10703660080881251,2.454093491735537,0.5416028976635038,0.27200259515570935,32,27,72,0.11808118081180811,0.15867158671586715,0.4981549815498155,1
54,94,585,5389.875,4897.25,7053.75,251,0.08555221345692926,0.0777328931286805,0.1119625085316106,1.8483796296296295,0.5542383431416931,0.020611439842209072,38,31,69,0.4103585657370518,0.26294820717131473,0.2788844621513944,1
44,89,210,7216.25,5838.0,9087.0,315,0.07272612748803226,0.05883597883597884,0.09157974300831444,3.7274018595041323,0.7370281530109835,0.20605442176870747,30,31,82,0.09523809523809523,0.11428571428571428,0.4031746031746032,1
44,92,227,6673.375,5985.0,5669.375,263,0.09647927539793838,0.08652720149199786,0.08196410241582212,3.4469912190082646,0.7071124763705104,0.11002299675910653,52,37,60,0.4752851711026616,0.22813688212927757,0.4068441064638783,1
44,96,225,6807.75,6318.75,11389.75,351,0.05525726252221979,0.0512881388949765,0.09244851908669573,3.51639979338843,0.6856282552083334,0.22498271604938272,30,28,97,0.3190883190883191,0.15954415954415954,0.3504273504273504,1
48,97,368,6041.0,5947.75,8637.125,295,0.06941683424303362,0.06834530307382936,0.09924877908646941,2.6219618055555554,0.6321341268997768,0.06377839230860113,40,28,81,0.45084745762711864,0.3694915254237288,0.43050847457627117,1
54,88,281,6997.75,6079.0,10217.25,327,0.06544295747645634,0.05685080754519354,0.09555172123558622,2.3997770919067216,0.7849948347107438,0.1293961575967883,31,33,92,0.38837920489296635,0.308868501529052,0.308868501529052,1
48,88,474,5961.25,7109.5,11190.75,279,0.07658239231253453,0.09133361596074048,0.14376421166223455,2.5873480902777777,0.9180655991735537,0.049808390749345725,42,22,96,0.5161290322580645,0.32974910394265233,0.4014336917562724,1
44,99,221,5270.5,5560.25,8218.0,287,0.06398645121344194,0.06750415811773847,0.09977054474377496,2.7223657024793386,0.5673145597388022,0.16826027313118078,36,30,79,0.4529616724738676,0.30313588850174217,0.27526132404181186,1
44,101,170,6045.25,6971.25,9694.5,331,0.05517702467118774,0.06362893730433275,0.08848495358749921,3.122546487603306,0.6833888834427997,0.3354498269896194,39,22,85,0.31419939577039274,0.16012084592145015,0.4199395770392749,1
48,93,337,6189.5,6800.0,10759.0,355,0.0491132711763539,0.05395754810553462,0.08537195000991867,2.6864149305555554,0.7862180598913169,0.09473535912088686,35,45,90,0.37464788732394366,0.428169014084507,0.37464788732394366,1
44,98,389,6141.5,5583.5,5429.75,251,0.09748257964159299,0.08862557737178775,0.08618513991841399,3.1722623966942147,0.5813723448563098,0.03588232961717144,45,32,63,0.5099601593625498,0.19123505976095617,0.41434262948207173,1
54,100,163,5991.75,6171.75,7858.0,263,0.08662478856134974,0.08922711041073313,0.11360580606919285,2.054783950617284,0.617175,0.29575821446046147,40,28,79,0.4372623574144487,0.44866920152091255,0.4828897338403042,1
44,99,357,6478.5,6011.0,9196.25,311,0.06698131739746281,0.06214782725571489,0.09508017907176311,3.346332644628099,0.6133047648199164,0.07215631350579448,38,30,88,0.4790996784565916,0.2797427652733119,0.4212218649517685,1
48,92,373,6503.75,7248.5,9948.125,287,0.07895871019436924,0.08800033993371292,0.12077510956791997,2.8228081597222223,0.8563917769376181,0.07150288581100993,6,7,89,0.020905923344947737,0.03484320557491289,0.4564459930313589,1
48,96,350,6997.25,8052.25,12066.0,399,0.04395229929460242,0.050579142090816015,0.07579098121242957,3.0370008680555554,0.8737250434027778,0.09849795918367348,36,23,104,0.3082706766917293,0.09774436090225563,0.3458646616541353,1
44,97,305,8063.625,8265.0,9737.75,263,0.11657859734852319,0.11948994491752085,0.1407819977157397,4.16509555785124,0.8784142841959826,0.10467884977156679,45,2,92,0.3574144486692015,0.0076045627376425855,0.4866920152091255,1
54,95,518,6580.25,7419.125,7943.375,351,0.05341068660156979,0.060219681658428094,0.06447492309315671,2.2566015089163236,0.8220637119113573,0.029603669444403034,35,29,80,0.27350427350427353,0.22507122507122507,0.32193732193732194,1
34,91,340,7061.125,7032.5,7055.625,323,0.06768132542246164,0.06740695300443789,0.06762860757795053,6.108239619377162,0.8492331843980195,0.06103481833910034,40,37,75,0.35294117647058826,0.3188854489164087,0.33746130030959753,0
44,94,567,5331.0,5794.0,6818.5,239,0.09332819803574867,0.10143379842789867,0.11936940879886557,2.7536157024793386,0.6557265731100045,0.021209123795837493,32,22,71,0.5271966527196653,0.28451882845188287,0.497907949790795,1
44,99,439,5583.5,5396.75,6800.25,255,0.08586697424067666,0.08299500192233757,0.10457900807381776,2.884039256198347,0.5506325885113764,0.035285464479740146,34,31,74,0.3843137254901961,0.43137254901960786,0.45098039215686275,1
48,94,522,7464.25,6602.25,7985.5,343,0.06344507815621042,0.05611819904971568,0.06787563005210415,3.2396918402777777,0.7471989588048891,0.029306307893307498,33,28,81,0.3206997084548105,0.23323615160349853,0.3119533527696793,1
44,98,266,6158.5,5622.75,6201.25,311,0.06367283216674766,0.058133704159386276,0.06411482511553851,3.181043388429752,0.5854591836734694,0.08764274407824071,31,31,68,0.33440514469453375,0.3247588424437299,0.28938906752411575,1
56,95,389,6353.25,6424.25,7663.0,263,0.09185111827552805,0.09287758967167373,0.11078662406569417,2.025908801020408,0.7118282548476454,0.0506406909814236,28,27,78,0.4296577946768061,0.4144486692015209,0.49809885931558934,1
44,92,371,5678.0,5129.25,7083.75,255,0.0873202614379085,0.07888119953863898,0.10893886966551326,2.9328512396694215,0.606007797731569,0.051465406383272426,30,34,78,0.4235294117647059,0.42745098039215684,0.47843137254901963,1
44,98,215,6050.25,5387.75,9835.25,251,0.09603418993349312,0.08551848383358994,0.15611260138727956,3.1251291322314048,0.5609902124114952,0.21276906435911302,33,30,88,0.3187250996015936,0.50199203187251,0.5856573705179283,1
48,100,352,5849.375,5731.0,7836.0,283,0.07303593502228771,0.07155789184532207,0.09784115171871294,2.538791232638889,0.5731,0.06324251033057851,33,24,80,0.4134275618374558,0.15901060070671377,0.2862190812720848,1
44,98,432,7627.75,7316.875,9212.625,315,0.07687326782564878,0.07374023683547493,0.09284580498866213,3.939953512396694,0.7618570387338609,0.04936463155864197,30,28,82,0.2857142857142857,0.21587301587301588,0.26031746031746034,1
54,100,223,6788.0,7777.5,11811.75,351,0.05509695538185567,0.06312854603452894,0.09587381595928604,2.327846364883402,0.77775,0.23752237125218686,41,40,98,0.42735042735042733,0.35327635327635326,0.45014245014245013,1
44,99,273,6586.75,6439.75,6883.0,287,0.07996637084339982,0.07818171885053843,0.08356299093105415,3.402246900826446,0.657050300989695,0.09235331213353191,27,37,74,0.3205574912891986,0.2787456445993031,0.3240418118466899,1
44,99,175,6539.0,6417.25,9161.5,295,0.07513932777937374,0.07374030451019822,0.10527434645216892,3.377582644628099,0.654754616875829,0.29915102040816327,36,37,84,0.2745762711864407,0.12542372881355932,0.39322033898305087,1
44,91,345,6203.0,7335.25,8291.375,275,0.08202314049586777,0.09699504132231405,0.10963801652892562,3.2040289256198347,0.8857927786499215,0.06966078554925435,38,33,79,0.49818181818181817,0.4036363636363636,0.33090909090909093,1
48,86,354,4851.0,4780.75,8226.25,255,0.07460207612456747,0.07352172241445598,0.12650903498654364,2.10546875,0.6463967009194159,0.06564405183695618,26,20,80,0.2549019607843137,0.21568627450980393,0.40784313725490196,1
54,95,178,4138.0,4700.5,5307.75,275,0.054717355371900825,0.06215537190082645,0.07018512396694215,1.4190672153635118,0.520831024930748,0.16752146193662415,34,38,59,0.26181818181818184,0.33090909090909093,0.3418181818181818,1
44,99,351,5987.0,6535.0,6288.75,283,0.07475433580142092,0.081596723644945,0.07852201925358039,3.0924586776859506,0.6667686970717274,0.05104463437796771,32,36,71,0.26148409893992935,0.254416961130742,0.4416961130742049,1
48,99,238,5785.5,5541.25,8622.5,271,0.0787775220925641,0.07545172315191787,0.11740717038166691,2.5110677083333335,0.5653759820426487,0.1522226537673893,32,25,82,0.44649446494464945,0.2915129151291513,0.30996309963099633,1
44,95,356,4886.875,4307.625,6922.5,255,0.07515378700499807,0.06624567474048443,0.10645905420991926,2.52421229338843,0.47729916897506924,0.054621417750284056,29,25,71,0.1843137254901961,0.34901960784313724,0.3333333333333333,1
53,85,217,4323.75,4332.0,7034.5,255,0.06649365628604383,0.06662053056516724,0.10818146866589773,1.539248843004628,0.5995847750865052,0.14938733037439741,24,35,74,0.30196078431372547,0.21176470588235294,0.3803921568627451,1
44,89,257,5795.875,5439.0,5092.625,271,0.07891879195544722,0.07405944908157569,0.06934307811712803,2.9937370867768593,0.6866557252872112,0.07710374116186468,40,33,56,0.3062730627306273,0.30996309963099633,0.3800738007380074,1
66,95,341,6855.5,5638.5,5872.0,259,0.10219734351008482,0.08405509756861108,0.08753596398384043,1.5738062442607896,0.6247645429362881,0.05049836172719533,38,19,67,0.4555984555984556,0.07335907335907337,0.26640926640926643,1
44,98,464,5417.0,4999.25,7438.875,255,0.08330642060745867,0.07688196847366398,0.1144002306805075,2.7980371900826446,0.5205383173677635,0.03455184954667063,37,27,73,0.4117647058823529,0.3333333333333333,0.3803921568627451,1
48,100,624,5201.0,4803.25,6074.75,279,0.06681568839043692,0.06170591333615961,0.07804049279942447,2.2573784722222223,0.480325,0.01560124404174885,23,31,62,0.27598566308243727,0.2078853046594982,0.4121863799283154,1
44,81,229,6378.125,4984.625,7834.75,255,0.09808727412533641,0.07665705497885429,0.1204882737408689,3.2944860537190084,0.7597355586038713,0.1494012318605671,42,33,77,0.42745098039215684,0.30980392156862746,0.4392156862745098,1
58,96,572,6322.75,5940.625,9299.625,275,0.08360661157024793,0.07855371900826447,0.1229702479338843,1.8795332936979785,0.6445990668402778,0.028423226685901512,27,34,86,0.38181818181818183,0.3054545454545455,0.4727272727272727,1
54,98,246,6614.0,7353.0,10971.5,303,0.07204086745308194,0.08009018723654544,0.11950353451186703,2.268175582990398,0.7656184922948771,0.18129916055258113,33,39,97,0.39933993399339934,0.30033003300330036,0.32673267326732675,1
49,99,308,5144.75,5010.25,7582.25,247,0.08432772213935649,0.0821231293743546,0.12428084380992968,2.142753019575177,0.5111978369554128,0.07992758053634677,18,35,75,0.0728744939271255,0.4493927125506073,0.32793522267206476,1
45,91,561,6719.375,6973.875,11070.625,271,0.09149351179858663,0.09495887855557522,0.15074175188246347,3.31820987654321,0.8421537253954836,0.035175997153033954,32,34,94,0.43911439114391143,0.41697416974169743,0.5313653136531366,1
45,91,198,5857.75,6771.5,8674.75,323,0.05614690066999588,0.06490525165581958,0.08314802212232457,2.892716049382716,0.8177152517811859,0.22127206407509437,35,37,84,0.2786377708978328,0.3653250773993808,0.3498452012383901,1
49,94,285,5904.75,5611.875,12173.625,311,0.061049306768954,0.05802126735662369,0.12586330786488972,2.4592877967513536,0.635114870982345,0.14987534626038782,36,33,101,0.2604501607717042,0.26366559485530544,0.35691318327974275,1
44,99,203,5960.375,6017.0,10796.875,287,0.07236187157789946,0.07304932680984351,0.1310793502409887,3.0787060950413223,0.6139169472502806,0.2620028391856148,32,32,91,0.24041811846689895,0.2682926829268293,0.34494773519163763,1
54,96,373,5932.25,5411.25,7047.75,319,0.058295909041774355,0.05317606941755682,0.06925786892817484,2.0343792866941017,0.587158203125,0.05065622551732565,30,26,66,0.3072100313479624,0.27899686520376177,0.3793103448275862,1
48,153,737,7291.25,6512.0,12091.5,295,0.08378339557598391,0.07482907210571675,0.138942832519391,3.1646050347222223,0.2781836045965227,0.022261027415040255,37,33,92,0.5254237288135594,0.17966101694915254,0.376271186440678,1
52,104,284,7941.0,8092.125,13428.75,271,0.10812761264144007,0.11018538690921964,0.1828508598739124,2.9367603550295858,0.7481624445266272,0.16649412318984327,25,26,99,0.34686346863468637,0.25461254612546125,0.3726937269372694,1
44,86,144,8347.0,6991.375,16122.875,331,0.07618586905924553,0.06381262493040407,0.14715888865563476,4.31146694214876,0.9452913737155219,0.7775306230709876,41,33,112,0.3474320241691843,0.26586102719033233,0.338368580060423,1
53,145,351,9663.75,10037.25,22127.75,367,0.07174862089702945,0.07452167586068648,0.16428772951020498,3.4402812388750443,0.4773959571938169,0.17960690254137548,50,47,136,0.1444141689373297,0.3760217983651226,0.5258855585831063,1
71,95,390,5603.5,6447.25,13287.25,371,0.040710980013222806,0.046841057533729046,0.09653555263329967,1.1115850029756,0.714376731301939,0.0873586456278764,27,28,103,0.261455525606469,0.15633423180592992,0.3692722371967655,1
48,99,160,6336.25,6905.75,11613.5,367,0.04704355960768882,0.05127181878252864,0.0862245617682216,2.7501085069444446,0.704596469747985,0.45365234375,38,28,96,0.3678474114441417,0.1989100817438692,0.2888283378746594,1
44,101,227,6396.5,6061.75,8902.375,271,0.08709712558380196,0.08253904494764505,0.12121805258642993,3.303977272727273,0.5942309577492403,0.17276436569698617,48,33,83,0.3025830258302583,0.23985239852398524,0.5535055350553506,1
44,104,233,5934.0,5613.25,11895.75,347,0.04928203041300899,0.04661819299221819,0.09879452532617994,3.065082644628099,0.5189765162721893,0.2191189743778666,37,21,95,0.3804034582132565,0.11815561959654179,0.4495677233429395,1
48,89,253,5859.5,5361.625,7785.75,247,0.09604320673998919,0.0878825255290203,0.12761641724991396,2.543185763888889,0.6768873879560662,0.12163523879454452,22,32,71,0.1700404858299595,0.44534412955465585,0.46153846153846156,1
55,141,327,5101.5,5982.375,7936.875,283,0.06369788610171184,0.07469658754635468,0.09910068798461712,1.6864462809917355,0.30090915949901914,0.07422565440619476,31,18,65,0.18374558303886926,0.127208480565371,0.2756183745583039,1
66,104,116,6643.5,6046.125,14734.75,263,0.09604736225765878,0.08741090662001764,0.21302534372334428,1.5251377410468319,0.5589982433431953,1.0950319560047563,29,24,104,0.3650190114068441,0.1596958174904943,0.6311787072243346,1
44,86,376,7514.75,7711.0,15953.5,307,0.0797329414635699,0.08181519167312121,0.1692697004742756,3.881585743801653,1.042590589507842,0.11284447148030784,26,39,107,0.23452768729641693,0.43322475570032576,0.48859934853420195,1
44,101,247,5434.25,5663.0,11453.75,271,0.07399477131302679,0.0771095164826187,0.15595852452989475,2.806947314049587,0.5551416527791393,0.18773869429100626,28,25,85,0.41697416974169743,0.2029520295202952,0.4944649446494465,1
44,89,196,11190.25,9357.75,27196.25,351,0.09082921404858726,0.07595514646796699,0.22074699069001064,5.780087809917355,1.1813849261456886,0.7079407017909205,45,42,144,0.33903133903133903,0.28205128205128205,0.6410256410256411,1
48,93,181,10932.0,10260.5,23702.5,367,0.08116475732984876,0.07617919800429136,0.1759794786508178,4.744791666666667,1.1863221181639496,0.7234974512377522,50,47,136,0.32697547683923706,0.3024523160762943,0.3896457765667575,1
54,86,290,10284.25,9245.75,19870.25,351,0.0834753776349218,0.07504606293780083,0.161283187636464,3.5268347050754456,1.250101406165495,0.236269322235434,53,38,124,0.4301994301994302,0.3903133903133903,0.5242165242165242,1
44,94,166,13672.0,13224.0,31412.125,455,0.06604033329308055,0.063876343436783,0.15173107112667553,7.06198347107438,1.4966047985513806,1.1399377631005951,50,52,157,0.378021978021978,0.21318681318681318,0.4087912087912088,1
44,94,267,12799.5,12116.0,25406.75,407,0.07726880331302936,0.0731426087691444,0.1533770200846368,6.611311983471074,1.3712086917157085,0.3563908877947509,54,51,133,0.35135135135135137,0.43734643734643736,0.43734643734643736,1
44,96,280,10032.0,8624.5,19240.75,375,0.07133866666666666,0.061329777777777775,0.13682311111111112,5.181818181818182,0.9358181423611112,0.24541772959183675,38,35,127,0.33866666666666667,0.248,0.39466666666666667,1
48,86,289,10428.875,9765.125,21353.625,359,0.08091863812354032,0.07576853841916187,0.16568481777763983,4.526421440972222,1.3203251757706869,0.2556677362579471,40,40,127,0.4011142061281337,0.3788300835654596,0.42618384401114207,1
44,98,153,8561.5,9573.0,19894.25,327,0.08006714735946283,0.08952669528378644,0.1860510245115918,4.422262396694215,0.9967721782590587,0.8498547567175018,46,46,126,0.3333333333333333,0.4740061162079511,0.4801223241590214,1
54,89,257,8372.75,8681.0,18386.0,311,0.08656599911084459,0.08975300089949442,0.19009315453727732,2.8713134430727023,1.0959474813786139,0.2783690896152856,46,42,126,0.14790996784565916,0.31511254019292606,0.6109324758842444,1
44,91,173,6584.5,6701.75,12504.0,287,0.07993905474146827,0.0813625271643458,0.15180468380094453,3.4010847107438016,0.8092923559956527,0.4177887667479702,32,29,101,0.49825783972125437,0.34843205574912894,0.4843205574912892,1
44,86,124,6683.625,6918.125,12518.125,319,0.06567963168600938,0.06798405086428003,0.12301495661402699,3.4522856404958677,0.9353873715521904,0.814134040062435,33,30,101,0.3542319749216301,0.22884012539184953,0.34796238244514105,1
48,99,349,6367.0,7479.75,13372.25,279,0.081794940969412,0.09609010675607971,0.171789288421269,2.763454861111111,0.7631619222528313,0.10978768647219646,38,35,106,0.4838709677419355,0.24372759856630824,0.48028673835125446,1
44,99,296,5849.875,6607.875,9701.25,255,0.08996347558631296,0.10162053056516725,0.1491926182237601,3.0216296487603307,0.6742041628405264,0.11072463933528123,39,37,85,0.35294117647058826,0.4235294117647059,0.6235294117647059,1
54,95,191,6581.0,6295.25,11955.5,263,0.09514377828217843,0.0910125923462823,0.17284477150168429,2.256858710562414,0.6975346260387811,0.3277185384172583,31,31,95,0.3612167300380228,0.3688212927756654,0.41825095057034223,1
44,94,293,7401.75,7620.0,14100.0,295,0.08505314564780235,0.08756104567652974,0.16202240735420856,3.8232179752066116,0.8623811679492983,0.1642418665330988,30,41,106,0.2983050847457627,0.43050847457627117,0.5254237288135594,1
48,98,373,6409.125,5809.25,13306.125,303,0.06980933241839035,0.06327538694463505,0.14493268633794074,2.78173828125,0.6048781757601,0.09563875971220953,42,35,100,0.23432343234323433,0.37623762376237624,0.46864686468646866,1
44,93,293,9061.25,9369.75,24547.625,343,0.07701935418065602,0.07964156091424492,0.2086513697523991,4.6803977272727275,1.0833333333333333,0.28593955666344395,51,50,141,0.5481049562682215,0.4839650145772595,0.6064139941690962,1
48,92,198,11032.25,9764.125,25261.875,347,0.09162313448330274,0.08109132207725336,0.2098005547758058,4.788302951388889,1.1536064508506616,0.6443698347107438,60,54,151,0.515850144092219,0.28530259365994237,0.5677233429394812,1
44,92,254,10916.0,11735.5,25399.0,319,0.10727095842218531,0.11532414186181346,0.24959463841746837,5.6384297520661155,1.3865193761814745,0.39368528737057473,60,60,153,0.43573667711598746,0.18808777429467086,0.5862068965517241,1
54,94,366,8766.0,9692.25,23690.75,335,0.07811093784807306,0.08636444642459346,0.21110046781020272,3.006172839506173,1.0969047080126755,0.176854713488011,56,54,148,0.48059701492537316,0.17313432835820897,0.5671641791044776,1
44,88,123,9368.5,10199.75,27919.75,327,0.08761421129908631,0.09538806123689551,0.261105499911156,4.8391012396694215,1.3171164772727273,1.8454458325071055,53,53,158,0.5688073394495413,0.43730886850152906,0.5932721712538226,1
44,98,219,6951.75,8629.0,23411.5,335,0.061944753842726664,0.07689017598574292,0.20861216306527067,3.590779958677686,0.8984798000832986,0.488136193990951,43,43,146,0.44776119402985076,0.46567164179104475,0.6029850746268657,1
48,88,256,6678.5,6450.5,14091.25,291,0.07886656983266613,0.07617411225658649,0.16640391587250977,2.898654513888889,0.832967458677686,0.21501541137695312,41,38,110,0.48109965635738833,0.48109965635738833,0.48109965635738833,1
44,86,250,6220.0,6600.0,12657.5,275,0.08224793388429752,0.08727272727272728,0.1673719008264463,3.2128099173553717,0.8923742563547864,0.20252,40,29,105,0.31636363636363635,0.2545454545454545,0.6327272727272727,1
54,98,167,6236.25,6624.25,9948.75,311,0.06447669068764798,0.0684882290298901,0.1028602888721167,2.1386316872427984,0.6897386505622657,0.3567266664276238,34,31,89,0.4340836012861736,0.09967845659163987,0.38263665594855306,1
49,87,449,8587.5,8965.75,13958.5,327,0.0803102993575176,0.08384769332921846,0.13053989095568086,3.5766347355268637,1.1845356057603382,0.06923824782615165,42,46,98,0.3333333333333333,0.3363914373088685,0.6146788990825688,1
53,138,287,5639.25,6382.25,8967.25,327,0.05273826557809388,0.059686801522505585,0.08386172132910623,2.007564969740121,0.335131800042008,0.10886680668698176,31,31,82,0.27522935779816515,0.09480122324159021,0.42507645259938837,1
44,101,323,9626.5,9019.0,17245.25,431,0.051821964782704656,0.04855163355063765,0.09283568671572612,4.972365702479339,0.884129006960102,0.16529680146459758,42,36,126,0.26218097447795824,0.2737819025522042,0.33642691415313225,1
44,86,227,8577.25,9058.875,19758.0,331,0.07828743804821059,0.08268339098766897,0.18033789395861666,4.4303977272727275,1.2248343699296917,0.3834345708241961,55,49,131,0.5196374622356495,0.4380664652567976,0.5075528700906344,1
44,94,234,7939.75,8048.75,17319.0,303,0.08648117286976223,0.08766842030737727,0.1886416364408718,4.101110537190083,0.910904255319149,0.31629410475564324,44,39,121,0.5115511551155115,0.45874587458745875,0.594059405940594,1
44,94,311,7984.625,9394.25,18725.5,327,0.0746722124026223,0.0878550252971598,0.175120874599033,4.1242897727272725,1.0631790402897239,0.1936032505867392,48,50,129,0.22935779816513763,0.22324159021406728,0.41896024464831805,1
48,92,283,8188.25,8716.25,22840.75,323,0.07848488914875058,0.08354580222181753,0.21893001945767715,3.553927951388889,1.0298026937618148,0.285192098790096,49,46,138,0.37770897832817335,0.34365325077399383,0.6099071207430341,1
44,93,398,8627.0,9954.25,19616.375,295,0.09913243320884803,0.11438379775926458,0.22541080149382361,4.456095041322314,1.150913400393109,0.12383762404989773,56,53,130,0.4745762711864407,0.33220338983050846,0.5661016949152542,1
42,98,298,6929.0,7801.25,12188.25,327,0.06480000748159993,0.07295728941634168,0.11398451308812389,3.9280045351473922,0.8122917534360683,0.137248885185352,30,1,101,0.09174311926605505,0.0030581039755351682,0.3180428134556575,1
44,94,434,8652.625,8859.25,19505.375,327,0.0809193483526452,0.08285170533718636,0.18241426554068588,4.469331095041323,1.0026312811226799,0.1035558994669668,46,42,133,0.3394495412844037,0.14067278287461774,0.5382262996941896,1
54,87,291,6004.25,6304.0,12904.75,287,0.07289453556556472,0.0765336473673348,0.15666998506719762,2.0590706447187928,0.8328709208614083,0.1523925083548848,37,35,104,0.26480836236933797,0.34146341463414637,0.49477351916376305,1
48,101,254,6074.875,7667.125,14427.5,311,0.06280823192481468,0.07927053070170904,0.14916615833169633,2.6366644965277777,0.7516052347809038,0.2236266972533945,39,38,110,0.3890675241157556,0.45980707395498394,0.3536977491961415,1
34,93,289,6962.5,8115.25,15625.375,319,0.0684201216576095,0.07974813533672036,0.15354973909454506,6.022923875432526,0.9382876633136779,0.18708318865913962,47,43,118,0.3322884012539185,0.3322884012539185,0.47335423197492166,1
44,84,213,7773.75,7711.75,15052.0,383,0.05299477125074136,0.052572108338048526,0.10261164777181657,4.0153667355371905,1.0929350907029478,0.3317683881064163,37,36,114,0.370757180156658,0.3394255874673629,0.40992167101827676,1
48,86,293,10133.75,8578.25,18123.25,319,0.09958382877526754,0.0842980120085298,0.17809622546948242,4.398328993055555,1.1598499188750675,0.21110612820184277,50,44,119,0.47648902821316613,0.3322884012539185,0.6206896551724138,1
54,95,238,11568.25,8561.5,20736.75,327,0.10818627313450982,0.08006714735946283,0.19393008444855933,3.967163923182442,0.9486426592797784,0.36608908269190027,58,39,127,0.5198776758409785,0.2996941896024465,0.5045871559633027,1
48,83,510,6308.25,6506.0,12885.375,295,0.07248779086469405,0.07476012640045963,0.14806521114622234,2.7379557291666665,0.944404122514153,0.04954008073817762,30,31,106,0.1864406779661017,0.22033898305084745,0.37966101694915255,1
44,98,371,6891.875,6864.0,14887.5,303,0.07506753150562581,0.07476391203476783,0.16215730483939483,3.5598527892561984,0.7147022074135777,0.10816181225071018,43,44,111,0.3564356435643564,0.4884488448844885,0.44884488448844884,1
44,85,373,8589.75,9069.0,16573.25,259,0.12805041666045527,0.13519476453839388,0.2470632518895067,4.436854338842975,1.2552249134948097,0.11912146281508527,47,43,122,0.6177606177606177,0.3552123552123552,0.555984555984556,1
44,99,223,7342.0,6865.75,13287.75,279,0.09432047378630799,0.0882022327565165,0.1707037422438047,3.7923553719008263,0.7005152535455565,0.26720324156930564,37,35,109,0.3118279569892473,0.45161290322580644,0.5268817204301075,1
48,92,458,7518.0,7458.25,14941.25,367,0.0558174758146545,0.05537386126558219,0.11093147918538263,3.2630208333333335,0.8811732041587902,0.07122885719189184,43,43,114,0.21525885558583105,0.4114441416893733,0.41689373297002724,1
54,92,303,7743.0,8652.25,17827.375,287,0.09400381211378067,0.10504255241656449,0.21643306340977794,2.655349794238683,1.0222412570888468,0.19417894759773008,47,47,128,0.3832752613240418,0.5087108013937283,0.6376306620209059,1
56,140,279,8501.75,8941.5,16252.0,351,0.06900715091598282,0.07257652129447001,0.13191451368089543,2.711017219387755,0.45619897959183675,0.2087845736822497,45,44,122,0.3162393162393162,0.35327635327635326,0.47293447293447294,1
47,145,378,9437.5,9369.0,18985.75,319,0.09274181660950659,0.09206867070881772,0.18657196764968897,4.272295156179267,0.4456123662306778,0.13287526944934352,49,46,134,0.2852664576802508,0.4012539184952978,0.5078369905956113,1
44,88,286,7854.5,8765.0,17158.75,275,0.10386115702479339,0.115900826446281,0.22689256198347107,4.057076446280992,1.1318440082644627,0.20977492786933347,36,36,123,0.5309090909090909,0.41454545454545455,0.5927272727272728,1
49,137,252,6869.875,7883.75,15363.125,295,0.07894139615053146,0.09059178397012353,0.17653691467968974,2.861255726780508,0.4200410250945708,0.24192373708742756,45,42,119,0.37966101694915255,0.3288135593220339,0.4067796610169492,1
55,99,271,7287.125,7530.0,12982.5,303,0.0793726649892712,0.08201810280037905,0.14140770512694834,2.4089669421487603,0.7682889501071319,0.176774553723397,27,37,108,0.2508250825082508,0.20462046204620463,0.38283828382838286,1
48,93,463,6984.625,7151.75,16138.75,263,0.1009791235958305,0.10339530714626495,0.23332345414853475,3.031521267361111,0.8268875014452538,0.07528490593322729,46,30,121,0.3574144486692015,0.3688212927756654,0.6653992395437263,1
49,103,697,6445.25,7026.5,12869.0,287,0.0782484915441489,0.0853051512097998,0.15623596255872962,2.684402332361516,0.6623150155528325,0.026489834482275956,30,35,104,0.3588850174216028,0.12195121951219512,0.5087108013937283,1
46,99,898,6917.25,7971.0,13442.5,383,0.047155887626202375,0.05433945285604237,0.0916394549011855,3.2690217391304346,0.8132843587389041,0.016669684178153878,44,43,108,0.412532637075718,0.2793733681462141,0.412532637075718,1
44,92,248,8481.0,8732.0,17696.25,319,0.0833423413685007,0.085808905179784,0.17390011890606422,4.380681818181818,1.031663516068053,0.28772518860561913,49,46,128,0.4827586206896552,0.34169278996865204,0.46394984326018807,1
49,132,366,6494.25,7270.5,14936.75,291,0.07669075707655791,0.08585751231090799,0.17638844605047177,2.704810495626822,0.4172692837465565,0.11150489713040103,17,30,116,0.058419243986254296,0.2508591065292096,0.5670103092783505,1
59,90,234,7236.75,6810.25,13635.25,303,0.07882397150606149,0.07417845744970537,0.1485175745297302,2.078928468830796,0.8407716049382716,0.24901837241580832,42,41,108,0.38283828382838286,0.42244224422442245,0.49834983498349833,1
48,99,338,6519.25,6070.0,9002.75,303,0.07100883355662299,0.06611552244333344,0.09805955843109064,2.8295355902777777,0.6193245587184981,0.07880282553131893,38,25,82,0.3564356435643564,0.22442244224422442,0.33663366336633666,1
