SrcIPF0,DstIPF0,DstPortF0,SrcIPF2,DstIPF2,DstPortF2,Events_F1,SrcIP_BurstIndex,DstIP_BurstIndex,DstPort_BurstIndex,SrcIP_Concentration,DstIP_Concentration,DstPort_Concentration,SrcIP_MaxCount,DstIP_MaxCount,DstPort_MaxCount,SrcIP_FractionOfMass,DstIP_FractionOfMass,DstPort_FractionOfMass,Attack
51,56,45,1142.0,675.0,4574.5,111,0.09268728187647106,0.0547845142439737,0.37127668208749287,0.4390618992695117,0.2152423469387755,2.2590123456790123,14,12,67,0.3783783783783784,0.3063063063063063,0.7837837837837838,1
49,69,30,730.75,648.0,4182.0,97,0.0776650015942183,0.06887023063024764,0.4444680624933574,0.30435235318617243,0.13610586011342155,4.6466666666666665,12,0,65,0.30927835051546393,0.0,0.865979381443299,1
59,68,102,25971.0,20311.0,113175.0,479,0.11319249828932057,0.08852384708922992,0.4932640635283145,7.460787130135019,4.392517301038063,10.8780276816609,72,66,299,0.5177453027139874,0.4154488517745303,0.964509394572025,0
48,68,1009,81840.0,62533.0,198423.0,847,0.1140771860960763,0.08716506204968157,0.276582813987558,35.520833333333336,13.523572664359861,0.19489903062722908,98,98,425,0.3010625737898465,0.3187721369539551,0.7402597402597403,0
48,58,278,21128.5,16536.75,32422.5,415,0.1226796341994484,0.0960182900275802,0.188256641021919,9.170355902777779,4.915799643281807,0.41952409295585114,58,70,158,0.14698795180722893,0.1710843373493976,0.6963855421686747,0
51,55,420,6719.0,5149.5,4278.0,267,0.0942501648220623,0.07223414552034675,0.060009258090308465,2.5832372164552093,1.7023140495867768,0.02425170068027211,33,39,50,0.3782771535580524,0.4681647940074906,0.23220973782771537,0
49,67,408,8074.5,6327.75,4523.25,227,0.15669816996254538,0.12279978264666498,0.0877806671971123,3.3629737609329444,1.409612385832034,0.027172541810841985,39,45,49,0.6255506607929515,0.5242290748898678,0.30837004405286345,1
50,54,248,7211.0,5407.25,3988.0,287,0.08754507156818706,0.06564666318639294,0.04841627311245736,2.8844,1.854338134430727,0.06484131113423518,40,34,43,0.3797909407665505,0.2229965156794425,0.15331010452961671,0
56,55,516,4833.75,4294.5,4132.25,211,0.10857235911143057,0.0964600974820871,0.09281574987084747,1.5413743622448979,1.4196694214876033,0.015519838050597921,35,30,48,0.5355450236966824,0.23222748815165878,0.4881516587677725,1
48,56,304,7027.0,5762.5,4695.5,239,0.12301955497977976,0.10088233749409149,0.08220269252989268,3.0499131944444446,1.8375318877551021,0.05080830159279778,36,39,47,0.4309623430962343,0.3723849372384937,0.5188284518828452,0
42,56,250,7291.0,5566.0,3762.5,243,0.12347372521126522,0.09426069874172298,0.06371826787921896,4.133219954648526,1.7748724489795917,0.0602,40,38,48,0.411522633744856,0.522633744855967,0.22633744855967078,0
51,57,469,7183.5,4520.5,3600.0,225,0.1418962962962963,0.08929382716049383,0.07111111111111111,2.7618223760092273,1.3913511849799938,0.016366537704411238,48,36,33,0.5911111111111111,0.6133333333333333,0.3511111111111111,1
49,49,343,6725.5,4946.25,3358.0,239,0.11774128604191103,0.08659249662996096,0.05878748621347665,2.801124531445231,2.060079133694294,0.028542529048270704,36,35,20,0.5397489539748954,0.3891213389121339,0.21338912133891214,0
50,56,287,6382.75,4639.0,3590.75,195,0.16785667324128864,0.12199868507560815,0.09443129520052597,2.5531,1.4792729591836735,0.043593463560320025,39,28,25,0.47692307692307695,0.38974358974358975,0.1282051282051282,0
56,55,242,4953.0,4407.0,5466.25,199,0.12507259917678845,0.11128506855887478,0.13803313047650312,1.5794005102040816,1.4568595041322314,0.09333805750973294,19,19,46,0.17587939698492464,0.2562814070351759,0.44221105527638194,1
48,51,252,8031.25,5930.0,8059.75,291,0.0948412276661825,0.07002751502698362,0.09517778486319245,3.4857855902777777,2.2798923490965013,0.1269172020660116,49,15,70,0.4742268041237113,0.07216494845360824,0.5223367697594502,0
51,56,273,5214.0,3591.5,3827.25,247,0.08546280057040764,0.05886836368404662,0.06273254765690307,2.0046136101499425,1.145248724489796,0.05135249366018597,40,31,37,0.3967611336032389,0.3441295546558704,0.14979757085020243,1
38,57,268,8558.5,4893.0,4762.75,251,0.13584705004682465,0.07766543388200187,0.0755980063808511,5.926939058171745,1.5060018467220684,0.0663114000891067,43,34,46,0.42231075697211157,0.44223107569721115,0.3426294820717131,0
48,56,306,6333.5,4645.5,3346.5,191,0.17361092075326884,0.12734025931306708,0.09173268276637153,2.7489149305555554,1.4813456632653061,0.035739459182365756,38,33,43,0.49214659685863876,0.5392670157068062,0.4031413612565445,0
56,56,464,5525.5,4593.5,3854.5,231,0.10354940874421394,0.08608346920035231,0.07223440340323457,1.7619579081632653,1.464764030612245,0.017903258769322236,38,29,48,0.354978354978355,0.5151515151515151,0.43722943722943725,1
49,63,218,6003.0,4564.0,3794.5,235,0.10870076957899502,0.08264373019465822,0.06870982344952467,2.5002082465639317,1.1499118165784832,0.07984386836124906,42,40,32,0.46382978723404256,0.4297872340425532,0.3617021276595745,0
51,69,298,6371.5,5373.5,4942.5,287,0.07735313042528136,0.06523692165741966,0.06000437057630905,2.4496347558631295,1.1286494433942449,0.0556562767442908,30,25,44,0.3205574912891986,0.23344947735191637,0.27177700348432055,1
48,49,372,7922.5,5149.0,6390.0,231,0.14846985626206405,0.0964936938962913,0.11975037949063923,3.4385850694444446,2.1445231153685964,0.04617585848074922,42,31,49,0.4069264069264069,0.4069264069264069,0.41125541125541126,1
49,66,287,6856.25,6257.0,4419.25,291,0.08096562392980716,0.07388906602425574,0.05218703132934188,2.8555810079133694,1.4364095500459138,0.05365185931600481,21,28,37,0.07216494845360824,0.16494845360824742,0.3402061855670103,1
48,62,216,6809.0,4283.0,4542.0,239,0.11920309518390784,0.0749811803014653,0.07951541464610214,2.955295138888889,1.11420395421436,0.09735082304526749,52,28,46,0.2175732217573222,0.401673640167364,0.35564853556485354,1
53,69,547,5531.5,4326.5,3312.5,223,0.1112328822216413,0.08700154839228619,0.06661103179231434,1.9692061231755074,0.9087376601554296,0.011070856825830774,32,29,32,0.23766816143497757,0.23766816143497757,0.21076233183856502,1
50,69,387,7911.0,5450.0,4712.0,315,0.07972789115646259,0.054925673973293024,0.047488032249937015,3.1644,1.1447174963243016,0.031461784481434746,29,35,44,0.35873015873015873,0.31746031746031744,0.23492063492063492,1
51,56,172,5462.5,4183.0,4128.75,223,0.10984536186128818,0.08411590822256632,0.08302499547547709,2.100153787004998,1.3338647959183674,0.13956023526230396,30,24,34,0.4798206278026906,0.2914798206278027,0.15246636771300448,0
49,57,265,6548.0,4592.5,4595.0,299,0.07324302860146978,0.051369671480184786,0.051397635373206116,2.7271970012494795,1.4135118497999384,0.06543253826984692,32,36,46,0.30434782608695654,0.4280936454849498,0.38127090301003347,0
42,52,278,6428.5,4346.0,4251.75,219,0.1340359875732366,0.09061529159108442,0.08865015324951524,3.6442743764172336,1.607248520710059,0.05501462139640805,44,40,39,0.5296803652968036,0.5251141552511416,0.4703196347031963,0
48,62,262,5367.25,5198.25,3111.0,211,0.12055546820601513,0.11675950674962378,0.06987713663215112,2.3295355902777777,1.352302289281998,0.04532078550201037,29,35,0,0.5355450236966824,0.5355450236966824,0.0,0
56,63,224,5671.5,4394.75,3955.75,259,0.08454704014549574,0.06551407999284448,0.058969752985197,1.808514030612245,1.1072688334593097,0.07883749202806123,40,31,36,0.35135135135135137,0.33204633204633205,0.4015444015444015,1
51,68,416,5878.75,4225.75,3645.75,263,0.08499110873368128,0.0610931197501771,0.052707860457719496,2.2601883890811227,0.9138732698961938,0.02106688008505917,34,26,36,0.41064638783269963,0.4524714828897338,0.3041825095057034,1
49,56,235,6839.5,5822.0,4481.5,255,0.10518262206843522,0.08953479430988082,0.0689196462898885,2.848604748021658,1.8565051020408163,0.08114984155726573,44,26,30,0.4392156862745098,0.28627450980392155,0.13333333333333333,1
48,56,189,5887.0,3902.25,5605.5,251,0.09344296122283774,0.06193949302392025,0.08897477817812416,2.5551215277777777,1.2443399234693877,0.15692449819433946,28,34,47,0.40239043824701193,0.41434262948207173,0.2589641434262948,1
48,52,193,5120.0,3286.0,5550.5,203,0.12424470382683395,0.07973986265136257,0.1346914508966488,2.2222222222222223,1.2152366863905326,0.14901071169695831,26,27,48,0.5073891625615764,0.18719211822660098,0.4827586206896552,1
53,54,408,5960.0,4604.25,4764.0,251,0.09460167298931763,0.07308217329883653,0.07561784733575658,2.121751512993948,1.5789609053497942,0.028618800461361015,28,25,41,0.3745019920318725,0.35856573705179284,0.398406374501992,1
49,69,376,5215.0,4383.25,5084.5,227,0.1012051466164684,0.08506375050942187,0.09867259213258553,2.17201166180758,0.920657424910733,0.0359643786781349,40,28,41,0.5286343612334802,0.42290748898678415,0.43612334801762115,1
51,52,277,7144.0,4868.0,3574.5,207,0.16672501108543958,0.11360825223459124,0.08342084996149268,2.746635909265667,1.8002958579881656,0.04658603657026678,41,28,28,0.2946859903381642,0.6183574879227053,0.43478260869565216,1
50,68,303,6060.0,4640.0,4806.0,327,0.056673119546615046,0.043393279652853764,0.04494571164043431,2.424,1.0034602076124568,0.05234780903832958,27,31,43,0.20489296636085627,0.18960244648318042,0.13149847094801223,0
48,69,267,6173.0,5803.0,4559.5,255,0.09493271818531335,0.08924259900038446,0.07011918492887351,2.6792534722222223,1.2188615837009031,0.0639579738809634,42,33,46,0.33725490196078434,0.29411764705882354,0.2627450980392157,1
48,69,234,6364.0,5571.75,4572.75,239,0.11141261532536195,0.09754293517270356,0.08005374555767582,2.7621527777777777,1.1702898550724639,0.08351139601139601,31,36,46,0.4560669456066946,0.4225941422594142,0.301255230125523,1
56,56,313,5815.5,4151.5,3901.5,231,0.10898408950357003,0.07780026611195442,0.07311519649181987,1.8544323979591837,1.3238201530612246,0.039823821821188335,38,25,35,0.38961038961038963,0.21645021645021645,0.3593073593073593,1
51,63,232,4356.25,3515.25,3173.0,203,0.10571113106360261,0.08530296779829649,0.07699774321143439,1.6748366013071896,0.88567649281935,0.058951397146254456,22,0,30,0.3793103448275862,0.0,0.35467980295566504,1
50,57,480,6612.0,5686.0,4475.5,239,0.11575427601057404,0.09954307522627405,0.07835121934139809,2.6448,1.750076946752847,0.019424913194444445,29,33,42,0.3179916317991632,0.3305439330543933,0.37656903765690375,1
48,57,249,8872.5,5128.25,7123.25,327,0.08297561933619504,0.04795939361632485,0.06661663346706694,3.8509114583333335,1.5784087411511234,0.11488927597941968,47,22,28,0.30275229357798167,0.12232415902140673,0.1651376146788991,1
48,57,232,8173.0,5202.0,6313.5,283,0.10204897052029617,0.06495274007666471,0.07883105045636729,3.5473090277777777,1.6011080332409973,0.1172989744351962,32,39,43,0.40636042402826855,0.30742049469964666,0.3745583038869258,1
53,56,169,5310.0,5646.5,5519.5,295,0.061016949152542375,0.06488365412237862,0.06342430336110313,1.8903524385902457,1.8005420918367347,0.19325303735863592,30,32,44,0.4406779661016949,0.36271186440677966,0.3898305084745763,1
49,63,266,10448.5,7743.0,9985.0,327,0.09771437121828504,0.07241253542069971,0.09337971925296225,4.351728446480633,1.9508692365835223,0.14111877437955792,45,51,68,0.290519877675841,0.4617737003058104,0.4923547400611621,1
51,56,235,9991.5,8435.0,10554.0,319,0.09818594549974942,0.08289030178555636,0.10371360344336239,3.8414071510957326,2.689732142857143,0.1911090991398823,50,13,68,0.29153605015673983,0.04075235109717868,0.43573667711598746,1
50,65,223,8504.75,5796.0,5563.0,279,0.10925797458922676,0.07445947508382472,0.07146619390809471,3.4019,1.3718343195266272,0.11186631542962859,43,39,39,0.5340501792114696,0.4946236559139785,0.3763440860215054,1
48,63,218,7518.5,5605.5,7787.25,327,0.07031301143749591,0.052422635580618916,0.07282636141738912,3.2632378472222223,1.4123204837490553,0.1638593131891255,33,31,48,0.18654434250764526,0.24770642201834864,0.4831804281345566,1
48,53,251,14359.0,7943.25,8518.75,399,0.0901941570718777,0.04989447302466693,0.053509400066582495,6.232204861111111,2.8277856888572446,0.13521610768083045,77,45,67,0.43609022556390975,0.21303258145363407,0.2982456140350877,1
53,77,222,10415.5,8589.5,9643.0,323,0.09983321991009211,0.0823308955324023,0.09242875902194021,3.7079031683873263,1.4487265980772475,0.19566187809431052,44,38,60,0.44272445820433437,0.3065015479876161,0.5386996904024768,1
51,77,316,11122.0,7771.5,10030.5,311,0.11499053980004342,0.0803496655328212,0.10370550345840097,4.27604767397155,1.310760667903525,0.10044964749238904,61,35,60,0.4630225080385852,0.2572347266881029,0.5401929260450161,1
49,68,629,7905.25,6708.5,5422.25,283,0.09870581478105607,0.08376306359175417,0.06770280562873802,3.292482299042066,1.4508001730103806,0.013704974964677574,44,0,41,0.27208480565371024,0.0,0.30742049469964666,1
50,62,223,10105.0,6676.0,10909.5,279,0.12981590678434243,0.08576457136984365,0.14015107719582226,4.042,1.736732570239334,0.21937903436626516,48,19,66,0.43010752688172044,0.06810035842293907,0.5017921146953405,1
48,56,258,9431.0,7338.5,10662.0,311,0.09750726315898306,0.07587287145500977,0.1102345922808904,4.093315972222222,2.3400829081632653,0.1601766720749955,44,41,66,0.4790996784565916,0.2508038585209003,0.5498392282958199,0
48,69,226,9776.0,6276.5,11218.0,263,0.14133499110873368,0.0907415171536382,0.1621824805910162,4.243055555555555,1.318315479941189,0.21963348735218105,48,32,61,0.39923954372623577,0.21673003802281368,0.623574144486692,1
53,57,244,8401.0,5925.25,6814.0,287,0.10199225436754118,0.07193543687552356,0.08272529713848657,2.990744037023852,1.8237149892274547,0.11445176027949476,42,41,56,0.37282229965156793,0.37630662020905925,0.3519163763066202,1
51,77,224,12110.0,11072.5,11342.5,327,0.11325271909397824,0.10355001917159985,0.10607505915139953,4.6559015763168015,1.867515601281835,0.22605428890306123,42,50,72,0.18960244648318042,0.27217125382262997,0.5596330275229358,1
49,68,229,7783.0,5394.0,7157.0,291,0.09190963734485894,0.06369787791830517,0.08451718803509642,3.2415660141607665,1.166522491349481,0.13647718388283978,46,38,51,0.4020618556701031,0.29553264604810997,0.5017182130584192,1
50,57,195,7914.75,7020.5,9315.5,343,0.06727426497462792,0.05967326539112105,0.07918044352268187,3.1659,2.1608187134502925,0.24498356344510192,40,24,58,0.22448979591836735,0.12244897959183673,0.33819241982507287,0
48,62,267,8533.5,7127.0,8588.5,239,0.1493933929728121,0.12477022461091368,0.15035626126993576,3.7037760416666665,1.8540582726326742,0.12047440699126093,40,44,55,0.5606694560669456,0.4686192468619247,0.6610878661087866,1
56,69,251,8257.75,9649.75,11494.25,335,0.0735820895522388,0.08598574292715527,0.10242147471597238,2.6332110969387754,2.0268325981936566,0.18244551673782955,33,44,79,0.3373134328358209,0.3164179104477612,0.34626865671641793,1
51,64,240,9285.0,6207.5,12475.5,335,0.08273557585208287,0.055312987302294496,0.1111650701715304,3.569780853517878,1.5155029296875,0.21658854166666666,48,49,73,0.41492537313432837,0.5343283582089552,0.5552238805970149,1
49,68,232,8599.0,5894.0,6369.5,343,0.07309029401014883,0.05009817338013923,0.054139856692364575,3.581424406497293,1.2746539792387543,0.11833940249702735,24,33,46,0.15451895043731778,0.18075801749271136,0.2565597667638484,0
48,56,333,9353.0,8063.5,11602.0,375,0.06651022222222222,0.057340444444444444,0.08250311111111111,4.059461805555555,2.571269132653061,0.10462714967219472,71,48,68,0.5013333333333333,0.128,0.496,1
48,69,216,7352.5,7317.5,10376.5,303,0.08008474114738207,0.07970351490594604,0.11302268840745461,3.191189236111111,1.5369670237345097,0.22240440672153636,51,44,72,0.3465346534653465,0.38613861386138615,0.2739273927392739,1
50,56,326,6598.25,4677.0,6822.25,295,0.07582016661878771,0.053743177247917266,0.07839413961505315,2.6393,1.491390306122449,0.06419370318792578,46,27,53,0.5220338983050847,0.15593220338983052,0.3050847457627119,0
56,58,553,9218.25,5076.75,9071.0,271,0.125519124194932,0.06912691820645143,0.12351411336991598,2.9394929846938775,1.5091409036860879,0.029662305556736393,57,32,65,0.2177121771217712,0.12177121771217712,0.44280442804428044,1
51,68,360,7785.5,5585.5,7154.0,239,0.13629838413193046,0.09778365224698447,0.12524290541131983,2.9932718185313343,1.2079368512110726,0.05520061728395062,51,33,57,0.6485355648535565,0.47280334728033474,0.6569037656903766,1
49,62,655,7661.25,6952.5,7212.75,243,0.12974394147233653,0.11774119798811157,0.12214855459025555,3.1908579758433984,1.80866285119667,0.016811957345143055,52,47,59,0.7078189300411523,0.48148148148148145,0.5185185185185185,0
48,68,372,9024.0,6745.0,8438.0,339,0.07852350745294594,0.05869249310395837,0.073424352381201,3.9166666666666665,1.4586937716262975,0.06097525725517401,45,31,61,0.44837758112094395,0.1592920353982301,0.4808259587020649,0
49,57,319,9979.75,6227.25,10717.5,335,0.08892626420138115,0.05548897304522165,0.0955001113833816,4.156497292794669,1.9166666666666667,0.1053203093523059,57,53,67,0.4298507462686567,0.5014925373134328,0.5522388059701493,0
50,55,244,9575.5,5991.5,11773.0,323,0.09178176729384926,0.05742890279787979,0.11284494244169886,3.8302,1.9806611570247934,0.19774590163934427,52,37,72,0.4891640866873065,0.26625386996904027,0.5572755417956656,0
62,58,281,6670.75,5490.75,7157.0,287,0.08098617198217777,0.0666603940802972,0.08688948512182981,1.7353668054110303,1.6322086801426874,0.09063968288142248,45,43,60,0.5156794425087108,0.5400696864111498,0.4843205574912892,0
49,69,204,9709.0,7650.25,8190.5,267,0.13619211940131015,0.10731318997320764,0.11489149798706673,4.043731778425656,1.6068578029825666,0.196811322568243,46,38,60,0.5355805243445693,0.5430711610486891,0.5543071161048689,1
48,62,347,7435.5,6857.0,7128.5,271,0.10124453643060416,0.09336746503996406,0.09706431012649609,3.2272135416666665,1.7838189386056191,0.059202385203763835,35,37,61,0.4907749077490775,0.3284132841328413,0.4059040590405904,1
49,56,395,11706.0,7457.0,9409.0,319,0.11503424691188176,0.07327954717426126,0.0924617486070302,4.8754685547688466,2.3778698979591835,0.060304438391283445,49,34,62,0.3981191222570533,0.26959247648902823,0.46394984326018807,1
48,69,255,6800.75,6704.5,7139.0,299,0.07607017818592633,0.07499356830460509,0.07985369291171239,2.9517144097222223,1.4082125603864735,0.10978854286812764,44,44,54,0.5183946488294314,0.42474916387959866,0.26421404682274247,1
62,69,197,10016.5,8829.5,9777.0,303,0.10910150420982692,0.09617248853598231,0.10649282750057185,2.6057492195629552,1.8545473639991599,0.25192609961606843,52,34,78,0.5247524752475248,0.30033003300330036,0.45544554455445546,1
49,56,401,8484.5,6629.5,7818.0,291,0.10019366800108644,0.07828792763429814,0.09232295320083608,3.5337359433569344,2.1139987244897958,0.04861910062748366,36,39,49,0.3127147766323024,0.281786941580756,0.5429553264604811,1
49,53,371,8671.5,5292.75,6996.0,223,0.17437511311307285,0.10643186068491223,0.1406824991453679,3.611620158267389,1.8842114631541473,0.050827878321139774,37,35,48,0.5022421524663677,0.5381165919282511,0.43946188340807174,1
48,68,251,6501.75,6015.5,5137.0,279,0.08352603383820865,0.07727932580516694,0.06599349956963554,2.8219401041666665,1.3009299307958477,0.08153838827955112,35,36,42,0.34767025089605735,0.27598566308243727,0.3870967741935484,0
48,55,312,7434.5,5765.0,5579.5,303,0.08097789977017504,0.06279340805367666,0.060772908974065724,3.226779513888889,1.905785123966942,0.05731734878369494,38,43,57,0.22112211221122113,0.33993399339933994,0.31683168316831684,0
42,52,237,7218.0,6207.5,4733.0,303,0.07861974316243506,0.06761319696326068,0.0515526800204773,4.091836734693878,2.295673076923077,0.08426356175114387,35,33,55,0.429042904290429,0.47854785478547857,0.3069306930693069,0
62,56,302,6219.5,5551.25,4787.25,227,0.12069902385064721,0.10773059830386772,0.09290399580818569,1.6179760665972944,1.770169005102041,0.052489474145870796,37,36,48,0.6211453744493393,0.46255506607929514,0.2775330396475771,1
49,65,244,6175.5,4245.75,4138.75,243,0.10458263476096123,0.07190214906264289,0.07009009466714085,2.5720533111203667,1.0049112426035502,0.06951676296694437,28,19,44,0.48559670781893005,0.1646090534979424,0.43209876543209874,1
48,56,279,7512.25,5016.25,3499.0,263,0.10860717951683557,0.07252164987205251,0.05058624528329165,3.260525173611111,1.5995695153061225,0.04495060443725029,40,33,14,0.49429657794676807,0.38022813688212925,0.11026615969581749,1
48,70,266,6535.0,4411.5,4021.0,251,0.10372851224583737,0.07002269805241186,0.06382438373994063,2.8363715277777777,0.9003061224489796,0.05682910283226864,11,23,49,0.043824701195219126,0.09163346613545817,0.4820717131474104,1
48,56,367,6160.0,4784.5,3543.0,271,0.08387685352868289,0.06514753339415313,0.04824280715131875,2.673611111111111,1.5256696428571428,0.026305043470513552,34,31,40,0.5424354243542435,0.3985239852398524,0.25461254612546125,1
51,69,288,5302.0,4385.5,4552.5,247,0.08690521070661705,0.07188283695848154,0.0746201380124244,2.0384467512495195,0.9211300147027935,0.05488642939814815,37,31,47,0.41295546558704455,0.3724696356275304,0.3562753036437247,1
60,71,222,6977.0,6072.0,6219.0,295,0.08017236426314278,0.06977305372019535,0.07146222349899455,1.9380555555555556,1.204522912120611,0.12618699780861942,37,34,54,0.376271186440678,0.2542372881355932,0.2440677966101695,1
48,69,232,7867.75,6038.75,5492.75,255,0.12099577085736256,0.09286812764321414,0.0844713571703191,3.414822048611111,1.2683784919134635,0.10205020065398335,25,29,50,0.25098039215686274,0.23529411764705882,0.24705882352941178,1
48,68,289,7931.0,5803.0,5625.5,235,0.14361249434133092,0.10507922136713445,0.10186509732910819,3.4422743055555554,1.2549740484429066,0.06735431807569355,36,8,51,0.5148936170212766,0.03404255319148936,0.251063829787234,1
49,62,182,6347.0,5339.75,4954.0,287,0.07705568842647112,0.06482718012844638,0.060143986208403645,2.643481882548938,1.3891129032258065,0.1495592319768144,28,31,46,0.397212543554007,0.47735191637630664,0.1602787456445993,1
48,69,565,5629.25,3160.75,3296.5,211,0.1264403315289414,0.07099458682419532,0.07404370971002448,2.4432508680555554,0.6638836378911993,0.010326572166966873,28,26,0,0.5497630331753555,0.3744075829383886,0.0,1
62,69,296,6076.5,4639.5,4880.25,219,0.12669669106148745,0.09673484706323889,0.10175455057234002,1.5807752341311134,0.9744801512287334,0.05570044284149014,33,24,55,0.5525114155251142,0.2146118721461187,0.4337899543378995,0
49,57,352,7003.0,3661.0,3594.5,267,0.09823394913661294,0.051354346392851635,0.05042152365722622,2.916701374427322,1.126808248691905,0.029010362861570247,32,28,40,0.42696629213483145,0.4606741573033708,0.23595505617977527,1
48,69,329,8022.0,4078.0,5212.0,279,0.10305623000732261,0.05238884392543775,0.06695700209401215,3.4817708333333335,0.856542743121193,0.04815180938830942,31,27,47,0.45161290322580644,0.0967741935483871,0.3154121863799283,1
49,69,251,8223.0,5281.5,4486.5,295,0.09449008905486929,0.0606894570525711,0.051554151106004024,3.424822990420658,1.1093257718966603,0.07121315534674053,38,31,46,0.4576271186440678,0.26440677966101694,0.2542372881355932,1
48,56,362,8493.0,6355.75,5288.0,231,0.1591611851352111,0.1191085249526808,0.0990985926050861,3.6861979166666665,2.0267059948979593,0.04035285858185037,29,45,51,0.2857142857142857,0.3333333333333333,0.35064935064935066,1
51,57,582,7801.5,3824.5,4436.0,243,0.13211908753746887,0.06476824332334163,0.07512404951819675,2.9994232987312572,1.1771314250538627,0.013096208122247021,33,24,40,0.5102880658436214,0.18518518518518517,0.2839506172839506,1
56,69,305,9406.5,5471.5,5631.0,287,0.11419951680850805,0.06642668965266059,0.06836309776736393,2.9995216836734695,1.149233354337324,0.06053211502284332,30,27,30,0.21951219512195122,0.2578397212543554,0.1916376306620209,1
50,63,363,10954.0,6692.5,6468.5,303,0.11931292139114902,0.07289590345173132,0.07045605550654076,4.3816,1.6861929957168051,0.04908969484476622,56,50,49,0.49174917491749176,0.5742574257425742,0.1617161716171617,1
48,55,299,15574.75,8241.0,10494.5,319,0.1530522498796199,0.08098387397922584,0.10312890006977132,6.759874131944445,2.724297520661157,0.11738683012494268,64,64,62,0.64576802507837,0.48589341692789967,0.19435736677115986,0
42,56,332,10758.5,6966.25,6468.75,311,0.11123230735827794,0.07202417262021692,0.06688051198808945,6.098922902494331,2.221380739795918,0.058687309478879374,68,66,66,0.4340836012861736,0.3890675241157556,0.36977491961414793,0
48,56,316,8552.0,4613.0,4355.0,255,0.131518646674356,0.07094194540561323,0.06697424067666283,3.7118055555555554,1.4709821428571428,0.04361280243550713,39,33,50,0.5137254901960784,0.25882352941176473,0.19607843137254902,1
62,69,338,6634.0,4184.0,4029.0,287,0.08054000898396241,0.05079580910293921,0.04891403319209897,1.7258064516129032,0.8788069733249317,0.03526662231714576,26,24,47,0.24041811846689895,0.14982578397212543,0.2682926829268293,1
50,55,441,7992.5,3932.0,4405.0,267,0.1121140708945279,0.055155774383144666,0.061790739104209624,3.197,1.2998347107438017,0.022650027509114,41,32,45,0.5543071161048689,0.20973782771535582,0.16853932584269662,1
48,58,445,7204.0,3961.5,3439.0,295,0.08278081011203677,0.0455214018960069,0.03951738006320023,3.126736111111111,1.177615933412604,0.0173664941295291,36,21,34,0.25084745762711863,0.0711864406779661,0.1152542372881356,0
48,56,222,7251.0,3885.5,5954.0,383,0.049431109353802946,0.026488012052710154,0.04058927390601886,3.1471354166666665,1.238998724489796,0.12080999918837756,40,27,57,0.2898172323759791,0.2454308093994778,0.2193211488250653,0
49,68,344,6569.5,4155.5,4003.0,243,0.11125505935748277,0.07037375738793206,0.06779115649714644,2.7361516034985423,0.8986807958477508,0.033827406706327744,32,32,48,0.31275720164609055,0.35802469135802467,0.27983539094650206,0
51,57,230,6437.5,3853.0,4617.5,287,0.07815440274860688,0.04677730699656424,0.05605871140841821,2.4750096116878124,1.1859033548784241,0.08728733459357278,34,28,51,0.41114982578397213,0.3310104529616725,0.2229965156794425,0
56,68,559,9171.0,5023.0,6402.75,235,0.16606609325486646,0.09095518334087822,0.11593933906745134,2.924426020408163,1.0862889273356402,0.020490045794784324,42,40,61,0.548936170212766,0.4340425531914894,0.3702127659574468,1
50,70,225,5596.0,4961.0,5249.0,223,0.11252991212371051,0.09976070301031591,0.10555209234048543,2.2384,1.0124489795918368,0.10368395061728396,35,20,55,0.4349775784753363,0.08968609865470852,0.5201793721973094,0
49,67,231,6178.0,3993.25,6381.25,323,0.05921651697993846,0.03827555138072827,0.06116468096119008,2.573094543940025,0.8895633771441301,0.11958640205393452,32,24,56,0.38699690402476783,0.21671826625386997,0.17647058823529413,1
42,52,363,6036.5,5013.0,5986.75,255,0.09283352556708958,0.07709342560553634,0.09206843521722415,3.4220521541950113,1.8539201183431953,0.04543367559896486,46,30,48,0.4392156862745098,0.3803921568627451,0.39215686274509803,1
48,63,409,5215.0,4606.0,4686.75,271,0.07100938168053267,0.06271701093394698,0.06381653299927834,2.263454861111111,1.1604938271604939,0.02801722849576461,37,33,43,0.5166051660516605,0.5129151291512916,0.25092250922509224,1
51,57,452,6540.0,5122.5,4818.5,283,0.08165915419096255,0.06396009439498558,0.060164317197118206,2.51441753171857,1.5766389658356417,0.023584951836478973,44,29,6,0.3286219081272085,0.31802120141342755,0.0353356890459364,1
59,68,292,6309.0,4679.5,5317.0,299,0.07056968042863056,0.0523428149573271,0.059473607677766466,1.8124102269462798,1.0120025951557095,0.06235926064927754,30,32,53,0.28762541806020064,0.10702341137123746,0.17725752508361203,0
48,69,226,4684.5,4677.0,5000.0,239,0.08201011887046795,0.08187881864813291,0.08753348155669544,2.033203125,0.982356647763075,0.09789333542172449,29,23,43,0.40585774058577406,0.37656903765690375,0.20920502092050208,0
42,62,290,5438.0,5599.5,6134.0,347,0.04516273700470895,0.046503998870516323,0.050943035819581595,3.082766439909297,1.4566857440166494,0.07293697978596908,46,31,58,0.26512968299711814,0.33429394812680113,0.2334293948126801,1
50,63,217,7744.25,4994.5,6342.0,287,0.09401898772596487,0.060635676043171584,0.07699498597773434,3.0977,1.2583774250440918,0.13468113572171844,31,30,59,0.1916376306620209,0.1951219512195122,0.2578397212543554,1
51,69,460,5452.5,4518.0,4215.5,311,0.05637348662648236,0.04671167585115952,0.04358412340649911,2.0963091118800463,0.9489603024574669,0.01992202268431002,23,26,27,0.09646302250803858,0.15755627009646303,0.13504823151125403,0
56,56,242,11105.0,6731.0,10363.5,287,0.1348201386443929,0.08171763648945599,0.12581796549672813,3.5411352040816326,2.1463647959183674,0.17696024861689774,61,56,63,0.28222996515679444,0.2613240418118467,0.6411149825783972,1
48,57,480,4671.75,4199.0,5095.5,231,0.08754989599145444,0.07869042933977999,0.0954910889975825,2.0276692708333335,1.2923976608187135,0.022115885416666668,34,26,0,0.48484848484848486,0.2987012987012987,0.0,1
50,58,302,4415.0,3655.5,4701.0,215,0.0955110870740941,0.07908058409951325,0.10169821525148728,1.766,1.0866527942925088,0.05154379193895005,21,19,47,0.20465116279069767,0.08837209302325581,0.44651162790697674,1
48,69,578,6048.5,5304.5,4595.0,255,0.09301806997308727,0.0815763168012303,0.07066512879661668,2.625217013888889,1.1141566897710564,0.01375402593359754,28,39,42,0.48627450980392156,0.396078431372549,0.16862745098039217,1
48,57,484,6265.0,5237.5,5257.0,231,0.11740784468057196,0.09815220854181893,0.09851764397218943,2.7191840277777777,1.6120344721452755,0.022441260842838606,27,37,47,0.3722943722943723,0.27705627705627706,0.354978354978355,1
51,69,291,5824.5,4442.0,4930.0,255,0.08957324106113033,0.0683121876201461,0.07581699346405228,2.239331026528258,0.9329972694812014,0.05821849057049397,31,27,44,0.4627450980392157,0.3843137254901961,0.3176470588235294,1
56,57,415,6456.5,4212.25,5192.75,263,0.09334383900302158,0.060897945611473346,0.07507337101880901,2.0588329081632653,1.296475838719606,0.03015096530701118,38,25,42,0.22053231939163498,0.1634980988593156,0.1596958174904943,1
48,52,237,6522.25,5306.75,3437.75,259,0.09722946885109048,0.07910958393583876,0.05124774526318928,2.830837673611111,1.962555473372781,0.061203688867524794,41,41,35,0.5868725868725869,0.35135135135135137,0.25096525096525096,0
50,69,272,5038.0,3970.5,4613.5,179,0.15723604132205612,0.1239193533285478,0.14398739115508255,2.0152,0.8339634530560807,0.06235807742214533,44,30,48,0.4245810055865922,0.17318435754189945,0.6256983240223464,1
49,62,343,6354.5,4682.0,4982.0,255,0.09772395232602846,0.07200307574009997,0.0766166858900423,2.6466055810079134,1.2180020811654526,0.04234630128602878,52,39,48,0.6352941176470588,0.3215686274509804,0.32941176470588235,1
51,69,283,6041.0,4392.0,4692.5,263,0.08733681273402825,0.06349665312495482,0.06784108487906432,2.322568242983468,0.9224952741020794,0.05859106743747581,36,31,49,0.3840304182509506,0.21673003802281368,0.3916349809885932,0
42,52,298,4064.5,3472.5,3596.75,255,0.06250672818146867,0.05340253748558247,0.055313341022683586,2.304138321995465,1.2842085798816567,0.040502117021755775,26,26,40,0.1843137254901961,0.36470588235294116,0.2,0
48,58,389,5872.5,4409.5,3434.0,239,0.1028080740883388,0.0771957773848497,0.060117995133138424,2.548828125,1.3107907253269917,0.022693479424534597,34,25,36,0.3263598326359833,0.28451882845188287,0.2510460251046025,0
50,56,165,5031.5,4140.5,3145.0,231,0.09429171117482806,0.0775941230486685,0.0589381758212927,2.0126,1.3203125,0.1155188246097337,35,35,40,0.33766233766233766,0.5454545454545454,0.2683982683982684,1
48,52,291,5527.5,4605.5,4423.5,239,0.09676826386092681,0.08062708986187217,0.07744087113320845,2.3990885416666665,1.7032174556213018,0.05223721968328197,31,30,46,0.26359832635983266,0.13807531380753138,0.27615062761506276,0
51,63,240,5270.5,5537.0,4711.25,223,0.10598443564117517,0.11134348167065496,0.09473848257555953,2.026336024605921,1.3950617283950617,0.08179253472222223,33,34,51,0.6233183856502242,0.5426008968609866,0.35874439461883406,0
49,64,231,7263.75,5242.25,3991.0,283,0.0906959757270037,0.06545530597210603,0.049832061831212776,3.025301957517701,1.27984619140625,0.07479245141582803,36,25,50,0.4204946996466431,0.303886925795053,0.2756183745583039,0
56,55,272,7642.5,5121.25,4762.25,275,0.10105785123966943,0.06771900826446281,0.06297190082644628,2.4370216836734695,1.6929752066115702,0.06436864727508651,47,29,43,0.4509090909090909,0.10545454545454545,0.33454545454545453,0
48,55,216,6478.5,4796.0,5013.0,263,0.09366190056239067,0.06933741994245977,0.07247466350532752,2.8118489583333335,1.5854545454545454,0.10744598765432099,43,30,52,0.43346007604562736,0.3269961977186312,0.33840304182509506,0
48,56,307,5146.5,3896.75,4797.5,231,0.09644684320008995,0.07302618016903731,0.08990648601038212,2.2337239583333335,1.2425860969387754,0.050902396842406814,25,27,50,0.11688311688311688,0.4069264069264069,0.47619047619047616,0
50,52,275,6310.0,3456.75,3192.75,227,0.12245531642376138,0.06708358400124202,0.061960255390168646,2.524,1.278383875739645,0.04221818181818182,32,29,37,0.4801762114537445,0.4845814977973568,0.32158590308370044,0
51,64,342,5608.0,3586.0,3821.5,191,0.15372385625394042,0.0982977440311395,0.10475315917875058,2.156093810073049,0.87548828125,0.0326724462227694,31,31,43,0.2879581151832461,0.42408376963350786,0.38219895287958117,0
49,56,219,5370.5,3510.5,4240.0,247,0.08802799586946189,0.05754069071776295,0.06949794292645348,2.2367763431903374,1.1194196428571428,0.08840516252788724,31,26,54,0.5303643724696356,0.44534412955465585,0.41295546558704455,0
56,52,176,5452.0,4752.0,4725.0,239,0.09544650828942071,0.08319182087148334,0.08271914007107718,1.7385204081632653,1.757396449704142,0.15253744834710745,37,22,48,0.5523012552301255,0.09205020920502092,0.2719665271966527,0
48,69,190,5992.5,4631.0,4081.5,219,0.1249452680302746,0.09655761973269948,0.08510039407018202,2.6009114583333335,0.9726948120142828,0.11306094182825485,38,28,44,0.3607305936073059,0.4383561643835616,0.4520547945205479,1
48,68,306,5527.25,4245.5,2943.25,203,0.13412725375524764,0.10302361134703585,0.07142250479264238,2.3989800347222223,0.9181444636678201,0.03143288905976334,36,30,43,0.6206896551724138,0.49261083743842365,0.37438423645320196,1
51,51,198,4258.5,3736.5,4022.0,207,0.09938388293775817,0.08720156829797661,0.09386450092184181,1.6372549019607843,1.436562860438293,0.10259157228854199,33,28,46,0.2995169082125604,0.34299516908212563,0.30434782608695654,1
50,66,392,5457.5,3819.5,4600.5,231,0.10227506980753734,0.07157849365641573,0.08621465114971609,2.183,0.8768365472910927,0.029938697417742608,36,28,50,0.36796536796536794,0.329004329004329,0.47619047619047616,0
48,54,357,5431.25,4013.75,3008.0,231,0.10178313749742321,0.07521879275126028,0.05637075766945897,2.3573133680555554,1.376457475994513,0.023601597501745796,24,26,37,0.22510822510822512,0.22510822510822512,0.4069264069264069,0
53,63,213,5459.0,3529.5,4656.5,235,0.09885015844273427,0.06391127206880942,0.08431869624264374,1.9433962264150944,0.8892668178382465,0.10263616125548282,38,37,56,0.225531914893617,0.33191489361702126,0.4297872340425532,1
49,69,285,5972.5,5501.5,3095.75,247,0.09789539248307627,0.09017522004950089,0.05074251339966235,2.4875052061640983,1.1555345515647972,0.03811326562019083,37,45,20,0.4331983805668016,0.4331983805668016,0.13765182186234817,0
48,68,188,5322.75,4667.5,4362.25,235,0.09638297872340426,0.08451788139429606,0.07899049343594386,2.3102213541666665,1.0094074394463668,0.12342264599366229,39,27,47,0.49361702127659574,0.3829787234042553,0.48936170212765956,0
51,60,435,6098.75,4658.0,2937.25,255,0.09379084967320261,0.07163398692810458,0.04517108804306036,2.3447712418300655,1.2938888888888889,0.015522526093275202,40,32,37,0.3137254901960784,0.5215686274509804,0.33725490196078434,0
49,67,278,5400.5,4516.5,4288.0,215,0.11683071930773391,0.09770686857760952,0.09276365603028665,2.249271137026239,1.0061260859879706,0.055483670617462864,28,32,50,0.24651162790697675,0.641860465116279,0.413953488372093,0
56,56,168,6689.0,5250.0,4831.5,235,0.12112267994567677,0.09506564056133997,0.08748755092802173,2.13297193877551,1.6741071428571428,0.17118409863945577,37,29,44,0.502127659574468,0.13191489361702127,0.3404255319148936,1
48,55,240,5969.0,5279.0,4556.5,227,0.11583768363445826,0.10244716567369831,0.08842593491043878,2.5907118055555554,1.7451239669421488,0.07910590277777778,31,30,46,0.5330396475770925,0.23788546255506607,0.3832599118942731,0
49,70,278,7151.25,8167.75,6772.0,267,0.10031351260362749,0.11457237441961593,0.09499361752865099,2.9784464806330697,1.666887755102041,0.087624864137467,49,45,52,0.3895131086142322,0.36329588014981273,0.5093632958801498,1
56,70,576,7303.0,6212.5,5907.5,335,0.06507462686567164,0.055357540654934284,0.05263978614390733,2.3287627551020407,1.2678571428571428,0.01780568817515432,33,33,44,0.31044776119402984,0.2716417910447761,0.21194029850746268,0
54,59,240,5939.5,5285.5,4674.5,271,0.08087444343078116,0.07196933592952166,0.0636497324382838,2.0368655692729765,1.518385521401896,0.08115451388888889,33,46,55,0.4870848708487085,0.5166051660516605,0.2029520295202952,0
46,65,492,6486.75,4159.25,4043.0,291,0.07660218939313423,0.04911668497065457,0.047743885877587655,3.0655718336483933,0.9844378698224852,0.016702194460969,35,34,43,0.27491408934707906,0.4020618556701031,0.19931271477663232,0
62,72,233,6169.5,3932.0,5166.0,239,0.1080075628928065,0.0688363298961853,0.09043959314437773,1.6049687825182102,0.7584876543209876,0.09515739836799351,32,25,55,0.3389121338912134,0.27615062761506276,0.301255230125523,0
50,59,258,6327.5,4615.0,5097.0,211,0.14212394151074773,0.10365894746299499,0.11448529907234788,2.531,1.325768457339845,0.07657292230034253,35,28,51,0.4075829383886256,0.3886255924170616,0.4265402843601896,0
55,68,530,5431.0,4774.0,4541.5,271,0.073950518102967,0.06500456148472925,0.0618387549189145,1.7953719008264464,1.032439446366782,0.01616767532929868,35,27,49,0.41697416974169743,0.4059040590405904,0.28413284132841327,0
49,77,314,6442.0,5279.5,4783.0,319,0.06330519550711962,0.05188136909031947,0.04700228967875709,2.68304872969596,0.8904537021420138,0.04851109578481886,37,31,54,0.11598746081504702,0.36990595611285265,0.25705329153605017,0
49,57,302,7384.5,4982.75,7125.5,211,0.1658655465959884,0.11191909435996496,0.1600480672042407,3.075593502707205,1.5336257309941521,0.07812705583088461,35,30,55,0.5213270142180095,0.5402843601895735,0.3791469194312796,1
54,57,258,5918.25,3636.25,5816.25,251,0.09393898509547467,0.0577173378200346,0.09231996317518769,2.0295781893004117,1.1191905201600492,0.08737831260140616,45,30,55,0.2749003984063745,0.35856573705179284,0.3944223107569721,1
68,70,271,5448.75,3449.5,5301.75,259,0.08122642775152428,0.05142290663526185,0.07903504718176532,1.1783628892733564,0.7039795918367346,0.07219060197982054,33,31,55,0.3166023166023166,0.1969111969111969,0.33976833976833976,0
38,56,489,5123.0,3485.75,4241.5,239,0.08968680520299015,0.061023966667250226,0.07425465240454474,3.5477839335180055,1.1115274234693877,0.01773788165823997,38,26,45,0.1589958158995816,0.3598326359832636,0.39748953974895396,0
68,59,281,6119.5,4930.5,4077.0,231,0.11468113416165364,0.0923989430482937,0.07640411536515433,1.3234212802768166,1.416403332375754,0.05163308468737731,36,29,49,0.2943722943722944,0.2943722943722944,0.23809523809523808,0
44,71,254,5802.0,4792.0,3875.0,227,0.11259679015699897,0.09299617691008946,0.07520037260571717,2.996900826446281,0.950605038682801,0.06006262012524025,33,32,49,0.2555066079295154,0.2422907488986784,0.4185022026431718,0
53,70,561,4915.75,4228.0,4150.5,251,0.07802653926128157,0.06711004587228774,0.06587990666814812,1.75,0.8628571428571429,0.013187871162076887,33,31,52,0.42231075697211157,0.41832669322709165,0.35856573705179284,0
58,63,410,5520.0,4805.5,4230.5,247,0.09047845399859038,0.07876706715402645,0.06934222819583996,1.6409036860879904,1.210758377425044,0.02516656751933373,28,37,51,0.340080971659919,0.3441295546558704,0.31983805668016196,0
49,73,402,6566.0,4411.75,5111.5,291,0.07753805458131104,0.05209846364591821,0.06036182850934684,2.7346938775510203,0.827875774066429,0.031629786391425954,0,38,54,0.0,0.3848797250859107,0.30927835051546393,0
50,69,358,5739.5,4284.5,4071.0,255,0.08826605151864668,0.06589004229142638,0.06260668973471742,2.2958,0.899915984036967,0.031763989887956055,30,30,46,0.29411764705882354,0.4,0.25882352941176473,0
51,58,204,4589.5,3086.5,3545.5,227,0.08906635098682296,0.0598983096896893,0.06880591511576006,1.7645136485966937,0.9175089179548157,0.08519559784698193,31,27,37,0.3303964757709251,0.3964757709251101,0.2775330396475771,0
49,65,303,6566.5,4151.5,4277.0,283,0.0819900360848556,0.051836082358376306,0.053403089063416946,2.734902124114952,0.982603550295858,0.04658584670348223,39,31,48,0.3462897526501767,0.3568904593639576,0.3003533568904594,0
48,54,513,4968.0,3767.0,4613.75,219,0.10358416213173204,0.07854298284022435,0.09619795250307542,2.15625,1.291838134430727,0.017531510170270815,37,28,50,0.6073059360730594,0.4337899543378995,0.3607305936073059,0
53,58,186,6501.25,5218.25,6064.0,263,0.09399080512946552,0.07544203328080498,0.08766933163700502,2.314435742257031,1.551203923900119,0.1752803792345936,36,23,51,0.45627376425855515,0.09505703422053231,0.43346007604562736,0
48,65,283,5345.75,3616.25,3635.25,239,0.09358642180634093,0.06330859053587998,0.06364121776579541,2.3202039930555554,0.8559171597633136,0.0453901284820637,33,34,43,0.26778242677824265,0.14644351464435146,0.28451882845188287,0
51,57,239,5317.5,3415.5,4959.5,239,0.0930918576355456,0.05979412125137865,0.08682446035608621,2.044405997693195,1.051246537396122,0.08682446035608621,29,33,50,0.13807531380753138,0.3263598326359833,0.37656903765690375,0
38,69,233,5350.5,3990.0,4157.0,183,0.1597688793335125,0.11914359939084475,0.12413031144554929,3.705332409972299,0.8380592312539382,0.07657168118771758,24,32,50,0.36065573770491804,0.29508196721311475,0.273224043715847,1
48,54,217,6127.5,4517.5,5694.75,207,0.14300217041237837,0.10542836472263063,0.13290275152278933,2.6595052083333335,1.5492112482853224,0.12093588736222897,39,38,61,0.5700483091787439,0.3140096618357488,0.48792270531400966,0
53,56,254,6640.75,4110.5,4508.75,243,0.11246168436383343,0.06961167843655269,0.07635607715626005,2.3640975436098257,1.3107461734693877,0.06988576477152954,40,27,50,0.4156378600823045,0.1111111111111111,0.3168724279835391,1
48,55,655,7088.5,5142.5,4862.0,303,0.07720920606912177,0.05601302704527879,0.05295777102462722,3.0766059027777777,1.7,0.011332672921158441,32,32,49,0.35313531353135313,0.30363036303630364,0.29372937293729373,1
48,53,267,6562.0,5690.5,3877.5,223,0.13195519716865411,0.11443021174767239,0.07797261155462608,2.8480902777777777,2.025809896760413,0.05439128056221858,35,31,36,0.484304932735426,0.6143497757847534,0.23766816143497757,1
51,66,231,6436.5,7030.75,5630.75,303,0.07010750580008496,0.07658018277075232,0.06133113311331133,2.474625144175317,1.6140381083562902,0.10552182305429059,33,0,52,0.19801980198019803,0.0,0.3069306930693069,1
50,55,241,6577.75,4003.75,3420.75,213,0.1449833586810377,0.08824858383477704,0.07539839978840177,2.6311,1.3235537190082645,0.05889619669082832,33,24,41,0.6103286384976526,0.28169014084507044,0.3145539906103286,0
48,68,262,6101.0,4702.5,4955.25,263,0.08820425335048938,0.06798565831514118,0.0716397519119837,2.6480034722222223,1.0169766435986158,0.07218766388905075,41,37,55,0.5437262357414449,0.2965779467680608,0.33840304182509506,0
53,56,168,6481.5,6374.0,5639.5,271,0.08825451723151918,0.08679075720646505,0.0767895317329557,2.3074047703809186,2.032525510204082,0.19981221655328799,34,39,53,0.23985239852398524,0.2878228782287823,0.33210332103321033,0
49,49,341,9501.75,5429.25,4241.25,267,0.13328493877035727,0.07615831334427471,0.05949375078904179,3.9574135776759682,2.2612453144523115,0.036474144529200815,42,38,43,0.40074906367041196,0.27715355805243447,0.37453183520599254,1
51,56,375,7630.0,4714.75,4899.0,239,0.13357609285551725,0.08253969643388596,0.08576530522925019,2.9334871203383313,1.5034279336734695,0.03483733333333333,44,0,47,0.606694560669456,0.0,0.39748953974895396,1
49,58,371,6078.5,6519.5,3731.0,255,0.09347943098808151,0.10026143790849673,0.057377931564782776,2.531653477717618,1.9380202140309155,0.02710674871586228,31,41,44,0.2235294117647059,0.4627450980392157,0.3176470588235294,0
43,69,245,7640.25,5789.5,5364.5,259,0.11389588706191023,0.08630610754162878,0.07997048344538692,4.13209843158464,1.2160260449485403,0.08937109537692628,38,45,54,0.5096525096525096,0.47876447876447875,0.277992277992278,1
48,57,273,6634.0,5377.5,5099.0,323,0.06358730554304172,0.0515436743379118,0.04887423439312176,2.8793402777777777,1.6551246537396123,0.0684163211635739,27,32,57,0.29721362229102166,0.23219814241486067,0.29411764705882354,1
53,56,386,6803.0,5078.75,4012.5,223,0.13680146393452514,0.1021285366687446,0.08068732530314303,2.4218583125667497,1.6194993622448979,0.02693025316115869,29,32,51,0.547085201793722,0.34977578475336324,0.42152466367713004,0
51,69,228,7259.0,5475.0,4983.5,255,0.11163398692810457,0.08419838523644751,0.076639753940792,2.7908496732026142,1.1499684940138626,0.09586603570329331,33,28,56,0.2784313725490196,0.3803921568627451,0.22745098039215686,0
49,57,413,7749.5,5409.5,4796.5,271,0.1055200773409948,0.07365776609795618,0.06531092986206614,3.227613494377343,1.664973838104032,0.028120584631439478,45,31,56,0.45018450184501846,0.28044280442804426,0.34317343173431736,0
50,55,382,6845.75,5264.75,4410.0,271,0.0932142808512956,0.0716867962037554,0.06004820195803434,2.7383,1.7404132231404958,0.030221211041363997,39,31,49,0.35793357933579334,0.3874538745387454,0.33579335793357934,0
48,69,311,6274.75,6016.75,5868.75,247,0.10284957957022735,0.09862069530724975,0.09619482371453392,2.723415798611111,1.2637576139466498,0.06067710218049855,44,42,60,0.3157894736842105,0.38461538461538464,0.4048582995951417,1
53,68,565,9975.5,9192.0,4637.0,275,0.13190743801652893,0.12154710743801653,0.061315702479338846,3.5512637949448203,1.9878892733564013,0.014525804683217167,38,43,58,0.36727272727272725,0.6072727272727273,0.3236363636363636,1
48,69,395,9712.5,7323.0,6466.0,279,0.1247735769067715,0.09407638648013258,0.08306676430158913,4.215494791666667,1.538122243226213,0.04144207659029002,51,43,67,0.35842293906810035,0.24372759856630824,0.24014336917562723,1
51,63,240,6674.0,5487.5,4012.0,243,0.11302477603346374,0.0929312943487612,0.06794357228742232,2.565936178392926,1.3825900730662635,0.06965277777777777,46,40,51,0.5720164609053497,0.4403292181069959,0.34156378600823045,1
49,65,293,8730.5,6027.5,4695.0,279,0.11215811718760037,0.0774334862090672,0.06031525802597603,3.6361932528113288,1.4266272189349112,0.05468904704772333,48,34,54,0.46953405017921146,0.2903225806451613,0.24731182795698925,0
49,58,314,7762.0,5885.75,5051.0,265,0.11053043787824848,0.083812744749021,0.07192595229619081,3.232819658475635,1.749628418549346,0.05122925879346018,33,34,55,0.24150943396226415,0.4377358490566038,0.37358490566037733,0
43,56,341,8861.5,5501.25,3915.5,247,0.14524906161386025,0.09017112229343212,0.06417905554918127,4.792590589507842,1.7542251275510203,0.033672741032498864,45,27,47,0.39271255060728744,0.12550607287449392,0.340080971659919,0
53,57,350,7703.5,5533.25,4862.5,283,0.09618674224924771,0.06908876375032776,0.060713706002072695,2.742435030259879,1.7030624807633117,0.039693877551020405,38,33,54,0.47703180212014135,0.303886925795053,0.19081272084805653,0
51,68,324,7456.25,5710.0,5969.25,271,0.10152707615637042,0.07774948598194469,0.0812795305074822,2.8666858900422914,1.2348615916955017,0.05686299725651577,45,43,61,0.3800738007380074,0.28044280442804426,0.4907749077490775,0
43,56,746,7295.0,4966.0,4182.5,227,0.14157076597644044,0.09637291622193328,0.0811678860447515,3.9453758788534343,1.583545918367347,0.007515507191167909,32,44,50,0.2511013215859031,0.5110132158590308,0.34801762114537443,0
48,56,294,6876.0,6223.0,5845.5,235,0.12450882752376641,0.11268447261204165,0.10584880036215483,2.984375,1.984375,0.067628071636818,28,51,56,0.23829787234042554,0.44680851063829785,0.46808510638297873,0
50,69,359,8024.0,5168.25,4763.25,251,0.1273630577292424,0.08203441215218805,0.0756059427628133,3.2096,1.085538752362949,0.03695851211582778,33,37,56,0.2948207171314741,0.2549800796812749,0.3426294820717131,0
49,52,473,9375.0,6401.5,4303.0,291,0.11070960427959047,0.0755954700582185,0.05081423223627496,3.9046230737192835,2.3674186390532546,0.019233090033031034,43,46,48,0.5498281786941581,0.5395189003436426,0.3402061855670103,0
63,55,385,10928.0,5684.0,6915.5,235,0.19788139429606158,0.10292440018107742,0.12522408329560888,2.753338372385991,1.8790082644628099,0.046655422499578346,56,43,59,0.4085106382978723,0.4297872340425532,0.6085106382978723,0
51,56,371,7209.5,5377.5,4968.0,255,0.11087274125336409,0.08269896193771627,0.07640138408304498,2.771818531334102,1.714764030612245,0.03609389644074077,33,31,55,0.4745098039215686,0.35294117647058826,0.4588235294117647,1
48,52,515,4967.5,4163.0,5305.0,271,0.06763932952982667,0.056684957993491374,0.0722348551898803,2.156032986111111,1.5395710059171597,0.020001885191818267,31,33,54,0.3247232472324723,0.2730627306273063,0.4022140221402214,1
38,56,312,5975.5,5106.25,3704.25,255,0.0918954248366013,0.07852748942714341,0.056966551326412915,4.1381578947368425,1.628268494897959,0.038053192800788956,33,35,47,0.4823529411764706,0.2627450980392157,0.3058823529411765,1
48,58,358,5462.25,5644.0,3819.0,259,0.08142767698752255,0.08413708799809186,0.05693117276128859,2.3707682291666665,1.6777645659928657,0.029797759121126057,28,31,49,0.41312741312741313,0.38996138996138996,0.3552123552123552,1
59,57,620,6513.0,4829.5,4723.25,267,0.09136051845305727,0.06774537446169816,0.06625496219613124,1.8710140764148233,1.4864573714989227,0.012287330905306973,24,24,54,0.1797752808988764,0.27340823970037453,0.3295880149812734,1
44,56,335,6298.0,5449.5,5232.5,303,0.06859893910183097,0.05935692579158906,0.05699332309468571,3.253099173553719,1.7377232142857142,0.0466250835375362,43,33,55,0.21782178217821782,0.21122112211221122,0.30033003300330036,1
42,69,563,7135.75,4910.25,6242.75,319,0.0701226403042423,0.04825276874244554,0.06134717622664872,4.045209750566894,1.0313484562066793,0.019695143689130484,34,33,58,0.3510971786833856,0.10344827586206896,0.3605015673981191,0
49,63,647,7152.25,4801.25,4989.5,287,0.08683181779552987,0.05828952639949495,0.0605749735944348,2.978862973760933,1.2096875787351977,0.011919237283479333,30,44,55,0.3519163763066202,0.3902439024390244,0.3170731707317073,0
48,69,599,6035.75,5667.25,4658.5,291,0.0712763193632574,0.06692469385104097,0.055012340430557034,2.6196831597222223,1.1903486662465868,0.012983520112820198,39,29,53,0.30584192439862545,0.10652920962199312,0.3745704467353952,0
50,64,384,8172.5,5323.5,5639.5,251,0.12972016317201315,0.0844986587514484,0.08951445215155315,3.269,1.2996826171875,0.038245307074652776,32,29,64,0.4342629482071713,0.3187250996015936,0.3386454183266932,0
53,66,301,8692.0,6677.5,6473.5,239,0.15216820433815934,0.11690096461896675,0.11332959857145358,3.0943396226415096,1.532943067033976,0.07145064624010773,35,42,64,0.41422594142259417,0.5564853556485355,0.6192468619246861,0
43,54,240,12322.5,7809.5,9365.5,327,0.11524001907807985,0.07303444341572446,0.08758615529931076,6.664413196322337,2.6781550068587108,0.1625954861111111,62,45,61,0.4892966360856269,0.22935779816513763,0.5045871559633027,0
48,55,211,7861.5,4667.25,6189.5,255,0.12089965397923876,0.0717762399077278,0.09518646674356017,3.412109375,1.542892561983471,0.13902428067653466,41,39,61,0.6196078431372549,0.4549019607843137,0.403921568627451,0
48,60,455,8582.75,7224.25,5815.0,255,0.1319915417147251,0.11109957708573626,0.08942714340638216,3.7251519097222223,2.006736111111111,0.028088395121362155,36,39,53,0.25098039215686274,0.4823529411764706,0.37254901960784315,0
48,56,329,8001.5,6664.0,5401.0,279,0.10279287265065967,0.08561041096594339,0.06938502845544121,3.472873263888889,2.125,0.04989791299045648,46,35,57,0.4229390681003584,0.4982078853046595,0.3835125448028674,0
69,55,338,9427.0,5496.5,5054.0,263,0.13628937818965142,0.07946478913964349,0.07306741459324263,1.9800462087796682,1.8170247933884298,0.04423864710619376,51,37,56,0.43346007604562736,0.5361216730038023,0.3916349809885932,0
51,56,334,7300.0,5441.0,5484.5,311,0.07547481932568935,0.056254587938503534,0.05670433514955387,2.806612841214917,1.735012755102041,0.04916364875040338,47,38,51,0.37942122186495175,0.41479099678456594,0.3987138263665595,0
54,53,435,6754.5,5305.5,4785.0,279,0.08677303734535785,0.06815816857440167,0.061471461055227966,2.316358024691358,1.88875044499822,0.02528735632183908,43,35,61,0.41935483870967744,0.1863799283154122,0.3763440860215054,0
42,65,509,6362.0,4775.5,3355.0,247,0.10427969643823043,0.07827533642577325,0.05499188644298382,3.606575963718821,1.1302958579881657,0.01294961807311227,35,21,43,0.3643724696356275,0.15789473684210525,0.242914979757085,0
59,60,281,8442.75,5474.5,9531.0,263,0.12205973774378695,0.0791467275802744,0.13779294192485073,2.425380637747774,1.5206944444444443,0.12070515824267676,34,32,59,0.45627376425855515,0.5437262357414449,0.43346007604562736,0
58,70,333,8102.5,4940.75,7047.0,303,0.08825387489243974,0.05381553006785827,0.07675718066856191,2.4085909631391202,1.0083163265306123,0.0635500365230095,42,33,49,0.38283828382838286,0.1848184818481848,0.35973597359735976,0
58,59,328,5616.0,4242.5,4807.5,251,0.08914144219933016,0.06734020094919128,0.0763083125664672,1.6694411414982164,1.218758977305372,0.04468601279000595,32,35,48,0.32270916334661354,0.29880478087649404,0.32669322709163345,0
53,70,809,5527.75,4895.5,5281.25,267,0.07754001318576499,0.06867118349254443,0.07408225672964974,1.967871128515486,0.9990816326530613,0.008069370997782975,32,28,50,0.30337078651685395,0.3408239700374532,0.44569288389513106,1
48,57,277,4971.0,3408.25,3476.75,227,0.09646994896077937,0.06614236643443498,0.06747171495662636,2.1575520833333335,1.049015081563558,0.04531207235856065,29,35,43,0.5462555066079295,0.42290748898678415,0.4845814977973568,0
51,52,259,9594.5,5804.0,6524.5,303,0.10450500495594114,0.06321820300841965,0.07106601749283839,3.6887735486351403,2.146449704142012,0.09726301039042352,39,32,57,0.40264026402640263,0.2706270627062706,0.44884488448844884,1
57,67,384,19041.5,16480.0,16159.5,327,0.17807610657539114,0.15412095876703233,0.15112364279101087,5.860726377346876,3.6711962575183783,0.109588623046875,97,95,95,0.5596330275229358,0.290519877675841,0.290519877675841,1
51,63,191,14374.25,11524.25,12444.5,375,0.10221688888888888,0.08195022222222222,0.08849422222222222,5.526432141484045,2.9035651297556058,0.3411227762396864,89,90,89,0.536,0.488,0.39466666666666667,0
67,73,251,8478.25,5578.0,6885.0,215,0.18341265548945376,0.1206706327744727,0.14894537587885343,1.8886723100913343,1.0467254644398574,0.10928397961937113,48,41,55,0.3395348837209302,0.6,0.6093023255813953,0
50,56,250,7280.0,6482.0,6548.75,287,0.08838276536075465,0.07869465454236424,0.07950503223300028,2.912,2.0669642857142856,0.10478,34,45,54,0.3832752613240418,0.5331010452961672,0.45993031358885017,0
49,72,375,6558.0,5309.5,5311.0,251,0.10409358581609816,0.08427644005650704,0.08430024920239361,2.731361932528113,1.0242091049382716,0.03776711111111111,32,34,46,0.47410358565737054,0.22310756972111553,0.4940239043824701,0
48,57,234,6145.5,5054.0,3663.0,283,0.07673338411017742,0.06310479591454507,0.045736618012461136,2.6673177083333335,1.5555555555555556,0.06689677843523997,39,35,41,0.3392226148409894,0.21554770318021202,0.22614840989399293,0
49,62,398,9880.75,6332.25,7294.5,279,0.12693503423645636,0.08134851813311751,0.09371025552086946,4.115264473136193,1.6473074921956297,0.04604997348551804,54,36,51,0.45878136200716846,0.35125448028673834,0.2903225806451613,0
65,62,300,6706.0,6375.0,8021.5,247,0.10991820878886721,0.10449277975380682,0.13148060122277042,1.5872189349112427,1.6584287200832466,0.08912777777777778,41,38,52,0.48582995951417,0.4979757085020243,0.4048582995951417,1
51,69,302,7755.0,7007.0,6005.75,211,0.1741874620965387,0.15738640192268816,0.1348970148918488,2.9815455594002307,1.4717496324301618,0.06584963378799176,43,44,50,0.4786729857819905,0.5545023696682464,0.35071090047393366,0
48,57,287,7232.5,5902.5,6654.0,239,0.12661718107175995,0.10333327497767897,0.11648955725565029,3.1391059027777777,1.816712834718375,0.08078281877890954,39,45,59,0.45188284518828453,0.3138075313807531,0.5271966527196653,0
49,54,231,7465.0,4840.5,8705.25,243,0.1264204304899321,0.08197429253670681,0.14742417314433776,3.1091211995002084,1.6599794238683128,0.16313880924270535,36,28,59,0.41975308641975306,0.19753086419753085,0.3786008230452675,1
49,69,235,7658.25,4864.25,4553.25,255,0.11777393310265283,0.07480584390618993,0.07002306805074972,3.1896084964598086,1.021686620457887,0.08244907197827071,31,15,41,0.30196078431372547,0.07450980392156863,0.28627450980392155,1
48,49,231,7892.0,6775.0,5563.5,275,0.10435702479338843,0.08958677685950413,0.07356694214876033,3.4253472222222223,2.821740941274469,0.10426153932647439,43,37,48,0.5018181818181818,0.44727272727272727,0.3890909090909091,1
62,56,285,5886.5,5552.0,6597.0,219,0.12273513896707741,0.11576072225349764,0.13754925877275287,1.531347554630593,1.7704081632653061,0.08121883656509696,47,28,52,0.593607305936073,0.5342465753424658,0.4337899543378995,1
48,66,291,8232.75,5416.0,4731.25,263,0.119023695586173,0.0783009729792248,0.06840130694386214,3.5732421875,1.2433425160697889,0.05587144695976665,52,34,33,0.5133079847908745,0.43346007604562736,0.34600760456273766,1
50,63,369,5705.5,5093.5,4291.5,215,0.12342888047593294,0.11018929150892375,0.09283937263385614,2.2822,1.283320735701688,0.031517835503558286,32,34,42,0.25116279069767444,0.2837209302325581,0.3302325581395349,1
48,57,217,8589.5,6136.0,9719.5,283,0.10724943500355855,0.07661476607274408,0.12135873840352608,3.7280815972222223,1.8885811018775007,0.20640701650066895,48,36,56,0.5017667844522968,0.127208480565371,0.6254416961130742,0
49,69,284,7786.75,6680.0,6261.0,287,0.09453495854022752,0.08109847151234081,0.07601160630819848,3.2431278633902543,1.4030665826507036,0.0776259670700258,54,40,59,0.4181184668989547,0.27177700348432055,0.4529616724738676,1
51,57,161,7857.75,6187.0,5740.25,295,0.09029301924734272,0.07109451307095663,0.06596093076702098,3.021049596309112,1.9042782394582949,0.22145171868369276,38,38,53,0.3389830508474576,0.4745762711864407,0.2983050847457627,0
53,54,263,9559.5,6443.0,5946.0,307,0.10142813186346805,0.06836146802618595,0.06308820252734777,3.403168387326451,2.209533607681756,0.08596336509129812,46,28,39,0.5244299674267101,0.30618892508143325,0.1758957654723127,0
48,49,551,6807.0,5921.5,6524.5,255,0.10468281430219147,0.09106497500961169,0.10033833141099577,2.9544270833333335,2.4662640566430656,0.02149037717267071,43,34,58,0.37254901960784315,0.21568627450980393,0.2823529411764706,0
50,56,225,8277.5,5233.5,7170.25,327,0.07741117938071057,0.04894369160845047,0.06705617746355058,3.311,1.6688456632653061,0.14163456790123458,42,32,60,0.327217125382263,0.27522935779816515,0.3211009174311927,0
49,54,421,7820.5,5161.75,7153.5,323,0.07495998236348475,0.04947569707368037,0.06856674558368239,3.2571845064556433,1.7701474622770919,0.0403603003819658,0,40,55,0.0,0.3188854489164087,0.17647058823529413,1
48,70,218,7873.5,4895.5,6784.5,335,0.07015816440187124,0.04362218756961461,0.06045444419692582,3.4173177083333335,0.9990816326530613,0.1427594478579244,35,21,55,0.42686567164179107,0.12238805970149254,0.3253731343283582,1
62,62,412,7565.0,4299.0,5155.0,307,0.08026610361913654,0.04561321605534276,0.05469554053623911,1.9680020811654526,1.118366285119667,0.030369261947403147,33,33,55,0.2996742671009772,0.254071661237785,0.34527687296416937,1
49,55,250,7069.25,4994.5,5933.75,287,0.08582415714649928,0.060635676043171584,0.07203863103837609,2.9442940441482714,1.6510743801652892,0.09494,35,38,57,0.30662020905923343,0.5261324041811847,0.20557491289198607,0
38,52,328,8231.0,5315.5,5663.5,275,0.10883966942148761,0.07028760330578512,0.0748892561983471,5.700138504155125,1.9657914201183433,0.052642586258179656,28,30,58,0.10181818181818182,0.3890909090909091,0.3890909090909091,0
50,68,214,5563.5,5945.75,5049.0,255,0.08555940023068051,0.09143790849673203,0.07764705882352942,2.2254,1.2858455882352942,0.11024980347628614,30,42,51,0.32941176470588235,0.34509803921568627,0.3411764705882353,0
49,56,330,5902.0,5213.5,3678.5,227,0.1145374449339207,0.10117603679481457,0.07138698596906597,2.458142440649729,1.6624681122448979,0.03377869605142332,31,34,38,0.36123348017621143,0.24669603524229075,0.4185022026431718,0
51,68,337,4976.5,4235.25,6018.5,247,0.08156993230506975,0.06942008556114672,0.09864937959973119,1.9133025759323337,0.91592776816609,0.05299421497063459,23,23,61,0.20242914979757085,0.19838056680161945,0.43724696356275305,1
56,63,281,6672.5,4565.25,3903.5,239,0.11681343113741006,0.07992244533534076,0.06833738905131213,2.1277104591836733,1.1502267573696145,0.04943579741897899,35,27,39,0.5774058577405857,0.5062761506276151,0.17573221757322174,1
48,69,303,7096.5,4523.0,4619.5,243,0.12017985063252552,0.07659740215753019,0.07823163813104371,3.080078125,0.9500105019953792,0.0503164177803919,33,30,37,0.2716049382716049,0.1522633744855967,0.16049382716049382,0
48,52,293,7346.0,5081.5,4153.0,263,0.10620364614205786,0.07346499154245399,0.06004134800271798,3.1883680555555554,1.8792529585798816,0.048375636291628325,29,32,49,0.29277566539923955,0.3231939163498099,0.30798479087452474,0
50,58,289,9062.75,5120.75,5577.0,243,0.15347846703585158,0.0867203508950194,0.09444698470761571,3.6251,1.522220570749108,0.06677362579471031,34,41,58,0.3045267489711934,0.3004115226337449,0.35802469135802467,0
42,61,299,6844.0,7470.5,6323.75,255,0.10525182622068435,0.11488658208381392,0.09725105728565936,3.879818594104308,2.0076592313894115,0.0707346673974564,43,58,60,0.4627450980392157,0.32941176470588235,0.23529411764705882,0
51,56,268,7058.25,5362.25,5272.25,311,0.07297536212404752,0.05544039040125722,0.05450987893011859,2.713667820069204,1.7099011479591837,0.07340512920472266,42,35,55,0.3890675241157556,0.2540192926045016,0.3022508038585209,0
53,56,384,8391.75,7400.75,6286.75,347,0.06969371060302801,0.061463428813460785,0.05221162869885142,2.987451050195799,2.3599330357142856,0.04263475206163195,39,42,62,0.30835734870317005,0.26512968299711814,0.34870317002881845,0
48,69,513,7004.25,6490.5,5008.5,295,0.08048549267451882,0.07458201666187877,0.057552427463372594,3.0400390625,1.363264020163831,0.01903149687083205,30,34,53,0.19661016949152543,0.18983050847457628,0.2711864406779661,1
48,70,334,6537.0,5879.5,5416.5,235,0.11837030330466275,0.10646446355817112,0.0980805794477139,2.8372395833333335,1.1998979591836734,0.04855408942593854,30,32,60,0.3617021276595745,0.13617021276595745,0.5063829787234042,0
50,69,330,9970.0,6050.0,5708.25,287,0.1210406827811434,0.07344996297150627,0.06930095060034722,3.988,1.270741440873766,0.05241735537190083,58,24,58,0.34146341463414637,0.10104529616724739,0.4181184668989547,0
51,68,442,7560.5,6446.0,5519.0,351,0.061367196694832024,0.05232100388795546,0.04479671431238383,2.9067666282199154,1.394031141868512,0.02824983108453963,35,51,55,0.46438746438746437,0.4700854700854701,0.24216524216524216,0
53,69,270,6273.0,4904.5,3379.5,255,0.09647058823529411,0.0754248366013072,0.05197231833910035,2.233179067283731,1.0301407267380802,0.046358024691358024,34,29,24,0.36470588235294116,0.41568627450980394,0.23529411764705882,1
48,61,233,7185.0,5778.0,5091.5,279,0.09230354183527961,0.07422823447797433,0.06540897470484706,3.1184895833333335,1.5528083848427843,0.09378511300631803,28,38,53,0.25448028673835127,0.36200716845878134,0.25448028673835127,0
49,76,509,7783.0,5022.0,5756.5,283,0.09717938793092684,0.06270524042003271,0.07187628763001161,3.2415660141607665,0.8694598337950139,0.022218919951675346,33,32,59,0.33568904593639576,0.24381625441696114,0.4169611307420495,0
49,57,248,8291.5,7206.5,7432.0,295,0.09527721918988796,0.08280953748922723,0.08540074691180695,3.4533527696793005,2.2180670975684826,0.12083766909469303,44,43,59,0.49830508474576274,0.43728813559322033,0.3525423728813559,1
50,63,303,7344.0,7414.5,3699.0,271,0.09999863836276739,0.10095859261175638,0.05036696123418799,2.9376,1.8681027966742252,0.04029016763062445,35,49,42,0.3247232472324723,0.41697416974169743,0.31365313653136534,0
48,51,219,7809.5,7012.25,6956.5,307,0.08286029559995331,0.07440131990790354,0.0738098016955087,3.3895399305555554,2.695982314494425,0.14504493234086027,46,43,57,0.3811074918566775,0.5211726384364821,0.46905537459283386,1
56,56,263,6122.75,4320.5,5090.5,223,0.1231223229906091,0.08688089444790766,0.10236481730981922,1.952407525510204,1.3777104591836735,0.07359510763492316,28,31,53,0.33183856502242154,0.23766816143497757,0.33183856502242154,0
48,61,237,7480.25,6414.0,5311.0,203,0.18151981363294425,0.15564561139556893,0.12887961367662404,3.2466362847222223,1.7237301800591238,0.09455393544481831,36,32,60,0.4433497536945813,0.4876847290640394,0.5812807881773399,1
50,57,343,6400.0,4293.0,5283.0,255,0.09842368319876971,0.06602076124567474,0.08124567474048443,2.56,1.3213296398891967,0.04490475907147532,18,31,57,0.07058823529411765,0.24313725490196078,0.4196078431372549,1
49,52,375,20252.0,24548.0,24832.0,439,0.10508455228023932,0.12737584383642675,0.12884947670466634,8.43481882548938,9.078402366863905,0.1765831111111111,143,141,144,0.5740318906605922,0.3895216400911162,0.43735763097949887,1
51,69,501,8746.5,6157.0,7532.75,271,0.11909560055010145,0.08383600441170463,0.10256872863931592,3.3627450980392157,1.2932157109850873,0.03001083661021271,40,31,55,0.3025830258302583,0.3173431734317343,0.42435424354243545,1
48,54,378,10723.5,14202.0,14826.0,375,0.076256,0.100992,0.10542933333333333,4.654296875,4.87037037037037,0.10376249265138154,101,100,100,0.37866666666666665,0.4693333333333333,0.52,1
48,69,334,126810.5,132305.25,130794.0,639,0.31056570688257523,0.3240226439492458,0.3203215117517835,55.039279513888886,27.78938248267171,1.1724515041772743,370,356,350,0.6776212832550861,0.6244131455399061,0.6979655712050078,1
48,53,405,81871.0,94136.5,94628.0,511,0.3135366362720731,0.36050911263360663,0.3623913817732009,35.53428819444444,33.5124599501602,0.5769120560890109,298,297,294,0.7573385518590998,0.7318982387475538,0.8003913894324853,1
51,70,413,55185.25,63376.75,63025.75,567,0.17165517327186933,0.19713504972176343,0.19604325497917502,21.216935793925412,12.934030612244898,0.36950295774730463,249,240,242,0.5925925925925926,0.4691358024691358,0.5326278659611993,1
52,60,559,110015.0,100236.0,112380.5,623,0.28344957475478516,0.2582543432724687,0.289544197934192,40.686020710059175,27.843333333333334,0.3596394660795376,346,310,312,0.6789727126805778,0.6179775280898876,0.6998394863563403,1
54,64,306,129273.0,108024.5,126176.25,679,0.28039371769538934,0.23430562574695094,0.27367685303476263,44.33230452674897,26.3731689453125,1.3475185825964373,369,324,326,0.6082474226804123,0.5567010309278351,0.7466863033873343,1
64,57,321,108158.75,93887.25,101494.5,575,0.3271342155009452,0.2839689981096408,0.3069776937618147,26.40594482421875,28.897276084949215,0.9849914111858387,337,297,296,0.7617391304347826,0.64,0.7269565217391304,1
51,56,316,52597.5,45470.5,51093.0,423,0.293957379742803,0.25412593822130564,0.2855490166490619,20.222029988465973,14.49952168367347,0.5116668001922768,233,201,196,0.6619385342789598,0.7139479905437353,0.8463356973995272,1
57,58,402,90178.0,76252.0,87533.0,575,0.2727500945179584,0.2306298676748582,0.2647500945179584,27.755617112957832,22.66706302021403,0.5416511967525556,311,274,270,0.6765217391304348,0.6260869565217392,0.76,1
51,70,237,83375.25,66805.0,83125.25,607,0.22628708450830373,0.18131410317303073,0.2256085645503177,32.055074971164935,13.633673469387755,1.4799132973704356,296,258,252,0.6112026359143328,0.5831960461285008,0.6935749588138386,1
63,70,393,50584.75,39560.75,49845.75,447,0.25316552307453616,0.19799283315566366,0.24946699097638245,12.7449609473419,8.073622448979592,0.3227327467319309,232,187,188,0.756152125279642,0.6465324384787472,0.7651006711409396,1
51,54,862,16317.0,14181.5,18398.75,359,0.12660516290221213,0.11003561424880316,0.14275766016713093,6.273356401384083,4.8633401920438954,0.024761319652671983,119,88,97,0.6267409470752089,0.42896935933147634,0.5682451253481894,1
64,58,257,16323.5,14322.5,20359.0,383,0.11127964605389634,0.09763854140392259,0.13879022966957305,3.9852294921875,4.257580261593342,0.308240851489046,116,85,107,0.4151436031331593,0.4073107049608355,0.5430809399477807,1
39,69,304,19263.5,16029.5,27948.5,415,0.11185077660037741,0.09307301495137175,0.16227899550007258,12.665023011176856,3.3668346985927324,0.3024205765235457,131,85,135,0.6096385542168675,0.472289156626506,0.5325301204819277,1
62,71,382,7662.0,6242.0,10461.0,271,0.10432864476246238,0.08499339605942186,0.14244087090317398,1.9932362122788763,1.2382463796865701,0.07168800197363011,19,37,91,0.13284132841328414,0.3874538745387454,0.4907749077490775,1
40,62,393,6029.0,4986.0,7099.0,291,0.0711966084481761,0.05887979594005739,0.08383226461662002,3.768125,1.2970863683662852,0.045963392446697615,29,29,73,0.42955326460481097,0.3917525773195876,0.3917525773195876,1
61,67,240,8686.0,5249.25,9894.5,287,0.10545229394553776,0.06372846580631063,0.12012407580521799,2.334318731523784,1.1693584317219872,0.1717795138888889,52,24,87,0.2578397212543554,0.32752613240418116,0.4146341463414634,1
65,63,185,7009.0,5474.5,8206.75,327,0.06554816747561466,0.05119752359041981,0.0767495253860038,1.6589349112426035,1.3793146888384984,0.2397881665449233,51,25,69,0.4648318042813456,0.11009174311926606,0.36085626911314983,1
66,70,263,6317.0,4653.25,6268.75,259,0.09416973509637602,0.06936763017844098,0.09345045541956738,1.4501836547291094,0.9496428571428571,0.09062947274067863,0,32,69,0.0,0.35135135135135137,0.42084942084942084,1
51,56,216,6098.0,4928.75,8348.75,251,0.09679211441088237,0.07823288519229854,0.1325177378136855,2.344482891195694,1.5716677295918366,0.1789426868998628,19,39,73,0.14741035856573706,0.38645418326693226,0.3386454183266932,1
51,70,454,6892.5,5258.0,11499.0,263,0.09964724081597247,0.07601671268921048,0.16624499414477584,2.6499423298731255,1.073061224489796,0.05578897319955753,36,32,92,0.39923954372623577,0.22433460076045628,0.5209125475285171,1
61,58,344,6864.5,5478.5,7292.5,319,0.06745708080698892,0.053836931633926555,0.07166301431786244,1.8447997850040312,1.6285671819262781,0.061625371822606814,30,33,67,0.29153605015673983,0.3761755485893417,0.32601880877742945,1
65,68,303,9162.0,5956.0,12273.0,319,0.09003449258556814,0.05852929904383801,0.12060612611904364,2.1685207100591715,1.2880622837370241,0.1336797046041238,35,30,97,0.438871473354232,0.3166144200626959,0.30407523510971785,1
64,57,238,7235.0,5864.5,11862.0,307,0.0767647402094452,0.06222347186707551,0.12585809929017813,1.766357421875,1.8050169282856263,0.2094131770355201,39,35,99,0.38436482084690554,0.43973941368078173,0.3257328990228013,1
52,57,251,8269.5,5942.0,14482.5,279,0.10623578833776544,0.07633509333127786,0.18605233745712413,3.058247041420118,1.8288704216682057,0.22987730353486452,37,38,113,0.36200716845878134,0.1971326164874552,0.40860215053763443,1
47,72,328,10660.0,6714.0,12970.5,407,0.06435293904581374,0.040531485248929966,0.07830110655663482,4.82571299230421,1.2951388888888888,0.12056160767400356,39,36,104,0.20147420147420148,0.2113022113022113,0.3022113022113022,1
55,64,327,7648.0,6057.0,11562.0,327,0.07152409542780723,0.05664506354683949,0.10812782313497742,2.5282644628099176,1.478759765625,0.10812782313497742,36,30,95,0.27522935779816515,0.2599388379204893,0.3853211009174312,1
60,55,296,7783.0,6047.5,12635.25,335,0.06935174871909111,0.053887280017821344,0.11258854978837157,2.1619444444444444,1.9991735537190083,0.14421167366691015,39,37,106,0.382089552238806,0.1791044776119403,0.42686567164179107,1
51,57,355,12941.0,11682.0,27626.0,391,0.08464753631909785,0.07641237302215449,0.1807026379994898,4.975394079200307,3.595567867036011,0.2192104741122793,65,63,161,0.4859335038363171,0.4373401534526854,0.44501278772378516,1
64,69,321,12801.75,12710.5,27195.0,351,0.10390946502057613,0.10316880544800773,0.2207368446684686,3.12542724609375,2.669712245326612,0.2639240690598888,65,64,161,0.5897435897435898,0.5584045584045584,0.6125356125356125,1
51,58,391,9187.5,10280.0,18731.5,343,0.07809246147438567,0.08737855825378882,0.15921512295047133,3.5322952710495965,3.0558858501783592,0.12252340055337158,52,52,131,0.5451895043731778,0.18950437317784258,0.5626822157434402,1
57,60,413,8410.25,7836.75,17694.0,295,0.09664176960643493,0.09005170927894283,0.20332088480321747,2.5885657125269312,2.176875,0.10373514530776401,47,42,129,0.5254237288135594,0.25084745762711863,0.5389830508474577,1
54,62,366,7515.0,6973.5,10544.0,303,0.0818547201254779,0.07595660556154625,0.11484712827718416,2.5771604938271606,1.8141259105098855,0.07871241303114455,36,25,92,0.4389438943894389,0.1254125412541254,0.37623762376237624,1
45,64,374,7804.0,7155.25,11837.75,267,0.10946990419279272,0.10036962224186059,0.16605296749849205,3.853827160493827,1.74688720703125,0.08463031542223112,39,32,101,0.49812734082397003,0.33707865168539325,0.6367041198501873,1
67,69,427,7086.5,4796.25,6279.75,279,0.09103814185326499,0.061615986433884454,0.08067406636605388,1.5786366674092225,1.007403906742281,0.03444186059266491,33,29,72,0.3548387096774194,0.4444444444444444,0.3548387096774194,1
51,69,295,6981.75,4843.5,10267.75,367,0.05183608163992605,0.03596062039216268,0.07623302571108256,2.684256055363322,1.0173282923755513,0.11798621085894857,30,21,90,0.13896457765667575,0.15803814713896458,0.3188010899182561,1
51,70,282,7041.5,5368.5,7662.5,271,0.09587968573412671,0.07309949483258671,0.10433545294862542,2.7072279892349096,1.0956122448979593,0.09635455962979729,28,26,77,0.34317343173431736,0.17343173431734318,0.30996309963099633,1
54,52,217,8580.75,7232.5,15839.5,327,0.08024717335802262,0.06763833945889329,0.14813100281495198,2.9426440329218106,2.674741124260355,0.33637367538066215,47,46,116,0.5290519877675841,0.4923547400611621,0.3730886850152905,1
51,63,230,9093.0,6331.5,12232.5,295,0.10448721631715024,0.07275495547256536,0.14056305659293306,3.4959630911188007,1.5952380952380953,0.2312381852551985,36,32,107,0.34915254237288135,0.29152542372881357,0.5084745762711864,1
51,58,519,6231.0,4712.0,7641.0,231,0.11677067521223365,0.0883041922002961,0.14319446786979254,2.395617070357555,1.4007134363852556,0.028367135554144808,41,34,80,0.4069264069264069,0.2727272727272727,0.4935064935064935,1
64,56,396,6799.5,6095.75,13958.5,255,0.10456747404844291,0.09374471357170319,0.2146635909265667,1.6600341796875,1.943797831632653,0.08901196306499337,38,30,112,0.4745098039215686,0.34901960784313724,0.5607843137254902,1
51,60,404,11515.75,10325.5,27433.0,287,0.13980684480811956,0.1253566268863286,0.33305005523922837,4.4274317570165325,2.8681944444444443,0.16807788452112538,75,61,162,0.43902439024390244,0.43902439024390244,0.8606271777003485,1
51,57,276,8977.75,6155.0,13942.25,303,0.09778725397292204,0.06704135760110665,0.15186147327604047,3.4516532103037294,1.894429055093875,0.1830268063432052,59,39,108,0.5148514851485149,0.41914191419141916,0.47854785478547857,1
54,54,198,8308.5,5501.0,13109.0,271,0.11313162947127627,0.07490366416579294,0.17849702482264676,2.8492798353909463,1.8864883401920438,0.3343791449852056,44,34,107,0.33210332103321033,0.3763837638376384,0.5940959409594095,1
51,52,284,6062.0,5822.0,10250.5,303,0.0660283850167195,0.06341426221830104,0.11165027393828492,2.330642060745867,2.1531065088757395,0.1270891192223765,31,29,94,0.44554455445544555,0.24092409240924093,0.38943894389438943,1
51,54,475,7070.0,5217.5,11632.0,279,0.09082617129790213,0.06702765894579978,0.1494328181806503,2.7181853133410225,1.7892661179698217,0.051554570637119115,49,31,92,0.5376344086021505,0.1971326164874552,0.4659498207885305,1
64,63,490,7689.5,6147.5,10602.5,307,0.08158707254188373,0.06522615624568961,0.11249456227652282,1.8773193359375,1.5488788107835727,0.044158683881715954,44,29,89,0.48534201954397393,0.36156351791530944,0.34527687296416937,1
51,70,529,7078.0,5718.5,8332.5,283,0.08837668094245152,0.07140181548027819,0.10404050493825619,2.7212610534409842,1.1670408163265307,0.02977583699314968,33,31,80,0.4911660777385159,0.3674911660777385,0.4558303886925795,1
54,56,211,9482.5,6999.5,12052.25,271,0.1291172505820999,0.09530779809643115,0.16410792336705654,3.251886145404664,2.231983418367347,0.27070932818220617,38,30,104,0.33210332103321033,0.22878228782287824,0.5166051660516605,1
51,49,238,6933.25,7500.5,13633.0,319,0.06813268344454163,0.07370701938856733,0.1339707746582679,2.6656093810073047,3.123906705539359,0.24067862439093285,36,38,104,0.3761755485893417,0.31347962382445144,0.4043887147335423,1
51,55,185,7559.5,5342.5,9283.0,267,0.10604020255579402,0.0749414355650942,0.1302164429294842,2.90638216070742,1.7661157024793388,0.2712344777209642,36,27,89,0.4606741573033708,0.2958801498127341,0.4307116104868914,1
64,56,311,6977.0,5980.5,11166.5,375,0.04961422222222222,0.042528,0.07940622222222223,1.703369140625,1.907047193877551,0.11545062602743975,38,33,101,0.328,0.264,0.36533333333333334,1
51,69,246,6692.0,5337.5,11626.0,319,0.06576193237094762,0.05245133204272757,0.1142480911154568,2.572856593617839,1.121088006721277,0.19211448212043097,40,30,99,0.4263322884012539,0.29153605015673983,0.43573667711598746,1
51,59,505,5948.25,4951.75,7526.5,227,0.115434997768247,0.09609637291622193,0.14606338178501427,2.2869088811995386,1.4225079000287273,0.02951279286344476,32,27,72,0.14096916299559473,0.1894273127753304,0.5947136563876652,1
54,56,287,5531.0,4597.5,5966.5,279,0.07105509949769402,0.05906270474428643,0.07664983748924088,1.8967764060356653,1.4660395408163265,0.07243623207760201,38,31,69,0.36917562724014336,0.23655913978494625,0.25089605734767023,1
51,54,309,6448.25,5112.25,8583.0,343,0.054809220647859314,0.04345340801876769,0.0729542962541118,2.479142637447136,1.7531721536351166,0.08989222986772237,30,31,82,0.08746355685131195,0.10495626822157435,0.37026239067055394,1
51,56,355,8258.25,5810.0,5710.25,279,0.10609126295910895,0.07463932888837502,0.07335787053095412,3.1750288350634372,1.8526785714285714,0.04531045427494545,52,37,60,0.44802867383512546,0.21505376344086022,0.3835125448028674,1
64,69,403,8419.5,5802.0,10443.0,375,0.059872,0.041258666666666666,0.07426133333333333,2.0555419921875,1.2186515437933207,0.06430062373390637,30,28,97,0.2986666666666667,0.14933333333333335,0.328,1
51,56,498,7234.0,5682.0,8710.5,287,0.08782430283237626,0.0689822627444791,0.105749735944348,2.7812379853902347,1.811862244897959,0.03512241738036483,40,28,81,0.4634146341463415,0.3797909407665505,0.4425087108013937,1
54,49,617,8399.5,6359.0,11004.0,295,0.09651824188451594,0.07307095662166044,0.12644642344153978,2.8804869684499312,2.6484798000832988,0.02890548452936649,31,33,92,0.43050847457627117,0.3423728813559322,0.3423728813559322,1
51,56,866,8634.0,6248.0,11109.5,339,0.07512987182499282,0.05436778308577196,0.09667075643267985,3.3194925028835063,1.9923469387755102,0.014813535727429342,42,22,96,0.4247787610619469,0.2713864306784661,0.3303834808259587,1
51,69,241,7142.75,5587.25,7936.25,311,0.07384900900528324,0.05776666907910381,0.0820530184758222,2.746155324875048,1.1735454736399915,0.13664107022950706,36,30,79,0.4180064308681672,0.2797427652733119,0.2540192926045016,1
64,69,414,7629.0,5797.5,9703.5,279,0.09800747677958917,0.07447874513431225,0.1246579566038463,1.862548828125,1.2177063642091996,0.0566145067562837,39,22,85,0.3727598566308244,0.18996415770609318,0.4982078853046595,1
51,68,350,7912.0,6973.0,10766.5,283,0.09879009601817977,0.08706563947608285,0.1344316947396022,3.041906958861976,1.5080017301038062,0.08788979591836735,35,45,90,0.46996466431095407,0.5371024734982333,0.46996466431095407,1
51,57,483,6616.25,4989.0,5550.75,295,0.07602700373455903,0.05732835392128699,0.0637833955759839,2.5437331795463285,1.5355493998153278,0.023793449326800664,45,32,63,0.43389830508474575,0.16271186440677965,0.3525423728813559,1
54,58,451,7963.0,4482.5,6555.0,255,0.12246059207996925,0.06893502499038831,0.10080738177623991,2.73079561042524,1.3324910820451843,0.03222698020167059,40,28,79,0.45098039215686275,0.4627450980392157,0.4980392156862745,1
51,64,314,7492.0,6943.5,8884.5,287,0.09095654918719422,0.08429749056076923,0.10786218116038801,2.880430603613995,1.6951904296875,0.0901101464562457,38,30,88,0.519163763066202,0.30313588850174217,0.4564459930313589,1
51,57,256,9152.0,6918.25,8956.75,251,0.14526753543594545,0.10981174901985682,0.14216837827970985,3.5186466743560167,2.129347491535857,0.13666915893554688,6,7,89,0.02390438247011952,0.0398406374501992,0.5219123505976095,1
67,68,341,8376.0,7495.0,13311.0,339,0.07288485133265461,0.06521871546540667,0.11582739447098442,1.8658944085542437,1.6208910034602075,0.1144726997531841,36,23,104,0.36283185840707965,0.11504424778761062,0.40707964601769914,1
51,57,415,9001.25,7885.75,9619.0,335,0.080207173089775,0.07026732011583872,0.08571173980842059,3.4606881968473666,2.427131425053863,0.05585135723617361,45,2,92,0.28059701492537314,0.005970149253731343,0.382089552238806,1
54,56,513,8766.25,5638.5,8222.0,295,0.10073254811835679,0.06479172651536914,0.0944785981039931,3.006258573388203,1.7979910714285714,0.031242281575717505,35,29,80,0.3254237288135593,0.2677966101694915,0.38305084745762713,1
51,56,327,8818.25,5758.0,7174.75,243,0.14933783806669038,0.09751223560094159,0.1215050212535352,3.390330642060746,1.8360969387755102,0.0670982614632139,40,37,75,0.4691358024691358,0.42386831275720166,0.448559670781893,1
51,69,338,6497.0,4342.0,6312.5,247,0.10649248471536986,0.07116982740251439,0.10346834073661262,2.4978854286812764,0.9119932787229573,0.05525454290816148,32,22,71,0.5101214574898786,0.27530364372469635,0.4817813765182186,1
51,63,362,6649.5,5589.0,7431.0,311,0.06874928919262621,0.05778476235770929,0.07682923046701337,2.5565167243367934,1.4081632653061225,0.056706144501083605,34,31,74,0.31511254019292606,0.3536977491961415,0.36977491961414793,1
67,57,271,7732.5,6364.0,8452.5,343,0.06572516553476868,0.05409310746372685,0.07184506455643482,1.7225439964357319,1.958756540473992,0.11509238708623248,33,28,81,0.3206997084548105,0.23323615160349853,0.3119533527696793,1
51,69,374,7021.5,5350.0,6224.0,343,0.05968176525087336,0.04547424967488036,0.05290312709840288,2.699538638985006,1.1237135055660576,0.04449655409076611,31,31,68,0.3032069970845481,0.2944606413994169,0.26239067055393583,1
54,56,440,8095.5,4484.5,9154.0,327,0.07570911539432708,0.04193904366448765,0.08560820731513434,2.7762345679012346,1.4300063775510203,0.04728305785123967,28,27,78,0.345565749235474,0.3333333333333333,0.40061162079510704,1
51,57,525,6141.5,5282.5,7131.5,279,0.07889801004611965,0.06786269446692617,0.09161624336789095,2.361207227989235,1.6258848876577408,0.02587392290249433,30,34,78,0.3870967741935484,0.3906810035842294,0.43727598566308246,1
51,54,212,6672.0,3894.0,9515.5,279,0.08571318456854357,0.05002505106563379,0.12224277694274226,2.5651672433679353,1.3353909465020577,0.21171902812388751,33,30,88,0.2867383512544803,0.45161290322580644,0.5268817204301075,1
67,65,184,7482.0,4873.0,8276.25,291,0.08835512098345556,0.05754537617647406,0.09773443865802246,1.6667409222543996,1.1533727810650887,0.24445445415879016,33,24,80,0.4020618556701031,0.15463917525773196,0.27835051546391754,1
51,70,485,7815.75,5929.25,8621.5,351,0.06343901429371515,0.04812663858247904,0.06997913977970958,3.0049019607843137,1.2100510204081634,0.03665214156658519,30,28,82,0.2564102564102564,0.19373219373219372,0.2336182336182336,1
54,63,303,7598.5,6612.5,12101.0,319,0.0746700602391879,0.06498069004825031,0.11891589115672999,2.60579561042524,1.6660367850844042,0.13180624993192389,41,40,98,0.4702194357366771,0.3887147335423197,0.4952978056426332,1
51,64,275,6512.0,5024.5,6666.5,315,0.06562862181909801,0.050637440161249686,0.067185689090451,2.5036524413687045,1.2266845703125,0.08815206611570248,27,37,74,0.2920634920634921,0.25396825396825395,0.29523809523809524,1
51,55,310,6789.5,6928.5,8258.5,303,0.07395244474942544,0.0754664575368428,0.08995305471141174,2.6103421760861205,2.290413223140496,0.08593652445369407,36,37,84,0.26732673267326734,0.12211221122112212,0.38283828382838286,1
51,52,332,9322.75,6199.5,8312.5,279,0.11976657545509437,0.0796431186649709,0.10678819645174137,3.584294502114571,2.29271449704142,0.0754146102482218,38,33,79,0.4910394265232975,0.3978494623655914,0.32616487455197135,1
67,57,484,6115.0,4841.5,7658.0,255,0.09404075355632449,0.0744559784698193,0.11777008842752787,1.3622187569614614,1.4901508156355803,0.0326907315074107,26,20,80,0.2549019607843137,0.21568627450980393,0.40784313725490196,1
47,56,346,4965.5,4601.5,5302.0,255,0.07636293733179546,0.07076509034986543,0.08153787004998078,2.247849705749208,1.4673150510204083,0.044288148618396875,34,38,59,0.2823529411764706,0.3568627450980392,0.3686274509803922,1
51,69,221,7924.0,4888.0,6421.25,283,0.0989399293286219,0.06103210178676223,0.08017642872304562,3.0465205690119186,1.02667506826297,0.13147253332241354,32,36,71,0.26148409893992935,0.254416961130742,0.4416961130742049,1
51,64,423,6913.5,6070.0,8943.0,287,0.08393327586834853,0.0736927727664534,0.10857239981060836,2.6580161476355246,1.48193359375,0.04998071860905722,32,25,82,0.42160278745644597,0.27526132404181186,0.2926829268292683,1
56,69,485,5802.25,4032.75,7389.5,271,0.07900559632902603,0.05491142549801882,0.10061818330360425,1.8502072704081634,0.8470384373030876,0.03141460303964289,29,25,71,0.17343173431734318,0.3284132841328413,0.31365313653136534,1
61,58,188,5271.0,4804.5,7566.0,239,0.09227779625706833,0.08411092242782864,0.13245566429159153,1.41655468959957,1.4282104637336503,0.2140674513354459,24,35,74,0.32217573221757323,0.22594142259414227,0.40585774058577406,1
67,55,267,7063.5,5295.5,5545.75,279,0.0907426677457895,0.06802970157115144,0.07124458832748809,1.5735130318556472,1.7505785123966942,0.07779250655781397,40,33,56,0.2974910394265233,0.3010752688172043,0.36917562724014336,1
76,59,279,7681.0,4360.0,5682.5,279,0.09867550519649028,0.05601161341709382,0.07300137459693477,1.3298130193905817,1.2525136455041654,0.07300137459693477,38,19,67,0.4229390681003584,0.06810035842293907,0.24731182795698925,1
45,56,413,6598.5,4415.25,7841.5,255,0.10147635524798154,0.06790080738177624,0.1205920799692426,3.2585185185185184,1.4079241071428572,0.04597259759979832,37,27,73,0.4117647058823529,0.3333333333333333,0.3803921568627451,1
52,70,356,6810.5,4467.0,6645.0,271,0.09273430372680111,0.06082433518062118,0.09048079410683406,2.5186760355029585,0.9116326530612245,0.052431826789546776,23,31,62,0.28413284132841327,0.2140221402214022,0.42435424354243545,1
51,56,242,6197.25,5552.5,8534.75,255,0.09530565167243368,0.08539023452518263,0.13125336409073432,2.382641291810842,1.7705676020408163,0.14573372720442593,42,33,77,0.42745098039215684,0.30980392156862746,0.4392156862745098,1
82,55,316,7262.25,5914.0,9581.0,283,0.09067724656319844,0.07384284982956461,0.11962941227883979,1.0800490779298038,1.9550413223140495,0.09594816535811569,27,34,86,0.3710247349823322,0.2968197879858657,0.45936395759717313,1
54,56,468,8072.0,6703.5,11806.0,327,0.07548934339608525,0.06269113149847094,0.1104097111167223,2.768175582990398,2.137595663265306,0.05390276864635839,33,39,97,0.37003058103975534,0.2782874617737003,0.30275229357798167,1
60,55,435,6389.5,4006.0,7894.0,271,0.08700181097751937,0.05454718753829605,0.10748764314211408,1.774861111111111,1.3242975206611571,0.04171753203857841,18,35,75,0.06642066420664207,0.4095940959409594,0.2988929889298893,1
51,53,279,6653.25,7135.25,9814.5,311,0.06878806050392365,0.07377146638268835,0.10147227592766825,2.5579584775086506,2.540138839444642,0.12608394033992368,32,34,94,0.38263665594855306,0.3633440514469453,0.4630225080385852,1
51,69,363,6665.0,5889.0,8789.5,315,0.06717057193247669,0.05934996220710506,0.08858150667674478,2.562475970780469,1.236925015752993,0.0667038529547921,35,37,84,0.2857142857142857,0.3746031746031746,0.35873015873015873,1
60,66,311,7058.75,5047.5,12007.0,275,0.09333884297520662,0.06674380165289256,0.1587702479338843,1.960763888888889,1.1587465564738293,0.12414056926624001,36,33,101,0.29454545454545455,0.29818181818181816,0.4036363636363636,1
64,57,434,6709.25,5418.5,9978.25,295,0.07709566216604424,0.06226371732260844,0.11465958058029302,1.63800048828125,1.667743921206525,0.05297548259678481,32,32,91,0.23389830508474577,0.26101694915254237,0.33559322033898303,1
54,70,397,7003.0,4275.5,6609.5,275,0.09260165289256199,0.05653553719008265,0.08739834710743802,2.401577503429355,0.8725510204081632,0.041936056951062436,30,26,66,0.3563636363636364,0.3236363636363636,0.44,1
51,70,349,8201.5,7073.5,10832.5,351,0.06657007654158652,0.05741430670205599,0.08792542268325744,3.153210303729335,1.4435714285714285,0.0889360514281492,37,33,92,0.4415954415954416,0.150997150997151,0.3162393162393162,1
69,72,269,8458.75,7088.5,10898.25,351,0.06865812777493689,0.05753605896056038,0.08845910341636837,1.77667506826297,1.3673804012345678,0.150609444313926,25,26,99,0.2678062678062678,0.19658119658119658,0.28774928774928776,1
51,63,221,10105.25,7582.0,13552.75,287,0.12268268401947334,0.09204919326445629,0.16453702242348456,3.8851403306420607,1.910304862685815,0.27748715218771114,41,33,112,0.40069686411149824,0.30662020905923343,0.3902439024390244,1
52,67,239,10980.0,10660.0,20434.0,391,0.07182056632282625,0.0697274350638732,0.1336595129545202,4.060650887573964,2.3746936957006013,0.3577318324259029,50,47,136,0.13554987212276215,0.35294117647058826,0.4936061381074169,1
60,57,615,6674.5,6066.5,12292.0,303,0.07269984424184993,0.06607739981918984,0.1338866559923319,1.8540277777777778,1.8671899045860265,0.032499173772225526,27,28,103,0.3201320132013201,0.19141914191419143,0.4521452145214521,1
52,67,323,7005.5,5848.5,10839.0,303,0.07630515526800205,0.06370290494395975,0.1180603208835735,2.590791420118343,1.3028514145689463,0.10389249393744789,38,28,96,0.44554455445544555,0.24092409240924093,0.34983498349834985,1
64,62,300,6556.5,5913.0,8184.0,227,0.12723903044887344,0.1147509169593821,0.15882318694327466,1.6007080078125,1.538241415192508,0.09093333333333334,48,33,83,0.36123348017621143,0.28634361233480177,0.6607929515418502,1
51,70,458,6593.5,5664.5,10264.5,243,0.1116615014648851,0.09592880489085336,0.17383020880963268,2.534986543637063,1.1560204081632652,0.048933563433191586,37,21,95,0.5432098765432098,0.16872427983539096,0.6419753086419753,1
51,58,839,6614.25,5441.0,7061.0,275,0.08746115702479339,0.07194710743801652,0.09336859504132232,2.542964244521338,1.6174197384066586,0.010030955178208917,22,32,71,0.15272727272727274,0.4,0.41454545454545455,1
52,71,263,6865.75,5624.0,5983.5,315,0.06919375157470395,0.05667926429831192,0.060302343159486016,2.539108727810651,1.1156516564173775,0.08650551547658633,31,18,65,0.16507936507936508,0.11428571428571428,0.24761904761904763,1
59,71,169,7207.5,5600.5,13301.0,335,0.06422365783025173,0.04990421029182446,0.1185208286923591,2.0705257110025856,1.1109898829597302,0.4657049823185463,29,24,104,0.2865671641791045,0.1253731343283582,0.4955223880597015,1
51,69,265,6768.0,9164.5,13475.75,367,0.05024909235349583,0.06804193363971817,0.10005085790227858,2.602076124567474,1.9249107330392774,0.1918939124243503,26,39,107,0.19618528610354224,0.36239782016348776,0.4087193460490463,1
64,58,278,6124.0,5244.0,8983.0,343,0.05205314112317147,0.04457326454113507,0.07635424015503744,1.4951171875,1.558858501783591,0.1162336317995963,28,25,85,0.3294460641399417,0.16034985422740525,0.39067055393586003,1
51,58,216,11542.0,10680.5,23519.5,359,0.08955548141308649,0.08287102055384424,0.18249004895989324,4.437524029219531,3.1749405469678953,0.5041045096021948,45,42,144,0.33147632311977715,0.2757660167130919,0.6267409470752089,1
38,67,440,10084.5,12007.0,19769.5,367,0.07487248401873947,0.08914610695750952,0.14677887578050175,6.983725761772853,2.6747605257295612,0.10211518595041322,50,47,136,0.32697547683923706,0.3024523160762943,0.3896457765667575,1
54,69,339,9370.25,10686.75,17082.75,343,0.07964581084412108,0.09083587620804257,0.14520097918384348,3.213391632373114,2.244643982356648,0.1486477667267079,53,38,124,0.4402332361516035,0.39941690962099125,0.5364431486880467,1
51,69,452,14590.75,14414.5,26917.5,423,0.08154491446327873,0.08055988688250647,0.15043676542092116,5.6096693579392545,3.027620247847091,0.13175219281071346,50,52,157,0.4066193853427896,0.2293144208037825,0.4397163120567376,1
51,69,342,14318.5,14525.5,20137.5,375,0.10182044444444445,0.10329244444444445,0.1432,5.504998077662438,3.050934677588742,0.1721683594952293,54,51,133,0.38133333333333336,0.4746666666666667,0.4746666666666667,1
52,68,255,9251.0,9398.0,16694.5,367,0.06868415386557179,0.06977555702395889,0.12394850358975121,3.4212278106508878,2.032439446366782,0.25673971549404073,38,35,127,0.3460490463215259,0.25340599455040874,0.4032697547683924,1
51,59,188,10751.25,9414.0,16507.25,347,0.08928942188706825,0.0781835244873722,0.13709315748822762,4.1335063437139565,2.7043952887101406,0.46704532593933906,40,40,127,0.414985590778098,0.3919308357348703,0.4409221902017291,1
51,62,287,10425.5,10039.0,17231.0,375,0.07413688888888889,0.07138844444444445,0.12253155555555556,4.008266051518647,2.611602497398543,0.20919277883669826,46,46,126,0.2906666666666667,0.41333333333333333,0.4186666666666667,1
54,69,242,8766.0,7068.5,17165.0,319,0.08614302139326462,0.06946177808787256,0.16867955307042973,3.006172839506173,1.4846670867464817,0.293098149033536,46,42,126,0.14420062695924765,0.3072100313479624,0.5956112852664577,1
51,62,408,7285.0,6146.5,12650.0,259,0.10860005068499277,0.09162803178247193,0.18857798780578702,2.8008458285274895,1.5989854318418315,0.07599240676662822,32,29,101,0.5521235521235521,0.3861003861003861,0.5366795366795367,1
67,54,229,7676.5,6499.25,13677.75,335,0.06840276230786367,0.05791267542882602,0.12187792381376698,1.7100690576965916,2.228823731138546,0.26082168532255295,33,30,101,0.3373134328358209,0.21791044776119403,0.33134328358208953,1
51,69,345,8180.5,7666.5,13283.5,307,0.08679667688781843,0.0813430381224204,0.1409404874322274,3.145136485966936,1.6102709514807814,0.11160260449485403,38,35,106,0.43973941368078173,0.22149837133550487,0.4364820846905538,1
51,63,280,6891.25,4599.0,9889.0,295,0.07918701522550992,0.05284688307957484,0.1136340132145935,2.649461745482507,1.1587301587301588,0.12613520408163265,39,37,85,0.3050847457627119,0.36610169491525424,0.5389830508474577,1
54,62,221,6752.5,5120.0,11142.0,279,0.0867473439447078,0.06577510566411017,0.14313793502138975,2.315672153635117,1.331945889698231,0.22812800720705964,31,31,95,0.34050179211469533,0.34767025089605735,0.3942652329749104,1
51,69,406,8117.0,5744.0,14036.0,311,0.08392179568035897,0.05938730989133694,0.14511843343224326,3.120722798923491,1.2064692291535393,0.08515130190007038,30,41,106,0.2829581993569132,0.40836012861736337,0.4983922829581994,1
51,69,194,6630.5,5769.75,12257.75,359,0.051446683374585855,0.04476804183704348,0.09510905408865543,2.549211841599385,1.211877756773787,0.325692156445956,42,35,100,0.1977715877437326,0.31754874651810583,0.3955431754874652,1
64,56,271,8714.25,8238.25,21793.0,359,0.0676146988307043,0.06392136932519145,0.16909397040680937,2.12750244140625,2.6269929846938775,0.2967416021023679,51,50,141,0.5236768802228412,0.4623955431754875,0.5793871866295265,1
51,69,293,11441.75,11242.75,25318.0,295,0.13147658718758978,0.12918988796322894,0.29092789428325194,4.398981161091887,2.361426170972485,0.2949131614812054,60,54,151,0.6067796610169491,0.33559322033898303,0.6677966101694915,1
51,57,340,10853.5,9139.0,24701.0,359,0.08421334409261257,0.07091037468672652,0.1916574204110769,4.1728181468665895,2.8128654970760234,0.2136764705882353,60,60,153,0.3871866295264624,0.1671309192200557,0.520891364902507,1
47,56,399,10379.0,9220.0,24047.0,323,0.09948336512379108,0.08837427752590363,0.23049200126522826,4.698506111362607,2.940051020408163,0.15104804618061443,56,54,148,0.4984520123839009,0.17956656346749225,0.5882352941176471,1
38,52,202,10364.0,10441.0,28128.0,327,0.09692412722460698,0.09764423121884615,0.2630530538955756,7.177285318559557,3.861316568047337,0.6893441819429468,53,53,158,0.5688073394495413,0.43730886850152906,0.5932721712538226,1
51,68,111,7927.0,8315.0,23012.5,299,0.08866791199203589,0.09300790818894643,0.2574076352613505,3.047673971549404,1.7982266435986158,1.8677461245028812,43,43,146,0.5016722408026756,0.5217391304347826,0.6755852842809364,1
67,69,452,7614.5,6616.5,14731.5,275,0.10068760330578512,0.08749090909090909,0.19479669421487603,1.696257518378258,1.3897290485192186,0.07210578353825671,41,38,110,0.509090909090909,0.509090909090909,0.509090909090909,1
51,49,293,7484.0,7954.5,13580.0,263,0.10819875955991846,0.1150009397273345,0.1963307261923694,2.877354863514033,3.3129945855893377,0.15818471968223274,40,29,105,0.33079847908745247,0.2661596958174905,0.6615969581749049,1
77,70,293,7592.0,5761.0,10799.0,291,0.08965411367366942,0.06803178989383687,0.1275256551056317,1.2804857480182155,1.1757142857142857,0.12579063238942795,34,31,89,0.4639175257731959,0.10652920962199312,0.40893470790378006,1
51,66,170,9530.0,11152.0,16027.0,327,0.08912455928700352,0.10429350316565197,0.14988450280092397,3.6639753940792,2.5601469237832872,0.5545674740484429,42,46,98,0.3333333333333333,0.3363914373088685,0.6146788990825688,1
52,62,348,6279.5,6596.5,9763.5,295,0.07215742602700373,0.07580005745475438,0.1121918988796323,2.322300295857988,1.71605098855359,0.08062078874355925,31,31,82,0.3050847457627119,0.10508474576271186,0.4711864406779661,1
48,69,216,8958.5,8993.0,17888.5,323,0.08586778364596613,0.08619846830699039,0.1714623930067383,3.8882378472222223,1.8888888888888888,0.38341263717421126,42,36,126,0.3498452012383901,0.3653250773993808,0.44891640866873067,1
51,69,293,8747.25,8404.75,19553.5,415,0.050789664682827695,0.048800987080853536,0.11353462040934824,3.363033448673587,1.7653329132535183,0.22776619413155658,55,49,131,0.41445783132530123,0.3493975903614458,0.40481927710843374,1
54,54,338,8712.0,7449.5,16849.5,323,0.08350506570560438,0.07140392412464415,0.16150351292545698,2.9876543209876543,2.554698216735254,0.14748695773957496,44,39,121,0.47987616099071206,0.43034055727554177,0.5572755417956656,1
64,55,388,8671.5,8647.5,18453.5,323,0.08311687066874981,0.0828868291654286,0.17687795339742546,2.1170654296875,2.858677685950413,0.12257878095440536,48,50,129,0.23219814241486067,0.2260061919504644,0.4241486068111455,1
51,57,342,9628.0,8068.5,20025.5,311,0.09954404937914207,0.08342035338757871,0.20704397183651949,3.7016532103037294,2.4833795013850417,0.17121079990424404,49,46,138,0.39228295819935693,0.35691318327974275,0.6334405144694534,1
51,63,181,9081.5,9202.0,18455.25,319,0.08924342331541553,0.09042757048378063,0.18135877202464598,3.4915417147251055,2.3184681279919377,0.5633298739354721,56,53,130,0.438871473354232,0.3072100313479624,0.5235109717868338,1
51,60,811,8084.0,6778.0,10947.5,303,0.08805236959339498,0.07382718469866789,0.11924212223202518,3.1080353710111495,1.8827777777777779,0.016644595504780903,30,1,101,0.09900990099009901,0.0033003300330033004,0.3432343234323432,1
51,64,328,9010.0,8914.75,19480.75,271,0.12268351465802481,0.12138655519396523,0.2652571451913781,3.4640522875816995,2.17645263671875,0.18107478807257585,46,42,133,0.4095940959409594,0.16974169741697417,0.6494464944649446,1
54,52,260,7496.5,5155.0,11752.5,339,0.06523176791012956,0.044856901697687974,0.10226590440389485,2.5708161865569275,1.9064349112426036,0.173853550295858,37,35,104,0.22418879056047197,0.2890855457227139,0.41887905604719766,1
67,58,236,6982.0,7143.5,13138.25,311,0.07218701212766618,0.07385676326754273,0.13583658150763536,1.5553575406549343,2.123513674197384,0.2358921646078713,39,38,110,0.3890675241157556,0.45980707395498394,0.3536977491961415,1
51,52,474,7898.25,7485.5,15447.75,263,0.1141877141494022,0.10822044557532999,0.22333342971562406,3.0366205305651675,2.7683062130177514,0.068755674838434,47,43,118,0.40304182509505704,0.40304182509505704,0.5741444866920152,1
51,52,291,7394.5,7456.5,14394.5,247,0.12120342900227835,0.12221967250733498,0.23594059892802702,2.842945021145713,2.7575813609467454,0.16998500253894025,37,36,114,0.5748987854251012,0.5263157894736842,0.6356275303643725,1
45,57,558,10960.5,8088.5,18244.5,375,0.07794133333333333,0.05751822222222222,0.12973866666666667,5.412592592592593,2.489535241612804,0.05859540601996377,50,44,119,0.4053333333333333,0.2826666666666667,0.528,1
48,57,378,11735.0,7546.5,21730.5,271,0.15978812924660613,0.10275595375879958,0.2958905788319876,5.093315972222222,2.322714681440443,0.152084908037289,58,39,127,0.6273062730627307,0.36162361623616235,0.6088560885608856,1
67,69,305,7508.25,6411.0,12679.0,295,0.08627693191611606,0.07366848606722207,0.14569376615914967,1.6725885497883717,1.3465658475110271,0.1362966944369793,30,31,106,0.1864406779661017,0.22033898305084745,0.37966101694915255,1
51,54,362,8606.75,6262.5,13722.5,295,0.09889974145360529,0.07196207986210859,0.1576845733984487,3.3090157631680124,2.147633744855967,0.10471673636335888,43,44,111,0.36610169491525424,0.5016949152542373,0.4610169491525424,1
51,52,268,9351.5,7494.5,16709.0,323,0.08963471326285118,0.07183525194337145,0.16015681162476397,3.5953479430988082,2.7716346153846154,0.23263811539318333,47,43,122,0.4953560371517028,0.2848297213622291,0.4458204334365325,1
51,69,544,8342.0,6535.0,13167.0,351,0.06771048936291102,0.0530434006217482,0.10687413251515816,3.2072279892349096,1.3726107960512497,0.044492728157439446,37,35,109,0.24786324786324787,0.358974358974359,0.4188034188034188,1
51,57,439,8779.5,6908.5,13885.75,303,0.09562787961964514,0.07524861397030792,0.15124606520057945,3.375432525951557,2.126346568174823,0.07205104788787937,43,43,114,0.2607260726072607,0.49834983498349833,0.504950495049505,1
54,52,298,8198.25,8513.5,17587.0,271,0.1116304244223254,0.11592298579812367,0.23947114009885487,2.811471193415638,3.148483727810651,0.1980428809513085,47,47,128,0.4059040590405904,0.5387453874538746,0.6752767527675276,1
70,68,360,9801.0,8434.0,16558.5,315,0.09877551020408164,0.08499874023683547,0.16687830687830688,2.000204081632653,1.823961937716263,0.1277662037037037,45,44,122,0.3523809523809524,0.39365079365079364,0.526984126984127,1
52,62,259,10591.5,9358.5,19722.5,287,0.1285859971591254,0.11361677330063495,0.23944080904223677,3.916974852071006,2.4345733610822062,0.2940102264426589,49,46,134,0.3170731707317073,0.445993031358885,0.5644599303135889,1
51,55,218,9871.5,7747.5,16763.5,339,0.08589813872138251,0.06741587699376093,0.14586977140818475,3.795271049596309,2.5611570247933884,0.3527375641780995,36,36,123,0.4306784660766962,0.336283185840708,0.4808259587020649,1
60,55,319,7203.5,6653.5,15585.75,279,0.0925412057912925,0.08547552061253068,0.20022545959070412,2.0009722222222224,2.199504132231405,0.15316034630162834,45,42,119,0.4014336917562724,0.34767025089605735,0.43010752688172044,1
75,73,403,6947.25,6323.75,12466.75,307,0.07371165741811585,0.0670962026122293,0.1322746129932413,1.2350666666666668,1.1866672921748922,0.07676144794931315,27,37,108,0.247557003257329,0.20195439739413681,0.3778501628664495,1
51,69,315,7193.5,6972.25,15535.5,351,0.05838832477009115,0.056592478957151325,0.12609881413300217,2.765667051134179,1.464450745641672,0.15656840513983372,46,30,121,0.2678062678062678,0.27635327635327633,0.4985754985754986,1
52,58,263,7361.5,6750.0,11279.5,311,0.07611066883096743,0.06978836033539769,0.11661893487453603,2.722448224852071,2.00653983353151,0.16307160722288885,30,35,104,0.3311897106109325,0.11254019292604502,0.4694533762057878,1
51,70,307,8149.5,7827.0,13453.5,275,0.10776198347107438,0.10349752066115703,0.17789752066115702,3.133217993079585,1.5973469387755102,0.14274422009782597,44,43,108,0.5745454545454546,0.3890909090909091,0.5745454545454546,1
64,69,259,8536.5,7431.0,17083.0,315,0.08603174603174603,0.07489040060468632,0.17216427311665408,2.0841064453125,1.5608065532451165,0.2546622739672933,49,46,128,0.4888888888888889,0.346031746031746,0.46984126984126984,1
59,52,226,6826.5,6665.5,15043.5,295,0.07844297615627693,0.07659293306521114,0.17286411950588912,1.9610744039069232,2.465051775147929,0.2945316782833425,17,30,116,0.0576271186440678,0.24745762711864408,0.559322033898305,1
55,58,292,8380.5,6253.5,13903.5,287,0.10174337432772038,0.0759205526350933,0.16879529920236983,2.770413223140496,1.8589476813317478,0.16306413023081254,42,41,108,0.40418118466898956,0.445993031358885,0.5261324041811847,1
51,56,279,7950.5,4854.5,9235.0,311,0.0822003494587525,0.05019075485158342,0.09548081595517002,3.0567089580930413,1.5479910714285714,0.11863927750157371,38,25,82,0.34726688102893893,0.21864951768488747,0.3279742765273312,1
