SrcIPF0,DstIPF0,DstPortF0,SrcIPF2,DstIPF2,DstPortF2,Events_F1,SrcIP_BurstIndex,DstIP_BurstIndex,DstPort_BurstIndex,SrcIP_Concentration,DstIP_Concentration,DstPort_Concentration,SrcIP_MaxCount,DstIP_MaxCount,DstPort_MaxCount,SrcIP_FractionOfMass,DstIP_FractionOfMass,DstPort_FractionOfMass,Attack
24,58,83,767.0,923.5,4659.5,95,0.08498614958448754,0.10232686980609418,0.5162880886426593,1.3315972222222223,0.2745243757431629,0.6763681230947888,14,12,67,0.4421052631578947,0.35789473684210527,0.9157894736842105,1
30,41,58,683.375,883.0,4397.625,99,0.0697250280583614,0.09009284766860524,0.4486914600550964,0.7593055555555556,0.5252825698988697,1.307260701545779,12,0,65,0.30303030303030304,0.0,0.8484848484848485,1
30,43,148,21286.25,28835.25,105815.0,519,0.07902498876971796,0.10705057525031464,0.39283712192930675,23.65138888888889,15.59505137912385,4.830852812271731,72,66,299,0.47784200385356457,0.3834296724470135,0.8901734104046243,0
24,40,893,67401.25,89407.0,187674.75,959,0.07328763995341864,0.09721523006346766,0.20406505081653312,117.01605902777777,55.879375,0.2353438903302907,98,98,425,0.2659019812304484,0.28154327424400416,0.6538060479666319,0
24,57,340,17310.875,19657.625,30758.875,423,0.09674717345986397,0.10986271090767846,0.17190547647390864,30.053602430555557,6.050361649738381,0.26608023356401383,58,70,158,0.14420803782505912,0.16784869976359337,0.6832151300236406,0
27,39,185,5652.0,7189.5,4415.0,223,0.1136560156045768,0.14457358885157554,0.08878119407186953,7.753086419753086,4.726824457593688,0.12899926953981009,33,39,50,0.452914798206278,0.5605381165919282,0.27802690582959644,0
30,38,450,6295.125,8456.125,4496.25,251,0.0999210329994762,0.13422207584006604,0.07136791479500325,6.994583333333333,5.856042243767313,0.022203703703703705,39,45,49,0.5657370517928287,0.47410358565737054,0.2788844621513944,1
24,41,213,6265.0,6563.125,4233.0,247,0.10268976708354505,0.10757634119556131,0.06938320575652772,10.87673611111111,3.9042980368828077,0.0933015935991536,40,34,43,0.44129554655870445,0.2591093117408907,0.17813765182186234,0
30,42,262,4599.25,5166.5,4152.75,231,0.08619122580161541,0.09682164876970072,0.07782369146005509,5.110277777777778,2.928854875283447,0.060496911601888005,35,30,48,0.48917748917748916,0.21212121212121213,0.4458874458874459,0
18,54,294,5734.75,6638.375,5019.625,311,0.05929167399013658,0.06863426763577714,0.051897984925714166,17.699845679012345,2.27653463648834,0.05807331435975751,36,39,47,0.3311897106109325,0.2861736334405145,0.3987138263665595,0
24,49,304,5925.0,6647.75,4306.25,239,0.10372717564468409,0.11638014040370441,0.07538821099070395,10.286458333333334,2.7687421907538527,0.04659636859418283,40,38,48,0.41841004184100417,0.5313807531380753,0.2301255230125523,0
27,58,352,6454.0,6310.25,3441.75,215,0.13962141698215252,0.13651162790697674,0.07445646295294754,8.853223593964335,1.8758174791914388,0.027777553589876033,48,36,33,0.6186046511627907,0.641860465116279,0.3674418604651163,1
30,56,293,5151.25,6624.0,3396.625,287,0.0625386978110697,0.08041860408648885,0.04123669098811446,5.723611111111111,2.1122448979591835,0.03956510850446714,36,35,20,0.44947735191637633,0.3240418118466899,0.17770034843205576,0
24,54,332,5897.75,6260.375,3814.125,223,0.11859780007641417,0.12588982283979167,0.07669820426712784,10.239149305555555,2.1469050068587108,0.034603398533894617,39,28,25,0.4170403587443946,0.34080717488789236,0.11210762331838565,0
30,55,404,5048.875,4632.625,4899.125,207,0.11782947093281057,0.10811512520712269,0.11433464024831384,5.609861111111111,1.5314462809917355,0.03001620551906676,19,19,46,0.16908212560386474,0.2463768115942029,0.4251207729468599,1
24,55,281,6672.625,6953.0,8464.375,263,0.09646843239023262,0.10052191010423744,0.12237237779930316,11.584418402777779,2.298512396694215,0.10719690733400034,49,15,70,0.5247148288973384,0.07984790874524715,0.5779467680608364,0
27,58,293,4045.125,5105.5,3906.875,211,0.09085880820287055,0.11467622021068709,0.08775353204105928,5.548868312757202,1.5176872770511296,0.045508683851879464,40,31,37,0.46445497630331756,0.4028436018957346,0.17535545023696683,1
30,58,338,7114.25,7253.0,4498.625,223,0.14306038729916146,0.145850509762915,0.09046280842164532,7.904722222222222,2.156064209274673,0.03937734147964007,43,34,46,0.47533632286995514,0.4977578475336323,0.38565022421524664,0
18,55,162,4867.5,5421.75,3276.25,223,0.0978805123770838,0.10902592048905066,0.06588208087836071,15.023148148148149,1.7923140495867769,0.12483805822283188,38,33,43,0.42152466367713004,0.4618834080717489,0.3452914798206278,0
24,59,329,4582.25,5162.0,4157.0,231,0.08587264106744626,0.0967373175165383,0.07790333764359739,7.955295138888889,1.4829072105716747,0.03840504060383773,38,29,48,0.354978354978355,0.5151515151515151,0.43722943722943725,1
30,42,335,5936.5,6503.0,4035.75,207,0.13854465681812878,0.15176550211206796,0.09418539522509277,6.596111111111111,3.6865079365079363,0.03596123858320339,42,40,32,0.5265700483091788,0.48792270531400966,0.4106280193236715,1
24,58,272,5977.5,7003.0,4369.75,215,0.12931314223904813,0.15149810708491077,0.09453217955651703,10.377604166666666,2.081747919143876,0.05906344615051903,30,25,44,0.42790697674418604,0.3116279069767442,0.3627906976744186,1
24,47,402,5824.875,6941.375,5863.5,255,0.08957900807381776,0.10674932718185313,0.09017301038062284,10.112630208333334,3.142315527387958,0.036283136556025844,42,31,49,0.3686274509803922,0.3686274509803922,0.37254901960784315,1
30,51,280,5384.5,6112.875,4450.125,279,0.06917305790007837,0.07853027324931591,0.057169422283886384,5.982777777777778,2.35020184544406,0.05676179846938775,21,28,37,0.07526881720430108,0.17204301075268819,0.3548387096774194,1
24,56,189,6022.5,6047.5,4669.75,243,0.1019915663262714,0.10241494352148216,0.07908262629341734,10.455729166666666,1.9284119897959184,0.1307284230564654,52,28,46,0.2139917695473251,0.3950617283950617,0.3497942386831276,1
24,56,490,4545.0,5659.75,3506.5,223,0.09139536286673772,0.11381186028273241,0.07051217599388687,7.890625,1.804767219387755,0.014604331528529779,32,29,32,0.23766816143497757,0.23766816143497757,0.21076233183856502,1
30,62,322,6325.0,8072.75,4941.75,263,0.09144269831861093,0.11671052060894331,0.07144457777327994,7.027777777777778,2.1000910509885538,0.047661644998263954,29,35,44,0.4296577946768061,0.38022813688212925,0.2813688212927757,1
27,49,425,4204.625,5694.5,3555.875,223,0.08455076514709726,0.11451064771059141,0.07150505741116853,5.767661179698217,2.371720116618076,0.01968650519031142,30,24,34,0.4798206278026906,0.2914798206278027,0.15246636771300448,0
30,57,181,5159.25,6515.0,4661.25,239,0.09032142294427618,0.11405612646837415,0.08160308818122931,5.7325,2.005232379193598,0.14228045541955373,32,36,46,0.3807531380753138,0.5355648535564853,0.4769874476987448,0
24,41,244,4913.625,5892.25,3508.375,195,0.12922090729783037,0.15495726495726495,0.09226495726495726,8.530598958333334,3.505205234979179,0.058928631416285945,44,40,39,0.5948717948717949,0.5897435897435898,0.5282051282051282,0
24,41,344,4022.5,5048.875,3050.25,215,0.08702001081665765,0.10922390481341265,0.06598702001081666,6.983506944444445,3.0034949434860203,0.025776179691725257,29,35,0,0.5255813953488372,0.5255813953488372,0.0,0
30,51,183,5758.875,5826.5,4404.875,239,0.10081887571996288,0.1020027660580172,0.07711480891440976,6.39875,2.240099961553249,0.1315319955806384,40,31,36,0.3807531380753138,0.3598326359832636,0.4351464435146444,1
27,42,257,5167.625,5162.875,3776.25,235,0.0935740153915799,0.09348800362154822,0.06837935717519239,7.088648834019204,2.9267998866213154,0.05717346212660298,34,26,36,0.4595744680851064,0.5063829787234042,0.3404255319148936,1
18,55,263,6070.75,6726.5,4671.25,279,0.07798910599812438,0.08641332973625725,0.060010148893256766,18.736882716049383,2.2236363636363636,0.06753386632740101,44,26,30,0.4014336917562724,0.2616487455197133,0.12186379928315412,1
24,56,290,5019.0,6152.5,5554.625,223,0.10092702447264172,0.12372056546481933,0.1116979026322669,8.713541666666666,1.9618941326530612,0.06604785969084423,28,34,47,0.452914798206278,0.4663677130044843,0.2914798206278027,1
24,55,223,4229.5,5054.75,4786.5,263,0.061147334788705925,0.0730782576009484,0.06920007517818676,7.342881944444445,1.6709917355371902,0.09625168412797362,26,27,48,0.3916349809885932,0.1444866920152091,0.3726235741444867,1
24,57,381,5470.75,5986.875,4813.625,235,0.09906292440018108,0.10840878225441376,0.0871638750565867,9.49782986111111,1.8426823638042475,0.033160594098965976,28,25,41,0.4,0.3829787234042553,0.425531914893617,1
30,57,272,5008.0,4995.375,4508.375,247,0.0820862495697356,0.08187931288826239,0.0738968840662853,5.564444444444445,1.537511542012927,0.06093716208910035,40,28,41,0.48582995951417,0.38866396761133604,0.4008097165991903,1
27,58,406,6030.75,5706.0,4262.5,255,0.09274509803921568,0.08775086505190312,0.0655517108804306,8.272633744855968,1.6961950059453033,0.02585903564755272,41,28,28,0.23921568627450981,0.5019607843137255,0.35294117647058826,1
30,40,201,5141.5,5426.25,4539.0,291,0.060716099243041534,0.06407871895702696,0.05360116200800652,5.712777777777778,3.39140625,0.11234870423999406,27,31,43,0.23024054982817868,0.21305841924398625,0.14776632302405499,1
24,40,405,6031.5,5711.25,4353.75,263,0.08719946796975524,0.08256950367939395,0.06294365973196085,10.471354166666666,3.56953125,0.02654320987654321,42,33,46,0.3269961977186312,0.28517110266159695,0.25475285171102663,1
24,54,208,5597.75,5390.375,4532.125,243,0.09479838777964064,0.0912864739453674,0.0767519348337821,9.718315972222221,1.84855109739369,0.10475510817307693,31,36,46,0.448559670781893,0.4156378600823045,0.2962962962962963,1
30,42,389,5379.0,5399.0,3648.25,227,0.10438782045062003,0.10477595140600439,0.07079993789904714,5.976666666666667,3.060657596371882,0.02410934371303388,38,25,35,0.3964757709251101,0.22026431718061673,0.3656387665198238,1
27,52,281,3609.0,4262.25,2777.125,195,0.0949112426035503,0.11209072978303748,0.07303418803418803,4.950617283950617,1.5762758875739644,0.035170843834297943,22,0,30,0.39487179487179486,0.0,0.36923076923076925,1
30,57,215,4767.5,6115.5,4993.0,243,0.0807380311266914,0.10356652949245541,0.08455689342749242,5.2972222222222225,1.8822714681440442,0.1080151433207139,29,33,42,0.31275720164609055,0.32510288065843623,0.37037037037037035,1
24,41,324,7955.375,8249.5,6468.375,327,0.07439866640481067,0.07714932338280542,0.06049224251606206,13.811414930555555,4.907495538370018,0.06161765546410608,47,22,28,0.30275229357798167,0.12232415902140673,0.1651376146788991,1
24,55,282,6206.5,8106.75,6271.5,291,0.073292710289203,0.09573280901264747,0.07406029687887483,10.77517361111111,2.679917355371901,0.07886298475931794,32,39,43,0.3951890034364261,0.29896907216494845,0.3642611683848797,1
24,41,187,5027.75,6174.0,5202.0,283,0.0627770355479529,0.0770892382224775,0.06495274007666471,8.72873263888889,3.672813801308745,0.1487603305785124,30,32,44,0.45936395759717313,0.37809187279151946,0.40636042402826855,1
30,42,315,9895.0,11427.125,8963.5,319,0.09723764507031181,0.11229375694028164,0.08808384351568872,10.994444444444444,6.477962018140589,0.09033509700176366,45,51,68,0.29780564263322884,0.47335423197492166,0.5047021943573667,1
27,56,240,9395.25,10370.0,10003.0,303,0.10233473842433748,0.11295188924833077,0.10895445980241589,12.887860082304528,3.3067602040816326,0.17366319444444445,50,13,68,0.3069306930693069,0.0429042904290429,0.45874587458745875,1
30,56,295,7065.375,7434.125,5244.25,263,0.1021465540921511,0.10747769954748515,0.07581792421460481,7.850416666666667,2.370575573979592,0.06026141913243321,43,39,39,0.5665399239543726,0.5247148288973384,0.39923954372623577,1
24,50,266,7086.625,7643.75,6727.5,239,0.12406339174734336,0.13381680992979814,0.11777629943453372,12.303168402777779,3.0575,0.09508027587766409,33,31,48,0.25523012552301255,0.3389121338912134,0.6610878661087866,1
24,57,287,10053.0,10732.0,8272.875,295,0.11551852915828785,0.12332088480321747,0.09506320022981901,17.453125,3.3031702062172976,0.10043675411866115,77,45,67,0.5898305084745763,0.288135593220339,0.4033898305084746,1
49,49,196,10175.75,10005.5,8975.5,287,0.12353858854666197,0.12147167016717454,0.10896696572739745,4.238129945855893,4.1672219908371515,0.2336396293211162,44,38,60,0.49825783972125437,0.34494773519163763,0.6062717770034843,1
58,52,285,9136.75,9642.0,9243.75,263,0.13209313420752072,0.13939770706530383,0.13364006997354305,2.716037455410226,3.565828402366864,0.11380424746075715,61,35,60,0.5475285171102662,0.3041825095057034,0.6387832699619772,1
30,57,251,7395.625,8169.75,5968.125,315,0.07453388762912573,0.08233560090702947,0.060147392290249437,8.217361111111112,2.5145429362880884,0.09473063919620324,44,0,41,0.24444444444444444,0.0,0.2761904761904762,1
24,54,256,8605.75,9688.0,10693.25,351,0.06985129990827997,0.07863572535937208,0.08679515588347497,14.940538194444445,3.3223593964334706,0.16316604614257812,48,19,66,0.3418803418803419,0.05413105413105413,0.39886039886039887,1
24,54,285,8264.25,11082.0,10266.0,351,0.06707940682299657,0.08995056858304722,0.08332724572040812,14.34765625,3.8004115226337447,0.12638965835641736,44,41,66,0.42450142450142453,0.2222222222222222,0.48717948717948717,1
24,56,311,8764.75,8278.75,10580.25,295,0.10071531169204252,0.09513070956621661,0.1215771330077564,15.21657986111111,2.6399075255102042,0.10938937769460613,48,32,61,0.3559322033898305,0.19322033898305085,0.5559322033898305,1
24,56,441,7664.125,7526.0,6341.875,259,0.11425180006261088,0.11219272223133227,0.09454055544789136,13.305772569444445,2.399872448979592,0.03260922660825479,42,41,56,0.41312741312741313,0.416988416988417,0.38996138996138996,1
27,54,252,9331.0,11667.0,12066.75,383,0.06361076836027241,0.07953561616753813,0.08226076938284398,12.799725651577504,4.001028806584362,0.190015589569161,42,50,72,0.1618798955613577,0.23237597911227154,0.47780678851174935,1
30,56,409,7316.75,6801.75,7005.0,271,0.09962759221688158,0.09261516046894787,0.09538268814422461,8.129722222222222,2.168925382653061,0.04187564636748944,46,38,51,0.4317343173431734,0.3173431734317343,0.5387453874538746,1
30,63,453,8503.625,9034.5,9098.0,295,0.0977147371444987,0.10381499569089342,0.10454467107153118,9.448472222222222,2.2762660619803476,0.044335287438660095,40,24,58,0.26101694915254237,0.1423728813559322,0.39322033898305087,1
24,56,368,7053.75,8368.0,8865.75,267,0.0989458401716955,0.11738136318366087,0.12436350629129318,12.24609375,2.6683673469387754,0.06546660857750472,40,44,55,0.50187265917603,0.41947565543071164,0.5917602996254682,1
29,56,214,8491.875,8848.625,11583.5,319,0.08344920942207722,0.08695497292675976,0.11383044584860605,10.097354340071343,2.8216278698979593,0.2529369377238187,33,44,79,0.3542319749216301,0.3322884012539185,0.36363636363636365,1
27,52,265,8919.0,9150.0,11521.5,319,0.08764654435392734,0.0899165692161044,0.1132211751063767,12.234567901234568,3.3838757396449703,0.16406550373798504,48,49,73,0.43573667711598746,0.5611285266457681,0.5830721003134797,1
30,56,236,8250.75,7404.0,7003.75,263,0.11928392777111134,0.10704217207130362,0.10125562029232749,9.1675,2.360969387755102,0.12574960499856364,24,33,46,0.20152091254752852,0.23574144486692014,0.33460076045627374,1
24,41,286,11970.25,10642.25,10635.75,279,0.15377821456558882,0.13671779653396024,0.13663429298184762,20.78168402777778,6.3309042236763835,0.1300277519683114,71,48,68,0.6738351254480287,0.17204301075268819,0.6666666666666666,1
24,41,188,9544.5,9751.0,10122.25,311,0.09868074151425234,0.1008157483896982,0.10465410820814508,16.5703125,5.800713860797145,0.286392315527388,51,44,72,0.33762057877813506,0.3762057877813505,0.26688102893890675,1
24,40,388,7600.0,7746.25,6213.75,239,0.13305089196617706,0.1356112463017104,0.10878223420458326,13.194444444444445,4.84140625,0.04127530821553831,46,27,53,0.6443514644351465,0.19246861924686193,0.37656903765690375,0
30,43,240,8389.75,8038.5,9058.0,279,0.10778060405184928,0.10326820056268547,0.11636541154404491,9.321944444444444,4.3474851270957275,0.15725694444444444,57,32,65,0.2114695340501792,0.11827956989247312,0.43010752688172044,1
27,43,201,8225.25,7262.5,8030.25,271,0.11199806647512969,0.09888890401819148,0.10934287387154315,11.28292181069959,3.927798810167658,0.19876364446424594,51,33,57,0.5719557195571956,0.41697416974169743,0.5793357933579336,0
30,57,276,9000.375,9701.625,7742.5,303,0.09803368950756462,0.10567182955919355,0.08433269069481206,10.000416666666666,2.986034164358264,0.10163962402856543,52,47,59,0.5676567656765676,0.38613861386138615,0.4158415841584158,0
24,56,270,9378.75,9125.0,9282.25,299,0.1049065446695227,0.10206820952785763,0.10382713839889934,16.282552083333332,2.9097576530612246,0.12732853223593965,45,31,61,0.5083612040133779,0.1806020066889632,0.5451505016722408,0
24,59,238,9139.125,10305.0,10542.25,319,0.08980970116252789,0.1012666935269897,0.10359813681076248,15.866536458333334,2.9603562194771618,0.18611415154297012,57,53,67,0.45141065830721006,0.5266457680250783,0.5799373040752351,1
24,41,493,9272.25,8896.75,11663.75,271,0.12625440830054058,0.12114146049209569,0.15881796271837256,16.09765625,5.292534205829863,0.04798929433982448,52,37,72,0.5830258302583026,0.3173431734317343,0.6642066420664207,0
28,58,229,7045.625,8269.5,8140.5,271,0.09593585326997181,0.11260059095055895,0.110844078920494,8.986766581632653,2.4582342449464925,0.15523159360042715,45,43,60,0.5461254612546126,0.5719557195571956,0.5129151291512916,0
30,58,225,9022.5,10313.625,10015.125,415,0.05238786471185949,0.05988459863550588,0.058151400783858324,10.025,3.0658813912009513,0.19782962962962963,46,38,60,0.344578313253012,0.3493975903614458,0.3566265060240964,0
24,56,990,7985.5,8535.75,9530.75,279,0.10258732544545933,0.10965622229930243,0.12243868912269884,13.863715277777779,2.721859056122449,0.009724262830323436,35,37,61,0.4767025089605735,0.31899641577060933,0.3942652329749104,1
30,57,412,9900.25,11363.25,10296.5,355,0.0785578258282087,0.09016663360444356,0.08170204324538782,11.000277777777777,3.497460757156048,0.06065899236497314,49,34,62,0.35774647887323946,0.24225352112676057,0.4169014084507042,1
24,56,370,7920.875,9570.5,8653.625,275,0.10473884297520661,0.12655206611570247,0.11442809917355372,13.751519097222221,3.0518176020408165,0.06321128560993426,44,44,54,0.5636363636363636,0.4618181818181818,0.2872727272727273,1
28,64,424,8738.75,11037.25,10624.0,399,0.05489130093403936,0.0693290243151739,0.06673324916300777,11.146364795918368,2.69464111328125,0.05909576361694553,52,34,78,0.39849624060150374,0.22807017543859648,0.3458646616541353,0
30,42,302,7591.75,7750.5,8090.0,303,0.08269069481205546,0.08441982812142601,0.08811772266335545,8.435277777777777,4.3937074829931975,0.08870224990132011,36,39,49,0.30033003300330036,0.2706270627062706,0.5214521452145214,1
30,38,182,6378.0,6887.125,6242.375,251,0.10123648830970937,0.10931770924271043,0.09908374470246505,7.086666666666667,4.769477146814404,0.1884547458036469,37,35,48,0.44621513944223107,0.47808764940239046,0.3904382470119522,1
24,41,293,6899.375,6884.75,4789.375,227,0.13389305051524383,0.13360922975411904,0.09294523472219526,11.978081597222221,4.09562760261749,0.05578836095935887,35,36,42,0.42731277533039647,0.3392070484581498,0.47577092511013214,1
24,41,222,5527.5,6725.5,5576.5,243,0.0936086978610984,0.1138969330555979,0.09443851716371149,9.596354166666666,4.000892325996431,0.1131503124746368,38,43,57,0.2757201646090535,0.42386831275720166,0.3950617283950617,0
24,55,501,5173.75,7120.5,5165.25,295,0.05945130709566217,0.08182131571387533,0.05935363401321459,8.98220486111111,2.3538842975206613,0.02057860327249692,35,33,55,0.4406779661016949,0.4915254237288136,0.3152542372881356,1
28,64,249,5610.25,6683.25,4832.625,231,0.10513764734543955,0.12524596615505706,0.09056473829201102,7.15593112244898,1.63165283203125,0.07794430734988145,37,36,48,0.6103896103896104,0.45454545454545453,0.2727272727272727,1
30,52,531,4682.125,6304.25,4133.625,239,0.08196854046672852,0.11036659022075944,0.07236611753995903,5.202361111111111,2.331453402366864,0.014660272165299457,28,19,44,0.49372384937238495,0.16736401673640167,0.4393305439330544,1
24,56,345,5441.625,6175.5,3174.75,255,0.08368512110726643,0.09497116493656287,0.0488235294117647,9.447265625,1.9692283163265305,0.02667296786389414,40,33,14,0.5098039215686274,0.39215686274509803,0.11372549019607843,1
24,57,245,4904.5,5711.5,4588.25,227,0.09517941353412641,0.1108404975838848,0.08904209280211144,8.514756944444445,1.757925515543244,0.07643898375676801,11,23,49,0.048458149779735685,0.1013215859030837,0.5330396475770925,1
24,41,284,5443.5,5473.0,3654.25,271,0.07412072275704307,0.07452240574066257,0.04975762857259569,9.450520833333334,3.2558001189767993,0.04530661079150962,34,31,40,0.5424354243542435,0.3985239852398524,0.25461254612546125,1
27,58,447,4611.5,5965.75,3849.25,219,0.09615103938616792,0.12438752319593002,0.08025791789162028,6.325788751714677,1.773409631391201,0.019264647738590355,37,31,47,0.4657534246575342,0.4200913242009132,0.4018264840182648,1
53,54,253,5794.0,6857.0,5350.5,275,0.07661487603305785,0.09067107438016529,0.07075041322314049,2.0626557493770026,2.351508916323731,0.08358980768329453,37,34,54,0.4036363636363636,0.2727272727272727,0.26181818181818184,1
24,49,309,6652.375,6576.875,5587.25,255,0.10230488273740869,0.1011437908496732,0.08592464436755094,11.549262152777779,2.7392232403165346,0.05851687770341744,25,29,50,0.25098039215686274,0.23529411764705882,0.24705882352941178,1
24,56,225,6364.25,7978.25,5126.0,311,0.06580008477993404,0.08248725716235357,0.052997797789518304,11.04904513888889,2.5440848214285716,0.10125432098765431,36,8,51,0.3890675241157556,0.02572347266881029,0.18971061093247588,1
30,57,257,4701.0,5201.375,4850.625,235,0.0851244907197827,0.09418515165233138,0.0878338614757809,5.223333333333334,1.6009156663588797,0.07343979469787582,28,31,46,0.4851063829787234,0.5829787234042553,0.19574468085106383,1
24,56,544,4338.375,4646.5,3453.875,227,0.08419288167827825,0.09017252420966834,0.06702779017640552,7.531901041666667,1.4816645408163265,0.011671020085423875,28,26,0,0.5110132158590308,0.34801762114537443,0.0,1
28,64,255,4637.5,5413.25,5089.375,247,0.07601337507580849,0.08872871215722271,0.08342006917012244,5.915178571428571,1.32159423828125,0.07826797385620915,33,24,55,0.4898785425101215,0.1902834008097166,0.38461538461538464,0
30,58,326,6027.0,6173.0,3741.5,255,0.09268742791234141,0.09493271818531335,0.05753940792003076,6.696666666666666,1.8350178359096314,0.03520550265346833,32,28,40,0.4470588235294118,0.4823529411764706,0.24705882352941178,1
24,56,303,6246.0,6067.5,4931.25,247,0.10237833762231802,0.09945253978921142,0.08082823845662115,10.84375,1.9347895408163265,0.05371205437375421,31,27,47,0.5101214574898786,0.10931174089068826,0.3562753036437247,1
24,42,491,6987.5,7348.75,5067.0,215,0.1511627906976744,0.15897782585181178,0.10961600865332612,12.13107638888889,4.165958049886621,0.021017832180885262,38,31,46,0.627906976744186,0.3627906976744186,0.3488372093023256,1
24,40,225,7260.125,6988.125,5078.25,263,0.10496212175974787,0.1010297242984574,0.07341800517572901,12.604383680555555,4.367578125,0.10031111111111111,29,45,51,0.2509505703422053,0.29277566539923955,0.30798479087452474,1
27,43,270,6103.5,6210.75,4325.25,303,0.06648041041727935,0.0676485965428226,0.047111394307747606,8.372427983539094,3.3589778258518117,0.05933127572016461,33,24,40,0.40924092409240925,0.1485148514851485,0.22772277227722773,1
30,58,537,7125.75,7497.0,5228.0,287,0.08651009481722492,0.091017251635931,0.0634704803991793,7.9175,2.2285969084423307,0.018129549292746447,30,27,30,0.21951219512195122,0.2578397212543554,0.1916376306620209,0
19,57,327,8321.5,10209.5,7052.25,319,0.08177494324937845,0.10032822004500742,0.06930209019172374,23.05124653739612,3.142351492767005,0.06595264147237886,56,50,49,0.4670846394984326,0.5454545454545454,0.1536050156739812,1
24,49,273,12600.0,13088.0,12515.75,311,0.130271605959409,0.13531704593624963,0.1294005438322598,21.875,5.451062057476052,0.16793127507413222,64,64,62,0.662379421221865,0.4983922829581994,0.19935691318327975,0
24,56,236,10332.875,9946.625,8054.625,291,0.12202117358085049,0.11745993788453137,0.09511726361285294,17.93901909722222,3.1717554209183674,0.1446176565642057,68,66,66,0.4639175257731959,0.41580756013745707,0.3951890034364261,0
24,56,260,6905.25,8166.5,6090.0,335,0.061530407663176655,0.0727689908665627,0.054265983515259526,11.98828125,2.604113520408163,0.0900887573964497,39,33,50,0.39104477611940297,0.19701492537313434,0.14925373134328357,1
28,58,271,5765.25,6551.5,5060.75,211,0.12949506974236877,0.14715527503874576,0.11367107657060713,7.353635204081633,1.9475326991676576,0.06890905624923407,26,24,47,0.32701421800947866,0.2037914691943128,0.36492890995260663,1
30,41,312,6295.5,6682.5,4964.25,335,0.056097126308754734,0.059545555803074184,0.04423479616841167,6.995,3.9753123140987507,0.05099697978303747,41,32,45,0.4417910447761194,0.16716417910447762,0.13432835820895522,1
24,50,322,5276.0,5918.75,3358.0,227,0.10238894603039066,0.11486250460905509,0.06516718740903181,9.159722222222221,2.3675,0.0323868677905945,36,21,34,0.32599118942731276,0.09251101321585903,0.14977973568281938,0
24,56,219,6531.5,6597.75,6487.25,267,0.0916200255298854,0.09254934141312124,0.09099931265693165,11.339409722222221,2.103874362244898,0.13526094118137655,40,27,57,0.4157303370786517,0.352059925093633,0.3146067415730337,1
30,57,261,5286.75,5901.0,4080.0,271,0.07198635639492926,0.0803502130962269,0.05555479909042633,5.8741666666666665,1.8162511542012927,0.05989342493504206,32,32,48,0.28044280442804426,0.3210332103321033,0.25092250922509224,0
27,43,291,5276.75,6671.25,5360.25,279,0.06778882594005729,0.0857035495432998,0.06886152541719659,7.2383401920438954,3.608031368307193,0.06329932334289864,34,28,51,0.4229390681003584,0.34050179211469533,0.22939068100358423,0
19,56,239,6488.5,7740.0,6834.5,303,0.07067389907307563,0.0843054602489952,0.0744425927741289,17.973684210526315,2.4681122448979593,0.11964951593984699,42,40,61,0.42574257425742573,0.33663366336633666,0.2871287128712871,1
24,63,349,5207.25,5934.25,6376.75,275,0.06885619834710743,0.0784694214876033,0.08432066115702479,9.040364583333334,1.4951499118165785,0.05235383945944615,35,20,55,0.3527272727272727,0.07272727272727272,0.4218181818181818,0
49,56,281,6612.5,6272.75,6217.875,255,0.10169165705497886,0.09646674356016917,0.09562283737024221,2.754060807996668,2.0002391581632653,0.07874615316422032,32,24,56,0.49019607843137253,0.27450980392156865,0.2235294117647059,1
24,48,692,7018.625,7312.375,4798.875,271,0.09556821121716752,0.09956802058795496,0.0653432687463406,12.185112847222221,3.1737738715277777,0.01002137350061813,46,30,48,0.4132841328413284,0.35793357933579334,0.36900369003690037,1
24,41,361,6471.125,6664.875,3592.875,227,0.12558219643307653,0.12934221506336238,0.06972530031632673,11.23459201388889,3.9648274836406903,0.02756942472817121,37,33,43,0.6167400881057269,0.6123348017621145,0.29955947136563876,1
34,43,306,7210.25,7497.0,4459.5,303,0.0785353287804028,0.08165866091559651,0.04857366924811293,6.237240484429066,4.054624121146566,0.04762591311034218,44,29,6,0.3069306930693069,0.297029702970297,0.033003300330033,1
30,62,405,6747.5,6685.25,5015.0,259,0.10058734962209866,0.09965936703388441,0.07476036433565392,7.497222222222222,1.7391389177939647,0.03057460752934004,30,32,53,0.33204633204633205,0.12355212355212356,0.20463320463320464,0
24,56,244,6150.25,6104.25,3972.0,235,0.11136713444997737,0.11053417836124943,0.07192394748755093,10.67751736111111,1.9465082908163265,0.0667159365761892,29,23,43,0.4127659574468085,0.3829787234042553,0.2127659574468085,0
24,50,404,6764.0,6972.5,6149.5,251,0.10736337518452088,0.11067284646275456,0.09760956175298804,11.743055555555555,2.789,0.037677065973924125,46,31,58,0.3665338645418327,0.46215139442231074,0.32270916334661354,1
24,55,204,7625.0,7400.5,6356.0,267,0.10695899788186115,0.103809844436028,0.08915821515240781,13.237847222222221,2.4464462809917356,0.15272971933871587,31,30,59,0.20599250936329588,0.20973782771535582,0.27715355805243447,1
27,43,316,5763.0,6442.25,3618.75,243,0.09759691103998375,0.10910006943386001,0.0612838490067571,7.905349794238683,3.4841806381828015,0.03623968514661112,23,26,27,0.12345679012345678,0.20164609053497942,0.1728395061728395,1
30,63,294,9524.0,7459.25,9346.0,343,0.08095266428103937,0.06340257885744885,0.07943968924512745,10.582222222222223,1.8793776769967245,0.10812624369475682,61,56,63,0.23615160349854228,0.21865889212827988,0.5364431486880467,1
24,56,326,5045.625,5811.75,4206.0,219,0.10520266466504034,0.12117658097203979,0.08769625320572966,8.759765625,1.8532366071428572,0.03957619782453235,34,26,0,0.5114155251141552,0.3150684931506849,0.0,1
30,57,233,4957.0,5259.25,4639.25,251,0.07868129077316233,0.08347883366930683,0.0736377200361899,5.507777777777778,1.618728839642967,0.08545469616312697,21,19,47,0.1752988047808765,0.07569721115537849,0.38247011952191234,1
24,56,242,5437.0,6207.0,3675.5,235,0.0984517881394296,0.1123947487550928,0.06655500226346764,9.43923611111111,1.9792729591836735,0.06276039887985793,28,39,42,0.5276595744680851,0.4297872340425532,0.1829787234042553,1
24,41,216,5987.0,7048.0,4429.5,227,0.11618700149430418,0.13677734867744376,0.08596130334374819,10.394097222222221,4.192742415229031,0.09493955761316872,27,37,47,0.3788546255506608,0.28193832599118945,0.36123348017621143,1
27,43,370,5636.0,6113.0,4210.0,247,0.09237981281450278,0.10019833139372879,0.06900621219820026,7.73113854595336,3.3061114115738235,0.030752373995617237,31,27,44,0.4777327935222672,0.3967611336032389,0.32793522267206476,1
30,57,240,7392.5,6230.0,5111.625,303,0.0805204282804518,0.06785827097561241,0.055676731039440576,8.213888888888889,1.917513080947984,0.08874348958333333,38,25,42,0.19141914191419143,0.1419141914191419,0.13861386138613863,1
24,41,363,7066.375,8445.375,3467.5,283,0.08823152992296071,0.1054498745146025,0.043295583663174715,12.268012152777779,5.024018441403927,0.026314990627537584,41,41,35,0.5371024734982333,0.3215547703180212,0.22968197879858657,0
24,62,256,6700.5,6867.5,5100.75,215,0.14495402920497566,0.14856679286100594,0.11034613304488913,11.6328125,1.7865504682622269,0.07783126831054688,44,30,48,0.35348837209302325,0.14418604651162792,0.5209302325581395,1
30,51,183,6413.0,7169.75,4679.75,255,0.0986236063052672,0.11026143790849673,0.0719684736639754,7.125555555555556,2.7565359477124183,0.13973991459882348,52,39,48,0.6352941176470588,0.3215686274509804,0.32941176470588235,1
27,58,227,4787.5,5730.75,4847.0,247,0.07847202871707452,0.09393286236456916,0.07944729466144339,6.56721536351166,1.7035523186682522,0.09406353703739642,36,31,49,0.4089068825910931,0.23076923076923078,0.41700404858299595,0
30,56,383,4262.25,5102.5,3668.25,203,0.10343007595428183,0.12382003931180081,0.0890157489868718,4.735833333333333,1.6270727040816326,0.02500698757234694,26,26,40,0.2315270935960591,0.458128078817734,0.2512315270935961,1
24,55,275,5564.0,6132.25,2774.75,279,0.07147904060841972,0.0787791780681132,0.03564638172685346,9.659722222222221,2.027190082644628,0.036690909090909093,34,25,36,0.27956989247311825,0.24372759856630824,0.21505376344086022,0
24,62,322,4480.5,5509.25,2949.5,263,0.06477612803423499,0.07964912027064147,0.042641934970868454,7.778645833333333,1.4332075962539021,0.02844701207515142,35,35,40,0.2965779467680608,0.4790874524714829,0.23574144486692014,0
24,41,261,5239.75,6100.0,4025.25,231,0.09819437416840014,0.11431569873128315,0.07543430595378647,9.096788194444445,3.6287923854848305,0.05908970801955344,31,30,46,0.2727272727272727,0.14285714285714285,0.2857142857142857,0
27,52,382,5997.625,6738.5,4519.375,267,0.08413114225196033,0.09452369930844871,0.06339512407243754,8.227194787379972,2.4920488165680474,0.03097074504536608,33,34,51,0.5205992509363296,0.45318352059925093,0.299625468164794,0
30,42,394,4937.375,6411.625,3900.625,267,0.06925858126779727,0.08993848980908696,0.05471566440825373,5.485972222222222,3.6347080498866213,0.025127064598417893,36,25,50,0.44569288389513106,0.32209737827715357,0.29213483146067415,0
30,55,288,5660.5,6673.75,4602.375,271,0.07707547555180348,0.090872264811209,0.06266765158426492,6.289444444444444,2.206198347107438,0.055487738715277776,47,29,43,0.4575645756457565,0.1070110701107011,0.33948339483394835,0
24,53,287,6187.25,6195.75,4956.25,231,0.1159507880287101,0.11611008039579468,0.09288150521916756,10.741753472222221,2.205678177287291,0.0601713023103352,43,30,52,0.4935064935064935,0.3722943722943723,0.3852813852813853,0
24,41,402,4204.625,5401.375,4557.125,211,0.09444138721052986,0.12132196042317109,0.10235899912400889,7.299696180555555,3.213191552647234,0.02819933293730353,25,27,50,0.12796208530805686,0.44549763033175355,0.5213270142180095,1
24,41,275,4664.375,5067.75,2880.25,205,0.11099048185603808,0.12058893515764425,0.06853658536585366,8.09787326388889,3.0147233789411065,0.038085950413223144,32,29,37,0.5317073170731708,0.5365853658536586,0.35609756097560974,0
27,50,404,4816.25,4690.75,3476.5,235,0.08721140787686736,0.08493888637392485,0.06295156179266637,6.606652949245542,1.8763,0.021299995098519754,31,31,43,0.23404255319148937,0.3446808510638298,0.31063829787234043,0
30,57,257,4666.25,6205.75,5384.75,207,0.1088998576396182,0.14482835071997013,0.1256680435949497,5.184722222222222,1.9100492459218221,0.08152659389241321,31,26,54,0.6328502415458938,0.5314009661835749,0.4927536231884058,0
30,42,299,4939.75,5722.0,3914.5,211,0.11095325801307249,0.12852361806787807,0.08792479953280474,5.488611111111111,3.243764172335601,0.04378586369279985,37,22,48,0.6255924170616114,0.10426540284360189,0.3080568720379147,1
18,56,288,4877.75,5571.5,4106.5,211,0.10956065676871589,0.12514319085375442,0.09223737112823162,15.054783950617283,1.776626275510204,0.0495093074845679,38,28,44,0.3744075829383886,0.4549763033175355,0.46919431279620855,1
24,40,309,4931.25,5139.25,3452.25,219,0.1028179145555764,0.10715477158524635,0.0719803590417214,8.561197916666666,3.21203125,0.036156408081188925,36,30,43,0.5753424657534246,0.45662100456621,0.3470319634703196,0
27,51,216,4012.25,4833.0,4256.25,219,0.08365651258314047,0.10076937511728279,0.08874397948333021,5.503772290809328,1.8581314878892734,0.09122620884773662,33,28,46,0.2831050228310502,0.3242009132420091,0.2876712328767123,0
30,44,425,4004.625,5518.875,4746.25,191,0.10977289547983882,0.15128080370603875,0.1301019708889559,4.449583333333333,2.8506585743801653,0.02627681660899654,36,28,50,0.44502617801047123,0.39790575916230364,0.5759162303664922,1
24,38,262,4620.125,5312.125,3003.125,203,0.11211446528670921,0.12890691353830475,0.07287546409764857,8.021050347222221,3.678756925207756,0.04374927160421887,24,26,37,0.2561576354679803,0.2561576354679803,0.4630541871921182,0
24,49,308,5013.25,5875.75,5166.5,247,0.08217230244717992,0.09630956088445967,0.08468422691734007,8.703559027777779,2.4472094960433153,0.05446217743295666,38,37,56,0.2145748987854251,0.3157894736842105,0.4089068825910931,1
30,42,316,5523.625,6483.875,3227.0,223,0.11107452391964447,0.13038418226789197,0.06489171308492027,6.137361111111111,3.6756660997732427,0.03231653581156866,37,45,20,0.4798206278026906,0.4798206278026906,0.15246636771300448,0
18,56,424,4989.625,5308.625,4352.5,223,0.10033632286995516,0.10675109091274709,0.08752438215125982,15.400077160493828,1.6928013392857142,0.02421068440726237,39,27,47,0.5201793721973094,0.40358744394618834,0.515695067264574,0
27,52,246,5146.375,6325.5,3249.875,279,0.06611393738518262,0.08126180290592361,0.0417501702187793,7.059499314128944,2.3393121301775146,0.053702739771300155,40,32,37,0.2867383512544803,0.4767025089605735,0.30824372759856633,0
30,38,317,5646.75,5631.0,3686.25,239,0.09885593739605399,0.0985802069291504,0.06453405927767371,6.274166666666667,3.899584487534626,0.03668311954542288,28,32,50,0.2217573221757322,0.5774058577405857,0.3723849372384937,0
24,60,315,5637.0,6618.25,4270.75,259,0.08403273654238905,0.0986605745293004,0.06366556849182332,9.786458333333334,1.8384027777777778,0.04304106827916352,37,29,44,0.4555984555984556,0.11969111969111969,0.3088803088803089,1
24,41,376,5220.75,6615.0,4688.75,231,0.09783830887726992,0.12396694214876033,0.08786848072562359,9.063802083333334,3.935157644259369,0.033165105817111816,31,30,46,0.5238095238095238,0.23376623376623376,0.37662337662337664,0
59,55,289,8119.5,6843.125,6330.375,347,0.06743266699333106,0.05683233811426056,0.052573935503160064,2.3325193909796034,2.262190082644628,0.07579381233462243,49,45,52,0.29971181556195964,0.27953890489913547,0.3919308357348703,1
47,58,266,8114.5,7561.0,4522.5,295,0.09324332088480322,0.08688307957483482,0.05196782533754668,3.6733816206428247,2.2476218787158144,0.06391684097461699,33,33,44,0.3525423728813559,0.30847457627118646,0.24067796610169492,0
72,78,266,5884.0,6658.25,4756.0,279,0.07558998471242662,0.08553654243907452,0.06109890674580234,1.1350308641975309,1.094386916502301,0.06721691446661768,33,46,55,0.4731182795698925,0.5017921146953405,0.1971326164874552,0
54,78,356,5142.0,6622.5,3765.25,295,0.05908646940534329,0.07609882217753519,0.043266302786555584,1.7633744855967077,1.0885108481262327,0.02970939590960737,35,34,43,0.2711864406779661,0.39661016949152544,0.19661016949152543,0
47,60,174,4333.75,4873.5,4769.5,287,0.05261384744260583,0.059166676783741455,0.05790406585001639,1.9618605703938434,1.35375,0.15753402034614877,32,25,55,0.28222996515679444,0.22996515679442509,0.2508710801393728,0
33,63,755,5550.0,6302.25,4679.0,255,0.0853517877739331,0.0969204152249135,0.07195693963860054,5.096418732782369,1.5878684807256236,0.008208411911758256,35,28,51,0.33725490196078434,0.3215686274509804,0.35294117647058826,0
25,52,339,4883.0,5747.25,4224.5,255,0.07509419454056132,0.08838523644752018,0.06496732026143791,7.8128,2.1254622781065087,0.03676003515458445,35,27,49,0.44313725490196076,0.43137254901960786,0.30196078431372547,0
30,57,256,6395.25,6760.0,4701.25,283,0.07985178988375433,0.084406098215735,0.05870032089300653,7.105833333333333,2.0806401969836874,0.07173538208007812,37,31,54,0.13074204946996468,0.4169611307420495,0.28975265017667845,0
55,56,293,5025.625,5938.75,6430.125,255,0.07728758169934641,0.09133025759323338,0.09888696655132641,1.6613636363636364,1.893734056122449,0.07490040652774056,35,30,55,0.43137254901960786,0.4470588235294118,0.3137254901960784,1
24,59,301,5365.75,6100.5,5380.25,243,0.09086944740808481,0.10331250317532896,0.09111500618130705,9.315538194444445,1.7525136455041654,0.05938400238407965,45,30,55,0.2839506172839506,0.37037037037037035,0.4074074074074074,1
55,75,331,4621.375,5536.25,4884.75,255,0.07107074202229911,0.08514033064206075,0.07512110726643599,1.5277272727272728,0.9842222222222222,0.044584751873385606,33,31,55,0.3215686274509804,0.2,0.34509803921568627,0
23,56,471,4874.375,5165.75,3769.875,231,0.09134714491857349,0.09680759356084032,0.07064850733681903,9.214319470699433,1.6472417091836735,0.016993590003651263,38,26,45,0.1645021645021645,0.3722943722943723,0.41125541125541126,0
71,55,297,6029.875,6767.625,4339.25,283,0.07528967773352145,0.08450130479841177,0.05418034936133551,1.196166435231105,2.2372314049586777,0.04919282612885306,36,29,49,0.24028268551236748,0.24028268551236748,0.19434628975265017,0
58,42,265,4992.25,7219.75,4485.75,231,0.09355615524446693,0.1353001255598658,0.08406420419407433,1.4840219976218787,4.092828798185941,0.06387682449270203,33,32,49,0.2510822510822511,0.23809523809523808,0.41125541125541126,0
69,62,206,5132.125,5061.375,4218.5,259,0.07650638779982409,0.07545169272968501,0.06288665941175593,1.0779510607015332,1.3166948491155046,0.09940852106701857,33,31,52,0.4092664092664093,0.40540540540540543,0.3474903474903475,0
25,49,286,5078.75,6251.5,4254.75,275,0.06715702479338843,0.08266446280991735,0.05626115702479339,8.126,2.603706788837984,0.05201660227884004,28,37,51,0.3054545454545455,0.3090909090909091,0.2872727272727273,0
35,58,481,4920.875,6795.625,5041.25,219,0.10260159296094744,0.14169064448197494,0.105111444715498,4.0170408163265305,2.0201025564803805,0.021789541020310253,0,38,54,0.0,0.5114155251141552,0.410958904109589,0
24,61,178,4818.0,6069.0,3946.25,227,0.09350074715208911,0.11777833841138,0.0765830891342739,8.364583333333334,1.6310131685030906,0.12455024618103774,30,30,46,0.3303964757709251,0.44933920704845814,0.2907488986784141,0
27,58,220,3909.75,4670.75,3104.0,199,0.09872856746041767,0.1179452539077296,0.07838185904396354,5.363168724279835,1.3884512485136742,0.06413223140495868,31,27,37,0.3768844221105528,0.45226130653266333,0.3165829145728643,0
30,40,354,5496.25,6644.75,4446.125,263,0.07946117480374155,0.09606543393716839,0.0642791568477208,6.106944444444444,4.15296875,0.03547930830859587,39,31,48,0.3726235741444867,0.3840304182509506,0.3231939163498099,0
24,38,235,5073.5,5611.0,4641.25,235,0.09186962426437302,0.10160253508374831,0.08404255319148936,8.808159722222221,3.8857340720221605,0.08404255319148936,37,28,50,0.5659574468085107,0.40425531914893614,0.33617021276595743,0
24,55,356,5945.875,6315.75,5672.125,223,0.11956554525528364,0.12700335820145187,0.11406070904301313,10.322699652777779,2.0878512396694213,0.04475543649791693,36,23,51,0.5381165919282511,0.11210762331838565,0.5112107623318386,1
25,42,236,4194.75,5114.0,3965.875,215,0.09074634937804218,0.11063277447268793,0.08579502433747972,6.7116,2.899092970521542,0.07120574188451595,33,34,43,0.29767441860465116,0.16279069767441862,0.31627906976744186,0
27,57,228,4608.0,5171.0,5044.5,227,0.08942537212055347,0.10035125851462283,0.09789633022181685,6.320987654320987,1.5915666358879654,0.09703947368421052,29,33,50,0.14537444933920704,0.3436123348017621,0.3964757709251101,0
30,59,321,3994.25,5214.25,4011.75,243,0.06764297447882267,0.08830378160510763,0.0679393385154702,4.438055555555556,1.4979172651536914,0.03893353131277841,24,32,50,0.2716049382716049,0.2222222222222222,0.205761316872428,0
24,56,334,5462.625,8448.875,6053.125,219,0.11389722899856133,0.17616136027188758,0.12620931590250412,9.483723958333334,2.694156568877551,0.05426086449854781,39,38,61,0.5388127853881278,0.2968036529680365,0.4611872146118721,0
24,55,440,5605.75,6687.0,4224.75,235,0.10150746944318696,0.12108646446355817,0.07650067904028972,9.73220486111111,2.2105785123966943,0.021822055785123966,40,27,50,0.4297872340425532,0.1148936170212766,0.3276595744680851,0
24,56,269,5338.25,6407.25,4883.75,251,0.08473278201933303,0.10170076665449755,0.07751861081570134,9.26779513888889,2.04312818877551,0.06749146639764514,32,32,49,0.4262948207171315,0.3665338645418327,0.3545816733067729,1
24,57,387,5745.0,6105.75,3432.0,231,0.10766289987069208,0.11442345533254625,0.06431663574520717,9.973958333333334,1.8792705447830103,0.022915289545900688,35,31,36,0.4675324675324675,0.5930735930735931,0.22943722943722944,1
27,41,366,5976.625,6730.875,4726.625,283,0.07462479241843449,0.08404244028518273,0.059017155914045626,8.198388203017833,4.00408982748364,0.035284906984382934,33,0,52,0.21201413427561838,0.0,0.3286219081272085,1
30,40,735,5256.375,6162.75,3039.75,259,0.07835862613854892,0.09187027623321059,0.04531461963894396,5.840416666666667,3.85171875,0.005626822157434402,33,24,41,0.5019305019305019,0.23166023166023167,0.25868725868725867,0
24,55,277,6223.625,5963.75,5388.0,239,0.10895511283065773,0.10440556012674848,0.094326079725495,10.80490451388889,1.971487603305785,0.07022116800688136,41,37,55,0.5983263598326359,0.3263598326359833,0.3723849372384937,1
24,49,228,6033.75,7733.25,5163.5,271,0.08215778652251467,0.10529881129069593,0.0703081385057393,10.475260416666666,3.2208454810495626,0.09932863958140967,34,39,53,0.23985239852398524,0.2878228782287823,0.33210332103321033,0
30,42,212,6533.625,7859.625,4220.5,263,0.09445886162876434,0.11362929925255534,0.061017218696236754,7.2595833333333335,4.455569727891157,0.0939057493770025,42,38,43,0.4068441064638783,0.2813688212927757,0.38022813688212925,1
27,58,339,6531.75,7402.5,5091.0,271,0.08893873994090494,0.10079519614384336,0.06932095151209815,8.959876543209877,2.2005053507728896,0.044299997389511056,44,0,47,0.5350553505535055,0.0,0.3505535055350554,1
30,58,332,5461.75,6633.75,3722.0,263,0.07896239644927641,0.09590640315748385,0.05381023290780552,6.068611111111111,1.9719827586206897,0.033767600522572216,31,41,44,0.21673003802281368,0.44866920152091255,0.30798479087452474,0
24,62,365,6904.25,8235.875,5325.375,275,0.09129586776859504,0.10890413223140497,0.07041818181818182,11.98654513888889,2.142527315296566,0.03997279039219366,38,45,54,0.48,0.4509090909090909,0.26181818181818184,1
24,55,377,5984.0,7350.25,5543.25,219,0.1247680406997352,0.15325472779967056,0.11557828235441296,10.38888888888889,2.4298347107438016,0.03900154085373147,27,32,57,0.4383561643835616,0.3424657534246575,0.4337899543378995,1
24,47,454,5643.875,7077.5,3888.875,267,0.07916894612071988,0.09927899114870457,0.05455084234594398,9.798394097222221,3.203938433680398,0.018867409614003766,29,32,51,0.45692883895131087,0.29213483146067415,0.352059925093633,0
27,43,388,6118.25,7612.25,5150.0,287,0.07427855139676334,0.09241644307931382,0.0625235221988855,8.392661179698218,4.116955110870741,0.03420926772239345,33,28,56,0.24738675958188153,0.33797909407665505,0.20209059233449478,0
30,57,351,7334.0,9588.25,5528.25,263,0.10603015801876563,0.13862062484639073,0.07992380979918749,8.148888888888889,2.951138811942136,0.04487179487179487,45,31,56,0.46387832699619774,0.2889733840304182,0.35361216730038025,0
30,38,557,6388.5,7413.125,4529.875,195,0.1680078895463511,0.19495397764628533,0.11912886259040105,7.098333333333334,5.1337430747922435,0.014600772282908245,39,31,49,0.49743589743589745,0.5384615384615384,0.4666666666666667,1
24,57,421,7431.75,7353.0,5533.5,271,0.10119347503438134,0.10012118571370215,0.0753461962663907,12.90234375,2.263157894736842,0.031220203000434436,44,42,60,0.2878228782287823,0.3505535055350554,0.36900369003690037,1
24,40,413,8291.75,9920.25,6052.5,279,0.10652162741999717,0.12744247889929472,0.07775465371719274,14.395399305555555,6.20015625,0.03548417356026007,38,43,58,0.36200716845878134,0.5985663082437276,0.31899641577060933,1
24,56,225,8033.25,9457.25,6947.5,303,0.08749959154331274,0.10301005348059558,0.07567340892505092,13.946614583333334,3.015704719387755,0.13723456790123456,51,43,67,0.33003300330033003,0.22442244224422442,0.22112211221122113,1
27,52,614,6567.75,7302.25,4808.75,287,0.07973570153820005,0.08865289125763333,0.05838058007260013,9.00925925925926,2.70053624260355,0.012755440376025209,46,40,51,0.4843205574912892,0.37282229965156793,0.289198606271777,1
30,40,664,6669.0,8781.75,5149.75,263,0.09641602451965475,0.12696077722679236,0.07445170524367853,7.41,5.48859375,0.011680192154158804,48,34,54,0.49809885931558934,0.30798479087452474,0.2623574144486692,0
18,57,341,6163.125,7367.875,4615.5,255,0.09478085351787774,0.11330834294502115,0.07098039215686275,19.02199074074074,2.26773622653124,0.03969264110215771,33,34,55,0.25098039215686274,0.4549019607843137,0.38823529411764707,0
24,41,506,6821.625,6853.75,3810.625,255,0.10490772779700115,0.10540176855055748,0.05860246059207997,11.843098958333334,4.077186198691256,0.014883160961739755,45,27,47,0.3803921568627451,0.12156862745098039,0.32941176470588235,0
24,49,301,6200.625,7274.125,5016.625,279,0.07965757120283655,0.09344850400174715,0.06444707801801107,10.764973958333334,3.0296230737192835,0.05537052571163674,38,33,54,0.4838709677419355,0.30824372759856633,0.1935483870967742,0
27,58,278,6569.75,7527.75,6258.25,239,0.11501461809141997,0.1317860331576828,0.10956128219043784,9.012002743484224,2.2377378121284184,0.08097730448734537,45,43,61,0.4309623430962343,0.3179916317991632,0.5564853556485355,0
30,51,290,5596.375,7793.625,4077.75,223,0.11253745299523417,0.15672193287618894,0.08199943694825956,6.218194444444444,2.9963956170703576,0.04848692033293698,32,44,50,0.2556053811659193,0.5201793721973094,0.3542600896860987,0
24,40,625,6022.0,8975.5,5116.0,267,0.08447306035994333,0.12590301449031407,0.07176422730014448,10.45486111111111,5.6096875,0.01309696,28,51,56,0.20973782771535582,0.39325842696629215,0.41198501872659177,0
24,44,423,6771.0,7131.625,4625.375,255,0.10412918108419839,0.10967512495194157,0.07113225682429834,11.755208333333334,3.683690599173554,0.025850337284621275,33,37,56,0.2901960784313726,0.25098039215686274,0.33725490196078434,0
30,58,434,6608.75,8810.75,4526.0,247,0.10832418167811307,0.14441721713189856,0.07418577586913407,7.343055555555556,2.619129013079667,0.02402896642527979,43,46,48,0.6477732793522267,0.6356275303643725,0.4008097165991903,1
62,60,608,8524.75,9175.75,7480.75,275,0.11272396694214876,0.12133223140495868,0.09891900826446282,2.2176768990634756,2.5488194444444443,0.020236620282202217,56,43,59,0.3490909090909091,0.36727272727272725,0.52,1
27,57,391,5819.25,8333.5,5483.25,295,0.06686871588623959,0.09575983912668773,0.06300775639184142,7.982510288065844,2.5649430594028932,0.03586613117391958,33,31,55,0.4101694915254237,0.3050847457627119,0.39661016949152544,1
24,55,230,4933.375,6220.875,5954.0,207,0.11513395878550257,0.14518133445354617,0.13895306774953908,8.564887152777779,2.056487603305785,0.11255198487712666,31,33,54,0.4251207729468599,0.357487922705314,0.5265700483091788,1
23,54,395,5845.0,7455.5,4171.625,235,0.10583974649162517,0.13500226346763242,0.07553870529651426,11.04914933837429,2.556755829903978,0.0267369011376382,33,35,47,0.5234042553191489,0.2851063829787234,0.33191489361702126,1
24,55,556,5362.75,8143.875,4434.375,263,0.07753111943211555,0.11773879917303995,0.0641092830603305,9.31032986111111,2.692190082644628,0.014344414755965013,28,31,49,0.4068441064638783,0.3840304182509506,0.34980988593155893,1
30,62,367,6736.5,8277.0,4890.625,351,0.05467893929432391,0.0671828962427253,0.03969630928320387,7.485,2.153225806451613,0.03631050048630549,24,24,54,0.13675213675213677,0.20797720797720798,0.25071225071225073,0
27,42,357,6807.25,7663.75,6053.5,311,0.07038026902120532,0.07923563652154134,0.06258723545041925,9.337791495198903,4.34452947845805,0.0474974303446869,43,33,55,0.21221864951768488,0.2057877813504823,0.29260450160771706,1
24,41,449,6477.875,8016.25,6038.125,263,0.09365286472263586,0.11589368069510908,0.08729524787115615,11.24631076388889,4.768738845925045,0.02995086829926439,34,33,58,0.42585551330798477,0.12547528517110265,0.4372623574144487,0
30,51,349,5194.25,7580.875,5220.375,211,0.11666966150805239,0.170276386424384,0.11725646324206554,5.771388888888889,2.914600153787005,0.04285986978760437,30,44,55,0.4786729857819905,0.5308056872037915,0.4312796208530806,0
24,41,514,6604.625,7613.0,5283.125,279,0.08484763813414524,0.09780192957438882,0.0678707236546293,11.466362847222221,4.528851873884593,0.01999699087041439,39,29,53,0.31899641577060933,0.1111111111111111,0.3906810035842294,0
30,41,219,6294.25,8502.75,5966.0,255,0.09679738562091503,0.13076124567474048,0.09174932718185314,6.993611111111111,5.0581499107674,0.1243927357644753,32,29,64,0.42745098039215684,0.3137254901960784,0.3333333333333333,0
24,38,258,6925.25,8914.25,7085.75,303,0.07543105795728088,0.09709560064917383,0.07717925257872321,12.023003472222221,6.173303324099723,0.10645018328225467,35,42,64,0.32673267326732675,0.4389438943894389,0.4884488448844885,0
27,42,450,10501.0,10002.5,9419.0,267,0.14730182777146544,0.1403091641066644,0.13212417062940987,14.404663923182442,5.670351473922903,0.04651358024691358,62,45,61,0.599250936329588,0.2808988764044944,0.6179775280898876,0
24,48,537,5852.5,8543.0,6253.75,247,0.09592846957006343,0.14002852038223867,0.1025053680604501,10.160590277777779,3.7078993055555554,0.021686623735561034,41,39,61,0.6396761133603239,0.46963562753036436,0.41700404858299595,0
24,48,396,6652.375,9009.125,5570.625,303,0.07245885479637072,0.09812899606792362,0.06067624089141587,11.549262152777779,3.9102105034722223,0.03552332032445669,36,39,53,0.21122112211221122,0.40594059405940597,0.31353135313531355,0
24,40,455,6691.75,8336.5,4926.25,279,0.08596690689996274,0.10709651725954189,0.06328605747613725,11.617621527777779,5.2103125,0.023795435333896872,46,35,57,0.4229390681003584,0.4982078853046595,0.3835125448028674,1
60,57,311,8188.25,8368.0,5791.25,263,0.11838034379563099,0.12097905130911246,0.08372609116800879,2.274513888888889,2.575561711295783,0.059875828413684724,51,37,56,0.43346007604562736,0.5361216730038023,0.3916349809885932,0
27,42,314,7295.0,8437.25,4905.75,259,0.10874912419313963,0.12577704566121556,0.07313173625914939,10.006858710562414,4.783021541950113,0.0497560752971723,47,38,51,0.4555984555984556,0.4980694980694981,0.47876447876447875,0
67,50,252,5165.5,6504.25,5708.25,291,0.06099951582999728,0.07680884732112281,0.06740886385375704,1.1507017153040766,2.6017,0.08988803854875284,43,35,61,0.4020618556701031,0.17869415807560138,0.36082474226804123,0
24,44,400,4981.25,6163.0,3349.5,223,0.10016791007259346,0.12393170986748175,0.06735506444931529,8.648003472222221,3.1833677685950414,0.020934375,35,21,43,0.40358744394618834,0.17488789237668162,0.26905829596412556,1
67,82,292,6538.625,7800.125,7749.0,263,0.09453114834680276,0.11276908730789804,0.11202995561595512,1.4565883270216085,1.1600423854848305,0.09088243572902983,34,32,59,0.45627376425855515,0.5437262357414449,0.43346007604562736,0
43,59,294,6816.375,8040.625,6332.375,287,0.08275413080163654,0.09761712537483762,0.07687813376391604,3.6865197404002163,2.3098606722206263,0.07326085195983155,42,33,49,0.40418118466898956,0.1951219512195122,0.3797909407665505,0
32,49,210,4516.5,5549.5,4530.75,211,0.10144650838929943,0.12464904202511175,0.10176658206239753,4.41064453125,2.311328613077884,0.10273809523809524,32,35,48,0.38388625592417064,0.35545023696682465,0.3886255924170616,1
27,69,280,4934.75,6202.75,5049.25,239,0.08639116962238055,0.10858966054515852,0.08839568635002888,6.76920438957476,1.3028250367569838,0.06440369897959183,32,28,50,0.3389121338912134,0.3807531380753138,0.497907949790795,0
49,54,325,3514.75,4716.25,3633.0,231,0.0658673937894717,0.08838383838383838,0.06808343171979536,1.4638692211578508,1.6173696844993142,0.03439526627218935,29,35,43,0.5367965367965368,0.4155844155844156,0.47619047619047616,0
39,46,331,6398.75,6637.875,6426.125,275,0.08461157024793388,0.08777355371900826,0.08497355371900826,4.206936226166995,3.136991965973535,0.0586533985633574,39,32,57,0.44363636363636366,0.29818181818181816,0.49454545454545457,1
61,52,305,14693.5,16722.5,14738.0,383,0.10016770173632651,0.11399968641138736,0.10047106463333992,3.948804084923408,6.18435650887574,0.15843052942757324,97,95,95,0.47780678851174935,0.24804177545691905,0.24804177545691905,1
59,43,411,13307.0,14730.5,11950.75,311,0.1375812905160203,0.15229888028452973,0.12355899959677837,3.8227520827348465,7.966738777717685,0.07074756838995744,89,90,89,0.6463022508038585,0.5884244372990354,0.4758842443729904,0
37,82,301,7025.75,9325.5,6056.25,303,0.0765257218791186,0.10157500898604711,0.06596575499134072,5.132030679327976,1.3868976799524093,0.06684528868334787,48,41,55,0.24092409240924093,0.42574257425742573,0.43234323432343236,0
31,60,291,6149.0,7270.5,5949.625,275,0.08130909090909091,0.09613884297520661,0.07867272727272727,6.398543184183143,2.0195833333333333,0.07025926713194224,34,45,54,0.4,0.5563636363636364,0.48,0
32,77,458,5898.25,7452.0,5117.25,263,0.08527302693403115,0.10773612456447253,0.07398184157642874,5.760009765625,1.2568729971327375,0.024395272782746325,32,34,46,0.4524714828897338,0.21292775665399238,0.4714828897338403,0
24,48,854,5678.25,6671.75,3481.75,195,0.1493293885601578,0.17545693622616698,0.09156476002629849,9.858072916666666,2.895724826388889,0.004773993714658666,39,35,41,0.49230769230769234,0.3128205128205128,0.3282051282051282,1
35,51,330,8532.875,9746.375,7038.0,295,0.09805084745762711,0.11199511634587762,0.08087331226659006,6.965612244897959,3.747164552095348,0.06462809917355372,54,36,51,0.43389830508474575,0.33220338983050846,0.2745762711864407,0
47,81,321,7119.0,7009.0,7254.25,247,0.11668770181448639,0.11488468914422462,0.1189045878476946,3.222725215029425,1.0682822740435909,0.07040158771751051,41,38,52,0.48582995951417,0.4979757085020243,0.4048582995951417,0
27,63,644,7294.5,7177.25,5194.0,259,0.1087416705177323,0.10699378363471028,0.07742878013148284,10.006172839506172,1.8083270345175106,0.012523629489603024,43,44,50,0.38996138996138996,0.4517374517374517,0.2857142857142857,0
24,48,492,6959.0,7802.5,6247.25,259,0.1037402543194049,0.11631460473159315,0.09312994737705163,12.081597222222221,3.386501736111111,0.025808257320378083,39,45,59,0.416988416988417,0.28957528957528955,0.4864864864864865,0
38,42,286,6419.875,6956.375,6605.75,279,0.08247421024909751,0.08936646497347156,0.08486209067201089,4.445896814404432,3.9435232426303855,0.08075883906303487,36,28,59,0.3655913978494624,0.17204301075268819,0.32974910394265233,1
30,40,365,5343.0,6272.125,4676.375,271,0.07275227733827154,0.08540358927574515,0.0636752631363952,5.9366666666666665,3.920078125,0.03510133233252017,31,15,41,0.28413284132841327,0.07011070110701106,0.2693726937269373,1
24,53,329,6412.75,7706.0,4573.75,263,0.09271133022018534,0.11140828984082465,0.06612427532565167,11.133246527777779,2.7433250266998934,0.04225524523978899,43,37,48,0.5247148288973384,0.467680608365019,0.4068441064638783,1
28,58,157,6312.5,7395.25,6255.5,251,0.10019682227266234,0.11738305741178712,0.09929207472897256,8.051658163265307,2.1983501783590964,0.25378311493366873,47,28,52,0.5179282868525896,0.46613545816733065,0.3784860557768924,0
24,37,417,7320.75,7843.375,4175.125,283,0.09140768395160384,0.09793323677408883,0.052131066688309254,12.709635416666666,5.72927319211103,0.024010288172339828,52,34,33,0.47703180212014135,0.4028268551236749,0.3215547703180212,1
24,55,190,4763.5,6001.0,3553.0,251,0.07560991095379438,0.0952524563102173,0.05639593022332979,8.269965277777779,1.983801652892562,0.09842105263157895,32,34,42,0.2151394422310757,0.24302788844621515,0.28286852589641437,0
24,41,415,7957.75,8355.0,8693.0,307,0.08443325658627678,0.08864815541809462,0.09223440036499062,13.815538194444445,4.970255800118977,0.05047466976339091,48,36,56,0.46254071661237783,0.11726384364820847,0.5765472312703583,0
30,59,498,6892.0,8943.125,6679.25,271,0.09384403807137702,0.12177291975871789,0.09094715485900247,7.657777777777778,2.5691252513645506,0.026932025289914677,54,40,59,0.44280442804428044,0.2878228782287823,0.4797047970479705,1
27,58,241,7278.25,8033.375,5316.875,307,0.07722363101995777,0.08523565236766438,0.05641306539061423,9.983882030178327,2.388042508917955,0.09154241490332467,38,38,53,0.3257328990228013,0.4560260586319218,0.28664495114006516,0
24,56,575,7578.5,8762.75,5244.5,279,0.09735871841317557,0.11257242327308231,0.06737451985457535,13.157118055555555,2.794244260204082,0.015862381852551986,46,28,39,0.5770609318996416,0.33691756272401435,0.1935483870967742,0
24,36,359,5729.0,7655.5,5647.5,235,0.10373924852874604,0.13862381167949298,0.10226346763241285,9.946180555555555,5.907021604938271,0.04381949239996586,43,34,58,0.40425531914893614,0.23404255319148937,0.30638297872340425,0
24,61,406,6199.375,7173.5,6562.125,259,0.0924162579567985,0.1069378810691552,0.0978238994648261,10.762803819444445,1.9278419779629132,0.039810023295881965,42,32,60,0.41312741312741313,0.3474903474903475,0.40540540540540543,0
30,57,273,6759.875,8800.375,6292.375,271,0.09204497487779306,0.11982918260916926,0.08567932081534838,7.510972222222223,2.7086411203447214,0.08442854459337976,0,40,55,0.0,0.3800738007380074,0.21033210332103322,1
24,57,442,6313.25,6620.75,6369.75,271,0.08596356258765539,0.0901505970779265,0.0867328876240792,10.960503472222221,2.037780855647892,0.0326045228394177,35,21,55,0.5276752767527675,0.15129151291512916,0.4022140221402214,1
28,52,610,5671.5,6536.75,5369.75,239,0.09928922812975963,0.11443689711314578,0.09400658251781306,7.23405612244898,2.4174371301775146,0.01443093254501478,33,33,55,0.38493723849372385,0.3263598326359833,0.4435146443514644,1
18,48,656,5822.25,7119.75,5259.0,279,0.07479670096735654,0.09146529463907195,0.06756079700928816,17.96990740740741,3.0901692708333335,0.012220683372992267,35,38,57,0.3154121863799283,0.5412186379928315,0.2114695340501792,0
23,47,259,6569.75,6346.75,5473.25,235,0.11896333182435491,0.11492530556813038,0.09910819375282934,12.419187145557656,2.8731326392032592,0.0815916578464841,28,30,58,0.11914893617021277,0.4553191489361702,0.4553191489361702,0
24,62,698,5030.25,6127.375,4315.625,235,0.09108646446355817,0.1109529198732458,0.07814622000905387,8.733072916666666,1.5940101456815816,0.008857942463526572,30,42,51,0.3574468085106383,0.37446808510638296,0.3702127659574468,0
18,57,410,4626.5,6363.875,3374.5,229,0.08822295532121813,0.12135304437367708,0.06434850594000877,14.279320987654321,1.9587180670975686,0.020074360499702557,31,34,38,0.35807860262008734,0.2445414847161572,0.4148471615720524,0
27,58,287,4632.625,5428.25,6518.75,243,0.07845391115852936,0.0919278903961117,0.11039560365120493,6.354766803840878,1.613629607609988,0.07914081754057958,23,23,61,0.205761316872428,0.20164609053497942,0.4444444444444444,1
30,51,363,5106.625,6812.5,3468.125,215,0.11047322877230936,0.14737696051919957,0.07502704164413196,5.674027777777778,2.6191849288735103,0.026319733776533176,35,27,39,0.641860465116279,0.5627906976744186,0.19534883720930232,1
24,56,538,6428.0,7966.5,4576.25,279,0.08257858968923831,0.10234323813928392,0.058789712362379724,11.159722222222221,2.540338010204082,0.01581048492972734,33,30,37,0.23655913978494625,0.13261648745519714,0.13978494623655913,0
24,49,472,6632.5,7759.5,4534.75,259,0.09887300427840968,0.11567358864656162,0.0676011091069006,11.514756944444445,3.2317784256559765,0.020354917767882792,29,32,49,0.2972972972972973,0.3281853281853282,0.3127413127413127,0
30,62,741,6393.875,8510.375,5158.875,311,0.06610637813918384,0.08798890623546075,0.05333769295189256,7.104305555555555,2.213937304890739,0.009395471706360264,34,41,58,0.2379421221864952,0.2347266881028939,0.2797427652733119,0
24,55,293,6879.625,8887.0,5491.75,243,0.11650705346407221,0.15050212535351995,0.09300326847194702,11.943793402777779,2.9378512396694214,0.06396987734277627,43,58,60,0.48559670781893005,0.345679012345679,0.24691358024691357,0
27,51,277,8027.125,8722.125,5161.375,283,0.10022755934023399,0.1089054052366742,0.06444549189027207,11.011145404663923,3.3533737024221453,0.06726759113242711,42,35,55,0.4275618374558304,0.2791519434628975,0.3321554770318021,0
24,56,433,8021.125,8196.625,6238.375,247,0.13147445458866724,0.13435107934894852,0.10225335606222033,13.92556423611111,2.613719706632653,0.03327328536607481,39,42,62,0.4331983805668016,0.3724696356275304,0.4898785425101215,0
24,56,345,7828.125,7797.875,5197.75,347,0.0650127897416306,0.0647615626738865,0.04316745426006362,13.590494791666666,2.4865672831632653,0.04366939718546524,30,34,53,0.16714697406340057,0.16138328530259366,0.23054755043227665,1
24,57,251,6062.5,7130.5,5573.5,263,0.0876476456215935,0.10308808859460163,0.08057800459743526,10.52517361111111,2.1946752847029853,0.08846684973254393,30,32,60,0.3231939163498099,0.12167300380228137,0.4524714828897338,0
30,64,438,8625.375,7679.875,5627.625,263,0.12470001012014052,0.11103059173907387,0.08136050832020125,9.58375,1.874969482421875,0.029334381059610934,58,24,58,0.3726235741444867,0.11026615969581749,0.45627376425855515,0
27,58,317,6785.5,8192.0,4771.25,327,0.06345799549233604,0.07661158338710733,0.044620729643034165,9.307956104252401,2.435196195005945,0.047480321229189264,35,51,55,0.4984709480122324,0.5045871559633027,0.2599388379204893,0
24,56,515,5296.625,5979.75,3253.375,263,0.07657512758605733,0.08645130043805752,0.04703516025965389,9.19552951388889,1.9068080357142858,0.012266471863512112,34,29,24,0.35361216730038025,0.40304182509505704,0.22813688212927757,0
24,56,365,6063.75,6748.75,4425.25,267,0.08505870470900138,0.09466748025642105,0.062074794147764734,10.52734375,2.1520248724489797,0.03321636329517733,28,38,53,0.26591760299625467,0.3782771535580524,0.26591760299625467,0
49,55,390,7398.25,7320.5,5039.25,259,0.11028830816475604,0.10912926163891415,0.07512186759291006,3.081320283215327,2.42,0.03313116370808678,33,32,59,0.3667953667953668,0.26640926640926643,0.4555984555984556,0
30,56,425,8685.5,8876.0,7780.75,339,0.07557800576047893,0.0772356662402868,0.06770520618511847,9.650555555555556,2.830357142857143,0.04307681660899654,44,43,59,0.4336283185840708,0.3805309734513274,0.30678466076696165,0
24,54,302,6737.0,7258.25,4078.5,267,0.0945026581941113,0.10181444542636311,0.05721078988343223,11.696180555555555,2.4891117969821672,0.04471843340204377,35,49,42,0.3295880149812734,0.4232209737827715,0.31835205992509363,1
24,66,973,8677.125,7934.875,7045.625,295,0.0997084171215168,0.09117925883366848,0.08096093076702097,15.064453125,1.8215966483011938,0.007442071595989982,46,43,57,0.39661016949152544,0.5423728813559322,0.488135593220339,1
30,57,356,5503.5,6889.375,4769.125,211,0.12361582174704072,0.15474439028772938,0.10712079692729273,6.115,2.1204601415820252,0.03763038915540967,28,31,53,0.35071090047393366,0.25118483412322273,0.35071090047393366,1
24,56,365,6456.25,7463.875,6531.625,239,0.11302760806008298,0.13066779293079603,0.11434717529455017,11.20876736111111,2.380062181122449,0.049027021955338715,36,32,60,0.37656903765690375,0.41422594142259417,0.49372384937238495,1
24,62,487,5419.25,6336.75,5771.25,227,0.10516893399833104,0.12297444157658793,0.11200003881309553,9.40842013888889,1.648478147762747,0.024333913791431426,18,31,57,0.07929515418502203,0.27312775330396477,0.4713656387665198,1
30,53,443,24961.75,23877.0,25820.5,335,0.22242593005123634,0.21276008019603476,0.23007796836711963,27.735277777777778,8.500177999288002,0.13157009717246967,143,141,144,0.7522388059701492,0.5104477611940299,0.573134328358209,1
27,58,359,7420.75,8244.625,6665.875,299,0.08300522365521638,0.09222072460039597,0.07456152615742553,10.179355281207133,2.450839774078478,0.05172116138142938,40,31,55,0.27424749163879597,0.28762541806020064,0.38461538461538464,1
24,41,567,15408.0,13734.5,15184.5,359,0.11955214500197857,0.10656729851568501,0.1178179871354195,26.75,8.170434265318264,0.04723178709069362,101,100,100,0.3955431754874652,0.49025069637883006,0.5431754874651811,1
24,55,348,144633.75,124773.375,130397.25,607,0.3925475438934561,0.33864490065110775,0.3539085463659828,251.10026041666666,41.24739669421488,1.0767377625842252,370,356,350,0.71334431630972,0.657331136738056,0.7347611202635914,1
24,40,247,95260.0,89223.0,93197.0,559,0.3048505349125227,0.28553096028238517,0.29824853351083747,165.38194444444446,55.764375,1.5275942893671426,298,297,294,0.6923076923076923,0.669051878354204,0.7316636851520573,1
31,53,271,69075.125,61157.25,65436.5,543,0.23427288205149077,0.20741888220750282,0.2219322432838504,71.87838189386056,21.77189391242435,0.8910077477158536,249,240,242,0.6187845303867403,0.48987108655616945,0.5561694290976059,1
31,64,626,127207.5,99897.25,117129.75,607,0.34525131022203887,0.2711291114916854,0.31789949219566344,132.36992715920917,24.38897705078125,0.29889493104961773,346,310,312,0.6968698517298187,0.6342668863261944,0.7182866556836903,1
28,43,593,144315.75,109720.5,128113.5,591,0.4131795030362373,0.3141324606835184,0.3667920671321944,184.07621173469389,59.34045429962142,0.36432209390613934,369,324,326,0.6988155668358714,0.6395939086294417,0.8578680203045685,1
25,41,330,121879.375,92131.0,108979.625,607,0.3307903536174613,0.25005088899684896,0.2957794023053394,195.007,54.80725758477097,1.0007311753902663,337,297,296,0.7215815485996705,0.6062602965403624,0.6886326194398682,1
25,41,305,62109.5,45172.75,55642.25,471,0.2799730437565644,0.20362669659801388,0.25082040740891,99.3752,26.872546103509816,0.598142972319269,233,201,196,0.5944798301486199,0.6411889596602972,0.7600849256900213,1
60,62,422,104722.25,79055.0,91556.0,511,0.4010487475155196,0.30275236384664583,0.35062672094546204,29.089513888888888,20.565816857440165,0.5141169335819051,311,274,270,0.761252446183953,0.7045009784735812,0.8551859099804305,1
25,62,257,94500.875,70778.75,82811.75,567,0.2939474600997235,0.22015916563241666,0.25758812898730593,151.2014,18.41278616024974,1.2537926387984677,296,258,252,0.654320987654321,0.6243386243386243,0.7425044091710759,1
28,51,324,58966.875,39082.25,50680.375,591,0.16882359761910898,0.11189343250849602,0.1450991465324481,75.21285076530613,15.025855440215302,0.482780587943911,232,187,188,0.571912013536379,0.4890016920473773,0.5786802030456852,1
25,41,361,20162.375,13307.5,18881.75,447,0.10090824237146474,0.06660110405437193,0.09449899654169733,32.2598,7.916418798334325,0.14488647263296014,119,88,97,0.5033557046979866,0.34451901565995524,0.4563758389261745,1
47,61,369,21013.5,14448.25,21739.0,383,0.14325205025598375,0.0984957972308762,0.14819788804886527,9.512675418741512,3.8828943832303144,0.15965658301569466,116,85,107,0.4151436031331593,0.4073107049608355,0.5430809399477807,1
30,57,453,24750.0,16289.5,27699.75,447,0.12386829422098104,0.08152535671566345,0.13863114274131796,27.5,5.0136965220067715,0.13498311477566774,131,85,135,0.5659955257270693,0.43847874720357943,0.49440715883668906,1
59,81,287,6649.0,8129.25,9321.875,383,0.04532718881443053,0.05541826585497208,0.06354856192352529,1.9100833093938523,1.239026063100137,0.11317212786363802,19,37,91,0.09399477806788512,0.2741514360313316,0.3472584856396867,1
32,64,399,5276.75,5684.25,7384.0,243,0.08936222459313452,0.09626327287506986,0.12504868837744923,5.153076171875,1.38775634765625,0.04638161820591579,29,29,73,0.51440329218107,0.4691358024691358,0.4691358024691358,1
72,60,307,7630.875,7378.375,9605.75,335,0.06799621296502562,0.06574626865671641,0.08559367342392515,1.4720052083333333,2.049548611111111,0.10191885325043236,52,24,87,0.2208955223880597,0.28059701492537314,0.35522388059701493,1
25,42,687,6924.625,6561.75,7750.625,279,0.08895858223815213,0.08429683585770995,0.0995699567066199,11.0794,3.7198129251700682,0.016421894234578967,51,25,69,0.5448028673835126,0.12903225806451613,0.4229390681003584,1
39,44,299,5301.625,5317.75,6176.375,287,0.06436432395682842,0.06456008935400454,0.07498421736332844,3.485618014464168,2.746771694214876,0.06908619590384896,0,32,69,0.0,0.3170731707317073,0.3797909407665505,1
31,41,367,5042.0,6087.5,6611.75,211,0.11324992700074123,0.13673322701646415,0.14850856898991488,5.246618106139438,3.621356335514575,0.04908901246575444,19,39,73,0.17535545023696683,0.4597156398104265,0.4028436018957346,1
31,63,230,6722.75,6643.0,9758.25,283,0.08394099064790421,0.0829452234389242,0.12184257513516213,6.995577523413111,1.6737213403880071,0.18446597353497166,36,32,92,0.3710247349823322,0.20848056537102475,0.4840989399293286,1
35,81,414,6472.75,6595.0,6265.5,335,0.057676542659835156,0.05876587213187792,0.05582980619291602,5.283877551020408,1.0051821368693796,0.03655569558216061,30,33,67,0.27761194029850744,0.3582089552238806,0.31044776119402984,1
54,71,322,7136.0,7920.5,11710.5,271,0.09716643291894174,0.10784847700875533,0.15945452812461705,2.4471879286694103,1.5712160285657608,0.11294413795764052,35,30,97,0.5166051660516605,0.3726937269372694,0.35793357933579334,1
25,41,451,8245.75,7698.75,11919.25,319,0.08103055197963857,0.07565521172158292,0.11712984345672704,13.1932,4.579863176680547,0.05859976106312162,39,35,99,0.36990595611285265,0.4231974921630094,0.31347962382445144,1
60,53,399,7236.75,7858.0,15242.0,299,0.08094708112884644,0.08789610854464715,0.17049026297244999,2.0102083333333334,2.797436810252759,0.09574060464444319,37,38,113,0.3377926421404682,0.18394648829431437,0.38127090301003347,1
35,54,264,9246.0,8742.0,12814.25,335,0.08238805970149254,0.0778970817554021,0.11418355981287592,7.547755102040816,2.9979423868312756,0.18385918847566574,39,36,104,0.24477611940298508,0.25671641791044775,0.36716417910447763,1
28,50,234,7801.0,7697.0,10905.5,323,0.07477307364203625,0.07377622712764428,0.10452990060290045,9.950255102040817,3.0788,0.19916538826795238,36,30,95,0.2786377708978328,0.2631578947368421,0.39009287925696595,1
31,51,281,6899.875,8691.625,13348.125,375,0.04906577777777778,0.06180711111111111,0.09492,7.179890738813736,3.3416474432910417,0.16904706120743151,39,37,106,0.3413333333333333,0.16,0.38133333333333336,1
25,49,360,13897.625,13100.875,26899.875,335,0.12383715749610158,0.11673758075295165,0.23969592336823345,22.2362,5.456424406497293,0.2075607638888889,65,63,161,0.5671641791044776,0.5104477611940299,0.5194029850746269,1
25,56,241,12639.0,12282.125,27751.75,367,0.09383839808744589,0.09118877562384456,0.20604318095761345,20.2224,3.9164939413265305,0.47781116027616605,65,64,161,0.5640326975476839,0.5340599455040872,0.5858310626702997,1
31,55,675,10696.25,10557.25,18555.0,355,0.08487403292997421,0.08377107716722873,0.1472326919262051,11.130332986472425,3.49,0.040724279835390946,52,52,131,0.5267605633802817,0.18309859154929578,0.543661971830986,1
54,83,238,11116.25,9623.25,17909.625,309,0.11642368638786775,0.10078706758412669,0.1875726584346624,3.8121570644718794,1.3969008564377994,0.31617867735329425,47,42,129,0.5016181229773463,0.23948220064724918,0.5145631067961165,1
28,50,577,6582.25,7156.875,10509.0,295,0.07563631140476874,0.08223929905199655,0.1207584027578282,8.395727040816327,2.86275,0.03156528869518726,36,25,92,0.45084745762711864,0.1288135593220339,0.3864406779661017,1
25,51,372,8378.5,7457.875,12158.625,319,0.08233507925433123,0.07328814575328466,0.11948216900384234,13.4056,2.867310649750096,0.08786149410336455,39,32,101,0.4169278996865204,0.28213166144200624,0.5329153605015674,1
31,58,381,5839.375,6177.125,6705.125,263,0.08442185082912866,0.08930481863262445,0.0969382960574824,6.076352757544225,1.8362440546967895,0.0461909534930181,33,29,72,0.376425855513308,0.4714828897338403,0.376425855513308,1
25,56,318,6325.0,6074.5,10557.75,287,0.07678859765202928,0.0737474049703165,0.1281762556301521,10.12,1.9370216836734695,0.10440399905067047,30,21,90,0.17770034843205576,0.20209059233449478,0.4076655052264808,1
31,60,425,5721.0,6426.0,7576.0,275,0.0756495867768595,0.08497190082644628,0.10017851239669422,5.953173777315296,1.785,0.04194325259515571,28,26,77,0.3381818181818182,0.1709090909090909,0.3054545454545455,1
28,43,258,9286.125,9221.75,15067.375,359,0.07205193162684957,0.07155243984761137,0.11690920306329095,11.84454719387755,4.987425635478637,0.22635921819602187,47,46,116,0.4818941504178273,0.44846796657381616,0.3398328690807799,1
25,41,252,7759.5,8550.5,12354.25,287,0.09420413019461205,0.10380725758477097,0.1499866454612779,12.4152,5.086555621653778,0.19454286344167296,36,32,107,0.3588850174216028,0.29965156794425085,0.5226480836236934,1
31,51,443,5919.0,7292.25,7762.75,263,0.08557301681389061,0.10542656392314476,0.1122287440905608,6.159209157127992,2.8036332179930796,0.03955561557001564,41,34,80,0.3574144486692015,0.23954372623574144,0.43346007604562736,1
25,55,273,8327.375,7965.625,13948.375,291,0.0983381750333605,0.09406626043622536,0.16471670150328882,13.3238,2.6332644628099175,0.18715365830750447,38,30,112,0.41580756013745707,0.30584192439862545,0.49140893470790376,1
31,58,367,14285.5,11400.875,28235.375,303,0.1556002134866952,0.12418036358091254,0.3075447396224771,14.865244536940686,3.389082936979786,0.2096338602261506,75,61,162,0.4158415841584158,0.4158415841584158,0.8151815181518152,1
25,61,350,10372.625,8150.0,14060.125,327,0.09700478822396169,0.0762187993902496,0.13149028794807768,16.5962,2.1902714324106425,0.1147765306122449,59,39,108,0.47706422018348627,0.38837920489296635,0.4434250764525994,1
28,42,240,7920.25,7999.0,13826.75,307,0.08403537438063004,0.08487092701248819,0.1467044743180299,10.10235969387755,4.534580498866213,0.24004774305555557,44,34,107,0.2931596091205212,0.3322475570032573,0.5244299674267101,1
25,41,287,6045.75,7063.0,9982.25,255,0.09297577854671281,0.10861976163014225,0.15351403306420608,9.6732,4.201665675193337,0.1211894037805485,31,29,94,0.5294117647058824,0.28627450980392155,0.4627450980392157,1
31,41,334,7447.5,6628.75,10965.75,271,0.10140793289851718,0.09025952805653517,0.14931373483476532,7.749739854318419,3.9433372992266507,0.09829816415074044,49,31,92,0.5535055350553506,0.2029520295202952,0.4797047970479705,1
25,41,305,7874.25,7748.75,10021.5,327,0.07363998541088011,0.07246630942026952,0.09372106725023147,12.5988,4.609607376561571,0.10772910507927977,44,29,89,0.45565749235474007,0.3394495412844037,0.3241590214067278,1
31,62,369,6048.0,6386.25,7874.75,263,0.08743801413928205,0.09232821061458167,0.11384796657462158,6.293444328824141,1.6613553590010406,0.05783410815137962,33,31,80,0.5285171102661597,0.39543726235741444,0.49049429657794674,1
28,43,332,8543.75,8641.125,12982.75,301,0.09430083553161665,0.09537560291829009,0.14329587973642674,10.89764030612245,4.673404542996214,0.11778514661053854,38,30,104,0.29900332225913623,0.2059800664451827,0.46511627906976744,1
25,55,266,6434.75,8258.75,12173.25,287,0.07812101640180165,0.10026526970097974,0.1477892168170064,10.2956,2.7301652892561985,0.1720454802419583,36,38,104,0.4181184668989547,0.34843205574912894,0.44947735191637633,1
31,55,377,6921.5,6962.0,9563.25,259,0.10318122866385415,0.10378497637184896,0.1425627226785528,7.202393340270551,2.301487603305785,0.06728570523960627,36,27,89,0.4749034749034749,0.305019305019305,0.444015444015444,1
25,41,224,7285.25,6757.25,12447.5,267,0.1021931854844366,0.0947867132376664,0.17460618047665138,11.6564,4.01977989292088,0.24807676977040816,38,33,101,0.4606741573033708,0.3707865168539326,0.5131086142322098,1
31,57,226,7519.0,6920.75,12128.25,247,0.12324411152452917,0.11343818125194643,0.19879444016456588,7.82414151925078,2.1301169590643276,0.237454969065706,40,30,99,0.5506072874493927,0.3765182186234818,0.562753036437247,1
25,62,218,5493.0,6178.25,7022.5,275,0.07263471074380165,0.08169586776859504,0.0928595041322314,8.7888,1.60724505723205,0.14776744381786044,32,27,72,0.11636363636363636,0.15636363636363637,0.4909090909090909,1
28,57,430,6018.25,6068.75,6515.625,247,0.0986452818436624,0.09947302856955531,0.10679776754249373,7.676339285714286,1.8678824253616497,0.035238642509464575,38,31,69,0.41700404858299595,0.26720647773279355,0.2834008097165992,1
25,56,323,6484.5,7307.25,8216.5,279,0.08330442825760204,0.09387405095001349,0.10555491322053931,10.3752,2.3301179846938775,0.07875566716828494,30,31,82,0.10752688172043011,0.12903225806451613,0.4551971326164875,1
31,55,231,7662.0,7237.375,5449.375,239,0.1341363071374801,0.12670252621627773,0.09540055321160344,7.972944849115505,2.392520661157025,0.10212280504488297,52,37,60,0.5230125523012552,0.2510460251046025,0.4476987447698745,1
25,56,343,8890.0,7722.75,10746.0,359,0.06897835988237211,0.05992155554348585,0.08337924131563225,14.224,2.462611607142857,0.09133949289836718,30,28,97,0.31197771587743733,0.15598885793871867,0.3426183844011142,1
31,60,284,7077.25,8091.75,8482.25,295,0.08132433208848032,0.09298190175237,0.09746911806952026,7.364464099895942,2.247708333333333,0.10516576572108709,40,28,81,0.45084745762711864,0.3694915254237288,0.43050847457627117,1
28,57,209,7133.0,8399.75,10257.0,303,0.07769390800466185,0.09149157490006427,0.11172107309740875,9.098214285714286,2.585333948907356,0.2348160527460452,31,33,92,0.41914191419141916,0.3333333333333333,0.3333333333333333,1
25,56,250,7322.25,7867.75,11899.75,343,0.06223809807138182,0.06687477156626916,0.10114620608759956,11.7156,2.5088488520408165,0.190396,42,22,96,0.4198250728862974,0.26822157434402333,0.32653061224489793,1
31,57,305,6188.25,6355.375,8691.75,295,0.07110887675955185,0.07302930192473427,0.09987647227808101,6.439386056191467,1.9561018775007695,0.09343456060198871,36,30,79,0.4406779661016949,0.29491525423728815,0.2677966101694915,1
25,56,305,8123.75,8247.25,10048.25,303,0.08848533368188304,0.08983051770523587,0.10944733087170103,12.998,2.629862882653061,0.10801666218758399,39,22,85,0.3432343234323432,0.17491749174917492,0.45874587458745875,1
31,56,251,6532.5,9137.75,11334.75,295,0.07506463659867854,0.10500143636885953,0.13024705544383797,6.797606659729449,2.9138233418367347,0.1799138108918906,35,45,90,0.45084745762711864,0.5152542372881356,0.45084745762711864,1
25,60,265,7117.125,7112.0,5649.625,299,0.07960900884777575,0.07955168286708203,0.06319420364425454,11.3874,1.9755555555555555,0.0804503381986472,45,32,63,0.4280936454849498,0.1605351170568562,0.34782608695652173,1
28,58,339,6453.5,6387.5,7756.75,303,0.0702926728316396,0.06957378906207452,0.08448790423596815,8.231505102040817,1.8987812128418549,0.06749636706955213,40,28,79,0.3795379537953795,0.38943894389438943,0.41914191419141916,1
25,41,321,7167.75,6625.0,9429.75,295,0.08236426314277506,0.07612754955472566,0.10835679402470555,11.4684,3.941106484235574,0.09151454275482575,38,30,88,0.5050847457627119,0.29491525423728815,0.4440677966101695,1
25,44,353,7048.625,8959.0,10661.125,319,0.06926646750719824,0.08803962225213982,0.10476631518951268,11.2778,4.627582644628099,0.08555662111083469,6,7,89,0.018808777429467086,0.03134796238244514,0.4106583072100313,1
31,57,409,8119.0,8303.0,12409.25,359,0.0629960971749133,0.0644237707652796,0.09628455707202768,8.448491155046826,2.5555555555555554,0.07418206490874636,36,23,104,0.3426183844011142,0.10863509749303621,0.38440111420612816,1
31,56,498,8098.625,9308.25,10459.25,295,0.09306090203964378,0.10696064349324906,0.120186727951738,8.427289281997918,2.9681919642857144,0.04217371494008161,45,2,92,0.31864406779661014,0.006779661016949152,0.43389830508474575,1
28,58,468,7422.375,8073.625,7624.75,359,0.057590917202690856,0.0626440282120716,0.059161164174703795,9.467315051020408,2.400007431629013,0.03481239498867704,35,29,80,0.26740947075208915,0.2200557103064067,0.3147632311977716,1
25,41,255,6724.625,8808.5,7492.5,315,0.06777147896195515,0.08877299067775259,0.07551020408163266,10.7594,5.240035693039857,0.11522491349480969,40,37,75,0.3619047619047619,0.326984126984127,0.346031746031746,1
25,56,316,5548.75,7611.0,6679.5,271,0.0755538459443635,0.10363420977383206,0.09095055895208398,8.878,2.4269770408163267,0.06689132350584842,32,22,71,0.46494464944649444,0.25092250922509224,0.43911439114391143,1
25,41,437,5832.25,6826.5,7879.5,291,0.06887318288636175,0.08061430545222659,0.0930492082049102,9.3316,4.060975609756097,0.04126062345197388,34,31,74,0.33676975945017185,0.37800687285223367,0.3951890034364261,1
31,44,306,6752.0,8046.25,8844.25,295,0.07758690031600114,0.09245906348750359,0.10162884228669923,7.0260145681581685,4.156120867768595,0.09445352214960058,33,28,81,0.3728813559322034,0.2711864406779661,0.36271186440677966,1
25,53,311,6618.0,7518.25,7024.25,307,0.07021825165253742,0.07977007713609693,0.07452864221371049,10.5888,2.6764862940548237,0.07262383556828403,31,31,68,0.33876221498371334,0.3289902280130293,0.2931596091205212,1
34,51,386,7347.0,7191.75,8688.75,271,0.10003948747974564,0.09792554567612097,0.11830925504827004,6.3555363321799305,2.7649942329873127,0.058315323901312784,28,27,78,0.41697416974169743,0.4022140221402214,0.4833948339483395,1
25,56,594,6252.0,6950.25,8211.75,267,0.08769936455834701,0.09749400328241384,0.11518958044018011,10.0032,2.216278698979592,0.02327356052103527,30,34,78,0.4044943820224719,0.40823970037453183,0.45692883895131087,1
25,40,351,5426.75,7127.75,10935.5,319,0.05332838710311416,0.0700440247245998,0.1074625838975639,8.6828,4.45484375,0.08876145485832096,33,30,88,0.2507836990595611,0.3949843260188088,0.4608150470219436,1
31,41,334,6184.25,6758.75,8399.0,303,0.06735995381716389,0.07361751026587807,0.0914834057663192,6.435223725286161,4.020672218917311,0.0752895406791208,33,24,80,0.38613861386138615,0.1485148514851485,0.26732673267326734,1
25,62,393,8503.25,8150.75,9984.125,327,0.07952239336382086,0.07622581339019349,0.09337153625302771,13.6052,2.120382414151925,0.06464350691814126,30,28,82,0.27522935779816515,0.20795107033639143,0.25076452599388377,1
28,45,189,8336.25,10125.0,12510.75,335,0.07428157718868345,0.09022053909556695,0.1114791713076409,10.63297193877551,5.0,0.35023515579071135,41,40,98,0.44776119402985076,0.3701492537313433,0.4716417910447761,1
25,41,315,6533.0,7928.25,7224.25,371,0.04746405504173902,0.05760093286157467,0.0524861778103908,10.4528,4.716389054134444,0.07280675233056186,27,37,74,0.24797843665768193,0.215633423180593,0.25067385444743934,1
31,42,274,6961.75,8549.5,9176.25,303,0.07582862246620702,0.09312267860449411,0.09994935137078065,7.244276795005203,4.846655328798186,0.12222614417390378,36,37,84,0.26732673267326734,0.12211221122112212,0.38283828382838286,1
25,55,357,7545.0,8336.875,8627.0,327,0.07056083943551328,0.07796645437626837,0.08067970335456237,12.072,2.75599173553719,0.0676898210264498,38,33,79,0.41896024464831805,0.3394495412844037,0.2782874617737003,1
31,41,306,5505.0,6011.75,8674.25,279,0.07072108528924345,0.07723115067894812,0.1114354902943179,5.7284079084287205,3.5762938726948246,0.09263798111837328,26,20,80,0.23297491039426524,0.1971326164874552,0.3727598566308244,1
28,50,285,5036.75,6257.75,5169.75,255,0.07745866974240677,0.09623606305267204,0.07950403690888119,6.424426020408164,2.5031,0.06364727608494922,34,38,59,0.2823529411764706,0.3568627450980392,0.3686274509803922,1
25,56,264,7131.125,7345.25,6615.75,263,0.10309712443435644,0.10619280313435209,0.0956461709725455,11.4098,2.342235331632653,0.09492295110192837,32,36,71,0.2813688212927757,0.2737642585551331,0.4752851711026616,1
25,51,379,6574.75,7716.75,8679.5,319,0.06460972278181229,0.07583209677577854,0.08529299043838012,10.5196,2.9668396770472896,0.060424948308630544,32,25,82,0.3793103448275862,0.2476489028213166,0.26332288401253917,1
47,61,272,4937.125,5582.625,7095.125,263,0.07137771255909439,0.0807099278578554,0.10257666006447975,2.2350045269352647,1.5003023380811609,0.09590080287629758,29,25,71,0.17870722433460076,0.33840304182509506,0.3231939163498099,1
56,84,225,4351.5,5268.25,7314.75,239,0.07618038899879204,0.09222965284221214,0.1280571068433676,1.3875956632653061,0.7466340702947846,0.1444888888888889,24,35,74,0.32217573221757323,0.22594142259414227,0.40585774058577406,1
31,63,349,6047.875,6523.375,5080.125,287,0.07342416443079314,0.07919696730566111,0.06167520547778897,6.293314255983351,1.6435815066767447,0.04170840140885543,40,33,56,0.289198606271777,0.2926829268292683,0.3588850174216028,1
65,88,255,6586.0,6180.0,6920.0,255,0.10128412149173395,0.095040369088812,0.10642060745866974,1.5588165680473374,0.7980371900826446,0.10642060745866974,38,19,67,0.4627450980392157,0.07450980392156863,0.27058823529411763,1
25,56,415,5961.375,6780.0,7371.75,263,0.08618564674926629,0.09802078966010785,0.10657592273995577,9.5382,2.1619897959183674,0.04280301930614022,37,27,73,0.39923954372623577,0.3231939163498099,0.3688212927756654,1
32,60,403,5760.75,6372.5,5968.75,279,0.07400662889736771,0.08186559782119962,0.07667874256497219,5.625732421875,1.770138888888889,0.03675134998676182,23,31,62,0.27598566308243727,0.2078853046594982,0.4121863799283154,1
25,55,339,5760.875,6939.875,8169.25,323,0.05521834772690239,0.06651913657755754,0.07830277295862129,9.2174,2.294173553719008,0.0710857893683487,42,33,77,0.33746130030959753,0.24458204334365324,0.34674922600619196,1
67,56,395,6546.5,6814.375,9616.875,299,0.07322625026565699,0.07622258140289259,0.10757010547980447,1.4583426152818,2.172951211734694,0.06163675692997917,27,34,86,0.3511705685618729,0.2809364548494983,0.43478260869565216,1
28,63,277,8885.75,9601.5,11708.5,343,0.07552762879412489,0.08161140341184371,0.09952060790996949,11.333864795918368,2.4191232048374904,0.15259549844257062,33,39,97,0.35276967930029157,0.2653061224489796,0.2886297376093295,1
31,41,455,5130.0,6069.0,7686.75,263,0.07416617270742673,0.08774161835504345,0.1111299859763767,5.338189386056191,3.610350981558596,0.037129573722980314,18,35,75,0.06844106463878327,0.4220532319391635,0.30798479087452474,1
25,54,515,7217.0,7968.875,11198.125,287,0.0876179145066712,0.0967460452354648,0.13595072175211548,11.5472,2.732810356652949,0.04222122725987369,32,34,94,0.4146341463414634,0.39372822299651566,0.5017421602787456,1
25,55,322,7215.25,7644.25,9356.5,323,0.06915862320160263,0.0732706150734695,0.0896826385760431,11.5444,2.5270247933884296,0.09024053855946916,35,37,84,0.2786377708978328,0.3653250773993808,0.3498452012383901,1
31,56,261,6904.0,6883.125,12380.0,287,0.08381794121574865,0.08356450849227258,0.15029926307227234,7.184183142559833,2.194874043367347,0.18173544134701486,36,33,101,0.28222996515679444,0.2857142857142857,0.3867595818815331,1
25,61,360,6632.625,6397.875,10682.125,263,0.0958901386459252,0.09249627723402103,0.15443515158524773,10.6122,1.7193966675624832,0.08242380401234568,32,32,91,0.2623574144486692,0.29277566539923955,0.376425855513308,1
29,63,438,6007.5,5971.0,6619.0,295,0.0690318873886814,0.06861246768170066,0.07605860384946854,7.143281807372176,1.5044091710758378,0.034501991201184294,30,26,66,0.33220338983050846,0.3016949152542373,0.4101694915254237,1
25,59,601,8280.5,7556.5,10116.5,311,0.0856122248529275,0.07812677701843447,0.10459465886415567,13.2488,2.1707842573972997,0.028007951251519236,37,33,92,0.4983922829581994,0.17041800643086816,0.35691318327974275,1
71,69,383,8261.0,8715.375,12608.375,371,0.060018453803735806,0.06331961406848251,0.09160333766828198,1.6387621503669907,1.8305765595463137,0.08595310486812235,25,26,99,0.25336927223719674,0.18598382749326145,0.2722371967654987,1
25,49,269,8897.75,8903.375,14914.125,327,0.08321175733430594,0.0832643623338851,0.13947689588418483,14.2364,3.7081945022907123,0.2061072262682937,41,33,112,0.3516819571865443,0.2691131498470948,0.3425076452599388,1
56,45,180,10907.0,10906.75,21629.25,323,0.10454427819685802,0.10454188193119843,0.20731771607127453,3.477997448979592,5.386049382716049,0.6675694444444444,50,47,136,0.16408668730650156,0.42724458204334365,0.5975232198142415,1
54,70,482,6471.75,6746.0,12973.5,295,0.0743665613329503,0.07751795461074404,0.14907785119218617,2.2193930041152266,1.376734693877551,0.05584227199944904,27,28,103,0.3288135593220339,0.19661016949152543,0.46440677966101696,1
58,54,223,7432.25,7618.0,11206.0,271,0.10120028322054438,0.10372952438011465,0.1525850682861072,2.209348989298454,2.612482853223594,0.2253413501176376,38,28,96,0.4981549815498155,0.2693726937269373,0.39114391143911437,1
25,49,383,7026.5,6703.25,8572.375,295,0.08074116633151393,0.07702671646078713,0.09850474001723643,11.2424,2.791857559350271,0.058439112680569096,48,33,83,0.27796610169491526,0.22033898305084745,0.5084745762711864,1
32,58,293,5449.25,7093.875,12391.75,323,0.052231402582215876,0.06799523622386873,0.11877569994919916,5.321533203125,2.108761890606421,0.1443435567100374,37,21,95,0.4086687306501548,0.12693498452012383,0.48297213622291024,1
31,55,300,6934.25,6776.625,7408.375,343,0.05894015248748396,0.05760036209402545,0.06297014849254988,7.215660770031217,2.240206611570248,0.08231527777777778,22,32,71,0.12244897959183673,0.3206997084548105,0.3323615160349854,1
32,59,339,5902.25,6325.625,6588.875,327,0.05519784155841727,0.059157244526742044,0.06161915850704673,5.763916015625,1.8171861534041942,0.05733395114905022,31,18,65,0.15902140672782875,0.11009174311926606,0.23853211009174313,1
47,64,258,6482.125,7085.625,13247.875,335,0.05776008019603475,0.06313766985965694,0.11804744932056137,2.9344160253508376,1.729888916015625,0.1990246229192957,29,24,104,0.2865671641791045,0.1253731343283582,0.4955223880597015,1
25,55,465,7531.25,8057.25,15846.75,343,0.06401456875961546,0.06848549498933268,0.13469515252998326,12.05,2.6635537190082643,0.07328824141519251,26,39,107,0.2099125364431487,0.3877551020408163,0.43731778425655976,1
25,56,198,6509.25,6775.25,10636.25,279,0.08362238409064632,0.08703960637710204,0.13664071633201014,10.4148,2.1604751275510203,0.2713052239567391,28,25,85,0.4050179211469534,0.1971326164874552,0.48028673835125446,1
25,55,202,11644.75,10647.25,27299.75,335,0.10376253063042994,0.0948741367787926,0.24325907774560035,18.6316,3.5197520661157027,0.6690459268699147,45,42,144,0.35522388059701493,0.2955223880597015,0.6716417910447762,1
30,37,350,10554.25,11911.0,23467.75,399,0.06629512377434815,0.07481736923763041,0.14740956401027633,11.726944444444445,8.700511322132943,0.1915734693877551,50,47,136,0.3007518796992481,0.2781954887218045,0.3583959899749373,1
28,58,233,11579.75,11251.125,21232.125,383,0.07894082037507925,0.07670053650921337,0.14474244830900748,14.770089285714286,3.3445674791914386,0.39109442060085836,53,38,124,0.39425587467362927,0.3577023498694517,0.4804177545691906,1
31,58,315,13436.375,14332.625,31333.125,375,0.09554755555555555,0.1019208888888889,0.22281333333333334,13.981659729448491,4.260590071343638,0.3157785336356765,50,52,157,0.45866666666666667,0.25866666666666666,0.496,1
25,56,250,15061.75,13705.0,24204.75,359,0.11686555815054198,0.10633840519549041,0.18780696921966775,24.0988,4.370216836734694,0.387276,54,51,133,0.3983286908077994,0.4958217270194986,0.4958217270194986,1
23,41,232,10061.25,9595.75,20153.0,351,0.08166532739182311,0.07788694896957005,0.16357821770927183,19.01937618147448,5.708358120166568,0.3744240487514863,38,35,127,0.36182336182336183,0.26495726495726496,0.42165242165242167,1
31,51,469,10853.125,10856.375,19932.375,327,0.10149842418801261,0.10152881818776946,0.18640756950873943,11.293574401664932,4.173923490965014,0.09061776860443442,40,40,127,0.44036697247706424,0.41590214067278286,0.46788990825688076,1
25,49,276,9260.25,10001.75,18784.0,351,0.07516375678768841,0.08118237676642236,0.15246629491643737,14.8164,4.165660141607663,0.24658685150178533,46,46,126,0.31054131054131057,0.4415954415954416,0.4472934472934473,1
28,58,336,9669.25,9149.25,19790.5,347,0.08030338263751048,0.07598476858042173,0.16436063749387506,12.333227040816327,2.7197532699167657,0.1752985048185941,46,42,126,0.13256484149855907,0.2824207492795389,0.547550432276657,1
25,48,193,7368.75,7592.0,13190.25,287,0.08946023382583253,0.09217059816192985,0.16013609489006786,11.79,3.295138888888889,0.3541101774544283,32,29,101,0.49825783972125437,0.34843205574912894,0.4843205574912892,1
31,50,213,8237.125,8441.0,13155.0,335,0.07339830697259969,0.07521496992648696,0.11721987079527735,8.571409989594173,3.3764,0.2899556966210408,33,30,101,0.3373134328358209,0.21791044776119403,0.33134328358208953,1
31,58,559,7309.5,8104.75,13292.0,319,0.07183007242460275,0.07964495238843958,0.13061978557600654,7.606139438085328,2.409259809750297,0.042536986248763925,38,35,106,0.4231974921630094,0.21316614420062696,0.4200626959247649,1
25,49,233,6950.375,7371.375,10328.875,291,0.08207714835677425,0.08704874765295639,0.12197393748302453,11.1206,3.0701270304039983,0.19025723443054762,39,37,85,0.30927835051546393,0.3711340206185567,0.5463917525773195,1
28,51,246,6477.0,7499.75,10663.0,279,0.08320807800516437,0.09634704076258013,0.13698436556570445,8.261479591836734,2.8834102268358324,0.17620133518408354,31,31,95,0.34050179211469533,0.34767025089605735,0.3942652329749104,1
25,56,245,7613.0,8766.0,13741.0,327,0.0711967754304258,0.08197963134416295,0.12850583097195334,12.1808,2.795280612244898,0.2289212827988338,30,41,106,0.2691131498470948,0.38837920489296635,0.4740061162079511,1
25,57,332,7215.0,6760.0,13013.5,295,0.0829072105716748,0.07767882792301063,0.14953748922723356,11.544,2.0806401969836874,0.11806412396574249,42,35,100,0.24067796610169492,0.3864406779661017,0.48135593220338985,1
25,41,163,9516.875,9667.875,21910.5,327,0.08900181428798548,0.09041396627668827,0.20490699436074405,15.227,5.7512641284949435,0.8246640822010614,51,50,141,0.5749235474006116,0.5076452599388379,0.636085626911315,1
31,42,194,13158.375,10257.625,23476.875,331,0.12010090269347669,0.09362478436669983,0.21428131360611896,13.692377731529657,5.814980158730159,0.6237877298331385,60,54,151,0.540785498489426,0.2990936555891239,0.595166163141994,1
25,41,311,12512.0,12696.5,24819.25,351,0.1015576172271329,0.10305517000673696,0.2014533161256808,20.0192,7.552944675788221,0.25660663144508433,60,60,153,0.396011396011396,0.17094017094017094,0.5327635327635327,1
28,56,205,10505.75,9470.25,23505.0,319,0.10323945322864359,0.09306364913866806,0.23098239993710754,13.400191326530612,3.0198501275510203,0.5593099345627602,56,54,148,0.5047021943573667,0.18181818181818182,0.5956112852664577,1
23,48,217,10423.75,11713.25,27472.5,367,0.07739124947100356,0.08696515676855571,0.20396988618224204,19.704631379962194,5.083875868055555,0.5834165091634989,53,53,158,0.5068119891008175,0.3896457765667575,0.5286103542234333,1
25,55,179,8055.25,9148.25,23699.5,327,0.07533269739733842,0.08555443331556453,0.22163772222689823,12.8884,3.024214876033058,0.7396616834680566,43,43,146,0.45871559633027525,0.47706422018348627,0.617737003058104,1
31,56,265,7742.0,8612.25,13843.25,319,0.07608022719902517,0.0846321282220104,0.13603689036074723,8.056191467221645,2.74625318877551,0.19712709149163404,41,38,110,0.438871473354232,0.438871473354232,0.438871473354232,1
25,55,237,7478.75,7659.75,12281.25,291,0.08831674165397196,0.0904541750805966,0.1450295816062635,11.966,2.5321487603305783,0.2186481867222133,40,29,105,0.29896907216494845,0.24054982817869416,0.5979381443298969,1
28,58,286,7617.25,8091.0,9367.75,319,0.074854315503975,0.07950983186092904,0.09205638702449857,9.715880102040817,2.4051724137931036,0.11452577143136583,34,31,89,0.4231974921630094,0.09717868338557993,0.3730407523510972,1
31,52,346,9574.25,10696.0,14749.75,383,0.0652690385782165,0.072916169583268,0.10055116607243897,9.962799167533818,3.955621301775148,0.12320617127201043,42,46,98,0.2845953002610966,0.28720626631853785,0.5248041775456919,1
29,41,392,7354.25,7687.0,8441.25,311,0.07603571096245904,0.07947601865158549,0.08727422173054455,8.744649227110582,4.5728732897085065,0.05493316586838817,31,31,82,0.28938906752411575,0.09967845659163987,0.44694533762057875,1
45,41,432,10403.0,10016.25,17559.0,303,0.11331133113311331,0.10909878116524524,0.19125575923929028,5.137283950617284,5.958506841165972,0.09408757716049383,42,36,126,0.37293729372937295,0.38943894389438943,0.47854785478547857,1
25,55,704,9560.25,9230.125,18946.0,355,0.07585994842293196,0.07324042848641142,0.15033525094227335,15.2964,3.051280991735537,0.03822717587809917,55,49,131,0.48450704225352115,0.4084507042253521,0.4732394366197183,1
28,58,449,10148.25,8539.0,16363.5,279,0.13037152657339962,0.10969797407535875,0.2102169807684896,12.944196428571429,2.538347205707491,0.08116775214408659,44,39,121,0.5555555555555556,0.4982078853046595,0.6451612903225806,1
25,55,658,9339.375,9927.875,18258.375,275,0.12349586776859504,0.13127768595041323,0.24143305785123967,14.943,3.2819421487603306,0.04217065391117968,48,50,129,0.2727272727272727,0.26545454545454544,0.49818181818181817,1
31,57,519,8618.5,8045.5,22525.75,327,0.0806002113551983,0.07524151539806788,0.2106608123147135,8.968262226847035,2.476300400123115,0.08362662003779314,49,46,138,0.3730886850152905,0.3394495412844037,0.6024464831804281,1
25,37,585,10579.125,9113.25,18360.625,311,0.1093777463012169,0.09422204071504638,0.18983080199749797,16.9266,6.656866325785245,0.053650741471254294,56,53,130,0.45016077170418006,0.31511254019292606,0.5369774919614148,1
25,56,985,7921.5,8152.25,11538.25,339,0.06892996058161693,0.0709378616614892,0.10040158021597445,12.6744,2.5995695153061225,0.01189234455925172,30,1,101,0.08849557522123894,0.0029498525073746312,0.30678466076696165,1
31,42,275,9951.75,9159.875,19757.75,295,0.11435507038207411,0.10525567365699512,0.22703533467394427,10.355619146722164,5.192672902494331,0.2612595041322314,46,42,133,0.376271186440678,0.15593220338983052,0.5966101694915255,1
28,58,392,7236.5,6917.5,12285.0,255,0.1112879661668589,0.10638216070742022,0.18892733564013842,9.230229591836734,2.056331747919144,0.07994715743440234,37,35,104,0.2980392156862745,0.3843137254901961,0.5568627450980392,1
31,51,287,7650.0,7418.5,13304.25,323,0.07332572918364022,0.07110678718285424,0.12752206960672488,7.960457856399584,2.8521722414455977,0.16152011072126649,39,38,110,0.3746130030959752,0.44272445820433437,0.34055727554179566,1
25,38,347,8272.75,9322.875,15514.25,291,0.09769310707242475,0.11009405887979594,0.18320815767409454,13.2364,6.456284626038781,0.12884626564459467,47,43,118,0.3642611683848797,0.3642611683848797,0.5189003436426117,1
25,54,671,8406.5,7926.0,14453.0,279,0.1079957862822934,0.10182294677612055,0.185673359797536,13.4504,2.7181069958847734,0.032100586130538976,37,36,114,0.5089605734767025,0.4659498207885305,0.5627240143369175,1
25,44,433,10509.75,9666.75,16284.0,399,0.06601560291706711,0.06072041004767558,0.10228578966212523,16.8156,4.993155991735537,0.08685309538159572,50,44,119,0.38095238095238093,0.2656641604010025,0.49624060150375937,1
27,43,297,9936.25,10214.5,19305.0,327,0.09292380925660952,0.09552600323579197,0.18054035855567713,13.62997256515775,5.524337479718767,0.21885521885521886,58,39,127,0.5198776758409785,0.2996941896024465,0.5045871559633027,1
31,57,252,7627.125,7458.5,12855.125,267,0.1069888061271725,0.10462343419040805,0.18032410329784399,7.936654526534859,2.295629424438289,0.20243016187956664,30,31,106,0.20599250936329588,0.24344569288389514,0.41947565543071164,1
25,40,355,8563.375,7579.25,13567.125,279,0.11001111239578114,0.09736835343841935,0.17429278914710755,13.7014,4.73703125,0.10765423527077961,43,44,111,0.3870967741935484,0.5304659498207885,0.4874551971326165,1
31,55,398,9282.25,8757.0,15612.5,287,0.11269106095739902,0.10631426871760007,0.18954339618060193,9.65894901144641,2.894876033057851,0.09856127370520947,47,43,122,0.5574912891986062,0.3205574912891986,0.5017421602787456,1
25,56,941,7931.75,8474.0,14516.75,367,0.0588893673573937,0.06291530859981141,0.10777977414636682,12.6908,2.702168367346939,0.016394197052223593,37,35,109,0.23705722070844687,0.34332425068119893,0.40054495912806537,1
25,50,605,8786.375,8225.0,14040.5,287,0.10667089560392866,0.09985552817200646,0.17045854629775764,14.0582,3.29,0.0383594016802131,43,43,114,0.27526132404181186,0.5261324041811847,0.5331010452961672,1
28,58,334,9336.875,9502.875,17699.875,299,0.10443814946141541,0.10629495195803179,0.1979829643963714,11.909279336734693,2.8248736623067776,0.1586635860016494,47,47,128,0.36789297658862874,0.4882943143812709,0.6120401337792643,1
35,41,429,9843.5,10087.0,16832.0,303,0.10721715735930029,0.10986940278186234,0.18333714559574768,8.035510204081632,6.00059488399762,0.09145788166767188,45,44,122,0.36633663366336633,0.40924092409240925,0.5478547854785478,1
49,49,366,10573.25,9523.25,20227.75,327,0.09888103320895174,0.08906143328750854,0.18916991648664067,4.403685964181591,3.9663681799250314,0.15100294126429573,49,46,134,0.2782874617737003,0.39143730886850153,0.4954128440366973,1
25,55,215,9337.0,9849.0,17956.25,331,0.08522193116163598,0.08989512691559953,0.1638927172990389,14.9392,3.2558677685950412,0.3884532179556517,36,36,123,0.44108761329305135,0.34441087613293053,0.49244712990936557,1
29,57,348,7434.875,8101.25,16074.875,319,0.07306212596181248,0.07961055807234599,0.1579669519757078,8.84051724137931,2.4934595260080026,0.13273611936847668,45,42,119,0.3510971786833856,0.30407523510971785,0.3761755485893417,1
45,81,278,7941.75,9080.75,13576.375,279,0.10202528230623964,0.11665767397643916,0.17441162112511402,3.921851851851852,1.38404968754763,0.17566863775166916,27,37,108,0.2724014336917563,0.2222222222222222,0.4157706093189964,1
31,57,335,8422.5,7922.75,17544.125,255,0.1295271049596309,0.12184159938485198,0.26980584390618995,8.764308012486993,2.438519544475223,0.1563299175762976,46,30,121,0.3686274509803922,0.3803921568627451,0.6862745098039216,1
33,56,318,7394.75,7552.25,12414.75,271,0.1006896692583162,0.10283424789967457,0.1690438583352623,6.790404040404041,2.4082429846938775,0.12276759226296428,30,35,104,0.3800738007380074,0.12915129151291513,0.5387453874538746,1
29,80,321,7441.75,8172.0,12708.75,303,0.08105686806304392,0.08901088128614841,0.13842597131000228,8.848692033293698,1.276875,0.12333682708824642,44,43,108,0.5214521452145214,0.35313531353135313,0.5214521452145214,1
25,55,250,10672.0,9375.25,17789.25,311,0.11033798244435024,0.0969308629976944,0.18392334653281087,17.0752,3.0992561983471076,0.284628,49,46,128,0.49517684887459806,0.3504823151125402,0.4758842443729904,1
32,55,313,7243.5,7737.0,15929.75,263,0.10472176842227009,0.1118564674926629,0.23030186933452848,7.07373046875,2.557685950413223,0.16259990405128152,17,30,116,0.06463878326996197,0.27756653992395436,0.6273764258555133,1
65,60,333,8126.0,8386.75,13452.0,267,0.11398673007055787,0.11764437711287856,0.1886967133779405,1.9233136094674557,2.3296527777777776,0.12131049968887807,42,41,108,0.4344569288389513,0.4794007490636704,0.5655430711610487,1
31,41,338,6994.0,7258.25,9141.0,299,0.0782317871164752,0.08118757060882988,0.10224717844319414,7.27783558792924,4.3178167757287325,0.08001295472847589,38,25,82,0.3612040133779264,0.22742474916387959,0.3411371237458194,1
