SrcIPF0,DstIPF0,DstPortF0,SrcIPF2,DstIPF2,DstPortF2,Events_F1,SrcIP_BurstIndex,DstIP_BurstIndex,DstPort_BurstIndex,SrcIP_Concentration,DstIP_Concentration,DstPort_Concentration,SrcIP_MaxCount,DstIP_MaxCount,DstPort_MaxCount,SrcIP_FractionOfMass,DstIP_FractionOfMass,DstPort_FractionOfMass,Attack
20,20,21,1056.5,685.0,4266.0,99,0.1077951229466381,0.06989082746658504,0.43526170798898073,2.64125,1.7125,9.673469387755102,14,12,67,0.42424242424242425,0.3434343434343434,0.8787878787878788,1
18,19,14,871.0,567.25,3864.0,99,0.08886848280787675,0.05787674727068667,0.3942454851545761,2.6882716049382718,1.5713296398891967,19.714285714285715,12,0,65,0.30303030303030304,0.0,0.8484848484848485,1
23,18,28,24053.5,18729.0,99527.5,559,0.07697588013351211,0.05993644413580346,0.31850736524780704,45.46975425330813,57.80555555555556,126.9483418367347,72,66,299,0.44364937388193204,0.3559928443649374,0.8264758497316637,0
18,16,193,85437.0,60789.5,186431.0,895,0.10665959239724103,0.07588964139696014,0.23274055116881495,263.69444444444446,237.458984375,5.004993422642219,98,98,425,0.2849162011173184,0.3016759776536313,0.7005586592178771,0
18,17,76,20980.0,19277.5,36315.75,407,0.126653345326564,0.11637558934856232,0.21923313753780585,64.75308641975309,66.70415224913495,6.28735283933518,58,70,158,0.14987714987714987,0.17444717444717445,0.7100737100737101,0
21,18,73,6384.5,5410.5,3967.5,235,0.11560887279311906,0.09797193300135808,0.07184246265278406,14.477324263038549,16.699074074074073,0.7445111653218239,33,39,50,0.4297872340425532,0.5319148936170213,0.26382978723404255,0
18,18,102,9104.75,7084.0,3426.75,303,0.09917056062041847,0.07716019126665141,0.037324772081168515,28.10108024691358,21.864197530864196,0.32936851211072665,39,45,49,0.46864686468646866,0.3927392739273927,0.23102310231023102,0
21,14,99,6590.0,5058.75,4367.75,235,0.11933001358080579,0.0916025350837483,0.07909008601177003,14.943310657596372,25.809948979591837,0.44564330170390776,40,34,43,0.46382978723404256,0.2723404255319149,0.18723404255319148,0
18,20,100,6822.0,3047.25,3675.5,231,0.12784617979423174,0.057106313599820095,0.06887989355521823,21.055555555555557,7.618125,0.36755,35,30,48,0.48917748917748916,0.21212121212121213,0.4458874458874459,0
18,14,84,6330.5,5215.5,4375.5,283,0.07904331431282698,0.06512130255091211,0.05463297081996279,19.53858024691358,26.60969387755102,0.6201105442176871,36,39,47,0.36395759717314485,0.31448763250883394,0.4381625441696113,0
18,15,94,6803.5,4212.0,4048.5,235,0.12319601629696696,0.07626980534178361,0.0733091896785876,20.998456790123456,18.72,0.4581824354911725,40,38,48,0.425531914893617,0.5404255319148936,0.23404255319148937,0
21,21,132,7030.0,3969.0,2514.0,243,0.11905366729326491,0.06721536351165981,0.04257481075039374,15.941043083900226,9.0,0.14428374655647383,48,36,33,0.5473251028806584,0.5679012345679012,0.32510288065843623,0
18,17,109,5864.25,4492.5,2751.0,251,0.09308185584355803,0.07130839193028682,0.043665973555975304,18.099537037037038,15.544982698961938,0.23154616614763068,36,35,20,0.5139442231075697,0.3705179282868526,0.20318725099601595,0
21,14,76,4372.5,4587.75,3610.5,247,0.07166975364290515,0.07519792161812192,0.05917979314527365,9.914965986394558,23.40688775510204,0.6250865650969529,39,28,25,0.3765182186234818,0.3076923076923077,0.10121457489878542,0
18,18,92,6082.75,3434.75,5206.5,219,0.12682700527511936,0.07161547924355205,0.10855695252392569,18.77391975308642,10.60108024691358,0.6151346880907372,19,19,46,0.1598173515981735,0.2328767123287671,0.4018264840182648,0
18,16,97,9460.75,5826.75,8515.5,255,0.14549404075355632,0.08960784313725491,0.13095732410611302,29.199845679012345,22.7607421875,0.9050377298331385,49,15,70,0.5411764705882353,0.08235294117647059,0.596078431372549,0
21,22,106,4396.75,4470.25,3488.25,239,0.07697256700688013,0.07825930918576356,0.06106773340802857,9.969954648526077,9.236053719008265,0.3104530081879672,40,31,37,0.4100418410041841,0.35564853556485354,0.15481171548117154,1
13,19,90,6222.75,5731.5,3357.5,295,0.07150531456478024,0.06586038494685435,0.038580867566791154,36.821005917159766,15.876731301939058,0.4145061728395062,43,34,46,0.3593220338983051,0.376271186440678,0.29152542372881357,0
18,16,77,5690.5,3792.0,3241.0,223,0.11443021174767239,0.076253292847232,0.06517323895513684,17.563271604938272,14.8125,0.5466351829988194,38,33,43,0.42152466367713004,0.4618834080717489,0.3452914798206278,0
23,14,103,4866.0,3100.0,4448.0,247,0.07975872412267043,0.05081217525283155,0.07290727597567571,9.198487712665406,15.816326530612244,0.41926666038269395,38,29,48,0.3319838056680162,0.4817813765182186,0.4089068825910931,1
18,20,93,5306.5,5093.5,3821.0,247,0.08697897031585504,0.08348768214525726,0.06263010375518366,16.378086419753085,12.73375,0.441785177477165,42,40,32,0.44129554655870445,0.4089068825910931,0.3441295546558704,1
20,21,88,7555.0,4154.5,4161.0,279,0.09705682095553757,0.0533716165003019,0.05345512005241454,18.8875,9.420634920634921,0.5373192148760331,30,25,44,0.32974910394265233,0.24014336917562723,0.27956989247311825,1
18,11,123,9258.5,4735.75,5562.75,247,0.1517562982510777,0.07762379321083775,0.0911791702863512,28.575617283950617,39.138429752066116,0.36768788419591514,42,31,49,0.3805668016194332,0.3805668016194332,0.38461538461538464,1
18,16,120,7803.5,3872.0,4789.75,291,0.09215172234621698,0.04572454269552792,0.0565622748904713,24.084876543209877,15.125,0.33262152777777776,21,28,37,0.07216494845360824,0.16494845360824742,0.3402061855670103,1
18,19,84,7412.0,4009.5,4039.5,295,0.08517092789428325,0.046072967538063773,0.046417696064349326,22.876543209876544,11.106648199445983,0.5724914965986394,52,28,46,0.17627118644067796,0.3254237288135593,0.288135593220339,1
18,20,89,4953.5,3121.0,2923.5,271,0.06744870031726148,0.04249669802971093,0.03980746449530916,15.28858024691358,7.8025,0.36908218659260195,32,29,32,0.19557195571955718,0.19557195571955718,0.17343173431734318,1
21,19,125,8730.0,5385.0,4362.5,279,0.11215169383743785,0.06917948125024087,0.056043730167906376,19.79591836734694,14.916897506925208,0.2792,29,35,44,0.4050179211469534,0.35842293906810035,0.26523297491039427,1
21,18,68,4371.75,4173.0,3511.0,231,0.08192781244729297,0.07820318209928599,0.06579711774516969,9.91326530612245,12.87962962962963,0.7592993079584776,30,24,34,0.46320346320346323,0.2813852813852814,0.1471861471861472,0
18,18,75,6575.0,4978.5,4129.0,287,0.07982372008886839,0.060441428207213876,0.05012808216683461,20.29320987654321,15.36574074074074,0.7340444444444445,32,36,46,0.3170731707317073,0.445993031358885,0.397212543554007,0
18,16,78,5390.0,5321.5,2901.25,231,0.10101010101010101,0.09972639193418414,0.05437023294166151,16.635802469135804,20.787109375,0.4768655489809336,44,40,39,0.5021645021645021,0.49783549783549785,0.4458874458874459,0
18,14,96,4759.5,3032.0,3081.5,215,0.10296376419686316,0.06559221200649,0.06666306111411574,14.689814814814815,15.46938775510204,0.3343641493055556,29,35,0,0.5255813953488372,0.5255813953488372,0.0,0
18,20,107,7740.75,5234.25,4484.5,239,0.13551495947199804,0.09163442516762661,0.07850877960820013,23.891203703703702,13.085625,0.39169359769412176,40,31,36,0.3807531380753138,0.3598326359832636,0.4351464435146444,1
21,20,81,6704.75,3036.75,3461.75,269,0.09265695609513412,0.041966667127319966,0.04783999668329625,15.203514739229025,7.591875,0.5276253619875019,34,26,36,0.40148698884758366,0.4423791821561338,0.29739776951672864,1
18,17,84,9179.5,4375.0,4470.5,247,0.15046140733334426,0.0717107312035929,0.07327607402186563,28.33179012345679,15.13840830449827,0.6335742630385488,44,26,30,0.4534412955465587,0.29554655870445345,0.13765182186234817,1
18,14,98,5996.75,4167.75,4617.25,279,0.07703845017407279,0.05354183527960843,0.059316427075705606,18.508487654320987,21.2640306122449,0.4807632236568097,28,34,47,0.36200716845878134,0.3727598566308244,0.23297491039426524,1
18,17,103,6428.0,4057.5,4423.0,263,0.09293180471020254,0.058660671688184014,0.06394483077679307,19.839506172839506,14.039792387543253,0.4169101706098596,26,27,48,0.3916349809885932,0.1444866920152091,0.3726235741444867,1
18,15,92,5592.5,3996.25,4298.25,251,0.08876843224710719,0.06343153283281218,0.06822510753797559,17.260802469135804,17.761111111111113,0.5078272684310019,28,25,41,0.3745019920318725,0.35856573705179284,0.398406374501992,1
18,19,79,6555.25,3712.0,4302.5,219,0.13667875982569172,0.07739621776026355,0.08970830466420633,20.232253086419753,10.282548476454293,0.6893927255247556,40,28,41,0.547945205479452,0.4383561643835616,0.4520547945205479,1
21,21,107,7464.0,3546.5,3779.0,303,0.08129921903081397,0.03862911043579605,0.04116154189676394,16.92517006802721,8.041950113378684,0.33007249541444666,41,28,28,0.20132013201320131,0.42244224422442245,0.297029702970297,1
21,17,73,6764.5,3631.0,4085.5,255,0.10402921953094964,0.055840061514801996,0.06282968089196463,15.339002267573695,12.56401384083045,0.766654156502158,27,31,43,0.2627450980392157,0.24313725490196078,0.16862745098039217,1
18,14,96,5774.5,3800.5,3967.0,267,0.0810012764942698,0.05331117002623126,0.05564673371768435,17.82253086419753,19.39030612244898,0.4304470486111111,42,33,46,0.32209737827715357,0.2808988764044944,0.250936329588015,1
18,14,67,6913.0,4429.5,4851.25,255,0.10631295655517109,0.0681199538638985,0.07460592079969243,21.33641975308642,22.599489795918366,1.0806972599688127,31,36,46,0.42745098039215684,0.396078431372549,0.2823529411764706,1
18,16,110,6584.0,3231.5,4084.5,203,0.15977092382731928,0.07841733601883084,0.0991166978087311,20.320987654320987,12.623046875,0.33756198347107436,38,25,35,0.4433497536945813,0.24630541871921183,0.4088669950738916,1
21,20,114,5671.0,3099.0,2898.75,247,0.09295349866413152,0.05079578422855644,0.047513481617466276,12.859410430839002,7.7475,0.2230493998153278,22,0,30,0.3117408906882591,0.0,0.291497975708502,1
21,20,76,5742.5,4523.0,4312.0,303,0.06254833404132493,0.04926532257186115,0.04696707294491825,13.02154195011338,11.3075,0.7465373961218836,29,33,42,0.2508250825082508,0.2607260726072607,0.297029702970297,1
18,18,93,9833.25,5948.75,5740.0,319,0.0966308310649463,0.058458053674787,0.05640667839349063,30.349537037037038,18.36033950617284,0.6636605387906116,47,22,28,0.3103448275862069,0.12539184952978055,0.16927899686520376,1
18,18,82,9559.5,5709.5,5616.5,243,0.16189097190468932,0.09669088384223272,0.09511592067604871,29.50462962962963,17.621913580246915,0.835291493158834,32,39,43,0.4732510288065844,0.35802469135802467,0.43621399176954734,1
18,18,62,6747.0,3309.5,5156.0,251,0.10709353819780638,0.05253091220774273,0.08183997079411438,20.824074074074073,10.214506172839506,1.3413111342351718,30,32,44,0.5179282868525896,0.4262948207171315,0.4581673306772908,1
18,17,92,12484.25,8968.5,8756.25,303,0.13598067727564836,0.09768650132339966,0.09537463647354834,38.53163580246913,31.03287197231834,1.0345285916824196,45,51,68,0.31353135313531355,0.49834983498349833,0.5313531353135313,1
21,21,83,10812.0,8002.0,9237.0,355,0.08579250148780004,0.06349533822654235,0.07329498115453283,24.517006802721088,18.145124716553287,1.3408332123675424,50,13,68,0.2619718309859155,0.036619718309859155,0.39154929577464787,1
21,20,94,8246.75,6430.5,4701.5,231,0.15454639155937858,0.12050936076910103,0.08810741927625045,18.700113378684808,16.07625,0.5320846536894522,43,39,39,0.645021645021645,0.5974025974025974,0.45454545454545453,1
18,19,99,7913.0,5575.25,6813.25,263,0.11440095996761555,0.08060330494874872,0.0985014963350634,24.42283950617284,15.443905817174516,0.6951586572798694,33,31,48,0.23193916349809887,0.30798479087452474,0.6007604562737643,1
18,15,83,13347.0,7169.75,8429.75,311,0.1379948511698597,0.07412816244662483,0.08715532304256574,41.19444444444444,31.865555555555556,1.2236536507475686,77,45,67,0.5594855305466238,0.2733118971061093,0.38263665594855306,1
18,15,92,10486.0,7266.0,7753.5,335,0.09343729115615951,0.06474493205613722,0.06908888393851638,32.364197530864196,32.29333333333334,0.9160562381852552,44,38,60,0.42686567164179107,0.2955223880597015,0.5194029850746269,1
22,22,70,12066.0,5916.5,9674.0,295,0.13864981327204826,0.06798621085894858,0.11116345877621372,24.929752066115704,12.224173553719009,1.9742857142857142,61,35,60,0.488135593220339,0.2711864406779661,0.5694915254237288,1
18,20,82,7726.75,4631.0,4706.5,331,0.07052463924206606,0.04226869050118199,0.042957804328182476,23.847993827160494,11.5775,0.6999553837001785,44,0,41,0.2326283987915408,0.0,0.2628398791540785,1
21,16,97,12822.5,10445.0,10018.5,295,0.1473427176098822,0.12002298190175237,0.11512209135305947,29.075963718820862,40.80078125,1.064778403656074,48,19,66,0.4067796610169492,0.06440677966101695,0.4745762711864407,1
18,14,85,11537.0,9156.0,8403.0,311,0.11928123158362713,0.09466403366383722,0.08687875435531063,35.608024691358025,46.714285714285715,1.163044982698962,44,41,66,0.4790996784565916,0.2508038585209003,0.5498392282958199,0
18,21,86,9125.0,6435.0,9628.0,327,0.085336999317304,0.06018011951855905,0.09004105527967156,28.16358024691358,14.591836734693878,1.3017847485127096,48,32,61,0.3211009174311927,0.1743119266055046,0.5015290519877675,1
18,21,81,6535.0,5027.5,5908.75,255,0.10049980776624375,0.07731641676278354,0.09086889657823914,20.169753086419753,11.400226757369614,0.9005868007925621,42,41,56,0.4196078431372549,0.4235294117647059,0.396078431372549,1
21,22,113,12005.5,7985.0,9689.0,355,0.09526284467367586,0.06336044435627852,0.07688157111684189,27.223356009070294,16.49793388429752,0.7587908215208709,42,50,72,0.17464788732394365,0.2507042253521127,0.5154929577464789,1
18,18,97,7537.5,4713.0,6974.5,267,0.10573159954551194,0.0661111812481589,0.09783416796420205,23.26388888888889,14.546296296296296,0.7412583696460835,46,38,51,0.43820224719101125,0.32209737827715357,0.5468164794007491,1
21,22,85,8886.5,7673.25,6710.75,375,0.0631928888888889,0.054565333333333334,0.04772088888888889,20.150793650793652,15.853822314049587,0.9288235294117647,40,24,58,0.20533333333333334,0.112,0.30933333333333335,1
18,19,89,8380.5,6500.5,6794.5,287,0.10174337432772038,0.07891925360269034,0.08248855758841311,25.86574074074074,18.006925207756233,0.85778310819341,40,44,55,0.46689895470383275,0.3902439024390244,0.5505226480836237,1
18,19,90,9880.75,6769.5,9412.0,303,0.10762289100197149,0.07373460118289056,0.10251718241131044,30.496141975308642,18.75207756232687,1.1619753086419753,33,44,79,0.37293729372937295,0.34983498349834985,0.38283828382838286,0
21,22,80,11111.5,7352.5,8794.0,351,0.0901900146914392,0.059678898710237745,0.07137929075251012,25.196145124716555,15.191115702479339,1.3740625,48,49,73,0.396011396011396,0.50997150997151,0.5299145299145299,0
18,18,115,6881.5,5538.5,5481.0,267,0.0965296188752823,0.07769080783851647,0.07688423178891554,21.239197530864196,17.094135802469136,0.4144423440453686,24,33,46,0.19850187265917604,0.23220973782771537,0.3295880149812734,1
18,18,98,11428.5,7930.0,7496.5,391,0.07475422060295263,0.05187040901093007,0.04903487025856712,35.273148148148145,24.47530864197531,0.7805601832569763,71,48,68,0.48081841432225064,0.12276214833759591,0.47570332480818417,1
18,19,73,11178.5,8192.0,7832.0,303,0.12175821542550294,0.0892287248526833,0.08530754065505561,34.501543209876544,22.69252077562327,1.4696941264777632,51,44,72,0.3465346534653465,0.38613861386138615,0.2739273927392739,0
21,14,83,10683.0,6083.25,6032.75,287,0.1296968519710085,0.07385363425560587,0.07324053952336437,24.224489795918366,31.036989795918366,0.8757076498766149,46,27,53,0.5365853658536586,0.1602787456445993,0.313588850174216,0
18,21,91,8954.0,4778.25,8206.0,319,0.08799048751486326,0.046955611678344354,0.08063993081828992,27.635802469135804,10.835034013605442,0.9909431228112546,57,32,65,0.18495297805642633,0.10344827586206896,0.3761755485893417,1
21,22,102,7443.0,4222.5,6971.0,319,0.07314196990988689,0.041494285630054736,0.06850365071097965,16.877551020408163,8.724173553719009,0.6700307574009996,51,33,57,0.48589341692789967,0.3542319749216301,0.49216300940438873,0
18,19,90,11483.5,8291.0,5783.25,247,0.1882263272631907,0.13589798226491173,0.09479339113901228,35.4429012345679,22.966759002770083,0.7139814814814814,52,47,59,0.6963562753036437,0.47368421052631576,0.5101214574898786,0
18,15,98,9752.5,5849.5,6467.0,307,0.10347589894852996,0.06206431898481681,0.06861611263779988,30.10030864197531,25.997777777777777,0.6733652644731362,45,31,61,0.495114006514658,0.1758957654723127,0.5309446254071661,0
20,17,82,9694.25,7872.0,8888.25,327,0.090660625274715,0.07361894341104845,0.08312291333501669,24.235625,27.238754325259517,1.3218694229625223,57,53,67,0.44036697247706424,0.5137614678899083,0.5657492354740061,1
21,14,71,8749.5,6958.5,10331.0,335,0.07796391178436177,0.062004900868790375,0.09205613722432614,19.84013605442177,35.50255102040816,2.049394961317199,52,37,72,0.4716417910447761,0.25671641791044775,0.5373134328358209,0
24,21,90,9969.0,6063.25,6618.75,271,0.13574161571874022,0.08255946950613417,0.09012336433327432,17.307291666666668,13.748866213151928,0.8171296296296297,45,43,60,0.5461254612546126,0.5719557195571956,0.5129151291512916,1
18,20,102,10725.5,6675.5,6905.5,359,0.083220179855836,0.051795842676577615,0.0535804346645355,33.10339506172839,16.68875,0.6637351018838908,46,38,60,0.3983286908077994,0.403899721448468,0.41225626740947074,1
18,19,83,10311.5,7290.5,7579.0,251,0.16367200520626657,0.11572038539070809,0.12029967778289234,31.825617283950617,20.195290858725762,1.1001596748439542,35,37,61,0.5298804780876494,0.3545816733067729,0.43824701195219123,1
18,13,75,13316.0,8494.5,6704.0,255,0.20478277585544022,0.13063437139561707,0.10309880815071126,41.098765432098766,50.26331360946745,1.1918222222222221,49,34,62,0.4980392156862745,0.33725490196078434,0.5803921568627451,1
18,21,74,9564.0,7254.75,7588.25,295,0.10989945417983338,0.08336397586900315,0.08719620798621086,29.51851851851852,16.450680272108844,1.3857286340394448,44,44,54,0.5254237288135594,0.43050847457627117,0.2677966101694915,1
24,24,100,15399.0,6639.0,8280.0,335,0.13721541546001337,0.05915794163510804,0.07378035197148586,26.734375,11.526041666666666,0.828,52,34,78,0.4746268656716418,0.2716417910447761,0.41194029850746267,1
18,18,91,9026.0,5167.5,5880.5,323,0.08651477537405707,0.04953081118385109,0.05636496084501912,27.858024691358025,15.949074074074074,0.7101195507788914,36,39,49,0.28173374613003094,0.25386996904024767,0.4891640866873065,1
18,16,76,6953.25,5073.0,5933.75,335,0.0619581198485186,0.04520383158832702,0.052873691245266204,21.46064814814815,19.81640625,1.0273112880886426,37,35,48,0.33432835820895523,0.3582089552238806,0.29253731343283584,0
18,18,114,7078.75,5223.5,4282.0,255,0.10886197616301423,0.08033064206074586,0.06585159554017686,21.847993827160494,16.121913580246915,0.32948599569098186,35,36,42,0.3803921568627451,0.30196078431372547,0.4235294117647059,1
18,15,96,8834.5,5312.0,3693.5,235,0.15997283838841106,0.09618832050701676,0.06688094160253509,27.266975308641975,23.608888888888888,0.4007703993055556,38,43,57,0.2851063829787234,0.43829787234042555,0.4085106382978723,0
18,17,79,6848.5,5542.5,4228.5,295,0.078695777075553,0.06368859523125539,0.04858948577994829,21.137345679012345,19.17820069204152,0.6775356513379266,35,33,55,0.4406779661016949,0.4915254237288136,0.3152542372881356,1
24,21,95,6796.5,4665.5,3956.0,267,0.09533728906282876,0.06544487929414075,0.05549243221254331,11.799479166666666,10.579365079365079,0.43833795013850413,37,36,48,0.5280898876404494,0.39325842696629215,0.23595505617977527,1
18,21,97,5563.0,4427.5,3869.0,231,0.10425216918723412,0.08297258297258298,0.07250613744120238,17.169753086419753,10.03968253968254,0.41120204059942606,28,19,44,0.5108225108225108,0.17316017316017315,0.45454545454545453,1
18,19,109,6044.75,4921.25,2918.5,235,0.10945676776822091,0.08911272068809416,0.052847442281575376,18.656635802469136,13.632271468144044,0.24564430603484555,40,33,14,0.5531914893617021,0.425531914893617,0.12340425531914893,1
18,22,113,6267.5,3728.0,5006.5,255,0.09638600538254517,0.057331795463283354,0.07699346405228759,19.344135802469136,7.702479338842975,0.39208238703109094,11,23,49,0.043137254901960784,0.09019607843137255,0.4745098039215686,1
18,17,82,7396.5,3129.0,3068.0,247,0.12123621105082856,0.05128751495680965,0.05028766247602813,22.828703703703702,10.826989619377162,0.4562760261748959,34,31,40,0.5951417004048583,0.43724696356275305,0.2793522267206478,1
21,22,114,6252.5,4078.5,4192.5,247,0.10248487928010622,0.0668507925060237,0.0687193692733859,14.178004535147393,8.426652892561984,0.32259926131117267,37,31,47,0.41295546558704455,0.3724696356275304,0.3562753036437247,1
23,22,82,7619.0,5942.5,4481.5,303,0.08298750667145922,0.06472676970667364,0.04881329717130129,14.40264650283554,12.277892561983471,0.6664931588340274,37,34,54,0.36633663366336633,0.24752475247524752,0.2376237623762376,1
18,19,97,7771.5,5521.25,4124.75,271,0.10581963753216868,0.07517939570539617,0.05616413175201863,23.98611111111111,15.294321329639889,0.4383834626421511,25,29,50,0.23616236162361623,0.22140221402214022,0.23247232472324722,1
18,19,92,8284.5,5506.0,3113.0,287,0.10057788731197416,0.06684553654894439,0.0377933445835205,25.569444444444443,15.25207756232687,0.3677930056710775,36,8,51,0.42160278745644597,0.027874564459930314,0.20557491289198607,1
18,21,102,6075.5,3744.25,5177.75,287,0.07375954546006386,0.04545702873653923,0.06286042078937465,18.751543209876544,8.490362811791384,0.4976691657054979,28,31,46,0.397212543554007,0.47735191637630664,0.1602787456445993,1
18,19,107,6410.5,2981.5,2771.0,243,0.10856238039594235,0.0504919643008349,0.046927128317160324,19.785493827160494,8.259002770083102,0.24202987160450695,28,26,0,0.4773662551440329,0.32510288065843623,0.0,1
24,23,90,5656.25,4361.0,4770.0,283,0.07062455518235962,0.05445192223651188,0.05955874090074792,9.819878472222221,8.243856332703213,0.5888888888888889,33,24,55,0.4275618374558304,0.16607773851590105,0.33568904593639576,0
18,21,127,6363.0,4648.5,3168.0,287,0.07724993626242882,0.056435066590586266,0.0384610715196251,19.63888888888889,10.540816326530612,0.19641639283278567,32,28,40,0.397212543554007,0.42857142857142855,0.21951219512195122,1
18,21,82,6942.5,5924.5,4938.5,251,0.1101966635450231,0.09403818987000206,0.07838764464056126,21.42746913580247,13.434240362811792,0.7344586555621654,31,27,47,0.50199203187251,0.10756972111553785,0.350597609561753,1
18,20,91,9555.5,5264.0,4169.0,255,0.14695117262591312,0.08095347943098809,0.06411380238369858,29.492283950617285,13.16,0.5034416133317232,38,31,46,0.5294117647058824,0.3058823529411765,0.29411764705882354,1
18,14,106,8730.25,5999.25,5054.25,327,0.08164529734683762,0.056104985551160114,0.04726734562186124,26.945216049382715,30.60841836734694,0.44982645069419724,29,45,51,0.2018348623853211,0.23547400611620795,0.24770642201834864,0
21,22,117,7368.5,4444.5,3830.0,283,0.09200389566607149,0.055494512355005056,0.04782179824944749,16.70861678004535,9.182851239669422,0.2797866900431003,33,24,40,0.4381625441696113,0.15901060070671377,0.24381625441696114,1
18,22,124,10896.0,4797.0,4435.5,291,0.12867113047791123,0.05664789031778085,0.05237892797675984,33.629629629629626,9.911157024793388,0.2884690426638918,30,27,30,0.21649484536082475,0.2542955326460481,0.18900343642611683,0
18,16,118,12177.0,9147.0,6747.5,315,0.12272108843537415,0.09218442932728647,0.06800201562106324,37.583333333333336,35.73046875,0.48459494398161446,56,50,49,0.473015873015873,0.5523809523809524,0.15555555555555556,1
18,16,67,14966.5,9580.5,13051.75,407,0.09035068125977216,0.0578361475167372,0.07879160151887425,46.1929012345679,37.423828125,2.907496101581644,64,64,62,0.5061425061425061,0.3808353808353808,0.15233415233415235,0
18,17,103,11897.75,7876.25,6976.75,319,0.11691856408643783,0.07739949489490079,0.0685601556588477,36.72145061728395,27.253460207612456,0.6576256009048921,68,66,66,0.4231974921630094,0.3793103448275862,0.3605015673981191,0
18,21,106,8485.5,6472.5,5601.0,263,0.12267778918301551,0.09357515650074455,0.08097558154664662,26.189814814814813,14.67687074829932,0.49848700605197577,39,33,50,0.49809885931558934,0.2509505703422053,0.19011406844106463,1
24,24,114,7472.5,4463.0,4461.5,247,0.1224819288957367,0.07315314133980233,0.07312855480338966,12.973090277777779,7.748263888888889,0.3432979378270237,26,24,47,0.2793522267206478,0.17408906882591094,0.3117408906882591,1
21,17,134,7671.0,4372.0,3650.5,243,0.12990905857846874,0.07404020389845721,0.06182153804467476,17.39455782312925,15.1280276816609,0.20330251726442414,41,32,45,0.6090534979423868,0.23045267489711935,0.18518518518518517,1
18,15,113,7613.5,5176.5,3593.5,231,0.14267911021157775,0.0970090515545061,0.0673431907198141,23.498456790123456,23.006666666666668,0.28142376067037356,36,21,34,0.3203463203463203,0.09090909090909091,0.1471861471861472,0
18,15,99,7604.0,4674.5,6010.5,223,0.1529087655090591,0.09399947716624103,0.12086508878119408,23.469135802469136,20.775555555555556,0.613253749617386,40,27,57,0.4977578475336323,0.42152466367713004,0.37668161434977576,1
18,15,99,6769.5,4430.5,3591.0,231,0.12686231517400348,0.08302880380802459,0.06729634002361275,20.89351851851852,19.691111111111113,0.36639118457300274,32,32,48,0.329004329004329,0.37662337662337664,0.2943722943722944,0
21,21,71,6969.5,4569.0,4646.0,259,0.10389678150295911,0.06811168587230364,0.0692595518850345,15.803854875283447,10.360544217687075,0.9216425312438008,34,28,51,0.4555984555984556,0.3667953667953668,0.2471042471042471,0
18,20,96,9377.75,6780.25,5404.0,271,0.12769093558094252,0.09232240846393704,0.07358287605016271,28.943672839506174,16.950625,0.5863715277777778,42,40,61,0.47601476014760147,0.3763837638376384,0.3210332103321033,1
21,22,85,5887.5,4913.5,5314.0,231,0.11033338955416877,0.09208035831412455,0.0995858398455801,13.350340136054422,10.151859504132231,0.7355017301038063,35,20,55,0.4199134199134199,0.08658008658008658,0.5021645021645021,0
18,17,107,6641.75,4651.25,5532.25,283,0.08292961580241981,0.058076015432830974,0.06907627764112424,20.499228395061728,16.094290657439448,0.4832081404489475,32,24,56,0.4416961130742049,0.24734982332155478,0.20141342756183744,1
18,16,102,9734.5,5721.25,5552.75,303,0.10602990992168523,0.06231687525188162,0.06048154320382533,30.044753086419753,22.3486328125,0.5337129950019224,46,30,48,0.3696369636963696,0.3201320132013201,0.33003300330033003,1
18,19,108,9691.0,4570.75,3583.25,299,0.10839923490788694,0.05112638561089921,0.04008064786747352,29.910493827160494,12.661357340720222,0.3072059327846365,37,33,43,0.4682274247491639,0.46488294314381273,0.22742474916387959,1
22,22,127,7537.5,6109.0,4724.5,295,0.08661304222924447,0.07019821890261418,0.05428899741453605,15.573347107438016,12.62190082644628,0.29291958583917166,44,29,6,0.3152542372881356,0.3050847457627119,0.03389830508474576,1
23,21,81,7840.0,4844.5,5542.5,267,0.10997489093689068,0.06795578560507232,0.07774691747674957,14.820415879017013,10.985260770975056,0.8447645176040238,30,32,53,0.32209737827715357,0.1198501872659176,0.19850187265917604,0
18,21,93,7424.5,4697.5,4577.5,279,0.09538032656312226,0.06034737477678858,0.058805770737786,22.915123456790123,10.651927437641723,0.529251936640074,29,23,43,0.34767025089605735,0.3225806451612903,0.17921146953405018,0
18,18,67,8045.5,5132.5,6071.0,275,0.10638677685950414,0.06786776859504132,0.08027768595041322,24.83179012345679,15.841049382716049,1.3524170193807084,46,31,58,0.33454545454545453,0.4218181818181818,0.29454545454545455,1
18,13,102,10580.75,5837.25,5944.75,263,0.1529695383770186,0.08439112897396232,0.08594529341178851,32.65663580246913,34.539940828402365,0.5713908112264514,31,30,59,0.20912547528517111,0.21292775665399238,0.2813688212927757,1
21,23,104,7323.0,5050.0,3539.5,271,0.09971269454391961,0.06876268024672867,0.04819514984817745,16.60544217687075,9.546313799621927,0.32724667159763315,23,26,27,0.11070110701107011,0.18081180811808117,0.15498154981549817,1
18,18,68,13345.5,7650.0,8186.0,311,0.13797934264534073,0.07909347504678405,0.08463518780823193,41.18981481481482,23.61111111111111,1.7703287197231834,61,56,63,0.2604501607717042,0.24115755627009647,0.5916398713826366,1
18,21,107,5632.5,3481.0,4915.75,243,0.09538688208098359,0.05895104066114583,0.08324865789429119,17.38425925925926,7.893424036281179,0.42936064285090403,34,26,0,0.4609053497942387,0.2839506172839506,0.0,1
21,19,109,5675.0,4852.5,5472.5,371,0.04123044732310867,0.03525475694015591,0.03975922871818717,12.868480725623582,13.441828254847646,0.460609376315125,21,19,47,0.11859838274932614,0.05121293800539083,0.2587601078167116,1
18,19,111,6161.0,4336.0,4554.0,259,0.09184418836928489,0.06463827313248163,0.06788807561008334,19.015432098765434,12.011080332409973,0.3696128560993426,28,39,42,0.47876447876447875,0.38996138996138996,0.16602316602316602,1
18,16,93,6423.5,4163.0,4428.0,255,0.09878508266051518,0.06402153018069973,0.0680968858131488,19.825617283950617,16.26171875,0.5119667013527576,27,37,47,0.33725490196078434,0.25098039215686274,0.3215686274509804,1
21,23,115,6791.5,4100.0,4535.5,243,0.11501464885095429,0.06943386001456417,0.07680909075513556,15.400226757369614,7.750472589792061,0.3429489603024575,31,27,44,0.48559670781893005,0.40329218106995884,0.3333333333333333,1
18,21,115,7369.75,5746.75,5200.0,299,0.08243476023758123,0.06428060088813324,0.058164897484368185,22.746141975308642,13.031179138321995,0.3931947069943289,38,25,42,0.1939799331103679,0.14381270903010032,0.14046822742474915,1
18,16,110,6627.75,7086.75,3557.25,287,0.08046413092304143,0.08603661571707803,0.04318675715378358,20.45601851851852,27.6826171875,0.2939876033057851,41,41,35,0.5296167247386759,0.3170731707317073,0.2264808362369338,0
21,21,95,7040.0,3674.0,4717.5,255,0.10826605151864667,0.056501345636293734,0.07254901960784314,15.963718820861677,8.331065759637188,0.5227146814404432,44,30,48,0.2980392156862745,0.12156862745098039,0.4392156862745098,0
18,18,121,7367.0,4898.5,5166.5,225,0.14552098765432098,0.0967604938271605,0.10205432098765432,22.737654320987655,15.118827160493828,0.35287890171436376,52,39,48,0.72,0.36444444444444446,0.37333333333333335,1
21,23,86,7041.5,3830.75,4867.25,279,0.09046004033863903,0.04921249727007618,0.06252810215696099,15.967120181405896,7.241493383742911,0.65809221200649,36,31,49,0.36200716845878134,0.20430107526881722,0.36917562724014336,0
18,18,89,5067.75,3349.75,3782.75,215,0.1096322336398053,0.07246619794483504,0.0818334234721471,15.641203703703704,10.338734567901234,0.4775596515591466,26,26,40,0.2186046511627907,0.4325581395348837,0.2372093023255814,1
18,14,152,6300.5,4403.5,2519.0,231,0.11807312456663106,0.08252281628905006,0.047206761492475775,19.445987654320987,22.466836734693878,0.10902873961218837,34,25,36,0.33766233766233766,0.2943722943722944,0.2597402597402597,0
21,18,96,5165.5,3051.5,3720.5,227,0.10024452250189214,0.0592190805177667,0.07220206097537309,11.713151927437641,9.41820987654321,0.4037000868055556,35,35,40,0.3436123348017621,0.5550660792951542,0.27312775330396477,1
18,17,82,6219.0,4610.5,3726.5,243,0.10531931108062795,0.07807922234076783,0.06310860471811547,19.194444444444443,15.953287197231834,0.5542088042831648,31,30,46,0.25925925925925924,0.13580246913580246,0.2716049382716049,0
21,20,127,6576.5,4634.25,4425.0,199,0.16606903866063988,0.11702356001111083,0.11173960253528951,14.912698412698413,11.585625,0.27435054870109743,33,34,51,0.6984924623115578,0.6080402010050251,0.4020100502512563,0
18,20,118,6655.75,4439.5,3937.5,215,0.14398593834505138,0.09604110329908058,0.08518117901568416,20.542438271604937,11.09875,0.2827851192186153,36,25,50,0.5534883720930233,0.4,0.3627906976744186,0
18,16,93,6569.0,4186.0,3888.75,267,0.09214605338832078,0.05871873641094699,0.05454908891974919,20.27469135802469,16.3515625,0.44961845300034686,47,29,43,0.46441947565543074,0.10861423220973783,0.3445692883895131,0
18,12,86,6014.0,3942.5,4446.0,263,0.08694646445662074,0.05699807717330018,0.06427734967976984,18.561728395061728,27.37847222222222,0.6011357490535425,43,30,52,0.43346007604562736,0.3269961977186312,0.33840304182509506,0
18,17,90,4953.25,3295.5,4150.5,251,0.0786217679084459,0.05230869351280138,0.06587990666814812,15.287808641975309,11.40311418685121,0.5124074074074074,25,27,50,0.10756972111553785,0.3745019920318725,0.43824701195219123,0
21,17,85,5750.0,3459.0,2596.25,207,0.13419216317767044,0.0807253378141847,0.06059067889565684,13.038548752834467,11.96885813148789,0.35934256055363323,32,29,37,0.5265700483091788,0.5314009661835749,0.3526570048309179,0
21,21,84,4739.0,3256.0,3444.5,215,0.10252028123309898,0.0704380746349378,0.07451595457003786,10.746031746031745,7.383219954648526,0.48816609977324266,31,31,43,0.2558139534883721,0.3767441860465116,0.3395348837209302,1
18,21,103,5315.0,4305.0,5299.5,303,0.05789192780664205,0.04689082769663105,0.057723099042577525,16.40432098765432,9.761904761904763,0.49952870204543315,31,26,54,0.43234323432343236,0.36303630363036304,0.33663366336633666,0
18,15,67,5977.0,4207.5,3649.0,243,0.10122101983098783,0.07125438195397044,0.06179613541296212,18.44753086419753,18.7,0.8128759189128982,37,22,48,0.5432098765432098,0.09053497942386832,0.2674897119341564,0
18,19,109,5502.5,3583.0,3867.5,229,0.10492744226845407,0.06832440266203925,0.07374954711008562,16.983024691358025,9.925207756232687,0.3255197373958421,38,28,44,0.34497816593886466,0.4192139737991266,0.43231441048034935,0
18,12,119,5499.75,4212.75,3066.0,191,0.15075655820838244,0.11547792001315753,0.0840437488007456,16.974537037037038,29.255208333333332,0.21651013346515077,36,30,43,0.6596858638743456,0.5235602094240838,0.39790575916230364,1
21,18,84,5501.0,3056.0,3671.0,193,0.14768181696152916,0.08204247093881716,0.09855298128808827,12.473922902494332,9.432098765432098,0.5202664399092971,33,28,46,0.32124352331606215,0.36787564766839376,0.32642487046632124,1
21,19,80,5273.5,4228.25,4666.5,207,0.12307171695955565,0.09867791547060609,0.10890569208149549,11.958049886621316,11.712603878116344,0.729140625,36,28,50,0.4106280193236715,0.3671497584541063,0.5314009661835749,0
18,14,130,4195.75,4080.25,3145.5,243,0.07105539467222137,0.06909939203034768,0.05326931870141747,12.949845679012345,20.817602040816325,0.18612426035502957,24,26,37,0.2139917695473251,0.2139917695473251,0.3868312757201646,0
18,19,76,7044.0,5488.0,4426.5,243,0.11929075852258295,0.09293976189266541,0.07496316618401666,21.74074074074074,15.202216066481995,0.7663608033240997,38,37,56,0.21810699588477367,0.32098765432098764,0.4156378600823045,1
18,20,113,8241.5,5114.75,3097.0,267,0.11560689587453885,0.07174669303819664,0.043442887401983474,25.436728395061728,12.786875,0.2425405278408646,37,45,20,0.40074906367041196,0.40074906367041196,0.12734082397003746,0
18,18,76,6056.75,3216.5,4632.25,287,0.07353191127730092,0.03904988527237189,0.05623778363219172,18.693672839506174,9.927469135802468,0.8019823407202216,39,27,47,0.40418118466898956,0.313588850174216,0.40069686411149824,0
21,20,116,6985.25,4359.75,2823.5,271,0.09511376479078444,0.05936397924864858,0.03844582726270067,15.839569160997732,10.899375,0.2098320451843044,40,32,37,0.2952029520295203,0.4907749077490775,0.3173431734317343,0
18,18,107,6123.5,3794.0,3993.0,207,0.1429088193423417,0.08854348992975332,0.09318770566407618,18.89969135802469,11.709876543209877,0.3487640841994934,28,32,50,0.2560386473429952,0.6666666666666666,0.42995169082125606,0
23,15,95,6176.5,5159.5,4008.0,207,0.1441457210203272,0.1204112114635114,0.09353777217671358,11.675803402646503,22.93111111111111,0.44409972299168976,37,29,44,0.5700483091787439,0.1497584541062802,0.3864734299516908,1
18,17,94,5419.0,5762.0,4627.0,227,0.10516408236138873,0.11182052824623027,0.08979409652816861,16.72530864197531,19.93771626297578,0.5236532367587143,31,30,46,0.5330396475770925,0.23788546255506607,0.3832599118942731,0
21,21,115,8310.75,5837.75,8048.0,263,0.12015136838757247,0.08439835764576617,0.1163527013546531,18.845238095238095,13.237528344671201,0.6085444234404537,49,45,52,0.39543726235741444,0.3688212927756654,0.5171102661596958,1
22,20,116,9568.0,5774.5,4157.5,251,0.15187060522848844,0.09165727528134474,0.0659910160156188,19.768595041322314,14.43625,0.30896997621878713,33,33,44,0.41434262948207173,0.36254980079681276,0.28286852589641437,0
23,24,90,6457.0,4566.5,5231.0,263,0.09335106767482543,0.06601945958449594,0.07562636441180298,12.206049149338375,7.927951388888889,0.6458024691358024,33,46,55,0.5019011406844106,0.532319391634981,0.20912547528517111,0
21,16,115,6425.0,4167.5,4296.0,243,0.10880793916916459,0.07057697844163321,0.07275313722501651,14.569160997732427,16.279296875,0.32483931947069944,35,34,43,0.3292181069958848,0.48148148148148145,0.23868312757201646,1
19,17,101,5541.5,3343.5,4140.0,239,0.09701335760928555,0.05853363911696224,0.07247772272894382,15.350415512465373,11.569204152249135,0.40584256445446526,32,25,55,0.3389121338912134,0.27615062761506276,0.301255230125523,0
22,18,98,5726.5,4060.0,4245.0,259,0.08536694444030352,0.06052384430762809,0.06328170420834514,11.831611570247935,12.530864197530864,0.4420033319450229,35,28,51,0.33204633204633205,0.3166023166023166,0.3474903474903475,0
22,19,96,5227.5,4107.0,3191.0,231,0.09796480575701355,0.07696632371957048,0.059800228631397466,10.800619834710744,11.376731301939058,0.3462456597222222,35,27,49,0.48917748917748916,0.47619047619047616,0.3333333333333333,0
18,15,108,6173.5,4556.5,4051.5,263,0.08925241076204658,0.06587488614841909,0.0585739276265379,19.054012345679013,20.25111111111111,0.3473508230452675,37,31,54,0.14068441064638784,0.44866920152091255,0.311787072243346,0
18,16,102,6286.5,4353.5,5363.5,223,0.12641517022260654,0.08754449114198959,0.10785457177904241,19.40277777777778,17.005859375,0.5155228758169934,35,30,55,0.49327354260089684,0.5112107623318386,0.35874439461883406,1
18,22,76,6922.5,4231.5,4137.25,219,0.14433602301870269,0.08822793519734784,0.08626279685577866,21.36574074074074,8.742768595041323,0.7162828947368421,45,30,55,0.3150684931506849,0.410958904109589,0.4520547945205479,1
24,22,83,4739.0,3572.75,4773.0,223,0.09529650706831023,0.07184439662973316,0.09598021275312192,8.227430555555555,7.381714876033058,0.692843663811874,33,31,55,0.36771300448430494,0.22869955156950672,0.39461883408071746,0
13,17,95,5408.25,3253.5,3698.25,247,0.08864675703584717,0.053328197479060466,0.06061810552541428,32.001479289940825,11.257785467128027,0.40977839335180055,38,26,45,0.15384615384615385,0.3481781376518219,0.38461538461538464,0
23,23,87,6865.0,4859.25,3383.75,235,0.12430964237211407,0.08799004074241738,0.061272068809416026,12.977315689981097,9.185727788279774,0.4470537719645924,36,29,49,0.28936170212765955,0.28936170212765955,0.23404255319148937,0
20,22,98,5452.5,5342.5,3402.0,247,0.08937205986002066,0.08756904718975889,0.05576226458391385,13.63125,11.038223140495868,0.35422740524781343,33,32,49,0.23481781376518218,0.22267206477732793,0.38461538461538464,0
25,17,99,5476.25,3464.0,4096.75,179,0.17091382915639336,0.10811148216347805,0.12785961736525078,8.762,11.986159169550174,0.4179930619324559,33,31,52,0.5921787709497207,0.5865921787709497,0.5027932960893855,0
19,14,82,5681.5,3470.0,3845.0,215,0.12290968090859924,0.07506760411032991,0.08318009734991888,15.738227146814404,17.70408163265306,0.5718322427126711,28,37,51,0.39069767441860465,0.3953488372093023,0.3674418604651163,0
18,18,138,7730.75,4807.25,4775.0,279,0.0993146285376601,0.06175730013745969,0.061342994051977746,23.86033950617284,14.837191358024691,0.25073513967653854,0,38,54,0.0,0.4014336917562724,0.3225806451612903,0
21,19,96,6991.5,4688.0,3807.5,227,0.135680878728483,0.09097789594209087,0.073890430631295,15.853741496598639,12.986149584487535,0.4131401909722222,30,30,46,0.3303964757709251,0.44933920704845814,0.2907488986784141,0
21,21,105,3783.5,2952.5,2648.0,195,0.09950032873109796,0.07764628533859302,0.06963839579224194,8.579365079365079,6.695011337868481,0.24018140589569162,31,27,37,0.38461538461538464,0.46153846153846156,0.3230769230769231,0
18,16,109,5382.25,3873.5,3898.75,235,0.09746038931643278,0.0701403349932096,0.070597555454957,16.611882716049383,15.130859375,0.3281499873748001,39,31,48,0.41702127659574467,0.4297872340425532,0.3617021276595745,0
18,14,99,5550.0,3039.0,4197.5,199,0.14014797606121057,0.07674048635135476,0.1059947981111588,17.12962962962963,15.505102040816327,0.42827262524232224,37,28,50,0.6683417085427136,0.47738693467336685,0.3969849246231156,0
18,17,94,7681.0,5127.25,5866.0,243,0.13007840945655302,0.08683042896577418,0.09934122508425205,23.70679012345679,17.741349480968857,0.6638750565866908,36,23,51,0.49382716049382713,0.102880658436214,0.4691358024691358,0
19,20,105,5792.0,4434.0,3677.0,255,0.08907343329488658,0.06818915801614764,0.05654748173779316,16.04432132963989,11.085,0.33351473922902497,33,34,43,0.25098039215686274,0.13725490196078433,0.26666666666666666,0
21,22,90,5613.5,3206.0,5115.0,203,0.13622024315076803,0.07779853915406829,0.12412337110825306,12.729024943310657,6.62396694214876,0.6314814814814815,29,33,50,0.1625615763546798,0.3842364532019704,0.4433497536945813,0
13,21,104,4672.0,3682.0,3987.5,239,0.08179128516657622,0.06445965581835052,0.06980795154146462,27.644970414201183,8.34920634920635,0.3686667899408284,24,32,50,0.27615062761506276,0.22594142259414227,0.20920502092050208,0
18,17,107,6377.0,5670.0,5164.75,263,0.09219448018621058,0.08197313825557692,0.0746685653977938,19.682098765432098,19.619377162629757,0.45110926718490696,39,38,61,0.44866920152091255,0.24714828897338403,0.3840304182509506,0
18,14,88,6815.0,5343.0,3635.5,239,0.11930813536177588,0.09353827839148474,0.06364559443987325,21.03395061728395,27.260204081632654,0.4694602272727273,40,27,50,0.4225941422594142,0.11297071129707113,0.32217573221757323,0
18,15,100,6877.0,5581.5,4698.0,235,0.12452693526482571,0.10106835672249886,0.0850701674966048,21.22530864197531,24.80666666666667,0.4698,32,32,49,0.4553191489361702,0.39148936170212767,0.37872340425531914,1
18,17,93,9042.5,5295.0,2709.0,283,0.11290564247274906,0.06611394823259124,0.033824869832311553,27.90895061728395,18.32179930795848,0.31321540062434966,35,31,36,0.38162544169611307,0.4840989399293286,0.1872791519434629,1
21,21,81,6824.0,5836.25,4125.75,243,0.11556503920472827,0.09883740622195127,0.06986993852563125,15.473922902494332,13.234126984126984,0.6288294467306813,33,0,52,0.24691358024691357,0.0,0.38271604938271603,1
21,14,108,5599.5,4252.0,2958.25,207,0.13067982916754184,0.09923218744894863,0.06903895073397279,12.697278911564625,21.693877551020407,0.253622256515775,33,24,41,0.6280193236714976,0.2898550724637681,0.32367149758454106,0
18,17,111,6632.0,3147.0,5228.75,219,0.13827901836909157,0.06561581284793895,0.10902087112445528,20.469135802469136,10.889273356401384,0.4243770797824852,41,37,55,0.6529680365296804,0.3561643835616438,0.4063926940639269,1
18,13,90,6854.5,4467.5,4854.0,243,0.1160815593828854,0.0756575047841623,0.08220291622212061,21.155864197530864,26.43491124260355,0.5992592592592593,34,39,53,0.2674897119341564,0.32098765432098764,0.37037037037037035,0
18,16,102,8103.5,4428.5,3971.75,291,0.09569442968316387,0.05229626480556441,0.04690249288506276,25.010802469135804,17.298828125,0.38175221068819687,42,38,43,0.36769759450171824,0.2542955326460481,0.3436426116838488,1
21,22,131,8303.25,5256.5,4094.5,267,0.11647308841476245,0.07373507834308238,0.05743522843636466,18.828231292517007,10.860537190082646,0.23859332206747857,44,0,47,0.5430711610486891,0.0,0.35580524344569286,1
18,18,110,5342.5,4332.0,3349.5,199,0.1349082093886518,0.10939117699048004,0.08458119744450898,16.489197530864196,13.37037037037037,0.2768181818181818,31,41,44,0.2864321608040201,0.592964824120603,0.40703517587939697,0
21,21,121,7302.25,5690.75,4357.0,259,0.10885720248654611,0.08483400664867846,0.06495132749959005,16.558390022675738,12.904195011337869,0.2975889625025613,38,45,54,0.5096525096525096,0.47876447876447875,0.277992277992278,1
18,18,130,6168.0,4135.0,4683.0,219,0.12860449114905861,0.08621588373887117,0.09764183399011697,19.037037037037038,12.762345679012345,0.27710059171597634,27,32,57,0.4383561643835616,0.3424657534246575,0.4337899543378995,1
18,12,112,6953.25,4949.75,3086.25,275,0.09194380165289257,0.06545123966942148,0.0408099173553719,21.46064814814815,34.373263888888886,0.2460339604591837,29,32,51,0.44363636363636366,0.28363636363636363,0.3418181818181818,0
21,20,117,6701.25,5507.25,4173.0,267,0.0940011783024029,0.0772524512898203,0.05853638008668939,15.195578231292517,13.768125,0.30484330484330485,33,28,56,0.26591760299625467,0.36329588014981273,0.21722846441947566,0
18,16,138,9436.5,6579.0,4606.0,343,0.08020892655271188,0.055920577310474374,0.03915035401915869,29.125,25.69921875,0.24186095358118043,45,31,56,0.3556851311953353,0.22157434402332363,0.27113702623906705,0
21,14,128,6694.0,4907.0,3771.5,267,0.09389947958310539,0.06883249870246462,0.05290437514904123,15.179138321995465,25.035714285714285,0.230194091796875,39,31,49,0.36329588014981273,0.39325842696629215,0.3408239700374532,0
18,13,133,9417.0,4685.75,6561.25,239,0.16486055916388018,0.08203200224085713,0.11486581117277359,29.064814814814813,27.726331360946745,0.3709226072700548,44,42,60,0.3263598326359833,0.39748953974895396,0.41841004184100417,1
18,13,93,9363.0,5808.5,5185.0,303,0.10198346567330001,0.06326721781089,0.056475944624165386,28.89814814814815,34.3698224852071,0.5994912706671292,38,43,58,0.3333333333333333,0.5511551155115512,0.29372937293729373,0
18,21,94,9337.0,5206.5,6658.0,291,0.11026086135024385,0.06148368583271336,0.07862448483130809,28.817901234567902,11.806122448979592,0.7535083748302399,51,43,67,0.3436426116838488,0.23367697594501718,0.23024054982817868,0
21,22,140,11581.0,4532.0,4263.0,343,0.09843687579154944,0.03852136439748744,0.036234902124114954,26.26077097505669,9.363636363636363,0.2175,46,40,51,0.40524781341107874,0.3119533527696793,0.24198250728862974,1
18,16,153,7267.5,6133.0,4277.0,351,0.058988969245379504,0.049780440093830404,0.0347156273082199,22.430555555555557,23.95703125,0.18270750566021615,48,34,54,0.3732193732193732,0.23076923076923078,0.19658119658119658,0
18,17,155,7976.25,4925.25,3915.5,295,0.09165469692617063,0.056595805802930194,0.044992818155702385,24.618055555555557,17.042387543252595,0.1629760665972945,33,34,55,0.21694915254237288,0.39322033898305087,0.33559322033898303,0
19,17,145,8733.25,5315.0,2696.75,255,0.13430603613994618,0.08173779315647828,0.04147251057285659,24.191828254847646,18.391003460207614,0.1282639714625446,45,27,47,0.3803921568627451,0.12156862745098039,0.32941176470588235,0
18,15,93,7420.5,5795.75,4549.0,243,0.12566681908245694,0.09815153516570983,0.07703771444054937,22.90277777777778,25.75888888888889,0.5259567580067059,38,33,54,0.5555555555555556,0.35390946502057613,0.2222222222222222,0
21,21,123,8188.75,6029.0,4869.0,247,0.13422200003278204,0.0988214853546198,0.07980789719549575,18.56859410430839,13.671201814058957,0.321832242712671,45,43,61,0.41700404858299595,0.3076923076923077,0.5384615384615384,0
18,15,108,4779.25,5595.25,3845.0,271,0.06507604743944119,0.07618700725752645,0.052354951593796384,14.750771604938272,24.86777777777778,0.3296467764060357,32,44,50,0.21033210332103322,0.4280442804428044,0.2915129151291513,0
18,12,128,6902.0,6510.0,4820.0,279,0.08866792564329852,0.08363201911589008,0.06192109556660372,21.30246913580247,45.208333333333336,0.294189453125,28,51,56,0.2007168458781362,0.3763440860215054,0.3942652329749104,0
21,18,141,8367.25,5332.75,4030.25,211,0.18793939938456009,0.11978055299746188,0.09052469621077694,18.973356009070294,16.459104938271604,0.20271867612293143,33,37,56,0.35071090047393366,0.3033175355450237,0.4075829383886256,0
18,18,107,7428.5,7075.0,4240.5,319,0.07299947917178487,0.06952565324633209,0.04167117068425035,22.92746913580247,21.83641975308642,0.3703816927242554,43,46,48,0.5015673981191222,0.49216300940438873,0.3103448275862069,0
26,20,96,8733.0,6323.0,6521.5,287,0.10602289696366352,0.07676431667253457,0.07917420388738482,12.918639053254438,15.8075,0.7076280381944444,56,43,59,0.3344947735191638,0.3519163763066202,0.49825783972125437,0
21,22,104,6610.0,6308.5,4483.5,251,0.10491896954016602,0.10013333121696481,0.07116553705496738,14.988662131519275,13.034090909090908,0.4145247781065089,33,31,55,0.4820717131474104,0.35856573705179284,0.46613545816733065,1
18,17,123,6232.25,4932.0,4831.0,247,0.1021529610385353,0.08084053172482748,0.07918503827304169,19.23533950617284,17.06574394463668,0.3193205102782735,31,33,54,0.3562753036437247,0.29959514170040485,0.44129554655870445,1
13,12,148,5435.5,5159.75,3554.75,223,0.1093024191115848,0.10375736491785477,0.07148243479659756,32.162721893491124,35.83159722222222,0.1622877100073046,33,35,47,0.5515695067264574,0.3004484304932735,0.34977578475336324,1
18,17,124,6177.75,6085.25,3679.25,307,0.06554711455824465,0.06456567178431602,0.0390375494700209,19.06712962962963,21.05622837370242,0.23928524973985432,28,31,49,0.3485342019543974,0.3289902280130293,0.2996742671009772,1
22,18,125,8225.25,5393.5,4185.5,299,0.09200400442948066,0.06032930280421919,0.04681714969631212,16.994318181818183,16.646604938271604,0.267872,24,24,54,0.1605351170568562,0.24414715719063546,0.29431438127090304,1
21,18,126,8079.0,4915.5,4732.0,311,0.08352891305921155,0.05082143484868849,0.048924225349200275,18.31972789115646,15.171296296296296,0.2980599647266314,43,33,55,0.21221864951768488,0.2057877813504823,0.29260450160771706,0
18,17,117,8107.75,5709.0,4870.25,247,0.1328943270664984,0.09357635758658558,0.07982838597583963,25.02391975308642,19.75432525951557,0.3557783621886186,34,33,58,0.4534412955465587,0.13360323886639677,0.46558704453441296,1
18,21,149,8172.0,6820.75,4379.25,295,0.09390405056018386,0.07837690318873887,0.05032174662453318,25.22222222222222,15.46655328798186,0.19725462816990225,30,44,55,0.3423728813559322,0.37966101694915255,0.30847457627118646,0
18,19,115,6939.5,5815.25,4951.0,223,0.13954634116913672,0.11693880834120936,0.09955961310301836,21.41820987654321,16.108725761772853,0.37436672967863893,39,29,53,0.3991031390134529,0.13901345291479822,0.48878923766816146,0
21,15,111,6406.0,5182.5,5138.5,303,0.06977529436111927,0.05644871417834853,0.05596945833197181,14.526077097505668,23.033333333333335,0.4170521873224576,32,29,64,0.35973597359735976,0.264026402640264,0.28052805280528054,0
18,16,89,7327.0,7440.0,6168.0,319,0.07200204400507071,0.07311248906752095,0.06061261190436415,22.614197530864196,29.0625,0.7786895593990658,35,42,64,0.3103448275862069,0.4169278996865204,0.46394984326018807,0
19,18,120,10730.0,8412.5,8183.5,335,0.09561149476498107,0.07496101581644019,0.07292047226553798,29.722991689750693,25.964506172839506,0.5682986111111111,62,45,61,0.47761194029850745,0.22388059701492538,0.4925373134328358,0
18,12,127,5870.0,5383.0,5729.0,251,0.09317312423612324,0.08544308820494913,0.09093506452278535,18.117283950617285,37.38194444444444,0.3551987103974208,41,39,61,0.6294820717131474,0.46215139442231074,0.4103585657370518,0
18,12,140,9178.75,6833.75,4584.0,307,0.09738830120213476,0.07250740060902502,0.048637120818258016,28.329475308641975,47.45659722222222,0.23387755102040816,36,39,53,0.20846905537459284,0.4006514657980456,0.30944625407166126,0
18,12,108,8780.0,4706.5,4199.0,271,0.11955174902302529,0.0640854563527185,0.05717514739723043,27.098765432098766,32.68402777777778,0.3599965706447188,46,35,57,0.4354243542435424,0.5129151291512916,0.3948339483394834,0
24,22,99,9503.0,5936.5,4986.0,259,0.1416645547919679,0.08849748811138773,0.074328051162028,16.49826388888889,12.265495867768594,0.5087235996326905,51,37,56,0.44015444015444016,0.5444015444015444,0.39768339768339767,0
21,20,115,6940.5,4923.5,3931.5,275,0.09177520661157025,0.06510413223140496,0.05198677685950413,15.738095238095237,12.30875,0.2972778827977316,47,38,51,0.4290909090909091,0.4690909090909091,0.4509090909090909,0
22,17,108,6991.0,4848.0,5137.5,263,0.1010712891613295,0.07008920181005943,0.07427460278448438,14.444214876033058,16.775086505190313,0.44045781893004116,43,35,61,0.4448669201520912,0.19771863117870722,0.39923954372623577,0
18,20,108,6963.0,3857.0,2709.5,247,0.1141307020275697,0.0632201806290875,0.04441148027340228,21.49074074074074,9.6425,0.23229595336076816,35,21,43,0.3643724696356275,0.15789473684210525,0.242914979757085,0
24,20,105,7162.75,4900.25,7192.5,275,0.09471404958677686,0.06479669421487604,0.09510743801652892,12.43532986111111,12.250625,0.6523809523809524,34,32,59,0.43636363636363634,0.52,0.41454545454545455,0
24,23,106,7957.25,4452.0,5189.75,255,0.12237216455209535,0.06846597462514417,0.07981161091887735,13.81467013888889,8.415879017013232,0.46188590245639016,42,33,49,0.4549019607843137,0.2196078431372549,0.42745098039215684,0
23,18,98,5301.5,3990.5,5118.5,223,0.10660781435379758,0.08024492750708842,0.10292786905025236,10.021739130434783,12.316358024691358,0.5329550187421908,32,35,48,0.3632286995515695,0.336322869955157,0.36771300448430494,1
22,24,79,6980.5,4283.5,4883.0,259,0.10406076236192066,0.06385563721471058,0.07279259402811526,14.422520661157025,7.436631944444445,0.7824066655984618,32,28,50,0.3127413127413127,0.35135135135135137,0.4594594594594595,0
21,13,106,4582.0,3479.25,3682.75,193,0.12301001369164273,0.09340519208569358,0.09886842599801338,10.390022675736962,20.587278106508876,0.3277634389462442,29,35,43,0.6424870466321243,0.49740932642487046,0.5699481865284974,1
22,19,72,10170.5,5532.0,6691.0,263,0.14703841316196561,0.07997802483771632,0.09673408607902384,21.013429752066116,15.32409972299169,1.2907021604938271,39,32,57,0.46387832699619774,0.311787072243346,0.5171102661596958,1
23,23,87,19912.5,15098.0,12706.0,303,0.21689050093128126,0.16445010837717436,0.13839601781960376,37.64177693761815,28.5406427221172,1.6786893909367155,97,95,95,0.6039603960396039,0.31353135313531355,0.31353135313531355,1
24,21,112,19727.0,12875.0,10074.25,311,0.203957775457243,0.13311483545455485,0.1041578354235378,34.248263888888886,29.19501133786848,0.8031130420918368,89,90,89,0.6463022508038585,0.5884244372990354,0.4758842443729904,0
19,19,115,8234.75,5701.75,6026.25,251,0.13070824272630593,0.09050253170584593,0.09565324359930795,22.810941828254848,15.794321329639889,0.4556710775047259,48,41,55,0.2908366533864542,0.5139442231075697,0.5219123505976095,0
21,19,96,6448.75,4975.5,3986.75,223,0.1296778539685093,0.10005228337589736,0.08016951879185184,14.623015873015873,13.782548476454293,0.4325900607638889,34,45,54,0.49327354260089684,0.6860986547085202,0.5919282511210763,0
18,21,83,6502.0,4242.0,3827.0,251,0.10320471103633276,0.06733226456722909,0.060745067538610496,20.067901234567902,9.619047619047619,0.5555232980113224,32,34,46,0.47410358565737054,0.22310756972111553,0.4940239043824701,0
18,15,115,6493.0,4369.5,2764.0,259,0.09679342883976089,0.06513766938477364,0.0412039176517941,20.040123456790123,19.42,0.20899810964083176,39,35,41,0.37065637065637064,0.23552123552123552,0.2471042471042471,0
18,18,90,10157.5,6983.75,5112.5,287,0.12331702460877272,0.08478614527310031,0.062068253833359635,31.35030864197531,21.554783950617285,0.6311728395061729,54,36,51,0.445993031358885,0.34146341463414637,0.28222996515679444,0
25,17,85,7262.5,4272.0,5855.0,263,0.10499645795081612,0.06176177189203256,0.08464774682299875,11.62,14.782006920415226,0.8103806228373702,41,38,52,0.45627376425855515,0.467680608365019,0.38022813688212925,0
21,23,90,4823.25,4587.25,4600.75,267,0.06765770315195893,0.06434723449620558,0.06453660452524232,10.937074829931973,8.671550094517958,0.5679938271604938,43,44,50,0.3782771535580524,0.43820224719101125,0.27715355805243447,0
18,16,103,7210.0,6798.5,5898.5,263,0.10423744741141262,0.09828825051685003,0.08527664126993306,22.253086419753085,26.556640625,0.555990197002545,39,45,59,0.41064638783269963,0.28517110266159695,0.4790874524714829,0
22,13,72,7197.75,4271.75,7041.0,267,0.10096578714808736,0.05992158678056923,0.09876699069982746,14.871384297520661,25.276627218934912,1.3582175925925926,36,28,59,0.38202247191011235,0.1797752808988764,0.3445692883895131,1
18,17,86,7505.5,3819.75,3643.0,247,0.12302283269681523,0.06260961497483977,0.059712501434214624,23.165123456790123,13.21712802768166,0.4925635478637101,31,15,41,0.3117408906882591,0.07692307692307693,0.29554655870445345,1
18,14,108,8605.5,5007.0,4349.5,251,0.1365930699512706,0.07947492896938144,0.06903858668910018,26.560185185185187,25.54591836734694,0.37289951989026066,43,37,48,0.549800796812749,0.4900398406374502,0.4262948207171315,1
24,17,83,8418.5,4614.0,5548.5,287,0.10220471293811992,0.05601621969430247,0.06736150736320703,14.61545138888889,15.965397923875432,0.8054144287995355,47,28,52,0.4529616724738676,0.4076655052264808,0.3310104529616725,0
18,15,133,7511.25,5345.5,3997.5,279,0.09649477781631788,0.06867203658740252,0.05135468454927352,23.18287037037037,23.75777777777778,0.22598790208604216,52,34,33,0.4838709677419355,0.40860215053763443,0.32616487455197135,0
21,12,137,5575.5,3732.5,3623.5,227,0.10820120708727124,0.0724349395486037,0.070319625841759,12.642857142857142,25.92013888888889,0.19305770152911716,32,34,42,0.23788546255506607,0.2687224669603524,0.31277533039647576,0
18,18,81,10048.0,6538.0,6391.5,263,0.14526738857002414,0.09452211250704795,0.09240411166852203,31.012345679012345,20.179012345679013,0.9741655235482396,48,36,56,0.5399239543726235,0.13688212927756654,0.6730038022813688,0
18,23,101,8995.75,6098.5,6204.0,319,0.08840076257112253,0.059929639056219966,0.06096638201275538,27.76466049382716,11.528355387523629,0.6081756690520537,54,40,59,0.3761755485893417,0.2445141065830721,0.40752351097178685,0
21,22,93,8793.25,5692.5,5239.0,295,0.10104280379201379,0.06541223786268313,0.060201091640333236,19.939342403628117,11.761363636363637,0.6057347670250897,38,38,53,0.3389830508474576,0.4745762711864407,0.2983050847457627,0
18,17,84,11017.0,7047.0,5262.0,295,0.1265958058029302,0.08097673082447572,0.06046538351048549,34.00308641975309,24.3840830449827,0.7457482993197279,46,28,39,0.5457627118644067,0.31864406779661014,0.18305084745762712,0
18,16,76,7656.5,5035.5,6339.5,259,0.11413813151264889,0.07506596502735499,0.09450515048970648,23.631172839506174,19.669921875,1.097558864265928,43,34,58,0.3667953667953668,0.21235521235521235,0.277992277992278,0
21,14,117,9652.0,4633.75,5832.75,271,0.1314252256913713,0.06309486526599584,0.07942089568497161,21.886621315192745,23.64158163265306,0.42609029147490685,42,32,60,0.3948339483394834,0.33210332103321033,0.3874538745387454,0
18,17,92,8933.5,6053.0,6285.25,231,0.1674162778058882,0.11343490564269786,0.11778733531980286,27.57253086419753,20.94463667820069,0.7425862476370511,0,40,55,0.0,0.4458874458874459,0.24675324675324675,1
18,17,96,7662.5,4536.5,6002.0,255,0.117839292579777,0.06976547481737794,0.09230296039984622,23.64969135802469,15.697231833910035,0.6512586805555556,35,21,55,0.5607843137254902,0.1607843137254902,0.42745098039215684,1
24,21,90,6163.5,5237.0,4852.0,271,0.08392451083182419,0.07130894187170654,0.06606663852616386,10.700520833333334,11.875283446712018,0.5990123456790123,33,33,55,0.33948339483394835,0.2878228782287823,0.39114391143911437,1
18,12,85,7150.5,5625.25,6219.5,243,0.12109434537418076,0.09526410269437247,0.10532777862453217,22.069444444444443,39.064236111111114,0.8608304498269896,35,38,57,0.36213991769547327,0.6213991769547325,0.24279835390946503,0
13,13,92,7007.5,4564.5,6418.0,299,0.07838279213879039,0.05105647587834588,0.07178890616436058,41.46449704142012,27.00887573964497,0.7582703213610587,28,30,58,0.09364548494983277,0.35785953177257523,0.35785953177257523,0
21,18,92,7787.75,3894.75,4453.0,247,0.12764919929846416,0.0638389417954728,0.07298923109705126,17.659297052154194,12.020833333333334,0.5261105860113422,30,42,51,0.340080971659919,0.3562753036437247,0.3522267206477733,0
18,14,126,5393.5,4226.5,3515.5,259,0.08040279661901284,0.06300591821827344,0.05240679178903117,16.646604938271604,21.56377551020408,0.22143487024439407,31,34,38,0.3166023166023166,0.21621621621621623,0.3667953667953668,0
21,21,70,5520.75,4340.75,6040.5,271,0.07517258751923313,0.05910526817445296,0.08224969703571575,12.518707482993197,9.84297052154195,1.2327551020408163,23,23,61,0.18450184501845018,0.18081180811808117,0.3985239852398524,1
18,17,103,6975.5,5329.75,3351.5,247,0.11433558983100854,0.08736006163025127,0.05493451785802095,21.52932098765432,18.44204152249135,0.3159110189461778,35,27,39,0.5587044534412956,0.4898785425101215,0.1700404858299595,1
18,21,147,7043.5,5489.5,4420.0,267,0.09880205922372315,0.0770034647701609,0.06200115024758378,21.739197530864196,12.447845804988662,0.20454440279513167,33,30,37,0.24719101123595505,0.13857677902621723,0.14606741573033707,0
18,12,132,7485.0,6621.0,4065.0,267,0.10499516054370239,0.09287547868535118,0.05702141985439549,23.10185185185185,45.979166666666664,0.23329889807162535,29,32,49,0.2883895131086142,0.31835205992509363,0.30337078651685395,0
21,15,118,8793.75,6066.75,5468.75,287,0.10676043171581541,0.0736533161747745,0.06639330330585536,19.94047619047619,26.963333333333335,0.3927571100258546,34,41,58,0.2578397212543554,0.25435540069686413,0.30313588850174217,0
18,12,97,7222.5,7566.75,5375.25,271,0.09834424912514808,0.1030316852984028,0.07319140534578777,22.291666666666668,52.546875,0.5712881283877139,43,58,60,0.4354243542435424,0.30996309963099633,0.22140221402214022,0
21,18,145,7650.75,6250.75,4591.5,255,0.11765859284890427,0.09612841214917339,0.07061130334486736,17.348639455782312,19.292438271604937,0.21838287752675387,42,35,55,0.4745098039215686,0.30980392156862746,0.3686274509803922,0
18,18,132,10031.0,5622.5,6340.0,367,0.07447527266517681,0.04174431468048616,0.047071401524994616,30.959876543209877,17.353395061728396,0.36386593204775025,39,42,62,0.29155313351498635,0.2506811989100817,0.329700272479564,0
18,17,153,9836.75,7407.25,4008.25,267,0.13798412097238003,0.10390452945054637,0.05622536436196328,30.36033950617284,25.630622837370243,0.17122687855098467,30,34,53,0.21722846441947566,0.20973782771535582,0.299625468164794,1
18,19,97,6842.5,5650.5,5208.5,315,0.0689594356261023,0.05694633408919123,0.05249181153943059,21.118827160493826,15.652354570637119,0.553565734934637,30,32,60,0.2698412698412698,0.10158730158730159,0.37777777777777777,0
21,18,138,8859.25,6567.75,5174.0,291,0.10461909991615592,0.0775587203741099,0.06109989253787745,20.089002267573697,20.270833333333332,0.271686620457887,58,24,58,0.33676975945017185,0.09965635738831616,0.41237113402061853,0
21,20,102,8284.5,5169.0,4863.5,335,0.07382044998886166,0.04605925595901091,0.04333704611271998,18.785714285714285,12.9225,0.4674644367550942,35,51,55,0.48656716417910445,0.4925373134328358,0.2537313432835821,0
18,17,122,7172.5,4449.0,2653.75,243,0.12146691730596623,0.07534420565970634,0.04494148927162187,22.137345679012345,15.39446366782007,0.17829548508465468,34,29,24,0.38271604938271603,0.43621399176954734,0.24691358024691357,0
18,18,103,6667.5,5416.5,3836.0,251,0.105831653465818,0.08597482579641592,0.060887922413929936,20.578703703703702,16.71759259259259,0.36157979074370816,28,38,53,0.28286852589641437,0.40239043824701193,0.28286852589641437,0
18,14,106,7364.0,5156.5,5364.0,271,0.10027096580928908,0.07021282389945671,0.07303822115711932,22.728395061728396,26.308673469387756,0.4773940904236383,33,32,59,0.3505535055350554,0.25461254612546125,0.4354243542435424,0
18,15,101,8433.0,7126.0,6607.5,343,0.0716793172912647,0.06057000059499018,0.05616282331341533,26.02777777777778,31.67111111111111,0.647730614645623,44,43,59,0.42857142857142855,0.3760932944606414,0.3032069970845481,0
21,17,161,8243.5,5669.5,3285.5,263,0.11917911202995561,0.08196590958377308,0.04749960242305079,18.692743764172334,19.61764705882353,0.1267505111685506,35,49,42,0.33460076045627374,0.4296577946768061,0.3231939163498099,1
18,16,129,9103.0,6515.75,6624.5,279,0.11694351305867089,0.08370588764275896,0.08510296630310504,28.09567901234568,25.4521484375,0.39808304789375637,46,43,57,0.41935483870967744,0.5734767025089605,0.5161290322580645,1
18,22,122,7025.5,4992.5,4477.25,267,0.09854956585167417,0.07003184221969729,0.06280421944479513,21.683641975308642,10.315082644628099,0.30080959419510883,28,31,53,0.27715355805243447,0.19850187265917604,0.27715355805243447,0
18,18,90,7701.5,4681.5,5179.0,255,0.11843906189926952,0.07199538638985006,0.07964628988850442,23.770061728395063,14.449074074074074,0.6393827160493827,36,32,60,0.35294117647058826,0.38823529411764707,0.4627450980392157,1
21,22,138,6807.0,3819.5,4690.5,243,0.11527714271198496,0.06468356788429948,0.07943402936544226,15.435374149659864,7.891528925619835,0.24629804662885948,18,31,57,0.07407407407407407,0.2551440329218107,0.4403292181069959,1
18,14,104,30358.0,21484.0,21945.5,431,0.16342504616146553,0.11565398549749409,0.11813836058160755,93.69753086419753,109.61224489795919,2.0289848372781063,143,141,144,0.5846867749419954,0.39675174013921116,0.44547563805104406,1
21,23,108,9612.5,7063.5,5636.25,315,0.09687578735197783,0.07118669690098262,0.05680272108843538,21.79705215419501,13.352551984877127,0.4832175925925926,40,31,55,0.26031746031746034,0.273015873015873,0.36507936507936506,1
18,14,113,21309.5,10779.0,13426.5,295,0.24486641769606435,0.12386095949439817,0.15428325193909795,65.77006172839506,54.994897959183675,1.051491894431827,101,100,100,0.48135593220338985,0.5966101694915255,0.6610169491525424,1
18,18,115,160341.5,119826.25,119278.25,671,0.3561237204075151,0.2661380238583336,0.26492089791911444,494.8811728395062,369.8341049382716,9.019149338374291,370,356,350,0.6453055141579732,0.5946348733233979,0.6646795827123696,1
18,14,93,104958.0,83475.0,88231.5,551,0.3457103237472867,0.27494968725399455,0.29061663169752405,323.94444444444446,425.89285714285717,10.201352757544225,298,297,294,0.7023593466424682,0.6787658802177858,0.7422867513611615,1
18,19,79,78338.25,52170.5,61520.5,439,0.40648528183228605,0.27070480124117247,0.3192205312342713,241.78472222222223,144.51662049861497,9.85747476365967,249,240,242,0.765375854214123,0.6059225512528473,0.6879271070615034,1
21,19,108,143833.0,100410.5,123421.0,639,0.35225472116300655,0.2459106928127625,0.30226463982993773,326.15192743764175,278.14542936288086,10.58136145404664,346,310,312,0.6619718309859155,0.6025039123630673,0.6823161189358372,1
21,21,139,159482.25,106073.0,138538.75,671,0.35421529802927765,0.23559160538467178,0.3076990989270191,361.63775510204084,240.5283446712018,7.170371616375964,369,324,326,0.6154992548435171,0.563338301043219,0.7555886736214605,1
18,19,117,126387.5,91303.5,107926.75,671,0.2807107748961112,0.20278806239325162,0.23970884481866378,390.0848765432099,252.91828254847644,7.884195339323544,337,297,296,0.6527570789865872,0.5484351713859911,0.6229508196721312,1
18,19,96,77276.0,43226.5,58429.5,591,0.22124306790234796,0.12375852107615358,0.1672850799213241,238.50617283950618,119.7409972299169,6.340006510416667,233,201,196,0.47377326565143824,0.5109983079526227,0.6057529610829103,1
21,23,109,122203.5,76430.0,94313.0,471,0.5508607516194031,0.34452603441203383,0.42513782393696387,277.1054421768707,144.48015122873346,7.938136520494908,311,274,270,0.8259023354564756,0.7643312101910829,0.9278131634819533,1
18,21,113,116005.25,71486.0,83351.25,519,0.4306683224371754,0.265391055126763,0.30944067626716565,358.0408950617284,162.0997732426304,6.52762549925601,296,258,252,0.7148362235067437,0.6820809248554913,0.8111753371868978,1
22,23,114,67466.5,39984.5,57356.25,543,0.22881712334110002,0.13561009194536863,0.19452753782444573,139.39359504132233,75.58506616257088,4.413377192982456,232,187,188,0.6224677716390423,0.5322283609576427,0.6298342541436464,1
19,18,103,27138.25,11344.25,20030.5,367,0.20148824328638568,0.08422551210566565,0.14871667322498497,75.17520775623268,35.01311728395062,1.8880667357903667,119,88,97,0.6130790190735694,0.4196185286103542,0.555858310626703,1
19,17,145,27304.0,12351.5,23280.5,351,0.22162157774693386,0.10025486806113587,0.18896356360743824,75.63434903047091,42.738754325259514,1.1072770511296075,116,85,107,0.452991452991453,0.4444444444444444,0.5925925925925926,1
17,23,112,33549.0,14975.5,30322.0,439,0.17408066583299173,0.077705595134936,0.15733625292521314,116.08650519031141,28.30907372400756,2.4172512755102042,131,85,135,0.5763097949886105,0.44646924829157175,0.5034168564920274,1
24,24,119,10897.5,4883.5,10228.5,287,0.13230098702181645,0.05928808168121502,0.12417899938083503,18.919270833333332,8.47829861111111,0.7223006849798743,19,37,91,0.1254355400696864,0.36585365853658536,0.4634146341463415,1
19,23,105,7257.0,4628.5,6991.5,263,0.10491694256097385,0.06691581488817244,0.10107851783313335,20.102493074792243,8.74952741020794,0.6341496598639456,29,29,73,0.4752851711026616,0.43346007604562736,0.43346007604562736,1
24,23,107,11456.25,3773.0,9600.5,303,0.12478351795575597,0.04109618882680347,0.1045703580259016,19.889322916666668,7.1323251417769375,0.8385448510786968,52,24,87,0.24422442244224424,0.3102310231023102,0.3927392739273927,1
18,20,96,9068.75,3598.25,8848.25,311,0.09376195448765004,0.03720236556693996,0.09148220138336038,27.98996913580247,8.995625,0.9600965711805556,51,25,69,0.4887459807073955,0.1157556270096463,0.37942122186495175,1
23,20,97,5968.75,3113.25,6865.5,295,0.06858661304222924,0.035774202815282964,0.07889112324044814,11.283081285444235,7.783125,0.7296737166542672,0,32,69,0.0,0.30847457627118646,0.3694915254237288,1
18,19,89,6539.0,4215.25,7375.0,247,0.10718090773492435,0.06909226507564457,0.12088380402891377,20.182098765432098,11.676592797783934,0.9310693094306275,19,39,73,0.14979757085020243,0.39271255060728744,0.3441295546558704,1
18,21,81,8276.5,5128.5,10665.5,299,0.09257726423641793,0.057365130143958123,0.1192995604076017,25.544753086419753,11.629251700680273,1.625590611187319,36,32,92,0.3511705685618729,0.19732441471571907,0.45819397993311034,1
23,25,103,8657.5,6070.0,5139.5,279,0.1112203080638738,0.07797947097288062,0.0660256163204481,16.365784499054822,9.712,0.48444716749929306,30,33,67,0.3333333333333333,0.43010752688172044,0.3727598566308244,1
22,18,146,10595.0,7865.0,11236.5,319,0.10411650828903019,0.07728894173602854,0.1104204950816128,21.890495867768596,24.27469135802469,0.5271392381309814,35,30,97,0.438871473354232,0.3166144200626959,0.30407523510971785,1
18,18,115,11193.5,6016.0,11170.0,287,0.13589457198703395,0.07303718632009615,0.13560927047797108,34.54783950617284,18.567901234567902,0.8446124763705104,39,35,99,0.41114982578397213,0.47038327526132406,0.34843205574912894,1
21,22,73,10194.5,5052.5,14584.5,315,0.10274124464600655,0.050919627110103304,0.146984126984127,23.116780045351472,10.439049586776859,2.7368174141489963,37,38,113,0.32063492063492066,0.1746031746031746,0.3619047619047619,1
18,21,97,10312.5,6398.0,11761.0,315,0.10393046107331821,0.06447971781305115,0.11852859662383472,31.828703703703702,14.507936507936508,1.249973429694973,39,36,104,0.26031746031746034,0.273015873015873,0.3904761904761905,1
21,23,113,11741.0,4361.5,11171.0,295,0.13491525423728815,0.0501177822464809,0.12836541223786269,26.62358276643991,8.244801512287335,0.8748531599968674,36,30,95,0.3050847457627119,0.288135593220339,0.4271186440677966,1
19,19,89,9745.75,5208.0,12494.5,303,0.1061524469278611,0.05672646472568049,0.13609232210349748,26.996537396121884,14.426592797783934,1.5773892185330136,39,37,106,0.42244224422442245,0.19801980198019803,0.47194719471947194,1
18,17,99,16473.25,8842.25,26475.0,303,0.17942957662102843,0.09631136380964829,0.2883704212005359,50.84336419753087,30.596020761245676,2.701254973982247,65,63,161,0.6270627062706271,0.5643564356435643,0.5742574257425742,1
18,21,143,19985.5,10316.75,28397.0,359,0.15506940511014036,0.08004864952941085,0.2203350377480001,61.68364197530864,23.393990929705215,1.388674262800137,65,64,161,0.5766016713091922,0.5459610027855153,0.5988857938718662,1
18,15,95,14006.0,7456.5,18629.0,291,0.16539719653759402,0.08805399085981507,0.21999031659994567,43.22839506172839,33.14,2.0641551246537397,52,52,131,0.6426116838487973,0.22336769759450173,0.6632302405498282,1
21,21,130,14060.25,6662.0,18665.25,351,0.11412447950909489,0.054074236410418745,0.15150242286994423,31.882653061224488,15.106575963718821,1.1044526627218936,47,42,129,0.4415954415954416,0.21082621082621084,0.452991452991453,1
21,21,120,10431.0,6183.5,9233.5,287,0.1266374485546747,0.07507071835277836,0.11209921208221539,23.653061224489797,14.02154195011338,0.6412152777777778,36,25,92,0.4634146341463415,0.13240418118466898,0.397212543554007,1
18,17,83,12107.5,5494.75,12824.25,311,0.1251796404090115,0.05681031006710022,0.13259013037499612,37.36882716049383,19.012975778546714,1.861554652344317,39,32,101,0.42765273311897106,0.28938906752411575,0.5466237942122186,1
18,21,90,6579.75,4188.75,6473.5,239,0.11518968505453336,0.0733311741741216,0.11332959857145358,20.30787037037037,9.498299319727892,0.7991975308641975,33,29,72,0.41422594142259417,0.5188284518828452,0.41422594142259417,1
18,21,95,8224.5,4547.0,10602.25,271,0.11198785419588513,0.06191364496670797,0.14436418349423347,25.38425925925926,10.310657596371883,1.174764542936288,30,21,90,0.1881918819188192,0.2140221402214022,0.4317343173431734,1
18,19,154,6934.5,4317.5,7674.0,247,0.11366355783572915,0.07076824730777426,0.12578472028717075,21.40277777777778,11.95983379501385,0.3235790183842132,28,26,77,0.3765182186234818,0.1902834008097166,0.340080971659919,1
21,21,91,11805.75,6193.25,14203.5,343,0.10034721927088203,0.05264175641101922,0.12072775799199313,26.770408163265305,14.043650793650794,1.7151914020045889,47,46,116,0.5043731778425656,0.46938775510204084,0.3556851311953353,1
18,19,124,11584.0,4722.0,11912.5,283,0.1446390890134725,0.05895940765897938,0.1487407758868259,35.75308641975309,13.0803324099723,0.7747463579604579,36,32,107,0.36395759717314485,0.303886925795053,0.5300353356890459,1
18,17,109,7304.0,4161.5,7392.0,255,0.11232602845059593,0.06399846212995002,0.11367935409457901,22.54320987654321,14.399653979238755,0.6221698510226412,41,34,80,0.3686274509803922,0.24705882352941178,0.4470588235294118,1
18,18,101,10015.25,4275.25,13382.5,287,0.12159003994221126,0.051903628792385484,0.16247010404399714,30.911265432098766,13.195216049382717,1.311881188118812,38,30,112,0.42160278745644597,0.31010452961672474,0.49825783972125437,1
18,19,85,17757.75,7855.0,29034.75,327,0.16607047667143618,0.07345995941232032,0.27153297982773617,54.807870370370374,21.759002770083104,4.018650519031142,75,61,162,0.3853211009174312,0.3853211009174312,0.7553516819571865,1
18,21,139,12999.5,5701.75,12789.5,279,0.1670006808751172,0.07324867357819144,0.1643028738068627,40.12191358024691,12.929138321995465,0.6619481393302624,59,39,108,0.5591397849462365,0.4551971326164875,0.5197132616487455,1
21,22,94,8795.5,5411.5,14359.5,267,0.12337808076982423,0.07590932682461529,0.20142658755207676,19.944444444444443,11.180785123966942,1.6251131733816206,44,34,107,0.33707865168539325,0.38202247191011235,0.602996254681648,1
18,18,92,8188.0,5586.5,10901.0,323,0.07848249288309099,0.053546952429334126,0.10448676782102771,25.271604938271604,17.242283950617285,1.2879253308128544,31,29,94,0.4179566563467492,0.2260061919504644,0.3653250773993808,1
18,18,107,7524.5,4620.0,10404.0,239,0.13172913639467096,0.08088093695838658,0.18213966842317186,23.223765432098766,14.25925925925926,0.9087256528954494,49,31,92,0.6276150627615062,0.2301255230125523,0.5439330543933054,1
18,19,118,9085.0,4741.5,8401.5,319,0.08927781763150912,0.04659447135936164,0.0825610990458034,28.040123456790123,13.134349030470915,0.603382648664177,44,29,89,0.4670846394984326,0.34796238244514105,0.3322884012539185,1
18,20,109,8432.5,4767.5,8006.5,279,0.10832980049074395,0.06124664379954009,0.10285710615228479,26.026234567901234,11.91875,0.6738910866088713,33,31,80,0.4982078853046595,0.3727598566308244,0.46236559139784944,1
21,23,100,11466.0,6975.0,12618.0,287,0.13920285544318858,0.08467991598781095,0.15318869963214315,26.0,13.185255198487713,1.2618,38,30,104,0.313588850174216,0.21602787456445993,0.4878048780487805,1
18,16,88,9353.0,5651.25,12545.5,287,0.11355000060702448,0.0686089426847479,0.15230851412545982,28.867283950617285,22.0751953125,1.6200284090909092,36,38,104,0.4181184668989547,0.34843205574912894,0.44947735191637633,1
18,18,106,7339.0,3102.5,9501.0,279,0.09428193368533293,0.03985688775837926,0.12205649978802945,22.651234567901234,9.575617283950617,0.8455856176575294,36,27,89,0.44086021505376344,0.2831541218637993,0.4121863799283154,1
18,15,113,8022.5,4566.5,11609.0,295,0.0921861534041942,0.05247342717609882,0.1333984487216317,24.760802469135804,20.295555555555556,0.9091549847286396,38,33,101,0.41694915254237286,0.33559322033898303,0.46440677966101696,1
18,22,80,10188.0,4360.5,11833.5,295,0.11706980752657282,0.05010629129560471,0.13597816719333525,31.444444444444443,9.009297520661157,1.848984375,40,30,99,0.4610169491525424,0.3152542372881356,0.4711864406779661,1
18,18,65,8224.5,4148.75,7519.5,247,0.13480797915061712,0.06800226196134997,0.12325230703666672,25.38425925925926,12.804783950617283,1.7797633136094675,32,27,72,0.12955465587044535,0.17408906882591094,0.5465587044534413,1
21,21,94,6188.75,3894.75,6000.25,287,0.07513445592395197,0.04728417244351637,0.07284597360657528,14.03344671201814,8.831632653061224,0.6790685830692621,38,31,69,0.3588850174216028,0.22996515679442509,0.24390243902439024,1
18,18,88,8435.0,4299.75,8045.0,299,0.09435017505397031,0.04809509960738694,0.0899878077426427,26.03395061728395,13.270833333333334,1.0388688016528926,30,31,82,0.10033444816053512,0.12040133779264214,0.42474916387959866,1
18,18,123,10612.5,4481.75,5996.25,287,0.12884094744381988,0.05441063992521458,0.07279741164758587,32.754629629629626,13.832561728395062,0.39634146341463417,52,37,60,0.4355400696864111,0.20905923344947736,0.37282229965156793,1
18,18,85,10906.5,5124.5,10019.5,259,0.16258702166038072,0.0763927192498621,0.14936420148775362,33.66203703703704,15.816358024691358,1.3867820069204153,30,28,97,0.43243243243243246,0.21621621621621623,0.4749034749034749,1
18,18,87,8114.75,5015.0,7091.0,359,0.06296312101861407,0.03891186443308168,0.05501974689830153,25.045524691358025,15.478395061728396,0.936847668119963,40,28,81,0.37047353760445684,0.30362116991643456,0.35376044568245124,1
21,20,116,8033.5,5594.0,9501.5,319,0.0789447823822486,0.054971944065015085,0.09337074124664656,18.21655328798186,13.985,0.7061162306777645,31,33,92,0.3981191222570533,0.3166144200626959,0.3166144200626959,1
18,22,108,12160.5,5280.5,11291.5,327,0.11372499509020004,0.049383235604934114,0.10559810715521514,37.532407407407405,10.910123966942148,0.9680641289437586,42,22,96,0.44036697247706424,0.28134556574923547,0.3425076452599388,1
18,19,113,9477.5,3932.0,8620.0,279,0.12175460233039144,0.05051322567798461,0.11073855680168548,29.251543209876544,10.89196675900277,0.6750724410682121,36,30,79,0.4659498207885305,0.3118279569892473,0.2831541218637993,1
18,21,117,8420.5,4772.0,8902.5,335,0.07503230118066384,0.042521719759411894,0.07932724437513923,25.989197530864196,10.820861678004535,0.6503396888012273,39,22,85,0.31044776119402984,0.1582089552238806,0.41492537313432837,1
18,18,84,8108.5,6746.5,10070.0,319,0.079681803441397,0.06629750100726212,0.0989573608749914,25.026234567901234,20.82253086419753,1.4271541950113378,35,45,90,0.4169278996865204,0.47648902821316613,0.4169278996865204,1
18,14,115,9722.5,4490.0,5492.5,291,0.11481324027822061,0.05302251980963853,0.0648610668272694,30.007716049382715,22.908163265306122,0.4153119092627599,45,32,63,0.43986254295532645,0.16494845360824742,0.35738831615120276,1
21,23,72,7932.0,4287.0,7262.5,283,0.09903981820225,0.05352795015545206,0.09068036809049931,17.98639455782313,8.103969754253308,1.4009452160493827,40,28,79,0.40636042402826855,0.4169611307420495,0.44876325088339225,1
18,19,108,10313.0,4298.0,9540.5,315,0.10393550012597631,0.04331569664902998,0.09615016376921139,31.830246913580247,11.905817174515235,0.8179441015089163,38,30,88,0.473015873015873,0.2761904761904762,0.4158730158730159,1
18,19,100,10914.25,6686.75,10120.75,343,0.09276959430169403,0.05683643719878622,0.0860249555882328,33.685956790123456,18.52285318559557,1.012075,6,7,89,0.01749271137026239,0.029154518950437316,0.3819241982507289,1
18,22,96,10297.0,5372.5,11961.0,303,0.11215676023047849,0.058518228060429806,0.1302813449661798,31.780864197530864,11.100206611570249,1.2978515625,36,23,104,0.40594059405940597,0.12871287128712872,0.45544554455445546,1
18,21,108,10625.0,6715.0,9218.25,311,0.10985204867608896,0.06942649476328822,0.09530763743137478,32.79320987654321,15.226757369614512,0.7903163580246914,45,2,92,0.3022508038585209,0.006430868167202572,0.4115755627009646,1
21,20,127,12517.75,6318.75,7255.5,327,0.11706599706347202,0.059092949527256404,0.06785343545717251,28.384920634920636,15.796875,0.44984189968379934,35,29,80,0.29357798165137616,0.2415902140672783,0.345565749235474,1
18,15,104,9762.25,5296.0,7481.0,255,0.15013071895424837,0.08144559784698192,0.11504805843906189,30.130401234567902,23.537777777777777,0.6916605029585798,40,37,75,0.4470588235294118,0.403921568627451,0.42745098039215684,1
18,21,126,7342.5,3775.5,5875.5,291,0.08670776207177525,0.04458497183547667,0.06938392319410494,22.662037037037038,8.561224489795919,0.3700869236583522,32,22,71,0.4329896907216495,0.23367697594501718,0.40893470790378006,1
18,19,115,8142.5,4388.0,7023.5,239,0.14254827471507853,0.07681938341415591,0.12295828154269008,25.131172839506174,12.155124653739612,0.5310775047258979,34,31,74,0.4100418410041841,0.4602510460251046,0.4811715481171548,1
18,21,107,8301.0,4695.5,8530.5,335,0.07396747605257295,0.04184005346402317,0.07601247493873914,25.62037037037037,10.647392290249433,0.7450869071534632,33,28,81,0.3283582089552239,0.23880597014925373,0.3194029850746269,1
18,19,133,7109.5,4463.5,6225.0,319,0.06986468293354035,0.043862579966784915,0.06117274790931693,21.942901234567902,12.36426592797784,0.35191361863304876,31,31,68,0.32601880877742945,0.3166144200626959,0.28213166144200624,1
22,22,105,8645.5,4979.5,7326.0,367,0.06418861228459637,0.036970353926452794,0.05439196964859788,17.862603305785125,10.288223140495868,0.6644897959183673,28,27,78,0.3079019073569482,0.2970027247956403,0.3569482288828338,1
18,21,117,6412.5,4284.5,7960.0,271,0.08731498754101932,0.058339347231110686,0.10838632371563568,19.791666666666668,9.715419501133788,0.5814887866169918,30,34,78,0.3985239852398524,0.4022140221402214,0.45018450184501846,1
18,16,95,7091.0,4205.5,10025.5,243,0.12008670764957917,0.07122051177835358,0.16978272282341783,21.885802469135804,16.427734375,1.1108587257617728,33,30,88,0.3292181069958848,0.5185185185185185,0.6049382716049383,1
18,20,133,8213.0,3451.5,7753.0,295,0.09437517954610744,0.03966101694915254,0.08908934214306234,25.348765432098766,8.62875,0.4382949855842614,33,24,80,0.39661016949152544,0.15254237288135594,0.2745762711864407,1
18,21,102,10817.0,6891.25,8893.75,327,0.10116058319071533,0.06444696948442424,0.0831743493346052,33.385802469135804,15.62641723356009,0.8548394848135332,30,28,82,0.27522935779816515,0.20795107033639143,0.25076452599388377,1
21,21,120,11337.5,6816.0,10527.0,323,0.10867064766268247,0.06533178694322768,0.10090195439427196,25.70861678004535,15.45578231292517,0.7310416666666667,41,40,98,0.46439628482972134,0.38390092879256965,0.4891640866873065,1
18,19,113,9160.0,4563.0,5881.0,315,0.09231544469639708,0.04598639455782313,0.05926933736457546,28.271604938271604,12.6398891966759,0.46056856449212935,27,37,74,0.2920634920634921,0.25396825396825395,0.29523809523809524,1
18,14,84,8475.0,6453.0,8359.0,295,0.09738580867566791,0.07415110600402183,0.09605285837403045,26.15740740740741,32.923469387755105,1.1846655328798186,36,37,84,0.2745762711864407,0.12542372881355932,0.39322033898305087,1
18,18,122,9609.5,5123.5,7746.5,315,0.09684555303602922,0.05163517258755354,0.0780700428319476,29.65895061728395,15.813271604938272,0.5204582101585595,38,33,79,0.43492063492063493,0.3523809523809524,0.28888888888888886,1
18,18,145,6669.5,4747.5,7956.5,343,0.056689814618058804,0.040353084174111126,0.06762913411928703,20.584876543209877,14.652777777777779,0.3784304399524376,26,20,80,0.18950437317784258,0.16034985422740525,0.3032069970845481,1
19,21,112,6489.5,4763.5,5419.5,215,0.14038939967550026,0.10305029745808546,0.11724175229853975,17.97645429362881,10.801587301587302,0.43203922193877553,34,38,59,0.33488372093023255,0.4232558139534884,0.4372093023255814,1
18,21,96,8440.75,6360.75,6340.5,287,0.10247483883499861,0.07722262016049727,0.0769767752431133,26.051697530864196,14.423469387755102,0.68798828125,32,36,71,0.2578397212543554,0.2508710801393728,0.4355400696864111,1
18,21,84,7911.5,4681.5,8014.0,251,0.12557737178774941,0.07430834431199505,0.12720433008999857,24.41820987654321,10.615646258503402,1.1357709750566893,32,25,82,0.4820717131474104,0.3147410358565737,0.3346613545816733,1
19,21,90,5594.25,4201.0,6335.0,251,0.08879620958397486,0.06668148124632943,0.10055395946096093,15.496537396121884,9.526077097505668,0.7820987654320988,29,25,71,0.18725099601593626,0.3545816733067729,0.3386454183266932,1
21,26,98,5255.0,4250.5,7634.0,247,0.08613483256568703,0.06967004868134209,0.12512907931616646,11.91609977324263,6.287721893491124,0.7948771345272803,24,35,74,0.3117408906882591,0.21862348178137653,0.39271255060728744,1
18,20,89,10090.5,4065.75,5011.25,367,0.07491703108642873,0.030186206742941146,0.03720608215964184,31.14351851851852,10.164375,0.6326537053402348,40,33,56,0.22615803814713897,0.22888283378746593,0.28065395095367845,1
25,32,112,9508.0,4676.5,6627.5,267,0.13337261008009652,0.0655991807992818,0.09296665684747997,15.2128,4.56689453125,0.5283402423469388,38,19,67,0.4419475655430712,0.07116104868913857,0.25842696629213485,1
18,17,96,8193.0,3960.75,6794.5,279,0.1052530157629013,0.05088256831232898,0.0872869053583587,25.287037037037038,13.705017301038062,0.7372504340277778,37,27,73,0.3763440860215054,0.3046594982078853,0.34767025089605735,1
22,23,122,6054.0,3907.5,5428.5,287,0.07349852493049569,0.04743896368779517,0.06590464859352427,12.508264462809917,7.386578449905482,0.36472050524052674,23,31,62,0.2682926829268293,0.20209059233449478,0.40069686411149824,1
18,18,99,7516.75,4105.25,6832.5,243,0.12729682128401837,0.06952276922555843,0.11570898745109993,23.199845679012345,12.670524691358025,0.697122742577288,42,33,77,0.448559670781893,0.32510288065843623,0.4609053497942387,1
22,22,103,7848.25,5162.25,8541.25,303,0.08548453855286518,0.05622814756723197,0.09303281813329847,16.21539256198347,10.665805785123966,0.805094730888868,27,34,86,0.3465346534653465,0.27722772277227725,0.429042904290429,1
21,22,89,11174.5,6353.5,11251.5,367,0.0829652013156234,0.047171632427295475,0.08353688868430235,25.339002267573697,13.12706611570248,1.42046458780457,33,39,97,0.329700272479564,0.24795640326975477,0.26975476839237056,1
19,18,87,7615.5,3407.0,7435.0,231,0.14271659076853882,0.06384812878319372,0.13933397050280166,21.09556786703601,10.515432098765432,0.9822962082177302,18,35,75,0.07792207792207792,0.4805194805194805,0.35064935064935066,1
18,21,121,8674.25,6458.5,9767.75,287,0.10530964319100633,0.07840935303330136,0.11858526872974055,26.772376543209877,14.645124716553289,0.667150467864217,32,34,94,0.4146341463414634,0.39372822299651566,0.5017421602787456,1
20,19,117,7540.5,6519.0,9095.5,235,0.13654142145767315,0.1180443639655953,0.16469895880488908,18.85125,18.058171745152354,0.6644386003360362,35,37,84,0.3829787234042553,0.502127659574468,0.4808510638297872,1
20,19,138,9272.75,5575.5,12444.75,367,0.0688456369859454,0.04139536265025355,0.09239618677100579,23.181875,15.444598337950138,0.6534735349716446,36,33,101,0.22070844686648503,0.22343324250681199,0.3024523160762943,1
18,17,86,8102.0,4937.25,10369.75,315,0.08165280927185689,0.04975812547241119,0.1045074326026707,25.006172839506174,17.083910034602077,1.402075446187128,32,32,91,0.21904761904761905,0.24444444444444444,0.3142857142857143,1
22,25,103,7882.0,5237.0,5806.5,343,0.06699589456773963,0.04451376552286887,0.049354435651811746,16.285123966942148,8.3792,0.5473183146385144,30,26,66,0.2857142857142857,0.2594752186588921,0.35276967930029157,1
18,21,120,10900.0,4857.0,9096.5,343,0.09264847130022355,0.04128381881698952,0.07731897423692509,33.641975308641975,11.013605442176871,0.6317013888888889,37,33,92,0.4518950437317784,0.15451895043731778,0.3236151603498542,1
24,24,104,12462.25,5897.0,11936.0,399,0.07827997311574676,0.03704122461542327,0.07497440342711414,21.635850694444443,10.237847222222221,1.1035502958579881,25,26,99,0.23558897243107768,0.17293233082706766,0.2531328320802005,1
18,16,90,11444.25,5414.75,14727.0,319,0.11246204341545386,0.05321046373365042,0.14472145517437918,35.32175925925926,21.1513671875,1.818148148148148,41,33,112,0.3605015673981191,0.27586206896551724,0.3510971786833856,1
21,18,112,14793.5,7770.5,19870.0,375,0.10519822222222222,0.05525688888888889,0.14129777777777777,33.5453514739229,23.983024691358025,1.5840242346938775,50,47,136,0.14133333333333334,0.368,0.5146666666666667,1
24,24,73,8494.0,5356.0,13369.5,287,0.10312131991404533,0.06502446308684093,0.1623122776772815,14.746527777777779,9.29861111111111,2.5088196659786077,27,28,103,0.33797909407665505,0.20209059233449478,0.47735191637630664,1
24,18,135,10389.0,6139.0,11122.0,303,0.1131588406365389,0.06686708274787875,0.12114280735004193,18.036458333333332,18.94753086419753,0.6102606310013717,38,28,96,0.44554455445544555,0.24092409240924093,0.34983498349834985,1
18,16,103,9956.5,4997.0,8062.0,255,0.15311803152633602,0.0768473663975394,0.1239830834294502,30.729938271604937,19.51953125,0.7599208219436328,48,33,83,0.3215686274509804,0.2549019607843137,0.5882352941176471,1
18,19,98,9005.75,4205.25,10734.75,271,0.12262564507563894,0.057260249724268464,0.1461683528274397,27.795524691358025,11.648891966759003,1.1177374010828822,37,21,95,0.4870848708487085,0.15129151291512916,0.5756457564575646,1
18,15,144,8899.5,4662.25,6637.5,295,0.10226371732260844,0.05357368572249353,0.07627118644067797,27.46759259259259,20.72111111111111,0.3200954861111111,22,32,71,0.1423728813559322,0.3728813559322034,0.3864406779661017,1
21,19,117,10170.75,5227.5,5617.75,311,0.10515555050092534,0.05404720794863577,0.05808200907765635,23.062925170068027,14.48060941828255,0.41038425012783986,31,18,65,0.16720257234726688,0.1157556270096463,0.2508038585209003,1
22,25,74,10248.5,4689.5,13173.75,267,0.14375990685800052,0.0657815371235394,0.18479358666834997,21.174586776859503,7.5032,2.405724981738495,29,24,104,0.3595505617977528,0.15730337078651685,0.6217228464419475,1
18,19,113,11202.0,5708.75,13004.0,295,0.12872163171502443,0.06559896581442114,0.1494283251939098,34.574074074074076,15.813711911357341,1.0184039470592843,26,39,107,0.2440677966101695,0.45084745762711864,0.5084745762711864,1
18,18,84,7784.5,4732.0,8895.0,263,0.11254319131402796,0.0684121499515679,0.12859807139036272,24.026234567901234,14.604938271604938,1.2606292517006803,28,25,85,0.4296577946768061,0.20912547528517111,0.5095057034220533,1
18,17,76,14493.5,8302.5,22542.0,391,0.09480249344261223,0.0543069446170551,0.14744801512287334,44.733024691358025,28.728373702422147,3.902700831024931,45,42,144,0.30434782608695654,0.2531969309462916,0.5754475703324808,1
14,16,71,14651.0,7588.0,18298.0,335,0.13055023390510137,0.06761416796613945,0.16304744932056137,74.75,29.640625,3.6298353501289427,50,47,136,0.3582089552238806,0.33134328358208953,0.42686567164179107,1
21,21,87,14060.25,7485.75,17021.5,359,0.10909482390732536,0.058082649886329246,0.1320714457522831,31.882653061224488,16.974489795918366,2.2488439688201876,53,38,124,0.4206128133704735,0.3816155988857939,0.5125348189415042,1
18,23,99,19985.0,9403.5,25371.75,471,0.09008704432453875,0.042388467415851894,0.11436907514841711,61.6820987654321,17.77599243856333,2.5886899295990204,50,52,157,0.3651804670912951,0.2059447983014862,0.39490445859872614,1
18,21,108,20272.5,9519.5,20751.0,439,0.1051909236668552,0.04939523975072774,0.10767378749591378,62.56944444444444,21.586167800453516,1.7790637860082306,54,51,133,0.32574031890660593,0.4054669703872437,0.4054669703872437,1
14,19,71,12587.5,6660.0,17059.5,319,0.12369670109373926,0.06544747005237762,0.1676428101138943,64.22193877551021,18.44875346260388,3.384149970243999,38,35,127,0.3981191222570533,0.29153605015673983,0.46394984326018807,1
18,16,61,14969.0,7150.75,19154.75,335,0.13338382713299177,0.06371797727779015,0.17068166629538872,46.20061728395062,27.9326171875,5.1477425423273315,40,40,127,0.4298507462686567,0.4059701492537313,0.45671641791044776,1
18,15,80,14519.0,7810.5,17612.5,399,0.09119917588457359,0.0490606214785083,0.11063058649129089,44.81172839506173,34.71333333333333,2.751953125,46,46,126,0.2731829573934837,0.38847117794486213,0.39348370927318294,1
21,22,79,11981.5,6573.5,19604.0,335,0.10676319893071953,0.058574292715526846,0.1746847850300735,27.168934240362812,13.581611570247935,3.1411632751161673,46,42,126,0.1373134328358209,0.29253731343283584,0.5671641791044776,1
18,14,73,8934.5,5070.5,13376.0,287,0.10846920564775583,0.06155835326397067,0.16239119086063933,27.575617283950617,25.869897959183675,2.510039407018202,32,29,101,0.49825783972125437,0.34843205574912894,0.4843205574912892,1
18,18,69,10842.0,7577.5,12435.75,271,0.1476287087594123,0.10317806130090822,0.16932980215411012,33.46296296296296,23.387345679012345,2.6120037807183363,33,30,101,0.41697416974169743,0.2693726937269373,0.4095940959409594,1
18,22,93,10633.5,6490.5,12829.5,303,0.11582197823742771,0.07069568342972911,0.13974120184295657,32.81944444444444,13.410123966942148,1.483350676378772,38,35,106,0.44554455445544555,0.22442244224422442,0.44224422442244227,1
18,20,86,9822.25,4940.0,11419.25,267,0.137780723533785,0.06929540321788775,0.16018249659835318,30.315586419753085,12.35,1.5439764737696051,39,37,85,0.33707865168539325,0.4044943820224719,0.5955056179775281,1
21,19,101,7550.5,5651.5,10877.5,359,0.05858505132641739,0.04385052878236513,0.08439956238700817,17.121315192743765,15.655124653739612,1.0663170277423781,31,31,95,0.2646239554317549,0.27019498607242337,0.3064066852367688,1
18,21,63,9452.0,7863.5,15347.0,299,0.10572588673504771,0.08795762910929408,0.17166474647934588,29.17283950617284,17.831065759637188,3.866717057193248,30,41,106,0.29431438127090304,0.42474916387959866,0.5183946488294314,1
18,18,101,9187.0,4608.0,12926.75,279,0.11802263588597268,0.05919759509769915,0.16606608342647192,28.354938271604937,14.222222222222221,1.2672041956670914,42,35,100,0.25448028673835127,0.40860215053763443,0.5089605734767025,1
18,19,85,15132.5,7129.5,20357.75,319,0.14870628236750819,0.07006122188264659,0.200054539558377,46.70524691358025,19.749307479224377,2.817681660899654,51,50,141,0.5893416927899686,0.5203761755485894,0.6520376175548589,1
18,19,89,13002.0,7485.25,25380.75,343,0.11051517649958775,0.06362357521100902,0.21573281540854575,40.129629629629626,20.734764542936286,3.2042355763161217,60,54,151,0.521865889212828,0.2886297376093295,0.5743440233236151,1
18,18,89,15691.5,8303.0,24215.5,391,0.10263865359331768,0.05431021513464721,0.15839443750367932,48.43055555555556,25.626543209876544,3.0571266254260827,60,60,153,0.3554987212276215,0.1534526854219949,0.4782608695652174,1
19,18,90,14130.0,7164.5,21801.5,295,0.16236713588049412,0.08232691755242746,0.2505199655271474,39.14127423822715,22.112654320987655,2.691543209876543,56,54,148,0.5457627118644067,0.19661016949152543,0.6440677966101694,1
14,16,70,13368.0,9510.5,26730.0,355,0.1060741916286451,0.0754651854790716,0.21210077365602062,68.20408163265306,37.150390625,5.455102040816326,53,53,158,0.523943661971831,0.4028169014084507,0.5464788732394367,1
18,18,117,11336.0,6817.5,23807.0,287,0.13762459177603226,0.08276778885260232,0.28902863941531404,34.98765432098765,21.041666666666668,1.7391336109284827,43,43,146,0.5226480836236934,0.5435540069686411,0.7038327526132404,1
18,21,79,12770.5,4604.5,13660.0,303,0.1390985633216787,0.05015303510549075,0.1487871559433171,39.41512345679013,10.441043083900226,2.1887518025957378,41,38,110,0.46204620462046203,0.46204620462046203,0.46204620462046203,1
18,18,69,11079.0,5032.0,12905.0,287,0.13450448591096165,0.061090944408697445,0.15667302018963444,34.19444444444444,15.530864197530864,2.7105650073513967,40,29,105,0.30313588850174217,0.24390243902439024,0.6062717770034843,1
24,23,80,9017.0,4641.5,9144.0,335,0.08034751615059033,0.04135887725551348,0.0814791713076409,15.65451388888889,8.774102079395085,1.42875,34,31,89,0.40298507462686567,0.09253731343283582,0.35522388059701493,1
19,23,110,11036.5,6893.0,13741.0,343,0.09380870215641442,0.058589533272701,0.11679657285654786,30.57202216066482,13.030245746691872,1.1356198347107438,42,46,98,0.3177842565597668,0.3206997084548105,0.5860058309037901,1
22,20,96,9649.5,4381.0,8972.5,279,0.12396423478629515,0.05628139412391927,0.11526701866625558,19.93698347107438,10.9525,0.9735785590277778,31,31,82,0.3225806451612903,0.1111111111111111,0.4982078853046595,1
20,17,92,11366.5,6157.0,16923.5,423,0.06352519714523638,0.03441029682164434,0.09458220858552834,28.41625,21.304498269896193,1.9994683364839319,42,36,126,0.26713947990543735,0.2789598108747045,0.34278959810874704,1
18,19,87,12555.5,7274.0,18494.5,319,0.12338223877516927,0.07148121578993917,0.18174447971226698,38.751543209876544,20.149584487534625,2.443453560576034,55,49,131,0.5391849529780565,0.45454545454545453,0.5266457680250783,1
21,22,91,11787.0,5754.5,15980.5,291,0.1391929712686435,0.06795503123486969,0.18871411532693283,26.727891156462587,11.889462809917354,1.9297790121965945,44,39,121,0.5326460481099656,0.47766323024054985,0.6185567010309279,1
18,21,97,14167.5,5410.0,18050.25,291,0.1673043539873171,0.063886822309609,0.2131558436957523,43.726851851851855,12.267573696145124,1.9184025932617705,48,50,129,0.25773195876288657,0.2508591065292096,0.47079037800687284,1
18,21,71,11454.5,8538.5,21341.0,311,0.11842826273508339,0.08827969107019158,0.22064494783966254,35.35339506172839,19.361678004535147,4.233485419559611,49,46,138,0.39228295819935693,0.35691318327974275,0.6334405144694534,1
18,16,103,11430.25,7518.5,17915.0,317,0.11374628068743843,0.07481913443262446,0.17827821950661266,35.27854938271605,29.369140625,1.6886605712131209,56,53,130,0.4416403785488959,0.30914826498422715,0.526813880126183,1
18,14,106,8305.0,6033.0,11405.0,279,0.1066918461993037,0.07750414306085482,0.14651661720687043,25.632716049382715,30.78061224489796,1.0150409398362406,30,1,101,0.10752688172043011,0.0035842293906810036,0.3727598566308244,1
18,20,125,11589.25,5740.25,20463.0,327,0.10838266513293868,0.05368281757053746,0.1913699744690402,35.76929012345679,14.350625,1.309632,46,42,133,0.3394495412844037,0.14067278287461774,0.5382262996941896,1
21,20,100,10045.0,5213.5,10873.5,259,0.14974433893352812,0.07771947347236922,0.16209507908349607,22.77777777777778,13.03375,1.08735,37,35,104,0.29343629343629346,0.3783783783783784,0.5482625482625483,1
18,19,101,9457.75,5949.5,13668.75,299,0.10579020368899676,0.06654847261216318,0.15289258509412645,29.190586419753085,16.480609418282548,1.339942162533085,39,38,110,0.40468227424749165,0.4782608695652174,0.36789297658862874,1
18,17,100,9371.75,6513.5,15600.0,287,0.11377763478978742,0.07907707996940597,0.18939164005875997,28.925154320987655,22.538062283737023,1.56,47,43,118,0.3693379790940767,0.3693379790940767,0.5261324041811847,1
18,14,128,10250.0,5007.5,14356.0,287,0.12444001991040318,0.060793502409887214,0.17428887081304859,31.635802469135804,25.5484693877551,0.876220703125,37,36,114,0.49477351916376305,0.4529616724738676,0.5470383275261324,1
18,14,90,14657.0,8013.0,18352.5,335,0.1306036979282691,0.07140120294052127,0.16353308086433505,45.23765432098765,40.88265306122449,2.265740740740741,50,44,119,0.4537313432835821,0.3164179104477612,0.591044776119403,1
18,22,92,15793.0,6806.5,19680.0,327,0.1476961348184309,0.0636543874907649,0.18404735852762114,48.74382716049383,14.063016528925619,2.325141776937618,58,39,127,0.5198776758409785,0.2996941896024465,0.5045871559633027,1
18,20,104,8199.5,3692.75,12556.25,279,0.10533651931501394,0.04743965262522321,0.16130638095605143,25.307098765432098,9.231875,1.1608958949704142,30,31,106,0.1971326164874552,0.23297491039426524,0.4014336917562724,1
18,17,123,9327.0,4315.5,13635.0,287,0.11323434787359322,0.05239228350471658,0.16553557770520463,28.787037037037038,14.932525951557093,0.901249256395003,43,44,111,0.37630662020905925,0.5156794425087108,0.4738675958188153,1
18,17,106,11594.5,6494.5,15485.5,311,0.11987572502352126,0.06714674165899856,0.1601048376257483,35.785493827160494,22.472318339100347,1.3782039871840512,47,43,122,0.5144694533762058,0.2958199356913183,0.4630225080385852,1
18,21,108,8399.5,5854.0,14425.5,271,0.11437071935294998,0.07971024359690092,0.1964229789899375,25.924382716049383,13.27437641723356,1.2367541152263375,37,35,109,0.3210332103321033,0.46494464944649444,0.5424354243542435,1
18,20,107,9550.25,6337.5,13989.75,247,0.15653837958334016,0.1038781163434903,0.2293063318526775,29.47608024691358,15.84375,1.2219189448860162,43,43,114,0.31983805668016196,0.611336032388664,0.6194331983805668,1
21,21,103,11738.75,8343.25,16322.25,327,0.10978078912175368,0.07802607337579141,0.15264568077883456,26.618480725623584,18.918934240362812,1.5385286077858422,47,47,128,0.3363914373088685,0.44648318042813456,0.5596330275229358,1
23,18,118,13213.5,8500.0,15399.5,335,0.11774114502116284,0.07574069948763644,0.13721987079527734,24.97826086956522,26.234567901234566,1.1059681126113186,45,44,122,0.33134328358208953,0.3701492537313433,0.4955223880597015,1
21,15,92,14226.0,6135.0,18109.0,287,0.17271060714589226,0.07448190460003157,0.2198521288348772,32.25850340136054,27.266666666666666,2.13953213610586,49,46,134,0.3170731707317073,0.445993031358885,0.5644599303135889,1
18,21,96,10124.5,5501.5,15761.5,299,0.1132481739577857,0.06153734298274068,0.17630115994228251,31.248456790123456,12.475056689342404,1.7102322048611112,36,36,123,0.4882943143812709,0.38127090301003347,0.5451505016722408,1
19,15,102,10579.25,5919.25,15475.5,327,0.09893714520850284,0.0553568255571454,0.144726874842185,29.30540166204986,26.307777777777776,1.4874567474048443,45,42,119,0.3425076452599388,0.2966360856269113,0.3669724770642202,1
24,34,88,10069.5,6971.0,12807.75,243,0.17052786668698877,0.11805449711256753,0.216900370878423,17.481770833333332,6.030276816608996,1.6538933367768596,27,37,108,0.31275720164609055,0.2551440329218107,0.4773662551440329,1
18,19,97,10813.75,6563.5,16376.25,279,0.13892100563970144,0.08431931758327874,0.21038077619763365,33.37577160493827,18.181440443213297,1.7404878308002976,46,30,121,0.33691756272401435,0.34767025089605735,0.6272401433691757,1
19,21,120,9020.5,5364.5,13100.0,343,0.07667298489574922,0.04559749764128892,0.11134816275531453,24.98753462603878,12.164399092970521,0.9097222222222222,30,35,104,0.30029154518950435,0.10204081632653061,0.42565597667638483,1
19,21,96,9973.0,6359.5,11413.5,307,0.10581544631773282,0.06747551698161254,0.12109942811064309,27.626038781163434,14.420634920634921,1.2384440104166667,44,43,108,0.5146579804560261,0.3485342019543974,0.5146579804560261,1
18,16,84,11270.0,8034.5,17532.5,271,0.15345651611497665,0.109400743453929,0.23872904780708323,34.78395061728395,31.384765625,2.484764739229025,49,46,128,0.5682656826568265,0.4022140221402214,0.5461254612546126,1
19,17,92,10809.5,5928.5,14782.0,303,0.11773900162293457,0.06457427921009923,0.16100818002592338,29.94321329639889,20.513840830449826,1.7464555765595464,17,30,116,0.056105610561056105,0.24092409240924093,0.5445544554455446,1
24,22,93,9275.0,6687.0,13299.5,279,0.11915314551457458,0.0859058850734189,0.17085469097262368,16.102430555555557,13.816115702479339,1.537692218753613,42,41,108,0.4157706093189964,0.45878136200716846,0.5412186379928315,1
18,18,108,7785.0,6162.0,7668.5,255,0.11972318339100346,0.09476355247981545,0.11793156478277586,24.02777777777778,19.01851851851852,0.6574502743484225,38,25,82,0.4235294117647059,0.26666666666666666,0.4,1
