SrcIPF0,DstIPF0,DstPortF0,SrcIPF2,DstIPF2,DstPortF2,Events_F1,SrcIP_BurstIndex,DstIP_BurstIndex,DstPort_BurstIndex,SrcIP_Concentration,DstIP_Concentration,DstPort_Concentration,SrcIP_MaxCount,DstIP_MaxCount,DstPort_MaxCount,SrcIP_FractionOfMass,DstIP_FractionOfMass,DstPort_FractionOfMass,Attack
13,18,26,455.0,578.0,4698.0,116,0.03381391200951248,0.04295481569560047,0.34913793103448276,2.6923076923076925,1.7839506172839505,6.949704142011834,14,12,67,0.3620689655172414,0.29310344827586204,0.75,1
17,21,13,468.5,602.0,4393.5,81,0.0714067977442463,0.0917543057460753,0.6696387745770462,1.6211072664359862,1.3650793650793651,25.997041420118343,12,0,65,0.37037037037037035,0.0,1.037037037037037,1
16,17,27,15331.0,21715.0,110949.0,575,0.04636975425330813,0.06567863894139886,0.3355735349716446,59.88671875,75.13840830449827,152.19341563786008,72,66,299,0.43130434782608695,0.34608695652173915,0.8034782608695652,0
13,17,198,37572.0,76713.0,172368.0,847,0.05237179907138048,0.10693063510494014,0.24026461892727857,222.31952662721895,265.44290657439444,4.396694214876033,98,98,425,0.3010625737898465,0.3187721369539551,0.7402597402597403,0
16,17,77,18018.0,12970.5,27198.0,399,0.11317768104471705,0.08147247818795109,0.17084063542314432,70.3828125,44.88062283737024,4.587282847023107,58,70,158,0.15288220551378445,0.17794486215538846,0.7243107769423559,0
13,17,64,5340.0,3160.0,3309.0,239,0.09348575830255072,0.05532116034383151,0.05792965809422104,31.597633136094675,10.934256055363322,0.807861328125,33,39,50,0.4225941422594142,0.5230125523012552,0.2594142259414226,0
17,19,114,2505.0,6516.5,3169.0,235,0.045359891353553644,0.11799909461294704,0.05738343141693074,8.667820069204152,18.05124653739612,0.24384425977223761,39,45,49,0.6042553191489362,0.5063829787234042,0.2978723404255319,0
15,19,89,2613.5,6234.0,3009.0,275,0.03455867768595041,0.08243305785123967,0.03978842975206612,11.615555555555556,17.26869806094183,0.379876278247696,40,34,43,0.39636363636363636,0.23272727272727273,0.16,0
14,18,94,5331.5,3533.5,3585.0,223,0.10721108407569024,0.07105511874359026,0.07209073176617266,27.2015306122449,10.905864197530864,0.40572657311000454,35,30,48,0.5067264573991032,0.21973094170403587,0.4618834080717489,0
12,16,113,3734.0,4999.5,3846.5,275,0.04937520661157025,0.06610909090909091,0.050862809917355374,25.930555555555557,19.529296875,0.3012373717597306,36,39,47,0.37454545454545457,0.3236363636363636,0.4509090909090909,0
12,17,92,6357.0,6862.0,2530.0,223,0.12783285406905429,0.1379878943875807,0.05087574654628084,44.145833333333336,23.7439446366782,0.29891304347826086,40,38,48,0.4484304932735426,0.5695067264573991,0.24663677130044842,0
18,20,124,3666.0,3245.0,2907.0,219,0.0764371051479327,0.06765913971768729,0.060611747044473634,11.314814814814815,8.1125,0.18906087408949013,48,36,33,0.6073059360730594,0.6301369863013698,0.3607305936073059,0
17,18,124,3339.0,5446.5,1733.5,227,0.06479846300141667,0.10569776242504221,0.03364125055793825,11.55363321799308,16.810185185185187,0.11274063475546306,36,35,20,0.5682819383259912,0.40969162995594716,0.22466960352422907,0
15,17,101,4146.5,4483.0,3023.5,223,0.08338193006093024,0.09014860544149289,0.06079953347141507,18.42888888888889,15.512110726643598,0.29639251053818255,39,28,25,0.4170403587443946,0.34080717488789236,0.11210762331838565,0
14,17,89,3182.5,6601.5,3744.0,195,0.08369493754109139,0.1736094674556213,0.09846153846153846,16.237244897959183,22.842560553633216,0.4726675924756975,19,19,46,0.1794871794871795,0.26153846153846155,0.4512820512820513,0
13,17,104,5295.5,6224.5,8211.5,255,0.08143790849673202,0.09572472126105344,0.12628219915417147,31.33431952662722,21.538062283737023,0.7591993343195266,49,15,70,0.5411764705882353,0.08235294117647059,0.596078431372549,0
13,20,96,2469.5,2636.5,2208.0,239,0.04323278654085187,0.0461564048248455,0.038654785455436706,14.612426035502958,6.59125,0.23958333333333334,40,31,37,0.4100418410041841,0.35564853556485354,0.15481171548117154,1
14,19,93,4565.0,5452.0,2940.0,235,0.08266183793571752,0.09872340425531916,0.053236758714350386,23.290816326530614,15.102493074792244,0.3399236906000694,43,34,46,0.451063829787234,0.4723404255319149,0.3659574468085106,0
12,17,81,4243.0,4446.0,2804.0,199,0.10714375899598495,0.11226989217444004,0.07080629277038458,29.46527777777778,15.384083044982699,0.4273738759335467,38,33,43,0.4723618090452261,0.5175879396984925,0.3869346733668342,0
15,17,79,2511.0,3755.0,3479.0,247,0.041157861954793554,0.0615482961530266,0.057024373453097084,11.16,12.993079584775087,0.557442717513219,38,29,48,0.3319838056680162,0.4817813765182186,0.4089068825910931,1
13,19,96,5118.0,5769.0,2136.0,259,0.07629582146956665,0.0860005068499277,0.03184210134017084,30.284023668639055,15.98060941828255,0.23177083333333334,42,40,32,0.42084942084942084,0.38996138996138996,0.3281853281853282,0
13,18,88,3516.0,5342.0,2756.0,247,0.05763084135127604,0.08756085167762133,0.04517366290219476,20.80473372781065,16.487654320987655,0.35588842975206614,30,25,44,0.3724696356275304,0.27125506072874495,0.3157894736842105,1
13,14,111,5938.5,6899.0,5147.5,283,0.07414875950505063,0.08614166739502303,0.06427224712507336,35.13905325443787,35.19897959183673,0.41778264751237726,42,31,49,0.3321554770318021,0.3321554770318021,0.33568904593639576,1
17,18,75,5875.5,5042.5,3478.5,247,0.09630546312839089,0.08265173990722681,0.057016177940959534,20.330449826989618,15.563271604938272,0.6184,21,28,37,0.08502024291497975,0.19433198380566802,0.4008097165991903,1
13,19,69,4196.0,4735.0,4056.0,251,0.06660211742670752,0.0751575371819495,0.06437993047729401,24.828402366863905,13.11634349030471,0.8519218651543793,52,28,46,0.20717131474103587,0.38247011952191234,0.3386454183266932,1
14,21,106,4437.0,3118.0,2090.0,235,0.08034404708012675,0.05645993662290629,0.03784517881394296,22.637755102040817,7.070294784580499,0.18600925596297616,32,29,32,0.225531914893617,0.225531914893617,0.2,1
15,21,96,5448.0,5130.0,4416.0,251,0.08647481786003397,0.08142727893208045,0.07009412549007159,24.213333333333335,11.63265306122449,0.4791666666666667,29,35,44,0.450199203187251,0.398406374501992,0.2948207171314741,1
13,18,113,2045.0,2976.0,2937.5,211,0.04593337975337481,0.06684485972911659,0.06598009927899194,12.100591715976332,9.185185185185185,0.23004933824105256,30,24,34,0.5071090047393365,0.3080568720379147,0.16113744075829384,0
17,17,76,2979.0,5866.0,2761.0,231,0.05582728959352336,0.1099304735668372,0.05174190888476603,10.30795847750865,20.29757785467128,0.4780124653739612,32,36,46,0.3939393939393939,0.5541125541125541,0.4935064935064935,0
12,18,84,1716.5,3029.5,2648.5,239,0.030050244218413544,0.05303653647520176,0.04636648518058157,11.92013888888889,9.350308641975309,0.37535430839002265,44,40,39,0.48535564853556484,0.4811715481171548,0.4309623430962343,0
13,19,109,2911.5,5618.5,2346.5,235,0.05272068809416025,0.10173834314169307,0.04248981439565414,17.227810650887573,15.563711911357341,0.19750021041999832,29,35,0,0.4808510638297872,0.4808510638297872,0.0,0
14,20,70,6712.5,3154.0,2013.5,239,0.11751369898986362,0.05521612016596348,0.03524973302288125,34.24744897959184,7.885,0.41091836734693876,40,31,36,0.3807531380753138,0.3598326359832636,0.4351464435146444,1
15,18,98,4426.0,4139.0,2763.0,223,0.08900239296989684,0.08323111263045707,0.05556114138631382,19.67111111111111,12.774691358024691,0.2876926280716368,34,26,36,0.484304932735426,0.5336322869955157,0.35874439461883406,1
15,22,87,6588.0,6165.0,3275.0,247,0.1079840679244046,0.10105066465603435,0.05368060450097527,29.28,12.737603305785123,0.4326859558726384,44,26,30,0.4534412955465587,0.29554655870445345,0.13765182186234817,1
13,17,69,3964.0,5220.5,3920.0,235,0.0717790855590765,0.09453146220009054,0.07098234495246718,23.45562130177515,18.06401384083045,0.8233564377231674,28,34,47,0.4297872340425532,0.4425531914893617,0.2765957446808511,1
13,17,76,3457.0,4638.0,4192.0,219,0.07207939784408166,0.09670357165196722,0.08740434936719418,20.45562130177515,16.048442906574394,0.7257617728531855,26,27,48,0.4703196347031963,0.1735159817351598,0.4474885844748858,1
16,15,71,4997.5,6585.5,3635.5,223,0.10049468117195198,0.13242775845080335,0.07310623579802529,19.521484375,29.26888888888889,0.7211862725649673,28,25,41,0.42152466367713004,0.40358744394618834,0.4484304932735426,1
13,20,67,6468.5,6431.0,4015.0,239,0.11324206508989688,0.11258556397822167,0.07028938569002643,38.27514792899408,16.0775,0.8944085542437068,40,28,41,0.502092050209205,0.401673640167364,0.41422594142259417,1
13,18,93,6741.0,6149.0,2921.0,259,0.10049045184180319,0.09166530015950865,0.04354437172969992,39.887573964497044,18.978395061728396,0.3377269048444907,41,28,28,0.23552123552123552,0.4942084942084942,0.3474903474903475,1
17,18,71,1529.0,3680.0,2895.0,259,0.022793339395655997,0.05485905099804714,0.04315678060851806,5.290657439446367,11.358024691358025,0.5742908153144217,27,31,43,0.25868725868725867,0.23938223938223938,0.16602316602316602,1
13,16,87,4818.0,7170.0,4318.0,275,0.06370909090909091,0.0948099173553719,0.057097520661157024,28.50887573964497,28.0078125,0.5704848725062756,42,33,46,0.31272727272727274,0.2727272727272727,0.24363636363636362,1
13,16,83,4641.5,4550.0,4636.0,243,0.07860421006282918,0.0770546495283578,0.07851106707988281,27.464497041420117,17.7734375,0.6729568877921324,31,36,46,0.448559670781893,0.4156378600823045,0.2962962962962963,1
14,14,94,4807.0,3660.0,2393.0,227,0.09328727512662773,0.07102796483533544,0.04643986881173708,24.525510204081634,18.6734693877551,0.2708239022181983,38,25,35,0.3964757709251101,0.22026431718061673,0.3656387665198238,1
13,19,79,2557.5,4411.5,2125.5,267,0.0358750999452931,0.061881917266338425,0.029815259016117493,15.133136094674557,12.220221606648199,0.3405704214068258,22,0,30,0.2883895131086142,0.0,0.2696629213483146,1
17,24,71,4264.0,5888.0,3743.0,259,0.06356494387382418,0.08777448159687543,0.0557982140993724,14.754325259515571,10.222222222222221,0.7425114064669709,29,33,42,0.29343629343629346,0.305019305019305,0.3474903474903475,1
13,19,87,4510.0,6221.0,7053.5,335,0.0401871240810871,0.05543328135442192,0.06285141456894631,26.68639053254438,17.23268698060942,0.9318932487779099,47,22,28,0.2955223880597015,0.11940298507462686,0.16119402985074627,1
13,18,81,2617.0,5585.0,5352.0,259,0.03901253708203515,0.08325755430002535,0.07978414156020333,15.485207100591715,17.237654320987655,0.81572930955647,32,39,43,0.444015444015444,0.3359073359073359,0.4092664092664093,1
14,19,68,4711.0,7770.0,4037.0,239,0.08247404632271844,0.1360270303391047,0.0706745330088759,24.035714285714285,21.52354570637119,0.8730536332179931,30,32,44,0.5439330543933054,0.4476987447698745,0.4811715481171548,1
13,18,74,10301.0,7660.5,9662.5,287,0.12505918488751835,0.09300222170962377,0.1173074821838313,60.95266272189349,23.64351851851852,1.764517896274653,45,51,68,0.3310104529616725,0.5261324041811847,0.5609756097560976,1
13,19,80,2953.0,8916.0,11066.0,335,0.026313210069057697,0.07944753842726665,0.0986054800623747,17.473372781065088,24.698060941828256,1.7290625,50,13,68,0.27761194029850744,0.03880597014925373,0.41492537313432837,1
17,25,66,3443.5,6519.5,4032.0,287,0.04180577644502179,0.07914992290789011,0.04895045466134104,11.915224913494809,10.4312,0.9256198347107438,43,39,39,0.519163763066202,0.4808362369337979,0.36585365853658536,1
13,21,88,8057.0,6968.5,7429.5,335,0.07179327244375139,0.06209400757406995,0.06620182668745823,47.67455621301775,15.801587301587302,0.9593879132231405,33,31,48,0.18208955223880596,0.2417910447761194,0.4716417910447761,1
16,15,76,9913.0,6376.5,8940.0,295,0.11390979603562194,0.07327204826199368,0.10272910083309394,38.72265625,28.34,1.5477839335180055,77,45,67,0.5898305084745763,0.288135593220339,0.4033898305084746,1
16,21,114,8127.0,12492.0,9470.0,343,0.06907836020705659,0.10618024802590757,0.0804936718544144,31.74609375,28.3265306122449,0.7286857494613728,44,38,60,0.41690962099125367,0.2886297376093295,0.5072886297376094,1
15,23,83,9465.0,7478.0,10013.0,299,0.10587129897875863,0.08364559680540486,0.11200098432903435,42.06666666666667,14.136105860113421,1.4534765568297285,61,35,60,0.4816053511705686,0.26755852842809363,0.5618729096989966,1
17,21,130,6996.5,10111.0,4802.5,323,0.06706189074945605,0.09691456833670407,0.0460322633208408,24.209342560553633,22.927437641723355,0.2841715976331361,44,0,41,0.23839009287925697,0.0,0.2693498452012384,1
15,21,67,6512.0,6702.0,10814.0,327,0.06090022351279821,0.06267710349858317,0.10113252719093978,28.942222222222224,15.197278911564625,2.408999777233237,48,19,66,0.3669724770642202,0.0581039755351682,0.42813455657492355,1
13,16,71,7676.0,6580.0,9442.0,279,0.09861127169486518,0.0845312881386416,0.12129854446885317,45.42011834319526,25.703125,1.873041063281095,44,41,66,0.5340501792114696,0.27956989247311825,0.6129032258064516,1
13,21,69,5350.0,5064.0,11611.0,327,0.0500331995997344,0.04735852762113178,0.10858607113131143,31.65680473372781,11.482993197278912,2.4387733669397185,48,32,61,0.3211009174311927,0.1743119266055046,0.5015290519877675,1
16,21,98,4352.0,8440.0,5959.0,275,0.057547107438016526,0.11160330578512397,0.07879669421487603,17.0,19.138321995464853,0.6204706372344856,42,41,56,0.3890909090909091,0.3927272727272727,0.36727272727272725,1
13,22,104,7535.0,11099.0,8971.0,407,0.04548774819045089,0.06700312105717511,0.05415668069230723,44.585798816568044,22.931818181818183,0.8294193786982249,42,50,72,0.15233415233415235,0.21867321867321868,0.44963144963144963,1
17,22,120,3442.0,5161.0,7080.0,287,0.04178756571040076,0.06265706758610642,0.08595466741128337,11.910034602076125,10.663223140495868,0.49166666666666664,46,38,51,0.4076655052264808,0.29965156794425085,0.5087108013937283,1
15,20,97,4021.0,7318.0,7526.0,303,0.04379744905183588,0.0797089609951094,0.08197453408707207,17.871111111111112,18.295,0.79987246253587,40,24,58,0.25412541254125415,0.13861386138613863,0.38283828382838286,0
13,19,113,5879.0,6356.0,7320.0,239,0.10292186761436249,0.11127256175487124,0.1281490169990021,34.78698224852071,17.606648199445985,0.5732633722296187,40,44,55,0.5606694560669456,0.4686192468619247,0.6610878661087866,1
17,21,83,6030.5,10036.5,9857.5,335,0.053735798618846066,0.08943194475384272,0.08783693472933839,20.866782006920417,22.758503401360546,1.4309043402525765,33,44,79,0.3373134328358209,0.3164179104477612,0.34626865671641793,1
18,23,104,5973.0,10639.0,10332.0,327,0.055859495553124035,0.09949592720403258,0.09662486322700109,18.435185185185187,20.111531190926275,0.9552514792899408,48,49,73,0.42507645259938837,0.5474006116207951,0.5688073394495413,1
17,22,88,4802.0,6915.0,5860.0,271,0.06538581990985962,0.09415721463487697,0.07979194183085743,16.6159169550173,14.287190082644628,0.7567148760330579,24,33,46,0.19557195571955718,0.22878228782287824,0.3247232472324723,1
13,19,93,12234.0,7629.0,8811.0,351,0.09930114203618477,0.061923198675335425,0.07151727664548177,72.3905325443787,21.132963988919666,1.0187304890738813,71,48,68,0.5356125356125356,0.13675213675213677,0.5299145299145299,1
13,20,110,4545.0,9832.0,8980.0,367,0.03374440377462153,0.07299779492014938,0.06667211130827314,26.893491124260354,24.58,0.7421487603305785,51,44,72,0.28610354223433243,0.3188010899182561,0.22615803814713897,0
15,18,104,3515.5,6189.5,6059.0,283,0.04389491690494325,0.07728277291513191,0.07565333566407371,15.624444444444444,19.103395061728396,0.5601886094674556,46,27,53,0.5441696113074205,0.1625441696113074,0.31802120141342755,0
17,19,67,7093.5,7008.0,6512.0,291,0.08376731498210933,0.08275764339107947,0.0769003672606606,24.544982698961938,19.412742382271468,1.4506571619514368,57,32,65,0.2027491408934708,0.1134020618556701,0.41237113402061853,1
13,20,114,7693.0,7498.0,7447.0,307,0.08162420821441076,0.07955522074504769,0.07901410094536812,45.5207100591716,18.745,0.5730224684518314,51,33,57,0.504885993485342,0.36807817589576547,0.511400651465798,0
17,22,90,7181.5,7212.0,5801.5,271,0.09778597785977859,0.09820127721572419,0.07899538404978146,24.84948096885813,14.900826446280991,0.7162345679012345,52,47,59,0.6346863468634686,0.4317343173431734,0.46494464944649444,0
13,17,85,6175.0,8010.0,6474.0,295,0.0709566216604424,0.09204251651824188,0.07439241597242172,36.53846153846154,27.716262975778548,0.8960553633217994,45,31,61,0.5152542372881356,0.18305084745762712,0.5525423728813559,0
15,18,84,5100.0,9990.5,8752.5,279,0.06551817165760974,0.12834495959712747,0.11244074459475084,22.666666666666668,30.834876543209877,1.2404336734693877,57,53,67,0.5161290322580645,0.6021505376344086,0.6630824372759857,1
15,19,79,3436.0,6624.0,11881.0,331,0.03136152463011473,0.060459470066903366,0.10844187256414235,15.27111111111111,18.349030470914126,1.9037013299150778,52,37,72,0.4773413897280967,0.2598187311178248,0.5438066465256798,0
18,20,81,2933.5,8572.5,5408.0,323,0.028117781249700467,0.08216794946754977,0.05183601874838252,9.054012345679013,21.43125,0.824264593811919,45,43,60,0.4582043343653251,0.47987616099071206,0.43034055727554177,0
17,20,93,5243.5,9182.0,7629.0,359,0.04068481777763984,0.07124401579751864,0.059194140331003016,18.143598615916954,22.955,0.8820672910163024,46,38,60,0.3983286908077994,0.403899721448468,0.41225626740947074,1
13,19,77,5764.0,7829.0,7213.0,275,0.07621818181818182,0.10352396694214876,0.09537851239669422,34.10650887573964,21.68698060941828,1.2165626581210998,35,37,61,0.48363636363636364,0.3236363636363636,0.4,1
13,17,85,4659.0,9371.0,8464.0,351,0.03781625149146517,0.07606269429631253,0.06870074106541343,27.568047337278106,32.42560553633218,1.1714878892733565,49,34,62,0.36182336182336183,0.245014245014245,0.42165242165242167,1
13,21,76,7676.0,4012.0,7245.5,343,0.06524492345876293,0.034101437326284116,0.06158573383539172,45.42011834319526,9.09750566893424,1.2544148199445984,44,44,54,0.4518950437317784,0.37026239067055394,0.2303206997084548,1
16,24,105,6417.0,12223.0,7997.0,327,0.06001178351990573,0.11430949508552404,0.07478794340169645,25.06640625,21.22048611111111,0.7253514739229024,52,34,78,0.48623853211009177,0.2782874617737003,0.42201834862385323,1
17,19,83,3761.0,6837.0,5307.0,319,0.03695914937942827,0.06718683975196785,0.05215161014534055,13.013840830449826,18.939058171745152,0.7703585426041516,36,39,49,0.2852664576802508,0.25705329153605017,0.4952978056426332,0
13,18,76,4304.0,5222.0,5780.0,259,0.06416123790641165,0.07784618595429406,0.08616448770888925,25.467455621301774,16.117283950617285,1.0006925207756232,37,35,48,0.43243243243243246,0.46332046332046334,0.3783783783783784,1
13,19,94,4413.0,6740.0,3233.0,255,0.06786620530565167,0.10365244136870434,0.04971933871587851,26.11242603550296,18.670360110803323,0.3658895427795383,35,36,42,0.3803921568627451,0.30196078431372547,0.4235294117647059,1
13,19,76,3162.0,6866.0,5784.0,239,0.05535617373645419,0.12020097687365418,0.10125873146478528,18.71005917159763,19.019390581717452,1.0013850415512466,38,43,57,0.2803347280334728,0.4309623430962343,0.401673640167364,1
12,18,82,4665.0,6795.0,5653.0,251,0.07404644370724274,0.10785543086617673,0.0897287344645323,32.395833333333336,20.97222222222222,0.8407198096371208,35,33,55,0.5179282868525896,0.5776892430278885,0.3705179282868526,1
16,18,86,4229.5,5916.0,3752.0,283,0.052809998876250173,0.07386782204797163,0.04684788173157362,16.521484375,18.25925925925926,0.50730124391563,37,36,48,0.49823321554770317,0.3710247349823322,0.2226148409893993,1
17,23,88,3122.5,4626.0,4454.5,263,0.04514305541499805,0.06687967152915324,0.06440023710043516,10.804498269896193,8.744801512287335,0.5752195247933884,28,19,44,0.44866920152091255,0.1520912547528517,0.39923954372623577,1
13,18,111,2629.0,3460.5,3313.0,215,0.05687398593834505,0.07486208761492699,0.07167117360735532,15.55621301775148,10.680555555555555,0.26889051213375537,40,33,14,0.6046511627906976,0.46511627906976744,0.13488372093023257,1
16,22,127,4035.0,4780.0,4613.0,251,0.06404660243488199,0.07587181155854669,0.07322105998317487,15.76171875,9.87603305785124,0.286006572013144,11,23,49,0.043824701195219126,0.09163346613545817,0.4820717131474104,1
13,18,85,1549.0,4953.0,3591.0,239,0.027117872586264247,0.0867106668300625,0.06286654645401867,9.165680473372781,15.287037037037036,0.4970242214532872,34,31,40,0.6150627615062761,0.45188284518828453,0.28870292887029286,1
13,22,93,3950.0,3439.0,4057.0,259,0.05888403571801255,0.05126637945170764,0.06047912225518403,23.37278106508876,7.105371900826446,0.4690715689675107,37,31,47,0.3938223938223938,0.3552123552123552,0.33976833976833976,1
17,22,74,2192.0,3267.0,4698.0,271,0.029847088138778066,0.044484688389319314,0.06396971718794679,7.58477508650519,6.75,0.8579254930606282,37,34,54,0.4095940959409594,0.2767527675276753,0.2656826568265683,1
13,19,84,4144.5,6851.0,4174.0,283,0.05174867959395173,0.0855423341532545,0.05211701981545531,24.523668639053255,18.977839335180054,0.5915532879818595,25,29,50,0.22614840989399293,0.21201413427561838,0.2226148409893993,1
13,19,94,3915.0,7047.0,5142.0,367,0.029066961667248252,0.052320531001046854,0.03817683700970383,23.16568047337278,19.520775623268698,0.5819375282933454,36,8,51,0.329700272479564,0.021798365122615803,0.16076294277929154,1
13,19,88,2663.0,4925.0,4481.5,263,0.03849990602726655,0.0712024172678512,0.06479058537784267,15.757396449704142,13.642659279778393,0.5787060950413223,28,31,46,0.43346007604562736,0.5209125475285171,0.17490494296577946,1
13,20,93,4561.5,4499.0,2464.5,255,0.07014994232987312,0.06918877354863515,0.03790080738177624,26.99112426035503,11.2475,0.2849462365591398,28,26,0,0.4549019607843137,0.30980392156862746,0.0,1
16,22,105,3467.0,3705.5,4336.0,231,0.06497254549202601,0.06944210190963437,0.08125784749161373,13.54296875,7.6559917355371905,0.39328798185941044,33,24,55,0.5238095238095238,0.20346320346320346,0.41125541125541126,0
17,21,118,5028.0,5149.0,3400.0,255,0.07732410611303345,0.07918492887351018,0.05228758169934641,17.397923875432525,11.675736961451246,0.24418270611893134,32,28,40,0.4470588235294118,0.4823529411764706,0.24705882352941178,1
13,20,83,3847.0,3833.0,3916.0,311,0.03977419588300369,0.039629449654159904,0.040487588010876645,22.763313609467456,9.5825,0.568442444476702,31,27,47,0.40514469453376206,0.08681672025723473,0.2829581993569132,1
19,21,144,6703.0,6088.0,5065.0,331,0.06118052956800321,0.055567218261972785,0.04622995408950265,18.56786703601108,13.80498866213152,0.24426118827160495,38,31,46,0.4078549848942598,0.23564954682779457,0.22658610271903323,1
13,17,108,4468.0,6610.5,5348.5,315,0.045028974552784075,0.06662131519274377,0.05390274628369866,26.437869822485208,22.87370242214533,0.4585476680384088,29,45,51,0.20952380952380953,0.24444444444444444,0.2571428571428571,1
13,19,120,4884.0,5641.0,2895.0,303,0.053197398947815576,0.06144277794116045,0.03153285625592262,28.899408284023668,15.626038781163436,0.20104166666666667,33,24,40,0.40924092409240925,0.1485148514851485,0.22772277227722773,1
17,23,88,9008.0,7013.0,4334.0,319,0.08852114267745011,0.06891638250410274,0.04258999027132202,31.169550173010382,13.257088846880908,0.5596590909090909,30,27,30,0.1974921630094044,0.23197492163009403,0.1724137931034483,1
15,20,107,9579.0,8274.0,5718.0,351,0.07775099228090682,0.06715854579102443,0.04641196094187547,42.57333333333333,20.685,0.4994322648266224,56,50,49,0.42450142450142453,0.49572649572649574,0.1396011396011396,1
13,17,91,15815.0,13518.0,12325.5,383,0.10781312845543974,0.09215414925454533,0.08402470532896127,93.57988165680473,46.77508650519031,1.488407197198406,64,64,62,0.5378590078328982,0.4046997389033943,0.1618798955613577,0
12,19,90,10407.5,11206.0,6437.0,311,0.10760331262083725,0.11585901717310615,0.06655224821910444,72.27430555555556,31.041551246537395,0.7946913580246914,68,66,66,0.4340836012861736,0.3890675241157556,0.36977491961414793,0
13,20,111,6825.0,6085.0,4974.0,279,0.08767872971827186,0.07817217147775594,0.06389948741665703,40.38461538461539,15.2125,0.4037009982955929,39,33,50,0.46953405017921146,0.23655913978494625,0.17921146953405018,1
14,23,89,4907.0,5022.0,4246.0,255,0.07546328335255671,0.0772318339100346,0.06529796232218378,25.035714285714285,9.493383742911153,0.5360434288599925,26,24,47,0.27058823529411763,0.16862745098039217,0.30196078431372547,1
17,19,105,3426.0,5421.0,3399.0,275,0.045302479338842974,0.07168264462809917,0.044945454545454545,11.854671280276817,15.016620498614959,0.30829931972789115,41,32,45,0.5381818181818182,0.20363636363636364,0.16363636363636364,1
13,18,120,5662.0,4304.0,2691.0,259,0.08440542031275622,0.06416123790641165,0.040115681042321966,33.50295857988166,13.283950617283951,0.186875,36,21,34,0.2857142857142857,0.08108108108108109,0.13127413127413126,0
13,19,91,4700.0,7730.0,5056.0,311,0.04859337682612876,0.07992059635446283,0.052274066645299364,27.810650887573964,21.412742382271468,0.6105542808839513,40,27,57,0.35691318327974275,0.3022508038585209,0.27009646302250806,0
13,20,126,2004.0,4057.0,3662.0,259,0.029874331032632193,0.06047912225518403,0.05459071868338278,11.857988165680473,10.1425,0.23066263542454019,32,32,48,0.29343629343629346,0.3359073359073359,0.2625482625482625,0
13,19,93,4859.0,5351.0,4903.0,243,0.08228759166116276,0.09061965486291046,0.0830327355247337,28.75147928994083,14.822714681440443,0.5668863452422246,34,28,51,0.48559670781893005,0.39094650205761317,0.26337448559670784,0
16,22,110,5144.5,6538.0,4661.0,331,0.04695557725833097,0.059674519217604804,0.04254251056489079,20.095703125,13.508264462809917,0.38520661157024794,42,40,61,0.38972809667673713,0.3081570996978852,0.2628398791540785,1
16,22,94,3401.0,6490.0,6287.0,247,0.05574587355963874,0.10637774754544412,0.1030503696175974,13.28515625,13.409090909090908,0.7115210502489815,35,20,55,0.39271255060728744,0.08097165991902834,0.46963562753036436,0
15,20,84,1985.0,5608.5,4888.0,243,0.03361614929973412,0.09498043997358126,0.08277870920760724,8.822222222222223,14.02125,0.6927437641723356,32,24,56,0.51440329218107,0.2880658436213992,0.2345679012345679,1
10,18,93,4953.5,4846.0,5494.0,279,0.06363613005999409,0.06225510977505428,0.07057977158566822,49.535,14.95679012345679,0.635217944271014,46,30,48,0.4014336917562724,0.34767025089605735,0.35842293906810035,1
13,20,111,2748.5,3996.0,3942.5,247,0.04505073022013146,0.06549853300332738,0.06462161320460916,16.263313609467456,9.99,0.31998214430646865,37,33,43,0.5668016194331984,0.562753036437247,0.27530364372469635,1
13,19,120,5064.0,4620.0,4065.0,267,0.07103480200311409,0.06480663215923915,0.05702141985439549,29.964497041420117,12.797783933518005,0.28229166666666666,44,29,6,0.34831460674157305,0.33707865168539325,0.03745318352059925,1
17,24,83,1884.0,5119.0,4805.0,295,0.021648951450732548,0.058822177535191034,0.055214018960068945,6.5190311418685125,8.887152777777779,0.6974887501814487,30,32,53,0.29152542372881357,0.10847457627118644,0.17966101694915254,0
13,20,106,3982.0,4569.0,3939.0,291,0.047023535385741784,0.053955432741701205,0.04651574733411273,23.562130177514792,11.4225,0.3505695977216091,29,23,43,0.3333333333333333,0.30927835051546393,0.1718213058419244,0
10,20,131,6087.0,5523.0,6663.0,235,0.11022181982797646,0.10000905387052965,0.1206518786781349,60.87,13.8075,0.3882640871744071,46,31,58,0.39148936170212767,0.49361702127659574,0.3446808510638298,1
16,19,86,3288.0,6757.0,6819.5,267,0.04612212262761436,0.09478320638527683,0.09565991948266914,12.84375,18.717451523545705,0.922052460789616,31,30,59,0.20599250936329588,0.20973782771535582,0.27715355805243447,1
13,20,109,3981.0,3903.0,3406.0,231,0.07460504863102266,0.07314330690954067,0.06382938850471317,23.556213017751478,9.7575,0.28667620570659036,23,26,27,0.12987012987012986,0.21212121212121213,0.18181818181818182,1
17,21,77,6895.0,7925.0,5469.0,303,0.07510156956289689,0.08632051323944276,0.05956932326896056,23.858131487889274,17.970521541950113,0.9224152470905718,61,56,63,0.26732673267326734,0.24752475247524752,0.6072607260726073,1
13,20,98,3410.0,4241.0,3677.0,235,0.061747397012222725,0.0767949298325034,0.06658216387505658,20.17751479289941,10.6025,0.3828613077884215,34,26,0,0.4765957446808511,0.2936170212765957,0.0,1
15,20,115,2897.0,4361.0,5040.0,239,0.05071689921394933,0.07634670261374976,0.08823374940914899,12.875555555555556,10.9025,0.38109640831758035,21,19,47,0.18410041841004185,0.0794979079497908,0.401673640167364,1
13,20,88,3282.0,5128.0,3660.0,227,0.06369228977857129,0.09951677696054649,0.07102796483533544,19.420118343195266,12.82,0.47262396694214875,28,39,42,0.5462555066079295,0.44493392070484583,0.1894273127753304,1
13,19,92,2154.0,4135.0,4290.0,243,0.036478179139358836,0.07002658808785923,0.07265152669816594,12.745562130177515,11.454293628808864,0.5068525519848771,27,37,47,0.35390946502057613,0.26337448559670784,0.3374485596707819,1
13,20,125,4134.0,3747.0,3185.0,247,0.06776049435329214,0.06141716795882575,0.052205412316215644,24.46153846153846,9.3675,0.20384,31,27,44,0.4777327935222672,0.3967611336032389,0.32793522267206476,1
17,23,97,5156.0,5637.5,3427.0,291,0.06088733009766063,0.06657337537346039,0.04046952681239003,17.84083044982699,10.656899810964083,0.36422574131151025,38,25,42,0.19931271477663232,0.14776632302405499,0.14432989690721648,1
13,18,96,3305.0,4949.0,1894.5,287,0.04012431861501293,0.060083283759666865,0.023000157826366715,19.556213017751478,15.274691358024691,0.20556640625,41,41,35,0.5296167247386759,0.3170731707317073,0.2264808362369338,0
15,21,77,4454.0,4260.0,3777.0,243,0.0754288810987485,0.07214347406391303,0.0639638266524412,19.795555555555556,9.65986394557823,0.6370382863889358,44,30,48,0.31275720164609055,0.12757201646090535,0.4609053497942387,0
13,18,116,3236.0,5238.0,4284.0,267,0.04539269733058396,0.07347557126625426,0.06009342254765812,19.14792899408284,16.166666666666668,0.31837098692033294,52,39,48,0.6067415730337079,0.30711610486891383,0.3146067415730337,1
13,20,72,3989.5,5219.0,4178.0,251,0.0633243916763226,0.08283995492135046,0.06631640767606864,23.606508875739646,13.0475,0.8059413580246914,36,31,49,0.40239043824701193,0.22709163346613545,0.4103585657370518,0
13,20,127,2509.0,4100.5,2854.0,251,0.03982476468627482,0.06508626847192901,0.04530086824018666,14.846153846153847,10.25125,0.1769483538967078,26,26,40,0.18725099601593626,0.3705179282868526,0.20318725099601595,0
12,18,132,3767.0,4922.0,1985.0,231,0.07059462903618748,0.09223965068120912,0.03719945278386837,26.15972222222222,15.191358024691358,0.11392332415059687,34,25,36,0.33766233766233766,0.2943722943722944,0.2597402597402597,0
15,20,94,2872.0,3655.0,3025.0,211,0.06450888344826038,0.0820960894858606,0.06794546393836616,12.764444444444445,9.1375,0.34234947940244453,35,35,40,0.3696682464454976,0.5971563981042654,0.2938388625592417,1
13,18,89,4553.0,5580.0,4215.0,251,0.07226869414771193,0.0885700226980524,0.06690369994127077,26.940828402366865,17.22222222222222,0.5321297815932332,31,30,46,0.250996015936255,0.13147410358565736,0.26294820717131473,0
18,18,71,3670.5,4577.0,4258.0,235,0.06646446355817112,0.08287913082842915,0.07710276143051155,11.328703703703704,14.126543209876543,0.8446736758579647,33,34,51,0.5914893617021276,0.5148936170212766,0.3404255319148936,0
13,19,112,1731.5,5760.0,3981.0,187,0.04951528496668478,0.16471732105579226,0.11384369012553977,10.245562130177515,15.955678670360111,0.31736288265306123,36,25,50,0.6363636363636364,0.45989304812834225,0.41711229946524064,0
17,16,91,3509.5,5730.5,4044.5,211,0.07882796882370117,0.12871453920621728,0.09084476988387502,12.143598615916956,22.384765625,0.488407197198406,47,29,43,0.5876777251184834,0.13744075829383887,0.43601895734597157,0
13,16,76,3249.0,5049.0,5415.0,247,0.05325443786982249,0.082758281565015,0.08875739644970414,19.224852071005916,19.72265625,0.9375,43,30,52,0.46153846153846156,0.3481781376518219,0.3603238866396761,0
13,19,96,3420.0,3901.5,4119.0,263,0.04944411513828449,0.05640532608538507,0.05954979832005667,20.236686390532544,10.807479224376731,0.4469401041666667,25,27,50,0.10266159695817491,0.3574144486692015,0.41825095057034223,0
15,18,104,5672.5,3430.0,2915.5,205,0.13497917906008328,0.08161808447352767,0.06937537180249852,25.211111111111112,10.58641975308642,0.26955436390532544,32,29,37,0.5317073170731708,0.5365853658536586,0.35609756097560974,0
19,18,110,2483.0,6026.0,2798.0,195,0.0652991452991453,0.15847468770545695,0.07358316896778436,6.878116343490305,18.598765432098766,0.2312396694214876,31,31,43,0.28205128205128205,0.4153846153846154,0.37435897435897436,0
17,23,106,3237.0,4589.0,4829.0,259,0.04825509458714092,0.06840983288859737,0.07198759708412218,11.200692041522492,8.674858223062381,0.4297792808828765,31,26,54,0.5057915057915058,0.4247104247104247,0.3938223938223938,0
14,16,70,4670.0,5028.0,4555.0,291,0.055148144211806666,0.059375774967229955,0.05379010639931035,23.8265306122449,19.640625,0.9295918367346939,37,22,48,0.4536082474226804,0.07560137457044673,0.22336769759450173,0
12,20,96,5246.0,3637.0,3520.0,207,0.12242992835305375,0.08487946043081519,0.08214894163224346,36.43055555555556,9.0925,0.3819444444444444,38,28,44,0.38164251207729466,0.463768115942029,0.4782608695652174,1
13,16,103,3100.0,4710.0,2452.5,263,0.044817765183825124,0.06809408839219881,0.035456635197848745,18.34319526627219,18.3984375,0.23117164671505325,36,30,43,0.4790874524714829,0.38022813688212925,0.2889733840304182,0
13,18,71,2841.0,5186.0,3488.0,195,0.07471400394477318,0.13638395792241947,0.09172912557527942,16.810650887573964,16.006172839506174,0.6919262051180322,33,28,46,0.31794871794871793,0.3641025641025641,0.3230769230769231,1
17,19,104,1957.0,3616.0,4058.0,231,0.0366747249864133,0.06776484698562621,0.0760480500740241,6.771626297577854,10.016620498614959,0.37518491124260356,36,28,50,0.36796536796536794,0.329004329004329,0.47619047619047616,0
13,16,102,3532.5,3941.0,2245.0,271,0.04809983524189485,0.05366212333710053,0.030568755872060566,20.902366863905325,15.39453125,0.2157823913879277,24,26,37,0.1918819188191882,0.1918819188191882,0.34686346863468637,0
14,22,85,2915.0,5012.0,3952.0,227,0.05657008674726853,0.09726561741931727,0.0766946767839469,14.872448979591837,10.355371900826446,0.5469896193771626,38,37,56,0.23348017621145375,0.3436123348017621,0.44493392070484583,1
13,20,108,3693.5,4185.5,2917.0,235,0.06688094160253509,0.07578995020371208,0.05282028066998642,21.855029585798817,10.46375,0.2500857338820302,37,45,20,0.4553191489361702,0.4553191489361702,0.14468085106382977,0
12,18,66,3051.0,3872.0,4088.0,247,0.05000901506335131,0.06346604599321412,0.06700650723663722,21.1875,11.950617283950617,0.938475665748393,39,27,47,0.46963562753036436,0.3643724696356275,0.46558704453441296,0
18,17,105,3967.5,4100.5,1954.0,231,0.07435205487153539,0.07684451190944698,0.03661850415097168,12.24537037037037,14.188581314878892,0.17723356009070296,40,32,37,0.3463203463203463,0.5757575757575758,0.3722943722943723,0
17,19,109,3663.0,5498.0,2680.0,255,0.056332179930795846,0.0845520953479431,0.04121491733948481,12.674740484429066,15.229916897506925,0.2255702381954381,28,32,50,0.20784313725490197,0.5411764705882353,0.34901960784313724,0
15,18,131,4475.0,5547.0,2894.0,231,0.08386274620040854,0.10395232473154552,0.05423436592267761,19.88888888888889,17.12037037037037,0.1686381912475963,37,29,44,0.5108225108225108,0.1341991341991342,0.3463203463203463,1
13,19,112,3783.0,5228.0,4379.0,191,0.10369781530111565,0.14330747512403716,0.1200350867574902,22.384615384615383,14.481994459833794,0.34909119897959184,31,30,46,0.6335078534031413,0.28272251308900526,0.45549738219895286,0
22,21,107,4989.5,4137.0,5226.0,291,0.058921127525655106,0.04885393417649768,0.06171396180961491,10.308884297520661,9.380952380952381,0.4564590793955804,49,45,52,0.35738831615120276,0.3333333333333333,0.46735395189003437,1
21,23,100,4949.0,4365.0,3264.0,303,0.0539053905390539,0.047544358396235664,0.035552070058490995,11.222222222222221,8.251417769376182,0.3264,33,33,44,0.3432343234323432,0.30033003300330036,0.23432343234323433,0
27,21,94,3179.0,4679.0,4925.0,247,0.052107066170565,0.07669360258322543,0.08072579455490174,4.36076817558299,10.609977324263038,0.5573789044816659,33,46,55,0.5344129554655871,0.5668016194331984,0.22267206477732793,0
20,20,122,4124.5,5068.0,3288.0,239,0.07220636893611806,0.0887239369058665,0.05756201747168292,10.31125,12.67,0.2209083579682881,35,34,43,0.33472803347280333,0.4895397489539749,0.24267782426778242,1
22,19,77,3877.0,4129.0,4573.0,259,0.05779579910854042,0.06155245151384148,0.06817131527556237,8.010330578512397,11.437673130193906,0.7712936414235115,32,25,55,0.3127413127413127,0.2548262548262548,0.277992277992278,0
16,20,100,4068.0,6984.0,4171.0,259,0.060643103114145586,0.10411293808977207,0.06217856024805832,15.890625,17.46,0.4171,35,28,51,0.33204633204633205,0.3166023166023166,0.3474903474903475,0
20,20,105,4512.0,5272.0,3947.0,215,0.09760951865873445,0.11405083829096808,0.08538669551108707,11.28,13.18,0.3580045351473923,35,27,49,0.5255813953488372,0.5116279069767442,0.3581395348837209,0
17,19,97,3545.0,7281.0,4290.0,271,0.048270039895970916,0.09914080690622404,0.05841423727890416,12.26643598615917,20.168975069252078,0.45594643426506537,37,31,54,0.13653136531365315,0.4354243542435424,0.3025830258302583,0
18,23,133,3585.5,5852.5,6569.5,231,0.06719326849196978,0.10967747980734993,0.12311425947789584,11.066358024691358,11.063327032136106,0.3713889988128215,35,30,55,0.47619047619047616,0.4935064935064935,0.3463203463203463,1
20,21,83,3958.5,5669.0,3645.0,319,0.03889997150185238,0.055708965124163484,0.03581922347461208,9.89625,12.854875283446711,0.5291043692843663,45,30,55,0.21630094043887146,0.28213166144200624,0.3103448275862069,1
21,21,89,2389.5,4916.0,5467.5,207,0.055765595463137994,0.11472846507503093,0.1275992438563327,5.418367346938775,11.147392290249433,0.6902537558389092,33,31,55,0.3961352657004831,0.2463768115942029,0.4251207729468599,0
12,18,90,4907.0,3402.5,3422.0,203,0.11907593001528792,0.08256691499429736,0.08304011259676285,34.076388888888886,10.501543209876543,0.42246913580246914,38,26,45,0.18719211822660098,0.4236453201970443,0.46798029556650245,0
19,17,94,6885.0,4744.0,3626.0,231,0.12902681733850566,0.08890388111167331,0.06795224977043159,19.07202216066482,16.41522491349481,0.41036668175645086,36,29,49,0.2943722943722944,0.2943722943722944,0.23809523809523808,0
18,23,80,3296.0,4880.0,3646.0,223,0.06627923344527338,0.09813187476120573,0.07331738020068773,10.17283950617284,9.224952741020793,0.5696875,33,32,49,0.2600896860986547,0.24663677130044842,0.4260089686098655,0
16,18,91,3898.5,5084.0,3154.0,215,0.0843374797187669,0.10998377501352082,0.0682314764737696,15.228515625,15.691358024691358,0.3808718753773699,33,31,52,0.4930232558139535,0.4883720930232558,0.4186046511627907,0
18,16,95,2517.0,6252.0,4730.0,235,0.04557718424626528,0.11320959710276143,0.08564961521050249,7.768518518518518,24.421875,0.5240997229916897,28,37,51,0.3574468085106383,0.3617021276595745,0.33617021276595743,0
20,20,94,2644.5,6358.0,4780.5,295,0.030387819592071243,0.07305946567078425,0.05493249066360242,6.61125,15.895,0.541025350837483,0,38,54,0.0,0.37966101694915255,0.3050847457627119,0
15,18,105,3311.0,5093.0,3938.0,243,0.05607207573371268,0.08625040220833545,0.06669037578959847,14.715555555555556,15.719135802469136,0.35718820861678,30,30,46,0.30864197530864196,0.41975308641975306,0.2716049382716049,0
13,20,88,1664.0,2479.0,2322.0,195,0.04376068376068376,0.0651939513477975,0.06106508875739645,9.846153846153847,6.1975,0.29984504132231404,31,27,37,0.38461538461538464,0.46153846153846156,0.3230769230769231,0
17,20,93,2778.0,5032.5,4271.0,267,0.038968143752893154,0.07059293860202837,0.059911066223400526,9.612456747404844,12.58125,0.49381431379350216,39,31,48,0.36704119850187267,0.3782771535580524,0.31835205992509363,0
13,16,110,3744.5,3678.0,4613.0,231,0.07017297277037536,0.06892674425141958,0.08644890463072281,22.15680473372781,14.3671875,0.3812396694214876,37,28,50,0.5757575757575758,0.41125541125541126,0.341991341991342,0
14,18,89,4516.0,5738.0,6345.0,227,0.08763996972578549,0.11135477109976906,0.12313454559568399,23.040816326530614,17.709876543209877,0.8010352228254008,36,23,51,0.5286343612334802,0.11013215859030837,0.5022026431718062,1
16,21,82,2135.0,2558.0,3718.5,215,0.046187128177393184,0.05533802055164954,0.08044348296376419,8.33984375,5.800453514739229,0.5530190362879238,33,34,43,0.29767441860465116,0.16279069767441862,0.31627906976744186,0
15,22,108,5663.0,4690.0,5299.0,223,0.11387721450260412,0.09431116652255224,0.1065575418769732,25.16888888888889,9.690082644628099,0.454303840877915,29,33,50,0.14798206278026907,0.34977578475336324,0.40358744394618834,0
14,23,72,2062.0,3053.0,3156.0,215,0.044607896160086535,0.06604651162790698,0.06827474310438075,10.520408163265307,5.771266540642722,0.6087962962962963,24,32,50,0.30697674418604654,0.25116279069767444,0.23255813953488372,0
13,18,144,4092.0,5612.0,6855.0,267,0.05740015991246897,0.0787218224410498,0.09615789252198796,24.21301775147929,17.320987654320987,0.33058449074074076,39,38,61,0.4419475655430712,0.24344569288389514,0.3782771535580524,0
14,17,121,4223.5,4284.5,4058.0,255,0.0649519415609381,0.06589004229142638,0.062406766628219916,21.5484693877551,14.825259515570934,0.2771668601871457,40,27,50,0.396078431372549,0.10588235294117647,0.30196078431372547,0
13,18,125,3631.0,3014.0,4247.0,263,0.05249461463950614,0.04357443363356417,0.06140033830184042,21.485207100591715,9.302469135802468,0.271808,32,32,49,0.4068441064638783,0.34980988593155893,0.33840304182509506,1
16,17,117,5158.0,4013.0,1860.0,243,0.08735118291588342,0.06796050737523074,0.03149926332368033,20.1484375,13.885813148788927,0.1358755204909051,35,31,36,0.4444444444444444,0.5637860082304527,0.21810699588477367,1
13,17,62,3847.5,8604.5,4067.0,287,0.04671053430295378,0.10446284403112821,0.04937537180249851,22.766272189349113,29.773356401384085,1.0580124869927159,33,0,52,0.20905923344947736,0.0,0.3240418118466899,1
17,19,112,2518.0,4114.5,2978.5,251,0.03996761956159426,0.06530848716687036,0.04727702734877224,8.71280276816609,11.397506925207756,0.23744419642857142,33,24,41,0.5179282868525896,0.23904382470119523,0.26693227091633465,0
13,18,65,4362.0,4776.0,4766.5,239,0.0763642093100611,0.08361198158295548,0.08344566796799775,25.810650887573964,14.74074074074074,1.1281656804733728,41,37,55,0.5983263598326359,0.3263598326359833,0.3723849372384937,0
14,16,82,5331.0,6719.0,5176.0,235,0.09653236758714351,0.12166591217745586,0.09372566772295156,27.198979591836736,26.24609375,0.7697798929208804,34,39,53,0.2765957446808511,0.33191489361702126,0.3829787234042553,0
13,17,132,4934.5,4864.0,3558.0,335,0.04396970372020494,0.04334150144798396,0.03170416573847182,29.198224852071007,16.830449826989618,0.20420110192837465,42,38,43,0.3194029850746269,0.2208955223880597,0.29850746268656714,1
13,20,122,6322.5,5292.0,3469.0,327,0.05912801952697584,0.04949078360407373,0.032442087740463296,37.4112426035503,13.23,0.2330690674549852,44,0,47,0.4434250764525994,0.0,0.290519877675841,1
17,19,116,3520.0,5612.0,2496.0,259,0.052473874867697265,0.08366005277202189,0.03720874763345806,12.179930795847751,15.545706371191136,0.18549346016646848,31,41,44,0.22007722007722008,0.4555984555984556,0.3127413127413127,0
15,21,121,5454.5,4030.0,5006.5,279,0.07007232692282987,0.051772202309836715,0.06431700517722024,24.24222222222222,9.138321995464853,0.34195068642852267,38,45,54,0.4731182795698925,0.4444444444444444,0.25806451612903225,1
13,18,124,6146.0,6847.0,4960.0,255,0.09451749327181853,0.10529796232218377,0.07627835447904652,36.366863905325445,21.132716049382715,0.3225806451612903,27,32,57,0.3764705882352941,0.29411764705882354,0.37254901960784315,1
14,16,101,3169.5,5206.0,4363.5,255,0.048742791234140714,0.08006151480199923,0.06710495963091119,16.17091836734694,20.3359375,0.42775218115870994,29,32,51,0.47843137254901963,0.3058823529411765,0.3686274509803922,0
13,19,101,4597.0,6911.5,4757.5,247,0.07534953859266666,0.11328656427740169,0.07798029798882132,27.201183431952664,19.145429362880886,0.4663758455053426,33,28,56,0.2874493927125506,0.39271255060728744,0.23481781376518218,0
13,18,117,5363.0,7708.0,6335.0,307,0.05690246050355972,0.08178336109666946,0.06721556727392333,31.733727810650887,23.790123456790123,0.46278033457520634,45,31,56,0.3973941368078176,0.247557003257329,0.30293159609120524,0
17,16,110,2648.0,5248.0,5538.5,269,0.03659429803347107,0.0725252553170907,0.07653984881358743,9.162629757785467,20.5,0.4577272727272727,39,31,49,0.36059479553903345,0.3903345724907063,0.3382899628252788,0
16,16,105,6800.0,5179.0,8002.5,283,0.08490554258387543,0.06466555956498396,0.09992008890109753,26.5625,20.23046875,0.7258503401360544,44,42,60,0.2756183745583039,0.33568904593639576,0.35335689045936397,1
14,17,152,8083.0,10352.0,5904.0,291,0.09545234468180584,0.12224702117358086,0.06972048039111489,41.23979591836735,35.82006920415225,0.25554016620498615,38,43,58,0.3470790378006873,0.5738831615120275,0.30584192439862545,0
13,21,93,3963.0,10302.0,7016.0,279,0.05091147338806028,0.13234670674837168,0.09013244948035097,23.449704142011836,23.360544217687075,0.8111920453231587,51,43,67,0.35842293906810035,0.24372759856630824,0.24014336917562723,1
13,23,133,3493.0,7103.0,5542.0,263,0.05049950122164554,0.10269051164539028,0.08012259827379317,20.668639053254438,13.427221172022684,0.31330205212278817,46,40,51,0.5285171102661597,0.4068441064638783,0.3155893536121673,1
17,19,98,5448.0,7802.0,6861.0,303,0.059340587524098945,0.0849807753052533,0.07473123549978761,18.85121107266436,21.61218836565097,0.7143898375676802,48,34,54,0.43234323432343236,0.26732673267326734,0.22772277227722773,0
13,19,107,3152.5,7943.5,6133.0,267,0.04422140863246784,0.11142672782617234,0.08603010282091206,18.653846153846153,22.00415512465374,0.5356799720499607,33,34,55,0.2397003745318352,0.4344569288389513,0.3707865168539326,0
14,19,108,5729.0,5705.5,4433.5,287,0.06955286576260486,0.06926756425354198,0.05382486129490464,29.229591836734695,15.804709141274238,0.38010116598079563,45,27,47,0.33797909407665505,0.10801393728222997,0.2926829268292683,0
16,17,98,4257.0,6292.0,4654.0,263,0.06154491173791728,0.09096560597955732,0.06728447715016843,16.62890625,21.771626297577853,0.48458975426905454,38,33,54,0.5133079847908745,0.3269961977186312,0.20532319391634982,0
13,18,109,3664.5,8434.5,5664.5,311,0.037887325399861456,0.08720443337020915,0.058565358091831145,21.683431952662723,26.03240740740741,0.47676963218584295,45,43,61,0.3311897106109325,0.24437299035369775,0.42765273311897106,0
16,18,108,3208.0,3286.5,5050.5,307,0.03403749641906015,0.034870396502880666,0.05358677545650352,12.53125,10.143518518518519,0.4329989711934156,32,44,50,0.18566775244299674,0.3778501628664495,0.25732899022801303,0
13,17,120,4171.0,7672.0,6084.0,343,0.03545291502690206,0.06521092401975367,0.051713146733078905,24.680473372781066,26.546712802768166,0.4225,28,51,56,0.16326530612244897,0.30612244897959184,0.3206997084548105,0
16,18,106,5540.0,5202.0,5753.5,243,0.09382038645870379,0.08809632677945435,0.09743602770580366,21.640625,16.055555555555557,0.5120594517621929,33,37,56,0.3045267489711934,0.26337448559670784,0.35390946502057613,0
17,17,114,3726.0,6072.0,5206.0,251,0.0591419183822479,0.09637942254884843,0.08263360899033349,12.892733564013842,21.01038062283737,0.40058479532163743,43,46,48,0.6374501992031872,0.6254980079681275,0.3944223107569721,0
19,19,148,7130.0,5067.0,8416.0,271,0.09708473468498523,0.06899415857627211,0.11459538949633039,19.750692520775623,14.03601108033241,0.38422205989773556,56,43,59,0.35424354243542433,0.3726937269372694,0.5276752767527675,0
13,21,124,4807.0,7703.0,5270.0,239,0.084154689168607,0.134854081686245,0.09226028956075699,28.443786982248522,17.467120181405896,0.34274193548387094,33,31,55,0.5062761506276151,0.37656903765690375,0.4895397489539749,1
13,17,112,2485.5,3381.5,5598.0,247,0.04073989083577833,0.05542624858627416,0.09175695389204871,14.707100591715976,11.700692041522492,0.44626913265306123,31,33,54,0.3562753036437247,0.29959514170040485,0.44129554655870445,1
12,18,133,2538.5,7333.0,3694.5,263,0.0366999667481097,0.10601570067515795,0.053412655958594166,17.62847222222222,22.632716049382715,0.20885861269715641,33,35,47,0.467680608365019,0.25475285171102663,0.2965779467680608,1
13,17,119,3117.5,4795.5,5669.0,243,0.05279513624278142,0.08121221358532744,0.0960050127859913,18.44674556213018,16.593425605536332,0.4003248358166796,28,31,49,0.4403292181069959,0.4156378600823045,0.3786008230452675,1
15,22,134,4247.0,7045.0,4862.0,279,0.054559936280366386,0.09050500378977659,0.062460656980254624,18.875555555555554,14.555785123966942,0.2707730006683003,24,24,54,0.17204301075268819,0.2616487455197133,0.3154121863799283,1
12,18,178,2620.0,7618.0,5823.0,275,0.034644628099173555,0.10073388429752066,0.07699834710743801,18.194444444444443,23.512345679012345,0.18378361318015402,43,33,55,0.24,0.23272727272727273,0.33090909090909093,1
10,18,126,3627.5,6880.0,6860.5,255,0.05578623606305267,0.10580545943867743,0.10550557477893117,36.275,21.234567901234566,0.43213025951121187,34,33,58,0.4392156862745098,0.12941176470588237,0.45098039215686275,0
13,20,153,2858.0,7291.0,4784.5,263,0.04131908803076523,0.10540849224363516,0.06917116049097138,16.911242603550296,18.2275,0.20438720150369516,30,44,55,0.3840304182509506,0.42585551330798477,0.34600760456273766,0
13,20,154,4083.0,4753.0,5514.0,247,0.06692455211526169,0.07790653837958333,0.09038010785293973,24.159763313609467,11.8825,0.23250126496879744,39,29,53,0.3603238866396761,0.12550607287449392,0.44129554655870445,0
17,20,99,4217.0,7597.0,5915.0,287,0.05119644526460197,0.09223130061066663,0.07181099685561315,14.591695501730104,18.9925,0.6035098459340884,32,29,64,0.3797909407665505,0.2787456445993031,0.2961672473867596,0
14,17,82,3989.0,5467.0,5879.0,283,0.049807089612805756,0.06826155901559515,0.07340583600744172,20.352040816326532,18.91695501730104,0.874330755502677,35,42,64,0.3498233215547703,0.46996466431095407,0.5229681978798587,0
12,15,101,3083.0,8036.0,9359.0,295,0.035426601551278365,0.0923412812410227,0.10754380925021545,21.40972222222222,35.715555555555554,0.9174590726399373,62,45,61,0.5423728813559322,0.2542372881355932,0.559322033898305,0
13,16,102,2871.5,6362.0,6226.5,243,0.04862910464190757,0.10774102863723349,0.10544632423919117,16.99112426035503,24.8515625,0.5984717416378316,41,39,61,0.6502057613168725,0.4773662551440329,0.42386831275720166,0
13,17,109,2532.5,7716.5,6052.5,227,0.0491470822255429,0.14975062586116555,0.11745813037318792,14.985207100591715,26.70069204152249,0.5094268159245855,36,39,53,0.28193832599118945,0.5418502202643172,0.4185022026431718,0
13,17,99,4033.0,6313.0,7091.0,287,0.048962595151088396,0.07664291177506101,0.08608821279850429,23.86390532544379,21.844290657439448,0.7234976022854811,46,35,57,0.41114982578397213,0.4843205574912892,0.37282229965156793,0
21,27,108,4823.0,7770.0,6195.0,279,0.06195963566757878,0.09981886152541719,0.0795853085135083,10.936507936507937,10.65843621399177,0.5311213991769548,51,37,56,0.40860215053763443,0.5053763440860215,0.36917562724014336,0
13,16,87,6306.0,4835.0,6339.0,255,0.09697808535178777,0.07435601691657055,0.09748558246828143,37.31360946745562,18.88671875,0.8374950455806579,47,38,51,0.4627450980392157,0.5058823529411764,0.48627450980392156,0
17,19,116,3404.0,5245.0,6374.0,239,0.05959279424379825,0.09182262215297352,0.11158768228847535,11.778546712802768,14.529085872576177,0.47369203329369797,43,35,61,0.4895397489539749,0.2175732217573222,0.4393305439330544,0
12,20,118,4281.0,5825.0,3214.0,247,0.07016997492173285,0.095477716402498,0.05268075202019374,29.729166666666668,14.5625,0.23082447572536627,35,21,43,0.3643724696356275,0.15789473684210525,0.242914979757085,0
20,24,95,3905.5,6377.0,7549.0,283,0.04876449949431258,0.07962391839079025,0.09425763837730525,9.76375,11.071180555555555,0.8364542936288089,34,32,59,0.42402826855123676,0.5053003533568905,0.4028268551236749,0
23,24,82,5106.5,4168.5,5219.0,311,0.052796186970771604,0.04309818963823782,0.0539593263096949,9.6531190926276,7.236979166666667,0.7761748958953004,42,33,49,0.3729903536977492,0.18006430868167203,0.3504823151125402,0
18,19,96,3073.0,5318.0,4610.0,219,0.06407289255853714,0.11088175809511895,0.09611976397489627,9.484567901234568,14.731301939058172,0.5002170138888888,32,35,48,0.3698630136986301,0.3424657534246575,0.3744292237442922,1
17,22,89,3623.5,5926.0,4639.0,287,0.043991064599545944,0.07194454224283407,0.05631973193798638,12.538062283737025,12.243801652892563,0.5856583764676178,32,28,50,0.28222996515679444,0.3170731707317073,0.4146341463414634,0
14,16,86,1986.0,3351.5,3893.0,215,0.042963764196863166,0.07250405624661979,0.08421849648458626,10.13265306122449,13.091796875,0.5263656030286642,29,35,43,0.5767441860465117,0.44651162790697674,0.5116279069767442,0
16,23,72,6352.5,4766.0,9913.0,231,0.11904761904761904,0.08931616723824516,0.1857723805775754,24.814453125,9.00945179584121,1.912229938271605,39,32,57,0.5281385281385281,0.354978354978355,0.5887445887445888,1
22,24,109,17882.0,12863.0,17984.0,319,0.1757254743958884,0.1264040251176777,0.17672782303633022,36.946280991735534,22.33159722222222,1.5136772998905816,97,95,95,0.5736677115987461,0.29780564263322884,0.29780564263322884,1
22,23,132,16578.5,15184.5,13754.0,279,0.21297902133836924,0.19507072108528925,0.17669351627034596,34.25309917355372,28.704158790170133,0.7893709825528007,89,90,89,0.7204301075268817,0.6559139784946236,0.5304659498207885,0
20,20,78,4421.0,5882.5,6388.0,263,0.0639159160895777,0.0850453237722101,0.09235351096589513,11.0525,14.70625,1.0499671268902038,48,41,55,0.27756653992395436,0.49049429657794674,0.49809885931558934,0
16,18,92,6087.0,9010.0,5292.0,279,0.07819786487840598,0.11574876992844388,0.06798473812001388,23.77734375,27.808641975308642,0.6252362948960303,34,45,54,0.3942652329749104,0.5483870967741935,0.4731182795698925,0
19,22,117,2763.0,7599.0,5015.0,251,0.04385644672306789,0.12061713306137997,0.0796019110807765,7.653739612188366,15.700413223140496,0.3663525458397253,32,34,46,0.47410358565737054,0.22310756972111553,0.4940239043824701,0
13,17,112,4909.0,4541.0,3507.0,239,0.08594037219236358,0.0794979079497908,0.061395983963866176,29.047337278106507,15.71280276816609,0.27957589285714285,39,35,41,0.401673640167364,0.25523012552301255,0.26778242677824265,0
27,18,82,7999.0,8617.0,5577.0,311,0.08270179175153276,0.08909130385335139,0.05766069416155747,10.972565157750344,26.59567901234568,0.8294170136823319,54,36,51,0.4115755627009646,0.31511254019292606,0.2604501607717042,0
28,25,74,7236.0,6621.0,6135.0,279,0.09295872355185571,0.08505800285196748,0.07881450649400701,9.229591836734693,10.5936,1.1203433162892622,41,38,52,0.43010752688172044,0.44086021505376344,0.35842293906810035,0
15,21,89,4138.0,7551.0,4188.0,263,0.0598244878486027,0.10916740158163339,0.06054735502898698,18.391111111111112,17.122448979591837,0.5287211210705719,43,44,50,0.3840304182509506,0.4448669201520912,0.2813688212927757,0
13,17,84,6715.0,9082.0,5404.0,287,0.08152338865349829,0.1102599278854909,0.06560720659471403,39.73372781065089,31.42560553633218,0.7658730158730159,39,45,59,0.37630662020905925,0.2613240418118467,0.43902439024390244,0
15,16,73,3320.0,7163.5,6238.0,319,0.032625465551635695,0.0703953380961272,0.06130049822623598,14.755555555555556,27.982421875,1.170576093075624,36,28,59,0.31974921630094044,0.15047021943573669,0.2884012539184953,1
17,20,104,2743.5,5050.5,3165.5,231,0.05141395401135661,0.09464777646595829,0.05932235153014374,9.493079584775087,12.62625,0.2926682692307692,31,15,41,0.3333333333333333,0.08225108225108226,0.31601731601731603,1
13,14,95,4812.0,7860.0,3472.0,251,0.07637974000412692,0.12475992444564372,0.05511023634545483,28.473372781065088,40.10204081632653,0.3847091412742382,43,37,48,0.549800796812749,0.4900398406374502,0.4262948207171315,0
14,17,87,7062.0,6305.0,4703.0,327,0.06604382347164942,0.058964359528285125,0.04398245564814036,36.03061224489796,21.81660899653979,0.6213502444180209,47,28,52,0.39755351681957185,0.3577981651376147,0.290519877675841,0
13,16,94,5730.0,3742.0,3461.5,247,0.09392056909636283,0.06133521283745021,0.05673753052828271,33.905325443786985,14.6171875,0.39174966047985516,52,34,33,0.5465587044534413,0.46153846153846156,0.3684210526315789,1
16,19,99,3133.0,5794.0,2490.0,267,0.04394787414608144,0.0812748109806562,0.03492824980010941,12.23828125,16.049861495844876,0.25405570860116317,32,34,42,0.20224719101123595,0.22846441947565543,0.26591760299625467,0
13,19,84,5116.0,4810.0,6012.0,267,0.07176422730014448,0.06747183997531175,0.08433278626436055,30.272189349112427,13.32409972299169,0.8520408163265306,48,36,56,0.5318352059925093,0.1348314606741573,0.6629213483146067,0
17,24,95,4467.0,6244.0,4828.5,283,0.05577544981208406,0.07796326586672327,0.06028917828915332,15.456747404844291,10.840277777777779,0.5350138504155124,54,40,59,0.42402826855123676,0.2756183745583039,0.45936395759717313,1
13,22,91,4408.5,8560.5,3625.0,283,0.05504501242367866,0.10688733783665672,0.04526214586272771,26.085798816568047,17.68698347107438,0.4377490641226905,38,38,53,0.35335689045936397,0.49469964664310956,0.31095406360424027,0
14,17,100,3667.0,8692.0,4693.0,271,0.04993123731975327,0.11835350825832981,0.06390163532631636,18.709183673469386,30.07612456747405,0.4693,46,28,39,0.5940959409594095,0.34686346863468637,0.1992619926199262,0
13,16,55,7388.0,3611.0,4955.0,263,0.10681085457358065,0.05220546776735243,0.07163613757608177,43.71597633136095,14.10546875,1.6380165289256199,43,34,58,0.3612167300380228,0.20912547528517111,0.2737642585551331,0
15,17,117,3586.5,8723.5,5713.5,319,0.03524434704847633,0.08572537612641386,0.05614626428592486,15.94,30.185121107266436,0.41737891737891736,42,32,60,0.335423197492163,0.28213166144200624,0.329153605015674,0
17,18,106,5604.5,5651.0,5795.0,263,0.08102618224927352,0.0816984487270309,0.0837803062065376,19.39273356401384,17.441358024691358,0.5157529369882521,0,40,55,0.0,0.3916349809885932,0.21673003802281368,1
16,18,112,5770.0,6836.0,5318.0,287,0.07005062584224647,0.08299238791292841,0.06456312447644139,22.5390625,21.098765432098766,0.4239477040816326,35,21,55,0.49825783972125437,0.14285714285714285,0.3797909407665505,1
14,18,82,5741.0,5244.0,4665.0,243,0.09722433910819828,0.08880760046740842,0.07900218462632728,29.290816326530614,16.185185185185187,0.6937834622248662,33,33,55,0.3786008230452675,0.32098765432098764,0.43621399176954734,1
13,15,85,3496.0,5015.5,4902.5,207,0.08158883521202362,0.11705057294219234,0.11441340521365727,20.68639053254438,22.29111111111111,0.6785467128027681,35,38,57,0.4251207729468599,0.7294685990338164,0.28502415458937197,0
12,15,105,5471.0,6497.0,5999.0,271,0.0744951729960104,0.08846557100257349,0.08168461758418322,37.99305555555556,28.875555555555554,0.5441269841269841,28,30,58,0.1033210332103321,0.3948339483394834,0.3948339483394834,0
15,18,77,3860.5,8473.0,3897.0,235,0.06990493435943866,0.15342688999547308,0.07056586690810321,17.157777777777778,26.151234567901234,0.6572777871479171,30,42,51,0.3574468085106383,0.37446808510638296,0.3702127659574468,0
15,16,136,3288.0,5667.5,2815.5,239,0.05756201747168292,0.09921920134451427,0.0492901034645752,14.613333333333333,22.138671875,0.15222210207612458,31,34,38,0.34309623430962344,0.23430962343096234,0.39748953974895396,0
13,19,69,2725.5,4133.5,5590.5,255,0.04191464821222607,0.06356785851595541,0.08597462514417532,16.12721893491124,11.450138504155124,1.1742281033396345,23,23,61,0.19607843137254902,0.19215686274509805,0.4235294117647059,1
14,18,108,3974.0,4280.0,2578.0,227,0.07712162083486969,0.08306002445225019,0.05003008014904229,20.275510204081634,13.209876543209877,0.22102194787379972,35,27,39,0.6079295154185022,0.5330396475770925,0.18502202643171806,1
13,21,161,4578.0,4955.0,3638.0,319,0.04498776545041814,0.048692524641070746,0.0357504348424249,27.088757396449704,11.235827664399093,0.14034952355233207,33,30,37,0.20689655172413793,0.11598746081504702,0.12225705329153605,0
16,15,111,3378.0,5044.0,4012.0,219,0.07043222618377432,0.10516878296949606,0.0836513000145952,13.1953125,22.41777777777778,0.3256229202175148,29,32,49,0.3515981735159817,0.3881278538812785,0.3698630136986301,0
17,20,117,4089.5,5523.5,5997.5,415,0.023745100885469588,0.03207141820293221,0.03482363187690521,14.150519031141869,13.80875,0.43812550222806634,34,41,58,0.1783132530120482,0.17590361445783131,0.20963855421686747,0
10,17,84,5706.5,5702.0,5823.5,259,0.08506879742400977,0.08500171434534369,0.08681295746932813,57.065,19.730103806228374,0.8253259637188208,43,58,60,0.4555984555984556,0.32432432432432434,0.23166023166023167,0
13,16,121,5672.0,6085.5,5357.0,295,0.06517667336972134,0.06992818155702385,0.061557023843723066,33.562130177514796,23.771484375,0.36589030803906836,42,35,55,0.4101694915254237,0.2677966101694915,0.31864406779661014,0
14,19,96,5309.5,9866.0,6292.5,287,0.06445993031358885,0.11977807184741833,0.0763940317352402,27.089285714285715,27.329639889196677,0.6827799479166666,39,42,62,0.37282229965156793,0.3205574912891986,0.42160278745644597,0
13,19,109,4898.0,4769.0,4187.0,295,0.05628267739155415,0.05480034472852629,0.048112611318586615,28.98224852071006,13.210526315789474,0.3524114131807087,30,34,53,0.19661016949152543,0.18983050847457628,0.2711864406779661,1
16,18,117,4021.0,9950.0,5758.0,251,0.06382438373994063,0.1579340010476024,0.09139537467659244,15.70703125,30.709876543209877,0.4206297026809847,30,32,60,0.3386454183266932,0.12749003984063745,0.47410358565737054,0
17,19,117,4408.5,5592.5,4198.5,319,0.04332209785674276,0.054957203643832116,0.04125843889112725,15.254325259515571,15.49168975069252,0.3067061143984221,58,24,58,0.3072100313479624,0.09090909090909091,0.3761755485893417,0
13,17,108,5365.0,9251.0,4595.0,247,0.08793784523594879,0.1516333655690144,0.07531675654411644,31.745562130177515,32.01038062283737,0.3939471879286694,35,51,55,0.659919028340081,0.6680161943319838,0.3441295546558704,0
14,20,121,2867.0,5129.5,2880.5,239,0.050191698324609166,0.08980059872901384,0.05042803872481224,14.627551020408163,12.82375,0.19674202581790862,34,29,24,0.3891213389121339,0.4435146443514644,0.2510460251046025,0
13,17,133,4428.0,6230.0,4598.0,283,0.05528849155314712,0.07778846033787412,0.05741113011774401,26.201183431952664,21.557093425605537,0.25993555316863587,28,38,53,0.2508833922261484,0.3568904593639576,0.2508833922261484,0
15,17,138,3586.0,4321.0,4505.0,307,0.038048149051979334,0.04584664028265552,0.04779891563836221,15.937777777777777,14.951557093425606,0.2365574459147238,33,32,59,0.30944625407166126,0.2247557003257329,0.38436482084690554,0
17,14,111,6759.0,7299.0,6851.0,359,0.052443727159162325,0.05663363878306345,0.05315756395434548,23.387543252595155,37.23979591836735,0.556042529015502,44,43,59,0.40947075208913647,0.3593314763231198,0.28969359331476324,0
15,17,127,5414.0,11700.0,3320.0,275,0.0715900826446281,0.1547107438016529,0.04390082644628099,24.06222222222222,40.484429065743946,0.20584041168082337,35,49,42,0.32,0.4109090909090909,0.3090909090909091,0
13,17,99,3594.5,5506.0,4035.0,271,0.04894405032611212,0.07497174602742337,0.05494206233575251,21.26923076923077,19.05190311418685,0.41169268441995716,46,43,57,0.4317343173431734,0.5904059040590406,0.5313653136531366,1
14,19,120,4040.0,7294.0,4493.0,263,0.05840766817504952,0.10545186427445821,0.06495684482933106,20.612244897959183,20.20498614958449,0.31201388888888887,28,31,53,0.2813688212927757,0.20152091254752852,0.2813688212927757,0
13,17,131,5154.0,6792.0,6682.0,279,0.0662118934751609,0.08725478860754615,0.08584165157179378,30.497041420118343,23.501730103806228,0.3893712487617272,36,32,60,0.3225806451612903,0.3548387096774194,0.4229390681003584,1
16,21,92,2877.0,4684.0,5592.0,231,0.05391578118850846,0.08777946440284103,0.10479563726316973,11.23828125,10.621315192743765,0.6606805293005671,18,31,57,0.07792207792207792,0.2683982683982684,0.46320346320346323,1
17,15,105,18647.0,20498.0,18297.0,351,0.15135429095543057,0.16637851965487294,0.14851340492366133,64.52249134948097,91.10222222222222,1.6595918367346938,143,141,144,0.717948717948718,0.48717948717948717,0.5470085470085471,1
13,20,83,5670.5,6330.0,5939.5,291,0.06696307318052455,0.07475112480957948,0.07013970075932027,33.553254437869825,15.825,0.8621715778777762,40,31,55,0.281786941580756,0.29553264604810997,0.3951890034364261,1
12,19,124,9242.0,14592.0,9983.0,343,0.0785557038308868,0.12402995350576715,0.08485409990735153,64.18055555555556,40.421052631578945,0.6492585848074922,101,100,100,0.4139941690962099,0.5131195335276968,0.5685131195335277,1
13,18,140,125045.5,142517.5,113101.5,655,0.29146436687838706,0.33218926635976925,0.263624497406911,739.9142011834319,439.8688271604938,5.770484693877551,370,356,350,0.6610687022900763,0.6091603053435114,0.6809160305343511,1
13,16,92,74185.0,86140.0,75481.0,535,0.2591842082277928,0.3009520482138178,0.26371211459516114,438.96449704142015,336.484375,8.91788752362949,298,297,294,0.7233644859813084,0.6990654205607477,0.7644859813084112,1
18,22,108,55437.5,59340.0,57221.0,455,0.26778166888057,0.2866320492694119,0.27639657046250454,171.1033950617284,122.60330578512396,4.905778463648834,249,240,242,0.7384615384615385,0.5846153846153846,0.6637362637362637,1
19,22,115,106733.0,113586.0,91647.0,679,0.2315043564455222,0.2463685442292551,0.19878275467908493,295.65927977839334,234.6818181818182,6.929829867674858,346,310,312,0.6229749631811488,0.5670103092783505,0.6421207658321061,1
13,20,134,128825.0,115299.5,98044.5,623,0.33191284341030947,0.29706489337307956,0.2526080246515978,762.2781065088758,288.24875,5.460263978614391,369,324,326,0.6629213483146067,0.6067415730337079,0.8138041733547352,1
13,19,87,95573.5,100490.0,75444.5,575,0.2890691871455577,0.3039395085066163,0.2281875236294896,565.5236686390532,278.3656509695291,9.967565068040692,337,297,296,0.7617391304347826,0.64,0.7269565217391304,1
13,19,102,43768.0,47903.0,35359.0,479,0.1907592801635279,0.2087813424802019,0.15410933529752746,258.9822485207101,132.69529085872577,3.3985966935793925,233,201,196,0.5845511482254697,0.6304801670146137,0.7473903966597077,1
19,30,109,87231.0,82069.0,63475.0,559,0.27915617269529985,0.2626367683155136,0.20313235044690717,241.63711911357342,91.18777777777778,5.34256375725949,311,274,270,0.6958855098389982,0.6440071556350626,0.7817531305903399,1
13,21,124,79343.5,80300.0,56002.0,527,0.2856867665962143,0.28913077136345144,0.20164260844204243,469.4881656804734,182.08616780045352,3.6421696149843914,296,258,252,0.7039848197343453,0.6717267552182163,0.7988614800759013,1
19,22,97,48255.0,49974.5,36122.0,551,0.15894216422212049,0.1646058478068254,0.11897852773870969,133.67036011080333,103.25309917355372,3.839090232755872,232,187,188,0.6134301270417423,0.5245009074410163,0.6206896551724138,1
14,20,165,11858.5,15558.5,11480.5,367,0.0880435670322001,0.1155142587739162,0.08523710176777613,60.50255102040816,38.89625,0.4216896235078053,119,88,97,0.6130790190735694,0.4196185286103542,0.555858310626703,1
15,20,129,15166.0,18953.0,13201.0,399,0.09526322070841263,0.11905075973140872,0.08292033341499111,67.40444444444445,47.3825,0.7932816537467701,116,85,107,0.39849624060150374,0.39097744360902253,0.5213032581453634,1
13,26,143,18350.0,18047.0,17751.0,415,0.10654666860211932,0.10478734213964291,0.10306866018290027,108.57988165680473,26.69674556213018,0.8680620079221478,131,85,135,0.6096385542168675,0.472289156626506,0.5325301204819277,1
24,31,130,3798.0,7227.0,9508.0,295,0.04364263142775065,0.08304510198218902,0.10925596093076702,6.59375,7.520291363163372,0.562603550295858,19,37,91,0.12203389830508475,0.3559322033898305,0.45084745762711864,1
19,29,112,2125.0,5515.0,7182.0,227,0.04123891400958683,0.10702711094723359,0.1393778260785189,5.886426592797784,6.557669441141498,0.5725446428571429,29,29,73,0.5506607929515418,0.5022026431718062,0.5022026431718062,1
28,29,112,4550.0,6102.5,10290.0,271,0.06195449408368622,0.08309391211993301,0.14011247123541345,5.803571428571429,7.256242568370987,0.8203125,52,24,87,0.2730627306273063,0.34686346863468637,0.43911439114391143,1
19,22,74,10356.5,4403.5,5878.5,287,0.12573298206849665,0.053460646602483945,0.07136786897983464,28.68836565096953,9.098140495867769,1.0735025566106646,51,25,69,0.5296167247386759,0.1254355400696864,0.41114982578397213,1
21,25,130,1751.5,6258.5,5115.5,263,0.025322037328861194,0.09048128496869985,0.0739565412251153,3.9716553287981857,10.0136,0.3026923076923077,0,32,69,0.0,0.34600760456273766,0.4144486692015209,1
18,21,95,3080.5,4033.5,5608.0,263,0.04453584698347526,0.05831369544159956,0.08107678295190042,9.507716049382717,9.146258503401361,0.6213850415512465,19,39,73,0.14068441064638784,0.3688212927756654,0.3231939163498099,1
13,19,92,4065.0,5294.0,9458.0,271,0.055350553505535055,0.07208507509429338,0.12878364946011084,24.05325443786982,14.664819944598339,1.117438563327032,36,32,92,0.3874538745387454,0.2177121771217712,0.5055350553505535,1
15,21,118,3810.0,8064.0,4829.0,299,0.042616972964508226,0.09020033332960481,0.054015055760002685,16.933333333333334,18.285714285714285,0.3468112611318587,30,33,67,0.3110367892976589,0.4013377926421405,0.34782608695652173,1
22,22,100,3677.0,5337.0,11136.0,383,0.025066637580186655,0.03638309621034979,0.07591571283463655,7.597107438016529,11.026859504132231,1.1136,35,30,97,0.36553524804177545,0.26370757180156656,0.25326370757180156,1
15,19,123,4043.0,7800.0,10511.0,307,0.04289700686479432,0.08275949877452281,0.11152372969474478,17.968888888888888,21.606648199445985,0.6947584109987441,39,35,99,0.38436482084690554,0.43973941368078173,0.3257328990228013,1
22,25,81,5184.0,7551.0,15499.0,275,0.06854876033057851,0.09984793388429752,0.20494545454545454,10.710743801652892,12.0816,2.3622923334857493,37,38,113,0.36727272727272725,0.2,0.41454545454545455,1
15,24,97,5496.0,7973.0,11796.0,355,0.04361039476294386,0.06326522515373934,0.0936004760960127,24.426666666666666,13.84201388888889,1.253693272398767,39,36,104,0.23098591549295774,0.24225352112676057,0.3464788732394366,1
20,19,112,5378.0,7638.0,10248.0,287,0.06529155386128277,0.09272906069030824,0.12441573893090847,13.445,21.157894736842106,0.8169642857142857,36,30,95,0.313588850174216,0.2961672473867596,0.43902439024390244,1
23,18,96,5370.0,7342.0,13268.0,391,0.03512535893930573,0.048024280322603856,0.0867864548243405,10.151228733459357,22.660493827160494,1.4396701388888888,39,37,106,0.3273657289002558,0.1534526854219949,0.3657289002557545,1
13,19,91,8169.5,15606.5,30296.5,351,0.06631033839011047,0.12667510815658964,0.24591115331856073,48.34023668639053,43.23130193905817,3.6585557299843012,65,63,161,0.5413105413105413,0.48717948717948717,0.49572649572649574,1
15,22,140,7319.5,15293.0,25523.5,319,0.07192834189915587,0.15028350743408575,0.2508180933756547,32.53111111111111,31.59710743801653,1.302219387755102,65,64,161,0.6489028213166145,0.6144200626959248,0.6739811912225705,1
16,17,100,8379.0,10455.0,21496.0,335,0.07466250835375363,0.09316106036979283,0.1915437736689686,32.73046875,36.1764705882353,2.1496,52,52,131,0.5582089552238806,0.19402985074626866,0.5761194029850746,1
16,27,106,7093.0,9249.0,21396.5,367,0.052662058519997924,0.0686693048430087,0.1588585556355753,27.70703125,12.687242798353909,1.9042808828764686,47,42,129,0.4223433242506812,0.2016348773841962,0.4332425068119891,1
13,22,120,2291.5,6939.0,11605.0,319,0.02251845009384735,0.06818918839240967,0.11404172521889526,13.559171597633137,14.336776859504132,0.8059027777777777,36,25,92,0.4169278996865204,0.11912225705329153,0.3573667711598746,1
12,21,107,4048.0,8132.0,13762.0,367,0.030054421667693725,0.06037612574152306,0.1021761242566208,28.11111111111111,18.439909297052154,1.2020263778495939,39,32,101,0.36239782016348776,0.2452316076294278,0.46321525885558584,1
15,19,88,1998.0,5912.5,7357.5,295,0.02295891985061764,0.06794024705544384,0.08454467107153117,8.88,16.378116343490305,0.9500903925619835,33,29,72,0.33559322033898303,0.42033898305084744,0.33559322033898303,1
13,22,80,2893.5,6433.0,10810.0,307,0.030700590987702787,0.06825536610468015,0.11469617714776814,17.12130177514793,13.291322314049587,1.6890625,30,21,90,0.16612377850162866,0.18892508143322476,0.3811074918566775,1
18,20,127,3314.0,6295.0,8437.0,231,0.06210528288450366,0.1179700530349881,0.15811172954030098,10.228395061728396,15.7375,0.5230950461900924,28,26,77,0.4025974025974026,0.20346320346320346,0.36363636363636365,1
13,18,98,3337.5,7154.0,18577.5,319,0.03279743713210365,0.07030198209530174,0.18256011635105787,19.74852071005917,22.080246913580247,1.9343502707205331,47,46,116,0.542319749216301,0.5047021943573667,0.3824451410658307,1
13,19,109,3038.0,7938.0,17424.0,315,0.030617283950617285,0.08,0.17560090702947845,17.976331360946745,21.98891966759003,1.4665432202676543,36,32,107,0.326984126984127,0.273015873015873,0.47619047619047616,1
13,19,97,2994.0,5077.0,8881.0,287,0.03634862630358509,0.06163726644732848,0.10781968944627227,17.715976331360945,14.063711911357341,0.9438835157827612,41,34,80,0.32752613240418116,0.21951219512195122,0.397212543554007,1
15,18,87,5072.5,7638.5,18341.5,271,0.06906904862406557,0.10400866001279939,0.2497446930188859,22.544444444444444,23.575617283950617,2.423239529660457,38,30,112,0.44649446494464945,0.3284132841328413,0.5276752767527675,1
18,18,78,7893.5,14882.0,28960.0,415,0.04583248657279721,0.08641021919001307,0.16815212657860357,24.362654320987655,45.9320987654321,4.760026298487837,75,61,162,0.3036144578313253,0.3036144578313253,0.5951807228915663,1
13,21,115,3601.0,8648.5,12779.5,335,0.032087324571173984,0.07706393406103809,0.11387391401202941,21.307692307692307,19.61111111111111,0.9663137996219282,59,39,108,0.46567164179104475,0.37910447761194027,0.43283582089552236,1
13,18,90,4032.0,6910.0,13949.0,391,0.026373453862808326,0.04519855312301725,0.09124089978479995,23.857988165680474,21.32716049382716,1.7220987654320987,44,34,107,0.23017902813299232,0.2608695652173913,0.4117647058823529,1
13,18,92,3864.0,8678.0,10936.0,291,0.045630070499876,0.10247871423341717,0.1291434914561708,22.86390532544379,26.78395061728395,1.2920604914933838,31,29,94,0.4639175257731959,0.2508591065292096,0.4054982817869416,1
13,18,115,4065.0,6173.0,10555.0,263,0.05876910176524165,0.08924518209024274,0.1525972617791207,24.05325443786982,19.05246913580247,0.7981096408317581,49,31,92,0.5703422053231939,0.20912547528517111,0.49429657794676807,1
15,19,107,5864.0,7664.0,9086.0,391,0.03835663032031449,0.05013049365192535,0.059431845683897935,26.06222222222222,21.229916897506925,0.7936064285090401,44,29,89,0.38107416879795397,0.28388746803069054,0.2710997442455243,1
18,20,108,2770.0,7148.0,7265.0,243,0.046910193229351894,0.12105200765465969,0.12303341292824603,8.549382716049383,17.87,0.6228566529492455,33,31,80,0.5720164609053497,0.4279835390946502,0.5308641975308642,1
13,19,84,2331.5,8076.5,14523.0,271,0.03174657207826691,0.10997263109162457,0.1977505752917308,13.79585798816568,22.372576177285318,2.058248299319728,38,30,104,0.33210332103321033,0.22878228782287824,0.5166051660516605,1
18,16,88,3242.5,7714.0,14129.5,327,0.030323859757409123,0.07214132742286938,0.13213908294288734,10.007716049382717,30.1328125,1.8245738636363635,36,38,104,0.3669724770642202,0.3058103975535168,0.3944954128440367,1
13,19,116,4095.0,6424.0,10512.0,239,0.07168992139493356,0.1124630171040423,0.18403039162479648,24.23076923076923,17.79501385041551,0.7812128418549346,36,27,89,0.5146443514644351,0.3305439330543933,0.4811715481171548,1
15,18,89,2535.0,5400.0,10618.0,283,0.03165228683090062,0.06742498969895991,0.1325775075228808,11.266666666666667,16.666666666666668,1.3404873122080545,38,33,101,0.43462897526501765,0.3498233215547703,0.4840989399293286,1
18,26,109,4770.0,7744.0,11101.0,271,0.0649500959954249,0.10544518729320135,0.1511553491918683,14.722222222222221,11.455621301775148,0.9343489605252083,40,30,99,0.5018450184501845,0.34317343173431736,0.5129151291512916,1
13,21,94,4996.0,7343.0,7435.5,255,0.0768319876970396,0.11292579777008843,0.11434832756632064,29.562130177514792,16.650793650793652,0.8415006790402897,32,27,72,0.12549019607843137,0.16862745098039217,0.5294117647058824,1
18,20,87,2425.0,5554.5,6177.5,239,0.04245373855499729,0.09724094466133296,0.10814761646329721,7.484567901234568,13.88625,0.8161580129475492,38,31,69,0.4309623430962343,0.27615062761506276,0.2928870292887029,1
13,18,71,3191.0,6816.5,11146.0,303,0.034756941040638714,0.07424653356424751,0.12140421962988378,18.881656804733726,21.03858024691358,2.2110692322951797,30,31,82,0.09900990099009901,0.1188118811881188,0.41914191419141916,1
13,21,93,5930.5,6885.5,5383.0,379,0.04128695845893582,0.04793547803203821,0.03747537263037712,35.09171597633136,15.613378684807257,0.6223840906463175,52,37,60,0.32981530343007914,0.158311345646438,0.28232189973614774,1
15,22,105,2818.0,8729.0,11704.0,343,0.023952604782021096,0.07419527577794967,0.09948235854108407,12.524444444444445,18.035123966942148,1.0615873015873016,30,28,97,0.32653061224489793,0.16326530612244897,0.358600583090379,1
18,20,130,5465.5,6252.5,10596.5,299,0.061134662923233524,0.06993769644634848,0.11852775696021298,16.868827160493826,15.63125,0.6270118343195267,40,28,81,0.44481605351170567,0.36454849498327757,0.42474916387959866,1
13,19,85,3511.0,7698.0,11217.0,283,0.04383872941352745,0.0961180686486284,0.14005668693578394,20.775147928994084,21.32409972299169,1.5525259515570935,31,33,92,0.44876325088339225,0.3568904593639576,0.3568904593639576,1
18,19,106,3864.0,10263.0,12396.0,259,0.0576020035479495,0.15299414141112982,0.1847915206988566,11.925925925925926,28.429362880886426,1.1032395870416518,42,22,96,0.555984555984556,0.3552123552123552,0.43243243243243246,1
13,21,85,6778.5,5382.5,8109.5,279,0.08708135815315836,0.06914736449942832,0.104180316285762,40.1094674556213,12.205215419501133,1.1224221453287198,36,30,79,0.4659498207885305,0.3118279569892473,0.2831541218637993,1
15,22,127,3153.0,7605.0,10919.0,299,0.035268061878502475,0.08506616257088846,0.12213509915996465,14.013333333333334,15.712809917355372,0.6769793539587079,39,22,85,0.34782608695652173,0.17725752508361203,0.46488294314381273,1
18,25,83,3240.0,8908.0,12267.0,319,0.03183930975521074,0.08753844793191891,0.12054716443431177,10.0,14.2528,1.7806648279866453,35,45,90,0.4169278996865204,0.47648902821316613,0.4169278996865204,1
13,16,95,3851.5,4789.0,7020.5,311,0.039820721456560626,0.049513549280921415,0.07258506425698659,22.78994082840237,18.70703125,0.7778947368421053,45,32,63,0.4115755627009646,0.15434083601286175,0.33440514469453375,1
13,20,90,4677.0,7732.0,9457.0,311,0.04835557945017111,0.0799412743871548,0.09777607758397866,27.674556213017752,19.33,1.1675308641975308,40,28,79,0.36977491961414793,0.37942122186495175,0.40836012861736337,1
13,19,89,6306.0,6441.0,10199.0,323,0.06044340499765166,0.061737388453833544,0.0977580538488819,37.31360946745562,17.842105263157894,1.2875899507637925,38,30,88,0.4613003095975232,0.2693498452012384,0.4055727554179567,1
18,20,132,6641.0,7373.5,12713.5,311,0.06866140755368534,0.07623473702711923,0.1314450843146783,20.496913580246915,18.43375,0.7296544995408631,6,7,89,0.01929260450160772,0.03215434083601286,0.4212218649517685,1
18,22,112,3326.0,6797.0,14630.0,303,0.0362273851147491,0.07403413608687602,0.15935256892025837,10.265432098765432,14.043388429752065,1.1662946428571428,36,23,104,0.40594059405940597,0.12871287128712872,0.45544554455445546,1
13,21,111,3765.5,7100.5,11267.5,295,0.04326917552427463,0.08159149669635163,0.12947428899741453,22.281065088757398,16.100907029478456,0.9144955766577388,45,2,92,0.31864406779661014,0.006779661016949152,0.43389830508474575,1
13,20,111,2845.5,8379.5,8257.5,279,0.03655528577484873,0.1076489253735178,0.10608162793386519,16.837278106508876,20.94875,0.6701972242512783,35,29,80,0.34408602150537637,0.2831541218637993,0.4050179211469534,1
12,19,87,6936.0,7152.5,8777.0,343,0.058955027242050505,0.06079524687842651,0.07460326904606074,48.166666666666664,19.81301939058172,1.159598361738671,40,37,75,0.3323615160349854,0.30029154518950435,0.3177842565597668,0
13,22,112,5623.0,6190.0,9161.0,275,0.07435371900826446,0.08185123966942148,0.12113719008264463,33.27218934911242,12.789256198347108,0.7303093112244898,32,22,71,0.4581818181818182,0.24727272727272728,0.43272727272727274,1
13,20,100,5315.0,5102.0,7685.0,287,0.06452670300719932,0.061940778691012395,0.093299663708434,31.449704142011836,12.755,0.7685,34,31,74,0.34146341463414637,0.3832752613240418,0.40069686411149824,1
18,22,116,4793.0,7685.0,7701.0,319,0.047100559153310205,0.07552009119407238,0.07567732235335738,14.79320987654321,15.87809917355372,0.5723097502972652,33,28,81,0.3448275862068966,0.2507836990595611,0.335423197492163,1
13,22,153,4705.0,6004.0,8443.0,311,0.04864507190785869,0.062075454141293,0.08729231500915002,27.840236686390533,12.40495867768595,0.3606732453329916,31,31,68,0.33440514469453375,0.3247588424437299,0.28938906752411575,1
13,20,127,4193.0,5783.0,8076.0,323,0.04019016764274554,0.05543041723777665,0.07740896586759194,24.810650887573964,14.4575,0.5007130014260028,28,27,78,0.3498452012383901,0.33746130030959753,0.4055727554179567,1
13,21,113,4152.0,5003.0,7546.0,335,0.03699710403207841,0.04458008465137001,0.06723991980396525,24.568047337278106,11.344671201814059,0.5909624872738664,30,34,78,0.32238805970149254,0.3253731343283582,0.3641791044776119,1
13,17,101,2088.0,3343.0,10046.0,331,0.019057876434132582,0.030512682432617445,0.09169321200062065,12.355029585798816,11.567474048442907,0.9848054112341927,33,30,88,0.24169184290030213,0.3806646525679758,0.44410876132930516,1
18,20,122,2530.0,5784.0,9921.5,275,0.03345454545454545,0.07648264462809917,0.13119338842975206,7.808641975308642,14.46,0.666588282719699,33,24,80,0.4254545454545455,0.16363636363636364,0.29454545454545455,1
13,22,142,7838.0,5262.5,12003.5,271,0.10672512629185332,0.07165615936602171,0.16344412521615992,46.37869822485207,10.87293388429752,0.5952935925411624,30,28,82,0.33210332103321033,0.25092250922509224,0.3025830258302583,1
18,19,98,7276.0,6274.0,14261.0,359,0.056455179584267656,0.04868056579325114,0.1106524623489886,22.45679012345679,17.37950138504155,1.484902124114952,41,40,98,0.4178272980501393,0.34540389972144847,0.4401114206128134,1
13,18,113,3746.0,5602.0,10026.0,271,0.05100693073351398,0.07627891777072753,0.13651774894132704,22.16568047337278,17.290123456790123,0.7851828647505678,27,37,74,0.33948339483394835,0.2952029520295203,0.34317343173431736,1
13,19,91,4372.0,6687.0,11474.0,299,0.048903256115703404,0.07479782105345578,0.1283430834107001,25.869822485207102,18.52354570637119,1.3855814515155174,36,37,84,0.2709030100334448,0.12374581939799331,0.3879598662207358,1
13,18,128,3341.0,9716.5,9887.5,295,0.0383912668773341,0.1116518241884516,0.11361677678827924,19.76923076923077,29.989197530864196,0.603485107421875,38,33,79,0.46440677966101696,0.376271186440678,0.30847457627118646,1
18,20,96,2734.0,4640.0,9295.0,279,0.03512287868860883,0.059608689508099846,0.11941007952107502,8.438271604938272,11.6,1.0085720486111112,26,20,80,0.23297491039426524,0.1971326164874552,0.3727598566308244,1
10,19,119,2308.0,5120.0,4735.0,247,0.037830484026946845,0.08392204428854759,0.07761149994263142,23.08,14.182825484764543,0.3343690417343408,34,38,59,0.291497975708502,0.3684210526315789,0.3805668016194332,1
13,22,96,2910.0,6231.5,6801.0,255,0.0447520184544406,0.0958323721645521,0.10459054209919262,17.218934911242602,12.875,0.7379557291666666,32,36,71,0.2901960784313726,0.2823529411764706,0.49019607843137253,1
18,22,85,3008.0,7467.0,8216.0,279,0.03864287457766473,0.09592631132693567,0.1055484898703768,9.283950617283951,15.427685950413224,1.1371626297577855,32,25,82,0.4336917562724014,0.2831541218637993,0.3010752688172043,1
14,21,96,3748.0,6576.5,6674.5,303,0.040823884368634884,0.07163241076582906,0.07269984424184993,19.122448979591837,14.912698412698413,0.7242296006944444,29,25,71,0.1551155115511551,0.29372937293729373,0.28052805280528054,1
20,20,81,3092.0,5794.0,6990.0,283,0.0386070496572563,0.07234451672514328,0.08727790333254255,7.73,14.485,1.0653863740283493,24,35,74,0.27208480565371024,0.19081272084805653,0.34275618374558303,1
15,19,105,4140.5,5300.0,4061.0,311,0.04280869718055024,0.05479678663371967,0.041986745381044445,18.40222222222222,14.681440443213296,0.3683446712018141,40,33,56,0.26688102893890675,0.27009646302250806,0.3311897106109325,1
24,27,112,6058.0,5268.0,7241.0,275,0.08010578512396695,0.0696595041322314,0.09574876033057851,10.51736111111111,7.226337448559671,0.5772480867346939,38,19,67,0.4290909090909091,0.06909090909090909,0.2509090909090909,1
10,18,130,2276.5,6044.5,5741.0,259,0.03393658412963432,0.09010748199937389,0.08558310102711647,22.765,18.655864197530864,0.3397041420118343,37,27,73,0.40540540540540543,0.3281853281853282,0.3745173745173745,1
18,22,122,3690.0,8126.0,4812.0,339,0.03210901401832563,0.07070944387883851,0.04187224267105229,11.38888888888889,16.789256198347108,0.3233001881214727,23,31,62,0.22713864306784662,0.1710914454277286,0.3392330383480826,1
13,18,100,4872.5,6675.5,7462.5,287,0.0591545362939941,0.08104383930847771,0.0905984047396472,28.831360946745562,20.603395061728396,0.74625,42,33,77,0.3797909407665505,0.27526132404181186,0.3902439024390244,1
21,20,139,1511.0,7474.5,8214.0,291,0.01784343595375586,0.08826655330003189,0.09699932688560597,3.4263038548752833,18.68625,0.4251332746752238,27,34,86,0.36082474226804123,0.28865979381443296,0.44673539518900346,1
13,22,117,4168.0,10234.0,8808.0,271,0.0567530398551218,0.1393499543851527,0.11993300744815566,24.662721893491124,21.144628099173552,0.643436335744028,33,39,97,0.44649446494464945,0.33579335793357934,0.36531365313653136,1
18,19,98,2348.0,6516.0,7127.0,219,0.048956443777235674,0.1358603865640833,0.14859990408873877,7.246913580246914,18.049861495844876,0.7420866305705955,18,35,75,0.0821917808219178,0.5068493150684932,0.3698630136986301,1
19,19,117,3767.0,8757.0,10707.5,263,0.05446081337015137,0.12660295797250212,0.15480200667929275,10.434903047091412,24.257617728531855,0.7821973847614874,32,34,94,0.4524714828897338,0.4296577946768061,0.5475285171102662,1
16,18,127,4142.0,6420.0,8850.0,319,0.04070321635990212,0.06308900266310276,0.08696848497951082,16.1796875,19.814814814814813,0.5487010974021949,35,37,84,0.28213166144200624,0.36990595611285265,0.3542319749216301,1
20,25,111,4273.0,6738.5,12603.5,275,0.056502479338842976,0.08910413223140495,0.16665785123966942,10.6825,10.7816,1.0229283337391446,36,33,101,0.29454545454545455,0.29818181818181816,0.4036363636363636,1
15,21,110,3580.0,6127.0,9003.0,295,0.04113760413674231,0.07040505601838552,0.1034530307382936,15.911111111111111,13.893424036281179,0.7440495867768595,32,32,91,0.23389830508474577,0.26101694915254237,0.33559322033898303,1
16,23,100,4484.0,4896.0,5996.0,239,0.07850002626004447,0.08571278514031618,0.10497015108278916,17.515625,9.255198487712665,0.5996,30,26,66,0.4100418410041841,0.3723849372384937,0.5062761506276151,1
18,25,121,4731.0,8652.0,11277.0,275,0.06255867768595041,0.11440661157024794,0.14911735537190082,14.601851851851851,13.8432,0.7702342736151903,37,33,92,0.5636363636363636,0.19272727272727272,0.4036363636363636,1
24,28,134,6054.0,9566.0,13761.0,327,0.05661700754706394,0.08946123128431015,0.12869287097045704,10.510416666666666,12.201530612244898,0.7663733570951214,25,26,99,0.2874617737003058,0.21100917431192662,0.308868501529052,1
13,18,94,5990.0,10244.0,16818.0,271,0.08156207023324846,0.13948611810841355,0.22900014978009559,35.44378698224852,31.617283950617285,1.903349932095971,41,33,112,0.42435424354243545,0.3247232472324723,0.4132841328413284,1
20,23,98,4355.0,10316.0,21327.0,359,0.033790861337202535,0.08004283020771098,0.1654782318572947,10.8875,19.50094517958412,2.220637234485631,50,47,136,0.14763231197771587,0.38440111420612816,0.5376044568245125,1
21,24,115,3028.0,4739.0,12694.0,315,0.030516502897455278,0.04776014109347443,0.12793146888384985,6.866213151927438,8.227430555555555,0.9598487712665407,27,28,103,0.30793650793650795,0.18412698412698414,0.43492063492063493,1
19,20,120,4987.0,5271.0,11275.0,307,0.052913028254941694,0.05592632282570637,0.11962991649778777,13.814404432132964,13.1775,0.7829861111111112,38,28,96,0.43973941368078173,0.23778501628664495,0.34527687296416937,1
15,22,88,5415.5,4922.0,7895.0,299,0.0605753850628069,0.05505531258039619,0.08830997416136285,24.06888888888889,10.169421487603305,1.0194989669421488,48,33,83,0.27424749163879597,0.21739130434782608,0.5016722408026756,1
14,21,73,6885.0,8924.5,12492.0,247,0.11285220213411136,0.14628169614319197,0.20475667524463603,35.12755102040816,20.236961451247165,2.344154625633327,37,21,95,0.5344129554655871,0.1659919028340081,0.631578947368421,1
18,17,114,3754.5,5297.0,7798.5,291,0.044336982321890386,0.06255240254602568,0.09209267722393454,11.587962962962964,18.32871972318339,0.6000692520775623,22,32,71,0.14432989690721648,0.37800687285223367,0.3917525773195876,1
19,20,147,5144.5,6409.0,7320.0,239,0.09006319917368394,0.1122004166593722,0.1281490169990021,14.250692520775623,16.0225,0.3387477439955574,31,18,65,0.2175732217573222,0.1506276150627615,0.3263598326359833,1
19,26,74,3751.0,6295.0,15095.0,303,0.04085656090361511,0.06856626256685075,0.16441743184219412,10.390581717451523,9.312130177514794,2.756574141709277,29,24,104,0.31683168316831684,0.13861386138613863,0.5478547854785478,1
13,18,89,4604.0,6634.0,15474.0,327,0.04305660765554714,0.06204116750367066,0.14471284684229724,27.242603550295858,20.47530864197531,1.953541219542987,26,39,107,0.22018348623853212,0.40672782874617736,0.45871559633027525,1
15,19,104,3336.0,5882.0,10513.0,279,0.042856592284271786,0.07556429131177657,0.13505736051695122,14.826666666666666,16.293628808864266,0.9719859467455622,28,25,85,0.4050179211469534,0.1971326164874552,0.48028673835125446,1
13,17,79,8098.0,11031.0,27783.0,375,0.05758577777777778,0.07844266666666666,0.197568,47.917159763313606,38.16955017301038,4.451690434225284,45,42,144,0.31733333333333336,0.264,0.6,1
14,17,96,6177.0,11562.0,22089.0,323,0.05920693191730008,0.11082249422499976,0.21172444861927173,31.51530612244898,40.00692041522491,2.3968098958333335,50,47,136,0.3715170278637771,0.34365325077399383,0.44272445820433437,1
13,20,89,8705.0,9094.0,16768.0,375,0.06190222222222222,0.06466844444444445,0.11923911111111112,51.50887573964497,22.735,2.1169044312586793,53,38,124,0.4026666666666667,0.36533333333333334,0.49066666666666664,1
13,22,91,8654.5,13288.5,33699.5,455,0.041804129935998066,0.06418790001207583,0.16277985750513224,51.210059171597635,27.455578512396695,4.069496437628306,50,52,157,0.378021978021978,0.21318681318681318,0.4087912087912088,1
13,22,109,7271.0,12830.0,25180.0,351,0.059017378105697196,0.10413876510742608,0.2043814579427115,43.023668639053255,26.50826446280992,2.119350223045198,54,51,133,0.4074074074074074,0.5071225071225072,0.5071225071225072,1
13,21,83,8855.0,7162.0,20008.0,339,0.07705293201416626,0.062321072736923624,0.1741022093438101,52.396449704142015,16.240362811791382,2.904340252576571,38,35,127,0.3746312684365782,0.2743362831858407,0.4365781710914454,1
18,16,78,6955.5,10313.5,21796.5,375,0.049461333333333336,0.07334044444444444,0.15499733333333332,21.46759259259259,40.287109375,3.5825936883629192,40,40,127,0.384,0.3626666666666667,0.408,1
13,21,109,5788.0,8347.0,20502.0,291,0.06835063355416209,0.09856992713831911,0.2421086194069508,34.248520710059175,18.927437641723355,1.7256123221951014,46,46,126,0.3745704467353952,0.5326460481099656,0.5395189003436426,1
13,20,87,5746.0,8952.0,19178.0,311,0.05940798792402891,0.09255487432925631,0.19828165548329732,34.0,22.38,2.533756110450522,46,42,126,0.14790996784565916,0.31511254019292606,0.6109324758842444,1
13,17,68,2979.0,6191.0,11996.0,335,0.026544887502784584,0.0551659612385832,0.10689240365337492,17.62721893491124,21.422145328719722,2.5942906574394464,32,29,101,0.42686567164179107,0.29850746268656714,0.41492537313432837,1
15,18,84,4900.5,9910.5,10384.5,303,0.05337711989020684,0.1079469333071921,0.11310982583406856,21.78,30.587962962962962,1.4717261904761905,33,30,101,0.37293729372937295,0.24092409240924093,0.36633663366336633,1
18,23,104,5192.0,7633.0,13535.0,271,0.07069620511703271,0.10393376996500592,0.18429759943355892,16.02469135802469,14.429111531190927,1.2513868343195267,38,35,106,0.4981549815498155,0.25092250922509224,0.4944649446494465,1
13,21,97,4021.5,6471.0,9888.5,287,0.048822979518993795,0.07856110915514332,0.12005123286673385,23.79585798816568,14.673469387755102,1.050961845041981,39,37,85,0.313588850174216,0.37630662020905925,0.554006968641115,1
13,23,90,2811.0,8285.0,12917.0,303,0.03061791327647616,0.09024169743707044,0.14069426744654664,16.633136094674555,15.661625708884689,1.5946913580246913,31,31,95,0.31353135313531355,0.3201320132013201,0.36303630363036304,1
13,22,80,2970.0,11661.0,17319.0,331,0.027108186307171347,0.10643385876361114,0.1580763227790911,17.57396449704142,24.09297520661157,2.70609375,30,41,106,0.26586102719033233,0.38368580060422963,0.46827794561933533,1
18,19,98,4104.0,7711.5,12327.0,283,0.05124299217120953,0.0962866311228758,0.15391626815168125,12.666666666666666,21.361495844875346,1.283527696793003,42,35,100,0.2508833922261484,0.4028268551236749,0.5017667844522968,1
15,18,87,6793.0,10876.0,23006.5,259,0.1012656340841669,0.1621323474605328,0.3429659665180901,30.191111111111113,33.5679012345679,3.039569295811864,51,50,141,0.7258687258687259,0.640926640926641,0.803088803088803,1
18,20,82,5469.5,11035.0,24947.5,335,0.04873691245266206,0.09832924927600802,0.22229895299621297,16.881172839506174,27.5875,3.7102171326591313,60,54,151,0.5343283582089552,0.2955223880597015,0.5880597014925373,1
13,19,89,7298.0,13345.0,28124.0,339,0.06350449439179959,0.1161232498847034,0.24472463692449595,43.18343195266272,36.96675900277008,3.550561797752809,60,60,153,0.41002949852507375,0.17699115044247787,0.551622418879056,1
10,20,76,5405.0,7556.0,25722.0,303,0.05887222385604897,0.08230129943687438,0.280168610920498,54.05,18.89,4.45325484764543,56,54,148,0.5313531353135313,0.19141914191419143,0.6270627062706271,1
12,17,83,6918.0,10469.0,30852.0,343,0.058802029766508855,0.08898503174697618,0.2622376730783942,48.041666666666664,36.22491349480969,4.478443896066192,53,53,158,0.5422740524781341,0.41690962099125367,0.565597667638484,1
13,21,73,5616.0,6135.0,24680.0,303,0.061170473482991865,0.06682351403457178,0.2688189611040312,33.23076923076923,13.91156462585034,4.631262901107149,43,43,146,0.49504950495049505,0.5148514851485149,0.6666666666666666,1
13,17,90,3921.0,7752.0,12772.0,351,0.03182604037304892,0.06292156719507147,0.10366798970787575,23.201183431952664,26.823529411764707,1.57679012345679,41,38,110,0.39886039886039887,0.39886039886039887,0.39886039886039887,1
13,18,80,3875.0,8228.0,12088.0,255,0.059592464436755095,0.1265359477124183,0.18589773164167628,22.928994082840237,25.395061728395063,1.88875,40,29,105,0.3411764705882353,0.27450980392156865,0.6823529411764706,1
18,25,86,3786.0,5772.0,9209.0,367,0.02810919971192896,0.04285427911707712,0.06837232439174691,11.685185185185185,9.2352,1.2451325040562466,34,31,89,0.3678474114441417,0.08446866485013624,0.3242506811989101,1
19,20,69,3376.0,11964.0,14446.0,303,0.036771994031086275,0.13031402150116,0.15734840810813755,9.35180055401662,29.91,3.034236504935938,42,46,98,0.35973597359735976,0.36303630363036304,0.6633663366336634,1
20,20,103,4374.0,10943.0,7810.0,295,0.05026141913243321,0.1257454754380925,0.08974432634300489,10.935,27.3575,0.7361674050334621,31,31,82,0.3050847457627119,0.10508474576271186,0.4711864406779661,1
15,23,75,3998.0,10274.0,20925.0,343,0.03398243928975172,0.08732755909527493,0.17785956531717226,17.76888888888889,19.421550094517958,3.72,42,36,126,0.3294460641399417,0.34402332361516036,0.4227405247813411,1
13,18,68,4365.0,9326.0,19843.0,303,0.047544358396235664,0.10158045507521049,0.21613349453757258,25.828402366863905,28.78395061728395,4.291306228373703,55,49,131,0.5676567656765676,0.47854785478547857,0.5544554455445545,1
13,20,109,4440.0,7508.0,16018.0,367,0.03296483009005932,0.05574323070183905,0.11892582170778608,26.272189349112427,18.77,1.3482030132143759,44,39,121,0.4223433242506812,0.3787465940054496,0.4904632152588556,1
15,20,122,3940.5,9547.0,18381.0,299,0.044076688180221694,0.10678851466985828,0.205601727050033,17.513333333333332,23.8675,1.2349502821822091,48,50,129,0.2508361204013378,0.24414715719063546,0.45819397993311034,1
18,26,81,4477.0,5161.0,21608.0,275,0.0592,0.06824462809917356,0.28572561983471073,13.817901234567902,7.634615384615385,3.2934003962810547,49,46,138,0.44363636363636366,0.4036363636363636,0.7163636363636363,1
13,17,110,5120.0,8317.5,17107.0,303,0.05576795303292705,0.09059569323268961,0.18633249463560217,30.29585798816568,28.780276816608996,1.4138016528925619,56,53,130,0.46204620462046203,0.3234323432343234,0.5511551155115512,1
14,19,142,4992.0,6765.0,12138.0,335,0.04448206727556248,0.06028068612163065,0.10815771886834484,25.46938775510204,18.73961218836565,0.6019638960523706,30,1,101,0.08955223880597014,0.0029850746268656717,0.31044776119402984,1
13,20,123,5680.5,9622.5,19518.5,303,0.06187301898506682,0.10480998594908995,0.21259898267054428,33.612426035502956,24.05625,1.2901381452838918,46,42,133,0.36633663366336633,0.15181518151815182,0.5808580858085809,1
13,16,114,2853.0,7489.0,12017.0,299,0.031912394715942774,0.08376863793469871,0.13441684097493317,16.881656804733726,29.25390625,0.9246691289627578,37,35,104,0.25418060200668896,0.3277591973244147,0.47491638795986624,1
18,19,134,5624.0,5195.0,14857.5,267,0.07889015135574913,0.07287239265524835,0.20841223751209864,17.358024691358025,14.390581717451523,0.8274392960570283,39,38,110,0.45318352059925093,0.5355805243445693,0.41198501872659177,1
12,17,98,4494.0,9171.5,15420.0,299,0.05026789409514435,0.10258833793805439,0.17248129215556873,31.208333333333332,31.735294117647058,1.6055810079133694,47,43,118,0.35451505016722407,0.35451505016722407,0.5050167224080268,1
13,16,136,7810.0,7850.0,13889.0,275,0.10327272727272727,0.10380165289256198,0.18365619834710745,46.21301775147929,30.6640625,0.7509191176470589,37,36,114,0.5163636363636364,0.4727272727272727,0.5709090909090909,1
12,16,96,8055.0,13357.0,14903.0,343,0.06846637030488997,0.11353262671165926,0.12667340988873685,55.9375,52.17578125,1.6170789930555556,50,44,119,0.44314868804664725,0.30903790087463556,0.577259475218659,1
13,19,110,8748.0,8664.0,21304.0,359,0.06787656830719811,0.06722480427681349,0.16529977265849893,51.76331360946745,24.0,1.7606611570247934,58,39,127,0.4735376044568245,0.27298050139275765,0.4596100278551532,1
18,19,115,3991.5,6976.5,11477.0,267,0.055990405251862135,0.0978622227833186,0.16099257950034368,12.319444444444445,19.325484764542935,0.8678260869565217,30,31,106,0.20599250936329588,0.24344569288389514,0.41947565543071164,1
13,17,119,3482.5,7604.0,14822.0,267,0.04885045378669921,0.10666442228113734,0.2079142644727798,20.606508875739646,26.311418685121108,1.0466774945272226,43,44,111,0.4044943820224719,0.5543071161048689,0.5093632958801498,1
13,16,121,3106.0,9871.0,18871.0,323,0.029771204554821767,0.09461415330349184,0.18087971704895092,18.37869822485207,38.55859375,1.288914691619425,47,43,122,0.4953560371517028,0.2848297213622291,0.4458204334365325,1
13,22,97,3728.0,7912.0,15004.0,279,0.04789249881168022,0.10164309297157025,0.19275189167662285,22.059171597633135,16.34710743801653,1.5946434265065363,37,35,109,0.3118279569892473,0.45161290322580644,0.5268817204301075,1
18,21,157,2819.0,8303.5,12960.0,279,0.03621484821623566,0.10667257614881617,0.16649323621227888,8.700617283950617,18.828798185941043,0.5257819789849487,43,43,114,0.2831541218637993,0.5412186379928315,0.5483870967741935,1
13,19,102,5424.0,11347.5,17264.0,319,0.05330136299761205,0.11151128624915242,0.16965242086850563,32.094674556213015,31.433518005540165,1.659361783929258,47,47,128,0.3448275862068966,0.45768025078369906,0.5736677115987461,1
20,20,134,3015.0,11265.0,16858.0,303,0.03283991765513185,0.12270038885076627,0.18362034223224302,7.5375,28.1625,0.9388505235018935,45,44,122,0.36633663366336633,0.40924092409240925,0.5478547854785478,1
15,21,85,3864.0,9202.0,21366.0,271,0.052613662667991994,0.1252978581446331,0.2909274111191296,17.173333333333332,20.866213151927436,2.9572318339100345,49,46,134,0.33579335793357934,0.47232472324723246,0.5977859778597786,1
13,19,88,3150.0,8258.0,18003.0,351,0.025567974285923004,0.06702867671528641,0.1461270606569752,18.63905325443787,22.87534626038781,2.324767561983471,36,36,123,0.41595441595441596,0.3247863247863248,0.46438746438746437,1
20,15,136,6563.0,7820.0,16291.5,283,0.08194633470264331,0.09764137397145675,0.20341744808900097,16.4075,34.75555555555555,0.8808120674740484,45,42,119,0.3957597173144876,0.34275618374558303,0.42402826855123676,1
28,30,125,5667.5,7256.5,13118.5,287,0.06880622564314244,0.08809746385169177,0.15926501475069504,7.228954081632653,8.062777777777777,0.839584,27,37,108,0.26480836236933797,0.21602787456445993,0.40418118466898956,1
18,19,90,5254.5,9880.5,16256.0,279,0.06750298685782556,0.1269318225613751,0.2088359604835498,16.21759259259259,27.369806094182824,2.0069135802469136,46,30,121,0.33691756272401435,0.34767025089605735,0.6272401433691757,1
16,21,135,4069.0,8240.0,12867.0,319,0.03998584919566435,0.08097404703177052,0.12644333290749896,15.89453125,18.68480725623583,0.7060082304526749,30,35,104,0.322884012539185,0.109717868338558,0.45768025078369906,1
17,22,136,4443.0,6499.0,14184.0,311,0.04593624962521066,0.06719326723255549,0.146648607851449,15.373702422145328,13.427685950413224,0.7668685121107266,44,43,108,0.5080385852090032,0.3440514469453376,0.5080385852090032,1
15,18,107,6793.0,7333.0,18682.0,319,0.06675445406393413,0.07206100568980257,0.18358703236013796,30.191111111111113,22.632716049382715,1.631758232160014,49,46,128,0.4827586206896552,0.34169278996865204,0.46394984326018807,1
17,17,114,4411.0,7934.0,16542.0,295,0.050686584314852054,0.09116920425165183,0.19008330939385235,15.262975778546712,27.453287197231834,1.2728531855955678,17,30,116,0.0576271186440678,0.24745762711864408,0.559322033898305,1
20,20,98,5479.0,6110.0,13893.0,283,0.06841139232603728,0.07629012723345278,0.17346951516437964,13.6975,15.275,1.4465847563515202,42,41,108,0.4098939929328622,0.45229681978798586,0.5335689045936396,1
18,19,100,2113.0,8759.0,9600.0,295,0.024280379201378915,0.10064923872450446,0.11031312841137604,6.521604938271605,24.263157894736842,0.96,38,25,82,0.36610169491525424,0.2305084745762712,0.34576271186440677,1
