SrcIPF0,DstIPF0,DstPortF0,SrcIPF2,DstIPF2,DstPortF2,Events_F1,SrcIP_BurstIndex,DstIP_BurstIndex,DstPort_BurstIndex,SrcIP_Concentration,DstIP_Concentration,DstPort_Concentration,SrcIP_MaxCount,DstIP_MaxCount,DstPort_MaxCount,SrcIP_FractionOfMass,DstIP_FractionOfMass,DstPort_FractionOfMass,Attack
15,26,12,838.0,638.0,4306.0,115,0.0633648393194707,0.04824196597353497,0.3255954631379962,3.7244444444444444,0.9437869822485208,29.90277777777778,14,12,67,0.3652173913043478,0.2956521739130435,0.7565217391304347,1
15,24,19,537.25,689.75,3875.75,107,0.046925495676478295,0.060245436282644775,0.33852301511049,2.387777777777778,1.1974826388888888,10.736149584487535,12,0,65,0.2803738317757009,0.0,0.7850467289719626,1
15,29,35,25663.0,20029.5,109163.0,471,0.11568195238932388,0.09028763844375025,0.49207765922439944,114.05777777777777,23.81629013079667,89.11265306122449,72,66,299,0.5265392781316348,0.42250530785562634,0.9808917197452229,0
13,21,219,81406.5,51889.5,185829.0,927,0.0947326344159222,0.06038374126789623,0.216248957035082,481.6952662721894,117.66326530612245,3.8745856008006507,98,98,425,0.2750809061488673,0.2912621359223301,0.6763754045307443,0
14,25,75,21100.5,13655.75,33700.5,487,0.08896820410761946,0.05757814048210348,0.14209487749242103,107.65561224489795,21.8492,5.9912,58,70,158,0.12525667351129363,0.1457905544147844,0.5934291581108829,0
15,26,77,6507.5,4325.0,4418.0,255,0.10007689350249904,0.06651287966166859,0.0679430988081507,28.92222222222222,6.39792899408284,0.7451509529431607,33,39,50,0.396078431372549,0.49019607843137253,0.24313725490196078,0
15,24,104,6800.25,6366.75,4458.25,271,0.09259473591045873,0.08669203850710094,0.06070519192276794,30.223333333333333,11.053385416666666,0.41219027366863903,39,45,49,0.5239852398523985,0.43911439114391143,0.25830258302583026,0
14,24,121,6203.0,4547.5,4274.0,239,0.10859403721923636,0.0796117014758145,0.07482362003466325,31.647959183673468,7.894965277777778,0.29191995082303124,40,34,43,0.4560669456066946,0.26778242677824265,0.18410041841004185,0
15,27,109,4547.5,3074.25,3995.5,207,0.10612849774790543,0.07174613176503536,0.09324605008284907,20.211111111111112,4.217078189300412,0.33629324130965405,35,30,48,0.5458937198067633,0.23671497584541062,0.4975845410628019,0
12,21,87,7494.25,3714.75,4576.25,227,0.145437520619457,0.0720904733257001,0.08880921422888083,52.04340277777778,8.423469387755102,0.6046043070418814,36,39,47,0.45374449339207046,0.3920704845814978,0.5462555066079295,0
13,23,97,6570.5,3815.0,4259.5,219,0.13699672650695358,0.07954379600091742,0.0888117428744188,38.87869822485207,7.2117202268431,0.45270485705175895,40,38,48,0.45662100456621,0.5799086757990868,0.2511415525114155,0
18,27,118,6755.0,4240.5,3376.5,239,0.11825773358309553,0.07423714570823339,0.059111360095236425,20.848765432098766,5.816872427983539,0.24249497270899167,48,36,33,0.5564853556485355,0.5774058577405857,0.3305439330543933,0
15,23,100,7000.75,4483.0,3320.25,203,0.16988400592103667,0.10878691547962824,0.08057099177364169,31.114444444444445,8.474480151228734,0.332025,36,35,20,0.6354679802955665,0.458128078817734,0.2512315270935961,1
14,25,90,6139.5,3746.5,3495.75,279,0.0788723166454696,0.048130162767693115,0.044908852661193974,31.323979591836736,5.9944,0.43157407407407405,39,28,25,0.3333333333333333,0.2724014336917563,0.08960573476702509,0
15,24,90,5368.0,3450.75,5019.25,215,0.11612763656030287,0.07465116279069768,0.10858301784748513,23.857777777777777,5.990885416666667,0.6196604938271605,19,19,46,0.16279069767441862,0.2372093023255814,0.40930232558139534,1
13,24,115,6060.0,5969.0,7248.5,255,0.09319492502883506,0.09179546328335256,0.11147251057285659,35.857988165680474,10.362847222222221,0.5480907372400756,49,15,70,0.5411764705882353,0.08235294117647059,0.596078431372549,0
15,27,110,4458.25,2943.75,3798.25,207,0.1040456019977129,0.06870055310508996,0.08864267544166725,19.814444444444444,4.038065843621399,0.313904958677686,40,31,37,0.47342995169082125,0.4106280193236715,0.178743961352657,1
14,25,64,6246.5,4970.5,4200.75,251,0.09914921985365312,0.0788955730861415,0.06667751305534833,31.869897959183675,7.9528,1.02557373046875,43,34,46,0.42231075697211157,0.44223107569721115,0.3426294820717131,0
12,24,123,5852.5,3240.5,3660.5,251,0.09289535086744655,0.05143569149696037,0.05810225234520087,40.642361111111114,5.625868055555555,0.24195254147663428,38,33,43,0.3745019920318725,0.4103585657370518,0.30677290836653387,0
15,25,97,5235.5,3992.0,4350.0,203,0.12704748962605256,0.09687204251498459,0.1055594651653765,23.26888888888889,6.3872,0.4623233074715698,38,29,48,0.4039408866995074,0.5862068965517241,0.4975369458128079,1
14,26,101,5471.5,4207.5,3633.5,247,0.08968348932124769,0.0689652346375125,0.05955678670360111,27.915816326530614,6.224112426035503,0.35619056955200473,42,40,32,0.44129554655870445,0.4089068825910931,0.3441295546558704,0
15,27,67,6267.0,4174.5,4868.5,263,0.09060417238936518,0.06035218089028322,0.07038557735401697,27.85333333333333,5.726337448559671,1.0845399866339942,30,25,44,0.34980988593155893,0.25475285171102663,0.2965779467680608,1
13,18,81,6567.25,5237.25,5450.0,235,0.11891806247170665,0.09483476686283386,0.09868718877320054,38.8594674556213,16.16435185185185,0.8306660570035056,42,31,49,0.4,0.4,0.40425531914893614,1
15,23,89,5712.0,4230.5,5407.5,291,0.06745314769546888,0.04995807796317946,0.06385729974846778,25.386666666666667,7.997164461247637,0.6826789546774397,21,28,37,0.07216494845360824,0.16494845360824742,0.3402061855670103,1
13,24,75,4754.0,3438.5,5047.0,263,0.06873021151093699,0.04971157599502667,0.07296621318798883,28.130177514792898,5.969618055555555,0.8972444444444444,52,28,46,0.19771863117870722,0.3650190114068441,0.3231939163498099,1
15,24,104,4720.5,3691.5,3767.5,231,0.08846348456738067,0.06917973801090684,0.07060399917542774,20.98,6.408854166666667,0.34832655325443784,32,29,32,0.22943722943722944,0.22943722943722944,0.20346320346320346,1
14,29,102,7346.0,5335.5,5397.5,335,0.06545778569837381,0.0475428826019158,0.04809534417464914,37.47959183673469,6.34423305588585,0.5187908496732027,29,35,44,0.3373134328358209,0.29850746268656714,0.2208955223880597,1
15,26,83,4791.75,3046.75,3585.25,207,0.11182874746201778,0.07110434315853345,0.08367173096221615,21.296666666666667,4.507026627218935,0.5204311220786761,30,24,34,0.5169082125603864,0.3140096618357488,0.1642512077294686,0
15,23,74,6255.5,4303.5,4187.5,223,0.12579179150998412,0.08653904160550183,0.08420639868085021,27.802222222222223,8.135160680529301,0.7647005113221329,32,36,46,0.4080717488789238,0.5739910313901345,0.5112107623318386,0
13,20,123,5953.25,4608.5,4158.0,199,0.1503307997272796,0.11637332390596197,0.10499734855180425,35.226331360946745,11.52125,0.27483640690065436,44,40,39,0.5829145728643216,0.5778894472361809,0.5175879396984925,0
13,20,81,5089.25,4133.75,2909.5,191,0.13950412543515803,0.11331240919930922,0.07975384446698282,30.11390532544379,10.334375,0.4434537418076513,29,35,0,0.5916230366492147,0.5916230366492147,0.0,0
15,26,107,5411.5,4042.25,4262.75,243,0.0916442276753205,0.06845585869362733,0.0721900455553862,24.051111111111112,5.9796597633136095,0.3723250938946633,40,31,36,0.37448559670781895,0.35390946502057613,0.4279835390946502,1
16,26,110,4926.0,3599.75,4021.5,223,0.09905688833477448,0.07238733937943655,0.08086830621971083,19.2421875,5.325073964497041,0.3323553719008264,34,26,36,0.484304932735426,0.5336322869955157,0.35874439461883406,1
15,22,102,5191.5,4769.5,4274.0,271,0.07068939693086967,0.06494328780926185,0.0581963753216868,23.073333333333334,9.854338842975206,0.41080353710111495,44,26,30,0.4132841328413284,0.2693726937269373,0.12546125461254612,1
13,20,66,6137.25,3840.0,4976.25,247,0.10059581373240013,0.06294153321641069,0.08156583454900097,36.31508875739645,9.6,1.1423898071625345,28,34,47,0.4089068825910931,0.42105263157894735,0.2631578947368421,1
13,23,95,4511.0,3398.0,5097.0,259,0.0672470595250518,0.05065517806830548,0.07598276710245823,26.692307692307693,6.4234404536862,0.5647645429362881,26,27,48,0.39768339768339767,0.14671814671814673,0.3783783783783784,1
18,25,66,4958.75,4030.25,5069.0,255,0.07625913110342177,0.06198000768935025,0.07795463283352556,15.304783950617283,6.4484,1.163682277318641,28,25,41,0.3686274509803922,0.35294117647058826,0.39215686274509803,1
14,27,67,4889.5,3149.25,4857.5,239,0.08559899161429246,0.05513296335848462,0.08503877733232962,24.946428571428573,4.3199588477366255,1.0820895522388059,40,28,41,0.502092050209205,0.401673640167364,0.41422594142259417,1
15,27,97,5284.0,3762.5,4672.5,251,0.08387168457643529,0.05972127426548785,0.07416548943667561,23.484444444444446,5.161179698216735,0.496599000956531,41,28,28,0.24302788844621515,0.5099601593625498,0.35856573705179284,1
15,26,78,5563.0,4088.5,4639.0,247,0.09118326804241997,0.06701470274877477,0.07603796161222115,24.724444444444444,6.048076923076923,0.7624917817225509,27,31,43,0.27125506072874495,0.25101214574898784,0.17408906882591094,1
13,23,102,5874.0,3574.0,5083.5,283,0.07334340546142416,0.04462535429334865,0.06347313613604864,34.75739644970414,6.7561436672967865,0.4886101499423299,42,33,46,0.303886925795053,0.26501766784452296,0.23674911660777384,1
13,24,91,6068.75,3442.0,4749.0,219,0.1265351014365839,0.07176664373136507,0.09901795208606994,35.90976331360947,5.975694444444445,0.5734814635913537,31,36,46,0.4977168949771689,0.4611872146118721,0.3287671232876712,1
15,25,105,5415.5,3948.5,3891.5,275,0.07160991735537191,0.05221157024793389,0.05145785123966942,24.06888888888889,6.3176,0.35297052154195013,38,25,35,0.32727272727272727,0.18181818181818182,0.3018181818181818,0
15,26,78,4502.5,2578.5,3585.75,211,0.10113205004379955,0.05791648884795939,0.08054064374115585,20.011111111111113,3.8143491124260356,0.5893737672583826,22,0,30,0.36492890995260663,0.0,0.3412322274881517,1
15,30,74,5024.0,3432.0,5664.5,259,0.0748945304929861,0.05116202799600483,0.08444268868979293,22.32888888888889,3.8133333333333335,1.0344229364499635,29,33,42,0.29343629343629346,0.305019305019305,0.3474903474903475,1
13,24,65,7622.25,5320.75,6331.75,279,0.09792076155239526,0.06835408075435824,0.081342094782955,45.10207100591716,9.237413194444445,1.4986390532544378,47,22,28,0.3548387096774194,0.14336917562724014,0.1935483870967742,1
13,23,92,7407.5,5217.5,6537.0,283,0.09249085392500843,0.06514627476931913,0.08162169586335202,43.83136094674556,9.862948960302457,0.7723298676748582,32,39,43,0.40636042402826855,0.30742049469964666,0.3745583038869258,1
15,20,84,5368.5,4344.0,5652.0,231,0.10060718502276944,0.08140776971945803,0.10592005397200202,23.86,10.86,0.8010204081632653,30,32,44,0.5627705627705628,0.46320346320346323,0.49783549783549785,1
14,26,100,8807.25,7672.25,9308.75,359,0.06833629472148726,0.0595297212156951,0.07222748116479544,44.93494897959184,11.34948224852071,0.930875,45,51,68,0.2646239554317549,0.4206128133704735,0.44846796657381616,1
15,27,84,7479.5,7516.0,10264.5,343,0.06357470101743322,0.06388494589839268,0.08724681042762794,33.242222222222225,10.310013717421125,1.4547193877551021,50,13,68,0.27113702623906705,0.037900874635568516,0.40524781341107874,1
15,29,75,7671.0,5669.75,4917.5,323,0.07352701549904629,0.054344908893979624,0.047134545524255,34.093333333333334,6.741676575505351,0.8742222222222222,43,39,39,0.4613003095975232,0.42724458204334365,0.32507739938080493,1
13,24,101,8581.75,4061.0,6757.0,327,0.08025652535794779,0.037978471696172224,0.06319146349446829,50.77958579881657,7.050347222222222,0.6623860405842564,33,31,48,0.18654434250764526,0.24770642201834864,0.4831804281345566,1
14,22,84,8927.75,6477.5,8573.75,307,0.09472514297233924,0.06872751965538096,0.09096913495103397,45.54974489795919,13.383264462809917,1.2151006235827664,77,45,67,0.5667752442996743,0.2768729641693811,0.38762214983713356,1
16,23,90,8864.0,7196.5,9059.0,287,0.1076133011205672,0.08736903446685039,0.10998069662130171,34.625,13.603969754253308,1.118395061728395,44,38,60,0.49825783972125437,0.34494773519163763,0.6062717770034843,1
16,26,81,9580.5,6178.5,9944.0,367,0.07113053033284084,0.045872342953025114,0.07382934018368241,37.423828125,9.139792899408285,1.5156226185032768,61,35,60,0.3923705722070845,0.21798365122615804,0.45776566757493187,1
15,23,91,6240.75,5800.0,5117.25,303,0.0679753618926249,0.06317463429511268,0.05573799954252851,27.736666666666668,10.964083175803403,0.6179507305880932,44,0,41,0.25412541254125415,0.0,0.2871287128712871,1
14,29,74,7387.0,6004.5,10625.0,291,0.08723326366008904,0.0709072873489921,0.12547088485020252,37.68877551020408,7.139714625445897,1.9402848794740686,48,19,66,0.41237113402061853,0.06529209621993128,0.48109965635738833,1
13,21,121,9640.0,7668.5,9712.0,239,0.1687645524413088,0.1342501006635038,0.1700250345757252,57.0414201183432,17.38888888888889,0.6633426678505566,44,41,66,0.6234309623430963,0.3263598326359833,0.7154811715481172,1
13,24,68,6527.5,5417.0,10349.5,263,0.09437031039916725,0.07831543032283249,0.14962627766774134,38.624260355029584,9.40451388888889,2.238213667820069,48,32,61,0.39923954372623577,0.21673003802281368,0.623574144486692,1
18,26,83,7266.5,5144.75,5868.25,315,0.07323255228017132,0.0518493323255228,0.0591408415217939,22.42746913580247,7.610576923076923,0.85182900275802,42,41,56,0.3396825396825397,0.34285714285714286,0.32063492063492066,1
15,28,107,10108.5,8281.0,10285.5,335,0.09007351303185565,0.07378926264201381,0.09165070171530408,44.92666666666667,10.5625,0.8983754039654118,42,50,72,0.18507462686567164,0.2656716417910448,0.5462686567164179,1
15,23,122,8319.5,4813.0,6707.0,367,0.06176822160681273,0.035734172798075566,0.04979619716532159,36.97555555555556,9.098298676748582,0.45061811341037356,46,38,51,0.3188010899182561,0.23433242506811988,0.3978201634877384,0
14,29,78,6711.5,5350.0,8480.25,283,0.08380052191936471,0.06680068423878435,0.10588532757307495,34.24234693877551,6.361474435196195,1.393860946745562,40,24,58,0.27208480565371024,0.14840989399293286,0.4098939929328622,1
13,24,81,8698.5,5067.5,7987.5,311,0.08993393368554915,0.05239296533327819,0.08258289306355393,51.47041420118343,8.797743055555555,1.2174211248285323,40,44,55,0.43086816720257237,0.36012861736334406,0.5080385852090032,1
16,27,83,7441.75,6569.5,10790.25,315,0.07499874023683548,0.06620811287477954,0.10874527588813303,29.0693359375,9.011659807956104,1.5663013499782261,33,44,79,0.35873015873015873,0.33650793650793653,0.3682539682539683,1
18,27,104,9288.0,7165.0,10539.5,287,0.11276086877344632,0.08698660903980866,0.12795469169226287,28.666666666666668,9.828532235939644,0.9744360207100592,48,49,73,0.4843205574912892,0.6236933797909407,0.6480836236933798,1
15,23,95,6804.5,4072.0,6448.5,319,0.0668674639596702,0.04001533003803029,0.06336907066557915,30.24222222222222,7.697542533081285,0.7145152354570637,24,33,46,0.16614420062695925,0.19435736677115986,0.27586206896551724,1
13,22,105,10071.0,7983.0,10263.5,303,0.10969512792863445,0.08695225958239389,0.11179187225653259,59.59171597633136,16.49380165289256,0.9309297052154195,71,48,68,0.6204620462046204,0.15841584158415842,0.6138613861386139,1
13,24,108,7045.0,6464.0,9274.5,315,0.0710002519526329,0.06514487276392038,0.09346938775510204,41.68639053254438,11.222222222222221,0.7951388888888888,51,44,72,0.3333333333333333,0.37142857142857144,0.2634920634920635,1
14,20,121,6295.75,5830.0,6488.0,279,0.08087961357125423,0.07489626289487546,0.0833493917087396,32.121173469387756,14.575,0.44313912984085785,46,27,53,0.5519713261648745,0.16487455197132617,0.3225806451612903,0
18,29,91,6274.25,5647.5,8861.75,295,0.07209709853490376,0.0648951450732548,0.10182993392703246,19.36496913580247,6.715219976218787,1.070130419031518,57,32,65,0.2,0.11186440677966102,0.4067796610169492,1
15,25,87,5649.5,5511.5,7753.0,291,0.06671508366693828,0.0650854382919427,0.09155536661116426,25.108888888888888,8.8184,1.0243096842383406,51,33,57,0.5326460481099656,0.38831615120274915,0.5395189003436426,1
15,24,102,7205.25,7156.0,7528.0,295,0.082795173800632,0.0822292444699799,0.08650387819592072,32.02333333333333,12.42361111111111,0.7235678585159554,52,47,59,0.5830508474576271,0.39661016949152544,0.4271186440677966,0
13,20,93,8058.5,6250.5,8207.0,315,0.08121441169060217,0.06299319727891156,0.08271101033005795,47.68343195266272,15.62625,0.9488958261070644,45,31,61,0.48253968253968255,0.17142857142857143,0.5174603174603175,0
13,28,96,9604.5,7405.5,10867.25,305,0.10324643912926633,0.0796076323568933,0.11682074711099166,56.83136094674556,9.44579081632653,1.1791720920138888,57,53,67,0.4721311475409836,0.5508196721311476,0.6065573770491803,1
14,24,73,9493.5,6681.5,11346.5,303,0.10340489494494004,0.07277608949013713,0.12358810138439587,48.43622448979592,11.59982638888889,2.12919872396322,52,37,72,0.5214521452145214,0.2838283828382838,0.594059405940594,0
19,29,87,5703.75,8229.75,7808.25,251,0.0905342772336947,0.130628878906684,0.12393850891255695,15.799861495844876,9.785671819262783,1.0316091954022988,45,43,60,0.5896414342629482,0.6175298804780877,0.5537848605577689,1
15,24,103,8711.0,7762.0,9562.5,311,0.09006317138987396,0.08025144487753436,0.09886684380848006,38.715555555555554,13.475694444444445,0.9013573381091526,46,38,60,0.45980707395498394,0.4662379421221865,0.4758842443729904,1
13,24,100,7073.0,5948.5,9749.0,315,0.07128243890148651,0.059949609473419,0.0982514487276392,41.85207100591716,10.327256944444445,0.9749,35,37,61,0.4222222222222222,0.28253968253968254,0.3492063492063492,1
14,27,100,12593.5,7824.5,9804.5,347,0.10458935793836009,0.06498268401863648,0.0814266375437052,64.25255102040816,10.733196159122086,0.98045,49,34,62,0.3659942363112392,0.2478386167146974,0.4265129682997118,1
13,24,88,7706.5,6768.5,8708.0,335,0.06867008242370239,0.0603118734684785,0.07759411895745155,45.60059171597633,11.750868055555555,1.12448347107438,44,44,54,0.4626865671641791,0.37910447761194027,0.23582089552238805,1
18,29,94,11304.5,8399.5,10361.0,347,0.09388417809299969,0.0697580745625327,0.08604838508749346,34.89043209876543,9.987514863258026,1.1725894069714804,52,34,78,0.45821325648414984,0.2622478386167147,0.3976945244956772,1
15,25,93,7079.0,4936.5,7641.5,303,0.0771057303750177,0.05376923830996961,0.08323258068381095,31.462222222222223,7.8984,0.8835125448028673,36,39,49,0.30033003300330036,0.2706270627062706,0.5214521452145214,1
14,21,95,8276.25,5010.5,6251.5,267,0.11609434835668897,0.07028433559174627,0.08769235085356787,42.22576530612245,11.361678004535147,0.6926869806094182,37,35,48,0.41947565543071164,0.449438202247191,0.36704119850187267,1
13,24,76,5890.5,4823.75,4680.5,255,0.09058823529411765,0.07418300653594771,0.07198000768935026,34.85502958579882,8.374565972222221,0.8103358725761773,35,36,42,0.3803921568627451,0.30196078431372547,0.4235294117647059,1
13,20,95,7396.5,5675.0,4609.5,239,0.12948827926681955,0.09935050156684933,0.08069711664711753,43.76627218934911,14.1875,0.5107479224376731,38,43,57,0.2803347280334728,0.4309623430962343,0.401673640167364,1
13,24,81,5892.0,4269.0,4405.5,271,0.08022766574529214,0.05812829346005637,0.05998692828256696,34.86390532544379,7.411458333333333,0.6714677640603567,35,33,55,0.4797047970479705,0.5350553505535055,0.34317343173431736,1
18,29,103,6235.25,3946.5,4369.5,271,0.08490148554622078,0.053737013384894,0.0594967388788279,19.244598765432098,4.692627824019025,0.41186728249599397,37,36,48,0.5202952029520295,0.3874538745387454,0.23247232472324722,0
15,26,92,5984.5,4112.0,4545.75,243,0.10134803298955106,0.06963708106826534,0.07698267540517198,26.59777777777778,6.0828402366863905,0.5370687618147448,28,19,44,0.48559670781893005,0.1646090534979424,0.43209876543209874,1
13,24,98,6341.5,4500.5,3325.75,251,0.10065713242646943,0.07143537404168188,0.052788844621513946,37.523668639053255,7.813368055555555,0.3462880049979175,40,33,14,0.5179282868525896,0.398406374501992,0.11553784860557768,1
14,25,143,5278.0,4207.5,5072.0,263,0.0763058595613642,0.060829273229336844,0.07332764677818097,26.928571428571427,6.732,0.24803168859112915,11,23,49,0.04182509505703422,0.08745247148288973,0.4600760456273764,1
13,24,120,4589.5,3980.5,3773.0,283,0.057304998189514164,0.04970095768457591,0.04711009002484736,27.15680473372781,6.910590277777778,0.2620138888888889,34,31,40,0.519434628975265,0.38162544169611307,0.24381625441696114,1
15,27,123,4268.5,3816.5,4313.5,255,0.06564398308342945,0.05869281045751634,0.0663360246059208,18.97111111111111,5.235253772290809,0.28511468041509686,37,31,47,0.4,0.3607843137254902,0.34509803921568627,1
19,29,114,6344.0,5833.5,4742.0,235,0.1148755092802173,0.10563150746944319,0.08586690810321412,17.573407202216067,6.936385255648038,0.3648815020006156,37,34,54,0.4723404255319149,0.3191489361702128,0.30638297872340425,1
13,27,77,8348.25,4624.25,5846.0,279,0.1072474659883609,0.059406353977980754,0.0751018101000758,49.39792899408284,6.343278463648834,0.986001011975038,25,29,50,0.22939068100358423,0.21505376344086022,0.22580645161290322,1
13,23,117,6976.5,5233.5,4217.0,287,0.08469812672243199,0.06353725309278976,0.05119644526460197,41.281065088757394,9.89319470699433,0.3080575644678209,36,8,51,0.42160278745644597,0.027874564459930314,0.20557491289198607,1
14,27,78,5405.75,4282.0,4840.25,279,0.06944605028198507,0.05500957079174214,0.0621812412481854,27.580357142857142,5.873799725651578,0.7955703484549639,28,31,46,0.40860215053763443,0.4910394265232975,0.16487455197132617,1
13,24,91,4995.25,3436.25,3726.5,243,0.08459499737506139,0.05819319548171857,0.06310860471811547,29.557692307692307,5.965711805555555,0.4500060379181258,28,26,0,0.4773662551440329,0.32510288065843623,0.0,1
18,29,75,5507.5,3641.5,4784.5,287,0.06686374728356542,0.04420959341499836,0.058086173196226734,16.998456790123456,4.329964328180737,0.8505777777777778,33,24,55,0.42160278745644597,0.16376306620209058,0.3310104529616725,0
15,24,120,7466.0,5520.5,4656.0,303,0.08132100338746746,0.060130270452787855,0.05071398228931804,33.18222222222222,9.58420138888889,0.3233333333333333,32,28,40,0.37623762376237624,0.40594059405940597,0.2079207920792079,0
13,24,77,7099.5,7253.5,5975.0,243,0.12023065589595082,0.12283865941844908,0.10118714965537097,42.00887573964497,12.592881944444445,1.0077584752909428,31,27,47,0.5185185185185185,0.1111111111111111,0.36213991769547327,1
15,24,109,6809.0,6437.0,5697.5,303,0.07416484222679694,0.07011295188924833,0.06205818601662146,30.26222222222222,11.175347222222221,0.4795471761636226,38,31,46,0.44554455445544555,0.25742574257425743,0.24752475247524752,1
13,21,81,7736.0,7177.5,5243.25,319,0.07602126551429329,0.07053291536050156,0.051525142245064416,45.77514792899408,16.275510204081634,0.799154092363969,29,45,51,0.20689655172413793,0.2413793103448276,0.25391849529780564,0
15,26,117,6484.0,4997.5,4847.5,227,0.12583205573560519,0.09698422247666362,0.09407324031128103,28.817777777777778,7.392751479289941,0.3541164438600336,33,24,40,0.5462555066079295,0.19823788546255505,0.3039647577092511,1
18,24,92,6355.0,6299.5,6310.0,303,0.06921979326645536,0.06861527736932109,0.0687296452417519,19.614197530864196,10.936631944444445,0.7455103969754253,30,27,30,0.2079207920792079,0.24422442244224424,0.18151815181518152,1
14,29,101,7815.0,11579.0,8264.5,291,0.09228752612746662,0.13673669418169365,0.09759568262065871,39.87244897959184,13.768133174791915,0.8101656700323497,56,50,49,0.5120274914089347,0.5979381443298969,0.16838487972508592,1
13,22,74,8663.25,12806.5,12520.25,363,0.06574573685768276,0.09718902017925309,0.09501665793927251,51.26183431952663,26.459710743801654,2.2863860482103724,64,64,62,0.5674931129476584,0.42699724517906334,0.17079889807162535,0
13,24,95,8072.0,9824.25,10602.25,355,0.06405078357468756,0.07795477087879389,0.08412814917675064,47.76331360946745,17.055989583333332,1.174764542936288,68,66,66,0.38028169014084506,0.3408450704225352,0.323943661971831,0
13,24,83,8015.0,7153.0,6754.0,331,0.0731555936875348,0.06528783052363524,0.06164602367630818,47.42603550295858,12.418402777777779,0.9804035418783568,39,33,50,0.3957703927492447,0.19939577039274925,0.1510574018126888,1
18,27,94,4845.5,5190.5,5926.5,267,0.06796981301463059,0.07280926931223611,0.08313344274712789,14.955246913580247,7.12002743484225,0.6707220461747397,26,24,47,0.25842696629213485,0.16104868913857678,0.2883895131086142,1
15,22,118,6869.5,4832.0,5777.5,287,0.08339909431946485,0.05866284645922617,0.07014167951535165,30.531111111111112,9.983471074380166,0.41493105429474286,41,32,45,0.5156794425087108,0.1951219512195122,0.156794425087108,1
13,24,131,7060.0,4090.0,3697.0,295,0.08112611318586613,0.04699798908359667,0.042482045389255964,41.77514792899408,7.100694444444445,0.21543033622749258,36,21,34,0.25084745762711863,0.0711864406779661,0.1152542372881356,0
13,24,71,7698.5,6051.0,6649.5,255,0.11839292579777008,0.09305651672433679,0.10226066897347175,45.553254437869825,10.505208333333334,1.3190835151755604,40,27,57,0.43529411764705883,0.3686274509803922,0.32941176470588235,0
14,27,96,4878.5,3902.0,4614.5,299,0.05456874084182504,0.0436460442276932,0.051615753738772495,24.89030612244898,5.352537722908093,0.5007052951388888,32,32,48,0.25418060200668896,0.2909698996655518,0.22742474916387959,0
15,26,114,4954.5,4248.0,5055.5,255,0.07619377162629758,0.0653287197231834,0.07774702037677816,22.02,6.284023668639053,0.3890043090181594,34,28,51,0.4627450980392157,0.37254901960784315,0.25098039215686274,0
18,23,85,8413.25,7578.25,7473.75,367,0.062464269539457565,0.05626480261936758,0.05548894119044614,25.96682098765432,14.32561436672968,1.0344290657439446,42,40,61,0.35149863760217986,0.2779291553133515,0.23705722070844687,1
15,30,87,5326.0,3712.0,5099.5,243,0.0901962776676997,0.06286304594489323,0.08636048027909024,23.67111111111111,4.124444444444444,0.6737349715946624,35,20,55,0.3991769547325103,0.0823045267489712,0.4773662551440329,0
13,24,132,5446.0,4058.0,5216.75,267,0.07639327245437585,0.05692322798748755,0.07317748881314087,32.22485207100592,7.045138888888889,0.29940025252525254,32,24,56,0.4681647940074906,0.26217228464419473,0.21348314606741572,1
12,22,118,4666.5,4558.0,5182.0,239,0.08169499833686385,0.07979552178708356,0.09071970028535915,32.40625,9.417355371900827,0.3721631715024418,46,30,48,0.4686192468619247,0.40585774058577406,0.41841004184100417,1
13,24,95,4713.5,3914.5,4462.5,271,0.0641807709590011,0.05330128947045928,0.060763061505153794,27.890532544378697,6.796006944444445,0.49445983379501385,37,33,43,0.5166051660516605,0.5129151291512916,0.25092250922509224,1
15,26,115,5370.5,4688.5,4712.0,243,0.09094988907517486,0.0794001591898254,0.07979813375332351,23.86888888888889,6.935650887573964,0.3562948960302457,44,29,6,0.38271604938271603,0.37037037037037035,0.0411522633744856,1
19,25,81,4705.5,4069.0,5363.0,327,0.044005835647953316,0.0380532876955737,0.050154775598761796,13.034626038781163,6.5104,0.8174058832495047,30,32,53,0.26299694189602446,0.09785932721712538,0.1620795107033639,0
13,24,105,3742.0,3149.5,4719.5,315,0.03771227009322248,0.031740992693373646,0.04756361803980851,22.142011834319526,5.467881944444445,0.4280725623582766,29,23,43,0.30793650793650795,0.2857142857142857,0.15873015873015872,0
12,24,104,4765.5,4093.0,5638.5,235,0.08629244001810774,0.07411498415572658,0.10210049796287914,33.09375,7.105902777777778,0.5213110207100592,46,31,58,0.39148936170212767,0.49361702127659574,0.3446808510638298,1
16,29,82,5198.0,3870.0,6510.75,347,0.04316953051682183,0.03214045461717978,0.054071954754212725,20.3046875,4.60166468489893,0.968285246876859,31,30,59,0.1585014409221902,0.16138328530259366,0.2132564841498559,0
15,26,103,3975.0,3325.5,3992.5,283,0.0496322840839566,0.04152255615627614,0.04985079099501804,17.666666666666668,4.919378698224852,0.37633141672165143,23,26,27,0.10600706713780919,0.17314487632508835,0.14840989399293286,1
18,23,104,7600.0,8258.0,10164.5,295,0.08733122665900603,0.09489227233553577,0.11679977018098248,23.45679012345679,15.610586011342155,0.9397651627218935,61,56,63,0.2745762711864407,0.2542372881355932,0.6237288135593221,1
13,24,84,4106.5,2909.5,4882.25,283,0.05127420744421831,0.03632833472761553,0.060960306658842035,24.298816568047336,5.051215277777778,0.6919288548752834,34,26,0,0.3957597173144876,0.24381625441696114,0.0,1
14,29,92,3220.0,2696.0,5367.5,231,0.06034369670733307,0.050523790783531045,0.1005884447442889,16.428571428571427,3.205707491082045,0.634156427221172,21,19,47,0.19047619047619047,0.08225108225108226,0.4155844155844156,1
13,24,105,4359.5,4101.5,4571.0,323,0.04178608057203654,0.03931313441133338,0.043813321320054825,25.79585798816568,7.120659722222222,0.4146031746031746,28,39,42,0.38390092879256965,0.3126934984520124,0.13312693498452013,0
13,20,91,5128.5,4959.5,4737.5,259,0.07645234865312085,0.0739330063654388,0.07062357448457834,30.346153846153847,12.39875,0.5720927424224127,27,37,47,0.33204633204633205,0.2471042471042471,0.3166023166023166,1
15,26,136,4801.0,3634.0,5070.0,227,0.09317083584001241,0.07052339459333579,0.09839119718993189,21.337777777777777,5.375739644970414,0.274113321799308,31,27,44,0.5198237885462555,0.43171806167400884,0.3568281938325991,1
18,28,124,5152.25,3986.25,4724.5,283,0.06433155614379003,0.049772752812496095,0.05899062293198816,15.902006172839506,5.0845025510204085,0.30726456815816855,38,25,42,0.2049469964664311,0.1519434628975265,0.14840989399293286,1
13,20,130,6079.25,6998.25,3417.25,327,0.05685314554517484,0.06544763347641894,0.03195812174433502,35.97189349112426,17.495625,0.20220414201183431,41,41,35,0.4648318042813456,0.2782874617737003,0.19877675840978593,0
14,26,86,4630.5,4941.5,5036.0,263,0.06694472957538782,0.07144096343737802,0.0728071824083043,23.625,7.30991124260355,0.680908599242834,44,30,48,0.2889733840304182,0.11787072243346007,0.42585551330798477,0
14,26,96,5135.0,4761.0,4717.5,227,0.099652622794931,0.09239457392924373,0.09155038910128277,26.198979591836736,7.042899408284024,0.5118815104166666,52,39,48,0.7136563876651982,0.36123348017621143,0.3700440528634361,1
15,27,120,4904.0,3373.75,4699.5,207,0.114448411864921,0.0787357931340288,0.10967583840929776,21.795555555555556,4.627914951989026,0.32635416666666667,36,31,49,0.48792270531400966,0.2753623188405797,0.4975845410628019,1
13,23,95,3910.75,3615.5,3935.75,271,0.05325022807423646,0.0492299941449599,0.05359063738238858,23.140532544378697,6.834593572778828,0.4360941828254848,26,26,40,0.17343173431734318,0.34317343173431736,0.1881918819188192,0
15,22,117,5756.0,3923.5,2904.0,239,0.10076854396806778,0.06868752297753891,0.05083944608812871,25.58222222222222,8.106404958677686,0.2121411352180583,34,25,36,0.3263598326359833,0.28451882845188287,0.2510460251046025,0
14,29,96,4280.5,4170.5,3216.0,227,0.0830697277261348,0.0809350074715209,0.06241145762580295,21.839285714285715,4.9589774078478,0.3489583333333333,35,35,40,0.3436123348017621,0.5550660792951542,0.27312775330396477,0
13,22,83,5624.5,3221.0,3806.0,219,0.11727236713162778,0.06715873313734076,0.07935614353328746,33.281065088757394,6.654958677685951,0.552474960081289,31,30,46,0.2876712328767123,0.1506849315068493,0.3013698630136986,0
18,26,97,5594.25,4605.75,4524.75,235,0.10129923042100498,0.08339972838388411,0.08193300135808058,17.266203703703702,6.813239644970414,0.4808959506855139,33,34,51,0.5914893617021276,0.5148936170212766,0.3404255319148936,0
14,26,91,6153.25,4005.5,4104.75,255,0.09462898885044214,0.06159938485198001,0.06312572087658593,31.394132653061224,5.925295857988166,0.4956828885400314,36,25,50,0.4666666666666667,0.33725490196078434,0.3058823529411765,0
18,20,74,6486.5,4265.75,3891.0,251,0.10295868319550483,0.06770924271043317,0.06176092442977096,20.020061728395063,10.664375,0.710555149744339,47,29,43,0.4940239043824701,0.11553784860557768,0.3665338645418327,0
13,22,81,5914.5,3815.0,4297.5,227,0.11478002678103592,0.07403597973956413,0.08339963903821149,34.99704142011834,7.882231404958677,0.6550068587105624,43,30,52,0.5022026431718062,0.3788546255506608,0.3920704845814978,1
13,24,78,5631.5,4024.5,4393.25,231,0.10553587826315099,0.07542025074492607,0.08233072843462454,33.32248520710059,6.986979166666667,0.7220989480604865,25,27,50,0.11688311688311688,0.4069264069264069,0.47619047619047616,0
14,23,118,4823.75,4323.25,3192.25,223,0.097000744032657,0.08693619417241448,0.06419292565706128,24.6109693877551,8.17249527410208,0.22926242459063487,32,29,37,0.48878923766816146,0.49327354260089684,0.3273542600896861,0
21,26,118,4870.5,3409.0,3776.0,223,0.09794083934927306,0.06855154939773572,0.07593154899555592,11.04421768707483,5.042899408284024,0.2711864406779661,31,31,43,0.24663677130044842,0.3632286995515695,0.3273542600896861,0
15,24,85,4494.0,3995.5,5109.5,223,0.0903698043395202,0.0803454724607372,0.10274688813368457,19.973333333333333,6.936631944444445,0.70719723183391,31,26,54,0.5874439461883408,0.49327354260089684,0.45739910313901344,0
15,27,73,5794.0,3029.5,4231.0,227,0.11244153777484524,0.05879213646684391,0.08210910361155854,25.75111111111111,4.155692729766804,0.7939575905423156,37,22,48,0.5814977973568282,0.09691629955947137,0.28634361233480177,1
12,24,93,5357.5,3655.5,4283.0,199,0.13528698770233075,0.09230827504355951,0.10815383449912881,37.204861111111114,6.346354166666667,0.49520175742860445,38,28,44,0.3969849246231156,0.4824120603015075,0.49748743718592964,1
13,19,94,4138.25,3005.25,3296.25,219,0.08628364712995976,0.06266028648276725,0.06872771626946894,24.486686390532544,8.324792243767313,0.3730477591670439,36,30,43,0.5753424657534246,0.45662100456621,0.3470319634703196,0
15,26,79,4611.5,2992.5,4183.0,223,0.09273261075026644,0.060176154758792656,0.08411590822256632,20.495555555555555,4.4267751479289945,0.6702451530203493,33,28,46,0.27802690582959644,0.3183856502242152,0.2825112107623318,1
15,25,98,5125.0,3035.5,5025.75,211,0.11511421576334763,0.06818130769749108,0.11288493070685744,22.77777777777778,4.8568,0.5232975843398584,36,28,50,0.4028436018957346,0.36018957345971564,0.5213270142180095,0
13,23,87,5490.5,3329.25,3426.75,199,0.1386454887502841,0.0840698467210424,0.08653190575995556,32.48816568047337,6.293478260869565,0.4527348394768133,24,26,37,0.2613065326633166,0.2613065326633166,0.4723618090452261,0
15,22,96,5245.5,4303.0,5014.5,207,0.12241825946929917,0.1004224135919158,0.11702723517468319,23.313333333333333,8.890495867768594,0.5441080729166666,38,37,56,0.2560386473429952,0.37681159420289856,0.48792270531400966,1
14,26,116,6451.5,4270.5,3760.75,239,0.11294445125260412,0.07476234659757357,0.06583830815286847,32.91581632653061,6.3173076923076925,0.2794849881093936,37,45,20,0.4476987447698745,0.4476987447698745,0.14225941422594143,0
12,24,73,5521.0,4048.0,4239.0,179,0.1723104772010861,0.1263381292718704,0.13229924159670423,38.34027777777778,7.027777777777778,0.7954588102833552,39,27,47,0.6480446927374302,0.5027932960893855,0.6424581005586593,1
18,26,99,6567.75,3567.0,3835.5,243,0.11122542295381802,0.06040745821267083,0.06495452928923437,20.270833333333332,5.2766272189349115,0.3913376186103459,40,32,37,0.3292181069958848,0.5473251028806584,0.35390946502057613,0
15,24,98,5701.5,3841.5,4199.5,263,0.08242854457921901,0.055537885468923937,0.06071361448047536,25.34,6.669270833333333,0.43726572261557684,28,32,50,0.20152091254752852,0.5247148288973384,0.33840304182509506,0
15,25,104,5996.0,4594.5,3950.0,243,0.101542786499348,0.07780826093583296,0.06689359684329964,26.648888888888887,7.3512,0.36519970414201186,37,29,44,0.48559670781893005,0.12757201646090535,0.3292181069958848,1
13,24,110,5374.5,3768.5,4139.0,215,0.11626825310978907,0.08152514872904272,0.08954029204975662,31.801775147928993,6.542534722222222,0.34206611570247936,31,30,46,0.5627906976744186,0.25116279069767444,0.4046511627906977,0
19,27,89,4879.5,6726.25,8108.5,311,0.05044923026023304,0.06954280869718055,0.0838339140414181,13.516620498614959,9.226680384087791,1.0236712536295922,49,45,52,0.33440514469453375,0.31189710610932475,0.43729903536977494,1
20,30,106,5860.5,5447.0,5573.0,295,0.06734271760988222,0.06259120942257972,0.06403906923297903,14.65125,6.052222222222222,0.4959950160199359,33,33,44,0.3525423728813559,0.30847457627118646,0.24067796610169492,0
21,36,80,6168.0,5468.0,4819.5,271,0.08398578450729156,0.07445432387903214,0.0656241064255661,13.986394557823129,4.219135802469136,0.753046875,33,46,55,0.4870848708487085,0.5166051660516605,0.2029520295202952,0
17,27,104,5162.5,4251.0,3230.5,267,0.07241650184460435,0.059630518032234986,0.04531554657801344,17.863321799307958,5.8312757201646095,0.29867788461538464,35,34,43,0.299625468164794,0.43820224719101125,0.21722846441947566,0
22,26,112,5171.5,3129.5,4385.5,259,0.07709336473815238,0.046652554374562095,0.06537618699780862,10.684917355371901,4.629437869822485,0.349609375,32,25,55,0.3127413127413127,0.2548262548262548,0.277992277992278,0
16,31,83,6204.0,4379.0,4329.0,279,0.0797009288164335,0.05625570072326923,0.05561336570701815,24.234375,4.556711758584807,0.6283930904340252,35,28,51,0.30824372759856633,0.2939068100358423,0.3225806451612903,0
19,29,80,5270.0,3427.0,3955.5,207,0.12299003477327358,0.07997852925389157,0.09231253938248267,14.598337950138504,4.074910820451843,0.618046875,35,27,49,0.5458937198067633,0.5314009661835749,0.3719806763285024,0
15,27,90,6052.5,4404.5,4141.5,255,0.0930795847750865,0.0677354863514033,0.06369088811995387,26.9,6.041838134430727,0.5112962962962962,37,31,54,0.1450980392156863,0.4627450980392157,0.3215686274509804,0
15,22,85,4970.0,3133.0,4980.0,291,0.05869085154875356,0.03699767362218207,0.058808941793318456,22.08888888888889,6.473140495867769,0.6892733564013841,35,30,55,0.37800687285223367,0.3917525773195876,0.27491408934707906,1
21,26,75,6136.5,3444.75,5223.0,255,0.09437139561707036,0.0529757785467128,0.08032295271049596,13.914965986394558,5.095784023668639,0.9285333333333333,45,30,55,0.27058823529411763,0.35294117647058826,0.38823529411764707,1
18,35,92,5042.0,3789.75,4499.75,221,0.10323293953850249,0.07759362011424828,0.09213058700681805,15.561728395061728,3.0936734693877552,0.5316339792060492,33,31,55,0.37104072398190047,0.23076923076923078,0.39819004524886875,0
13,24,116,4882.0,3097.5,3411.0,227,0.09474276620931903,0.06011178171515069,0.06619573444080033,28.88757396449704,5.377604166666667,0.2534928656361474,38,26,45,0.16740088105726872,0.3788546255506608,0.4185022026431718,0
24,28,84,7077.5,5044.5,4447.75,271,0.09636987513786577,0.0686877901989352,0.06056222001334405,12.28732638888889,6.434311224489796,0.6303500566893424,36,29,49,0.25092250922509224,0.25092250922509224,0.2029520295202952,0
18,28,113,5895.5,4592.5,3782.5,259,0.08788628672798557,0.06846200861644877,0.056387054456552524,18.195987654320987,5.857780612244898,0.2962252329861383,33,32,49,0.22393822393822393,0.21235521235521235,0.3667953667953668,0
15,27,85,6183.5,3491.75,4314.75,223,0.12434394417744174,0.07021556838062297,0.08676526775121157,27.482222222222223,4.789780521262003,0.59719723183391,33,31,52,0.47533632286995514,0.47085201793721976,0.40358744394618834,0
21,23,146,6208.0,4256.0,4023.0,243,0.10513302511473523,0.0720757337126793,0.06812985825331504,14.077097505668934,8.045368620037808,0.18873146931882154,28,37,51,0.345679012345679,0.3497942386831276,0.32510288065843623,0
15,27,94,7013.75,4769.5,4768.75,271,0.09550183140207785,0.06494328780926185,0.06493307553001729,31.17222222222222,6.542524005486968,0.5396955636034405,0,38,54,0.0,0.4132841328413284,0.33210332103321033,0
14,29,108,5812.5,3239.5,4079.0,251,0.09226044031047126,0.051419818733035985,0.0647450040475548,29.65561224489796,3.851961950059453,0.3497085048010974,30,30,46,0.29880478087649404,0.4063745019920319,0.26294820717131473,0
15,27,115,4324.0,2688.0,3441.5,191,0.11852745264658315,0.0736821907294208,0.09433677804884734,19.217777777777776,3.6872427983539096,0.260226843100189,31,27,37,0.39267015706806285,0.4712041884816754,0.3298429319371728,0
15,23,87,5553.25,3995.5,4288.75,271,0.07561511961983089,0.054404215628872155,0.05839721681349655,24.68111111111111,7.552930056710775,0.5666204254194742,39,31,48,0.36162361623616235,0.3726937269372694,0.31365313653136534,0
13,23,113,4849.0,3710.75,4356.75,227,0.09410235013293486,0.07201284713462322,0.08454947699353763,28.692307692307693,7.014650283553875,0.3411974312788785,37,28,50,0.5859030837004405,0.4185022026431718,0.34801762114537443,0
15,24,103,5919.0,3933.5,5071.0,267,0.0830282371754408,0.05517681549748208,0.07113299387002202,26.30666666666667,6.828993055555555,0.47799038552172685,36,23,51,0.449438202247191,0.09363295880149813,0.42696629213483145,0
16,23,128,4801.75,3116.0,3479.25,231,0.0899861321939244,0.05839470774535709,0.0652021139034126,18.7568359375,5.890359168241966,0.2123565673828125,33,34,43,0.27705627705627706,0.15151515151515152,0.2943722943722944,0
16,29,126,4731.5,3604.5,4411.5,243,0.08012836796558791,0.061042524005486966,0.0747091398668902,18.482421875,4.285969084423305,0.27787226001511717,29,33,50,0.13580246913580246,0.32098765432098764,0.37037037037037035,0
14,27,87,4685.0,2605.0,4233.0,207,0.10933744078041495,0.06079488436136199,0.09878876986627459,23.903061224489797,3.5733882030178328,0.5592548553309552,24,32,50,0.3188405797101449,0.2608695652173913,0.24154589371980675,0
13,23,100,7052.0,5050.0,5416.75,311,0.07291074327188511,0.05221203254722346,0.056003866792113395,41.72781065088758,9.546313799621927,0.541675,39,38,61,0.37942122186495175,0.2090032154340836,0.3247588424437299,0
15,23,118,7164.5,4688.25,4206.25,239,0.1254267257225889,0.08207576898163547,0.07363754135957004,31.842222222222222,8.862476370510397,0.30208632576845734,40,27,50,0.4225941422594142,0.11297071129707113,0.32217573221757323,0
13,24,113,6907.5,4023.5,4357.0,271,0.09405509184243134,0.05478547405400253,0.05932653422475184,40.87278106508876,6.985243055555555,0.3412170099459629,32,32,49,0.3948339483394834,0.33948339483394835,0.3284132841328413,1
14,24,89,6014.0,3650.5,2938.5,247,0.0985756199904932,0.059835434116277925,0.04816502483240178,30.683673469387756,6.337673611111111,0.37097588688296934,35,31,36,0.43724696356275305,0.5546558704453441,0.2145748987854251,1
15,24,88,5407.75,5134.75,4214.75,259,0.08061522636812211,0.07654551959571265,0.06283075684620086,24.034444444444443,8.914496527777779,0.5442600723140496,33,0,52,0.23166023166023167,0.0,0.3590733590733591,1
15,23,142,5273.25,3796.25,3386.25,235,0.09548664554096876,0.06874151199637846,0.061317338162064285,23.436666666666667,7.176275992438564,0.1679354294782781,33,24,41,0.5531914893617021,0.2553191489361702,0.2851063829787234,0
13,22,98,6260.25,4251.5,4727.5,243,0.1060178834527257,0.07199952581754136,0.08006062761435417,37.04289940828402,8.784090909090908,0.4922428154935444,41,37,55,0.588477366255144,0.32098765432098764,0.3662551440329218,0
15,23,99,5819.5,5187.5,4614.5,267,0.08163250992439226,0.07276718708356128,0.06472948140666863,25.864444444444445,9.806238185255198,0.4708193041526375,34,39,53,0.24344569288389514,0.29213483146067415,0.33707865168539325,0
14,25,113,6941.5,5243.75,3467.0,255,0.10675124951941561,0.08064206074586698,0.05331795463283352,35.41581632653061,8.39,0.27151695512569507,42,38,43,0.4196078431372549,0.2901960784313726,0.39215686274509803,1
15,27,161,6874.25,4936.25,4588.25,267,0.0964279201559848,0.06924280043204421,0.06436126190576386,30.552222222222223,6.771262002743485,0.1770089888507388,44,0,47,0.5430711610486891,0.0,0.35580524344569286,1
15,25,130,5645.0,4366.5,3497.0,215,0.12212006489994591,0.09446187128177393,0.07565170362358031,25.08888888888889,6.9864,0.20692307692307693,31,41,44,0.2651162790697674,0.5488372093023256,0.3767441860465116,0
14,26,98,8416.75,4174.0,4370.0,287,0.10218346708106205,0.05067440420546565,0.0530539401959475,42.942602040816325,6.174556213017752,0.45501874219075383,38,45,54,0.45993031358885017,0.43205574912891986,0.2508710801393728,1
13,23,122,6809.5,5354.5,4868.0,299,0.07616805181150099,0.05989306607308643,0.05445129249113544,40.29289940828402,10.121928166351607,0.3270626175759205,27,32,57,0.3210702341137124,0.2508361204013378,0.3177257525083612,1
15,22,156,6100.75,4892.5,3453.75,223,0.12267992519455448,0.09838323714532768,0.06945142673289227,27.114444444444445,10.108471074380166,0.14191937869822485,29,32,51,0.547085201793722,0.34977578475336324,0.42152466367713004,0
15,26,98,6841.5,5142.0,4049.25,239,0.11977206281402636,0.09001943243290558,0.0708889900386898,30.406666666666666,7.606508875739645,0.42162119950020827,33,28,56,0.29707112970711297,0.40585774058577406,0.24267782426778242,0
14,27,105,8646.5,6322.0,4619.0,251,0.13724385327217029,0.10034761352994397,0.07331629656672116,44.11479591836735,8.672153635116597,0.41895691609977326,45,31,56,0.4860557768924303,0.30278884462151395,0.3705179282868526,0
15,20,103,6879.0,4345.5,3577.25,275,0.09096198347107438,0.05746115702479339,0.047302479338842976,30.573333333333334,10.86375,0.33719012159487227,39,31,49,0.3527272727272727,0.38181818181818183,0.33090909090909093,0
14,22,118,5536.75,4383.0,4805.25,327,0.051779685585762514,0.04098981567208147,0.04493869764049042,28.24872448979592,9.055785123966942,0.34510557311117496,44,42,60,0.23853211009174313,0.290519877675841,0.3058103975535168,1
15,23,108,9515.5,7257.5,5010.0,367,0.07064793709954043,0.05388339062581206,0.03719680152053991,42.291111111111114,13.719281663516067,0.4295267489711934,38,43,58,0.27520435967302453,0.4550408719346049,0.24250681198910082,0
13,24,120,10026.0,6206.0,5713.5,239,0.1755221372174857,0.10864655730817037,0.10002450937483587,59.32544378698225,10.774305555555555,0.39677083333333335,51,43,67,0.41841004184100417,0.28451882845188287,0.2803347280334728,1
15,26,129,5766.5,5372.5,3865.5,287,0.07000813412813073,0.0652247811676723,0.046929063118406195,25.628888888888888,7.947485207100592,0.2322877230935641,46,40,51,0.4843205574912892,0.37282229965156793,0.289198606271777,1
15,20,126,7972.5,4617.0,4850.5,303,0.08683789170996307,0.05028918733457504,0.052832510973869665,35.43333333333333,11.5425,0.30552406147644245,48,34,54,0.43234323432343236,0.26732673267326734,0.22772277227722773,0
13,27,108,7214.0,4461.0,4374.75,295,0.08289571962079863,0.0512611318586613,0.050270037345590345,42.68639053254438,6.1193415637860085,0.3750643004115226,33,34,55,0.21694915254237288,0.39322033898305087,0.33559322033898303,0
12,26,105,8084.75,4054.25,3120.0,247,0.13251733350817094,0.06645331016735236,0.051139995738333686,56.14409722222222,5.99741124260355,0.2829931972789116,45,27,47,0.39271255060728744,0.12550607287449392,0.340080971659919,0
18,24,112,8804.5,4444.75,3733.75,267,0.12350432745584873,0.06234832863415113,0.052374840438216275,27.174382716049383,7.716579861111111,0.29765226403061223,38,33,54,0.5056179775280899,0.32209737827715357,0.20224719101123595,0
15,27,123,6140.75,5547.75,5040.5,303,0.06688614405995055,0.06042708231219161,0.05490202485595094,27.29222222222222,7.610082304526749,0.33316808777843876,45,43,61,0.33993399339933994,0.2508250825082508,0.4389438943894389,0
15,23,117,6972.25,4323.5,3810.5,219,0.1453733241592127,0.09014616042200956,0.07944996976710243,30.98777777777778,8.17296786389414,0.27836218861859885,32,44,50,0.2602739726027397,0.5296803652968036,0.3607305936073059,0
13,22,104,7488.0,6294.0,4268.5,263,0.1082565889343492,0.09099452066677269,0.06171117118940566,44.30769230769231,13.00413223140496,0.3946468195266272,28,51,56,0.21292775665399238,0.39923954372623577,0.41825095057034223,0
15,25,122,7027.75,4451.0,4498.0,287,0.085320326821984,0.05403731986548337,0.05460792288360913,31.234444444444446,7.1216,0.30220370868046226,33,37,56,0.2578397212543554,0.2229965156794425,0.29965156794425085,0
15,24,134,9425.0,5834.5,3821.0,287,0.11442411586883415,0.07083368743095096,0.04638881132464884,41.888888888888886,10.129340277777779,0.21279795054577857,43,46,48,0.5574912891986062,0.5470383275261324,0.34494773519163763,0
21,25,156,11504.5,6039.0,6213.0,335,0.10251280908888394,0.053811539318333705,0.05536199599019826,26.08730158730159,9.6624,0.2553007889546351,56,43,59,0.2865671641791045,0.30149253731343284,0.42686567164179107,0
15,27,111,5464.5,5438.0,4746.5,239,0.09566534199331245,0.09520141454106196,0.08309553404177097,24.286666666666665,7.459533607681756,0.38523658793929066,33,31,55,0.5062761506276151,0.37656903765690375,0.4895397489539749,1
13,23,133,4781.0,3226.75,3938.0,263,0.06912055978834448,0.046650233486099264,0.056933019127065596,28.28994082840237,6.099716446124764,0.2226242297473006,31,33,54,0.33460076045627374,0.2813688212927757,0.4144486692015209,1
13,24,105,5499.25,4075.0,3937.5,259,0.08197924896766595,0.06074745456984839,0.05869769383282897,32.539940828402365,7.074652777777778,0.35714285714285715,33,35,47,0.4749034749034749,0.25868725868725867,0.30115830115830117,1
13,24,111,5386.75,4621.25,3453.0,247,0.08829435001393238,0.075747020931338,0.0565982068219443,31.874260355029588,8.023003472222221,0.28025322619917215,28,31,49,0.4331983805668016,0.4089068825910931,0.3724696356275304,1
17,30,154,5694.0,4913.75,3952.75,299,0.06369056274538316,0.0549630317334258,0.04421371125602622,19.70242214532872,5.459722222222222,0.16667018046888177,24,24,54,0.1605351170568562,0.24414715719063546,0.29431438127090304,1
14,26,84,5068.0,4949.0,4867.5,263,0.07326981740375023,0.07154939351443566,0.0703711200104093,25.857142857142858,7.321005917159764,0.6898384353741497,43,33,55,0.2509505703422053,0.24334600760456274,0.34600760456273766,1
12,24,132,7581.25,5956.75,4801.5,263,0.10960473622576587,0.08611878153508075,0.06941693533230205,52.64756944444444,10.34157986111111,0.2755681818181818,34,33,58,0.42585551330798477,0.12547528517110265,0.4372623574144487,0
14,26,133,7203.0,6247.75,3816.25,271,0.09807872986478942,0.08507169020029684,0.05196348088942144,36.75,9.242233727810651,0.2157414212222285,30,44,55,0.3726937269372694,0.4132841328413284,0.33579335793357934,0
13,24,107,6678.0,4240.0,4173.5,287,0.08107419053284609,0.05147567652879117,0.05066833396059197,39.514792899408285,7.361111111111111,0.3645296532448249,39,29,53,0.31010452961672474,0.10801393728222997,0.3797909407665505,0
15,23,96,8168.5,5405.0,4929.5,255,0.12562091503267975,0.08312187620146097,0.07580930411380238,36.30444444444444,10.217391304347826,0.5348849826388888,32,29,64,0.42745098039215684,0.3137254901960784,0.3333333333333333,0
15,24,96,7312.5,5469.5,5783.0,239,0.12801771677666707,0.09575287547486913,0.10124122476847394,32.5,9.495659722222221,0.6274956597222222,35,42,64,0.41422594142259417,0.5564853556485355,0.6192468619246861,0
15,25,136,9954.0,6813.5,7622.5,327,0.09308980725528154,0.06371985149024119,0.07128561942971505,44.24,10.9016,0.41211613321799306,62,45,61,0.4892966360856269,0.22935779816513763,0.5045871559633027,0
13,23,123,8113.75,5837.25,4362.5,243,0.13740706870565123,0.09885434130975969,0.07387932056427712,48.010355029585796,11.034499054820415,0.2883534932910305,41,39,61,0.6502057613168725,0.4773662551440329,0.42386831275720166,0
13,18,99,8071.5,5655.75,4636.5,271,0.10990454922999414,0.07701079778325459,0.06313231028989257,47.760355029585796,17.45601851851852,0.4730639730639731,36,39,53,0.23616236162361623,0.45387453874538747,0.3505535055350554,0
13,22,119,7773.0,4792.5,4431.0,263,0.11237693186253958,0.06928681923983288,0.06406048952565456,45.994082840236686,9.901859504132231,0.31290163124073156,46,35,57,0.44866920152091255,0.5285171102661597,0.4068441064638783,0
25,38,129,7202.0,5335.0,4764.0,311,0.07446159572378284,0.055158652205829134,0.04925507387227179,11.5232,3.6945983379501386,0.2862808725437173,51,37,56,0.3665594855305466,0.4533762057877814,0.3311897106109325,0
15,24,80,7737.0,4706.0,4240.0,307,0.08209105666903628,0.04993156426062876,0.044987214718458554,34.38666666666666,8.17013888888889,0.6625,47,38,51,0.38436482084690554,0.4201954397394137,0.40390879478827363,0
15,27,100,6553.5,3656.5,4196.5,279,0.08419085058002852,0.04697395973844118,0.0539111779139528,29.126666666666665,5.0157750342935525,0.41965,43,35,61,0.41935483870967744,0.1863799283154122,0.3763440860215054,0
13,23,113,6692.0,3964.0,3117.5,267,0.09387142476398884,0.055604651489009525,0.04373044929792815,39.59763313609467,7.493383742911153,0.24414597854178088,35,21,43,0.33707865168539325,0.14606741573033707,0.2247191011235955,0
22,37,99,8350.0,4770.75,7428.5,319,0.08205501125185484,0.04688190957242951,0.07299947917178487,17.25206611570248,3.4848429510591674,0.75793286399347,34,32,59,0.3761755485893417,0.4482758620689655,0.3573667711598746,0
19,28,72,6703.5,4941.75,5110.25,239,0.11735613872306157,0.08651371649655994,0.08946359482502057,18.569252077562325,6.3032525510204085,0.9857735339506173,42,33,49,0.48535564853556484,0.23430962343096234,0.4560669456066946,1
21,24,100,5437.0,4224.5,3774.0,207,0.1268874419473033,0.09859039884244673,0.08807673457957012,12.328798185941043,7.334201388888889,0.3774,32,35,48,0.391304347826087,0.36231884057971014,0.3961352657004831,1
18,30,83,5170.5,4349.25,4833.75,247,0.0847497910144405,0.0712886623285089,0.07923011358979823,15.958333333333334,4.8325,0.7016620699666134,32,28,50,0.32793522267206476,0.3684210526315789,0.4817813765182186,0
15,25,132,5453.25,3478.25,3931.0,203,0.13233152952025043,0.08440510568079788,0.0953917833482977,24.236666666666668,5.5652,0.22560835629017448,29,35,43,0.6108374384236454,0.4729064039408867,0.541871921182266,0
16,32,58,8703.25,3985.25,5657.75,263,0.12582587575358903,0.05761612861252873,0.08179603579638277,33.9970703125,3.891845703125,1.6818519619500594,39,32,57,0.46387832699619774,0.311787072243346,0.5171102661596958,1
21,25,121,17297.5,13484.5,12595.5,399,0.10865195570379584,0.08470110112373666,0.07911696534569507,39.223356009070294,21.5752,0.8602895977050747,97,95,95,0.45864661654135336,0.23809523809523808,0.23809523809523808,0
22,27,120,14521.25,9615.25,10843.0,303,0.158168044527225,0.10473101765622107,0.11810388959688048,30.0025826446281,13.189643347050755,0.7529861111111111,89,90,89,0.6633663366336634,0.6039603960396039,0.4884488448844885,0
22,31,104,6131.75,6031.25,4864.5,295,0.0704596380350474,0.06930479747199081,0.055897730537201956,12.668904958677686,6.2760145681581685,0.44975036982248523,48,41,55,0.24745762711864408,0.43728813559322033,0.4440677966101695,0
14,25,96,7518.0,5612.25,5187.75,247,0.12322772050025406,0.09199052598796899,0.08503253618318608,38.357142857142854,8.9796,0.5629069010416666,34,45,54,0.44534412955465585,0.6194331983805668,0.5344129554655871,0
15,31,116,5863.5,4615.5,4307.0,295,0.06737719046251077,0.05303648376903189,0.04949152542372881,26.06,4.802809573361082,0.32008026159334124,32,34,46,0.4033898305084746,0.18983050847457628,0.42033898305084744,0
13,23,99,6032.0,3938.5,3503.5,215,0.13049215792320173,0.08520281233098972,0.07579232017306652,35.69230769230769,7.445179584120983,0.3574635241301908,39,35,41,0.44651162790697674,0.2837209302325581,0.29767441860465116,0
19,30,94,8961.0,6937.5,5737.0,343,0.07616724324048653,0.05896777703167898,0.04876369539902592,24.822714681440445,7.708333333333333,0.6492756903576279,54,36,51,0.37317784256559766,0.2857142857142857,0.23615160349854228,0
26,30,81,6911.0,5119.0,6929.5,263,0.09991470167271466,0.0740071419277422,0.10018216252945683,10.22337278106509,5.687777777777778,1.056165218716659,41,38,52,0.45627376425855515,0.467680608365019,0.38022813688212925,0
16,29,129,8228.5,4669.25,5086.5,251,0.13060903795177856,0.07411390295392137,0.08073681370136981,32.142578125,5.552021403091557,0.30566071750495766,43,44,50,0.40239043824701193,0.46613545816733065,0.2948207171314741,0
13,23,97,8386.0,6191.5,5095.0,255,0.12896578239138792,0.09521722414455978,0.07835447904652057,49.62130177514793,11.704158790170132,0.5415028164523329,39,45,59,0.4235294117647059,0.29411764705882354,0.49411764705882355,0
14,26,93,7667.75,5193.5,5832.0,303,0.08351850036488798,0.05656852813994271,0.06352318400156848,39.121173469387756,7.6826923076923075,0.6742976066597295,36,28,59,0.33663366336633666,0.15841584158415842,0.30363036303630364,1
15,23,109,5600.75,5122.0,3935.5,231,0.10495961469987444,0.09598770637731677,0.07375236596015816,24.892222222222223,9.68241965973535,0.3312431613500547,31,15,41,0.3333333333333333,0.08225108225108226,0.31601731601731603,1
13,22,114,6672.0,4387.0,3881.5,255,0.10260668973471741,0.06746635909265666,0.05969242599000384,39.4792899408284,9.064049586776859,0.2986688211757464,43,37,48,0.5411764705882353,0.4823529411764706,0.4196078431372549,0
18,27,91,6453.0,4621.5,5229.0,271,0.08786645062022576,0.0629280647050013,0.07120001089309787,19.916666666666668,6.339506172839506,0.6314454775993238,47,28,52,0.4797047970479705,0.4317343173431734,0.3505535055350554,0
13,20,109,7294.0,5775.25,3639.75,267,0.10231592531807152,0.08101179705143852,0.05105626393973825,43.15976331360947,14.438125,0.3063504755491962,52,34,33,0.5056179775280899,0.42696629213483145,0.3408239700374532,1
15,24,98,5224.5,4071.0,3085.5,231,0.09790858492157194,0.0762916736942711,0.05782312925170068,23.22,7.067708333333333,0.3212723865056227,32,34,42,0.23376623376623376,0.26406926406926406,0.30735930735930733,0
13,24,67,8259.5,6399.5,8049.5,303,0.08996394688973848,0.06970449520199545,0.08767658944112233,48.87278106508876,11.110243055555555,1.7931610603697927,48,36,56,0.46864686468646866,0.1188118811881188,0.5841584158415841,0
15,27,94,8065.25,6030.5,5585.75,267,0.11313456493989255,0.08459229334118869,0.07835360294014504,35.845555555555556,8.272290809327846,0.6321582163875057,54,40,59,0.449438202247191,0.29213483146067415,0.4868913857677903,1
15,27,99,7714.5,5141.5,4956.0,303,0.08402770970166323,0.05600213486695204,0.05398163578734111,34.28666666666667,7.05281207133059,0.5056626874808693,38,38,53,0.33003300330033003,0.46204620462046203,0.29042904290429045,0
15,24,106,9269.0,5921.0,3858.5,295,0.1065096236713588,0.06803792013789141,0.04433783395575984,41.19555555555556,10.27951388888889,0.3434051263794945,46,28,39,0.5457627118644067,0.31864406779661014,0.18305084745762712,0
13,22,80,5641.5,4829.5,5187.5,243,0.09553929787125946,0.08178800657081407,0.08785076800623211,33.38165680473373,9.978305785123966,0.810546875,43,34,58,0.39094650205761317,0.22633744855967078,0.2962962962962963,0
14,27,74,6827.0,5432.0,5852.5,287,0.0828831235052022,0.06594714030764001,0.07105221624640339,34.83163265306123,7.451303155006859,1.068754565376187,42,32,60,0.37282229965156793,0.313588850174216,0.36585365853658536,0
15,23,100,7455.75,5680.5,5586.0,303,0.08120935855961833,0.06187301898506682,0.06084370813318956,33.13666666666666,10.738185255198488,0.5586,0,40,55,0.0,0.33993399339933994,0.18811881188118812,1
14,24,88,7369.0,5113.5,5876.0,335,0.06566273112051682,0.04556471374470929,0.05235910002227668,37.5969387755102,8.877604166666666,0.7587809917355371,35,21,55,0.42686567164179107,0.12238805970149254,0.3253731343283582,1
18,26,107,6684.0,4439.5,5157.0,259,0.09964073284536605,0.0661811839418017,0.07687720815133943,20.62962962962963,6.5673076923076925,0.45043235217049526,33,33,55,0.3552123552123552,0.30115830115830117,0.4092664092664093,1
13,26,75,7848.0,4477.5,5039.75,275,0.10377520661157025,0.05920661157024793,0.06664132231404958,46.437869822485204,6.6235207100591715,0.8959555555555555,35,38,57,0.32,0.5490909090909091,0.21454545454545454,0
13,18,94,6769.5,3898.0,5124.0,287,0.0821850453447292,0.04732362903519528,0.06220786946545424,40.05621301775148,12.030864197530864,0.5799004074241738,28,30,58,0.0975609756097561,0.37282229965156793,0.37282229965156793,0
14,29,81,6448.5,4646.75,4021.5,279,0.08284194704590125,0.05969540473529374,0.051663005357074035,32.900510204081634,5.525267538644471,0.6129401005944216,30,42,51,0.3010752688172043,0.3154121863799283,0.3118279569892473,0
15,20,102,6290.75,4468.0,2843.25,247,0.10311183595862905,0.07323509646117786,0.04660377977019784,27.95888888888889,11.17,0.27328431372549017,31,34,38,0.3319838056680162,0.22672064777327935,0.38461538461538464,0
15,27,76,5045.25,3569.75,5394.0,239,0.08832565956478353,0.06249452915740271,0.09443111990336303,22.423333333333332,4.8967764060356656,0.9338642659279779,23,23,61,0.20920502092050208,0.20502092050209206,0.45188284518828453,1
15,26,116,4997.75,4704.0,3178.0,275,0.06608595041322314,0.062201652892561986,0.04202314049586777,22.212222222222223,6.958579881656805,0.23617717003567182,35,27,39,0.5018181818181818,0.44,0.15272727272727274,1
13,24,100,6768.5,5128.5,3261.0,255,0.10409073433294887,0.07886966551326413,0.050149942329873125,40.05029585798817,8.903645833333334,0.3261,33,30,37,0.25882352941176473,0.1450980392156863,0.15294117647058825,0
14,18,133,6517.0,4828.5,4117.0,279,0.08372194601816524,0.0620302925193664,0.05288986523811359,33.25,14.902777777777779,0.23274351291763243,29,32,49,0.27598566308243727,0.3046594982078853,0.2903225806451613,0
15,25,101,8048.5,4659.0,4875.0,347,0.06684301007399779,0.03869312094610868,0.040487006785207086,35.77111111111111,7.4544,0.47789432408587396,34,41,58,0.2132564841498559,0.21037463976945245,0.2507204610951009,0
12,22,91,7000.0,6507.25,4300.5,243,0.118545614659012,0.11020085014140799,0.07282934512015445,48.611111111111114,13.444731404958677,0.5193213380026567,43,58,60,0.48559670781893005,0.345679012345679,0.24691358024691357,0
15,26,126,7678.25,4519.5,3832.5,263,0.11100709855571138,0.06533996443493473,0.05540776937645477,34.12555555555556,6.685650887573964,0.2414021164021164,42,35,55,0.4600760456273764,0.30038022813688214,0.3574144486692015,0
15,24,101,8007.25,6685.75,5139.5,311,0.08278708863638713,0.06912407853516817,0.0531373745101891,35.58777777777778,11.60720486111111,0.503823154592687,39,42,62,0.3440514469453376,0.2958199356913183,0.3890675241157556,0
13,24,116,6985.0,5247.0,3806.25,283,0.08721547278652499,0.06551461499082271,0.0475252531558641,41.33136094674556,9.109375,0.2828663793103448,30,34,53,0.2049469964664311,0.1978798586572438,0.2826855123674912,1
14,25,116,6173.5,5195.5,4327.5,255,0.09494040753556325,0.07990003844675125,0.06655132641291811,31.497448979591837,8.3128,0.3216037455410226,30,32,60,0.3333333333333333,0.12549019607843137,0.4666666666666667,0
15,29,124,8126.0,5492.0,5020.5,239,0.14225941422594143,0.09614677614187427,0.08789236883107789,36.11555555555555,6.530321046373365,0.3265153485952133,58,24,58,0.4100418410041841,0.12133891213389121,0.502092050209205,1
15,27,90,6157.0,5581.0,4458.0,311,0.06365732364222867,0.05770205022694141,0.04609133487040043,27.364444444444445,7.655692729766804,0.5503703703703704,35,51,55,0.5241157556270096,0.5305466237942122,0.2733118971061093,0
15,24,129,6011.0,4424.25,3101.25,263,0.08690309242579769,0.06396290245630268,0.044835836863334734,26.715555555555557,7.680989583333333,0.1863619974761132,34,29,24,0.35361216730038025,0.40304182509505704,0.22813688212927757,0
13,23,102,6064.0,4195.5,4349.5,255,0.0932564398308343,0.06452133794694348,0.06688965782391387,35.88165680473373,7.931001890359168,0.41806036139946173,28,38,53,0.2784313725490196,0.396078431372549,0.2784313725490196,0
13,24,138,6986.0,5248.5,4719.5,295,0.08027578282102844,0.060310255673657,0.054231542660155126,41.337278106508876,9.111979166666666,0.24782083595883217,33,32,59,0.3220338983050847,0.23389830508474577,0.4,0
15,22,94,8943.0,5438.5,6894.5,295,0.10276357368572249,0.06249353634013215,0.07922436081585751,39.74666666666667,11.236570247933884,0.7802738795835219,44,43,59,0.49830508474576274,0.43728813559322033,0.3525423728813559,0
14,29,134,6312.0,6386.5,4102.5,283,0.07881232129256202,0.0797425364282236,0.051224263007404264,32.204081632653065,7.593935790725327,0.22847516150590333,35,49,42,0.31095406360424027,0.3992932862190813,0.3003533568904594,0
13,24,143,4124.25,6998.5,6480.25,287,0.05007041484053467,0.08496521749687383,0.07867340868530637,24.403846153846153,12.15017361111111,0.3168981368282068,46,43,57,0.4076655052264808,0.5574912891986062,0.5017421602787456,1
15,27,82,5631.5,5193.75,4718.5,279,0.07234619288035868,0.06672254981308051,0.06061715548361404,25.02888888888889,7.124485596707819,0.7017400356930399,28,31,53,0.26523297491039427,0.18996415770609318,0.26523297491039427,0
13,23,81,6608.25,4548.0,5457.5,239,0.11568862589940652,0.07962045482397016,0.09554279511913306,39.10207100591716,8.59735349716446,0.8318091754305746,36,32,60,0.37656903765690375,0.41422594142259417,0.49372384937238495,1
15,26,99,5406.5,4160.5,4903.5,247,0.08861807274336574,0.06819485649658247,0.08037338753298694,24.02888888888889,6.154585798816568,0.5003060912151821,18,31,57,0.0728744939271255,0.25101214574898784,0.4331983805668016,1
15,21,127,20089.5,26341.5,26995.5,383,0.1369530094281098,0.17957379217255554,0.18403220418708968,89.28666666666666,59.7312925170068,1.673724347448695,143,141,144,0.6579634464751958,0.4464751958224543,0.5013054830287206,1
15,27,122,6074.0,6587.5,6561.5,303,0.06615909115664041,0.07175222472742324,0.07146902809092791,26.995555555555555,9.036351165980795,0.44084251545283526,40,31,55,0.2706270627062706,0.2838283828382838,0.3795379537953795,1
15,22,105,8313.0,15477.0,15630.5,319,0.0816914141960083,0.15209166576586314,0.15360010220025352,36.946666666666665,31.977272727272727,1.4177324263038549,101,100,100,0.445141065830721,0.5517241379310345,0.6112852664576802,1
13,24,128,123129.5,132856.5,138256.0,655,0.28699842666511277,0.3096707651069285,0.3222562787716334,728.5769230769231,230.65364583333334,8.4384765625,370,356,350,0.6610687022900763,0.6091603053435114,0.6809160305343511,1
13,21,101,75647.5,99648.0,94941.5,503,0.2989913402290037,0.3938516021169207,0.3752494970534645,447.6183431952663,225.9591836734694,9.307077737476718,298,297,294,0.7693836978131213,0.7435387673956262,0.8131212723658051,1
17,26,123,53859.5,66087.25,63119.5,527,0.19392825380136752,0.2379558850534154,0.2272701086310756,186.3650519031142,97.76220414201184,4.172086720867209,249,240,242,0.6375711574952562,0.5047438330170778,0.573055028462998,1
17,33,124,113442.5,108999.0,119398.5,591,0.32478863722905055,0.312066788631503,0.3418408101213636,392.53460207612454,100.0909090909091,7.765251040582727,346,310,312,0.7157360406091371,0.6514382402707276,0.7377326565143824,1
16,27,104,131769.5,118069.5,127931.0,655,0.30713711322184023,0.2752042421770293,0.2981900821630441,514.724609375,161.96090534979425,11.827940088757396,369,324,326,0.6305343511450382,0.5770992366412214,0.7740458015267175,1
17,24,105,107989.25,99103.75,110970.25,527,0.38882957847398003,0.35683616042977145,0.3995630632739109,373.6652249134948,172.05512152777777,10.065328798185941,337,297,296,0.8311195445920304,0.698292220113852,0.793168880455408,1
14,24,108,51944.5,49351.0,56842.5,503,0.20530692584058274,0.19505630234497587,0.22466592097514318,265.0229591836735,85.67881944444444,4.873328189300412,233,201,196,0.5566600397614314,0.6003976143141153,0.7117296222664016,1
21,36,119,90582.0,82674.0,93575.5,599,0.2524574903637392,0.2304174180116555,0.26080055518239914,205.40136054421768,63.791666666666664,6.607972600805028,311,274,270,0.6494156928213689,0.6010016694490818,0.7295492487479132,1
14,30,112,83312.25,75553.0,82957.5,551,0.2744136218260151,0.24885622906380414,0.27324514741387546,425.0625,83.94777777777777,6.613321109693878,296,258,252,0.6733212341197822,0.6424682395644283,0.764065335753176,1
22,28,120,50877.75,46637.25,52067.0,471,0.22934331345423073,0.21022827159992968,0.23470413494349557,105.11931818181819,59.48628826530612,3.615763888888889,232,187,188,0.7176220806794055,0.613588110403397,0.7261146496815286,1
15,28,105,14785.0,14997.75,18580.5,367,0.10977139929764124,0.11135096407278991,0.13795113186674487,65.71111111111111,19.129783163265305,1.6853061224489796,119,88,97,0.6130790190735694,0.4196185286103542,0.555858310626703,1
18,24,116,15258.5,15454.0,20468.0,439,0.07917403915504798,0.08018845896399458,0.10620534347580181,47.09413580246913,26.82986111111111,1.5211058263971462,116,85,107,0.3621867881548975,0.3553530751708428,0.47380410022779046,1
18,30,135,17542.5,16281.0,26647.5,463,0.08183319416520113,0.07594848135691261,0.12430668613465566,54.14351851851852,18.09,1.4621399176954732,131,85,135,0.5464362850971922,0.42332613390928725,0.4773218142548596,1
25,35,151,5192.5,6421.0,9858.5,247,0.08511039354849284,0.10524676687046174,0.16159091281614188,8.308,5.241632653061225,0.4323713872198588,19,37,91,0.145748987854251,0.4251012145748988,0.5384615384615384,1
19,38,115,4576.5,5379.5,7209.5,231,0.08576488446618316,0.10081332808605536,0.1351080377054403,12.677285318559557,3.725415512465374,0.5451417769376181,29,29,73,0.5411255411255411,0.4935064935064935,0.4935064935064935,1
25,35,89,6595.0,5366.25,8948.75,279,0.0847239886435169,0.06893860561914672,0.11496190953353631,10.552,4.380612244897959,1.1297500315616715,52,24,87,0.26523297491039427,0.33691756272401435,0.4265232974910394,1
17,24,111,7811.75,4326.75,7087.5,271,0.1063676965182936,0.058914638961887776,0.09650603886112662,27.030276816608996,7.51171875,0.5752373995617239,51,25,69,0.5608856088560885,0.13284132841328414,0.4354243542435424,1
16,32,83,3845.25,4138.0,6852.75,303,0.04188314871091069,0.045071833916064875,0.07464137502859197,15.0205078125,4.041015625,0.9947379880969662,0,32,69,0.0,0.30033003300330036,0.35973597359735976,1
17,22,107,4217.5,6191.5,8014.0,211,0.09473057658183778,0.13906920329732037,0.1800049414882864,14.593425605536332,12.792355371900827,0.6999737968381518,19,39,73,0.17535545023696683,0.4597156398104265,0.4028436018957346,1
14,32,90,4887.0,5443.5,11688.5,271,0.06654321155757684,0.07412072275704307,0.15915496793344316,24.933673469387756,5.31591796875,1.4430246913580247,36,32,92,0.3874538745387454,0.2177121771217712,0.5055350553505535,1
17,30,99,4491.5,5438.0,6469.0,223,0.09031953186269581,0.10935269158840918,0.13008506103078687,15.54152249134948,6.042222222222223,0.6600346903377207,30,33,67,0.4170403587443946,0.5381165919282511,0.4663677130044843,1
21,30,149,7104.5,6600.5,11188.5,295,0.08163746049985636,0.07584602125825912,0.12856650387819593,16.10997732426304,7.333888888888889,0.5039637854150714,35,30,97,0.4745762711864407,0.3423728813559322,0.3288135593220339,1
17,24,148,5818.0,6764.0,12156.5,311,0.060152397100939815,0.06993310656424148,0.12568625220996474,20.131487889273355,11.743055555555555,0.5549899561723886,39,35,99,0.37942122186495175,0.4340836012861736,0.3215434083601286,1
19,25,86,6524.0,5598.0,14582.5,303,0.07106057140367503,0.060974414273110476,0.15883519044973804,18.07202216066482,8.9568,1.9716738777717686,37,38,113,0.3333333333333333,0.18151815181518152,0.37623762376237624,1
17,30,151,7294.0,6986.5,13878.5,311,0.07541278522761344,0.07223353770122311,0.14349003835775065,25.238754325259517,7.762777777777778,0.6086794438840402,39,36,104,0.26366559485530544,0.2765273311897106,0.3954983922829582,1
19,29,95,7159.5,6279.5,12184.5,311,0.07402218752907848,0.06492385314461183,0.12597574466765232,19.832409972299168,7.466706302021403,1.3500831024930748,36,30,95,0.28938906752411575,0.2733118971061093,0.40514469453376206,1
20,26,113,6315.75,6730.25,13173.25,303,0.06879227526713068,0.07330708318356588,0.14348538814277467,15.789375,9.955991124260356,1.0316587046753858,39,37,106,0.42244224422442245,0.19801980198019803,0.47194719471947194,1
14,24,86,8240.5,9513.25,28256.75,343,0.07004309428894423,0.08086129078870198,0.24017841205620108,42.04336734693877,16.51605902777778,3.820544889129259,65,63,161,0.5539358600583091,0.49854227405247814,0.5072886297376094,1
17,24,109,8186.75,10684.25,27653.25,343,0.06958622682725735,0.09081462655866178,0.23504874669567952,28.327854671280278,18.54904513888889,2.32751872737985,65,64,161,0.6034985422740525,0.5714285714285714,0.6268221574344023,1
17,24,109,6070.0,8442.0,19689.5,287,0.0736927727664534,0.1024900144471828,0.239040172880574,21.003460207612456,14.65625,1.6572258227421934,52,52,131,0.6515679442508711,0.2264808362369338,0.6724738675958188,1
17,31,92,4680.75,8482.25,18082.25,367,0.034752281181091256,0.06297656081788416,0.13425186912071513,16.19636678200692,8.826482830385016,2.1363716918714557,47,42,129,0.4223433242506812,0.2016348773841962,0.4332425068119891,1
16,26,104,4715.5,6259.0,10535.25,315,0.04752330561854371,0.06307886117409926,0.10617535903250189,18.419921875,9.25887573964497,0.9740430843195266,36,25,92,0.4222222222222222,0.12063492063492064,0.3619047619047619,1
15,24,103,5636.75,6141.75,12491.5,279,0.07241363805706505,0.07890122172120091,0.1604745571100063,25.052222222222223,10.662760416666666,1.1774436798944292,39,32,101,0.4767025089605735,0.3225806451612903,0.6093189964157706,1
17,27,101,4632.75,4969.5,6654.5,287,0.0562438538770654,0.06033216379948767,0.08078888902378321,16.030276816608996,6.816872427983539,0.6523380060778355,33,29,72,0.34494773519163763,0.43205574912891986,0.34494773519163763,1
14,24,87,5199.0,4515.0,10553.5,287,0.06311840619650597,0.05481431120931418,0.12812465854872584,26.525510204081634,7.838541666666667,1.3943057207028668,30,21,90,0.17770034843205576,0.20209059233449478,0.4076655052264808,1
17,30,94,3858.5,5246.5,8558.0,279,0.04956899320409553,0.0674002132552254,0.10994206138153416,13.35121107266436,5.829444444444444,0.9685377999094613,28,26,77,0.3333333333333333,0.16845878136200718,0.3010752688172043,1
16,27,131,6183.0,6411.0,14726.5,319,0.060760016116193825,0.06300056013600495,0.1447165417006515,24.15234375,8.794238683127572,0.8581376376668026,47,46,116,0.542319749216301,0.5047021943573667,0.3824451410658307,1
14,23,110,5188.0,6006.0,12802.0,307,0.055045676877208245,0.06372481405638256,0.1358316799117232,26.46938775510204,11.353497164461247,1.0580165289256198,36,32,107,0.3355048859934853,0.28013029315960913,0.48859934853420195,1
14,26,94,4368.0,5337.0,7691.0,327,0.040849535673203714,0.049911623600707014,0.07192623142459015,22.285714285714285,7.894970414201183,0.870416478044364,41,34,80,0.2874617737003058,0.1926605504587156,0.3486238532110092,1
17,23,81,5265.75,5862.75,14643.0,335,0.046921363332590775,0.052241033637781244,0.1304789485408777,18.220588235294116,11.082703213610586,2.231824417009602,38,30,112,0.3611940298507463,0.2656716417910448,0.42686567164179107,1
17,25,84,9640.5,8338.25,27108.25,339,0.08388806223405644,0.07255636480712838,0.23588595643964114,33.358131487889274,13.3412,3.84187216553288,75,61,162,0.37168141592920356,0.37168141592920356,0.7286135693215339,1
14,30,137,5944.0,6730.0,13704.0,331,0.054252881956170534,0.06142696762534113,0.1250810051021805,30.3265306122449,7.477777777777778,0.7301401246736641,59,39,108,0.47129909365558914,0.38368580060422963,0.4380664652567976,1
16,26,124,5453.5,6132.5,12336.5,239,0.09547276833388771,0.10735981512928695,0.21597135904483464,21.302734375,9.071745562130177,0.8023218002081165,44,34,107,0.37656903765690375,0.42677824267782427,0.6736401673640168,1
14,22,106,4037.5,5755.5,11483.0,323,0.03869969040247678,0.05516682801522108,0.1100652742765674,20.599489795918366,11.891528925619834,1.0219829120683517,31,29,94,0.4179566563467492,0.2260061919504644,0.3653250773993808,1
14,27,137,3995.5,5145.5,11653.0,291,0.047182957215904396,0.06076333534086749,0.1376105619914739,20.385204081632654,7.058299039780521,0.6208641909531675,49,31,92,0.5154639175257731,0.18900343642611683,0.44673539518900346,1
17,20,122,4768.5,5842.5,11041.5,295,0.054794599253088196,0.06713588049411089,0.12687733409939672,16.5,14.60625,0.7418368718086535,44,29,89,0.5050847457627119,0.376271186440678,0.3593220338983051,1
17,30,160,5236.0,5889.5,9215.0,395,0.03355872456337126,0.037747155904502484,0.059061047908988945,18.11764705882353,6.543888888888889,0.3599609375,33,31,80,0.3518987341772152,0.26329113924050634,0.3265822784810127,1
16,27,102,5997.0,6543.0,12766.75,359,0.04653129631210186,0.05076776250960188,0.09905843374896223,23.42578125,8.975308641975309,1.227100153787005,38,30,104,0.25069637883008355,0.17270194986072424,0.38997214484679665,1
15,23,92,4127.0,6734.5,13239.25,291,0.04873584393193278,0.07952787520222955,0.15634262703558058,18.342222222222222,12.73062381852552,1.5641836011342154,36,38,104,0.41237113402061853,0.3436426116838488,0.44329896907216493,1
14,24,107,4436.0,5863.5,9819.0,255,0.06821991541714725,0.09017301038062284,0.15100346020761246,22.632653061224488,10.1796875,0.8576294872914665,36,27,89,0.4823529411764706,0.30980392156862746,0.45098039215686275,1
17,23,119,4691.0,5550.5,12618.0,279,0.06026387122467594,0.07130561015403193,0.16209966470112153,16.231833910034602,10.492438563327033,0.8910387684485559,38,33,101,0.44086021505376344,0.3548387096774194,0.4910394265232975,1
17,24,68,6199.0,6552.0,11624.5,279,0.0796366953148084,0.08417158052954099,0.14933646792821265,21.44982698961938,11.375,2.513948961937716,40,30,99,0.4874551971326165,0.3333333333333333,0.4982078853046595,1
14,30,88,4353.75,5698.25,8199.75,271,0.059282281014692066,0.07758949360711319,0.11165084898081454,22.213010204081634,6.331388888888889,1.05885201446281,32,27,72,0.11808118081180811,0.15867158671586715,0.4981549815498155,1
19,27,96,4020.75,5342.25,6987.0,335,0.03582757852528403,0.04760302962797951,0.06225885497883716,11.137811634349031,7.328189300411522,0.7581380208333334,38,31,69,0.3074626865671642,0.19701492537313434,0.208955223880597,1
14,24,102,4901.5,6529.75,9040.0,271,0.06674064895630506,0.08891150719625278,0.12309200582780735,25.007653061224488,11.336371527777779,0.8688965782391388,30,31,82,0.11070110701107011,0.13284132841328414,0.46863468634686345,1
14,27,109,8799.0,6328.75,5976.75,279,0.11303811615986434,0.08130355468197993,0.07678151616757235,44.892857142857146,8.681412894375857,0.5030510899755912,52,37,60,0.44802867383512546,0.21505376344086022,0.3835125448028674,1
17,24,101,5737.5,6082.0,9806.0,243,0.09716506630086877,0.102999204050873,0.1660654710494674,19.852941176470587,10.559027777777779,0.9612783060484267,30,28,97,0.4609053497942387,0.23045267489711935,0.5061728395061729,1
17,26,109,5552.25,6828.25,7805.0,263,0.08027078604577195,0.09871835648917868,0.11283956685798552,19.211937716262977,10.100961538461538,0.6569312347445502,40,28,81,0.5057034220532319,0.4144486692015209,0.4828897338403042,1
16,27,130,4945.5,6041.0,9830.5,351,0.04014171962889911,0.049033692908336785,0.07979237181516384,19.318359375,8.286694101508916,0.5816863905325443,31,33,92,0.36182336182336183,0.28774928774928776,0.28774928774928776,1
15,25,92,6293.0,8082.5,10029.0,331,0.057438322030649594,0.0737716888308796,0.09153804729785234,27.968888888888888,12.932,1.1849007561436673,42,22,96,0.4350453172205438,0.27794561933534745,0.338368580060423,1
14,27,135,6125.0,4338.0,7852.25,271,0.08340028049726991,0.059067823150556226,0.10691915959750004,31.25,5.950617283950617,0.43085048010973936,36,30,79,0.4797047970479705,0.3210332103321033,0.2915129151291513,1
17,24,124,5297.0,6134.5,8260.0,283,0.06613892045099827,0.0765960369089388,0.10313526202100164,18.32871972318339,10.65017361111111,0.5372008324661811,39,22,85,0.3674911660777385,0.1872791519434629,0.4911660777385159,1
17,23,104,6395.5,8897.5,9461.0,295,0.0734903763286412,0.10224073542085607,0.10871588623958632,22.129757785467127,16.81947069943289,0.8747226331360947,35,45,90,0.45084745762711864,0.5152542372881356,0.45084745762711864,1
14,22,103,5951.0,5731.0,5579.5,247,0.09754298546116147,0.09393696012063794,0.09145371994295924,30.362244897959183,11.840909090909092,0.5259213875011782,45,32,63,0.5182186234817814,0.19433198380566802,0.42105263157894735,1
16,27,107,4706.5,5141.0,7035.0,315,0.04743260267069791,0.05181153943058705,0.07089947089947089,18.384765625,7.0521262002743486,0.6144641453402044,40,28,79,0.36507936507936506,0.3746031746031746,0.4031746031746032,1
14,22,105,5246.5,5036.0,9128.5,335,0.0467498329249276,0.0448741367787926,0.08134105591445756,26.767857142857142,10.40495867768595,0.8279818594104308,38,30,88,0.44477611940298506,0.25970149253731345,0.39104477611940297,1
15,23,118,8205.0,6549.0,8580.75,327,0.07673315938613473,0.06124624751003002,0.08024717335802262,36.46666666666667,12.379962192816635,0.616256104567653,6,7,89,0.01834862385321101,0.03058103975535168,0.40061162079510704,1
19,23,117,5022.5,6723.0,12380.0,335,0.04475384272666518,0.05990643795945645,0.1103141011361105,13.912742382271468,12.708884688090738,0.904375776170648,36,23,104,0.36716417910447763,0.11641791044776119,0.41194029850746267,1
14,30,104,6302.75,5996.5,8693.75,359,0.048903639791745876,0.04652741676430195,0.06745563737090805,32.15688775510204,6.6627777777777775,0.8037860576923077,45,2,92,0.2618384401114206,0.005571030640668524,0.3565459610027855,1
16,27,145,6151.75,6214.0,7847.5,279,0.07902968872445112,0.07982939581968372,0.10081448080060637,24.0302734375,8.52400548696845,0.3732461355529132,35,29,80,0.34408602150537637,0.2831541218637993,0.4050179211469534,1
13,24,106,6148.0,5313.25,7446.5,271,0.08371345706076987,0.07234719026157051,0.10139431652619109,36.37869822485207,9.22439236111111,0.6627358490566038,40,37,75,0.42066420664206644,0.3800738007380074,0.4022140221402214,1
14,24,111,5245.0,5318.0,6544.0,315,0.05285966238347191,0.053595364071554547,0.06595112118921642,26.760204081632654,9.23263888888889,0.5311257203149095,32,22,71,0.4,0.21587301587301588,0.37777777777777777,1
14,24,101,6409.0,3900.5,6501.0,271,0.08726733023787803,0.05311066025789409,0.08852003649187784,32.69897959183673,6.771701388888889,0.6372904617194393,34,31,74,0.36162361623616235,0.4059040590405904,0.42435424354243545,1
19,28,121,5466.5,5868.0,9047.0,279,0.07022648732673013,0.07538443750722627,0.11622409784046968,15.142659279778393,7.48469387755102,0.6179222730687794,33,28,81,0.3942652329749104,0.2867383512544803,0.3835125448028674,1
14,30,115,5390.5,5159.0,6284.5,251,0.08556213393438199,0.08188758908588753,0.09975238488277964,27.502551020408163,5.732222222222222,0.47519848771266543,31,31,68,0.41434262948207173,0.40239043824701193,0.35856573705179284,1
16,26,118,5621.5,5571.0,8439.0,247,0.09214214296251373,0.09131439623662083,0.13832385385762758,21.958984375,8.24112426035503,0.6060758402757829,28,27,78,0.4574898785425101,0.44129554655870445,0.5303643724696356,1
14,24,107,4168.5,5286.0,7114.5,287,0.05060763151185519,0.06417462880452597,0.08637351430756716,21.267857142857142,9.177083333333334,0.6214079832299764,30,34,78,0.37630662020905925,0.3797909407665505,0.4250871080139373,1
14,23,110,5513.0,5215.5,9438.0,263,0.07970333530917029,0.07540227558588385,0.13644840896933597,28.127551020408163,9.859168241965973,0.78,33,30,88,0.3041825095057034,0.4790874524714829,0.55893536121673,1
19,23,131,5332.0,5317.5,8354.0,271,0.07260249724268461,0.07240505984395637,0.11375117441211312,14.770083102493075,10.051984877126655,0.4868014684458948,33,24,80,0.4317343173431734,0.16605166051660517,0.2988929889298893,1
14,30,118,6252.75,7964.25,8224.75,311,0.06464728445735672,0.08234251093350979,0.08503582469163884,31.901785714285715,8.849166666666667,0.5906887388681413,30,28,82,0.28938906752411575,0.21864951768488747,0.26366559485530544,1
19,26,105,6578.0,8311.0,10294.0,327,0.06151745550786036,0.07772447137820424,0.0962694872298441,18.221606648199447,12.294378698224852,0.9336961451247165,41,40,98,0.45871559633027525,0.37920489296636084,0.4831804281345566,1
14,22,94,4421.5,7296.0,5911.5,331,0.04035651372294886,0.06659303949398052,0.05395624355381933,22.558673469387756,15.074380165289256,0.66902444545043,27,37,74,0.27794561933534745,0.24169184290030213,0.2809667673716012,1
14,26,127,5779.0,7135.5,7438.5,255,0.08887351018838908,0.10973471741637832,0.11439446366782006,29.48469387755102,10.555473372781066,0.46118792237584477,36,37,84,0.3176470588235294,0.1450980392156863,0.4549019607843137,1
14,24,102,8430.5,5704.5,7056.0,335,0.07512140788594342,0.050830920026732014,0.0628736912452662,43.01275510204081,9.903645833333334,0.6782006920415224,38,33,79,0.408955223880597,0.33134328358208953,0.2716417910447761,1
19,23,130,3819.0,4800.5,7153.0,263,0.055212595237751017,0.06940247798869435,0.10341337882577455,10.578947368421053,9.074669187145558,0.4232544378698225,26,20,80,0.24714828897338403,0.20912547528517111,0.39543726235741444,1
16,29,118,4883.5,5312.5,5214.5,319,0.047989897898015936,0.05220565835634477,0.051242617505724196,19.076171875,6.316884661117717,0.3744972708991669,34,38,59,0.22570532915360503,0.2852664576802508,0.2946708463949843,1
14,24,101,6132.75,5857.0,6462.5,295,0.07047112898592359,0.06730249928181557,0.07426027003734559,31.289540816326532,10.168402777777779,0.6335163219292226,32,36,71,0.25084745762711863,0.2440677966101695,0.423728813559322,1
15,24,109,4497.5,6757.0,9226.5,263,0.06502190287556564,0.09768827075713109,0.13339068079631047,19.988888888888887,11.730902777777779,0.7765760457873916,32,25,82,0.4600760456273764,0.30038022813688214,0.3193916349809886,1
15,23,91,4682.5,5460.0,7398.5,307,0.04968222474509013,0.05793164914216596,0.078499506626065,20.81111111111111,10.321361058601134,0.8934307450790967,29,25,71,0.15309446254071662,0.2899022801302932,0.2768729641693811,1
20,26,80,3943.5,4650.0,7526.0,303,0.04295330523151325,0.05064862921935758,0.08197453408707207,9.85875,6.878698224852071,1.1759375,24,35,74,0.25412541254125415,0.1782178217821782,0.3201320132013201,1
17,30,107,5560.5,5462.25,5344.5,291,0.0656640804903107,0.06450384383746059,0.06311333120770893,19.240484429065745,6.069166666666667,0.46680932832561794,40,33,56,0.2852233676975945,0.28865979381443296,0.3539518900343643,1
27,37,108,6141.5,3766.5,6107.0,279,0.07889801004611965,0.04838709677419355,0.07845479888490642,8.424554183813443,2.7512783053323595,0.523576817558299,38,19,67,0.4229390681003584,0.06810035842293907,0.24731182795698925,1
13,23,115,4908.0,5022.0,7794.75,247,0.08044714714222492,0.08231572390958711,0.1277639364683899,29.041420118343197,9.493383742911153,0.5893950850661626,37,27,73,0.4251012145748988,0.3441295546558704,0.39271255060728744,1
15,25,92,5501.5,4981.0,5850.5,227,0.10676512255234916,0.09666401443847154,0.11353800772380601,24.45111111111111,7.9696,0.6912216446124764,23,31,62,0.3392070484581498,0.2555066079295154,0.5066079295154186,1
14,23,113,4170.5,5188.75,8007.75,279,0.053577163705502244,0.0666583163114554,0.10287316452769106,21.278061224489797,9.8086011342155,0.6271242853786514,42,33,77,0.3906810035842294,0.2831541218637993,0.4014336917562724,1
24,29,92,4051.5,5345.25,9965.5,299,0.04531828503036879,0.059789599668907505,0.11146967036162907,7.033854166666667,6.355826397146254,1.177398393194707,27,34,86,0.3511705685618729,0.2809364548494983,0.43478260869565216,1
16,30,93,6268.0,6995.5,11636.5,247,0.10273894015637038,0.11466341031651067,0.19073415397728205,24.484375,7.772777777777778,1.3454156549890162,33,39,97,0.4898785425101215,0.3684210526315789,0.4008097165991903,1
16,27,82,4398.0,4788.5,7624.5,259,0.0655625288829922,0.07138384937612736,0.11366109628657892,17.1796875,6.568587105624142,1.133923259964307,18,35,75,0.0694980694980695,0.42857142857142855,0.3127413127413127,1
16,24,101,5562.0,6091.5,9909.5,279,0.07145334720776969,0.07825567502986858,0.12730437687080073,21.7265625,10.575520833333334,0.9714243701597882,32,34,94,0.4265232974910394,0.4050179211469534,0.5161290322580645,1
15,24,99,5641.0,6127.0,9542.5,327,0.052754631577962945,0.057299703541602375,0.08924145928606833,25.07111111111111,10.637152777777779,0.9736251402918069,35,37,84,0.27522935779816515,0.36085626911314983,0.345565749235474,1
21,26,101,5684.5,4801.25,12060.0,343,0.04831745276202943,0.04080995163579801,0.10250830861290788,12.890022675736962,7.102440828402367,1.1822370355847467,36,33,101,0.23615160349854228,0.239067055393586,0.3236151603498542,1
17,25,72,4808.75,4963.5,9735.0,321,0.046668316495375624,0.04817014586426762,0.09447695577488573,16.639273356401382,7.9416,1.8778935185185186,32,32,91,0.21495327102803738,0.2398753894080997,0.308411214953271,1
16,27,103,5361.5,4745.0,7080.5,287,0.06509123578045138,0.05760662385120616,0.08596073765615705,20.943359375,6.508916323731139,0.6674050334621547,30,26,66,0.34146341463414637,0.31010452961672474,0.42160278745644597,1
15,24,145,5026.5,7041.5,11575.5,363,0.0381463014821392,0.05343821384392384,0.0878469139175375,22.34,12.22482638888889,0.5505588585017835,37,33,92,0.42699724517906334,0.14600550964187328,0.30578512396694213,1
22,39,102,6127.0,7930.25,12262.25,335,0.05459567832479394,0.07066384495433281,0.10926486968144353,12.659090909090908,5.213839579224195,1.1786091887735486,25,26,99,0.28059701492537314,0.20597014925373133,0.30149253731343284,1
14,24,98,7294.25,7939.0,14361.5,323,0.06991584315003499,0.0760958122861333,0.13765587708115673,37.2155612244898,13.78298611111111,1.4953665139525198,41,33,112,0.3560371517027864,0.2724458204334365,0.34674922600619196,1
18,26,95,7245.5,8347.5,21209.5,351,0.058810399266239724,0.06775513185769597,0.1721536351165981,22.362654320987655,12.34837278106509,2.3500831024930746,50,47,136,0.150997150997151,0.39316239316239315,0.5498575498575499,1
22,31,101,4182.0,5008.5,11926.5,255,0.06431372549019608,0.0770242214532872,0.18341407151095732,8.640495867768594,5.211758584807492,1.1691500833251642,27,28,103,0.3803921568627451,0.22745098039215686,0.5372549019607843,1
19,29,96,5521.5,5217.5,10879.0,319,0.05425949037450497,0.051272098348090135,0.10690736136633877,15.295013850415513,6.203923900118906,1.1804470486111112,38,28,96,0.4231974921630094,0.22884012539184953,0.3322884012539185,1
17,22,142,5256.0,4613.25,9701.5,287,0.06381041411210528,0.05600711432699195,0.11778096128397819,18.186851211072664,9.53150826446281,0.4811297361634596,48,33,83,0.2857142857142857,0.2264808362369338,0.5226480836236934,1
14,24,71,5278.5,5544.75,11430.25,279,0.06781130766562608,0.07123174162716306,0.14684099639007722,26.931122448979593,9.626302083333334,2.2674568537988495,37,21,95,0.4731182795698925,0.14695340501792115,0.5591397849462365,1
17,24,135,5114.25,5570.25,7643.5,255,0.07865051903114187,0.0856632064590542,0.11754709727028066,17.69636678200692,9.670572916666666,0.41939643347050753,22,32,71,0.16470588235294117,0.43137254901960786,0.4470588235294118,1
20,30,146,4283.5,5453.0,6652.25,259,0.06385563721471058,0.0812897839924867,0.09916742445699975,10.70875,6.058888888888889,0.3120777819478326,31,18,65,0.20077220077220076,0.138996138996139,0.30115830115830117,1
24,34,74,4518.25,4558.25,14302.0,283,0.056415362908764,0.05691480727690444,0.17857633382861565,7.844184027777778,3.9431228373702423,2.6117604090577062,29,24,104,0.3392226148409894,0.14840989399293286,0.5865724381625441,1
14,24,80,3851.75,6522.0,15489.75,263,0.05568607324090272,0.09429079500932498,0.22394063814714685,19.651785714285715,11.322916666666666,2.4202734375,26,39,107,0.2737642585551331,0.5057034220532319,0.5703422053231939,1
17,24,72,4341.0,4693.0,10841.5,335,0.03868122076186233,0.04181777678770327,0.09660503452884829,15.020761245674741,8.147569444444445,2.091338734567901,28,25,85,0.3373134328358209,0.16417910447761194,0.4,1
14,24,83,6060.5,8435.0,23134.5,391,0.03964194373401535,0.05517363177896534,0.1513235784695286,30.92091836734694,14.644097222222221,3.3581797067789227,45,42,144,0.30434782608695654,0.2531969309462916,0.5754475703324808,1
15,20,102,7999.0,9580.0,20310.5,375,0.05688177777777778,0.06812444444444445,0.1444302222222222,35.55111111111111,23.95,1.9521818531334103,50,47,136,0.32,0.296,0.38133333333333336,1
16,27,75,7449.5,8318.25,18045.25,383,0.05078431238879534,0.05670670602430993,0.12301706331081404,29.099609375,11.410493827160494,3.2080444444444445,53,38,124,0.39425587467362927,0.3577023498694517,0.4804177545691906,1
14,27,64,10874.0,10879.75,25303.25,359,0.08437240555240881,0.08441702035210776,0.1963303357360666,55.47959183673469,14.924211248285323,6.17755126953125,50,52,157,0.479108635097493,0.27019498607242337,0.5181058495821727,1
14,24,99,7743.5,9366.0,21144.5,471,0.03490563060931027,0.04221942742775231,0.09531376075657791,39.50765306122449,16.260416666666668,2.157381899806142,54,51,133,0.3036093418259023,0.37791932059447986,0.37791932059447986,1
16,24,77,6299.5,7535.5,18130.0,351,0.05113189016322919,0.06116427626399137,0.14715789644564573,24.607421875,13.082465277777779,3.0578512396694215,38,35,127,0.36182336182336183,0.26495726495726496,0.42165242165242167,1
17,21,72,6476.0,8180.5,19991.25,319,0.06363931172060024,0.08038934365817946,0.19645296331600515,22.408304498269896,18.549886621315192,3.8563368055555554,40,40,127,0.45141065830721006,0.4263322884012539,0.47962382445141066,1
14,22,100,6816.5,8014.5,18272.5,335,0.06073958565382045,0.0714145689463132,0.16282022722209846,34.7780612244898,16.55888429752066,1.82725,46,46,126,0.3253731343283582,0.4626865671641791,0.46865671641791046,1
16,27,80,6466.5,7198.0,19098.0,359,0.05017419169621589,0.05584997012748194,0.1481832077653029,25.259765625,9.873799725651578,2.9840625,46,42,126,0.12813370473537605,0.27298050139275765,0.5292479108635098,1
14,22,73,4102.5,6270.0,13369.5,303,0.044685161585465476,0.06829395810868215,0.1456229781393981,20.931122448979593,12.954545454545455,2.5088196659786077,32,29,101,0.47194719471947194,0.33003300330033003,0.45874587458745875,1
17,25,89,5013.75,6463.25,11764.25,327,0.046888589624891286,0.06044431351644549,0.11001926511984587,17.348615916955016,10.3412,1.4851975760636282,33,30,101,0.345565749235474,0.22324159021406728,0.3394495412844037,1
17,24,111,5261.0,5753.0,14063.0,343,0.04471776215692441,0.04889969315506294,0.119533527696793,18.20415224913495,9.987847222222221,1.1413846278711144,38,35,106,0.3935860058309038,0.19825072886297376,0.39067055393586003,1
14,22,99,4615.75,6287.5,9938.75,299,0.05162973568528316,0.0703291909486471,0.11117045670630082,23.549744897959183,12.990702479338843,1.0140546882971126,39,37,85,0.3010033444816054,0.3612040133779264,0.5317725752508361,1
16,26,72,4017.0,6331.0,10679.5,255,0.0617762399077278,0.09736255286428297,0.16423683198769704,15.69140625,9.365384615384615,2.060088734567901,31,31,95,0.37254901960784315,0.3803921568627451,0.43137254901960786,1
14,24,70,4402.0,8567.0,13928.5,271,0.05993927097942566,0.11665146171756921,0.18965564194387333,22.459183673469386,14.87326388888889,2.8425510204081634,30,41,106,0.3247232472324723,0.46863468634686345,0.5719557195571956,1
15,23,97,4962.25,6052.75,13561.75,271,0.06756784357511472,0.08241649759671028,0.18466183739328168,22.054444444444446,11.44187145557656,1.4413593368051865,42,35,100,0.26199261992619927,0.42066420664206644,0.5239852398523985,1
17,24,75,6707.25,6894.75,20788.75,263,0.09696901791264873,0.09967976983908977,0.30055010192427245,23.208477508650518,11.970052083333334,3.695777777777778,51,50,141,0.714828897338403,0.6311787072243346,0.7908745247148289,1
17,27,95,8774.0,8218.25,24576.5,359,0.06807830479279335,0.06376618741319512,0.1906914130088997,30.359861591695502,11.273319615912209,2.723157894736842,60,54,151,0.4986072423398329,0.2757660167130919,0.5487465181058496,1
14,24,96,7806.0,8897.5,24501.5,327,0.07300171141598631,0.08320941933432464,0.2291380261668958,39.826530612244895,15.44704861111111,2.6585828993055554,60,60,153,0.42507645259938837,0.1834862385321101,0.5718654434250765,1
16,27,58,6407.0,7104.5,23819.0,307,0.06797950110876508,0.07538011013379452,0.25272416683466137,25.02734375,9.74554183813443,7.080558858501783,56,54,148,0.5244299674267101,0.18892508143322476,0.6188925081433225,1
14,22,59,7501.0,8901.5,27587.5,351,0.060884246069431255,0.07225184860512496,0.22392269543266693,38.27040816326531,18.391528925619834,7.925165182418845,53,53,158,0.5299145299145299,0.4074074074074074,0.5527065527065527,1
14,22,99,5032.0,6882.5,21396.0,327,0.04705926362352589,0.06436513948507888,0.20009539039923688,25.6734693877551,14.22004132231405,2.1830425466789105,43,43,146,0.45871559633027525,0.47706422018348627,0.617737003058104,1
19,20,109,5395.5,6621.5,14972.0,295,0.06199942545245619,0.076087331226659,0.17204251651824187,14.945983379501385,16.55375,1.2601632859186938,41,38,110,0.4745762711864407,0.4745762711864407,0.4745762711864407,1
14,24,61,4884.5,5253.5,13435.5,311,0.05050092534196297,0.054316022373631374,0.13890985411647935,24.92091836734694,9.120659722222221,3.610722923945176,40,29,105,0.2797427652733119,0.22508038585209003,0.5594855305466238,1
20,29,100,5442.0,5546.5,10150.0,263,0.07867686391302463,0.08018765632002776,0.14674203761800808,13.605,6.595124851367419,1.015,34,31,89,0.5133079847908745,0.11787072243346007,0.4524714828897338,1
17,26,113,6082.5,7979.0,14545.5,355,0.048264233287046224,0.06331283475500893,0.11541757587780202,21.046712802768166,11.803254437869823,1.1391260083013548,42,46,98,0.30704225352112674,0.30985915492957744,0.5661971830985916,1
18,27,129,4898.5,6047.0,8691.5,299,0.05479245198599568,0.06763906443999508,0.09721927047795886,15.118827160493828,8.294924554183813,0.5222943332732408,31,31,82,0.3010033444816054,0.10367892976588629,0.46488294314381273,1
14,30,89,5518.5,7804.0,17161.5,343,0.04690647604314529,0.06633290550705913,0.1458703431393382,28.15561224489796,8.671111111111111,2.166582502209317,42,36,126,0.3294460641399417,0.34402332361516036,0.4227405247813411,1
14,24,64,6123.0,6194.0,19007.5,359,0.04750894235767879,0.048059838145265786,0.14748100961351945,31.239795918367346,10.753472222222221,4.6405029296875,55,49,131,0.479108635097493,0.403899721448468,0.467966573816156,1
15,27,102,7045.5,7112.0,15777.5,359,0.054666708048509864,0.05518268790589769,0.1224191308261109,31.313333333333333,9.755829903978052,1.5164840445982315,44,39,121,0.43175487465181056,0.3871866295264624,0.5013927576601671,1
17,23,113,5712.0,7313.5,17980.0,319,0.05613152386474189,0.07186938021442399,0.17668851524650897,19.764705882352942,13.825141776937619,1.408097736706085,48,50,129,0.23510971786833856,0.22884012539184953,0.42946708463949845,1
17,24,61,6788.0,5699.5,20460.0,255,0.10439061899269511,0.08765090349865437,0.31464821222606687,23.4878892733564,9.894965277777779,5.498521902714324,49,46,138,0.47843137254901963,0.43529411764705883,0.7725490196078432,1
14,20,90,5949.5,6893.0,18372.0,351,0.04829100413145997,0.055949221191386435,0.14912216621618332,30.354591836734695,17.2325,2.268148148148148,56,53,130,0.39886039886039887,0.2792022792022792,0.4757834757834758,1
15,25,119,5852.5,6703.5,11307.5,271,0.07968981903841178,0.09127735188791003,0.15396713007720483,26.011111111111113,10.7256,0.7984958689358096,30,1,101,0.11070110701107011,0.0036900369003690036,0.3837638376383764,1
14,27,128,6000.25,7036.25,16562.25,311,0.062036682829995554,0.07274790376443585,0.17123737347628745,30.613520408163264,9.651920438957475,1.0108795166015625,46,42,133,0.35691318327974275,0.14790996784565916,0.5659163987138264,1
16,27,148,5322.5,5548.0,11640.0,311,0.05502941450150433,0.05736086268752391,0.12034615026726357,20.791015625,7.6104252400548695,0.5314097881665449,37,35,104,0.24437299035369775,0.31511254019292606,0.4565916398713826,1
19,24,106,4458.5,5918.0,13134.75,267,0.06254120551557744,0.08301420976588253,0.18424651769557715,12.350415512465373,10.274305555555555,1.1689880740477039,39,38,110,0.45318352059925093,0.5355805243445693,0.41198501872659177,1
13,24,83,4428.75,6862.0,15462.25,319,0.04352109354271283,0.06743251343835065,0.1519467182908973,26.20562130177515,11.913194444444445,2.24448395993613,47,43,118,0.3322884012539185,0.3322884012539185,0.47335423197492166,1
14,21,142,5960.0,6437.0,14070.5,303,0.06491738282739165,0.07011295188924833,0.15325839514644535,30.408163265306122,14.596371882086167,0.6978030152747471,37,36,114,0.46864686468646866,0.429042904290429,0.5181518151815182,1
15,21,146,7549.5,7250.5,17755.0,319,0.07418853981387762,0.07125028252473933,0.1744774520690638,33.553333333333335,16.441043083900226,0.8329423906924376,50,44,119,0.47648902821316613,0.3322884012539185,0.6206896551724138,1
15,27,82,8025.5,6621.0,21451.0,383,0.05471098719058689,0.04513630878934344,0.1462345506479695,35.66888888888889,9.08230452674897,3.1902141582391432,58,39,127,0.44386422976501305,0.2558746736292428,0.4308093994778068,1
19,24,122,4446.5,6366.25,12834.5,295,0.051094513070956624,0.07315426601551278,0.14748060902039645,12.317174515235457,11.05251736111111,0.862301800591239,30,31,106,0.1864406779661017,0.22033898305084745,0.37966101694915255,1
14,24,95,5775.25,5532.0,13094.5,307,0.06127651221763626,0.058695582977007714,0.1389351611157678,29.465561224489797,9.604166666666666,1.4509141274238226,43,44,111,0.3517915309446254,0.4820846905537459,0.44299674267100975,1
14,24,122,6617.5,6715.5,15990.5,343,0.05624782191093847,0.05708080816666525,0.1359170073693784,33.76275510204081,11.658854166666666,1.0743415748454717,47,43,122,0.46647230320699706,0.26822157434402333,0.4198250728862974,1
14,24,119,6194.0,6369.5,13713.5,335,0.055192693250167076,0.05675651592782357,0.12219648028514146,31.602040816326532,11.058159722222221,0.9683991243556246,37,35,109,0.25970149253731345,0.3761194029850746,0.4388059701492537,1
15,22,141,5717.5,7197.75,13876.5,327,0.05347005957223952,0.06731335746149314,0.12977302696181578,25.41111111111111,14.871384297520661,0.6979779689150445,43,43,114,0.2415902140672783,0.4617737003058104,0.46788990825688076,1
16,27,84,4547.25,7292.75,17866.75,327,0.042525881659792944,0.06820179745438562,0.16708984466328125,17.7626953125,10.003772290809328,2.5321357709750565,47,47,128,0.3363914373088685,0.44648318042813456,0.5596330275229358,1
22,26,147,5730.5,7439.0,15592.5,335,0.0510625974604589,0.06628647805747383,0.1389396302071731,11.839876033057852,11.004437869822485,0.7215743440233237,45,44,122,0.33134328358208953,0.3701492537313433,0.4955223880597015,1
15,21,105,6548.0,7020.5,19772.0,315,0.06599143361048122,0.070753338372386,0.19926429831191736,29.102222222222224,15.919501133786849,1.7933786848072562,49,46,134,0.28888888888888886,0.40634920634920635,0.5142857142857142,1
14,23,111,5362.0,7605.0,16432.5,287,0.06509730602532506,0.09232842452864548,0.19949859777343418,27.357142857142858,14.376181474480152,1.3336985634282932,36,36,123,0.5087108013937283,0.397212543554007,0.5679442508710801,1
16,26,91,4738.0,6512.0,15910.0,319,0.04656007704326805,0.06399308182899147,0.15634673401401322,18.5078125,9.633136094674557,1.921265547639174,45,42,119,0.3510971786833856,0.30407523510971785,0.3761755485893417,1
24,35,122,4223.5,6300.25,12348.75,263,0.06106059072705981,0.09108487906432072,0.17853012187540662,7.332465277777778,5.143061224489796,0.8296660843859177,27,37,108,0.2889733840304182,0.23574144486692014,0.44106463878326996,1
17,20,94,5254.0,5934.5,15639.5,343,0.044658263138658214,0.05044241770010795,0.13293355659631617,18.17993079584775,14.83625,1.7699751018560435,46,30,121,0.27405247813411077,0.282798833819242,0.5102040816326531,1
19,30,120,3846.5,6446.5,11425.5,295,0.04419994254524562,0.07407641482332664,0.13128985923585176,10.655124653739612,7.1627777777777775,0.7934375,30,35,104,0.34915254237288135,0.11864406779661017,0.49491525423728816,1
15,27,99,5478.0,6752.5,14087.0,319,0.0538320181601989,0.06635646269199398,0.13843220880297952,24.346666666666668,9.262688614540467,1.437302316090195,44,43,108,0.4952978056426332,0.335423197492163,0.4952978056426332,1
17,24,127,5566.5,6896.5,17367.5,295,0.06396437805228383,0.07924734271760989,0.19956908934214307,19.261245674740483,11.973090277777779,1.0767871535743072,49,46,128,0.5220338983050847,0.3694915254237288,0.5016949152542373,1
15,26,99,5032.5,6028.5,13981.5,267,0.07059293860202837,0.08456423852207214,0.1961242267390481,22.366666666666667,8.917899408284024,1.4265381083562902,17,30,116,0.06367041198501873,0.27340823970037453,0.6179775280898876,1
19,28,131,5991.0,5688.0,12954.0,315,0.06037792894935752,0.057324263038548755,0.130551776266062,16.59556786703601,7.255102040816326,0.7548511159023367,42,41,108,0.3682539682539683,0.40634920634920635,0.4793650793650794,1
17,24,89,6132.0,6261.5,7584.5,275,0.08108429752066115,0.08279669421487604,0.1002909090909091,21.217993079584776,10.870659722222221,0.9575179901527585,38,25,82,0.3927272727272727,0.24727272727272728,0.3709090909090909,1
