SrcIPF0,DstIPF0,DstPortF0,SrcIPF2,DstIPF2,DstPortF2,Events_F1,SrcIP_BurstIndex,DstIP_BurstIndex,DstPort_BurstIndex,SrcIP_Concentration,DstIP_Concentration,DstPort_Concentration,SrcIP_MaxCount,DstIP_MaxCount,DstPort_MaxCount,SrcIP_FractionOfMass,DstIP_FractionOfMass,DstPort_FractionOfMass,Attack
125,86,34,909.5,791.5,4853.0,101,0.08915792569355946,0.07759043231055779,0.4757376727771787,0.058208,0.10701730665224446,4.198096885813149,14,12,67,0.4158415841584158,0.33663366336633666,0.8613861386138614,1
115,92,22,642.75,763.5,4581.75,97,0.0683122542246785,0.08114571155276863,0.48695398023169306,0.04860113421550095,0.09020557655954631,9.46642561983471,12,0,65,0.30927835051546393,0.0,0.865979381443299,1
143,64,137,25027.5,22913.5,98993.5,479,0.10908033001948213,0.09986663238043768,0.43145514533147955,1.2238984791432344,5.5941162109375,5.2743087005168094,72,66,299,0.5177453027139874,0.4154488517745303,0.964509394572025,0
105,65,430,79748.0,68903.5,185352.5,911,0.0960910737287043,0.08302416736050781,0.2233375224870801,7.233378684807256,16.30852071005917,1.0024472687939427,98,98,425,0.27991218441273324,0.29637760702524696,0.6882546652030735,0
115,82,150,18342.5,18684.25,30282.5,447,0.09180016916154927,0.09351055257771171,0.15155723716148922,1.3869565217391304,2.7787403331350387,1.345888888888889,58,70,158,0.13646532438478748,0.15883668903803133,0.6465324384787472,0
125,74,194,6192.5,5382.5,5316.0,251,0.09829209060173648,0.08543515182298694,0.08437961302201552,0.39632,0.9829254930606282,0.14124774152407268,33,39,50,0.40239043824701193,0.49800796812749004,0.24701195219123506,0
115,89,279,6375.5,6619.75,4977.25,263,0.09217279417079906,0.09570400034697625,0.07195781347135277,0.48207939508506614,0.8357214998106299,0.06394123919271336,39,45,49,0.5399239543726235,0.4524714828897338,0.2661596958174905,1
143,90,361,6537.0,6383.75,5179.75,243,0.11070466900370879,0.10810936679706684,0.08771952107571677,0.31967333365934764,0.7881172839506173,0.03974608850453879,40,34,43,0.448559670781893,0.26337448559670784,0.18106995884773663,0
105,65,410,4640.25,4715.75,5025.5,251,0.07365359280011428,0.07485198647640513,0.07976857510198251,0.4208843537414966,1.116153846153846,0.02989589530041642,35,30,48,0.450199203187251,0.1952191235059761,0.4103585657370518,0
105,73,249,5498.25,5522.5,4766.5,251,0.08727242424723416,0.08765733877240044,0.07565752924556753,0.4987074829931973,1.0363107524863953,0.07687779229367268,36,39,47,0.4103585657370518,0.3545816733067729,0.4940239043824701,0
105,79,228,6759.0,6315.5,5408.5,227,0.13116885637213996,0.12256205243649207,0.10496031360981195,0.6130612244897959,1.0119371895529563,0.10404162819329024,40,38,48,0.44052863436123346,0.5594713656387665,0.2422907488986784,0
126,90,385,5284.0,5702.0,3441.5,223,0.10625590701602687,0.11466146514106457,0.06920509159645277,0.3328294280675233,0.7039506172839506,0.023218080620678025,48,36,33,0.5964125560538116,0.6188340807174888,0.3542600896860987,0
115,87,230,4956.0,5817.25,3074.75,255,0.07621683967704729,0.08946174548250672,0.04728565936178393,0.37474480151228734,0.768562557801559,0.05812381852551985,36,35,20,0.5058823529411764,0.36470588235294116,0.2,0
143,54,270,5958.5,4469.25,3681.25,235,0.10789497510185604,0.08092802172928927,0.06665912177455863,0.2913834417330921,1.5326646090534979,0.05049725651577503,39,28,25,0.39574468085106385,0.32340425531914896,0.10638297872340426,0
105,83,543,4411.0,5239.75,5505.25,283,0.055076227696687435,0.06542409069909726,0.06873915269262945,0.4000907029478458,0.7605966032805922,0.018671421642942658,19,19,46,0.12367491166077739,0.18021201413427562,0.31095406360424027,0
105,70,665,7289.5,8057.0,7762.75,247,0.11948237145339212,0.1320624825845367,0.1272394236915865,0.6611791383219955,1.6442857142857144,0.017553847023573974,49,15,70,0.5587044534412956,0.08502024291497975,0.6153846153846154,0
125,71,265,4193.5,3866.5,3989.25,227,0.08138135807021289,0.07503541694967882,0.07741757068835024,0.268384,0.7670105137869471,0.05680669277322891,40,31,37,0.43171806167400884,0.3744493392070485,0.16299559471365638,1
115,106,445,6304.0,5686.0,5187.75,235,0.11415119963784517,0.10296061566319602,0.09393843368039836,0.4766729678638941,0.5060519757920968,0.026197449816942307,43,34,46,0.451063829787234,0.4723404255319149,0.3659574468085106,0
105,89,434,4694.5,5323.5,3987.0,207,0.10955914957175196,0.12423860533501366,0.09304767905902121,0.4258049886621315,0.6720742330513824,0.021167363927881246,38,33,43,0.45410628019323673,0.4975845410628019,0.3719806763285024,0
143,56,263,4481.5,5112.0,4883.5,219,0.09344050374262422,0.10658660161381123,0.10182231396342861,0.21915497090322264,1.6301020408163265,0.07060243750813226,38,29,48,0.3744292237442922,0.54337899543379,0.4611872146118721,1
105,87,212,6886.0,5979.0,3827.5,255,0.10589773164167628,0.09194925028835063,0.058861976163014224,0.6245804988662131,0.7899326198969481,0.08516153435386259,42,40,32,0.42745098039215684,0.396078431372549,0.3333333333333333,0
125,86,171,5702.0,5620.5,4449.0,243,0.09656387068366949,0.09518366102728243,0.07534420565970634,0.364928,0.7599378042184964,0.1521493792961937,30,25,44,0.3786008230452675,0.2757201646090535,0.32098765432098764,1
105,54,357,6224.75,6032.75,5173.5,287,0.0755715135548568,0.07324053952336437,0.06280882370794838,0.5646031746031746,2.068844307270233,0.04059270767130382,42,31,49,0.32752613240418116,0.32752613240418116,0.3310104529616725,1
115,96,228,5455.75,4871.75,4626.75,255,0.08390234525182622,0.07492118415993848,0.07115340253748559,0.41253308128544425,0.5286187065972222,0.08900334718374885,21,28,37,0.08235294117647059,0.18823529411764706,0.38823529411764707,1
105,72,297,4948.0,4944.0,4871.0,215,0.10704164413196322,0.10695511087074094,0.10537587885343429,0.4487981859410431,0.9537037037037037,0.055221122561189905,52,28,46,0.24186046511627907,0.44651162790697674,0.3953488372093023,1
105,102,310,3969.5,4628.5,3081.5,283,0.04956361048333729,0.0577919564484511,0.03847594551061943,0.3600453514739229,0.44487697039600155,0.032065556711758585,32,29,32,0.1872791519434629,0.1872791519434629,0.16607773851590105,1
143,86,296,6517.5,7043.0,4449.0,331,0.059487408840737124,0.06428382362336962,0.04060751544801526,0.31871974179666485,0.9522714981070849,0.05077839663988313,29,35,44,0.3413897280966767,0.3021148036253776,0.22356495468277945,1
125,69,290,4502.0,4642.25,4504.75,243,0.07624176531355314,0.0786169113786855,0.07628833680502634,0.288128,0.9750577609745852,0.05356420927467301,30,24,34,0.4403292181069959,0.2674897119341564,0.13991769547325103,0
115,106,373,5035.0,5381.5,4188.5,279,0.06468313613648334,0.0691345177991033,0.05380840431135263,0.38071833648393194,0.47895158419366324,0.030105154209402785,32,36,46,0.32616487455197135,0.45878136200716846,0.40860215053763443,0
105,87,371,4822.5,5068.75,3472.25,249,0.07778100353220109,0.08175271366590861,0.05600312898179061,0.43741496598639457,0.6696723477341789,0.025226858276240365,44,40,39,0.46586345381526106,0.46184738955823296,0.41365461847389556,0
105,59,225,4425.0,5702.75,3127.25,215,0.0957274202271498,0.12336938885884262,0.0676527852893456,0.4013605442176871,1.6382505027291008,0.06177283950617284,29,35,0,0.5255813953488372,0.5255813953488372,0.0,0
105,101,499,5834.5,5365.25,3900.5,259,0.08697693832828968,0.07998166395849794,0.058146121852685556,0.5292063492063492,0.5259533379080482,0.015664595724515163,40,31,36,0.35135135135135137,0.33204633204633205,0.4015444015444015,1
146,86,508,4529.25,5692.5,3158.25,219,0.09443610433477201,0.11869018577594295,0.06585037843247639,0.212481234753237,0.7696727961060033,0.012238243226486452,34,26,36,0.4931506849315068,0.54337899543379,0.365296803652968,1
115,71,181,6271.0,6778.0,4047.5,247,0.10278811322919569,0.11109836253667492,0.06634267075349538,0.47417769376181473,1.344574489188653,0.12354628979579378,44,26,30,0.4534412955465587,0.29554655870445345,0.13765182186234817,1
105,85,120,5036.0,4505.75,5015.0,275,0.06659173553719008,0.0595801652892562,0.06631404958677686,0.45678004535147393,0.6236332179930796,0.3482638888888889,28,34,47,0.36727272727272725,0.3781818181818182,0.23636363636363636,1
105,83,133,4505.5,4318.0,4643.0,303,0.04907470945114313,0.04703242601487872,0.050572383971070375,0.4086621315192744,0.626796341994484,0.2624795070382724,26,27,48,0.33993399339933994,0.1254125412541254,0.3234323432343234,1
115,92,135,4684.0,5946.75,4854.25,211,0.10520877788010152,0.13357179757867074,0.10903281597448396,0.35417769376181474,0.702593336483932,0.2663511659807956,28,25,41,0.44549763033175355,0.4265402843601896,0.47393364928909953,1
105,85,313,4589.5,6194.25,4261.25,235,0.08310547759167045,0.11216387505658669,0.07716161158895428,0.416281179138322,0.8573356401384084,0.04349590176484398,40,28,41,0.5106382978723404,0.4085106382978723,0.42127659574468085,1
125,91,490,5392.0,6111.0,3577.5,299,0.060312524468406396,0.06835494010134115,0.04001633091352446,0.345088,0.7379543533389687,0.014900041649312787,41,28,28,0.2040133779264214,0.4280936454849498,0.3010033444816054,1
150,89,264,5480.5,6010.5,3798.0,251,0.08699068268757638,0.09540324756749893,0.06028475738480341,0.24357777777777778,0.7588057063502083,0.05449380165289256,27,31,43,0.26693227091633465,0.24701195219123506,0.17131474103585656,1
105,85,359,6233.5,6328.5,4403.0,247,0.10217344981887919,0.10373059712501434,0.07216967988329591,0.5653968253968253,0.875916955017301,0.03416329792599375,42,33,46,0.3481781376518219,0.30364372469635625,0.27125506072874495,1
105,85,274,5392.25,6458.0,3900.5,271,0.07342288367533122,0.08793453248185619,0.05311066025789409,0.48909297052154194,0.893840830449827,0.051954019926474505,31,36,46,0.4022140221402214,0.3726937269372694,0.2656826568265683,1
105,65,178,4647.5,5051.5,3775.0,259,0.06928191291125654,0.07530448264038998,0.056275249325442374,0.4215419501133787,1.195621301775148,0.11914530993561419,38,25,35,0.3474903474903475,0.19305019305019305,0.3204633204633205,0
125,90,209,3934.75,4192.0,2889.5,247,0.06449458276647707,0.06871117376124834,0.04736186464292154,0.251824,0.5175308641975309,0.06615004235251025,22,0,30,0.3117408906882591,0.0,0.291497975708502,1
150,104,260,5367.5,6010.5,4497.5,231,0.1005884447442889,0.11263844380727497,0.08428440246622065,0.23855555555555555,0.5557045118343196,0.06653106508875739,29,33,42,0.329004329004329,0.341991341991342,0.38961038961038963,1
105,85,264,8074.5,8031.75,6725.75,343,0.06863211757006009,0.06826874856564867,0.05716793172912647,0.7323809523809524,1.1116608996539792,0.0965012339302112,47,22,28,0.2886297376093295,0.11661807580174927,0.15743440233236153,1
105,85,141,6360.0,7181.0,6263.0,259,0.09481075118140755,0.10704968620026535,0.09336473815238294,0.5768707482993197,0.9939100346020762,0.31502439515114933,32,39,43,0.444015444015444,0.3359073359073359,0.4092664092664093,1
105,85,632,5888.5,6939.5,4622.0,303,0.06413859207702949,0.07558627149843697,0.05034364822620876,0.5341043083900227,0.9604844290657439,0.011571663195000801,30,32,44,0.429042904290429,0.35313531353135313,0.3795379537953795,1
105,90,213,8255.75,10152.75,9692.25,303,0.08992310122101319,0.11058556350684573,0.10556971538738032,0.7488208616780045,1.253425925925926,0.21363155458573035,45,51,68,0.31353135313531355,0.49834983498349833,0.5313531353135313,1
125,74,265,8539.0,10280.5,9888.5,331,0.07793831746698186,0.0938335721652778,0.09025565666614944,0.546496,1.8773739956172388,0.14081167675329298,50,13,68,0.2809667673716012,0.03927492447129909,0.4199395770392749,1
150,91,232,7602.5,5890.75,5271.75,311,0.07860237177034977,0.06090456054011022,0.054504709421945595,0.3378888888888889,0.7113573239946867,0.09794422562425684,43,39,39,0.4790996784565916,0.4437299035369775,0.33762057877813506,1
105,90,243,6904.25,6676.0,7298.0,263,0.09981711460336277,0.09651722592490855,0.10550969364888896,0.6262358276643991,0.8241975308641976,0.12359227082592424,33,31,48,0.23193916349809887,0.30798479087452474,0.6007604562737643,1
115,92,154,10155.0,9240.75,9435.5,327,0.09496955924024353,0.08641949330864405,0.08824079529407364,0.7678638941398865,1.0917710302457466,0.39785376960701635,77,45,67,0.5321100917431193,0.2599388379204893,0.363914373088685,1
109,79,214,8724.0,9886.0,9124.5,287,0.1059136325559373,0.12002088164236545,0.11077589869975354,0.734281626125747,1.5840410190674572,0.19924229190322298,44,38,60,0.49825783972125437,0.34494773519163763,0.6062717770034843,1
128,90,209,8567.5,7763.0,9636.0,319,0.08419237232338518,0.07628659309558672,0.09469246567938601,0.522918701171875,0.9583950617283951,0.22059934525308486,61,35,60,0.45141065830721006,0.2507836990595611,0.5266457680250783,1
115,89,411,7683.25,7951.5,4865.5,251,0.12195441342200918,0.12621228234472467,0.07722893287408136,0.5809640831758034,1.003850523923747,0.02880340514204865,44,0,41,0.30677290836653387,0.0,0.3466135458167331,1
143,80,227,8032.5,8417.0,10246.0,327,0.07511993939904048,0.07871578337027374,0.09582059123343527,0.3928064942050956,1.31515625,0.1988394884434008,48,19,66,0.3669724770642202,0.0581039755351682,0.42813455657492355,1
105,73,359,9238.5,8725.0,9686.5,311,0.09551700251238097,0.09020791761871776,0.10014888183538218,0.8379591836734694,1.637267780071308,0.07515847952762626,44,41,66,0.4790996784565916,0.2508038585209003,0.5498392282958199,1
105,91,219,7690.0,7668.0,8814.0,311,0.07950703570062344,0.07927957734101178,0.0911280900735104,0.6975056689342404,0.9259751237773216,0.1837743166322637,48,32,61,0.33762057877813506,0.1832797427652733,0.5273311897106109,1
115,97,231,7988.0,6961.5,6443.5,295,0.09178971559896582,0.07999425452456191,0.07404194197069808,0.604007561436673,0.7398767137846742,0.12075298438934802,42,41,56,0.36271186440677966,0.36610169491525424,0.3423728813559322,1
125,88,417,11181.0,12693.5,11621.5,323,0.10717058535977532,0.12166799260033165,0.11139280545198363,0.715584,1.639139979338843,0.06683286464353697,42,50,72,0.19195046439628483,0.2755417956656347,0.56656346749226,1
115,83,233,5592.0,7012.5,6208.0,323,0.05359967027384524,0.0672152517516702,0.059504068859089994,0.42283553875236296,1.0179271302075772,0.1143509734937096,46,38,51,0.3622291021671827,0.26625386996904027,0.4520123839009288,1
143,86,427,8507.5,8871.75,8721.25,319,0.08360275547606646,0.08718222108666385,0.0857032654946394,0.41603501393711184,1.1995335316387237,0.04783248962041146,40,24,58,0.2413793103448276,0.13166144200626959,0.36363636363636365,0
105,72,277,6793.0,8907.0,7648.5,271,0.09249601721109461,0.12128102830843807,0.10414482373606024,0.6161451247165532,1.7181712962962963,0.09968199768014702,40,44,55,0.4944649446494465,0.4132841328413284,0.5830258302583026,1
105,72,246,9441.75,9675.75,11129.75,335,0.08413232345734016,0.08621742036088216,0.09917353530853197,0.8563945578231292,1.8664641203703705,0.18391417145878775,33,44,79,0.3373134328358209,0.3164179104477612,0.34626865671641793,1
126,105,174,9846.5,9284.5,10943.5,287,0.11954133229734487,0.11271837705933058,0.13285944955019485,0.6202128999748048,0.8421315192743765,0.3614579204650548,48,49,73,0.4843205574912892,0.6236933797909407,0.6480836236933798,1
115,83,259,6284.5,7345.0,6171.0,311,0.06497554822634174,0.07594007506125867,0.06380206987107247,0.47519848771266543,1.0661924807664394,0.09199326187743176,24,33,46,0.17041800643086816,0.19935691318327975,0.2829581993569132,1
105,83,316,10677.0,10763.0,9541.0,367,0.07927150695305482,0.07991001492326767,0.07083726213721982,0.9684353741496599,1.5623457686166353,0.09554758852747958,71,48,68,0.5122615803814714,0.1307901907356948,0.5068119891008175,0
105,91,262,10301.0,9974.5,9396.0,303,0.11220032894378547,0.1086440327201037,0.10234290755808254,0.9343310657596372,1.2045042869218694,0.136880135190257,51,44,72,0.3465346534653465,0.38613861386138615,0.2739273927392739,1
143,49,262,7110.75,6980.0,6443.75,287,0.08632798747101458,0.08474061843654773,0.07823028080952786,0.34773094038828306,2.907122032486464,0.09387200629333955,46,27,53,0.5365853658536586,0.1602787456445993,0.313588850174216,0
115,109,288,8058.75,8974.25,8340.0,319,0.07919291280549523,0.08818948320083332,0.08195674177730172,0.6093572778827977,0.7553446679572426,0.10054976851851852,57,32,65,0.18495297805642633,0.10344827586206896,0.3761755485893417,1
125,66,225,9533.0,8554.0,6826.0,243,0.16144219207776592,0.14486274111331268,0.11559890938034514,0.610112,1.9637281910009183,0.13483456790123458,51,33,57,0.6378600823045267,0.46502057613168724,0.6460905349794238,0
115,71,210,6578.0,9185.75,6638.0,287,0.07986014155811046,0.11151950369677913,0.08058857094295184,0.4973913043478261,1.8222078952588772,0.15052154195011339,52,47,59,0.5993031358885017,0.4076655052264808,0.43902439024390244,0
105,85,258,9163.0,9261.5,7961.0,279,0.11771431507817218,0.11897971506018679,0.1022725812874963,0.8311111111111111,1.2818685121107267,0.11959918274142178,45,31,61,0.5448028673835126,0.1935483870967742,0.5842293906810035,0
129,74,199,9331.0,9286.5,10548.75,291,0.11019000720350491,0.10966450561519113,0.12457044673539519,0.5607235142118863,1.695854638422206,0.26637584909471984,57,53,67,0.4948453608247423,0.5773195876288659,0.6357388316151202,1
143,91,179,7239.5,8999.5,10316.0,303,0.07885392499646005,0.09802415885152872,0.11236371161868662,0.35402709178932956,1.0867648834681802,0.3219624855653694,52,37,72,0.5214521452145214,0.2838283828382838,0.594059405940594,0
126,82,302,8030.5,8153.75,7110.0,279,0.10316542696008531,0.1047487827751442,0.091340039310903,0.5058264046359284,1.2126338488994646,0.07795710714442348,45,43,60,0.5304659498207885,0.5555555555555556,0.4982078853046595,0
115,89,268,9921.25,10015.75,8972.5,275,0.1311900826446281,0.1324396694214876,0.11864462809917356,0.7501890359168242,1.2644552455498044,0.12492342392515036,46,38,60,0.52,0.5272727272727272,0.5381818181818182,1
105,71,253,7487.5,7501.0,7000.5,275,0.09900826446280991,0.09918677685950414,0.09256859504132231,0.6791383219954649,1.487998413013291,0.10936743270477589,35,37,61,0.48363636363636364,0.3236363636363636,0.4,1
105,55,218,10734.5,9419.0,9055.5,319,0.1054873674590462,0.09256001808158332,0.08898792268157742,0.9736507936507937,3.113719008264463,0.19054582947563337,49,34,62,0.3981191222570533,0.26959247648902823,0.46394984326018807,1
105,91,412,8333.25,8344.75,7716.5,331,0.07606036819671233,0.07616533255446738,0.07043108405363223,0.7558503401360545,1.0076983456104336,0.045459633330191346,44,44,54,0.46827794561933533,0.38368580060422963,0.23867069486404835,1
146,103,203,10422.5,10917.5,9912.5,371,0.0757223501718238,0.07931866231718747,0.07201705887054002,0.48895196096828675,1.0290790837967763,0.24054211458661942,52,34,78,0.42857142857142855,0.24528301886792453,0.3719676549865229,1
115,97,268,7972.0,8827.5,6742.0,275,0.10541487603305785,0.11672727272727272,0.08915041322314049,0.6027977315689981,0.9381974705069615,0.09386834484294944,36,39,49,0.33090909090909093,0.29818181818181816,0.5745454545454546,1
105,47,343,6364.25,6156.75,6248.75,267,0.08927394128126359,0.08636325379792113,0.0876537754772826,0.5772562358276644,2.787120869171571,0.05311349862727265,37,35,48,0.41947565543071164,0.449438202247191,0.36704119850187267,1
105,89,245,5627.75,6524.5,4879.75,223,0.11316837257938024,0.13120111001628829,0.0981268475135233,0.5104535147392291,0.8236965029667971,0.08129529362765514,35,36,42,0.4349775784753363,0.3452914798206278,0.484304932735426,1
105,47,296,6405.0,6840.5,5423.0,271,0.08721286474857369,0.09314279489658366,0.07384158712435833,0.580952380952381,3.096650067904029,0.06189508765522279,38,43,57,0.24723247232472326,0.3800738007380074,0.35424354243542433,0
105,91,137,6820.0,6907.5,5730.5,223,0.13714331677693098,0.13890285346578454,0.11523457137686259,0.61859410430839,0.8341383890834441,0.305317278491129,35,33,55,0.5829596412556054,0.6502242152466368,0.4170403587443946,1
146,72,327,5895.25,6510.75,4994.25,255,0.09066128412149173,0.10012687427912341,0.07680507497116494,0.2765645524488647,1.255931712962963,0.0467062256263502,37,36,48,0.5529411764705883,0.4117647058823529,0.24705882352941178,1
115,65,512,4878.25,5356.25,3975.75,223,0.09809668402742866,0.10770878159625169,0.07994831989382453,0.3688657844990548,1.267751479289941,0.015166282653808594,28,19,44,0.5291479820627802,0.17937219730941703,0.47085201793721976,1
105,85,296,5118.5,6635.75,3446.5,243,0.08668224694745043,0.11237700892479127,0.05836678013175498,0.46426303854875284,0.9184429065743944,0.039336422571219866,40,33,14,0.5349794238683128,0.411522633744856,0.11934156378600823,1
115,107,279,4721.0,6068.5,4482.5,271,0.06428289375144675,0.08263095546084612,0.06103538895167549,0.35697542533081283,0.5300462922525985,0.05758533420690896,11,23,49,0.04059040590405904,0.08487084870848709,0.44649446494464945,1
105,85,303,4918.0,5875.5,3661.5,243,0.08328676184186015,0.09950210841843216,0.062007824010567494,0.44607709750566893,0.8132179930795848,0.03988171094337156,34,31,40,0.6049382716049383,0.4444444444444444,0.2839506172839506,1
125,91,383,4242.0,5315.0,4271.5,267,0.059504271346210495,0.07455568180224158,0.059918079928179664,0.271488,0.6418306967757518,0.02911942954141074,37,31,47,0.38202247191011235,0.3445692883895131,0.3295880149812734,1
150,66,205,6353.0,6936.5,5097.0,351,0.05156613988522821,0.05630230274104918,0.04137141743979351,0.2823555555555556,1.5924012855831038,0.1212849494348602,37,34,54,0.3162393162393162,0.21367521367521367,0.20512820512820512,1
105,85,196,6140.75,7156.75,5346.75,295,0.07056305659293306,0.08223786268313703,0.06143924159724217,0.556984126984127,0.9905536332179931,0.13918028946272387,25,29,50,0.21694915254237288,0.2033898305084746,0.2135593220338983,1
105,89,258,5847.5,7864.0,4563.0,327,0.05468581956251344,0.07354412741164698,0.042673175658614594,0.5303854875283447,0.992803938896604,0.06855056787452678,36,8,51,0.37003058103975534,0.024464831804281346,0.18042813455657492,1
105,72,283,4763.0,6213.0,5040.25,255,0.0732487504805844,0.09554786620530566,0.0775124951941561,0.43201814058956917,1.1984953703703705,0.06293311191299679,28,31,46,0.4470588235294118,0.5372549019607843,0.1803921568627451,1
105,72,240,4440.75,5020.0,2900.75,223,0.08929900058316073,0.10094713346337147,0.05833115485933761,0.4027891156462585,0.9683641975308642,0.05036024305555555,28,26,0,0.5201793721973094,0.3542600896860987,0.0,1
146,72,295,4938.75,5032.5,5184.0,287,0.05995884373975646,0.061097014653571126,0.06293629885029563,0.23169215612685307,0.9707754629629629,0.05956908934214306,33,24,55,0.42160278745644597,0.16376306620209058,0.3310104529616725,0
115,107,361,5246.5,6526.0,3546.0,327,0.04906526760747786,0.061031151511750786,0.033162191734702466,0.396710775047259,0.5700061140710979,0.02720973595966882,32,28,40,0.3486238532110092,0.3761467889908257,0.1926605504587156,0
105,91,421,5883.5,6185.0,4623.0,271,0.08011192658052042,0.084217262836835,0.06294848926349042,0.5336507936507936,0.7468904721651974,0.02608312974988857,31,27,47,0.46494464944649444,0.0996309963099631,0.3247232472324723,1
105,91,306,7090.5,7606.5,4178.5,271,0.09654688797810487,0.10357293609836467,0.05689601176454569,0.6431292517006802,0.9185484844825504,0.04462493058225469,38,31,46,0.4981549815498155,0.2878228782287823,0.2767527675276753,1
105,46,253,6312.0,8346.25,4779.75,279,0.08108837245153583,0.10722177258771085,0.0614040158785216,0.5725170068027211,3.944352551984877,0.07467309284631848,29,45,51,0.23655913978494625,0.27598566308243727,0.2903225806451613,1
125,86,283,6082.5,6919.5,4099.5,295,0.06989370870439529,0.07951163458776214,0.047107153116920424,0.38928,0.9355732828555976,0.05118680467979373,33,24,40,0.42033898305084744,0.15254237288135594,0.23389830508474577,1
115,102,312,6953.5,8664.0,4452.5,287,0.08441889545824278,0.10518520317109592,0.05405553060010441,0.5257844990548204,0.8327566320645905,0.045739850427350424,30,27,30,0.21951219512195122,0.2578397212543554,0.1916376306620209,0
143,88,392,9284.0,10392.5,8168.5,375,0.06601955555555555,0.07390222222222222,0.05808711111111111,0.45400753093060786,1.342006714876033,0.05315818929612661,56,50,49,0.3973333333333333,0.464,0.13066666666666665,0
105,77,204,13341.75,14993.0,11162.75,479,0.058148935892015814,0.06534577516660056,0.0486519410218749,1.2101360544217687,2.528756957328386,0.268232170319108,64,64,62,0.430062630480167,0.3235908141962422,0.12943632567849686,0
114,64,381,9548.5,14689.0,7286.5,287,0.11592346635263266,0.17833165389891828,0.08846167854411247,0.7347260695598645,3.586181640625,0.05019598928086745,68,66,66,0.47038327526132406,0.42160278745644597,0.40069686411149824,0
105,85,380,5763.0,8529.5,3737.0,367,0.04278745851554321,0.06332736897593716,0.027745398659133263,0.5227210884353741,1.1805536332179931,0.02587950138504155,39,33,50,0.3569482288828338,0.17983651226158037,0.1362397820163488,1
125,102,376,5489.5,6676.0,3688.5,243,0.09296516452437806,0.1130586462090806,0.062465071381395114,0.351328,0.641676278354479,0.026090001131733816,26,24,47,0.2839506172839506,0.17695473251028807,0.3168724279835391,1
150,65,386,5336.0,7317.0,3835.0,291,0.06301295449982877,0.08640663194813476,0.045287608790637805,0.23715555555555556,1.7318343195266273,0.025738946011973476,41,32,45,0.5085910652920962,0.19243986254295534,0.15463917525773196,1
105,65,285,5108.5,6115.0,2545.0,279,0.06562736861037242,0.07855757248750658,0.032694852327179766,0.4633560090702948,1.4473372781065088,0.031332717759310555,36,21,34,0.26523297491039427,0.07526881720430108,0.12186379928315412,0
105,54,273,5799.5,7613.5,4872.0,287,0.07040877028979349,0.09243161869149802,0.05914846604912042,0.5260317460317461,2.610939643347051,0.06537052690898845,40,27,57,0.3867595818815331,0.32752613240418116,0.2926829268292683,0
105,59,384,5148.5,5471.0,4149.5,231,0.09648432375705103,0.10252806356702461,0.07776278555499334,0.466984126984127,1.571674806090204,0.028140597873263888,32,32,48,0.329004329004329,0.37662337662337664,0.2943722943722944,0
125,80,307,5409.0,6572.0,4675.0,243,0.09160188995579942,0.11129739707700384,0.0791715355044116,0.346176,1.026875,0.049602648303960786,34,28,51,0.48559670781893005,0.39094650205761317,0.26337448559670784,0
115,83,340,6509.25,8582.5,6619.0,327,0.060874505513003954,0.08026353935789168,0.0619008875047929,0.4921928166351607,1.2458266802148352,0.05725778546712803,42,40,61,0.3944954128440367,0.3119266055045872,0.26605504587155965,1
150,106,698,6300.5,5290.5,5924.5,259,0.09392376380793369,0.07886733948510011,0.08831859990161149,0.28002222222222223,0.47085261658953365,0.012160203939212322,35,20,55,0.3745173745173745,0.07722007722007722,0.44787644787644787,0
109,85,379,5707.75,5633.5,5196.75,295,0.06558747486354496,0.06473427176098823,0.05971559896581442,0.4804098981567208,0.7797231833910034,0.03617873726860715,32,24,56,0.423728813559322,0.23728813559322035,0.19322033898305085,1
105,87,372,8532.0,7236.0,3986.25,263,0.1233500556607729,0.10461333834521246,0.05763058595613642,0.7738775510204081,0.9560047562425684,0.02880571453347208,46,30,48,0.42585551330798477,0.3688212927756654,0.38022813688212925,1
105,90,423,6759.75,7130.5,3367.25,255,0.10395617070357555,0.10965782391387928,0.0517839292579777,0.6131292517006802,0.8803086419753087,0.018818917000598002,37,33,43,0.5490196078431373,0.5450980392156862,0.26666666666666666,1
125,86,348,6814.5,7374.5,3607.0,303,0.07422474920759403,0.08032436907057042,0.03928808722456404,0.436128,0.997093023255814,0.02978431761130929,44,29,6,0.3069306930693069,0.297029702970297,0.033003300330033,1
150,84,418,5640.0,6403.0,3771.5,255,0.0867358708189158,0.09846981930026913,0.05800076893502499,0.25066666666666665,0.907454648526077,0.021585471944323618,30,32,53,0.33725490196078434,0.12549019607843137,0.20784313725490197,0
105,91,285,6495.5,5677.0,3435.5,239,0.11371474589030305,0.099385514959472,0.06014425517760543,0.5891609977324263,0.6855452240067624,0.04229609110495537,29,23,43,0.40585774058577406,0.37656903765690375,0.20920502092050208,0
105,65,261,7986.5,6871.0,4956.5,279,0.10260017214578436,0.08826967793322285,0.06367467016096916,0.7243990929705215,1.6262721893491123,0.07276023546336666,46,31,58,0.32974910394265233,0.4157706093189964,0.2903225806451613,1
116,69,271,6762.0,6716.25,5285.75,287,0.08209399167162404,0.08153856426568248,0.06417159368208913,0.5025267538644471,1.410680529300567,0.07197274002260318,31,30,59,0.1916376306620209,0.1951219512195122,0.2578397212543554,1
125,92,449,5627.5,5485.0,2872.0,247,0.09224048910816438,0.08990476814896163,0.047075021718107166,0.36016,0.6480387523629489,0.014245961081542254,23,26,27,0.1214574898785425,0.19838056680161945,0.1700404858299595,1
115,73,281,10799.5,10657.5,8804.0,263,0.15613208229119982,0.15407913949890847,0.12728245312206335,0.8165973534971644,1.999906173766185,0.11149808133129013,61,56,63,0.30798479087452474,0.28517110266159695,0.6996197718631179,1
105,85,503,4837.0,6408.75,3102.75,315,0.04874779541446208,0.0645880574452003,0.03126984126984127,0.43873015873015875,0.8870242214532872,0.012263397744744258,34,26,0,0.35555555555555557,0.21904761904761905,0.0,1
143,91,371,4788.0,5192.0,3308.0,247,0.07848022422921208,0.0851021980363553,0.05422150830205379,0.23414347889872367,0.6269774181862094,0.024033536518915148,21,19,47,0.17813765182186234,0.07692307692307693,0.38866396761133604,1
105,72,389,5100.5,7398.5,3222.0,263,0.07373968107100001,0.10696265668146135,0.046581561103962756,0.46263038548752833,1.4271797839506173,0.021292484189240093,28,39,42,0.4714828897338403,0.3840304182509506,0.1634980988593156,1
105,64,363,5837.5,7612.0,4105.5,239,0.10219533971744192,0.13326097232191314,0.07187374170620263,0.5294784580498866,1.8583984375,0.03115679712223664,27,37,47,0.3598326359832636,0.26778242677824265,0.34309623430962344,1
125,92,223,6357.0,6210.5,3097.0,259,0.0947660291289635,0.09258210223461188,0.04616806547308478,0.406848,0.7337547258979206,0.062277544290052084,31,27,44,0.4555984555984556,0.3783783783783784,0.3127413127413127,1
115,100,493,6583.0,6672.5,3693.0,271,0.08963657902261679,0.09085524434580139,0.05028526300023148,0.4977693761814745,0.66725,0.015194466959337417,38,25,42,0.2140221402214022,0.15867158671586715,0.15498154981549817,1
105,87,253,7704.0,6918.5,3154.75,263,0.11137937515360928,0.1000231317497723,0.045609304746345905,0.6987755102040817,0.9140573391465187,0.049286037900920183,41,41,35,0.5779467680608364,0.34600760456273766,0.24714828897338403,0
143,90,361,5198.0,5461.0,4113.5,219,0.10837972519338629,0.11386334730301703,0.0857676028439774,0.25419335908846397,0.6741975308641975,0.03156436798367109,44,30,48,0.3470319634703196,0.1415525114155251,0.5114155251141552,1
105,64,509,7322.0,5438.5,4337.5,231,0.13721631903450085,0.10191900451640712,0.08128595790933453,0.6641269841269841,1.3277587890625,0.016741868373211465,52,39,48,0.7012987012987013,0.354978354978355,0.36363636363636365,1
125,86,447,4713.25,5296.0,4934.75,199,0.11901845912981995,0.13373399661624708,0.12461175222847908,0.301648,0.7160627366143861,0.024697335955837826,36,31,49,0.507537688442211,0.2864321608040201,0.5175879396984925,1
115,83,380,3734.75,3897.5,4397.0,239,0.06538313404877366,0.06823234887344409,0.07697694368095796,0.2824007561436673,0.5657570039192916,0.030450138504155125,26,26,40,0.19665271966527198,0.3891213389121339,0.21338912133891214,1
105,83,323,5023.0,5194.0,2940.5,227,0.09747908944477866,0.10079760911331483,0.05706495371538357,0.4556009070294785,0.7539555813615909,0.028184876688169158,34,25,36,0.3436123348017621,0.29955947136563876,0.2643171806167401,0
143,92,236,4573.0,4683.0,3882.0,183,0.13655230075547195,0.13983696139030727,0.11591865985846099,0.22362951733581105,0.5532844990548205,0.06969979890835967,35,35,40,0.4262295081967213,0.6885245901639344,0.33879781420765026,1
105,91,237,5479.0,5209.0,3919.5,263,0.07921178562650899,0.0753083028524339,0.05666555827032341,0.4969614512471655,0.6290303103489917,0.06978048389681141,31,30,46,0.23954372623574144,0.12547528517110265,0.2509505703422053,0
126,82,200,4727.5,6239.0,5480.75,227,0.09174445457897494,0.12107745153214694,0.1063624366861379,0.29777651801461325,0.9278703152885187,0.13701875,33,34,51,0.6123348017621145,0.5330396475770925,0.3524229074889868,0
105,91,264,5263.75,5751.5,4635.5,259,0.07846856785080723,0.08573962821067069,0.0691030247014803,0.477437641723356,0.6945417220142495,0.06651027318640955,36,25,50,0.4594594594594595,0.33204633204633205,0.30115830115830117,0
115,57,255,5742.25,6212.75,4748.25,251,0.09114537864478342,0.09861351407120522,0.07536785130394756,0.43419659735349714,1.912203755001539,0.07302191464821223,47,29,43,0.4940239043824701,0.11553784860557768,0.3665338645418327,0
105,52,328,6245.5,6079.0,4941.5,243,0.10576809090755136,0.10294839878744771,0.08368473640535826,0.566485260770975,2.2481508875739644,0.045931551160023794,43,30,52,0.4691358024691358,0.35390946502057613,0.3662551440329218,0
105,91,292,4810.0,5328.75,5144.0,235,0.08709823449524672,0.09649162516976008,0.09314622000905387,0.436281179138322,0.643491124260355,0.06033026834302871,25,27,50,0.1148936170212766,0.4,0.46808510638297873,0
143,87,296,5324.75,4613.0,3454.75,243,0.09017510880793916,0.07812156006028892,0.05850649460617453,0.260391706195902,0.6094596379970935,0.0394305834550767,32,29,37,0.448559670781893,0.45267489711934156,0.3004115226337449,0
126,99,373,3972.5,4412.5,3684.5,239,0.06954535109679452,0.07724829747378373,0.06450342255912887,0.2502204585537919,0.45020916233037445,0.026482616851986288,31,31,43,0.2301255230125523,0.3389121338912134,0.3054393305439331,0
115,83,289,4398.0,4790.0,5694.5,239,0.0769944503772693,0.08385707533131423,0.09969188214492043,0.33255198487712667,0.6953113659457105,0.0681804576094635,31,26,54,0.5481171548117155,0.4602510460251046,0.42677824267782427,0
105,64,258,5379.0,5487.5,4649.0,231,0.10080395794681508,0.10283727816195348,0.08712355465602219,0.487891156462585,1.3397216796875,0.06984255753860946,37,22,48,0.5714285714285714,0.09523809523809523,0.2813852813852814,0
105,89,238,4652.0,5357.5,4664.5,251,0.07384009777622577,0.08503833272487739,0.07403850732528056,0.4219501133786848,0.6763666203762151,0.08234764494032908,38,28,44,0.3147410358565737,0.38247011952191234,0.3944223107569721,0
105,52,282,4154.75,4950.0,3626.0,207,0.09696258955868281,0.11552194917034236,0.08462274498821443,0.37684807256235825,1.830621301775148,0.04559629797293899,36,30,43,0.6086956521739131,0.4830917874396135,0.3671497584541063,0
125,65,220,4780.5,4314.0,5018.5,207,0.11156619757753973,0.10067912903451656,0.11712058624471983,0.305952,1.0210650887573964,0.10368801652892562,33,28,46,0.2995169082125604,0.34299516908212563,0.30434782608695654,1
150,93,241,4148.25,3969.5,5116.5,197,0.10688886598469427,0.10228297559844365,0.13183797572727976,0.18436666666666668,0.45895479246155624,0.0880924915204628,36,28,50,0.43147208121827413,0.38578680203045684,0.5583756345177665,0
105,87,559,4540.5,4457.5,3396.0,223,0.09130487240845382,0.08963582617788413,0.0682901325182489,0.41183673469387755,0.5889153124587132,0.01086786076593457,24,26,37,0.23318385650224216,0.23318385650224216,0.42152466367713004,0
105,87,191,4361.0,5419.0,5475.5,195,0.11468770545693623,0.14251150558842868,0.1439973701512163,0.39555555555555555,0.715946624388955,0.15009182862311887,38,37,56,0.2717948717948718,0.4,0.517948717948718,1
105,91,238,4816.0,5366.5,3585.75,227,0.09346193405655068,0.10414523860350482,0.06958702866347105,0.43682539682539684,0.6480497524453568,0.06330326248146317,37,45,20,0.4713656387665198,0.4713656387665198,0.14977973568281938,0
105,72,225,5580.0,4689.0,4570.25,235,0.10104119511090992,0.08490719782707107,0.08275690357627886,0.5061224489795918,0.9045138888888888,0.09027654320987655,39,27,47,0.49361702127659574,0.3829787234042553,0.48936170212765956,0
126,80,558,5846.25,5802.0,3765.5,235,0.1058623811679493,0.10506111362607515,0.06818469895880488,0.36824452003023433,0.9065625,0.012093562518467132,40,32,37,0.3404255319148936,0.5659574468085107,0.3659574468085106,0
115,89,271,5338.5,5216.5,3903.0,219,0.11130918871583162,0.10876545526573675,0.08137862012885469,0.4036672967863894,0.6585658376467618,0.0531447011887093,28,32,50,0.2420091324200913,0.6301369863013698,0.4063926940639269,0
143,71,282,6134.5,5399.0,3515.5,247,0.10055073841564359,0.08849514006130244,0.05762264583913849,0.29999021957063915,1.0710176552271375,0.0442067803430411,37,29,44,0.4777327935222672,0.12550607287449392,0.32388663967611336,1
105,85,220,5737.5,6142.0,4563.0,259,0.08553092529926506,0.09156094870380585,0.06802224176741552,0.5204081632653061,0.8501038062283737,0.09427685950413223,31,30,46,0.4671814671814672,0.2084942084942085,0.3359073359073359,0
105,85,242,7332.25,9864.75,7827.75,283,0.09155127420744422,0.12317234576533606,0.09773814131778397,0.6650566893424036,1.365363321799308,0.1336614643808483,49,45,52,0.3674911660777385,0.34275618374558303,0.48056537102473496,1
125,89,435,6796.5,8584.5,5811.0,291,0.08026003471853191,0.1013745704467354,0.06862224111666135,0.434976,1.0837646761772504,0.030709472849782007,33,33,44,0.35738831615120276,0.3127147766323024,0.24398625429553264,0
117,106,479,5165.5,7243.0,6249.0,255,0.07943867743175702,0.11138792772010765,0.09610149942329874,0.3773467747826722,0.644624421502314,0.027235759955718464,33,46,55,0.5176470588235295,0.5490196078431373,0.21568627450980393,0
120,56,601,5174.75,5124.25,4380.0,215,0.11194699837750136,0.11085451595457003,0.09475392103839914,0.3593576388888889,1.6340082908163265,0.012126212275159814,35,34,43,0.37209302325581395,0.5441860465116279,0.26976744186046514,1
105,72,344,4977.5,4388.0,4908.0,215,0.10767982693347755,0.0949269875608437,0.1061763115197404,0.45147392290249433,0.8464506172839507,0.04147512168739859,32,25,55,0.3767441860465116,0.30697674418604654,0.33488372093023255,0
143,92,290,5572.5,6048.5,5197.5,247,0.09133898277303348,0.0991411103279844,0.08519234866986838,0.27250721306665365,0.7146148393194707,0.06180142687277051,35,28,51,0.3481781376518219,0.3319838056680162,0.3643724696356275,0
105,89,234,5206.5,5818.0,4765.5,251,0.08264154537229568,0.09234774051205537,0.07564165648164314,0.4722448979591837,0.7345032192904937,0.08703155818540434,35,27,49,0.450199203187251,0.43824701195219123,0.30677290836653387,0
115,85,505,6969.5,6132.0,5242.5,243,0.11802909448085488,0.10384595844129452,0.08878219783569578,0.5269943289224953,0.848719723183391,0.02055680815606313,37,31,54,0.1522633744855967,0.48559670781893005,0.3374485596707819,0
115,77,156,5051.5,5163.0,6601.5,275,0.06679669421487604,0.06827107438016529,0.08729256198347107,0.38196597353497164,0.8708045201551695,0.2712647928994083,35,30,55,0.4,0.41454545454545455,0.2909090909090909,1
115,98,295,5417.0,5625.5,5404.0,235,0.09808963331824355,0.10186509732910819,0.09785423268447262,0.4096030245746692,0.5857455226988755,0.062097098534903764,45,30,55,0.2936170212765957,0.3829787234042553,0.42127659574468085,1
144,90,205,4861.5,4786.5,5419.75,195,0.1278500986193294,0.12587771203155818,0.14253122945430638,0.23444733796296297,0.590925925925926,0.1289649018441404,33,31,55,0.4205128205128205,0.26153846153846155,0.4512820512820513,0
105,89,163,4362.25,4437.75,3921.0,239,0.07636858598413894,0.07769034155564504,0.06864375623676056,0.3956689342403628,0.5602512309051887,0.14757800444126615,38,26,45,0.1589958158995816,0.3598326359832636,0.39748953974895396,0
127,79,244,5711.0,6126.0,4648.25,315,0.05755605946082137,0.061738473167044595,0.046845553036029226,0.3540827081654163,0.9815734657907387,0.0780746103198065,36,29,49,0.21587301587301588,0.21587301587301588,0.1746031746031746,0
115,97,451,5758.0,5413.5,4601.5,271,0.07840307185359677,0.07371223158726052,0.0626557372584796,0.4353875236294896,0.5753533850568604,0.022622799297938555,33,32,49,0.2140221402214022,0.2029520295202952,0.3505535055350554,0
108,71,211,5289.75,4529.75,5008.25,215,0.11443482963764197,0.09799351000540833,0.10834505137912386,0.4535108024691358,0.8985816306288434,0.11249185777498259,33,31,52,0.4930232558139535,0.4883720930232558,0.4186046511627907,0
105,63,197,6111.0,5788.0,4819.0,239,0.10698342115859316,0.10132875825003064,0.08436476952434306,0.5542857142857143,1.4583018392542202,0.12417222809142209,28,37,51,0.3514644351464435,0.35564853556485354,0.3305439330543933,0
115,98,316,5585.5,6762.25,5440.0,223,0.11231876772104808,0.13598202256228759,0.10939290956986869,0.42234404536862,0.7041076634735527,0.05447844896651178,0,38,54,0.0,0.5022421524663677,0.40358744394618834,0
143,89,476,4892.5,5290.5,4569.5,225,0.09664197530864198,0.10450370370370371,0.09026172839506173,0.23925375323976722,0.6679080924125742,0.020167625873878964,30,30,46,0.3333333333333333,0.4533333333333333,0.29333333333333333,0
125,91,393,4333.0,3886.5,2847.5,219,0.09034423802673006,0.08103459060486645,0.05937115573069786,0.277312,0.4693273759207825,0.018436506549087402,31,27,37,0.3424657534246575,0.410958904109589,0.2876712328767123,0
115,79,290,5506.5,5488.5,5149.75,263,0.07960936257572034,0.079349130390782,0.07445170524367853,0.4163705103969754,0.8794263739785291,0.06123365041617122,39,31,48,0.3726235741444867,0.3840304182509506,0.3231939163498099,0
105,87,181,5402.5,4698.0,4927.75,215,0.11687398593834505,0.10163331530557058,0.10660356949702542,0.49002267573696145,0.6206896551724138,0.1504151277433534,37,28,50,0.6186046511627907,0.4418604651162791,0.3674418604651163,0
105,102,206,4900.25,5026.0,5867.5,287,0.05949143488448324,0.06101810147021331,0.07123432359261372,0.4444671201814059,0.48308342945021143,0.1382670374210576,36,23,51,0.4181184668989547,0.08710801393728224,0.397212543554007,0
115,95,262,4998.75,4237.75,3722.5,239,0.08751159818630626,0.07418900229337722,0.06516867701895976,0.3779773156899811,0.4695567867036011,0.05422906590525028,33,34,43,0.26778242677824265,0.14644351464435146,0.28451882845188287,0
146,80,337,4478.0,4520.0,4959.5,223,0.09004806048784411,0.09089263809849384,0.09973053952422128,0.2100769375117283,0.70625,0.04366948727205487,29,33,50,0.14798206278026907,0.34977578475336324,0.40358744394618834,0
115,72,588,4507.5,4411.0,4782.0,199,0.11382288326052373,0.11138607610918916,0.12075452640084847,0.3408317580340265,0.8508873456790124,0.013831042621130085,24,32,50,0.3316582914572864,0.271356783919598,0.25125628140703515,0
105,89,222,6712.75,6062.5,6309.75,239,0.11751807566394146,0.10613434638749322,0.11046287705047181,0.6088662131519275,0.7653705340234819,0.12802836620404187,39,38,61,0.49372384937238495,0.2719665271966527,0.4225941422594142,0
105,68,393,5507.25,5792.5,4264.75,211,0.1237000516610139,0.1301071404505739,0.09579187349789987,0.49952380952380954,1.252703287197232,0.027612674734054606,40,27,50,0.4786729857819905,0.12796208530805686,0.36492890995260663,1
105,70,367,5549.5,5378.0,3993.0,243,0.09398126979288388,0.09107690223373809,0.06762180561906213,0.5033560090702948,1.0975510204081633,0.029646073547208756,32,32,49,0.4403292181069959,0.3786008230452675,0.3662551440329218,1
115,92,260,5557.0,5114.0,2911.5,263,0.08033945842790846,0.07393485520970378,0.042092555913776405,0.4201890359168242,0.6042060491493384,0.04306952662721893,35,31,36,0.41064638783269963,0.5209125475285171,0.20152091254752852,1
125,66,305,5968.25,7078.75,4390.25,287,0.07245747793465988,0.08593949179909918,0.05329978511333147,0.381968,1.6250573921028466,0.047194302606826125,33,0,52,0.20905923344947736,0.0,0.3240418118466899,1
150,84,328,4977.5,4703.5,3261.5,251,0.07900668243361217,0.07465754511833146,0.05176901953937239,0.2212222222222222,0.6665958049886621,0.030315846222486616,33,24,41,0.5179282868525896,0.23904382470119523,0.26693227091633465,0
105,83,237,5635.5,5966.5,5663.25,227,0.10936559995342429,0.11578916726503523,0.10990413165402006,0.511156462585034,0.8660908695021048,0.1008251882711104,41,37,55,0.6299559471365639,0.3436123348017621,0.3920704845814978,0
105,65,230,5214.5,7694.0,6116.0,327,0.048766003609871975,0.0719542874243657,0.057196831542425344,0.47297052154195013,1.8210650887573965,0.11561436672967863,34,39,53,0.19877675840978593,0.23853211009174313,0.27522935779816515,0
105,82,303,6992.75,7586.25,3543.25,239,0.12241995063111641,0.13281017489189614,0.06203060170515222,0.6342630385487529,1.1282346817370612,0.038593710856234135,42,38,43,0.4476987447698745,0.30962343096234307,0.41841004184100417,1
125,86,343,6103.5,6273.5,3849.5,287,0.07409947917298984,0.07616336243004043,0.046734815282448494,0.390624,0.8482287723093564,0.032720210116533074,44,0,47,0.5052264808362369,0.0,0.3310104529616725,1
115,95,366,5228.5,6188.5,3921.0,243,0.08854510660637775,0.10480279090247083,0.06640247929685515,0.39534971644612477,0.6857063711911358,0.02927080533906656,31,41,44,0.2345679012345679,0.48559670781893005,0.3333333333333333,0
142,90,461,7028.75,7382.25,4544.0,239,0.12305019169832461,0.12923880884438296,0.07955042803872481,0.3485791509621107,0.9113888888888889,0.02138141642472979,38,45,54,0.5523012552301255,0.5188284518828452,0.301255230125523,1
105,85,310,6033.5,6700.0,5079.0,247,0.09889524496385779,0.10981986264321658,0.0832500122932682,0.5472562358276644,0.9273356401384083,0.05285119667013528,27,32,57,0.38866396761133604,0.30364372469635625,0.38461538461538464,1
105,79,363,5577.25,5039.0,4219.75,239,0.09763922200241593,0.08821624271283766,0.07387388175977311,0.5058730158730159,0.8074026598301555,0.03202384475863063,29,32,51,0.5104602510460251,0.3263598326359833,0.39330543933054396,0
125,92,305,6266.5,6658.25,4802.0,271,0.08532699718141093,0.09066121104015468,0.06538581990985962,0.401056,0.7866552457466919,0.05162053211502284,33,28,56,0.26199261992619927,0.35793357933579334,0.2140221402214022,0
105,71,245,7872.0,8635.5,4979.0,343,0.06691089597021649,0.0734005388911083,0.04232080170677184,0.7140136054421768,1.7130529656814124,0.0829487713452728,45,31,56,0.3556851311953353,0.22157434402332363,0.27113702623906705,0
150,47,513,5854.0,5594.25,4260.0,243,0.0991380040305509,0.09473911497231113,0.07214347406391303,0.2601777777777778,2.5324807605251243,0.01618731689522702,39,31,49,0.3991769547325103,0.43209876543209874,0.37448559670781895,1
115,69,312,6093.5,8209.75,5398.75,287,0.07397807427551628,0.09967038570335927,0.06554346902354041,0.4607561436672968,1.7243751312749422,0.05546053172255095,44,42,60,0.27177700348432055,0.3310104529616725,0.34843205574912894,1
105,54,364,9828.5,10399.5,5971.0,279,0.126263794144474,0.13359926003006128,0.07670764764070348,0.8914739229024943,3.566358024691358,0.04506551141166526,38,43,58,0.36200716845878134,0.5985663082437276,0.31899641577060933,0
105,91,605,7116.0,8546.5,7127.0,311,0.07357244031802815,0.08836240320095946,0.07368616949783398,0.6454421768707483,1.0320613452481584,0.019471347585547437,51,43,67,0.3215434083601286,0.21864951768488747,0.21543408360128619,1
125,90,740,7854.5,7520.0,4434.0,295,0.09025567365699512,0.08641195058891123,0.05095087618500431,0.502688,0.928395061728395,0.008097151205259313,46,40,51,0.4711864406779661,0.36271186440677966,0.28135593220338984,1
115,60,376,6590.0,7184.5,5681.5,259,0.0982394418687855,0.10710186192811676,0.08469611365364262,0.49829867674858225,1.9956944444444444,0.04018716047985514,48,34,54,0.5057915057915058,0.3127413127413127,0.26640926640926643,0
105,91,340,7124.0,7306.0,5164.25,275,0.09420165289256198,0.09660826446280991,0.06828760330578512,0.6461678004535147,0.8822605965463108,0.04467344290657439,33,34,55,0.23272727272727273,0.4218181818181818,0.36,0
143,92,352,7405.0,5962.5,3862.5,271,0.10082923707465857,0.08118761999428112,0.052593238109502866,0.36212039708543203,0.7044541587901701,0.031173327737603305,45,27,47,0.35793357933579334,0.11439114391143912,0.30996309963099633,0
115,108,198,7248.5,5787.25,5347.5,247,0.11881033945811274,0.09485895523611271,0.08765100231113443,0.5480907372400756,0.4961634087791495,0.13640189776553413,38,33,54,0.5465587044534413,0.3481781376518219,0.21862348178137653,0
125,89,329,6809.75,6404.25,6340.5,255,0.10472510572856594,0.09848904267589388,0.09750865051903114,0.435824,0.808515338972352,0.05857761846250496,45,43,61,0.403921568627451,0.2980392156862745,0.5215686274509804,0
114,65,374,5691.75,6367.5,4230.0,295,0.065403619649526,0.07316862970410802,0.04860672220626257,0.4379616805170822,1.5071005917159763,0.030241070662586862,32,44,50,0.19322033898305085,0.39322033898305087,0.2677966101694915,0
105,79,367,7003.0,7564.5,5695.5,287,0.08501984970073692,0.09183673469387756,0.06914615935606842,0.6351927437641723,1.21206537413876,0.04228630400403893,28,51,56,0.1951219512195122,0.36585365853658536,0.3832752613240418,0
150,82,515,6574.75,6755.0,5369.75,255,0.10111111111111111,0.10388312187620147,0.08257977700884275,0.2922111111111111,1.0046103509815585,0.02024601753228391,33,37,56,0.2901960784313726,0.25098039215686274,0.33725490196078434,0
115,83,343,6244.5,6408.0,5108.5,271,0.08502743699023706,0.08725371386555195,0.06955923802780463,0.4721739130434783,0.9301785455073305,0.043421533544696515,43,46,48,0.5904059040590406,0.5793357933579336,0.36531365313653136,0
110,89,414,8467.5,7798.0,7310.5,303,0.09222951998170115,0.08493720659194633,0.07962726965765883,0.699793388429752,0.9844716576189875,0.04265268734392868,56,43,59,0.31683168316831684,0.3333333333333333,0.47194719471947194,0
125,84,563,5618.5,6389.5,4910.0,319,0.05521270427767023,0.06278928076571574,0.048250312005581705,0.359584,0.9055413832199547,0.015490473831825825,33,31,55,0.3793103448275862,0.28213166144200624,0.3667711598746082,1
105,83,332,5105.0,4434.0,5284.5,271,0.06951158072466333,0.060374994893860376,0.07195571955719557,0.46303854875283446,0.6436347800841922,0.047943279140659024,31,33,54,0.3247232472324723,0.2730627306273063,0.4022140221402214,1
105,54,577,6612.75,6545.75,3692.0,239,0.11576740603280755,0.11459445737994783,0.06463472278146391,0.5997959183673469,2.244770233196159,0.011089451504675172,33,35,47,0.5146443514644351,0.2803347280334728,0.3263598326359833,1
105,91,292,6290.0,5853.75,3904.75,239,0.11011711979832285,0.10247982353250118,0.0683592724217013,0.5705215419501134,0.7068892645815723,0.045795998311127795,28,31,49,0.4476987447698745,0.4225941422594142,0.38493723849372385,1
150,100,661,6544.5,6397.75,5080.0,271,0.08911234868806253,0.08711414604920957,0.06917117141651122,0.29086666666666666,0.639775,0.011626815831694975,24,24,54,0.17712177121771217,0.2693726937269373,0.3247232472324723,1
124,86,398,7106.5,7516.5,5529.0,271,0.09676474993532223,0.10234746258901703,0.07528492259092333,0.4621813215400624,1.016292590589508,0.03490442160551501,43,33,55,0.24354243542435425,0.23616236162361623,0.33579335793357934,1
105,91,526,6584.75,6692.0,5916.5,279,0.08459230996518544,0.085970118575044,0.07600750247298982,0.5972562358276644,0.8081149619611158,0.02138421836371785,34,33,58,0.4014336917562724,0.11827956989247312,0.4121863799283154,0
105,87,306,6052.75,7182.75,5016.0,295,0.06955185291582879,0.08253662740591784,0.05763860959494398,0.5490022675736962,0.948969480776853,0.05356914007433038,30,44,55,0.3423728813559322,0.37966101694915255,0.30847457627118646,0
105,91,324,7072.75,6432.75,4922.25,323,0.06779275177563285,0.061658311687066876,0.04718007457178733,0.6415192743764172,0.7768083564786862,0.04688928898033836,39,29,53,0.2755417956656347,0.09597523219814241,0.33746130030959753,0
150,53,457,6391.5,7688.0,6664.0,283,0.07980496697424115,0.0959932075565933,0.08320743173219793,0.2840666666666667,2.7369170523317905,0.03190822077194528,32,29,64,0.38515901060070673,0.2826855123674912,0.3003533568904594,0
105,65,294,6710.5,6067.5,6949.5,319,0.06594373089887089,0.059625003685105295,0.06829237134069044,0.6086621315192744,1.436094674556213,0.08040052755796195,35,42,64,0.3103448275862069,0.4169278996865204,0.46394984326018807,0
122,82,526,9793.5,9763.0,8548.0,291,0.11565168101463139,0.11529150576870845,0.10094354105407352,0.6579884439666757,1.4519631171921474,0.030895343289623966,62,45,61,0.5498281786941581,0.25773195876288657,0.5670103092783505,0
105,52,609,6560.25,7062.25,6541.75,239,0.11484830447646224,0.12363666602475447,0.11452443059470248,0.5950340136054422,2.6117788461538463,0.01763840692836786,41,39,61,0.6610878661087866,0.48535564853556484,0.4309623430962343,0
105,57,731,7875.25,7984.75,5798.5,279,0.10117097673462572,0.10257769042021557,0.07449159183463727,0.7143083900226758,2.4576023391812867,0.010851278442850432,36,39,53,0.22939068100358423,0.44086021505376344,0.34050179211469533,0
105,85,341,8377.5,7740.0,5606.0,287,0.1017069528584783,0.0939673906445386,0.06805958552368002,0.7598639455782313,1.071280276816609,0.04821079970072497,46,35,57,0.41114982578397213,0.4843205574912892,0.37282229965156793,0
151,93,396,8414.5,5910.5,5457.5,251,0.13356137204171362,0.09381597117506071,0.0866256091173156,0.3690408315424762,0.6833738004393571,0.0348019334761759,51,37,56,0.4541832669322709,0.5617529880478087,0.4103585657370518,0
125,64,557,6649.0,7240.5,5313.0,299,0.07437276987953155,0.08098902696837842,0.05942886544893234,0.425536,1.7677001953125,0.017124954472053092,47,38,51,0.39464882943143814,0.431438127090301,0.41471571906354515,0
106,47,321,5741.0,6031.0,5667.5,303,0.06253199577383481,0.06569072748859044,0.06173142066681916,0.5109469562121751,2.7301946582163876,0.05500237769431585,43,35,61,0.38613861386138615,0.1716171617161716,0.3465346534653465,0
114,95,715,5999.0,5633.0,4115.5,255,0.09225682429834679,0.08662821991541715,0.06329104190695886,0.4616035703293321,0.6241551246537396,0.008050271406914764,35,21,43,0.35294117647058826,0.15294117647058825,0.23529411764705882,0
106,75,288,7711.25,6770.0,8273.25,247,0.12639528594141847,0.11096723434247406,0.1356070415840286,0.6862985048059808,1.2035555555555555,0.09974500868055555,34,32,59,0.48582995951417,0.5789473684210527,0.46153846153846156,0
115,89,510,5874.25,6413.5,6160.5,263,0.08492605068744669,0.09272217322789111,0.08906446529514667,0.44417769376181476,0.8096831208180785,0.023685121107266435,42,33,49,0.44106463878326996,0.21292775665399238,0.4144486692015209,0
108,87,324,4533.0,4477.0,4963.0,219,0.09451429286295115,0.09334667750880925,0.10347991076082651,0.38863168724279834,0.5914916105165808,0.047277472946197226,32,35,48,0.3698630136986301,0.3424657534246575,0.3744292237442922,1
146,91,275,5001.25,5388.5,5847.75,327,0.046771689625826486,0.05039325159685399,0.05468815756249474,0.23462422593357102,0.6507064364207221,0.07732561983471074,32,28,50,0.24770642201834864,0.2782874617737003,0.363914373088685,0
105,60,265,3770.0,4068.5,3675.0,175,0.12310204081632653,0.13284897959183672,0.12,0.3419501133786848,1.1301388888888888,0.05233179067283731,29,35,43,0.7085714285714285,0.5485714285714286,0.6285714285714286,1
116,91,354,6977.5,6509.25,5558.75,299,0.07804722542253442,0.07280958825963915,0.06217771613292916,0.5185419143876338,0.7860463712112064,0.04435786332152319,39,32,57,0.4080267558528428,0.27424749163879597,0.45484949832775917,1
116,95,248,13922.0,17749.0,12064.5,303,0.1516409066649239,0.19332527312137154,0.13140868542299775,1.0346313912009513,1.9666481994459835,0.19615797346514047,97,95,95,0.6039603960396039,0.31353135313531355,0.31353135313531355,1
105,90,317,11586.75,14057.25,9893.25,311,0.11979559764683988,0.14533813752959543,0.10228647346491455,1.0509523809523809,1.735462962962963,0.0984510742469325,89,90,89,0.6463022508038585,0.5884244372990354,0.4758842443729904,0
108,85,276,7859.0,7053.25,6561.5,283,0.09812833223039369,0.08806764973966462,0.08192760553883804,0.6737825788751715,0.9762283737024221,0.08613605335013652,48,41,55,0.2579505300353357,0.4558303886925795,0.4628975265017668,0
145,85,532,6229.5,8162.75,5618.5,271,0.08482319140534579,0.11114704320474939,0.07650358791410793,0.2962901307966706,1.1297923875432525,0.019851673356323138,34,45,54,0.4059040590405904,0.5645756457564576,0.4870848708487085,0
107,92,864,6092.5,6394.5,4925.5,231,0.11417514664267911,0.11983471074380166,0.092305241655891,0.5321425452004542,0.7554938563327032,0.006598159936556928,32,34,46,0.5151515151515151,0.24242424242424243,0.5367965367965368,0
105,79,670,5367.0,5676.5,3153.5,191,0.14711767769523862,0.15560154601025192,0.08644225761355226,0.48680272108843536,0.909549751642365,0.00702494987747828,39,35,41,0.5026178010471204,0.3193717277486911,0.33507853403141363,0
115,116,239,8085.75,7333.0,5931.0,295,0.0929129560471129,0.08426314277506464,0.06815282964665326,0.6113988657844991,0.5449613555291319,0.10383221582255213,54,36,51,0.43389830508474575,0.33220338983050846,0.2745762711864407,0
106,72,518,6985.0,7581.0,6486.5,279,0.0897342017702753,0.09739083516398812,0.08333012165825208,0.6216625133499466,1.4623842592592593,0.024174132764866355,41,38,52,0.43010752688172044,0.44086021505376344,0.35842293906810035,0
146,86,291,6669.5,6672.5,5171.75,239,0.11676091104847604,0.11681343113741006,0.09054025664816792,0.31288703321448674,0.902176852352623,0.06107332223285034,43,44,50,0.4225941422594142,0.4895397489539749,0.30962343096234307,0
105,79,394,6961.0,7012.5,6219.0,279,0.0894258809624748,0.09008748602921339,0.07989362932130882,0.6313832199546485,1.1236180099343054,0.0400615836532763,39,45,59,0.3870967741935484,0.26881720430107525,0.45161290322580644,0
108,80,305,6980.0,7237.0,6250.5,327,0.06527695947778432,0.06768042345855661,0.058454675532362596,0.5984224965706447,1.13078125,0.0671916151572158,36,28,59,0.3119266055045872,0.14678899082568808,0.28134556574923547,1
115,85,199,5315.75,5946.0,3988.25,215,0.11499729583558681,0.12863169280692266,0.08627906976744186,0.4019470699432892,0.8229757785467128,0.10071084063533749,31,15,41,0.3581395348837209,0.08837209302325581,0.3395348837209302,1
105,82,317,6320.0,6486.5,4327.0,367,0.04692291129936372,0.04815909242774095,0.032125860315244746,0.5732426303854875,0.9646787626412849,0.04305943934161948,43,37,48,0.3760217983651226,0.335149863760218,0.29155313351498635,0
125,86,208,6940.5,5802.5,5995.5,259,0.10346446832933319,0.08649990310221971,0.08937702180945424,0.444192,0.7845457003785831,0.13857941937869822,47,28,52,0.5019305019305019,0.4517374517374517,0.3667953667953668,1
105,85,380,6952.25,6518.5,3941.25,239,0.12171092943050717,0.11411739990546384,0.06899826683706518,0.6305895691609977,0.9022145328719723,0.027293975069252078,52,34,33,0.5648535564853556,0.4769874476987448,0.3807531380753138,0
150,91,409,5098.5,6058.0,3184.5,243,0.08634354519128182,0.10259276194347068,0.053929787125946246,0.2266,0.7315541601255887,0.01903683024372164,32,34,42,0.2222222222222222,0.25102880658436216,0.29218106995884774,0
105,79,227,7688.5,8875.5,7770.0,255,0.11823913879277201,0.13649365628604382,0.11949250288350634,0.6973696145124717,1.4221278641243391,0.15078887616681869,48,36,56,0.5568627450980392,0.1411764705882353,0.6941176470588235,0
115,92,280,7456.25,8091.0,6787.0,343,0.0633770792781919,0.06877236525597327,0.05768854813895571,0.5637996219281664,0.9559310018903592,0.08656887755102041,54,40,59,0.3498542274052478,0.22740524781341107,0.37900874635568516,0
125,86,241,6697.5,7174.75,5603.5,243,0.11342275059696184,0.1215050212535352,0.09489576453453911,0.42864,0.9700851811790157,0.09647733337924623,38,38,53,0.411522633744856,0.5761316872427984,0.36213991769547327,0
105,92,339,7999.0,7083.0,4932.0,283,0.09987638751888524,0.08843911148846907,0.06158149059171671,0.7255328798185942,0.8368383742911153,0.04291643824888402,46,28,39,0.568904593639576,0.3321554770318021,0.19081272084805653,0
105,87,322,5403.0,6915.5,6034.0,259,0.08054441645175237,0.10309178455896603,0.08995095481581968,0.4900680272108843,0.9136609855991544,0.05819605725087767,43,34,58,0.3667953667953668,0.21235521235521235,0.277992277992278,0
143,86,226,6806.75,6178.25,6863.5,247,0.11156960448458424,0.10126784572767952,0.11249979511219656,0.33286468775979267,0.835350189291509,0.1343781815334012,42,32,60,0.4331983805668016,0.3643724696356275,0.4251012145748988,0
115,89,199,7043.0,6565.0,6078.75,263,0.10182307102892914,0.09491246078445546,0.08788257745521838,0.5325519848771266,0.828809493750789,0.15349991161839346,0,40,55,0.0,0.3916349809885932,0.21673003802281368,1
115,106,295,7164.5,6550.5,5395.5,343,0.06089724519545427,0.05567833130753343,0.04586099329361065,0.5417391304347826,0.5829921680313279,0.06199942545245619,35,21,55,0.41690962099125367,0.119533527696793,0.3177842565597668,1
125,66,371,6071.5,5913.5,5212.0,279,0.07799874102336815,0.07596896237201475,0.06695700209401215,0.388576,1.357552800734619,0.03786662404370791,33,33,55,0.32974910394265233,0.27956989247311825,0.37992831541218636,1
105,51,241,6233.75,5041.5,6025.0,239,0.10913236813081004,0.088260009453616,0.105477845275818,0.5654195011337868,1.9382929642445212,0.1037344398340249,35,38,57,0.3682008368200837,0.6317991631799164,0.24686192468619247,0
105,77,394,5547.5,5393.0,5667.5,255,0.08531334102268358,0.08293733179546328,0.08715878508266052,0.5031746031746032,0.9095968966098836,0.036508928341364114,28,30,58,0.10980392156862745,0.4196078431372549,0.4196078431372549,0
143,72,281,5513.25,6759.25,4058.0,203,0.13378752214322115,0.16402363561357955,0.09847363440025238,0.26960976086850214,1.3038676697530864,0.05139245956864781,30,42,51,0.41379310344827586,0.43349753694581283,0.42857142857142855,0
115,57,423,5189.25,5258.0,3716.75,247,0.08505712271959875,0.08618400563851235,0.06092133947450376,0.3923818525519849,1.618344105878732,0.020772205735235763,31,34,38,0.3319838056680162,0.22672064777327935,0.38461538461538464,0
125,72,302,4952.75,4775.5,6183.5,243,0.0838752561432031,0.08087351182915883,0.10471811546342867,0.316976,0.9211998456790124,0.06779856146660235,23,23,61,0.205761316872428,0.20164609053497942,0.4444444444444444,1
105,100,398,5289.5,4888.75,2867.0,267,0.07419798285850553,0.06857649847802606,0.04021658320357979,0.4797732426303855,0.488875,0.01809929042195904,35,27,39,0.5168539325842697,0.45318352059925093,0.15730337078651685,1
105,91,286,5902.5,6230.5,3787.5,255,0.09077277970011534,0.09581699346405229,0.058246828143021914,0.535374149659864,0.7523849776597029,0.04630422025526921,33,30,37,0.25882352941176473,0.1450980392156863,0.15294117647058825,0
115,84,229,6584.0,5362.5,3971.5,319,0.06470062204577393,0.05269700572911037,0.039027721818771434,0.49784499054820414,0.7599914965986394,0.07573272820884422,29,32,49,0.2413793103448276,0.2664576802507837,0.25391849529780564,0
150,84,320,7424.0,6754.75,4693.75,319,0.07295525790823597,0.06637857332376844,0.046125234618370495,0.32995555555555556,0.9573058390022676,0.04583740234375,34,41,58,0.23197492163009403,0.22884012539184953,0.2727272727272727,0
105,56,555,6727.0,7727.75,5109.25,303,0.07327168360400396,0.08417203106449259,0.055650862115914565,0.6101587301587301,2.4642059948979593,0.01658712766820875,43,58,60,0.38943894389438943,0.27722772277227725,0.19801980198019803,0
125,52,448,7184.75,6689.25,4765.25,303,0.07825757823307083,0.0728605038721694,0.05190395277151477,0.459824,2.4738350591715976,0.02374267578125,42,35,55,0.39933993399339934,0.2607260726072607,0.3102310231023102,0
105,102,271,8867.75,8663.0,5944.25,291,0.10471947662403609,0.10230157886656983,0.0701957936254886,0.8043310657596372,0.8326605151864668,0.08093912119933007,39,42,62,0.36769759450171824,0.3161512027491409,0.41580756013745707,0
105,85,409,6910.0,7143.0,4383.5,311,0.07144260295075526,0.07385159375936973,0.04532107815262456,0.6267573696145124,0.9886505190311419,0.026204410542739462,30,34,53,0.1864951768488746,0.18006430868167203,0.2572347266881029,1
115,107,438,6273.0,7416.5,5440.5,255,0.09647058823529411,0.1140561322568243,0.08366782006920415,0.4743289224952741,0.6477858328238274,0.028358979170576094,30,32,60,0.3333333333333333,0.12549019607843137,0.4666666666666667,0
150,58,364,7742.5,7243.75,5152.75,279,0.0994655772664791,0.09305828547937463,0.06619583509975463,0.3441111111111111,2.1533145065398336,0.03888985327858954,58,24,58,0.35125448028673834,0.1039426523297491,0.43010752688172044,0
125,86,368,7016.5,8762.0,5316.0,311,0.07254370819160265,0.0905904612235192,0.05496221089525542,0.449056,1.1846944294213089,0.03925448960302457,35,51,55,0.5241157556270096,0.5305466237942122,0.2733118971061093,0
105,85,277,5505.75,5845.25,3315.75,215,0.11910762574364521,0.1264521362898864,0.07173066522444564,0.4993877551020408,0.8090311418685121,0.04321377836280937,34,29,24,0.4325581395348837,0.4930232558139535,0.27906976744186046,0
105,72,316,5042.5,6269.5,4681.5,263,0.07290115514175426,0.0906403157483844,0.06768205409937977,0.45736961451247166,1.209394290123457,0.04688251081557443,28,38,53,0.26996197718631176,0.3840304182509506,0.26996197718631176,0
109,71,229,6807.0,6486.0,5622.5,275,0.09000991735537191,0.08576528925619835,0.07434710743801654,0.5729315714165474,1.2866494743106527,0.10721572815163707,33,32,59,0.34545454545454546,0.2509090909090909,0.4290909090909091,0
115,93,260,8726.0,7330.5,6789.0,375,0.062051555555555554,0.052128,0.04827733333333333,0.6598109640831759,0.8475546305931322,0.10042899408284024,44,43,59,0.392,0.344,0.2773333333333333,0
143,87,445,5786.5,8339.5,3456.5,303,0.06302758988770164,0.09083532115587796,0.03764881438638913,0.28297227248276197,1.1017968027480514,0.017454866809746245,35,49,42,0.29042904290429045,0.37293729372937295,0.28052805280528054,0
105,83,480,8753.25,8673.75,7511.0,295,0.1005831657569664,0.09966963516230969,0.08630853203102556,0.7939455782312925,1.2590724343155755,0.03259982638888889,46,43,57,0.39661016949152544,0.5423728813559322,0.488135593220339,1
105,92,917,5917.5,6942.75,5196.25,255,0.09100346020761246,0.10677047289504037,0.0799115724721261,0.536734693877551,0.8202681947069943,0.0061794719636004275,28,31,53,0.2901960784313726,0.20784313725490197,0.2901960784313726,1
105,72,346,6789.75,7357.0,5934.5,271,0.09245176400103484,0.10017565120300649,0.08080636156915075,0.6158503401360544,1.4191743827160495,0.04957148584984463,36,32,60,0.33210332103321033,0.36531365313653136,0.4354243542435424,1
150,90,201,5288.5,6087.5,5543.0,283,0.06603278852276842,0.07600918977637379,0.069210503315062,0.23504444444444444,0.7515432098765432,0.13719957426796367,18,31,57,0.0636042402826855,0.21908127208480566,0.37809187279151946,1
115,70,547,25907.5,28868.0,27333.0,407,0.15639997826730012,0.1742721054760367,0.16500552372788246,1.9589792060491493,5.8914285714285715,0.09135086177220605,143,141,144,0.6191646191646192,0.4201474201474201,0.47174447174447176,1
125,89,212,7109.0,7258.75,5620.75,303,0.07743249572482001,0.07906359942924986,0.061222211330043894,0.454976,0.9163931321802803,0.12506118725525098,40,31,55,0.2706270627062706,0.2838283828382838,0.3795379537953795,1
105,90,251,14037.5,17542.0,15919.5,395,0.08996955616087166,0.11243070020829996,0.10203172568498638,1.2732426303854876,2.165679012345679,0.2526864652942017,101,100,100,0.3594936708860759,0.44556962025316454,0.4936708860759494,1
105,90,349,143076.0,143446.25,134439.25,511,0.5479298869106659,0.549347811933931,0.5148542246697891,12.977414965986394,17.709413580246913,1.10376146337058,370,356,350,0.8473581213307241,0.7808219178082192,0.87279843444227,1
105,64,290,98119.0,107241.0,93964.5,599,0.2734635633679951,0.29888712684747254,0.2618847216144883,8.899682539682539,26.181884765625,1.117294887039239,298,297,294,0.6460767946577629,0.6243739565943238,0.6828046744574291,1
117,92,351,68064.75,73481.75,65829.5,615,0.17995835812016656,0.19428052085398903,0.17404851609491703,4.972222222222222,8.681681238185256,0.5343260200810058,249,240,242,0.5463414634146342,0.432520325203252,0.49105691056910566,1
153,107,270,127859.0,105149.0,115699.0,591,0.36606342744094295,0.3010441449720998,0.3312490516231916,5.461959075569226,9.184120883919993,1.5870919067215363,346,310,312,0.7157360406091371,0.6514382402707276,0.7377326565143824,1
127,91,323,143651.25,117232.25,124249.5,719,0.27787637752170863,0.22677194217745633,0.24034598354614758,8.906395312790625,14.156774544137182,1.1909392402879353,369,324,326,0.5744089012517385,0.5257301808066759,0.7051460361613352,1
111,93,385,118231.0,96664.0,102215.25,543,0.40098830248703576,0.32784238712018693,0.3466698208235402,9.595893190487786,11.17632096196092,0.6895952099848204,337,297,296,0.8066298342541437,0.6777163904235728,0.7697974217311234,1
111,85,392,58485.0,48738.5,51752.0,503,0.2311577849009324,0.1926354398460134,0.20454608334090882,4.746773800827855,6.745813148788927,0.33678675551853393,233,201,196,0.5566600397614314,0.6003976143141153,0.7117296222664016,1
155,84,491,106562.5,87070.0,86269.0,655,0.24838296136588778,0.20294854612202087,0.20108152205582425,4.435483870967742,12.339852607709751,0.35784238492456893,311,274,270,0.5938931297709924,0.549618320610687,0.667175572519084,1
111,89,352,91734.5,76067.25,81278.0,607,0.2489747563434831,0.2064525890964557,0.2205949805807588,7.445377810242675,9.603238227496528,0.6559755940082644,296,258,252,0.6112026359143328,0.5831960461285008,0.6935749588138386,1
128,96,204,56790.5,40673.0,52184.25,471,0.25599641184451927,0.1833430249593177,0.23523266663962028,3.466217041015625,4.413302951388889,1.2539467993079585,232,187,188,0.7176220806794055,0.613588110403397,0.7261146496815286,1
113,85,329,18482.0,14830.75,18842.0,335,0.1646870126977055,0.13215192693250166,0.1678948540877701,1.4474117002114497,2.052698961937716,0.17407451889764508,119,88,97,0.6716417910447762,0.4597014925373134,0.608955223880597,1
111,91,373,16533.0,15003.5,20753.5,367,0.1227494450177817,0.11139365501265878,0.15408459488154191,1.341855368882396,1.8117980920178722,0.14916731953798273,116,85,107,0.4332425068119891,0.4250681198910082,0.5667574931880109,1
111,91,208,21631.5,16865.5,27047.0,415,0.1256002322543185,0.0979271302075773,0.1570445637973581,1.7556610664718773,2.0366501630237894,0.6251617973372781,131,85,135,0.6096385542168675,0.472289156626506,0.5325301204819277,1
119,84,403,5434.25,6810.25,10641.5,327,0.05082110559343116,0.06368945749048434,0.09951930720384554,0.3837476166937363,0.965171485260771,0.0655228466402724,19,37,91,0.11009174311926606,0.3211009174311927,0.40672782874617736,1
149,86,282,4435.5,5801.5,6870.0,283,0.05538213737217346,0.07243816254416961,0.08577957022812122,0.1997882978244223,0.7844104921579232,0.08638901463709069,29,29,73,0.4416961130742049,0.4028268551236749,0.4028268551236749,1
135,81,227,6356.75,7157.25,9094.5,307,0.06744633895319845,0.07593979776973761,0.09649439251344842,0.3487928669410151,1.090877914951989,0.17649284868714704,52,24,87,0.24104234527687296,0.30618892508143325,0.38762214983713356,1
111,92,239,6255.5,6713.0,7111.75,335,0.05574069948763644,0.059817331254176875,0.06337046112719982,0.5077104131158185,0.7931238185255198,0.12450324749216575,51,25,69,0.4537313432835821,0.10746268656716418,0.3522388059701492,1
121,95,497,4128.5,5110.5,6253.25,227,0.08011993246521376,0.09917716237458518,0.12135399483785829,0.28198210504746946,0.5662603878116343,0.02531587917849147,0,32,69,0.0,0.4008810572687225,0.4801762114537445,1
117,83,283,4368.0,5646.0,7580.5,287,0.05302965921645279,0.06854520511357429,0.09203098252983526,0.3190883190883191,0.8195674263318333,0.09465095081721585,19,39,73,0.1289198606271777,0.33797909407665505,0.2961672473867596,1
111,91,240,5221.5,5896.5,10217.0,295,0.06,0.06775639184142487,0.11740304510198218,0.42378865351838324,0.7120516845791571,0.17737847222222222,36,32,92,0.3559322033898305,0.2,0.46440677966101696,1
130,92,430,5727.5,6151.0,5409.0,279,0.07357947611156075,0.07902005369920737,0.06948780205804139,0.338905325443787,0.7267249527410208,0.029253650621957814,30,33,67,0.3333333333333333,0.43010752688172044,0.3727598566308244,1
148,80,344,6010.0,8181.0,11500.5,415,0.03489621135142981,0.047501814486863116,0.06677601974161707,0.2743791088385683,1.27828125,0.09718513385613846,35,30,97,0.3373493975903614,0.2433734939759036,0.23373493975903614,1
111,92,347,6622.5,7017.0,12753.5,287,0.08040039335186781,0.08518981655719991,0.15483373599290995,0.5374969564158754,0.8290406427221172,0.10591816226361817,39,35,99,0.41114982578397213,0.47038327526132406,0.34843205574912894,1
115,79,173,6028.0,7686.5,15130.5,295,0.06926745188164321,0.08832519390979604,0.1738638322321172,0.4558034026465028,1.2316135234738024,0.5055464599552274,37,38,113,0.3423728813559322,0.1864406779661017,0.3864406779661017,1
117,103,610,7314.0,8015.0,12883.5,311,0.07561956555453314,0.08286721601306851,0.13320271709349574,0.5342976112206882,0.7554906211707041,0.034623757054555226,39,36,104,0.26366559485530544,0.2765273311897106,0.3954983922829582,1
148,89,538,5673.0,7310.0,11532.0,271,0.07724568020587955,0.0995356817036805,0.15702400566441088,0.25899379108838566,0.9228632748390355,0.03984190378795208,36,30,95,0.33210332103321033,0.31365313653136534,0.46494464944649444,1
111,87,570,6633.0,7873.25,13107.25,295,0.07621947716173513,0.09047112898592359,0.1506147658718759,0.5383491599707816,1.0401968555951908,0.040342413050169286,39,37,106,0.43389830508474575,0.2033898305084746,0.4847457627118644,1
111,79,660,10506.5,12247.75,28499.5,359,0.08152093791947611,0.09503146313265726,0.2211303450469813,0.8527311094878662,1.962465950969396,0.06542584940312213,65,63,161,0.5292479108635098,0.4763231197771588,0.48467966573816157,1
111,102,193,11371.25,12408.25,29675.0,359,0.08823061583941776,0.09627679797642787,0.23025116192456607,0.9229161594026459,1.1926422529796232,0.796665682300196,65,64,161,0.5766016713091922,0.5459610027855153,0.5988857938718662,1
117,85,501,7718.5,10741.5,20463.0,291,0.09114795526741536,0.12684663619938358,0.2416480674531477,0.5638468843597049,1.4867128027681662,0.08152557161126849,52,52,131,0.6426116838487973,0.22336769759450173,0.6632302405498282,1
115,79,363,9542.75,9080.0,20971.25,327,0.08924379728604963,0.08491615932067073,0.19612312843101498,0.7215689981096408,1.4548950488703734,0.15915162139805264,47,42,129,0.4740061162079511,0.22629969418960244,0.48623853211009177,1
127,78,250,5454.5,7075.5,10427.75,327,0.05101048359191613,0.0661700754706394,0.09752031721983746,0.3381796763593527,1.1629684418145956,0.166844,36,25,92,0.40672782874617736,0.1162079510703364,0.3486238532110092,1
117,103,382,7561.75,8337.75,14217.5,359,0.05867234115191533,0.06469339933737324,0.11031494169039657,0.5523960844473665,0.7859129041379961,0.09743085441736794,39,32,101,0.37047353760445684,0.25069637883008355,0.4735376044568245,1
111,102,305,5020.25,5698.5,7549.75,247,0.08228703961710568,0.09340425183169697,0.1237481355209887,0.40745475204934667,0.547722029988466,0.08115829078204784,33,29,72,0.4008097165991903,0.5020242914979757,0.4008097165991903,1
111,91,326,5189.75,5965.5,10684.75,271,0.07066556827929903,0.08122846911125937,0.14548753421113547,0.42121175229283336,0.7203840115928029,0.10053775076216644,30,21,90,0.1881918819188192,0.2140221402214022,0.4317343173431734,1
117,85,292,5792.0,6375.0,8148.5,287,0.07031771661668831,0.0773956221393971,0.09892678070633369,0.4231134487544744,0.8823529411764706,0.09556788328016513,28,26,77,0.3240418118466899,0.16376306620209058,0.2926829268292683,1
127,91,211,6252.25,10740.5,18703.5,303,0.06810062194338246,0.11698744131838927,0.20372185733424827,0.38764027528055056,1.2970051926095882,0.4201051189326385,47,46,116,0.570957095709571,0.5313531353135313,0.40264026402640263,1
111,87,303,7111.5,9246.5,15805.5,287,0.0863370928383251,0.11225703844893103,0.1918865107018417,0.5771852934015096,1.221627691901176,0.17215632454334542,36,32,107,0.3588850174216028,0.29965156794425085,0.5226480836236934,1
111,87,304,5375.0,6992.0,8891.5,287,0.0652551323920407,0.084886304313516,0.1079471645886195,0.4362470578686795,0.9237680010569428,0.09621169494459834,41,34,80,0.32752613240418116,0.21951219512195122,0.397212543554007,1
111,92,260,6252.0,8503.5,16589.25,307,0.0663349213254252,0.09022376895245574,0.17601513013400671,0.5074263452641831,1.0046668241965973,0.24540310650887573,38,30,112,0.3941368078175896,0.2899022801302932,0.46579804560260585,1
117,107,176,10695.0,12223.5,29401.25,347,0.08882226411646969,0.10151649793620078,0.24417817604996303,0.7812842428227044,1.0676478295047602,0.9491622546487604,75,61,162,0.3631123919308357,0.3631123919308357,0.7118155619596542,1
111,85,406,7736.75,9768.0,13717.0,367,0.057441587657492445,0.0725226261981305,0.10184202124895128,0.6279319860400941,1.3519723183391004,0.08321604503870514,59,39,108,0.4250681198910082,0.3460490463215259,0.39509536784741145,1
127,87,490,6507.5,8173.0,13460.5,311,0.06728114887149636,0.08450078059573413,0.13916832952512898,0.4034658069316139,1.0797991808693355,0.05606205747605165,44,34,107,0.28938906752411575,0.3279742765273312,0.5176848874598071,1
111,91,327,5406.0,7478.0,11431.5,315,0.05448223733938019,0.07536407155454775,0.11520786092214663,0.4387630874117361,0.9030310348991668,0.1069073871447409,31,29,94,0.42857142857142855,0.23174603174603176,0.3746031746031746,1
111,89,268,6270.5,7717.0,10242.5,355,0.049756000793493356,0.06123388216623686,0.08127355683396152,0.5089278467656846,0.9742456760510037,0.14260553575406548,49,31,92,0.4225352112676056,0.15492957746478872,0.36619718309859156,1
111,87,350,6853.0,8581.0,10083.5,271,0.09331299955065972,0.1168420909301344,0.13730069035007694,0.5562048535021508,1.1337032633108732,0.08231428571428571,44,29,89,0.5498154981549815,0.4095940959409594,0.39114391143911437,1
117,92,417,5548.5,7078.5,8291.0,303,0.06043525144593667,0.07710028428585433,0.0903070505070309,0.40532544378698226,0.8363067107750473,0.047679841738120295,33,31,80,0.45874587458745875,0.3432343234323432,0.42574257425742573,1
127,92,465,6393.75,9031.0,13817.5,335,0.056972599688126534,0.08047226553798173,0.12312319002004901,0.39641329282658566,1.0669896030245747,0.06390334142675454,38,30,104,0.26865671641791045,0.18507462686567164,0.417910447761194,1
117,91,217,5669.75,8701.5,13149.75,319,0.055716335334754966,0.08550918328239698,0.1292219023004884,0.414182920593177,1.050778891438232,0.27925311643908346,36,38,104,0.3761755485893417,0.31347962382445144,0.4043887147335423,1
111,71,544,6699.5,7597.5,10975.0,311,0.06926624000992546,0.07855067668861984,0.11347070439718365,0.5437464491518545,1.5071414401904384,0.03708572123702422,36,27,89,0.3954983922829582,0.2540192926045016,0.36977491961414793,1
111,85,285,6070.0,8133.5,12821.5,287,0.0736927727664534,0.09874467336012335,0.1556592892957302,0.4926548169791413,1.1257439446366782,0.15785164666051094,38,33,101,0.42857142857142855,0.34494773519163763,0.47735191637630664,1
117,90,312,6585.5,7090.5,11868.0,335,0.05868122076186233,0.06318110937848073,0.10575183782579639,0.48107969902841696,0.8753703703703704,0.1219181459566075,40,30,99,0.4059701492537313,0.27761194029850744,0.41492537313432837,1
111,91,392,5313.0,5867.5,7490.75,263,0.07681186658763318,0.08482846361809482,0.10829634662927033,0.43121499878256636,0.7085496920661756,0.04874759214910454,32,27,72,0.12167300380228137,0.1634980988593156,0.5133079847908745,1
127,85,425,6081.0,5786.25,7287.0,283,0.07592803006655097,0.07224774937881606,0.09098627776598534,0.3770227540455081,0.8008650519031142,0.04034325259515571,38,31,69,0.36395759717314485,0.2332155477031802,0.24734982332155478,1
111,85,185,6630.5,6993.5,8399.25,263,0.09585941679075886,0.1011074325203487,0.12143084329685264,0.5381462543624705,0.9679584775086505,0.2454127100073046,30,31,82,0.11406844106463879,0.13688212927756654,0.4828897338403042,1
111,74,592,6972.5,6637.75,5584.0,319,0.06851839113216261,0.06522882047149695,0.05487367459046196,0.5659037415794173,1.2121530314097881,0.015933162892622352,52,37,60,0.39184952978056425,0.18808777429467086,0.335423197492163,1
111,85,314,7288.0,7733.5,10902.5,287,0.0884798892787335,0.09388847746118079,0.13236168947055324,0.5915104293482671,1.0703806228373702,0.11057750821534343,30,28,97,0.3902439024390244,0.1951219512195122,0.42857142857142855,1
117,75,484,6783.5,7118.5,8244.25,311,0.07013471738298818,0.07359828785889311,0.08523743551038554,0.4955438673387391,1.265511111111111,0.035193335496209274,40,28,81,0.42765273311897106,0.3504823151125402,0.40836012861736337,1
127,82,347,6919.5,7362.0,10677.5,343,0.05881477955613732,0.06257596749653631,0.09075725250533366,0.42900985801971603,1.094883997620464,0.08867692614339459,31,33,92,0.37026239067055394,0.2944606413994169,0.2944606413994169,1
117,91,412,7200.5,8492.0,10478.0,295,0.08274059178397013,0.09758115484056305,0.12040218328066647,0.5260062824165388,1.0254800144910035,0.06172824959939674,42,22,96,0.488135593220339,0.31186440677966104,0.37966101694915255,1
111,85,330,5931.0,6512.25,7788.0,271,0.08075870426600945,0.08867322068054628,0.10604430767554908,0.4813732651570489,0.9013494809688581,0.07151515151515152,36,30,79,0.4797047970479705,0.3210332103321033,0.2915129151291513,1
111,102,363,7242.0,7032.0,9548.5,291,0.08552095511389804,0.08304105997803521,0.11275847002279142,0.5877769661553446,0.6758938869665513,0.07246393309503753,39,22,85,0.35738831615120276,0.18213058419243985,0.47766323024054985,1
117,83,354,6331.0,7604.5,10395.0,279,0.08133245975771124,0.09769273262162613,0.13354144987859867,0.4624881291547958,1.1038612280447089,0.0829503016374605,35,45,90,0.4767025089605735,0.5448028673835126,0.4767025089605735,1
111,83,373,5337.25,6568.5,5416.0,303,0.058134278774412095,0.0715452733392151,0.05899203781764315,0.43318318318318316,0.9534765568297285,0.03892790144398364,45,32,63,0.42244224422442245,0.15841584158415842,0.3432343234323432,1
127,92,291,5381.0,6547.5,9318.5,311,0.05563424695774444,0.06769470952533575,0.09634412382005976,0.3336226672453345,0.773570415879017,0.1100423943977988,40,28,79,0.36977491961414793,0.37942122186495175,0.40836012861736337,1
111,91,295,5966.0,8880.5,11521.5,311,0.06168257152014557,0.0918156346605184,0.11912097683026437,0.48421394367340315,1.0723946383287042,0.13239299051996553,38,30,88,0.4790996784565916,0.2797427652733119,0.4212218649517685,1
117,92,380,6692.0,9226.5,10809.25,287,0.08124415738930908,0.1120142286539839,0.13122958880161226,0.48885966834684785,1.0900874291115312,0.07485630193905818,6,7,89,0.020905923344947737,0.03484320557491289,0.4564459930313589,1
117,90,597,7025.5,8606.5,14783.5,255,0.10804306036139946,0.13235678585159555,0.22735101883890813,0.5132222952735773,1.0625308641975308,0.04147903111313126,36,23,104,0.4823529411764706,0.15294117647058825,0.5411764705882353,1
111,79,367,6953.25,8991.5,11101.25,359,0.053950931479426756,0.06976590808575353,0.0861356600274672,0.5643413683954225,1.4407146290658548,0.08242135586425024,45,2,92,0.2618384401114206,0.005571030640668524,0.3565459610027855,1
127,90,637,6009.0,8541.25,9284.25,307,0.0637566446328343,0.09062430370614012,0.09850767647402095,0.3725587451174902,1.0544753086419754,0.02288062912642415,35,29,80,0.3127035830618892,0.25732899022801303,0.36807817589576547,1
111,79,491,6298.75,7555.5,8031.0,295,0.0723786268313703,0.0868198793450158,0.09228382648664177,0.5112206801395991,1.2106232975484699,0.03331245514992886,40,37,75,0.3864406779661017,0.34915254237288135,0.3694915254237288,1
111,91,462,5274.0,7012.0,7270.0,287,0.0640289429275577,0.08512911410846313,0.08826136046328109,0.42804967129291455,0.8467576379664292,0.034060456138378215,32,22,71,0.43902439024390244,0.23693379790940766,0.4146341463414634,1
111,90,383,5687.0,6343.5,8256.5,243,0.09630984436654304,0.10742772951277753,0.13982455249030465,0.46156967778589403,0.7831481481481481,0.056285747397555375,34,31,74,0.40329218106995884,0.45267489711934156,0.4732510288065844,1
117,102,344,5966.5,8428.5,9065.5,311,0.06168774102831857,0.08714239927213326,0.09372835268452559,0.4358609102198846,0.8101211072664359,0.07660813277447269,33,28,81,0.3536977491961415,0.2572347266881029,0.3440514469453376,1
111,91,348,6448.5,7077.5,7036.0,279,0.08284194704590125,0.0909225215503398,0.0903893834868514,0.5233747260774287,0.8546673107112668,0.05809882415114282,31,31,68,0.3727598566308244,0.36200716845878134,0.3225806451612903,1
127,80,374,6927.5,6683.0,8317.0,319,0.06807617849667358,0.06567348984384981,0.08173072198582954,0.429505859011718,1.04421875,0.05945980725785696,28,27,78,0.3542319749216301,0.34169278996865204,0.4106583072100313,1
111,85,309,6160.5,6740.0,9580.5,255,0.09474048442906574,0.10365244136870434,0.1473356401384083,0.5,0.9328719723183391,0.10033933452728815,30,34,78,0.4235294117647059,0.42745098039215684,0.47843137254901963,1
111,87,384,5473.0,6293.0,11153.0,283,0.06833647567081622,0.07857508521769531,0.13925757594675922,0.4442009577144712,0.8314176245210728,0.07563612196180555,33,30,88,0.2826855123674912,0.4452296819787986,0.519434628975265,1
117,92,274,5296.75,6651.5,9489.75,303,0.05769314555217898,0.07244932414033482,0.10336404927621475,0.38693476513989333,0.7858577504725898,0.12640191272843518,33,24,80,0.38613861386138615,0.1485148514851485,0.26732673267326734,1
111,91,399,7461.5,8225.5,11895.25,375,0.053059555555555554,0.058492444444444444,0.08458844444444444,0.6055920785650515,0.9932979108803285,0.07471843769825566,30,28,82,0.24,0.18133333333333335,0.21866666666666668,1
127,93,348,7472.0,8856.0,14047.0,295,0.08586038494685436,0.1017638609594944,0.16141338695777074,0.46326492652985307,1.0239334027055151,0.11599121416303343,41,40,98,0.5084745762711864,0.42033898305084744,0.535593220338983,1
111,89,1069,6158.5,6830.5,7514.0,295,0.07076702097098535,0.07848893995978168,0.08634300488365412,0.4998376755133512,0.8623279888902916,0.006575303147377273,27,37,74,0.31186440677966104,0.2711864406779661,0.3152542372881356,1
111,87,211,6590.5,8789.5,10197.5,271,0.08973870181506242,0.1196811045601231,0.13885295679525061,0.5348997646294944,1.1612498348526885,0.22904921273107073,36,37,84,0.2988929889298893,0.13653136531365315,0.4280442804428044,1
111,91,366,6228.0,8323.0,8909.25,367,0.04623985626146159,0.06179420739629814,0.06614682713510384,0.5054784514243974,1.0050718512256973,0.06650877900206038,38,33,79,0.37329700272479566,0.3024523160762943,0.24795640326975477,1
117,90,481,4719.0,5388.0,8825.5,263,0.06822420448466798,0.0778961673582096,0.1275932860096286,0.34472934472934474,0.6651851851851852,0.03814601423749033,26,20,80,0.24714828897338403,0.20912547528517111,0.39543726235741444,1
123,84,236,4773.0,5205.0,5852.0,215,0.10325581395348837,0.11260140616549487,0.12659816116819902,0.3154868134047194,0.7376700680272109,0.10507038207411663,34,38,59,0.33488372093023255,0.4232558139534884,0.4372093023255814,1
111,91,229,6132.5,6829.75,8328.5,235,0.11104572204617474,0.12367134449977366,0.1508103214124038,0.49772745718691663,0.824749426397778,0.15881657481741385,32,36,71,0.3148936170212766,0.30638297872340425,0.5319148936170213,1
117,103,214,5276.5,6472.5,9105.0,295,0.06063200229819018,0.07437517954610744,0.10462510772766447,0.3854554751990649,0.6100952021868226,0.1988164905231898,32,25,82,0.4101694915254237,0.2677966101694915,0.2847457627118644,1
111,89,334,4988.0,5216.5,7460.0,255,0.07670895809304114,0.08022299115724721,0.11472510572856594,0.4048372697021346,0.6585658376467618,0.06687224353687835,29,25,71,0.1843137254901961,0.34901960784313724,0.3333333333333333,1
118,85,839,4508.5,5247.5,7878.5,265,0.06420078319686721,0.07472410110359559,0.11218939124243503,0.3237934501580006,0.7262975778546713,0.011192307091278709,24,35,74,0.29056603773584905,0.2037735849056604,0.3660377358490566,1
111,91,448,5887.5,5321.5,5564.5,287,0.07147713338756086,0.06460561619055713,0.06755575519916474,0.4778427075724373,0.6426156261321097,0.02772490832270408,40,33,56,0.289198606271777,0.2926829268292683,0.3588850174216028,1
136,86,249,6086.0,4944.0,6468.0,287,0.0738870206024111,0.060022581310930086,0.07852468768590125,0.3290441176470588,0.6684694429421308,0.10432089805003145,38,19,67,0.41114982578397213,0.06620209059233449,0.24041811846689895,1
110,89,466,5360.0,6492.5,6576.0,291,0.06329637108678451,0.07667009128375905,0.07765614482587593,0.44297520661157025,0.8196566090140134,0.030282377645563557,37,27,73,0.36082474226804123,0.2920962199312715,0.3333333333333333,1
118,106,239,5560.0,5717.0,5617.5,263,0.08038283045873151,0.08265263340513813,0.08121412771617344,0.3993105429474289,0.508810964756141,0.09834386652894732,23,31,62,0.29277566539923955,0.22053231939163498,0.4372623574144487,1
111,85,425,5408.5,6329.25,8084.5,257,0.08188617541522203,0.09582658329422096,0.1224015503641236,0.4389659930200471,0.8760207612456747,0.04475847750865052,42,33,77,0.42412451361867703,0.30739299610894943,0.4357976653696498,1
120,93,426,5704.75,6339.25,9823.5,323,0.05468038608632307,0.06076210833037794,0.09415886282816859,0.3961631944444444,0.7329460053185339,0.05413112477682999,27,34,86,0.32507739938080493,0.26006191950464397,0.4024767801857585,1
127,86,303,7297.0,9347.0,11706.5,327,0.06824154345406765,0.08741314330069486,0.1094791871241665,0.45241490482980967,1.2637912385073014,0.12750928558202354,33,39,97,0.37003058103975534,0.2782874617737003,0.30275229357798167,1
111,89,215,4626.0,5599.5,7703.5,219,0.09645336836179395,0.11675111027710014,0.16062008715414608,0.3754565376186998,0.7069183183941422,0.16665224445646296,18,35,75,0.0821917808219178,0.5068493150684932,0.3698630136986301,1
111,85,723,5189.25,7421.25,11581.0,287,0.06300003642146924,0.09009760953756875,0.14059901176413456,0.42117117117117114,1.0271626297577854,0.022154883314298615,32,34,94,0.4146341463414634,0.39372822299651566,0.5017421602787456,1
131,91,244,6754.5,7215.5,8973.0,327,0.06316808349465533,0.06747935546016516,0.08391549532867604,0.39359594429229067,0.8713319647385581,0.15071553345874764,35,37,84,0.27522935779816515,0.36085626911314983,0.345565749235474,1
141,105,223,6617.25,5006.0,12060.0,343,0.056245696946000394,0.04255029792008432,0.10250830861290788,0.33284291534631055,0.45405895691609977,0.2425144282008486,36,33,101,0.23615160349854228,0.239067055393586,0.3236151603498542,1
111,91,461,5089.5,6946.75,10192.5,295,0.05848319448434358,0.07982476299913818,0.11712151680551566,0.4130752373995617,0.8388781548122207,0.047959966309211795,32,32,91,0.23389830508474577,0.26101694915254237,0.33559322033898303,1
127,91,327,4843.0,5281.0,5752.0,303,0.05275081963641909,0.057521593743532766,0.06265180973542898,0.3002666005332011,0.6377249124501871,0.05379270356965837,30,26,66,0.3234323432343234,0.29372937293729373,0.39933993399339934,1
117,102,317,6346.5,5989.5,11214.5,295,0.07292731973570812,0.06882505027291008,0.12886526860097672,0.4636204251588867,0.5756920415224913,0.11159927952313188,37,33,92,0.5254237288135594,0.17966101694915254,0.376271186440678,1
117,100,382,7035.25,8644.25,12847.5,311,0.07273756474808987,0.08937304204877948,0.13283051250504027,0.513934545985828,0.864425,0.08804240563581042,25,26,99,0.3022508038585209,0.22186495176848875,0.3247588424437299,1
111,90,225,6977.25,7238.25,15624.5,335,0.062171975941189575,0.06449766094898642,0.13922477166406771,0.5662892622352081,0.8936111111111111,0.3086320987654321,41,33,112,0.34328358208955223,0.2626865671641791,0.33432835820895523,1
119,95,308,7761.5,10312.5,20886.5,375,0.05519288888888889,0.07333333333333333,0.14852622222222223,0.5480898241649601,1.1426592797783934,0.22017308989711587,50,47,136,0.14133333333333334,0.368,0.5146666666666667,1
135,92,400,4835.5,6863.0,13867.0,319,0.04751820442016096,0.06744234038580596,0.1362702803628109,0.26532235939643345,0.8108459357277883,0.08666875,27,28,103,0.30407523510971785,0.18181818181818182,0.42946708463949845,1
113,100,366,6623.5,7779.5,12347.0,311,0.06848047476763061,0.08043237766358909,0.12765583482387485,0.5187172057326337,0.77795,0.09217205649616292,38,28,96,0.4340836012861736,0.2347266881028939,0.3408360128617363,1
111,79,348,6307.25,6293.0,9529.75,279,0.08102735062499197,0.08084428514536042,0.12242584242237381,0.5119105592078566,1.0083319980772312,0.07869062954155107,48,33,83,0.2939068100358423,0.23297491039426524,0.5376344086021505,1
115,85,488,5497.25,7007.0,13336.5,271,0.07485260276957013,0.09540992088887679,0.18159474952683105,0.41567107750472587,0.9698269896193772,0.05600183082504703,37,21,95,0.4870848708487085,0.15129151291512916,0.5756457564575646,1
117,85,314,5723.75,5872.5,7837.25,239,0.1002039530120271,0.1028080740883388,0.13720435566604225,0.4181276937687194,0.81280276816609,0.07948851880400827,22,32,71,0.17573221757322174,0.4602510460251046,0.4769874476987448,1
111,92,376,5894.5,6312.0,7048.5,295,0.06773340993967251,0.07253088193047974,0.08099396725079,0.47841084327570815,0.7457466918714556,0.04985641127206881,31,18,65,0.17627118644067796,0.12203389830508475,0.26440677966101694,1
135,117,194,5306.25,5345.5,14792.0,367,0.039396312987697586,0.039687725055498224,0.10982337087661205,0.2911522633744856,0.3904960187011469,0.3930279519608885,29,24,104,0.2615803814713896,0.11444141689373297,0.45231607629427795,1
111,90,169,7579.75,8201.5,14312.25,311,0.07836715914847861,0.08479544256159469,0.14797458669782157,0.6151895138381624,1.0125308641975308,0.5011116557543503,26,39,107,0.2315112540192926,0.42765273311897106,0.48231511254019294,1
111,102,316,5076.0,5819.5,10790.0,267,0.07120313091781341,0.08163250992439226,0.15135574913380745,0.41197954711468227,0.5593521722414456,0.10805560006409229,28,25,85,0.4232209737827715,0.20599250936329588,0.50187265917603,1
111,91,212,8342.5,11070.0,27405.5,367,0.061938985366288266,0.08218933988670196,0.20347244392637853,0.6770960149338527,1.3367950730588094,0.6097699359202563,45,42,144,0.3242506811989101,0.26975476839237056,0.6130790190735694,1
117,85,409,9292.0,11161.5,22231.0,335,0.08279795054577857,0.09945644909779461,0.19809311650701716,0.6787931916137044,1.5448442906574396,0.1328961448102295,50,47,136,0.3582089552238806,0.33134328358208953,0.42686567164179107,1
127,88,193,9371.5,9197.75,19647.5,383,0.06388686268227338,0.06270238395517046,0.13393983188923506,0.5810341620683241,1.1877259814049588,0.5274638245322022,53,38,124,0.39425587467362927,0.3577023498694517,0.4804177545691906,1
111,91,401,12396.25,13912.25,30875.5,335,0.11045889953218979,0.12396747605257295,0.2751214078859434,1.0061074588101615,1.680020528921628,0.19201062182449113,50,52,157,0.5134328358208955,0.28955223880597014,0.5552238805970149,1
111,91,399,11595.5,14017.5,22834.0,367,0.0860909205651538,0.10407308688905553,0.16953129060279606,0.9411167924681438,1.6927303465765005,0.14342874730686364,54,51,133,0.3896457765667575,0.48501362397820164,0.48501362397820164,1
111,92,185,8256.5,8510.0,21566.0,303,0.08993127035475824,0.09269243756058775,0.23490071779455174,0.6701160620079539,1.0054347826086956,0.6301241782322864,38,35,127,0.41914191419141916,0.3069306930693069,0.4884488448844885,1
117,93,199,7815.0,10103.5,19205.75,355,0.06201150565364015,0.08017060107121603,0.15239634993056933,0.5708963401271093,1.168169730604694,0.4849814398626297,40,40,127,0.4056338028169014,0.38309859154929576,0.4309859154929577,1
111,79,426,7691.5,9649.5,19204.5,307,0.08160829292618489,0.10238304915702023,0.20376343515581066,0.6242593945296648,1.5461464508892806,0.10582391059974873,46,46,126,0.3550488599348534,0.504885993485342,0.511400651465798,1
127,91,332,7236.0,9177.5,21632.5,335,0.06447761194029851,0.08177767877032746,0.19276008019603474,0.44863289726579453,1.1082598719961356,0.1962594353316882,46,42,126,0.1373134328358209,0.29253731343283584,0.5671641791044776,1
111,79,346,6021.0,7275.0,14043.5,303,0.065581805705323,0.07924059732705944,0.15296430633162325,0.48867786705624544,1.1656785771510976,0.11730679274282468,32,29,101,0.47194719471947194,0.33003300330033003,0.45874587458745875,1
111,85,208,6526.5,7333.0,12990.75,271,0.088867253986193,0.09984885826718046,0.1768868887950872,0.5297053810567324,1.0149480968858131,0.3002669656065089,33,30,101,0.41697416974169743,0.2693726937269373,0.4095940959409594,1
117,89,278,6144.0,8305.0,14173.0,287,0.07459116900775778,0.10082676735179497,0.17206716118928236,0.4488275257506027,1.0484787274334049,0.18338854096578852,38,35,106,0.47038327526132406,0.23693379790940766,0.46689895470383275,1
111,85,287,5478.75,6849.25,11702.25,275,0.07244628099173554,0.09056859504132231,0.15474049586776858,0.44466764061358655,0.9479930795847751,0.14207104614600152,39,37,85,0.32727272727272727,0.3927272727272727,0.5781818181818181,1
127,80,178,5568.5,6518.0,12405.5,283,0.06952889909975153,0.08138445978848531,0.15489642772415688,0.345247690495381,1.0184375,0.39153831586920845,31,31,95,0.33568904593639576,0.34275618374558303,0.38869257950530034,1
111,91,322,6318.5,8196.5,15412.0,315,0.0636785084404132,0.08260519022423785,0.15532375913328295,0.512823634445256,0.9897959183673469,0.1486439566374754,30,41,106,0.27936507936507937,0.4031746031746032,0.49206349206349204,1
117,92,237,5960.75,6667.25,14190.0,247,0.09770279794784376,0.10928305659820682,0.23258863446376765,0.4354408649280444,0.787718572778828,0.25263045452117716,42,35,100,0.2874493927125506,0.46153846153846156,0.5748987854251012,1
111,92,249,7446.0,11241.5,23026.0,303,0.0811031598209326,0.12244442266008779,0.25080329815159735,0.6043340637935233,1.3281545368620038,0.3713811067563426,51,50,141,0.6204620462046204,0.5478547854785478,0.6864686468646864,1
117,85,324,9129.25,11329.75,27338.0,327,0.08537674531698604,0.10595582115235343,0.2556649739546802,0.6669040835707503,1.5681314878892734,0.2604214296601128,60,54,151,0.5474006116207951,0.30275229357798167,0.6024464831804281,1
111,79,308,8891.5,13957.5,27596.0,351,0.0721706804327887,0.11329047653833979,0.22399168837915276,0.7216540865189514,2.2364204454414356,0.29090065778377466,60,60,153,0.396011396011396,0.17094017094017094,0.5327635327635327,1
123,74,183,7799.0,10828.0,26251.5,311,0.08063398848233579,0.11195086899432388,0.27141468760662113,0.515500033049111,1.9773557341124908,0.783884260503449,56,54,148,0.5176848874598071,0.1864951768488746,0.6109324758842444,1
111,85,187,7419.0,12641.5,30817.5,359,0.057564730255041476,0.09808660702508516,0.23911592864735687,0.6021426832237643,1.7496885813148788,0.8812805627841803,53,53,158,0.5181058495821727,0.3983286908077994,0.5403899721448467,1
111,83,205,6223.5,9592.5,25254.5,343,0.05289887716852672,0.08153490467407287,0.2146597081148161,0.5051132213294376,1.3924372187545362,0.6009399167162404,43,43,146,0.43731778425655976,0.45481049562682213,0.5889212827988338,1
117,85,188,6893.5,8229.5,15345.0,351,0.05595327960000325,0.06679734742412805,0.12455256044999635,0.5035795164000292,1.1390311418685122,0.43416138524219106,41,38,110,0.39886039886039887,0.39886039886039887,0.39886039886039887,1
111,89,186,5617.5,8111.5,14344.5,271,0.07648997154178183,0.11044920412303753,0.19532005283152462,0.4559289018748478,1.0240499936876657,0.41462885882761014,40,29,105,0.3210332103321033,0.25830258302583026,0.6420664206642066,1
127,110,354,5624.0,6212.5,10982.5,307,0.05967172065486106,0.0659158187354773,0.11652643529374317,0.3486886973773948,0.5134297520661157,0.08763844999840403,34,31,89,0.43973941368078173,0.10097719869706841,0.38762214983713356,1
119,90,304,7658.0,11022.0,15897.5,351,0.06215858637511059,0.08946355954902964,0.12903710197157492,0.5407810182896688,1.3607407407407408,0.17202107860110805,42,46,98,0.31054131054131057,0.31339031339031337,0.5726495726495726,1
112,85,455,5666.5,8437.0,9246.5,319,0.0556843977555252,0.08290995568046698,0.09086486964554201,0.4517299107142857,1.167750865051903,0.04466368796039126,31,31,82,0.28213166144200624,0.09717868338557993,0.43573667711598746,1
110,90,212,8968.0,10415.0,20335.0,311,0.09272029859079207,0.10768085524343214,0.2102438973956018,0.7411570247933884,1.2858024691358025,0.4524519401922392,42,36,126,0.3633440514469453,0.37942122186495175,0.4662379421221865,1
111,90,268,7324.5,9698.0,21523.75,287,0.08892301715451201,0.11773846956986245,0.2613088661996625,0.594472851229608,1.1972839506172839,0.29967350746268656,55,49,131,0.5993031358885017,0.5052264808362369,0.5853658536585366,1
126,86,346,6291.5,9395.0,18059.0,295,0.07229531743751795,0.10795748348175811,0.207515081873025,0.39628999748047367,1.2702812330989723,0.15084867519796852,44,39,121,0.5254237288135594,0.4711864406779661,0.6101694915254238,1
111,89,369,7219.75,9554.75,20326.0,303,0.07863880447450686,0.10407204086745309,0.22139441666938972,0.5859711062413765,1.2062555232925136,0.14927916216831544,48,50,129,0.24752475247524752,0.24092409240924093,0.4521452145214521,1
117,85,308,7736.0,9536.0,23656.5,271,0.10533625631459266,0.12984572650154547,0.3221157119320271,0.565125283074001,1.3198615916955017,0.2493727863046045,49,46,138,0.45018450184501846,0.4095940959409594,0.7269372693726938,1
111,85,312,6999.5,9912.75,20151.25,327,0.06545932347632541,0.0927040372583677,0.1884544884923641,0.5680951221491762,1.372006920415225,0.20701070430637739,56,53,130,0.42813455657492355,0.2996941896024465,0.5107033639143731,1
117,95,443,6259.5,8812.0,11243.5,287,0.07599339557357744,0.10698199565370467,0.13650159647440177,0.45726495726495725,0.976398891966759,0.057292011679040404,30,1,101,0.10452961672473868,0.003484320557491289,0.3623693379790941,1
111,90,698,7674.25,9491.0,21328.75,343,0.06523004870419638,0.080672168909213,0.18129138369216907,0.6228593458323188,1.1717283950617283,0.04377786307173176,46,42,133,0.3236151603498542,0.13411078717201166,0.5131195335276968,1
127,89,217,6143.0,7214.0,13185.0,251,0.09750638878747957,0.11450611895049286,0.20928239234297868,0.38086676173352346,0.9107435929806843,0.2800016989105736,37,35,104,0.30278884462151395,0.3904382470119522,0.5657370517928287,1
117,101,379,5727.5,7929.75,14666.25,287,0.06953465502798382,0.09627104857409947,0.1780554577571659,0.4184016363503543,0.7773502597784531,0.1021035080513224,39,38,110,0.42160278745644597,0.49825783972125437,0.3832752613240418,1
111,89,283,6882.0,9361.75,18231.0,303,0.07495997124464922,0.10196985045039157,0.19857530307486193,0.5585585585585585,1.1818899128897866,0.22763425688921074,47,43,118,0.34983498349834985,0.34983498349834985,0.49834983498349833,1
111,71,244,5671.0,8493.0,15885.5,375,0.04032711111111111,0.060394666666666666,0.11296355555555555,0.4602710818927035,1.6847847649275938,0.26682175490459553,37,36,114,0.37866666666666665,0.3466666666666667,0.4186666666666667,1
117,87,281,9783.5,11636.0,20146.5,379,0.06811077617114891,0.08100751178284751,0.14025591579005994,0.7146979326466506,1.5373232923768,0.2551449449728347,50,44,119,0.40105540897097625,0.2796833773087071,0.5224274406332454,1
127,86,218,9308.0,10988.0,22216.5,327,0.08704841530361268,0.1027597751779218,0.20776870633785036,0.5770971541943084,1.4856679286100596,0.4674795892601633,58,39,127,0.5198776758409785,0.2996941896024465,0.5045871559633027,1
117,100,260,6129.0,7699.75,13477.0,227,0.11894273127753303,0.14942556618603117,0.261542044285742,0.4477317554240631,0.769975,0.1993639053254438,30,31,106,0.2422907488986784,0.28634361233480177,0.4933920704845815,1
111,89,617,6764.0,7828.25,15386.0,247,0.11086888819682342,0.128313035781606,0.25219229949679556,0.5489814138462787,0.9882906198712283,0.040416192745259254,43,44,111,0.43724696356275305,0.5991902834008097,0.5506072874493927,1
111,71,236,6386.0,8942.0,17340.5,295,0.07338121229531744,0.1027520827348463,0.19925883366848607,0.5183020858696534,1.7738543939694504,0.31134192760700946,47,43,122,0.5423728813559322,0.31186440677966104,0.488135593220339,1
111,91,328,5935.0,8272.0,16277.0,295,0.068198793450158,0.09505314564780236,0.18703820741166333,0.48169791413034657,0.9989131747373505,0.15129573170731708,37,35,109,0.29491525423728815,0.4271186440677966,0.49830508474576274,1
117,91,237,6690.0,8564.75,16608.25,291,0.07900237361391575,0.10114134221371973,0.19612723042949423,0.48871356563664253,1.0342651853640865,0.29568356210721214,43,43,114,0.27147766323024053,0.5189003436426117,0.5257731958762887,1
127,91,359,7309.75,8820.0,20629.0,287,0.0887439449307385,0.10707911957168352,0.25044616299821537,0.4532054064108128,1.0650887573964498,0.16006238312862253,47,47,128,0.3832752613240418,0.5087108013937283,0.6376306620209059,1
117,91,584,6971.5,9971.0,18053.0,351,0.0565863913442261,0.08093278463648834,0.1465329015186565,0.5092775220980349,1.2040816326530612,0.0529326562206793,45,44,122,0.3162393162393162,0.35327635327635326,0.47293447293447294,1
111,81,199,7978.5,9991.5,20651.5,319,0.07840430027220645,0.09818594549974942,0.20294120537337487,0.6475529583637691,1.522862368541381,0.5214893563293856,49,46,134,0.2852664576802508,0.4012539184952978,0.5078369905956113,1
111,83,338,7045.5,9334.5,18406.0,327,0.06588951547288388,0.08729624330163005,0.1721329106229367,0.5718285853420989,1.3549862098998404,0.16111130562655368,36,36,123,0.44648318042813456,0.3486238532110092,0.4984709480122324,1
117,100,216,7174.5,7998.25,18886.25,295,0.08244182706118931,0.09190749784544672,0.21702097098534903,0.5241069471838703,0.799825,0.40479788237311387,45,42,119,0.37966101694915255,0.3288135593220339,0.4067796610169492,1
131,84,501,7129.0,8161.75,16241.25,399,0.0447798694731817,0.05126695184075477,0.10201726119810806,0.4154186818949945,1.1567106009070294,0.06470591750630475,27,37,108,0.19047619047619047,0.15538847117794485,0.2907268170426065,1
117,85,410,6875.5,8344.75,18351.25,303,0.07488917208552538,0.09089250509209337,0.19988508751865286,0.5022645920081817,1.1549826989619376,0.1091686496133254,46,30,121,0.3102310231023102,0.3201320132013201,0.5775577557755776,1
116,85,356,6391.0,7428.5,14811.5,299,0.0714868961197302,0.0830919117235825,0.1656748805941768,0.4749554102259215,1.028166089965398,0.11686892437823507,30,35,104,0.34448160535117056,0.11705685618729098,0.4882943143812709,1
112,89,338,5809.5,9272.0,16049.5,247,0.09522365552623384,0.15197757707879164,0.263067744103329,0.4631297831632653,1.1705592728190886,0.14048440180665944,44,43,108,0.6396761133603239,0.4331983805668016,0.6396761133603239,1
111,85,340,7807.5,10223.0,21534.5,279,0.1003006127876055,0.13133181742269498,0.2766472681491759,0.6336742147552958,1.4149480968858132,0.18628460207612457,49,46,128,0.5519713261648745,0.3906810035842294,0.5304659498207885,1
115,89,249,5706.0,8247.0,16840.5,303,0.062150769532398786,0.08982779466065419,0.18342972911152503,0.4314555765595463,1.0411564196439844,0.27161658682924467,17,30,116,0.056105610561056105,0.24092409240924093,0.5445544554455446,1
131,105,341,5827.5,6972.5,17355.0,311,0.06025061775622667,0.07208879147237932,0.17943362868456694,0.33957811316356856,0.6324263038548753,0.14925052244132747,42,41,108,0.3729903536977492,0.4115755627009646,0.4855305466237942,1
117,90,245,5282.0,6343.5,11829.5,287,0.06412606684553655,0.07701319671235538,0.14361592346635263,0.38585725765212947,0.7831481481481481,0.197076218242399,38,25,82,0.37630662020905925,0.23693379790940766,0.3554006968641115,1
