SrcIPF0,DstIPF0,DstPortF0,SrcIPF2,DstIPF2,DstPortF2,Events_F1,SrcIP_BurstIndex,DstIP_BurstIndex,DstPort_BurstIndex,SrcIP_Concentration,DstIP_Concentration,DstPort_Concentration,SrcIP_MaxCount,DstIP_MaxCount,DstPort_MaxCount,SrcIP_FractionOfMass,DstIP_FractionOfMass,DstPort_FractionOfMass,Attack
16,19,17,735.5,759.0,4274.5,115,0.05561436672967864,0.057391304347826085,0.32321361058601134,2.873046875,2.102493074792244,14.790657439446367,14,12,67,0.3652173913043478,0.2956521739130435,0.7565217391304347,1
16,20,13,637.5,835.0,4076.25,78,0.10478303747534516,0.13724523339907954,0.6699950690335306,2.490234375,2.0875,24.119822485207102,12,0,65,0.38461538461538464,0.0,1.0769230769230769,1
20,17,35,22440.5,31426.0,112906.5,407,0.13547018092472637,0.1897143961026025,0.681600854819528,56.10125,108.74048442906575,92.16857142857143,72,66,299,0.6093366093366094,0.48894348894348894,1.135135135135135,0
15,16,245,61043.5,88562.0,207281.0,831,0.08839696999975383,0.12824645469408205,0.300163200644114,271.30444444444447,345.9453125,3.4532444814660557,98,98,425,0.30685920577617326,0.3249097472924188,0.7545126353790613,0
15,17,92,20120.75,21503.0,35606.0,399,0.12638582672219395,0.13506824705874962,0.22365437403031388,89.42555555555556,74.40484429065744,4.206758034026465,58,70,158,0.15288220551378445,0.17794486215538846,0.7243107769423559,0
16,18,108,5582.5,7454.5,4155.0,275,0.07381818181818182,0.09857190082644628,0.05494214876033058,21.806640625,23.007716049382715,0.35622427983539096,33,39,50,0.36727272727272725,0.45454545454545453,0.22545454545454546,0
16,18,94,7050.0,8167.0,3955.75,243,0.11939236904943352,0.13830886213145016,0.06699097359819811,27.5390625,25.20679012345679,0.44768560434585786,39,45,49,0.5843621399176955,0.4897119341563786,0.2880658436213992,0
16,15,105,6388.0,7240.0,4782.5,275,0.08446942148760331,0.09573553719008264,0.06323966942148761,24.953125,32.17777777777778,0.43378684807256235,40,34,43,0.39636363636363636,0.23272727272727273,0.16,0
20,18,92,4185.0,5168.25,3476.5,255,0.0643598615916955,0.07948096885813148,0.0534640522875817,10.4625,15.95138888888889,0.4107396030245747,35,30,48,0.44313725490196076,0.19215686274509805,0.403921568627451,0
14,17,80,5197.5,7495.25,4689.5,255,0.07993079584775087,0.11526720492118415,0.07211841599384852,26.517857142857142,25.935121107266436,0.732734375,36,39,47,0.403921568627451,0.34901960784313724,0.48627450980392156,0
15,14,102,6079.0,6783.5,4448.5,235,0.11007695789950203,0.12283386147578089,0.08055228610230873,27.017777777777777,34.609693877551024,0.4275759323337178,40,38,48,0.425531914893617,0.5404255319148936,0.23404255319148937,0
16,19,117,5729.0,4949.0,3086.5,239,0.10029586316766163,0.08664064004481714,0.05403441816494809,22.37890625,13.709141274238227,0.2254730075242896,48,36,33,0.5564853556485355,0.5774058577405857,0.3305439330543933,1
16,17,131,5196.5,6521.5,2765.25,235,0.09409687641466727,0.11808963331824356,0.05007243096423721,20.298828125,22.56574394463668,0.16113571470194044,36,35,20,0.548936170212766,0.39574468085106385,0.2170212765957447,0
16,17,96,5827.25,6813.0,4026.5,255,0.08961553248750481,0.10477508650519031,0.06192233756247597,22.7626953125,23.57439446366782,0.4369032118055556,39,28,25,0.36470588235294116,0.2980392156862745,0.09803921568627451,0
20,18,85,4264.0,6255.75,4914.5,251,0.0676814653735655,0.09929604291995366,0.07800669830637609,10.66,19.30787037037037,0.6802076124567474,19,19,46,0.1394422310756972,0.20318725099601595,0.350597609561753,0
15,15,84,6321.5,8334.25,7677.25,271,0.08607589765934559,0.11348225105867295,0.10453629444043518,28.095555555555556,37.041111111111114,1.0880456349206349,49,15,70,0.5092250922509225,0.07749077490774908,0.5608856088560885,0
16,16,90,4830.75,4345.25,3401.5,263,0.06983981263282685,0.06282077231129553,0.04917665428154231,18.8701171875,16.9736328125,0.4199382716049383,40,31,37,0.3726235741444867,0.3231939163498099,0.14068441064638784,0
15,21,96,6168.0,7564.5,3917.75,263,0.08917289537220431,0.10936257572033714,0.05664025791900996,27.413333333333334,17.153061224489797,0.4251030815972222,43,34,46,0.40304182509505704,0.4220532319391635,0.3269961977186312,0
14,16,82,5005.5,5719.0,3169.0,219,0.10436604741352348,0.11924271804174225,0.06607451887992327,25.538265306122447,22.33984375,0.4712968471148126,38,33,43,0.4292237442922374,0.4703196347031963,0.3515981735159817,0
18,17,117,3978.5,5560.5,4200.5,219,0.08295281582952815,0.11593794958403703,0.08758157669773357,12.279320987654321,19.240484429065745,0.30685221710862737,38,29,48,0.3744292237442922,0.54337899543379,0.4611872146118721,1
16,18,94,6091.5,6571.0,3746.0,215,0.13177934018388318,0.14215251487290428,0.08103839913466739,23.794921875,20.280864197530864,0.42394748755092804,42,40,32,0.5069767441860465,0.4697674418604651,0.3953488372093023,1
16,21,93,3902.5,6488.0,4253.5,259,0.05817593655431493,0.09671889208568746,0.06340841669026998,15.244140625,14.712018140589569,0.49179095849231125,30,25,44,0.3552123552123552,0.25868725868725867,0.30115830115830117,1
15,13,82,6171.5,5799.25,5379.75,279,0.0792834110558703,0.07450122685988105,0.06911203607353451,27.42888888888889,34.31508875739645,0.8000817965496728,42,31,49,0.33691756272401435,0.33691756272401435,0.34050179211469533,1
16,21,73,6788.75,4559.0,4146.0,303,0.07394427561568039,0.04965744099162391,0.04515897134267882,26.5185546875,10.337868480725623,0.7780071307937699,21,28,37,0.06930693069306931,0.15841584158415842,0.32673267326732675,1
15,16,65,6257.0,5126.5,3989.0,227,0.12142676939199286,0.09948766713889266,0.07741271905140794,27.808888888888887,20.025390625,0.9441420118343196,52,28,46,0.2290748898678414,0.42290748898678415,0.3744493392070485,1
17,18,107,3895.5,4802.0,2832.5,187,0.11139866739111785,0.1373216277274157,0.08100031456432841,13.479238754325259,14.820987654320987,0.2474015197833872,32,29,32,0.28342245989304815,0.28342245989304815,0.25133689839572193,1
16,19,103,6176.5,5758.0,5102.5,319,0.0606961409577343,0.056583563447686246,0.05014199939072926,24.126953125,15.950138504155124,0.48095956263549816,29,35,44,0.3542319749216301,0.31347962382445144,0.23197492163009403,1
16,19,72,4495.25,5127.5,4040.5,243,0.07612745347084625,0.08683466273772629,0.06842622228996258,17.5595703125,14.203601108033242,0.7794174382716049,30,24,34,0.4403292181069959,0.2674897119341564,0.13991769547325103,0
16,17,82,4783.5,6628.0,4199.5,219,0.09973728654531808,0.13819561727236712,0.08756072642355248,18.685546875,22.93425605536332,0.6245538370017847,32,36,46,0.4155251141552511,0.5844748858447488,0.5205479452054794,0
15,15,77,5582.5,5455.0,2826.5,239,0.09773113215805046,0.09549902837835472,0.04948267712399993,24.81111111111111,24.244444444444444,0.4767245741271715,44,40,39,0.48535564853556484,0.4811715481171548,0.4309623430962343,0
15,16,88,4232.5,6218.25,2680.25,219,0.08824878547152895,0.12965221742665917,0.05588394737390797,18.81111111111111,24.2900390625,0.3461066632231405,29,35,0,0.5159817351598174,0.5159817351598174,0.0,0
20,19,98,5553.25,5600.75,4048.0,263,0.08028524338937963,0.08097196721074469,0.058523326923911004,13.883125,15.51454293628809,0.42149104539775095,40,31,36,0.34600760456273766,0.3269961977186312,0.39543726235741444,1
17,20,99,6230.25,4995.75,3215.0,251,0.0988912874398819,0.07929636037523213,0.05103093601688862,21.55795847750865,12.489375,0.3280277522701765,34,26,36,0.4302788844621514,0.47410358565737054,0.3187250996015936,1
15,19,101,5781.5,6608.5,3940.0,259,0.08618684873511129,0.0985152278588572,0.05873496220986568,25.695555555555554,18.306094182825486,0.38623664346632686,44,26,30,0.43243243243243246,0.28185328185328185,0.13127413127413126,1
15,17,98,5003.75,6672.5,4278.25,243,0.08473894562143305,0.11299937340175109,0.07245253941641687,22.238888888888887,23.08823529411765,0.44546543107038733,28,34,47,0.4156378600823045,0.4279835390946502,0.2674897119341564,1
15,14,98,4644.5,5588.0,3785.0,243,0.07865501532625446,0.09463327067350845,0.06409930735490864,20.642222222222223,28.510204081632654,0.394106622240733,26,27,48,0.42386831275720166,0.15637860082304528,0.40329218106995884,1
17,16,78,5634.25,6232.0,4218.5,223,0.11329908101912366,0.12531923022783487,0.08482977739347262,19.49567474048443,24.34375,0.6933760683760684,28,25,41,0.42152466367713004,0.40358744394618834,0.4484304932735426,1
16,19,87,4186.5,6395.75,3312.25,219,0.0872896728591981,0.1333531410938054,0.06906132065636664,16.353515625,17.716759002770083,0.43760734575241117,40,28,41,0.547945205479452,0.4383561643835616,0.4520547945205479,1
16,19,112,6164.0,6258.0,3845.5,247,0.10103427363175925,0.1025750299136193,0.06303168384992378,24.078125,17.33518005540166,0.3065609056122449,41,28,28,0.24696356275303644,0.5182186234817814,0.3643724696356275,1
16,17,94,5591.0,6182.5,3175.5,231,0.10477689698468919,0.11586177170592755,0.05950975431494912,21.83984375,21.39273356401384,0.3593820733363513,27,31,43,0.29004329004329005,0.2683982683982684,0.18614718614718614,1
15,17,100,6008.0,6581.0,3713.5,275,0.07944462809917355,0.08702148760330579,0.04910413223140496,26.702222222222222,22.771626297577853,0.37135,42,33,46,0.31272727272727274,0.2727272727272727,0.24363636363636362,1
15,17,82,5500.25,5209.0,4107.5,239,0.09629120638644281,0.0911923810857653,0.0719087550988253,24.445555555555554,18.024221453287197,0.610871505056514,31,36,46,0.4560669456066946,0.4225941422594142,0.301255230125523,1
20,18,109,5153.5,5653.5,3947.0,275,0.06814545454545455,0.07475702479338843,0.05219173553719008,12.88375,17.449074074074073,0.33221109334231125,38,25,35,0.32727272727272727,0.18181818181818182,0.3018181818181818,1
16,20,102,3771.75,5003.75,2340.75,195,0.0991913214990138,0.13159105851413544,0.06155818540433925,14.7333984375,12.509375,0.22498558246828143,22,0,30,0.39487179487179486,0.0,0.36923076923076925,1
16,21,86,6078.5,6886.0,4666.5,255,0.09347943098808151,0.10589773164167628,0.07176470588235294,23.744140625,15.61451247165533,0.6309491617090319,29,33,42,0.2980392156862745,0.30980392156862746,0.35294117647058826,1
15,17,98,7276.25,7837.75,5007.0,343,0.06184710452277537,0.06661977577369974,0.042558797779836635,32.33888888888889,27.120242214532873,0.5213452728029988,47,22,28,0.2886297376093295,0.11661807580174927,0.15743440233236153,1
15,17,72,7246.5,6991.0,5129.0,279,0.09309361390526844,0.08981128197222543,0.06589072596703537,32.20666666666666,24.19031141868512,0.9893904320987654,32,39,43,0.4121863799283154,0.3118279569892473,0.37992831541218636,1
17,16,91,5034.0,7498.0,4578.5,303,0.05483122569682711,0.08166955309392325,0.04986983846899541,17.418685121107266,29.2890625,0.5528921627822727,30,32,44,0.429042904290429,0.35313531353135313,0.3795379537953795,1
16,18,80,9803.75,13267.75,8327.0,303,0.10678419327081223,0.14451469899465194,0.09069916892679367,38.2958984375,40.94984567901235,1.30109375,45,51,68,0.31353135313531355,0.49834983498349833,0.5313531353135313,1
16,20,104,9342.0,10218.5,8674.5,375,0.066432,0.07266488888888889,0.061685333333333335,36.4921875,25.54625,0.8020062869822485,50,13,68,0.248,0.034666666666666665,0.37066666666666664,1
16,20,85,7518.0,8910.5,4818.75,259,0.11207346342481478,0.13283194943426604,0.07183479673827164,29.3671875,22.27625,0.666955017301038,43,39,39,0.5752895752895753,0.5328185328185329,0.40540540540540543,1
15,18,93,6933.75,7014.0,6402.75,359,0.05379962911523033,0.05442229653711563,0.04967954935172756,30.816666666666666,21.64814814814815,0.7402878945542838,33,31,48,0.16991643454038996,0.22562674094707522,0.4401114206128134,1
15,15,85,12047.75,7397.5,7897.5,311,0.12456188418233889,0.07648287341942288,0.0816523815924153,53.54555555555555,32.87777777777778,1.0930795847750865,77,45,67,0.5594855305466238,0.2733118971061093,0.38263665594855306,1
18,18,77,9225.0,11950.5,8305.5,287,0.11199601791936287,0.14508492272578274,0.10083283759666865,28.47222222222222,36.88425925925926,1.4008264462809918,44,38,60,0.49825783972125437,0.34494773519163763,0.6062717770034843,1
19,21,68,10846.5,9158.0,9559.5,271,0.1476899824348797,0.12469873776228538,0.13016571125120846,30.045706371191137,20.766439909297052,2.0673659169550174,61,35,60,0.5313653136531366,0.2952029520295203,0.6199261992619927,1
16,19,75,7341.75,8476.5,4459.0,359,0.05696534011995562,0.06576997385184782,0.03459780727958349,28.6787109375,23.480609418282548,0.7927111111111111,44,0,41,0.21448467966573817,0.0,0.24233983286908078,1
16,17,92,8854.5,11877.0,9226.5,319,0.08701270624305972,0.1167146549267401,0.09066833069643576,34.587890625,41.09688581314879,1.0900874291115312,48,19,66,0.3761755485893417,0.05956112852664577,0.438871473354232,1
15,17,94,7965.0,8783.0,9892.5,303,0.0867562003725125,0.09566600224378874,0.10775087409731073,35.4,30.391003460207614,1.1195676776822092,44,41,66,0.49174917491749176,0.25742574257425743,0.5643564356435643,0
15,18,92,7004.5,7825.0,9757.5,311,0.07241963999545083,0.0809028029073314,0.1008829519959471,31.13111111111111,24.151234567901234,1.1528237240075614,48,32,61,0.33762057877813506,0.1832797427652733,0.5273311897106109,1
17,17,86,7792.5,6951.5,5988.75,319,0.07657648804551842,0.06831202523560106,0.05885113157299948,26.963667820069205,24.05363321799308,0.8097282314764738,42,41,56,0.335423197492163,0.3385579937304075,0.3166144200626959,1
16,18,106,10777.5,10943.5,10262.0,391,0.07049600669802003,0.07158181853860192,0.06712410306055036,42.099609375,33.776234567901234,0.913314346742613,42,50,72,0.1585677749360614,0.22762148337595908,0.4680306905370844,1
16,20,98,6232.5,6507.5,7183.5,271,0.08486404052232405,0.08860854291199738,0.09781321060443077,24.345703125,16.26875,0.747969596001666,46,38,51,0.4317343173431734,0.3173431734317343,0.5387453874538746,1
16,19,78,6725.5,10163.75,8528.25,223,0.1352430171529691,0.20438275452955015,0.1714945001910354,26.271484375,28.15443213296399,1.401750493096647,40,24,58,0.3452914798206278,0.18834080717488788,0.5201793721973094,1
15,16,84,6913.5,6710.5,8206.5,311,0.07147878950796621,0.06937996918973129,0.08484713764332462,30.726666666666667,26.212890625,1.1630527210884354,40,44,55,0.43086816720257237,0.36012861736334406,0.5080385852090032,1
18,18,97,7841.75,10295.0,11049.25,375,0.05576355555555555,0.07320888888888889,0.07857244444444444,24.202932098765434,31.77469135802469,1.1743277712828144,33,44,79,0.30133333333333334,0.2826666666666667,0.30933333333333335,0
16,22,76,8756.5,10877.0,11589.0,279,0.11249213139605092,0.13973355943525906,0.14888041006667438,34.205078125,22.473140495867767,2.006405817174515,48,49,73,0.4982078853046595,0.6415770609318996,0.6666666666666666,1
16,20,106,7691.0,7201.0,5678.0,359,0.059675204258191665,0.055873247414281395,0.04405614481576028,30.04296875,18.0025,0.5053399786400854,24,33,46,0.14763231197771587,0.17270194986072424,0.24512534818941503,0
15,16,115,9119.0,9849.5,11095.0,279,0.11714906026387123,0.12653357485129946,0.14253414010611373,40.528888888888886,38.474609375,0.8389413988657844,71,48,68,0.6738351254480287,0.17204301075268819,0.6666666666666666,1
15,17,88,6109.5,11832.0,10338.0,311,0.0631662203657944,0.12233124140569267,0.1068847509847913,27.153333333333332,40.94117647058823,1.3349690082644627,51,44,72,0.33762057877813506,0.3762057877813505,0.26688102893890675,0
16,16,93,7855.0,7978.25,6069.75,279,0.10091083105304402,0.10249418686810292,0.07797625929779936,30.68359375,31.1650390625,0.7017863336801943,46,27,53,0.5519713261648745,0.16487455197132617,0.3225806451612903,0
21,18,74,9163.75,9627.5,9474.25,327,0.08569938931440489,0.09003637927970896,0.08860318529117452,20.779478458049887,29.714506172839506,1.7301406135865596,57,32,65,0.18042813455657492,0.10091743119266056,0.3669724770642202,1
16,18,117,9062.5,8912.5,6884.0,331,0.08271647757870045,0.08134737726015644,0.06283257728571298,35.400390625,27.507716049382715,0.5028855285265542,51,33,57,0.46827794561933533,0.3413897280966767,0.4743202416918429,0
16,18,114,6180.75,7276.75,7486.75,275,0.0817289256198347,0.09622148760330579,0.09899834710743802,24.1435546875,22.459104938271604,0.5760811018775007,52,47,59,0.6254545454545455,0.4254545454545455,0.4581818181818182,0
15,18,109,6653.0,9372.5,9425.5,335,0.059282691022499445,0.08351525952327912,0.08398752506126086,29.56888888888889,28.92746913580247,0.7933254776533962,45,31,61,0.4537313432835821,0.16119402985074627,0.48656716417910445,0
15,18,101,9633.75,13072.25,10485.75,363,0.0731108986180361,0.09920580713217828,0.07957675932882545,42.81666666666667,40.34645061728395,1.027913930006862,57,53,67,0.39669421487603307,0.4628099173553719,0.509641873278237,1
16,15,78,8634.5,9506.5,11780.0,331,0.07880997800312155,0.0867690145215907,0.10752001168298939,33.728515625,42.25111111111111,1.9362261669953977,52,37,72,0.4773413897280967,0.2598187311178248,0.5438066465256798,0
20,19,112,6207.5,9727.25,7442.75,291,0.0733045193136595,0.11486933314438894,0.08789161677353834,15.51875,26.945290858725762,0.5933314732142857,45,43,60,0.5085910652920962,0.5326460481099656,0.47766323024054985,0
16,19,85,10028.25,10742.5,8603.25,271,0.13654838577906075,0.14627387971296688,0.11714505521438978,39.1728515625,29.757617728531855,1.1907612456747405,46,38,60,0.5276752767527675,0.5350553505535055,0.5461254612546126,1
15,16,70,5857.0,9393.5,8123.0,299,0.06551380857037394,0.10507153163834856,0.09086028120490822,26.031111111111112,36.693359375,1.6577551020408163,35,37,61,0.44481605351170567,0.2976588628762542,0.36789297658862874,1
16,16,66,9959.0,10719.0,10134.0,307,0.1056669036276247,0.11373064966206538,0.10752368725397617,38.90234375,41.87109375,2.3264462809917354,49,34,62,0.41368078175895767,0.28013029315960913,0.4820846905537459,1
15,18,83,5806.0,7290.5,7947.25,275,0.07677355371900826,0.09640330578512396,0.10508760330578512,25.804444444444446,22.501543209876544,1.1536144578313252,44,44,54,0.5636363636363636,0.4618181818181818,0.2872727272727273,1
19,23,98,10147.0,11855.0,12406.0,303,0.11052293348146695,0.12912677406354497,0.13512836432158068,28.10803324099723,22.410207939508506,1.291753436068305,52,34,78,0.5247524752475248,0.30033003300330036,0.45544554455445546,1
16,18,89,6735.0,7804.0,7438.5,287,0.0817661984484454,0.09474438198836942,0.09030703298571065,26.30859375,24.08641975308642,0.9390859739931827,36,39,49,0.3170731707317073,0.2857142857142857,0.5505226480836237,1
16,15,115,6453.5,7377.75,6458.5,263,0.09330046697219853,0.10666266680160187,0.09337275369023695,25.208984375,32.79,0.4883553875236295,37,35,48,0.42585551330798477,0.45627376425855515,0.3726235741444867,1
15,16,113,5512.75,6556.0,5277.75,255,0.08477893118031526,0.10082276047673971,0.08116493656286043,24.50111111111111,25.609375,0.41332524081760513,35,36,42,0.3803921568627451,0.30196078431372547,0.4235294117647059,1
15,15,99,6368.5,6612.5,5095.0,247,0.10438623809601862,0.10838564801914471,0.08351226868166992,28.304444444444446,29.38888888888889,0.5198449137843077,38,43,57,0.27125506072874495,0.41700404858299595,0.38866396761133604,0
15,15,78,5789.0,6871.0,3847.5,295,0.06652111462223499,0.07895432347026717,0.044211433496121805,25.72888888888889,30.537777777777777,0.632396449704142,35,33,55,0.4406779661016949,0.4915254237288136,0.3152542372881356,1
19,20,89,4541.5,7414.75,4026.0,255,0.06984236831987697,0.11402921953094963,0.061914648212226066,12.5803324099723,18.536875,0.5082691579346043,37,36,48,0.5529411764705883,0.4117647058823529,0.24705882352941178,0
16,20,94,5051.75,5792.75,3216.25,247,0.08280335688177154,0.0949491058696258,0.05271763182481273,19.7333984375,14.481875,0.36399388863739246,28,19,44,0.4777327935222672,0.16194331983805668,0.4251012145748988,1
15,15,120,5507.5,5465.25,2605.75,235,0.09972838388411046,0.0989633318243549,0.04718424626527841,24.477777777777778,24.29,0.18095486111111111,40,33,14,0.5531914893617021,0.425531914893617,0.12340425531914893,1
15,18,108,5492.5,4828.0,3928.5,267,0.07704554699883573,0.06772433334736075,0.055106678449690694,24.41111111111111,14.901234567901234,0.3368055555555556,11,23,49,0.04119850187265917,0.08614232209737828,0.45318352059925093,1
15,15,97,5505.0,5956.5,3595.0,223,0.11069999396730278,0.11977920328178729,0.0722918216734702,24.466666666666665,26.473333333333333,0.3820809862897226,34,31,40,0.6591928251121076,0.484304932735426,0.3094170403587444,1
16,19,96,5234.5,5436.0,4155.5,219,0.10914076020099664,0.11334209044848939,0.08664331435958383,20.447265625,15.058171745152354,0.4509006076388889,37,31,47,0.4657534246575342,0.4200913242009132,0.4018264840182648,1
21,20,97,5469.0,6125.0,5450.0,251,0.086808145902446,0.09722067903684069,0.08650656338788273,12.401360544217686,15.3125,0.5792326495908173,37,34,54,0.44223107569721115,0.29880478087649404,0.2868525896414343,1
15,19,82,5798.5,8802.0,4276.75,287,0.07039662980004613,0.10686059075623111,0.05192183952700652,25.77111111111111,24.382271468144044,0.6360425342058299,25,29,50,0.2229965156794425,0.20905923344947736,0.21951219512195122,1
15,15,95,6146.0,8810.0,3861.5,339,0.05348021684461499,0.07666135867247935,0.03360134353164348,27.315555555555555,39.15555555555556,0.42786703601108034,36,8,51,0.35693215339233036,0.02359882005899705,0.17404129793510326,1
16,18,68,4876.5,5811.5,4720.0,267,0.06840466271093718,0.08152029064792604,0.06620937311506685,19.048828125,17.936728395061728,1.0207612456747406,28,31,46,0.42696629213483145,0.5131086142322098,0.17228464419475656,1
15,18,114,4089.75,4982.5,3195.25,211,0.09186114417915141,0.11191347903236674,0.0717695020327486,18.176666666666666,15.378086419753087,0.24586411203447214,28,26,0,0.5497630331753555,0.3744075829383886,0.0,1
19,20,106,4973.75,5635.5,4710.5,215,0.10759870200108167,0.121914548404543,0.10190373174689021,13.77770083102493,14.08875,0.41923282306870774,33,24,55,0.5627906976744186,0.2186046511627907,0.4418604651162791,0
16,17,111,6128.0,7262.0,3923.5,247,0.1004441967578554,0.11903161828582669,0.06431018374338213,23.9375,25.1280276816609,0.3184400616833049,32,28,40,0.46153846153846156,0.4979757085020243,0.2550607287449393,1
15,16,104,5903.5,5405.5,5278.5,287,0.07167138122351856,0.06562541732933506,0.0640835751314208,26.23777777777778,21.115234375,0.4880269970414201,31,27,47,0.43902439024390244,0.09407665505226481,0.30662020905923343,1
16,20,115,6588.0,7169.0,5658.0,319,0.06473992983559516,0.07044938630713142,0.05560086870215505,25.734375,17.9225,0.42782608695652175,38,31,46,0.4231974921630094,0.2445141065830721,0.23510971786833856,0
15,15,89,5969.5,7113.25,5194.0,251,0.09475246424659926,0.11290693798511135,0.0824431358232409,26.531111111111112,31.614444444444445,0.6557252872112107,29,45,51,0.26294820717131473,0.30677290836653387,0.32270916334661354,1
16,20,92,5874.5,6619.5,4487.0,287,0.07131930702084523,0.08036397188262574,0.054474377496388206,22.947265625,16.54875,0.5301275992438563,33,24,40,0.43205574912891986,0.156794425087108,0.24041811846689895,1
21,22,86,8254.0,8454.5,6420.0,327,0.07719140738246874,0.07906648336746813,0.06003983951968128,18.71655328798186,17.46797520661157,0.8680367766360195,30,27,30,0.1926605504587156,0.22629969418960244,0.16819571865443425,1
15,19,97,9737.5,11208.5,9207.0,311,0.10067617166902741,0.11588486471397111,0.09519132349748245,43.27777777777778,31.048476454293628,0.9785311935381018,56,50,49,0.4790996784565916,0.5594855305466238,0.15755627009646303,0
15,14,73,12143.0,14518.75,14738.0,327,0.11356133509150931,0.1357793489137652,0.1378297748973618,53.96888888888889,74.07525510204081,2.7656220679301935,64,64,62,0.6299694189602446,0.4740061162079511,0.18960244648318042,0
14,17,138,9818.25,12353.0,10273.0,319,0.09648342685311662,0.1213922819154686,0.10095223120841973,50.09311224489796,42.7439446366782,0.5394349926486033,68,66,66,0.4231974921630094,0.3793103448275862,0.3605015673981191,0
15,18,120,7329.0,9708.0,6185.0,287,0.08897764935837511,0.117859874467336,0.07508892908739939,32.57333333333333,29.962962962962962,0.42951388888888886,39,33,50,0.4564459930313589,0.22996515679442509,0.17421602787456447,1
19,23,93,5273.5,5457.5,5467.5,255,0.08109957708573626,0.08392925797770089,0.08408304498269896,14.60803324099723,10.31663516068053,0.6321540062434964,26,24,47,0.27058823529411763,0.16862745098039217,0.30196078431372547,1
16,19,119,6505.5,6654.0,4884.0,271,0.08858131016734522,0.09060334145776883,0.06650236244059858,25.412109375,18.43213296398892,0.3448908975354848,41,32,45,0.5461254612546126,0.2066420664206642,0.16605166051660517,1
15,16,132,6345.5,6283.5,3827.5,243,0.10746159968839439,0.10641162424427171,0.06481904858676692,28.202222222222222,24.544921875,0.21966827364554636,36,21,34,0.3045267489711934,0.08641975308641975,0.13991769547325103,0
15,17,61,5600.5,8056.5,6746.0,299,0.06264471314638538,0.09011644165054082,0.07545776892875919,24.891111111111112,27.877162629757784,1.8129535071217415,40,27,57,0.3712374581939799,0.31438127090301005,0.2809364548494983,0
16,19,76,4769.0,6398.0,4427.0,255,0.07334102268358324,0.09839292579777009,0.06808150711264899,18.62890625,17.722991689750693,0.7664473684210527,32,32,48,0.2980392156862745,0.3411764705882353,0.26666666666666666,0
16,19,101,3986.5,7989.0,5187.5,287,0.04839806237783632,0.09699037259163035,0.06297879056441137,15.572265625,22.130193905817176,0.5085285756298402,34,28,51,0.41114982578397213,0.3310104529616725,0.2229965156794425,0
16,21,100,5896.0,10238.25,7201.25,311,0.06095884037592664,0.10585343410427932,0.07445384146152335,23.03125,23.215986394557824,0.720125,42,40,61,0.41479099678456594,0.3279742765273312,0.2797427652733119,1
16,19,109,4295.0,6288.0,5205.5,263,0.062094290795009326,0.09090777660512657,0.075257702149807,16.77734375,17.418282548476455,0.4381365204949078,35,20,55,0.3688212927756654,0.07604562737642585,0.44106463878326996,0
15,18,91,6051.75,5172.75,4511.5,243,0.10248691764466798,0.08760097546105776,0.07640264864773323,26.89666666666667,15.965277777777779,0.5448013524936602,32,24,56,0.51440329218107,0.2880658436213992,0.2345679012345679,1
14,15,87,6682.5,6557.5,5416.25,255,0.1027681660899654,0.10084582852748943,0.08329488658208381,34.09438775510204,29.144444444444446,0.7155833003038711,46,30,48,0.4392156862745098,0.3803921568627451,0.39215686274509803,1
15,17,116,5529.0,7261.5,4373.75,239,0.09679452390539381,0.12712487526478877,0.07656991299171934,24.573333333333334,25.12629757785467,0.32504087395957193,37,33,43,0.5857740585774058,0.5815899581589958,0.28451882845188287,1
19,20,110,6551.5,6738.0,4489.0,271,0.08920766329434512,0.09174711673315995,0.061123895371795044,18.14819944598338,16.845,0.37099173553719006,44,29,6,0.34317343173431736,0.33210332103321033,0.03690036900369004,1
21,22,110,5612.5,6059.5,5164.5,263,0.081141840998135,0.08760427359077043,0.07466495106189189,12.726757369614512,12.519628099173554,0.4268181818181818,30,32,53,0.3269961977186312,0.12167300380228137,0.20152091254752852,0
15,16,87,5206.0,5654.0,4857.5,231,0.09756188976968198,0.1059575345289631,0.09103090271921441,23.137777777777778,22.0859375,0.6417624521072797,29,23,43,0.4199134199134199,0.38961038961038963,0.21645021645021645,0
14,17,121,6486.5,6430.5,5798.5,239,0.11355718562350099,0.112576810630066,0.1015125785612997,33.09438775510204,22.250865051903116,0.3960453520934362,46,31,58,0.38493723849372385,0.48535564853556484,0.3389121338912134,1
15,17,99,6748.0,7694.0,6370.75,319,0.06631224142844508,0.0756085337211702,0.06260502550092864,29.99111111111111,26.622837370242216,0.650010203040506,31,30,59,0.1724137931034483,0.1755485893416928,0.23197492163009403,0
16,20,104,5257.5,5194.0,3227.5,283,0.06564571913745958,0.06485285120303662,0.040298917454332055,20.537109375,12.985,0.2984005177514793,23,26,27,0.10600706713780919,0.17314487632508835,0.14840989399293286,1
21,22,109,8284.5,9927.5,8471.0,335,0.07382044998886166,0.0884606816662954,0.07548229004232568,18.785714285714285,20.511363636363637,0.7129871222961031,61,56,63,0.2417910447761194,0.22388059701492538,0.5492537313432836,1
15,18,118,5730.25,5483.75,4037.25,243,0.09704228691425765,0.09286778776947958,0.06837118325458517,25.467777777777776,16.925154320987655,0.2899490089054869,34,26,0,0.4609053497942387,0.2839506172839506,0.0,1
16,19,77,5173.0,5483.0,4478.0,283,0.0645906429097629,0.06846133676285132,0.055912797013322676,20.20703125,15.18836565096953,0.7552707033226513,21,19,47,0.15547703180212014,0.06713780918727916,0.3392226148409894,1
15,18,132,5782.5,5925.5,4275.0,267,0.08111349577073602,0.08311941533756961,0.05996717586163363,25.7,18.28858024691358,0.2453512396694215,28,39,42,0.46441947565543074,0.3782771535580524,0.16104868913857678,1
15,16,118,5674.5,5330.5,4942.5,271,0.07726610476436868,0.07258207268419548,0.06729892022167454,25.22,20.822265625,0.3549626544096524,27,37,47,0.3173431734317343,0.23616236162361623,0.3025830258302583,1
16,20,120,6532.5,6142.5,4216.0,263,0.09444259711720568,0.08880423311020832,0.06095216065000217,25.517578125,15.35625,0.2927777777777778,31,27,44,0.44866920152091255,0.3726235741444867,0.30798479087452474,1
21,22,111,7176.25,7827.0,4484.25,287,0.08712318954946642,0.0950236132525586,0.05444099114958297,16.27267573696145,16.171487603305785,0.3639517896274653,38,25,42,0.20209059233449478,0.14982578397212543,0.14634146341463414,1
15,15,111,6473.5,7634.25,3232.75,295,0.07438667049698362,0.08772479172651537,0.03714737144498707,28.77111111111111,33.93,0.26237724210697183,41,41,35,0.5152542372881356,0.30847457627118646,0.22033898305084745,0
16,16,96,5557.0,4669.0,4044.0,243,0.0941082829514471,0.079069924977561,0.06848549509729208,21.70703125,18.23828125,0.4388020833333333,44,30,48,0.31275720164609055,0.12757201646090535,0.4609053497942387,1
16,17,109,5975.5,5707.5,3837.5,271,0.08136463283452022,0.07771544505112948,0.052252828801350744,23.341796875,19.749134948096884,0.3229946974160424,52,39,48,0.5977859778597786,0.3025830258302583,0.30996309963099633,1
16,21,104,4267.0,5121.0,4067.75,235,0.07726573110004527,0.0927297419646899,0.07365776369397918,16.66796875,11.612244897959183,0.37608635355029585,36,31,49,0.4297872340425532,0.2425531914893617,0.43829787234042555,0
15,18,91,3591.0,4616.75,2931.5,265,0.05113563545745817,0.06574225703097188,0.04174439302242791,15.96,14.249228395061728,0.3540031397174254,26,26,40,0.17735849056603772,0.35094339622641507,0.19245283018867926,0
16,16,118,5406.0,6397.5,2353.0,223,0.108709203885057,0.12864726819360936,0.04731645518711416,21.1171875,24.990234375,0.1689887963228957,34,25,36,0.34977578475336324,0.30493273542600896,0.26905829596412556,0
16,18,103,4015.0,5660.0,3108.5,247,0.06580996246455441,0.09277319739710535,0.05095149895916996,15.68359375,17.469135802469136,0.29300593835422756,35,35,40,0.3157894736842105,0.5101214574898786,0.25101214574898784,0
15,15,80,4907.5,6038.0,3818.5,223,0.098684872006274,0.12141808602626235,0.07678618110157051,21.81111111111111,26.835555555555555,0.596640625,31,30,46,0.2825112107623318,0.14798206278026907,0.29596412556053814,0
16,20,79,4223.75,4856.75,4772.0,247,0.06923158878198299,0.07960710714812569,0.07821796784081038,16.4990234375,12.141875,0.7646210543182183,33,34,51,0.562753036437247,0.4898785425101215,0.32388663967611336,0
16,18,83,5873.25,6332.0,4118.25,231,0.1100663405858211,0.11866344333876802,0.07717715185247653,22.9423828125,19.54320987654321,0.5978008419219045,36,25,50,0.5151515151515151,0.3722943722943723,0.33766233766233766,0
21,19,97,5987.75,6303.75,4184.75,247,0.09814535560327164,0.10332491927420545,0.06859233883525381,13.57766439909297,17.46191135734072,0.44476033584865554,47,29,43,0.5020242914979757,0.11740890688259109,0.3724696356275304,0
15,16,71,6095.0,7521.0,4824.5,227,0.11828290865337965,0.14595664577228357,0.09362688971258903,27.08888888888889,29.37890625,0.9570521721880579,43,30,52,0.5022026431718062,0.3788546255506608,0.3920704845814978,0
15,16,93,3959.25,4936.25,3898.25,255,0.060888119953863895,0.07591311034217608,0.059950019223375624,17.596666666666668,19.2822265625,0.4507168458781362,25,27,50,0.10588235294117647,0.3686274509803922,0.43137254901960786,0
16,16,115,5380.0,4094.25,2785.5,211,0.12084184991352395,0.09196222007591923,0.062565980099279,21.015625,15.9931640625,0.21062381852551984,32,29,37,0.5165876777251185,0.5213270142180095,0.3459715639810427,0
19,22,85,3791.0,6154.5,3139.5,287,0.046024596632228146,0.07471864415010501,0.03811506756182544,10.501385041551247,12.715909090909092,0.4345328719723183,31,31,43,0.1916376306620209,0.28222996515679444,0.25435540069686413,0
16,19,102,4889.5,5094.0,4894.5,211,0.10982457716583185,0.11441791514116934,0.1099368837177961,19.099609375,14.110803324099724,0.47044405997693195,31,26,54,0.6208530805687204,0.5213270142180095,0.4834123222748815,1
20,16,88,4858.5,5386.0,3893.0,239,0.08505628402864096,0.09429106633287232,0.06815356874004307,12.14625,21.0390625,0.5027117768595041,37,22,48,0.5523012552301255,0.09205020920502092,0.2719665271966527,0
14,18,89,5513.5,5831.0,3545.0,231,0.10332452540244748,0.10927456382001836,0.066434287213508,28.130102040816325,17.996913580246915,0.44754450195682366,38,28,44,0.341991341991342,0.4155844155844156,0.42857142857142855,1
15,16,107,3899.0,5358.75,3010.5,207,0.09099395551821512,0.12506126163971154,0.0702583490863264,17.32888888888889,20.9326171875,0.26294872914665035,36,30,43,0.6086956521739131,0.4830917874396135,0.3671497584541063,0
16,17,92,4085.5,4543.0,3584.5,243,0.06918830124134194,0.07693610391369879,0.06070382224931836,15.958984375,15.719723183391004,0.42349952741020797,33,28,46,0.2551440329218107,0.29218106995884774,0.25925925925925924,1
16,19,113,4635.0,5482.25,4284.0,267,0.0650170433026133,0.0769017660508634,0.06009342254765812,18.10546875,15.186288088642659,0.3355000391573342,36,28,50,0.31835205992509363,0.2846441947565543,0.41198501872659177,0
15,14,118,4404.5,6138.25,2845.25,267,0.061783725399430486,0.08610374672109301,0.039911487045687276,19.575555555555557,31.317602040816325,0.20434142487790866,24,26,37,0.1947565543071161,0.1947565543071161,0.352059925093633,0
17,16,82,4403.0,4914.5,4202.0,223,0.08853988618311247,0.09882563494138229,0.08449797904643166,15.235294117647058,19.197265625,0.6249256395002974,38,37,56,0.23766816143497757,0.34977578475336324,0.452914798206278,1
16,18,136,4799.25,5831.0,3301.5,251,0.07617736226409105,0.09255408644307234,0.052403930096347674,18.7470703125,17.996913580246915,0.178498053633218,37,45,20,0.4262948207171315,0.4262948207171315,0.13545816733067728,0
14,17,100,4366.0,5740.75,4044.0,227,0.08472898756040288,0.11140813910613441,0.0784800791787149,22.275510204081634,19.864186851211073,0.4044,39,27,47,0.5110132158590308,0.3964757709251101,0.5066079295154186,0
16,20,124,5710.25,5197.25,2942.75,231,0.10701167519349337,0.09739791233297727,0.05514795449860385,22.3056640625,12.993125,0.19138592611862643,40,32,37,0.3463203463203463,0.5757575757575758,0.3722943722943723,0
16,18,131,4327.5,5452.0,3633.0,255,0.06655132641291811,0.08384467512495195,0.05587081891580162,16.904296875,16.82716049382716,0.2117009498280986,28,32,50,0.20784313725490197,0.5411764705882353,0.34901960784313724,0
18,17,116,6028.5,5828.0,4045.0,239,0.10553911871290769,0.1020290261024842,0.07081458657936661,18.60648148148148,20.166089965397923,0.3006093935790725,37,29,44,0.49372384937238495,0.1297071129707113,0.33472803347280333,1
15,16,113,5314.0,5972.5,4579.0,267,0.0745416543926833,0.08377870358680863,0.0642315083673498,23.61777777777778,23.330078125,0.35860286631686117,31,30,46,0.45318352059925093,0.20224719101123595,0.3258426966292135,0
24,20,94,5872.75,8080.5,5516.75,315,0.059186192995716806,0.08143613000755857,0.05559838750314941,10.195746527777779,20.20125,0.6243492530556813,49,45,52,0.33015873015873015,0.30793650793650795,0.43174603174603177,1
24,22,103,6686.0,8467.0,4763.0,267,0.09378726030663917,0.11877007672993029,0.06681255172607274,11.60763888888889,17.49380165289256,0.4489584315204072,33,33,44,0.3895131086142322,0.3408239700374532,0.26591760299625467,0
26,23,102,4288.5,7717.5,4772.5,239,0.07507746713117767,0.1351079287827594,0.08355070814586579,6.343934911242603,14.588846880907372,0.4587178008458285,33,46,55,0.5523012552301255,0.5857740585774058,0.2301255230125523,0
18,18,91,5365.5,5386.5,3735.5,247,0.08794604074808635,0.08829025225786359,0.06122867117966202,16.560185185185187,16.625,0.4510928631807753,35,34,43,0.32388663967611336,0.47368421052631576,0.23481781376518218,1
22,20,89,4987.5,5126.5,4552.0,243,0.08446375044454606,0.08681772764991787,0.07708851970397466,10.304752066115702,12.81625,0.574674914783487,32,25,55,0.3333333333333333,0.2716049382716049,0.2962962962962963,0
19,19,109,4516.5,6043.5,4422.0,303,0.049194523412737313,0.06582687971767474,0.048165212560860045,12.511080332409973,16.740997229916896,0.3721908930224729,35,28,51,0.2838283828382838,0.2706270627062706,0.297029702970297,0
22,16,88,4886.5,6947.0,3841.0,239,0.08554647152535845,0.12161901927487263,0.06724322053185343,10.09607438016529,27.13671875,0.49599690082644626,35,27,49,0.47280334728033474,0.4602510460251046,0.32217573221757323,0
16,19,93,5598.5,7340.0,4518.5,275,0.0740297520661157,0.09705785123966942,0.059748760330578514,21.869140625,20.332409972299168,0.5224303387674876,37,31,54,0.13454545454545455,0.4290909090909091,0.29818181818181816,0
22,17,98,5400.25,6282.0,3815.25,203,0.13104540270329296,0.15244242762503338,0.09258293091315004,11.15754132231405,21.737024221453286,0.3972563515201999,35,30,55,0.541871921182266,0.5615763546798029,0.39408866995073893,1
20,18,117,4293.25,5570.0,4054.5,235,0.07774105930285197,0.10086011770031689,0.07341783612494342,10.733125,17.191358024691358,0.2961867192636423,45,30,55,0.2936170212765957,0.3829787234042553,0.42127659574468085,1
22,22,91,4048.0,4805.25,4384.0,227,0.07855770536979177,0.09325331366803159,0.08507830542024879,8.363636363636363,9.928202479338843,0.5294046612727932,33,31,55,0.36123348017621143,0.22466960352422907,0.3876651982378855,0
14,17,128,5914.0,5097.25,3673.5,243,0.10015410929905671,0.08632237633152127,0.06221104506426866,30.1734693877551,17.637543252595155,0.224212646484375,38,26,45,0.15637860082304528,0.35390946502057613,0.39094650205761317,0
23,26,140,6817.0,6586.5,4374.75,231,0.12775247840182904,0.12343284421206499,0.08198403328273458,12.886578449905482,9.743343195266272,0.2232015306122449,36,29,49,0.2943722943722944,0.2943722943722944,0.23809523809523808,0
20,23,94,4691.5,7755.5,3501.0,227,0.09104581885928312,0.15050748122416505,0.06794232374002988,11.72875,14.660680529300567,0.3962200090538705,33,32,49,0.2555066079295154,0.2422907488986784,0.4185022026431718,0
18,17,89,4392.25,5411.25,4150.75,201,0.10871636840672261,0.1339385163733571,0.10273879359421796,13.556327160493828,18.724048442906575,0.5240184320161596,33,31,52,0.527363184079602,0.5223880597014925,0.44776119402985076,0
18,19,121,5138.5,6486.0,3691.0,255,0.0790234525182622,0.09974625144175317,0.05676278354479047,15.859567901234568,17.966759002770083,0.2521002663752476,28,37,51,0.32941176470588235,0.3333333333333333,0.30980392156862746,0
17,20,114,5580.5,5742.0,4688.0,239,0.09769611876542778,0.10052345021970904,0.08207139230755764,19.30968858131488,14.355,0.36072637734687596,0,38,54,0.0,0.4686192468619247,0.37656903765690375,0
16,17,122,4318.5,5423.5,3713.5,223,0.08684067646644815,0.10906111122282773,0.0746747370749462,16.869140625,18.76643598615917,0.24949610319806503,30,30,46,0.336322869955157,0.45739910313901344,0.29596412556053814,1
16,17,129,4400.0,3988.0,2541.5,235,0.07967406066093255,0.07221367134449977,0.0460208239022182,17.1875,13.799307958477508,0.15272519680307675,31,27,37,0.3191489361702128,0.3829787234042553,0.2680851063829787,0
16,19,112,5525.75,6207.75,4651.75,271,0.07524066938086355,0.08452703530725345,0.06333995996786536,21.5849609375,17.195983379501385,0.3708346619897959,39,31,48,0.36162361623616235,0.3726937269372694,0.31365313653136534,0
15,14,93,3521.5,5786.0,4016.25,215,0.0761817198485668,0.12517036235803136,0.08688480259599783,15.651111111111112,29.520408163265305,0.46436004162330907,37,28,50,0.6186046511627907,0.4418604651162791,0.3674418604651163,0
17,17,92,5676.0,6881.25,5228.75,243,0.0961235584006503,0.11653457298176091,0.08854934037832986,19.640138408304498,23.810553633217992,0.6177634688090737,36,23,51,0.49382716049382713,0.102880658436214,0.4691358024691358,0
17,17,99,4349.75,4666.5,3143.75,211,0.09770108488129198,0.10481570494822667,0.0706127445475169,15.051038062283737,16.147058823529413,0.3207580859096011,33,34,43,0.3033175355450237,0.16587677725118483,0.3222748815165877,0
17,19,96,4894.5,5040.5,4429.5,243,0.08288878727836203,0.08536131009839286,0.07501397144744196,16.93598615916955,13.962603878116344,0.4806315104166667,29,33,50,0.13580246913580246,0.32098765432098764,0.37037037037037035,0
15,20,97,4178.0,5564.0,4033.5,191,0.11452536937035718,0.15251774896521478,0.11056440338806502,18.56888888888889,13.91,0.428685301307259,24,32,50,0.34554973821989526,0.28272251308900526,0.2617801047120419,0
15,14,104,5437.0,6859.75,5727.0,227,0.10551340022123465,0.1331240660598886,0.11114129907430767,24.164444444444445,34.99872448979592,0.5294933431952663,39,38,61,0.5198237885462555,0.28634361233480177,0.44493392070484583,0
17,17,126,5576.25,4717.25,3438.25,263,0.0806177622923564,0.06819890413335454,0.04970796165912475,19.294982698961938,16.32266435986159,0.21656903502141597,40,27,50,0.3840304182509506,0.10266159695817491,0.29277566539923955,0
15,15,145,5317.0,6679.0,3861.5,287,0.06455098398669402,0.08108633102259345,0.04688050115941677,23.63111111111111,29.684444444444445,0.18366230677764567,32,32,49,0.37282229965156793,0.3205574912891986,0.31010452961672474,1
15,15,112,5548.0,5959.5,3646.0,239,0.09712715113530926,0.10433115666742529,0.06382941475114232,24.657777777777778,26.486666666666668,0.29065688775510207,35,31,36,0.45188284518828453,0.5732217573221757,0.2217573221757322,1
16,18,127,5316.0,7452.75,4627.0,291,0.06277677401069898,0.08800970701810323,0.05464035616017761,20.765625,23.002314814814813,0.2868745737491475,33,0,52,0.20618556701030927,0.0,0.31958762886597936,1
16,19,114,4646.75,5966.25,2703.5,235,0.08414214576731553,0.10803531009506565,0.04895427795382526,18.1513671875,16.527008310249307,0.20802554632194523,33,24,41,0.5531914893617021,0.2553191489361702,0.2851063829787234,0
15,16,88,4777.0,6373.75,4894.25,239,0.08362948827926682,0.11158330561439751,0.08568214842177133,21.23111111111111,24.8974609375,0.632005423553719,41,37,55,0.5983263598326359,0.3263598326359833,0.3723849372384937,0
17,15,114,5587.0,8774.5,4984.5,239,0.09780991229145149,0.15361250678384483,0.08726212776386968,19.33217993079585,38.99777777777778,0.3835410895660203,34,39,53,0.2719665271966527,0.3263598326359833,0.37656903765690375,0
16,18,141,6820.75,8048.75,3428.75,279,0.08762413124189052,0.10339987924101694,0.04404812373941753,26.6435546875,24.84182098765432,0.1724636587696796,42,38,43,0.3835125448028674,0.26523297491039427,0.35842293906810035,1
16,20,118,7701.75,7907.0,4484.75,239,0.13483219831585583,0.13842544773375817,0.07851315628227797,30.0849609375,19.7675,0.3220877621373169,44,0,47,0.606694560669456,0.0,0.39748953974895396,1
16,21,137,4096.5,7358.5,3512.0,239,0.07171618143940058,0.12882302480698868,0.061483517445422874,16.001953125,16.6859410430839,0.18711705471788587,31,41,44,0.2384937238493724,0.49372384937238495,0.3389121338912134,0
15,16,128,7536.5,7501.25,4767.75,239,0.13193921675040704,0.13132210570543232,0.08346755133838693,33.495555555555555,29.3017578125,0.2910003662109375,38,45,54,0.5523012552301255,0.5188284518828452,0.301255230125523,1
15,17,125,6891.0,6749.0,4658.0,279,0.08852661193972328,0.08670238049357022,0.05983993011395023,30.626666666666665,23.352941176470587,0.298112,27,32,57,0.34408602150537637,0.26881720430107525,0.34050179211469533,1
17,17,126,4693.25,7327.75,3827.0,255,0.0721760861207228,0.11269127258746636,0.05885428681276432,16.23961937716263,25.35553633217993,0.241055681531872,29,32,51,0.47843137254901963,0.3058823529411765,0.3686274509803922,0
16,19,165,4848.0,8108.0,4403.25,239,0.0848724637173719,0.14194429369233733,0.07708636053290384,18.9375,22.45983379501385,0.16173553719008266,33,28,56,0.29707112970711297,0.40585774058577406,0.24267782426778242,0
16,15,103,6190.0,8416.0,5342.5,259,0.09227650154291081,0.12546026445640346,0.07964252172746382,24.1796875,37.404444444444444,0.5035818644547083,45,31,56,0.47104247104247104,0.29343629343629346,0.3590733590733591,0
16,16,147,5250.75,8084.5,4187.25,243,0.08892191231011533,0.13691171738725466,0.07091144642584972,20.5107421875,31.580078125,0.1937734277384423,39,31,49,0.3991769547325103,0.43209876543209874,0.37448559670781895,1
15,18,115,7070.0,6965.75,5788.0,279,0.09082617129790213,0.08948690278901864,0.07435670148122454,31.42222222222222,21.499228395061728,0.43765595463137996,44,42,60,0.27956989247311825,0.34050179211469533,0.35842293906810035,1
17,17,165,8141.5,11807.5,5855.5,271,0.1108576952928201,0.16077531624024727,0.07973066815539004,28.17128027681661,40.85640138408304,0.21507805325987145,38,43,58,0.3726937269372694,0.6162361623616236,0.3284132841328413,0
15,18,94,7602.5,9515.0,6964.0,327,0.07109857943121137,0.08898427928812576,0.06512732747898138,33.78888888888889,29.367283950617285,0.7881394296061567,51,43,67,0.3058103975535168,0.20795107033639143,0.20489296636085627,0
16,20,121,6382.5,7944.0,4639.5,283,0.07969259199140956,0.09918965151269213,0.05792930364968972,24.931640625,19.86,0.31688409261662454,46,40,51,0.4911660777385159,0.37809187279151946,0.29328621908127206,1
16,18,141,7754.5,7746.0,4774.0,291,0.09157308014784898,0.09147270343996883,0.05637628275528159,30.291015625,23.90740740740741,0.24012876615864392,48,34,54,0.45017182130584193,0.27835051546391754,0.23711340206185566,0
15,16,115,6254.0,7725.5,4990.75,263,0.09041622692246527,0.11169020804117452,0.07215298761005653,27.795555555555556,30.177734375,0.37737240075614364,33,34,55,0.24334600760456274,0.44106463878326996,0.376425855513308,0
15,16,137,7070.0,7379.5,3467.75,275,0.09348760330578512,0.0975801652892562,0.04585454545454545,31.42222222222222,28.826171875,0.18475944376365283,45,27,47,0.3527272727272727,0.11272727272727273,0.3054545454545455,0
17,17,102,7755.75,7691.0,4535.25,255,0.11927335640138409,0.11827758554402153,0.06974625144175317,26.836505190311417,26.612456747404845,0.43591407151095735,38,33,54,0.5294117647058824,0.33725490196078434,0.21176470588235294,0
16,19,138,4993.0,7170.5,5740.0,307,0.052976689407845175,0.07608038281573279,0.06090250294432832,19.50390625,19.86288088642659,0.30140726738080237,45,43,61,0.3355048859934853,0.247557003257329,0.43322475570032576,0
16,16,128,5449.0,6714.75,3618.25,227,0.10574627879446526,0.1303101166333521,0.07021774146597062,21.28515625,26.2294921875,0.2208404541015625,32,44,50,0.2511013215859031,0.5110132158590308,0.34801762114537443,1
15,16,117,5453.0,8151.5,5599.0,319,0.0535863444738161,0.08010436218197542,0.055021078802291644,24.235555555555557,31.841796875,0.4090145372196654,28,51,56,0.1755485893416928,0.329153605015674,0.3448275862068966,0
16,17,118,6407.75,6573.0,4940.25,247,0.10502958579881656,0.107738202560278,0.08097575767509711,25.0302734375,22.7439446366782,0.35480106291295604,33,37,56,0.29959514170040485,0.2591093117408907,0.3481781376518219,0
16,19,111,8218.0,11536.5,3873.5,295,0.09443263430048837,0.1325653547831083,0.04451019821890261,32.1015625,31.957063711911356,0.31438194951708465,43,46,48,0.5423728813559322,0.5322033898305085,0.33559322033898303,0
22,18,120,8432.5,8509.0,6640.0,311,0.08718375533751718,0.08797469008798503,0.06865106853733936,17.422520661157026,26.262345679012345,0.46111111111111114,56,43,59,0.3086816720257235,0.3247588424437299,0.45980707395498394,0
16,19,125,5203.0,6358.0,4790.5,275,0.0688,0.08407272727272727,0.06334545454545455,20.32421875,17.61218836565097,0.306592,33,31,55,0.44,0.32727272727272727,0.4254545454545455,1
15,14,129,4889.25,4777.75,4019.5,259,0.07288576497070706,0.07122359535486948,0.05992009659963328,21.73,24.37627551020408,0.24154197464094707,31,33,54,0.33976833976833976,0.2857142857142857,0.42084942084942084,1
14,17,149,5939.25,5900.0,3167.5,271,0.08087103933769965,0.08033659672390082,0.043129859342873875,30.302295918367346,20.41522491349481,0.14267375343452998,33,35,47,0.45387453874538747,0.24723247232472326,0.2878228782287823,1
15,17,112,4815.5,6964.75,3583.5,279,0.06186328541514112,0.08947405608869362,0.04603615061471461,21.40222222222222,24.09948096885813,0.28567442602040816,28,31,49,0.3835125448028674,0.36200716845878134,0.32974910394265233,1
18,22,167,6646.75,6609.0,4439.0,319,0.06531726299859475,0.06494629573215673,0.04362181975412977,20.51466049382716,13.65495867768595,0.1591666965470257,24,24,54,0.15047021943573669,0.22884012539184953,0.27586206896551724,0
16,20,132,5502.5,6177.0,4544.5,279,0.0706889685384309,0.07935406790765792,0.05838182962706029,21.494140625,15.4425,0.26081841138659323,43,33,55,0.23655913978494625,0.22939068100358423,0.32616487455197135,0
14,17,118,6849.25,8016.25,4822.25,271,0.0932619381544369,0.10915224465897795,0.06566155144946284,34.94515306122449,27.7378892733564,0.3463264866417696,34,33,58,0.4132841328413284,0.12177121771217712,0.42435424354243545,0
16,18,122,6807.75,6736.75,3948.0,299,0.07614847708638606,0.07535430252458027,0.04416057985928569,26.5927734375,20.792438271604937,0.2652512765385649,30,44,55,0.3377926421404682,0.3745819397993311,0.30434782608695654,0
15,17,143,6442.5,7358.75,5158.25,287,0.07821510519734366,0.08933882892835897,0.06262368123930119,28.633333333333333,25.46280276816609,0.25224949875299524,39,29,53,0.31010452961672474,0.10801393728222997,0.3797909407665505,0
16,19,117,5921.5,7513.5,6063.0,259,0.08827387784916742,0.11200638034614868,0.0903832679894456,23.130859375,20.81301939058172,0.44291036598728906,32,29,64,0.42084942084942084,0.3088803088803089,0.3281853281853282,0
17,16,126,5726.0,9477.0,6862.0,287,0.06951644429336279,0.11505542133569668,0.08330804064635967,19.813148788927336,37.01953125,0.4322247417485513,35,42,64,0.34494773519163763,0.4634146341463415,0.5156794425087108,0
16,17,132,10662.5,9047.0,9883.5,327,0.09971569920227441,0.08460754332313965,0.09243049126055607,41.650390625,31.304498269896193,0.5672348484848485,62,45,61,0.4892966360856269,0.22935779816513763,0.5045871559633027,0
15,15,114,7136.25,7518.5,5754.75,251,0.11327201155537214,0.11933937556546721,0.09134378819383819,31.716666666666665,33.41555555555556,0.44280932594644506,41,39,61,0.6294820717131474,0.46215139442231074,0.4103585657370518,0
15,15,93,6640.5,7845.5,6068.0,283,0.08291400816591542,0.09795976975614629,0.07576571064690532,29.513333333333332,34.86888888888889,0.7015839981500751,36,39,53,0.22614840989399293,0.43462897526501765,0.33568904593639576,0
15,16,161,6603.5,7552.0,5140.0,291,0.0779808929984294,0.08918175269540983,0.0606983857063568,29.34888888888889,29.5,0.19829481887272868,46,35,57,0.4054982817869416,0.47766323024054985,0.36769759450171824,0
26,22,123,7261.5,8552.0,5368.5,263,0.10498200060720843,0.1236392025329266,0.07761424915785974,10.741863905325443,17.669421487603305,0.3548483045806068,51,37,56,0.43346007604562736,0.5361216730038023,0.3916349809885932,0
16,18,147,5461.5,7921.0,5190.0,255,0.08399077277970012,0.12181468665897732,0.07981545559400231,21.333984375,24.44753086419753,0.24017770373455505,47,38,51,0.4627450980392157,0.5058823529411764,0.48627450980392156,0
20,18,116,6334.5,7217.5,5564.0,255,0.0974163783160323,0.11099577085736255,0.08556708958093041,15.83625,22.276234567901234,0.41349583828775266,43,35,61,0.4588235294117647,0.20392156862745098,0.4117647058823529,0
14,16,141,4979.5,6728.0,2764.5,223,0.10013271933881639,0.13529328962979348,0.05559130487240845,25.40561224489796,26.28125,0.13905236155122982,35,21,43,0.40358744394618834,0.17488789237668162,0.26905829596412556,0
24,23,86,7694.5,8473.5,8468.0,255,0.11833141099577085,0.1303114186851211,0.13022683583237216,13.358506944444445,16.0179584120983,1.144943212547323,34,32,59,0.47058823529411764,0.5607843137254902,0.4470588235294118,0
22,24,97,8018.5,7810.5,6114.25,275,0.1060297520661157,0.1032793388429752,0.08084958677685951,16.56714876033058,13.559895833333334,0.6498299500478265,42,33,49,0.4218181818181818,0.20363636363636364,0.39636363636363636,0
18,17,80,4332.5,6726.5,4316.0,211,0.09731362727701534,0.15108600435749422,0.09694301565553334,13.371913580246913,23.275086505190313,0.674375,32,35,48,0.38388625592417064,0.35545023696682465,0.3886255924170616,1
17,20,79,5161.0,5760.25,4500.25,215,0.11164954029204975,0.12461330448891293,0.09735532720389399,17.858131487889274,14.400625,0.7210783528280724,32,28,50,0.3767441860465116,0.4232558139534884,0.5534883720930233,0
17,17,99,4001.5,3776.75,3382.0,179,0.12488686370587684,0.11787241347024126,0.10555226116538186,13.846020761245676,13.068339100346021,0.3450668299153148,29,35,43,0.6927374301675978,0.5363128491620112,0.6145251396648045,0
16,17,95,7192.75,7019.75,6863.25,271,0.09793916204844705,0.09558352963603436,0.09345256736700208,28.0966796875,24.28979238754325,0.7604709141274238,39,32,57,0.45018450184501846,0.3025830258302583,0.5018450184501845,1
22,24,92,17858.0,16905.5,15663.0,375,0.12699022222222223,0.12021688888888889,0.11138133333333333,36.896694214876035,29.34982638888889,1.8505434782608696,97,95,95,0.488,0.25333333333333335,0.25333333333333335,1
26,22,122,15467.75,15491.0,13209.0,351,0.125548899765424,0.1257376157661058,0.10721503883897046,22.881286982248522,32.006198347107436,0.8874630475678581,89,90,89,0.5726495726495726,0.5213675213675214,0.42165242165242167,0
20,20,86,6695.25,6756.25,6410.75,251,0.10627212266471961,0.10724036126410692,0.10175632132823288,16.738125,16.890625,0.8667861005949161,48,41,55,0.2908366533864542,0.5139442231075697,0.5219123505976095,0
17,16,96,6501.0,9099.25,6204.0,307,0.06897685917091959,0.09654479092616368,0.06582563210219737,22.494809688581316,35.5439453125,0.6731770833333334,34,45,54,0.3583061889250814,0.498371335504886,0.42996742671009774,0
17,19,115,5160.5,7870.0,4780.5,299,0.057723067974631156,0.08803033523114955,0.053472556235388866,17.856401384083046,21.8005540166205,0.36147448015122874,32,34,46,0.3979933110367893,0.18729096989966554,0.41471571906354515,0
15,16,123,5397.0,7789.5,2865.0,215,0.11675500270416442,0.16851270957274203,0.06197944835045971,23.986666666666668,30.427734375,0.18937140590918106,39,35,41,0.44651162790697674,0.2837209302325581,0.29767441860465116,0
23,21,91,10847.0,11600.5,6546.75,295,0.12464234415397875,0.13330077563918413,0.07522838264866417,20.504725897920604,26.30498866213152,0.790574809805579,54,36,51,0.43389830508474575,0.33220338983050846,0.2745762711864407,0
25,20,78,5247.0,8040.0,8985.0,267,0.07360181795227876,0.11278037284854606,0.1260362748811177,8.3952,20.1,1.4768244575936884,41,38,52,0.449438202247191,0.4606741573033708,0.37453183520599254,0
17,21,105,6272.5,7201.5,4995.75,191,0.17193881746662645,0.19740412817631095,0.13694114744661603,21.70415224913495,16.329931972789115,0.45312925170068025,43,44,50,0.5287958115183246,0.612565445026178,0.387434554973822,0
15,17,67,5736.5,8939.5,5874.5,255,0.08821991541714726,0.13747789311803152,0.09034217608612072,25.495555555555555,30.932525951557093,1.3086433504121184,39,45,59,0.4235294117647059,0.29411764705882354,0.49411764705882355,1
16,17,74,6615.75,8662.5,5590.0,291,0.07812555354802139,0.10229567435434159,0.06601244671177714,25.8427734375,29.974048442906575,1.02081811541271,36,28,59,0.35051546391752575,0.16494845360824742,0.3161512027491409,1
16,20,144,5282.5,7005.75,4286.0,319,0.05191084993268541,0.06884513713505173,0.04211829679346705,20.634765625,17.514375,0.20669367283950618,31,15,41,0.2413793103448276,0.05956112852664577,0.22884012539184953,1
15,14,119,6051.5,8059.5,4554.0,247,0.09919028340080972,0.13210346014522448,0.07464472454883705,26.895555555555557,41.119897959183675,0.3215874585128169,43,37,48,0.5587044534412956,0.4979757085020243,0.4331983805668016,1
19,21,121,4937.5,7642.0,6057.0,239,0.08643931303723675,0.1337861732112533,0.10603805955778085,13.677285318559557,17.328798185941043,0.4137012499146233,47,28,52,0.5439330543933054,0.4895397489539749,0.39748953974895396,1
15,16,96,6406.5,6340.5,4321.25,243,0.10849464004470863,0.10737692424935223,0.07318074819217937,28.473333333333333,24.767578125,0.4688856336805556,52,34,33,0.5555555555555556,0.4691358024691358,0.37448559670781895,1
16,17,120,3849.0,7637.0,3477.0,239,0.06738327410234414,0.13369863972969662,0.06087078307452601,15.03515625,26.42560553633218,0.24145833333333333,32,34,42,0.22594142259414227,0.25523012552301255,0.29707112970711297,0
15,17,92,6718.0,8144.0,8473.5,311,0.06945751181232618,0.08420094912170056,0.08760765500770257,29.857777777777777,28.17993079584775,1.0011224007561437,48,36,56,0.4565916398713826,0.1157556270096463,0.5691318327974276,0
16,21,88,6170.75,10916.0,6479.75,283,0.07704865836756608,0.13629836806552711,0.08090686611145101,24.1044921875,24.75283446712018,0.836744576446281,54,40,59,0.42402826855123676,0.2756183745583039,0.45936395759717313,1
16,20,115,5780.25,9043.25,5330.0,271,0.07870603613785215,0.12313625903786714,0.07257526449803244,22.5791015625,22.608125,0.4030245746691871,38,38,53,0.36900369003690037,0.5166051660516605,0.3247232472324723,0
17,17,117,8884.5,8408.5,4834.5,239,0.15553824337809213,0.1472050559338947,0.08463612331716881,30.742214532871973,29.09515570934256,0.3531667762436993,46,28,39,0.6736401673640168,0.39330543933054396,0.22594142259414227,0
15,13,74,4179.0,7964.0,5376.0,203,0.10140988618990997,0.1932587541556456,0.13045693901817565,18.573333333333334,47.124260355029584,0.9817384952520087,43,34,58,0.46798029556650245,0.270935960591133,0.35467980295566504,0
16,17,91,6681.75,9150.25,6140.25,263,0.09660035565065275,0.13228830834622446,0.08877170408709104,26.1005859375,31.66176470588235,0.7414865354425794,42,32,60,0.4068441064638783,0.34220532319391633,0.39923954372623577,0
16,18,94,5226.25,5669.75,5763.5,295,0.060054582016661875,0.06515081873024993,0.06622809537489227,20.4150390625,17.499228395061728,0.6522747849705749,0,40,55,0.0,0.34915254237288135,0.19322033898305085,1
15,17,114,6925.0,6832.5,5855.5,261,0.1016573450184231,0.1002994671246752,0.0859573406144948,30.77777777777778,23.641868512110726,0.4505617112957833,35,21,55,0.5478927203065134,0.15708812260536398,0.41762452107279696,1
19,22,92,5761.5,4458.0,4522.0,219,0.12012885469443924,0.09295052229936823,0.09428493984695899,15.95983379501385,9.210743801652892,0.5342627599243857,33,33,55,0.4200913242009132,0.3561643835616438,0.4840182648401826,1
15,15,80,5498.0,7598.5,5234.75,279,0.0706311583869683,0.097615652419676,0.0672492645264064,24.435555555555556,33.77111111111111,0.8179296875,35,38,57,0.3154121863799283,0.5412186379928315,0.2114695340501792,0
14,15,81,6705.5,7478.0,5182.0,287,0.0814080540008984,0.09078658233073122,0.0629120178708009,34.21173469387755,33.23555555555556,0.7898186252095717,28,30,58,0.0975609756097561,0.37282229965156793,0.37282229965156793,0
16,17,107,5504.5,7853.5,4004.5,255,0.08465205690119185,0.1207766243752403,0.0615840061514802,21.501953125,27.174740484429066,0.3497685387370076,30,42,51,0.32941176470588235,0.34509803921568627,0.3411764705882353,0
15,17,111,4641.0,6734.25,3247.75,235,0.08403802625622453,0.12194205522861024,0.058809416025350836,20.626666666666665,23.30190311418685,0.2635946757568379,31,34,38,0.34893617021276596,0.23829787234042554,0.40425531914893614,0
16,19,76,4053.0,5453.75,5910.5,239,0.07095464014985732,0.09547714500796554,0.10347332854816968,15.83203125,15.107340720221607,1.0232860110803323,23,23,61,0.20920502092050208,0.20502092050209206,0.45188284518828453,1
20,18,113,3995.75,4146.0,3186.5,247,0.0654944352472586,0.06795718664459342,0.0522299988526283,9.989375,12.796296296296296,0.24954969065706006,35,27,39,0.5587044534412956,0.4898785425101215,0.1700404858299595,1
15,18,128,5266.0,5525.5,3917.5,207,0.12289668370323695,0.128952834371864,0.09142570421713458,23.404444444444444,17.054012345679013,0.239105224609375,33,30,37,0.3188405797101449,0.178743961352657,0.18840579710144928,1
15,15,113,5559.5,6422.0,3422.0,247,0.0911258994574571,0.10526315789473684,0.056090085069415985,24.70888888888889,28.54222222222222,0.267992795050513,29,32,49,0.3117408906882591,0.3441295546558704,0.32793522267206476,0
16,19,121,6434.25,7258.75,4886.25,271,0.08761114363911167,0.09883784262196865,0.06653299927833227,25.1337890625,20.107340720221607,0.33373744962775764,34,41,58,0.2730627306273063,0.2693726937269373,0.3210332103321033,0
14,16,135,5319.5,8488.25,4687.0,251,0.08443516769575087,0.1347319883811368,0.07439564451357915,27.14030612244898,33.1572265625,0.2571742112482853,43,58,60,0.4701195219123506,0.3346613545816733,0.23904382470119523,0
16,18,138,5535.25,7318.25,4231.5,327,0.05176565758587474,0.06844027345247782,0.0395729876834161,21.6220703125,22.58719135802469,0.2221959672337744,42,35,55,0.37003058103975534,0.2415902140672783,0.2874617737003058,0
17,17,120,5930.0,10034.75,4947.0,323,0.05683942144561915,0.09618370731052728,0.04741730487208734,20.519031141868513,34.72231833910035,0.3435416666666667,39,42,62,0.33126934984520123,0.2848297213622291,0.3746130030959752,0
15,18,123,5050.0,7034.5,3297.5,303,0.05500550055005501,0.07662102843947761,0.035916958032436906,22.444444444444443,21.71141975308642,0.21795888690594223,30,34,53,0.19141914191419143,0.1848184818481848,0.264026402640264,1
15,17,128,5416.0,6191.0,4572.5,247,0.08877378747397925,0.10147683128718714,0.07494795849792654,24.07111111111111,21.422145328719722,0.279083251953125,30,32,60,0.3441295546558704,0.12955465587044535,0.4817813765182186,0
16,20,146,7767.25,5506.75,3778.5,255,0.11945021145713187,0.08468665897731642,0.05810841983852365,30.3408203125,13.766875,0.1772612122349409,58,24,58,0.3843137254901961,0.11372549019607843,0.47058823529411764,0
16,21,128,4414.5,8972.0,4027.5,275,0.058373553719008264,0.11863801652892562,0.05325619834710744,17.244140625,20.34467120181406,0.245819091796875,35,51,55,0.5927272727272728,0.6,0.3090909090909091,0
17,18,105,5159.5,5343.0,3032.5,231,0.09669046682033695,0.10012930792151571,0.05682989449223216,17.852941176470587,16.49074074074074,0.2750566893424036,34,29,24,0.4025974025974026,0.4588744588744589,0.2597402597402597,0
15,15,118,5448.5,6974.0,3909.0,263,0.07877083664647458,0.10082551431999884,0.05651375616244271,24.215555555555557,30.995555555555555,0.2807382935937949,28,38,53,0.26996197718631176,0.3840304182509506,0.26996197718631176,0
15,16,124,6539.0,5797.5,5076.0,247,0.10718090773492435,0.09502696323493255,0.08320083922044288,29.06222222222222,22.646484375,0.3301248699271592,33,32,59,0.38461538461538464,0.2793522267206478,0.4777327935222672,1
16,18,104,6359.0,9600.5,6760.5,343,0.05405060816496528,0.08160290355209139,0.057463301855519386,24.83984375,29.631172839506174,0.6250462278106509,44,43,59,0.42857142857142855,0.3760932944606414,0.3032069970845481,0
16,17,125,6440.0,9496.0,3428.5,327,0.060226879518184964,0.08880659128954727,0.032063331743493344,25.15625,32.858131487889274,0.219424,35,49,42,0.2691131498470948,0.345565749235474,0.2599388379204893,0
15,16,127,7630.0,10247.0,5392.75,299,0.08534580150110178,0.11461840471583092,0.06032091363631279,33.91111111111111,40.02734375,0.3343511687023374,46,43,57,0.391304347826087,0.5351170568561873,0.4816053511705686,1
20,19,124,5020.25,7567.0,4664.75,243,0.08501837457027214,0.12814780944639198,0.07899795085437518,12.550625,20.9612188365651,0.3033786420395421,28,31,53,0.3045267489711934,0.21810699588477367,0.3045267489711934,0
15,15,123,6712.75,7229.25,5040.0,291,0.0792710289203009,0.0853703900520778,0.05951748326070783,29.834444444444443,32.13,0.33313503866745986,36,32,60,0.30927835051546393,0.3402061855670103,0.4054982817869416,1
16,18,119,4345.0,5558.0,5093.5,199,0.1097194515290018,0.14034999116183935,0.12862048938158127,16.97265625,17.15432098765432,0.35968505049078453,18,31,57,0.09045226130653267,0.31155778894472363,0.5376884422110553,1
16,17,123,24936.5,31565.0,21721.5,407,0.15053818616472178,0.19055351979184904,0.1311296778127245,97.408203125,109.22145328719724,1.4357525282569898,143,141,144,0.6191646191646192,0.4201474201474201,0.47174447174447176,1
16,21,137,6276.25,6588.5,4621.0,279,0.0806291029149163,0.08464048509140427,0.05936460220192444,24.5166015625,14.939909297052154,0.24620384676860782,40,31,55,0.2939068100358423,0.30824372759856633,0.4121863799283154,1
16,15,114,13390.0,17223.0,13036.5,303,0.14584626779509635,0.18759598732150443,0.1419958827565925,52.3046875,76.54666666666667,1.0031163434903048,101,100,100,0.46864686468646866,0.5808580858085809,0.6435643564356436,1
15,17,89,140617.0,140029.0,123275.0,679,0.30499890465273155,0.30372353001143065,0.26738402875232353,624.9644444444444,484.52941176470586,15.563060219669234,370,356,350,0.6377025036818851,0.5876288659793815,0.6568483063328424,1
15,14,101,92178.0,100613.5,87966.0,511,0.3530087583917035,0.3853137051405287,0.33687830545992087,409.68,513.3341836734694,8.62327222821292,298,297,294,0.7573385518590998,0.7318982387475538,0.8003913894324853,1
20,20,116,63565.0,67587.75,61274.5,527,0.22887419030781805,0.24335863377609107,0.22062694209103118,158.9125,168.969375,4.5536935196195,249,240,242,0.6375711574952562,0.5047438330170778,0.573055028462998,1
20,21,119,128323.0,104442.5,106637.5,655,0.29910378183089564,0.24344152438669076,0.24855777635335935,320.8075,236.8310657596372,7.530365087211355,346,310,312,0.6458015267175573,0.5877862595419847,0.665648854961832,1
20,20,118,149068.75,117256.0,114517.25,671,0.3310865736350088,0.26042941446913986,0.2543465610639635,372.671875,293.14,8.224450588911232,369,324,326,0.6154992548435171,0.563338301043219,0.7555886736214605,1
17,18,92,123916.0,100600.25,93902.5,607,0.3363179164551946,0.27303710961354216,0.25485888141913804,428.7750865051903,310.4945987654321,11.094340737240076,337,297,296,0.7215815485996705,0.6062602965403624,0.6886326194398682,1
17,18,165,62288.0,49822.5,46162.0,455,0.30087187537736987,0.24065934065934066,0.22297790121965946,215.52941176470588,153.77314814814815,1.6955739210284664,233,201,196,0.6153846153846154,0.6637362637362637,0.7868131868131868,1
22,27,102,101311.0,86247.5,79046.5,527,0.36478365600999535,0.31054553179538325,0.28461737881171933,209.3202479338843,118.30932784636488,7.597702806612841,311,274,270,0.7381404174573055,0.683111954459203,0.8292220113851992,1
17,20,100,96575.25,77727.0,72477.75,527,0.3477319617324802,0.2798663445300995,0.2609657255814121,334.1704152249135,194.3175,7.247775,296,258,252,0.7039848197343453,0.6717267552182163,0.7988614800759013,1
20,22,117,61138.0,44703.0,47135.0,543,0.20735359455178753,0.15161319862031072,0.15986148842288764,152.845,92.36157024793388,3.443275622762802,232,187,188,0.6224677716390423,0.5322283609576427,0.6298342541436464,1
22,20,100,21162.5,15538.25,15831.75,391,0.13842465708623047,0.1016362399513347,0.10355603377790569,43.724173553719005,38.845625,1.583175,119,88,97,0.5754475703324808,0.3938618925831202,0.5217391304347826,1
18,20,139,19010.5,15587.5,16676.5,343,0.16158658382136695,0.13249156388919583,0.14174791115946586,58.67438271604938,38.96875,0.863128202473992,116,85,107,0.46355685131195334,0.45481049562682213,0.6064139941690962,1
19,20,100,23180.5,15718.0,23076.5,423,0.12955138630406474,0.08784489937349452,0.12897015017129698,64.21191135734072,39.295,2.30765,131,85,135,0.5981087470449172,0.46335697399527187,0.5224586288416075,1
28,24,128,5829.0,6817.75,7981.5,335,0.051940298507462686,0.06075072399198039,0.07112051681889062,7.434948979591836,11.836371527777779,0.487152099609375,19,37,91,0.10746268656716418,0.31343283582089554,0.3970149253731343,1
21,23,128,5160.0,6265.0,6982.5,231,0.09669983695957722,0.11740784468057196,0.13085399449035812,11.700680272108844,11.843100189035917,0.426177978515625,29,29,73,0.5411255411255411,0.4935064935064935,0.4935064935064935,1
29,31,130,6762.75,5851.5,9023.5,307,0.07175407696633386,0.062085539369117974,0.09574106887075724,8.041319857312724,6.088969823100936,0.5339349112426035,52,24,87,0.24104234527687296,0.30618892508143325,0.38762214983713356,1
21,22,135,7329.75,6167.5,6584.25,263,0.10596871430843297,0.08916566670040046,0.09519076464890341,16.62074829931973,12.742768595041323,0.36127572016460907,51,25,69,0.5779467680608364,0.13688212927756654,0.44866920152091255,1
19,20,110,4411.5,6504.0,6069.0,235,0.07988229968311453,0.11777274784970575,0.10989588048890901,12.220221606648199,16.26,0.5015702479338843,0,32,69,0.0,0.3872340425531915,0.46382978723404256,1
20,19,90,4556.0,7051.5,6597.0,263,0.06586765747661524,0.10194595844959448,0.0953750957799014,11.39,19.533240997229917,0.8144444444444444,19,39,73,0.14068441064638784,0.3688212927756654,0.3231939163498099,1
19,20,93,5885.5,6285.5,9616.0,263,0.08508869580303315,0.09087163324610736,0.139021816131504,16.303324099722992,15.71375,1.1118048329286623,36,32,92,0.39923954372623577,0.22433460076045628,0.5209125475285171,1
18,22,128,5622.0,6308.0,5420.0,263,0.08127918576240802,0.09119692347728028,0.07835880235365554,17.35185185185185,13.03305785123967,0.330810546875,30,33,67,0.35361216730038025,0.45627376425855515,0.39543726235741444,1
22,20,161,7424.0,7891.5,10295.0,335,0.06615281799955447,0.07031855647137447,0.09173535308531967,15.338842975206612,19.72875,0.3971683191234906,35,30,97,0.417910447761194,0.30149253731343284,0.28955223880597014,1
18,18,140,7178.5,6795.0,10434.0,287,0.08715050565139798,0.0824946278332868,0.12667387002391675,22.155864197530864,20.97222222222222,0.5323469387755102,39,35,99,0.41114982578397213,0.47038327526132406,0.34843205574912894,1
24,21,77,6996.5,8066.0,14073.0,323,0.06706189074945605,0.0773131152412081,0.13489058650998284,12.14670138888889,18.290249433106577,2.3735874515095294,37,38,113,0.3126934984520124,0.17027863777089783,0.35294117647058826,1
20,23,117,7620.5,9340.0,11636.5,331,0.06955485984976406,0.08524931316800687,0.10621023904491561,19.05125,17.655954631379963,0.8500620936518373,39,36,104,0.24773413897280966,0.2598187311178248,0.3716012084592145,1
24,23,129,7054.5,7029.5,10013.0,311,0.07293659081275007,0.07267811540410045,0.10352457067234623,12.247395833333334,13.2882797731569,0.6017066282074395,36,30,95,0.28938906752411575,0.2733118971061093,0.40514469453376206,1
23,19,114,6796.0,8524.0,10911.0,271,0.09253686632807287,0.11606595770754756,0.14856823844991218,12.8468809073724,23.61218836565097,0.8395660203139428,39,37,106,0.47232472324723246,0.22140221402214022,0.5276752767527675,1
17,19,96,15823.0,12159.75,26365.0,343,0.1344932808608658,0.10335616962320121,0.2240988023697609,54.75086505190311,33.683518005540165,2.8607855902777777,65,63,161,0.5539358600583091,0.49854227405247814,0.5072886297376094,1
18,18,137,13397.5,11465.75,27984.0,347,0.11126659967278194,0.09522336370204885,0.23240787648763797,41.35030864197531,35.38811728395062,1.4909691512600565,65,64,161,0.5965417867435159,0.5648414985590778,0.6195965417867435,1
17,19,101,11560.0,9891.0,17204.5,371,0.0839866028290989,0.0718608554137212,0.12499545920183666,40.0,27.398891966759003,1.686550338202137,52,52,131,0.5040431266846361,0.1752021563342318,0.5202156334231806,1
18,28,95,11004.5,6809.75,17551.25,383,0.07501925843110253,0.04642304467274301,0.11964939429677754,33.964506172839506,8.685905612244898,1.944736842105263,47,42,129,0.4046997389033943,0.19321148825065274,0.4151436031331593,1
20,20,135,7706.5,6186.5,9994.75,287,0.09356068423800216,0.07510713982202041,0.12134115990239046,19.26625,15.46625,0.5484087791495199,36,25,92,0.4634146341463415,0.13240418118466898,0.397212543554007,1
16,18,124,8341.25,6807.0,11322.75,319,0.08196902546162085,0.06689203132830848,0.11126806929963345,32.5830078125,21.00925925925926,0.7363911290322581,39,32,101,0.4169278996865204,0.28213166144200624,0.5329153605015674,1
20,20,107,6166.75,5851.75,6000.25,283,0.07699871393075204,0.07306558953164605,0.07491977674836744,15.416875,14.629375,0.5240850729321338,33,29,72,0.3498233215547703,0.4381625441696113,0.3498233215547703,1
17,20,123,5925.0,6518.75,9835.25,327,0.05541059955671521,0.0609633495122932,0.09197925726416595,20.501730103806228,16.296875,0.6500925375107409,30,21,90,0.1559633027522936,0.17737003058103976,0.3577981651376147,1
20,21,158,6889.5,7230.0,6948.0,295,0.07916690606147658,0.08307957483481758,0.07983912668773341,17.22375,16.39455782312925,0.2783207819259734,28,26,77,0.3152542372881356,0.15932203389830507,0.2847457627118644,1
20,19,148,8418.0,9135.75,16051.5,303,0.09169035715452734,0.09950821814854753,0.17483580041172433,21.045,25.30678670360111,0.7328113586559533,47,46,116,0.570957095709571,0.5313531353135313,0.40264026402640263,1
17,16,114,7592.0,8328.0,13058.0,351,0.06162287643769125,0.06759685392164025,0.10598939943669289,26.269896193771626,32.53125,1.004770698676516,36,32,107,0.2934472934472934,0.245014245014245,0.42735042735042733,1
19,19,91,6249.5,7027.0,7261.0,275,0.08263801652892562,0.09291900826446281,0.09601322314049587,17.31163434903047,19.465373961218837,0.8768264702330636,41,34,80,0.3418181818181818,0.2290909090909091,0.41454545454545455,1
18,17,91,8290.5,8452.5,13344.5,367,0.06155291077964793,0.0627556816072582,0.09907639079657582,25.587962962962962,29.247404844290656,1.6114599686028257,38,30,112,0.329700272479564,0.24250681198910082,0.3896457765667575,1
20,21,132,12939.0,11419.75,24337.75,387,0.08639304528974621,0.0762490902656758,0.1625019196228859,32.3475,25.895124716553287,1.3967946510560147,75,61,162,0.32558139534883723,0.32558139534883723,0.6382428940568475,1
17,20,133,9398.0,8919.25,12426.5,351,0.07628184836162044,0.07239592211102183,0.10086362935365785,32.51903114186851,22.298125,0.7024987280230652,59,39,108,0.4444444444444444,0.36182336182336183,0.4131054131054131,1
20,20,112,6807.5,7183.0,11768.5,311,0.07038285377529181,0.07426515441320913,0.12167471386772262,17.01875,17.9575,0.9381776147959183,44,34,107,0.28938906752411575,0.3279742765273312,0.5176848874598071,1
17,16,105,6201.5,8119.5,8982.5,287,0.07528924716823077,0.09857470650366036,0.10905194915562894,21.458477508650518,31.716796875,0.8147392290249433,31,29,94,0.47038327526132406,0.25435540069686413,0.41114982578397213,1
19,18,109,7114.0,7321.5,8981.5,287,0.08636744406269349,0.08888659568526995,0.10903980866588159,19.706371191135734,22.59722222222222,0.7559548859523609,49,31,92,0.5226480836236934,0.1916376306620209,0.4529616724738676,1
18,16,128,8191.0,7358.0,9889.5,319,0.08049252660646024,0.07230667937618537,0.0971835968593076,25.280864197530864,28.7421875,0.603607177734375,44,29,89,0.4670846394984326,0.34796238244514105,0.3322884012539185,1
20,21,124,6529.0,7358.5,6891.5,319,0.06416013993573176,0.07231159284991304,0.06772240838828235,16.3225,16.6859410430839,0.44819849115504684,33,31,80,0.43573667711598746,0.32601880877742945,0.4043887147335423,1
20,20,122,7773.5,8364.75,12887.0,319,0.0763897760438675,0.08219995872682069,0.1266398718566052,19.43375,20.911875,0.8658290782047836,38,30,104,0.28213166144200624,0.19435736677115986,0.438871473354232,1
17,16,125,7177.25,9315.75,10683.5,255,0.1103767781622453,0.1432641291810842,0.16429834678969626,24.83477508650519,36.3896484375,0.683744,36,38,104,0.47058823529411764,0.39215686274509803,0.5058823529411764,1
19,18,84,7190.5,7235.5,8412.5,271,0.09790852521071336,0.09852126196538719,0.11454773219318909,19.918282548476455,22.33179012345679,1.1922477324263039,36,27,89,0.45387453874538747,0.2915129151291513,0.42435424354243545,1
18,18,118,7697.5,7447.5,11780.5,319,0.07564292803726379,0.07318619117343579,0.1157663544973025,23.757716049382715,22.98611111111111,0.846057167480609,38,33,101,0.38557993730407525,0.3103448275862069,0.42946708463949845,1
20,20,86,8271.0,7670.5,10139.0,327,0.07735039138119687,0.07173451542612387,0.09481992724144059,20.6775,19.17625,1.3708761492698756,40,30,99,0.41590214067278286,0.28440366972477066,0.42507645259938837,1
17,20,97,5224.5,5891.5,5965.0,267,0.07328620123721752,0.0826424834125882,0.08367349801512154,18.077854671280278,14.72875,0.6339674779466469,32,27,72,0.1198501872659176,0.16104868913857678,0.5056179775280899,1
20,19,102,5455.75,5235.5,5838.25,235,0.09879130828429153,0.09480307831598009,0.10571751923947488,13.639375,14.502770083102494,0.5611543637062668,38,31,69,0.43829787234042555,0.28085106382978725,0.2978723404255319,1
17,14,82,7602.25,6683.75,7033.25,295,0.08735708129847745,0.07680264291870152,0.08081873024992818,26.30536332179931,34.10076530612245,1.0459919690660322,30,31,82,0.1016949152542373,0.12203389830508475,0.43050847457627117,1
19,20,129,9238.0,7653.25,5054.25,243,0.156446341174279,0.1296084607698691,0.08559416755575877,25.590027700831026,19.133125,0.3037227330088336,52,37,60,0.51440329218107,0.24691358024691357,0.4403292181069959,1
18,20,94,6346.0,9303.0,9242.5,291,0.07494006920088332,0.10985935451872321,0.10914490853910558,19.58641975308642,23.2575,1.0460049796287914,30,28,97,0.3848797250859107,0.19243986254295534,0.422680412371134,1
20,18,114,8241.75,6663.75,6994.75,255,0.12674740484429065,0.10247981545559401,0.10757016532103038,20.604375,20.56712962962963,0.5382232994767621,40,28,81,0.5215686274509804,0.42745098039215684,0.4980392156862745,1
20,20,106,7538.5,8265.5,9691.0,335,0.06717308977500556,0.07365114724883047,0.0863533080864335,18.84625,20.66375,0.8624955500178,31,33,92,0.37910447761194027,0.30149253731343284,0.30149253731343284,1
17,16,137,7013.0,9162.0,10598.5,319,0.06891638250410274,0.09003449258556814,0.10415090260512377,24.26643598615917,35.7890625,0.564681123128563,42,22,96,0.45141065830721006,0.2884012539184953,0.3510971786833856,1
19,20,112,6643.5,7814.25,7389.75,271,0.09046036954834492,0.1064017374491088,0.10062158739668578,18.40304709141274,19.535625,0.5891063456632653,36,30,79,0.4797047970479705,0.3210332103321033,0.2915129151291513,1
18,18,138,6975.5,9193.5,9096.0,283,0.08709685474909164,0.11479104496247924,0.11357364931513692,21.52932098765432,28.375,0.47763074984247006,39,22,85,0.3674911660777385,0.1872791519434629,0.4911660777385159,1
20,20,99,7222.5,8681.0,9286.5,295,0.0829933927032462,0.09975294455616203,0.10671071531169204,18.05625,21.7025,0.9475053565962657,35,45,90,0.45084745762711864,0.5152542372881356,0.45084745762711864,1
17,19,113,5451.25,6633.5,5213.0,263,0.07881059434139571,0.09590278882158192,0.07536613222686464,18.862456747404845,18.37534626038781,0.40825436604275983,45,32,63,0.4866920152091255,0.18250950570342206,0.39543726235741444,1
20,21,95,5663.0,7370.0,7074.0,327,0.052960375576317,0.06892423944860608,0.06615604747075161,14.1575,16.71201814058957,0.7838227146814405,40,28,79,0.3516819571865443,0.36085626911314983,0.38837920489296635,1
17,18,97,7141.5,8005.0,9129.5,295,0.08206262568227521,0.09198506176386095,0.104906636024131,24.71107266435986,24.70679012345679,0.9702943989797003,38,30,88,0.5050847457627119,0.29491525423728815,0.4440677966101695,1
17,17,128,8040.25,9497.5,10327.25,295,0.09239011778224648,0.10913530594656708,0.11866992243608158,27.820934256055363,32.86332179930796,0.6303253173828125,6,7,89,0.020338983050847456,0.03389830508474576,0.4440677966101695,1
21,21,136,7620.5,8275.0,12245.0,323,0.07304296983580788,0.07931639333263042,0.11736909200701627,17.280045351473923,18.764172335600907,0.6620350346020761,36,23,104,0.38080495356037153,0.12074303405572756,0.42724458204334365,1
19,20,158,8354.25,10796.75,9426.5,327,0.07812894537496844,0.10097120519223036,0.08815662729474698,23.14196675900277,26.991875,0.37760374939913477,45,2,92,0.2874617737003058,0.0061162079510703364,0.39143730886850153,1
20,19,151,7372.0,9976.25,7758.75,327,0.06894294344845646,0.09329788925361689,0.07255982941952137,18.43,27.635041551246537,0.3402811280207009,35,29,80,0.29357798165137616,0.2415902140672783,0.345565749235474,1
16,18,126,8456.0,7936.75,7307.25,279,0.10863169794838196,0.10196104880461454,0.09387405095001349,33.03125,24.496141975308642,0.46027021919879063,40,37,75,0.40860215053763443,0.36917562724014336,0.3906810035842294,1
17,20,92,7322.0,7236.0,6962.0,279,0.09406353977980755,0.09295872355185571,0.08943872766279981,25.335640138408305,18.09,0.8225425330812854,32,22,71,0.45161290322580644,0.24372759856630824,0.4265232974910394,1
17,18,105,6991.5,7039.0,6215.0,271,0.09519886711782247,0.09584564480331151,0.08462575400661755,24.19204152249135,21.72530864197531,0.563718820861678,34,31,74,0.36162361623616235,0.4059040590405904,0.42435424354243545,1
21,20,140,7006.5,7874.0,8180.0,311,0.0724403180281428,0.08140941470828465,0.08457315371015602,15.887755102040817,19.685,0.4173469387755102,33,28,81,0.3536977491961415,0.2572347266881029,0.3440514469453376,1
17,19,122,6252.5,6916.0,5485.5,303,0.06810334498796414,0.0753303053077585,0.059749044211351826,21.634948096885815,19.157894736842106,0.3685501209352325,31,31,68,0.3432343234323432,0.3333333333333333,0.297029702970297,1
22,19,101,6977.5,7235.0,8475.0,295,0.08017810973858087,0.08313702958919851,0.09738580867566791,14.416322314049587,20.041551246537395,0.8308009018723654,28,27,78,0.38305084745762713,0.3694915254237288,0.4440677966101695,1
17,19,92,6505.0,6553.5,6788.0,283,0.08122214036883967,0.08182771666520995,0.0847557092734333,22.508650519031143,18.153739612188367,0.8019848771266541,30,34,78,0.38162544169611307,0.38515901060070673,0.43109540636042404,1
17,16,101,6362.5,6208.5,8422.5,279,0.08173713081794941,0.07975873896789609,0.10820133348749374,22.015570934256054,24.251953125,0.8256543476129791,33,30,88,0.2867383512544803,0.45161290322580644,0.5268817204301075,1
21,19,106,5624.25,7115.5,6740.25,319,0.05526920922553827,0.06992364461827223,0.06623608258566642,12.753401360544217,19.710526315789473,0.5998798504805981,33,24,80,0.3667711598746082,0.14106583072100312,0.25391849529780564,1
17,20,139,9708.25,8522.75,6559.5,379,0.06758690067599084,0.05933368606456374,0.045665931036403255,33.59256055363322,21.306875,0.33950106102168626,30,28,82,0.23746701846965698,0.17941952506596306,0.21635883905013192,1
20,21,106,6834.5,7838.0,12096.0,319,0.06716227238332957,0.07702361415473512,0.11886675641945342,17.08625,17.773242630385486,1.0765396938412246,41,40,98,0.4702194357366771,0.3887147335423197,0.4952978056426332,1
17,17,142,6065.5,6494.5,6418.0,303,0.0660665076408631,0.07073925214303609,0.0699060005010402,20.9878892733564,22.472318339100347,0.31829002182106725,27,37,74,0.30363036303630364,0.264026402640264,0.3069306930693069,1
19,18,108,5877.5,7333.0,7347.5,311,0.060767568573525915,0.07581600686510685,0.07596592260212363,16.281163434903046,22.632716049382715,0.6299296982167353,36,37,84,0.2604501607717042,0.1189710610932476,0.3729903536977492,1
17,17,132,7645.0,8802.5,6489.75,291,0.09027999196986337,0.10394893777825014,0.0766376164665037,26.453287197231834,30.458477508650518,0.3724603994490358,38,33,79,0.47079037800687284,0.38144329896907214,0.3127147766323024,1
21,19,99,4545.0,5670.5,5795.0,259,0.06775390945275116,0.08453213279468105,0.08638809797110955,10.306122448979592,15.70775623268698,0.5912661973268034,26,20,80,0.25096525096525096,0.21235521235521235,0.4015444015444015,1
19,19,109,3777.5,5125.0,4045.5,231,0.07079140196023313,0.09604392721275838,0.07581379659301737,10.46398891966759,14.196675900277008,0.34050164127598687,34,38,59,0.3116883116883117,0.3939393939393939,0.4069264069264069,1
17,20,78,6675.75,7067.25,5387.75,283,0.08335414351533918,0.08824245526851378,0.0672720348612169,23.09948096885813,17.668125,0.885560486522025,32,36,71,0.26148409893992935,0.254416961130742,0.4416961130742049,1
17,18,93,5373.0,6882.5,7527.5,303,0.058523674149593176,0.0749654173338126,0.08199087235456219,18.591695501730104,21.242283950617285,0.8703318302693953,32,25,82,0.39933993399339934,0.2607260726072607,0.27722772277227725,1
18,19,122,6143.5,4584.75,5635.0,271,0.08365218338530249,0.062427663022017674,0.07672825805748833,18.96141975308642,12.700138504155124,0.37859446385380274,29,25,71,0.17343173431734318,0.3284132841328413,0.31365313653136534,1
22,24,79,5260.0,5713.0,5514.5,247,0.08621678768706256,0.09364192168368601,0.09038830336507728,10.867768595041323,9.918402777777779,0.8835923730171447,24,35,74,0.3117408906882591,0.21862348178137653,0.39271255060728744,1
20,20,97,7060.25,5315.5,4386.25,295,0.08112898592358518,0.06108014938236139,0.05040218328066647,17.650625,13.28875,0.4661760017004995,40,33,56,0.28135593220338984,0.2847457627118644,0.34915254237288135,1
28,24,113,7881.0,5654.0,5551.0,311,0.08148178782270654,0.058456798420198304,0.05739187973656187,10.052295918367347,9.815972222222221,0.4347247239407941,38,19,67,0.37942122186495175,0.06109324758842444,0.22186495176848875,1
16,17,142,6120.5,5690.25,5945.75,223,0.12307707776146715,0.11442518449998995,0.11956303163144241,23.908203125,19.689446366782008,0.2948695695298552,37,27,73,0.47085201793721976,0.3811659192825112,0.4349775784753363,1
17,19,106,6138.0,6339.5,4964.0,267,0.08610023986870345,0.08892676289469624,0.06963206104728639,21.238754325259517,17.560941828254848,0.44179423282306873,23,31,62,0.2883895131086142,0.21722846441947566,0.4307116104868914,1
17,15,122,6612.75,6122.75,6443.0,231,0.12392477652217912,0.11474204006671539,0.12074361425010775,22.881487889273355,27.212222222222223,0.43288094598226284,42,33,77,0.47186147186147187,0.341991341991342,0.48484848484848486,1
22,20,150,5772.75,8065.75,7816.25,279,0.07416078930126797,0.10361827314654232,0.10041302141544944,11.927169421487603,20.164375,0.3473888888888889,27,34,86,0.3763440860215054,0.3010752688172043,0.4659498207885305,1
20,20,102,7421.0,9030.5,9742.0,291,0.08763477049160968,0.10664139535432977,0.11504351625512216,18.5525,22.57625,0.9363706266820454,33,39,97,0.41580756013745707,0.3127147766323024,0.3402061855670103,1
19,18,150,5947.5,5746.5,6691.0,219,0.12400700569212485,0.11981610058172265,0.13950918454577677,16.475069252077564,17.73611111111111,0.2973777777777778,18,35,75,0.0821917808219178,0.5068493150684932,0.3698630136986301,1
21,18,109,6642.5,8129.75,9693.5,295,0.07632864119505889,0.09341855788566504,0.11138753231829934,15.062358276643991,25.09182098765432,0.81588250147294,32,34,94,0.4033898305084746,0.38305084745762713,0.488135593220339,1
18,20,119,6898.0,7158.0,7920.5,311,0.07131853475460345,0.07400667900455951,0.08189017896837295,21.290123456790123,17.895,0.5593178447849728,35,37,84,0.28938906752411575,0.37942122186495175,0.3633440514469453,1
20,21,100,6512.75,6597.75,10331.0,343,0.05535746160188357,0.056079949680830264,0.08781205110115683,16.281875,14.960884353741497,1.0331,36,33,101,0.23615160349854228,0.239067055393586,0.3236151603498542,1
18,20,124,5009.0,7750.0,8287.5,259,0.0746709202307658,0.11553196881382209,0.12354466987671621,15.459876543209877,19.375,0.5389893340270552,32,32,91,0.26640926640926643,0.2972972972972973,0.38223938223938225,1
20,24,129,6559.0,6689.5,6032.0,295,0.07536914679689745,0.07686871588623959,0.06931341568514794,16.3975,11.613715277777779,0.36247821645333816,30,26,66,0.33220338983050846,0.3016949152542373,0.4101694915254237,1
17,20,131,7581.0,7179.5,10594.5,375,0.05390933333333333,0.05105422222222222,0.07533866666666666,26.231833910034602,17.94875,0.6173591282559291,37,33,92,0.41333333333333333,0.14133333333333334,0.296,1
25,28,108,7114.0,10157.5,12679.75,359,0.05519820609709732,0.07881301355514002,0.09838339243177815,11.3824,12.955994897959183,1.0870841906721536,25,26,99,0.2618384401114206,0.19220055710306408,0.28133704735376047,1
17,19,90,8384.75,9083.5,13964.0,287,0.10179497140914665,0.11027813862011193,0.16952979883208488,29.012975778546714,25.162049861495845,1.7239506172839507,41,33,112,0.40069686411149824,0.30662020905923343,0.3902439024390244,1
22,21,139,10387.5,10484.5,18834.5,331,0.09481019705917251,0.09569554859849765,0.17190879966411404,21.46177685950413,23.77437641723356,0.9748201438848921,50,47,136,0.16012084592145015,0.4169184290030212,0.5830815709969789,1
23,23,114,5696.0,6822.0,10968.5,295,0.06545245619074978,0.0783912668773341,0.1260384946854352,10.767485822306238,12.896030245746692,0.843990458602647,27,28,103,0.3288135593220339,0.19661016949152543,0.46440677966101696,1
23,20,107,7305.5,7249.5,11585.0,299,0.08171608818693303,0.08108969698325522,0.12958468026084718,13.810018903591683,18.12375,1.0118787667045157,38,28,96,0.451505016722408,0.24414715719063546,0.35451505016722407,1
18,21,149,7897.5,7640.0,8332.25,291,0.093261770645127,0.09022094684758092,0.09839574402758589,24.375,17.324263038548754,0.37530967073555244,48,33,83,0.281786941580756,0.22336769759450173,0.5154639175257731,1
18,21,144,6640.75,7100.5,11230.5,331,0.06061235293580745,0.06480864541214483,0.10250454084938984,20.496141975308642,16.100907029478456,0.5415943287037037,37,21,95,0.3987915407854985,0.12386706948640483,0.47129909365558914,1
20,19,113,5858.0,5956.0,7120.0,319,0.057566258193217444,0.05852929904383801,0.06996786588182113,14.645,16.498614958448755,0.5576004385621427,22,32,71,0.13166144200626959,0.3448275862068966,0.3573667711598746,1
24,23,181,5685.75,6476.5,6684.25,299,0.06359828189841277,0.07244326126105972,0.07476706077113231,9.87109375,12.242911153119092,0.20403070724336864,31,18,65,0.17391304347826086,0.12040133779264214,0.2608695652173913,1
20,28,77,5655.5,6977.5,13782.75,295,0.0649870726802643,0.08017810973858087,0.15837690318873887,14.13875,8.899872448979592,2.3246331590487435,29,24,104,0.3254237288135593,0.1423728813559322,0.5627118644067797,1
17,19,90,7330.25,5863.0,14560.5,295,0.08423154266015513,0.06737144498707268,0.16731399023269175,25.364186851211073,16.240997229916896,1.7975925925925926,26,39,107,0.2440677966101695,0.45084745762711864,0.5084745762711864,1
18,21,74,6022.0,5333.0,9806.0,303,0.06559269788364976,0.058087987016523436,0.1068087006720474,18.58641975308642,12.09297052154195,1.7907231555880205,28,25,85,0.37293729372937295,0.18151815181518152,0.44224422442244227,1
17,18,85,10832.5,6974.0,24656.5,311,0.11199739456788081,0.0721042999968983,0.2549239565347753,37.482698961937714,21.52469135802469,3.4126643598615916,45,42,144,0.38263665594855306,0.3183279742765273,0.7234726688102894,1
18,18,109,10793.0,7868.0,20016.0,347,0.08963615676569027,0.06534395269456603,0.16623342108978564,33.31172839506173,24.28395061728395,1.6847066745223467,50,47,136,0.345821325648415,0.31988472622478387,0.41210374639769454,1
20,21,95,10772.75,7450.5,18912.75,415,0.0625504427347946,0.04326026999564523,0.10981419654521701,26.931875,16.89455782312925,2.095595567867036,53,38,124,0.363855421686747,0.3301204819277108,0.4433734939759036,1
19,20,80,12274.0,10152.5,27631.5,391,0.08028466585121762,0.06640785970787737,0.18073861369300306,34.0,25.38125,4.317421875,50,52,157,0.4398976982097187,0.24808184143222506,0.47570332480818417,1
17,20,103,12405.0,8846.0,21577.5,415,0.07202787051821745,0.05136304253157207,0.1252866889243722,42.92387543252595,22.115,2.0338863229333586,54,51,133,0.344578313253012,0.42891566265060244,0.42891566265060244,1
17,18,99,8302.5,7666.5,17812.5,383,0.056599336010198446,0.05226363258322028,0.12143037310227761,28.728373702422147,23.662037037037038,1.8174165901438628,38,35,127,0.33159268929503916,0.24281984334203655,0.38642297650130547,1
20,17,110,9043.5,9181.75,19594.25,343,0.07686848167005245,0.07804358728080987,0.1665483769517803,22.60875,31.77076124567474,1.6193595041322315,40,40,127,0.4198250728862974,0.3965014577259475,0.446064139941691,1
17,19,119,9045.5,9778.5,17943.0,375,0.06432355555555555,0.069536,0.12759466666666666,31.29930795847751,27.087257617728532,1.2670715344961514,46,46,126,0.2906666666666667,0.41333333333333333,0.4186666666666667,1
20,21,75,8906.5,8322.5,18329.5,367,0.06612640972907959,0.06179049514065737,0.1360875795350771,22.26625,18.8718820861678,3.2585777777777776,46,42,126,0.12534059945504086,0.2670299727520436,0.5177111716621253,1
17,18,106,7611.0,7371.0,12908.5,267,0.10676261414804528,0.10339603585405883,0.18107281628301702,26.335640138408305,22.75,1.1488519045923817,32,29,101,0.5355805243445693,0.37453183520599254,0.5205992509363296,1
20,19,84,6838.5,8751.5,11287.25,307,0.07255779902174028,0.09285509660579953,0.11975989135163238,17.09625,24.242382271468145,1.5996669501133787,33,30,101,0.36807817589576547,0.23778501628664495,0.36156351791530944,1
20,19,91,7838.0,10019.5,12416.5,287,0.09515715863977953,0.12164163702363753,0.15074239094805084,19.595,27.75484764542936,1.499396208187417,38,35,106,0.47038327526132406,0.23693379790940766,0.46689895470383275,1
17,17,93,7200.25,5972.75,10527.75,295,0.08273771904625107,0.06863257684573398,0.12097385808675667,24.914359861591695,20.66695501730104,1.2172216441207075,39,37,85,0.3050847457627119,0.36610169491525424,0.5389830508474577,1
20,20,94,7121.5,5914.5,9829.5,335,0.0634573401648474,0.052702160837603026,0.08758743595455558,17.80375,14.78625,1.1124377546401087,31,31,95,0.2835820895522388,0.28955223880597014,0.3283582089552239,1
17,20,90,7192.0,8411.0,12617.0,319,0.0706754060986036,0.08265445504662887,0.12398659604367096,24.885813148788927,21.0275,1.5576543209876543,30,41,106,0.27586206896551724,0.3981191222570533,0.48589341692789967,1
17,18,94,6099.25,7300.75,12947.75,215,0.13194699837750135,0.1579394267171444,0.2801027582477015,21.10467128027682,22.53317901234568,1.4653406518786782,42,35,100,0.3302325581395349,0.5302325581395348,0.6604651162790698,1
18,17,91,9066.0,10248.75,21478.5,427,0.049723302381957886,0.05621020243625534,0.11780078868419176,27.98148148148148,35.46280276816609,2.593708489312885,51,50,141,0.44028103044496486,0.38875878220140514,0.48711943793911006,1
20,21,95,12295.75,10108.25,23521.75,279,0.15795981552138333,0.12985765856039877,0.30217687337007487,30.739375,22.921201814058957,2.606288088642659,60,54,151,0.6415770609318996,0.3548387096774194,0.7060931899641577,1
17,18,97,11240.5,13269.5,24258.5,351,0.091237084114577,0.10770610628160486,0.19690181086192482,38.89446366782007,40.95524691358025,2.5782229779997876,60,60,153,0.396011396011396,0.17094017094017094,0.5327635327635327,1
19,20,67,10690.5,7913.5,22867.5,311,0.11052925424675096,0.08181780585395106,0.2364274562918084,29.613573407202217,19.78375,5.094118957451548,56,54,148,0.5176848874598071,0.1864951768488746,0.6109324758842444,1
16,16,75,10412.0,10676.0,26393.0,327,0.09737302322101582,0.09984195120126439,0.24682733402538132,40.671875,41.703125,4.692088888888889,53,53,158,0.5688073394495413,0.43730886850152906,0.5932721712538226,1
17,19,66,8582.5,9686.5,21802.0,303,0.09348212048927665,0.10550708536200154,0.23747127187966321,29.697231833910035,26.832409972299168,5.005050505050505,43,43,146,0.49504950495049505,0.5148514851485149,0.6666666666666666,1
19,19,109,8145.5,7299.5,13788.5,363,0.061816512229735374,0.0553961857493037,0.1046414558811253,22.56371191135734,20.2202216066482,1.1605504587155964,41,38,110,0.3856749311294766,0.3856749311294766,0.3856749311294766,1
17,16,79,6825.5,7293.5,12384.5,255,0.1049673202614379,0.11216455209534794,0.1904575163398693,23.61764705882353,28.490234375,1.9843775036051914,40,29,105,0.3411764705882353,0.27450980392156865,0.6823529411764706,1
20,23,76,6076.5,6027.0,8829.5,311,0.0628250328263769,0.06231325151725065,0.09128834482687317,15.19125,11.39319470699433,1.5286530470914128,34,31,89,0.4340836012861736,0.09967845659163987,0.38263665594855306,1
20,24,111,8439.5,11360.0,15374.5,351,0.06850187904318958,0.09220704377399534,0.12479200655838832,21.09875,19.72222222222222,1.2478289099910722,42,46,98,0.31054131054131057,0.31339031339031337,0.5726495726495726,1
23,21,102,5631.0,8090.5,8381.0,315,0.05674981103552532,0.08153691106072058,0.08446460065507684,10.64461247637051,18.34580498866213,0.8055555555555556,31,31,82,0.2857142857142857,0.09841269841269841,0.44126984126984126,1
17,19,105,10421.5,10821.0,17625.0,399,0.06546127222818952,0.0679706785761396,0.11070910358603275,36.06055363321799,29.975069252077564,1.598639455782313,42,36,126,0.2832080200501253,0.2957393483709273,0.3634085213032581,1
17,19,99,9098.25,8139.5,17740.5,295,0.10454754380925022,0.09353059465670785,0.20385521401896006,31.481833910034602,22.547091412742382,1.810070400979492,55,49,131,0.5830508474576271,0.4915254237288136,0.5694915254237288,1
17,18,103,10145.5,8397.5,15803.0,271,0.1381449054342942,0.11434348660829782,0.21517953186911942,35.10553633217993,25.91820987654321,1.489584315204072,44,39,121,0.5719557195571956,0.5129151291512916,0.6642066420664207,1
18,18,103,8706.75,8785.5,16728.5,327,0.0814255253485958,0.08216199534270403,0.15644493074844054,26.872685185185187,27.11574074074074,1.576821566594401,48,50,129,0.22935779816513763,0.22324159021406728,0.41896024464831805,1
20,20,73,9437.0,8506.5,20757.5,271,0.12849770564126306,0.11582767119184106,0.282641848558707,23.5925,21.26625,3.8951960968286734,49,46,138,0.45018450184501846,0.4095940959409594,0.7269372693726938,1
17,16,109,9792.75,7994.25,17299.25,311,0.10124740232214308,0.08265268142388933,0.1788572285232783,33.884948096885815,31.2275390625,1.456043262351654,56,53,130,0.45016077170418006,0.31511254019292606,0.5369774919614148,1
16,21,129,8117.0,7845.5,11248.0,255,0.12482891195693964,0.12065359477124182,0.17297962322183774,31.70703125,17.790249433106577,0.6759209182140496,30,1,101,0.11764705882352941,0.00392156862745098,0.40784313725490196,1
19,19,161,9532.75,8769.75,18987.5,299,0.1066291204796367,0.09809454032952651,0.21238576749700785,26.406509695290858,24.292936288088644,0.7325141776937618,46,42,133,0.3712374581939799,0.15384615384615385,0.5886287625418061,1
20,17,121,7233.0,7472.5,11270.5,275,0.09564297520661157,0.0988099173553719,0.1490314049586777,18.0825,25.856401384083046,0.7697903148692029,37,35,104,0.27636363636363637,0.3563636363636364,0.5163636363636364,1
21,23,113,7662.0,8113.25,12270.75,307,0.08129529225774279,0.08608314146569195,0.13019501533172767,17.374149659863946,15.33695652173913,0.9609797165009006,39,38,110,0.3941368078175896,0.46579804560260585,0.3583061889250814,1
16,16,98,8375.25,9331.75,15911.75,271,0.11404052232404242,0.12706458245394261,0.21666031235958116,32.7158203125,36.4521484375,1.656783631820075,47,43,118,0.39114391143911437,0.39114391143911437,0.5571955719557196,1
17,16,135,8481.0,7809.5,13562.0,287,0.1029634935473297,0.09481115468197987,0.16464932195364762,29.346020761245676,30.505859375,0.7441426611796982,37,36,114,0.49477351916376305,0.4529616724738676,0.5470383275261324,1
16,18,146,9647.0,10483.5,14864.0,343,0.081998147030574,0.08910827971338472,0.1263419153583966,37.68359375,32.35648148148148,0.6973165697128917,50,44,119,0.44314868804664725,0.30903790087463556,0.577259475218659,1
17,20,121,9442.5,10982.5,18537.0,427,0.051788250909070965,0.06023452111293322,0.10166786413571072,32.673010380622834,27.45625,1.2661020422102316,58,39,127,0.3981264637002342,0.22950819672131148,0.3864168618266979,1
21,20,123,7518.0,7499.5,12135.75,303,0.08188739666045812,0.08168589136141337,0.13218475312877823,17.047619047619047,18.74875,0.8021514971247273,30,31,106,0.18151815181518152,0.2145214521452145,0.3696369636963696,1
17,16,116,7129.25,8407.25,12631.5,295,0.08192186153404195,0.09660729675380637,0.1451479459925309,24.668685121107266,32.8408203125,0.9387262187871581,43,44,111,0.36610169491525424,0.5016949152542373,0.4610169491525424,1
19,19,113,8227.0,7823.5,16022.5,303,0.08960995109411932,0.08521495713927829,0.17451992724024878,22.789473684210527,21.67174515235457,1.2547967734356644,47,43,122,0.528052805280528,0.30363036303630364,0.4752475247524752,1
17,20,106,7552.0,8385.5,13578.0,323,0.07238639304507855,0.0803755427541719,0.1301459805039826,26.131487889273355,20.96375,1.208437166251335,37,35,109,0.2693498452012384,0.39009287925696595,0.4551083591331269,1
17,19,123,9079.5,7964.5,14530.25,259,0.1353512917219481,0.1187295955635724,0.21660753417510173,31.41695501730104,22.062326869806093,0.9604236896027497,43,43,114,0.305019305019305,0.583011583011583,0.5907335907335908,1
20,21,119,9472.0,9728.75,16405.75,319,0.09308084629671486,0.0956039150558662,0.16121844321498413,23.68,22.060657596371883,1.158516347715557,47,47,128,0.3448275862068966,0.45768025078369906,0.5736677115987461,1
22,20,110,9327.5,10627.5,15749.0,331,0.08513522147479487,0.09700075756884292,0.1437464061116638,19.27169421487603,26.56875,1.3015702479338842,45,44,122,0.33534743202416917,0.37462235649546827,0.5015105740181269,1
19,16,114,9867.0,8214.5,18089.0,351,0.0800886356441912,0.06667559516562366,0.14682510693906706,27.332409972299168,32.087890625,1.391889812249923,49,46,134,0.25925925925925924,0.3646723646723647,0.46153846153846156,1
17,15,90,10013.5,9110.0,15882.5,311,0.10352974018051922,0.09418843891192193,0.16420942711510428,34.64878892733564,40.48888888888889,1.9608024691358024,36,36,123,0.4694533762057878,0.3665594855305466,0.5241157556270096,1
19,16,93,8296.25,7164.0,13474.0,327,0.07758652937930777,0.06699772746401818,0.1260088469919292,22.98130193905817,27.984375,1.5578679616140594,45,42,119,0.3425076452599388,0.2966360856269113,0.3669724770642202,1
26,30,142,7781.5,8742.25,13447.25,319,0.07646839162350999,0.08590963139120095,0.13214541916844372,11.511094674556213,9.713611111111112,0.6668939694505058,27,37,108,0.23824451410658307,0.19435736677115986,0.36363636363636365,1
20,18,103,7959.0,8753.0,15670.75,279,0.10224688788684626,0.11244716794491334,0.20131742911833095,19.8975,27.015432098765434,1.477118484305778,46,30,121,0.33691756272401435,0.34767025089605735,0.6272401433691757,1
22,18,118,7447.0,7792.5,12860.5,283,0.09298405523854712,0.0972980059683602,0.16057760741175442,15.386363636363637,24.050925925925927,0.9236210858948578,30,35,104,0.36395759717314485,0.12367491166077739,0.5159010600706714,1
22,18,86,7649.0,9433.5,12102.0,287,0.09286260607752916,0.11452731003168667,0.14692420692250727,15.803719008264462,29.11574074074074,1.6362898864250945,44,43,108,0.5505226480836237,0.37282229965156793,0.5505226480836237,1
18,20,110,9855.0,9382.5,16629.0,311,0.10189100608968063,0.09700582086620278,0.17192750281738195,30.416666666666668,23.45625,1.374297520661157,49,46,128,0.49517684887459806,0.3504823151125402,0.4758842443729904,1
22,16,123,7525.0,7972.0,13399.5,291,0.0888629090350846,0.09414154296713549,0.15823502320473307,15.547520661157025,31.140625,0.8856831251239342,17,30,116,0.058419243986254296,0.2508591065292096,0.5670103092783505,1
23,24,105,7218.5,6719.0,11650.0,319,0.07093582020616936,0.06602725995224104,0.1144839378543843,13.645557655954631,11.664930555555555,1.056689342403628,42,41,108,0.36363636363636365,0.4012539184952978,0.47335423197492166,1
20,20,107,6047.0,6853.5,7138.0,307,0.06415983193455634,0.07271695190399897,0.07573555157083894,15.1175,17.13375,0.6234605642414185,38,25,82,0.3517915309446254,0.22149837133550487,0.3322475570032573,1
