SrcIPF0,DstIPF0,DstPortF0,SrcIPF2,DstIPF2,DstPortF2,Events_F1,SrcIP_BurstIndex,DstIP_BurstIndex,DstPort_BurstIndex,SrcIP_Concentration,DstIP_Concentration,DstPort_Concentration,SrcIP_MaxCount,DstIP_MaxCount,DstPort_MaxCount,SrcIP_FractionOfMass,DstIP_FractionOfMass,DstPort_FractionOfMass,Attack
32,51,58,453.0,361.0,4306.0,111,0.03676649622595569,0.02929956984011038,0.34948461975489004,0.4423828125,0.1387927720107651,1.2800237812128419,14,12,67,0.3783783783783784,0.3063063063063063,0.7837837837837838,1
32,94,39,652.5,530.5,4425.0,91,0.07879483154208429,0.06406231131505857,0.5343557541359739,0.63720703125,0.06003847894975102,2.9092702169625246,12,0,65,0.32967032967032966,0.0,0.9230769230769231,1
40,37,84,23134.0,15039.0,91832.0,503,0.09143548253224193,0.05944057326023976,0.36295942041587453,14.45875,10.985390796201607,13.014739229024944,72,66,299,0.49304174950298213,0.3956262425447316,0.9184890656063618,0
29,45,354,59440.0,31264.0,188079.0,863,0.07980998134992193,0.041978116704642646,0.25253333583970333,70.67776456599286,15.439012345679012,1.5008378818347219,98,98,425,0.2954808806488992,0.3128621089223638,0.7265353418308227,0
32,46,193,14358.0,6086.0,29337.0,407,0.08667725129641592,0.03674033649463625,0.17710339331960953,14.021484375,2.876181474480151,0.7875916131976697,58,70,158,0.14987714987714987,0.17444717444717445,0.7100737100737101,0
32,42,163,5566.0,2841.0,5883.0,243,0.09426069874172298,0.04811258446375045,0.09962912157699538,5.435546875,1.6105442176870748,0.22142346343483008,33,39,50,0.4156378600823045,0.51440329218107,0.2551440329218107,0
32,50,339,7293.5,4850.0,5102.5,323,0.0699086543530562,0.04648755379616406,0.04890778211235611,7.12255859375,1.94,0.0444000661323866,39,45,49,0.43962848297213625,0.3684210526315789,0.21671826625386997,0
38,42,394,6936.0,3310.0,4459.0,259,0.1033973852506671,0.04934333119661305,0.0664718772826881,4.803324099722992,1.8764172335600906,0.02872400731789018,40,34,43,0.42084942084942084,0.2471042471042471,0.16988416988416988,0
33,61,272,4208.5,1890.5,4321.0,227,0.08167245628675115,0.03668807855770537,0.0838556929107881,3.86455463728191,0.5080623488309595,0.058404519896193774,35,30,48,0.4977973568281938,0.21585903083700442,0.45374449339207046,0
29,51,731,4753.0,3106.0,5013.0,251,0.07544324693258837,0.04930080474913097,0.07957016555292773,5.651605231866825,1.194156093810073,0.009381298410625027,36,39,47,0.4103585657370518,0.3545816733067729,0.4940239043824701,0
29,38,222,5694.0,1539.0,5326.0,239,0.09968312879676476,0.026942805623150854,0.09324066455419198,6.7705112960761,1.0657894736842106,0.10806752698644591,40,38,48,0.41841004184100417,0.5313807531380753,0.2301255230125523,0
33,65,460,5539.0,1601.0,3325.0,223,0.11138369965211446,0.032194494158338194,0.06686239417643629,5.086317722681359,0.37893491124260353,0.015713610586011343,48,36,33,0.5964125560538116,0.6188340807174888,0.3542600896860987,1
32,53,278,4906.5,3517.5,4195.5,215,0.10614386154678204,0.07609518658734452,0.09076257436452136,4.79150390625,1.2522249911000356,0.05428678639821955,36,35,20,0.6,0.4325581395348837,0.2372093023255814,0
38,53,155,5860.5,2270.0,3310.5,239,0.10259799373260273,0.039740200626739726,0.05795591813868805,4.058518005540166,0.8081167675329298,0.1377939646201873,39,28,25,0.3891213389121339,0.3179916317991632,0.10460251046025104,0
33,58,189,3101.5,1357.5,5321.5,227,0.06018940790622756,0.02634438859671253,0.10327194395389004,2.8480257116620753,0.4035374554102259,0.1489739928893368,19,19,46,0.15418502202643172,0.22466960352422907,0.3876651982378855,0
29,51,405,8458.0,4948.5,9840.0,279,0.108657391349032,0.06357189655836898,0.12641153119821175,10.057074910820452,1.9025374855824684,0.05999085505258345,49,15,70,0.4946236559139785,0.07526881720430108,0.5448028673835126,0
32,48,229,4370.0,1284.0,4792.5,211,0.09815592641674716,0.028840322544417242,0.10764583005772557,4.267578125,0.5572916666666666,0.09138841745962129,40,31,37,0.46445497630331756,0.4028436018957346,0.17535545023696683,1
29,64,266,9711.5,3672.0,5455.5,259,0.1447727374368301,0.05473979219152964,0.08132705236952341,11.54756242568371,0.896484375,0.07710300186556616,43,34,46,0.4092664092664093,0.42857142857142855,0.33204633204633205,0
29,47,410,4759.0,1198.0,3867.0,259,0.07094408252709411,0.017859006275994693,0.05764672560039356,5.658739595719382,0.5423268447261205,0.023004164187983345,38,33,43,0.36293436293436293,0.39768339768339767,0.2972972972972973,0
40,58,320,4651.0,3674.0,4020.0,255,0.07152633602460592,0.056501345636293734,0.06182237600922722,2.906875,1.092152199762188,0.0392578125,38,29,48,0.3215686274509804,0.4666666666666667,0.396078431372549,0
29,56,332,5249.0,2211.0,4761.0,243,0.08889227590645057,0.037443479144439365,0.08062795305593659,6.241379310344827,0.7050382653061225,0.04319385977645522,42,40,32,0.448559670781893,0.4156378600823045,0.3497942386831276,0
32,54,391,4338.0,2124.0,5383.0,267,0.06085090266380507,0.02979421790178008,0.07550954565220441,4.236328125,0.7283950617283951,0.0352103923967007,30,25,44,0.3445692883895131,0.250936329588015,0.29213483146067415,1
29,32,161,4017.5,2452.0,6816.5,227,0.07796580566283064,0.0475848551301209,0.13228473286886996,4.77705112960761,2.39453125,0.26297210755757877,42,31,49,0.41409691629955947,0.41409691629955947,0.4185022026431718,1
32,93,309,5917.5,1528.5,5608.0,223,0.11899495264332684,0.030736592330430936,0.11277122001246757,5.77880859375,0.1767256330211585,0.05873419842691216,21,28,37,0.09417040358744394,0.21524663677130046,0.4439461883408072,1
29,55,188,8268.0,1204.0,5735.0,239,0.14474536510215158,0.021078062358852262,0.10040090334552966,9.83115338882283,0.39801652892561984,0.16226233589859665,52,28,46,0.2175732217573222,0.401673640167364,0.35564853556485354,1
33,58,263,4868.0,2125.0,3541.0,231,0.09122767564326006,0.039823091771143716,0.06635932609958584,4.470156106519743,0.6316884661117717,0.05119345371481444,32,29,32,0.22943722943722944,0.22943722943722944,0.20346320346320346,1
39,59,311,6135.0,2647.0,5516.0,291,0.072448365040564,0.031258487736328104,0.06513857890199691,4.03353057199211,0.7604136742315427,0.05703001416445239,29,35,44,0.38831615120274915,0.3436426116838488,0.2542955326460481,1
32,48,209,5124.5,2475.5,4041.0,235,0.09279311905839746,0.04482571299230421,0.07317338162064282,5.00439453125,1.0744357638888888,0.09251161832375633,30,24,34,0.4553191489361702,0.2765957446808511,0.14468085106382977,0
32,54,168,5131.0,2707.0,6302.0,231,0.09615636888364161,0.05072993384681696,0.11810123498435186,5.0107421875,0.928326474622771,0.22328514739229025,32,36,46,0.3939393939393939,0.5541125541125541,0.4935064935064935,0
29,50,561,3509.5,2705.5,3500.5,243,0.05943369066368609,0.04581788006570814,0.05928127487341022,4.173008323424495,1.0822,0.011122549813962207,44,40,39,0.4773662551440329,0.4732510288065844,0.42386831275720166,0
29,40,472,4690.0,2414.0,2915.0,195,0.12333990795529257,0.0634845496383958,0.07666009204470743,5.576694411414982,1.50875,0.013084422579718471,29,35,0,0.5794871794871795,0.5794871794871795,0.0,1
33,59,265,6898.0,3584.0,5070.0,239,0.12076119115561702,0.06274399957983928,0.08875895029848917,6.33425160697888,1.0295891985061765,0.07219651121395515,40,31,36,0.3807531380753138,0.3598326359832636,0.4351464435146444,1
42,53,200,6217.5,2324.5,4602.0,235,0.11258488003621549,0.04209144409234948,0.08333182435491172,3.5246598639455784,0.8275186899252402,0.11505,34,26,36,0.4595744680851064,0.5063829787234042,0.3404255319148936,1
32,72,318,6183.0,4193.0,5456.0,311,0.06392613806722429,0.043351495538714445,0.056409673183693304,6.0380859375,0.8088348765432098,0.05395356196352993,44,26,30,0.36012861736334406,0.2347266881028939,0.10932475884244373,1
29,48,198,4251.5,3826.5,5548.0,231,0.07967429396000825,0.0717096756057795,0.10397106501002605,5.055291319857313,1.6608072916666667,0.14151617181920212,28,34,47,0.43722943722943725,0.45021645021645024,0.2813852813852814,1
29,51,148,3495.0,2916.0,5335.0,247,0.05728662984149879,0.04779622678621187,0.08744611450769559,4.15576694411415,1.1211072664359862,0.24356281957633308,26,27,48,0.41700404858299595,0.15384615384615385,0.3967611336032389,1
37,61,202,5104.5,2814.5,6211.5,187,0.14597214675855757,0.08048557293602905,0.17762875689896765,3.72863403944485,0.7563826928245095,0.15222772277227722,28,25,41,0.5026737967914439,0.48128342245989303,0.5347593582887701,1
29,57,122,3396.0,2412.0,4903.5,287,0.041229103182022366,0.029282861270623656,0.05953089147616215,4.038049940546968,0.7423822714681441,0.3294477291050793,40,28,41,0.4181184668989547,0.3344947735191638,0.34494773519163763,1
32,54,286,5685.0,3203.0,5378.0,295,0.06532605573111175,0.03680551565642057,0.061798333812122956,5.5517578125,1.0984224965706446,0.065748936378307,41,28,28,0.20677966101694914,0.43389830508474575,0.3050847457627119,1
39,63,295,4246.0,3104.0,4254.0,295,0.048790577420281526,0.035667911519678255,0.04888250502729101,2.7915844838921764,0.782060972537163,0.04888250502729101,27,31,43,0.2271186440677966,0.21016949152542372,0.14576271186440679,1
29,51,369,4809.0,2220.0,4041.0,259,0.07168945006782845,0.03309431880860452,0.060240604642149045,5.718192627824019,0.8535178777393311,0.02967810165906537,42,33,46,0.33204633204633205,0.28957528957528955,0.25868725868725867,1
29,51,234,5072.5,1910.5,4614.0,223,0.10200285547668363,0.03841822678919745,0.09278288322709083,6.031510107015458,0.7345251826220685,0.08426473811089195,31,36,46,0.48878923766816146,0.452914798206278,0.32286995515695066,1
33,49,490,5047.0,2792.0,4912.0,199,0.12744627660917654,0.07050327011944142,0.12403727178606601,4.634527089072543,1.1628488129945855,0.02045814244064973,38,25,35,0.45226130653266333,0.25125628140703515,0.41708542713567837,1
32,54,469,3531.5,950.5,4315.0,239,0.06182489802349399,0.016640114843927804,0.07554139458342816,3.44873046875,0.325960219478738,0.019617113942926246,22,0,30,0.32217573221757323,0.0,0.301255230125523,1
39,78,284,6249.0,2291.0,5483.0,267,0.08765728232967218,0.03213679529801232,0.0769122866080321,4.108481262327416,0.37656147271531887,0.06798006347946836,29,33,42,0.2846441947565543,0.2958801498127341,0.33707865168539325,1
29,53,212,7834.0,3407.0,4568.0,327,0.07326356741389146,0.03186226374510189,0.04271993565824052,9.315101070154578,1.212887148451406,0.1016375934496262,47,22,28,0.30275229357798167,0.12232415902140673,0.1651376146788991,1
29,51,232,8355.0,3288.0,5260.0,255,0.1284890426758939,0.05056516724336794,0.08089196462898884,9.9346016646849,1.2641291810841984,0.09772592152199762,32,39,43,0.45098039215686275,0.3411764705882353,0.41568627450980394,1
33,55,134,4267.0,2424.0,4761.0,239,0.07470107316048388,0.04243623185868595,0.0833493811382854,3.918273645546373,0.8013223140495868,0.2651481398975273,30,32,44,0.5439330543933054,0.4476987447698745,0.4811715481171548,1
29,52,315,12849.5,6625.5,8618.0,343,0.10921894788735986,0.056315820788956986,0.0732517913454428,15.27883472057075,2.450258875739645,0.08685311161501638,45,51,68,0.27696793002915454,0.4402332361516035,0.46938775510204084,1
32,61,618,7864.0,3929.0,9834.0,399,0.04939667464400349,0.024679493219263698,0.06177096877532176,7.6796875,1.055898951894652,0.02574857825117039,50,13,68,0.23308270676691728,0.03258145363408521,0.3483709273182957,1
39,94,344,8066.5,3257.0,5859.0,327,0.07543790739649674,0.03045946375632429,0.05479336756165306,5.303418803418803,0.36860570393843367,0.049511560302866416,43,39,39,0.45565749235474007,0.42201834862385323,0.3211009174311927,1
29,55,380,7063.5,1918.5,6432.5,335,0.06294052127422589,0.017095121407885945,0.05731788817108487,8.398929845422117,0.6342148760330578,0.04454639889196676,33,31,48,0.18208955223880596,0.2417910447761194,0.4716417910447761,1
32,56,356,15345.5,2817.5,8096.5,291,0.18121538479706192,0.033271926406159585,0.09561176651196844,14.98583984375,0.8984375,0.06388476833733114,77,45,67,0.5979381443298969,0.2920962199312715,0.40893470790378006,1
37,60,312,10179.0,3625.0,8345.0,335,0.09070171530407663,0.03230118066384496,0.07435954555580307,7.435354273192111,1.0069444444444444,0.08572690664036818,44,38,60,0.42686567164179107,0.2955223880597015,0.5194029850746269,1
34,61,251,10277.0,2072.0,9679.0,319,0.10099153899824098,0.020361435127406374,0.09511502441996443,8.890138408304498,0.5568395592582639,0.15363248202409485,61,35,60,0.45141065830721006,0.2507836990595611,0.5266457680250783,1
32,62,446,6745.5,2985.5,6231.5,279,0.08665741704243266,0.03835382382035174,0.0800542130753716,6.58740234375,0.7766649323621228,0.0313272939331175,44,0,41,0.27598566308243727,0.0,0.3118279569892473,1
38,58,262,8280.0,3655.0,10395.0,303,0.09018723654543673,0.039810911784247734,0.11322419370649936,5.734072022160665,1.0865041617122473,0.15143348289726705,48,19,66,0.39603960396039606,0.0627062706270627,0.46204620462046203,1
29,51,300,9254.0,4306.0,8338.0,363,0.07022896128831516,0.03267839932002216,0.06327740212037733,11.003567181926279,1.6555171088043061,0.09264444444444445,44,41,66,0.41046831955922863,0.21487603305785125,0.47107438016528924,0
29,55,217,10261.0,2409.0,7987.0,279,0.1318199920350458,0.03094770108297684,0.10260659549594686,12.200951248513674,0.7963636363636364,0.1696149843912591,48,32,61,0.3763440860215054,0.20430107526881722,0.5878136200716846,1
37,62,230,8221.0,1816.5,6112.0,271,0.11194019689274383,0.024734140330333193,0.08322326765703081,6.005113221329437,0.47255463059313213,0.11553875236294896,42,41,56,0.3948339483394834,0.3985239852398524,0.3726937269372694,1
32,62,161,11006.0,4307.0,11188.0,351,0.08933369047329161,0.03495913182522869,0.09081095120981161,10.748046875,1.1204474505723205,0.43161915049573707,42,50,72,0.17663817663817663,0.2535612535612536,0.5213675213675214,1
32,95,307,6534.0,2669.0,6389.0,279,0.0839403399236906,0.03428784316748243,0.08207756837656248,6.380859375,0.2957340720221607,0.06778851765005464,46,38,51,0.41935483870967744,0.30824372759856633,0.5232974910394266,1
39,59,235,6737.0,3439.0,7071.0,279,0.08654822008966997,0.044179802417749,0.09083901799822716,4.429322813938199,0.9879345015800057,0.12803983703033048,40,24,58,0.27598566308243727,0.15053763440860216,0.4157706093189964,1
29,55,309,7429.0,2470.0,7149.0,291,0.08772924268726161,0.029168290407529433,0.08442271583944451,8.833531510107015,0.8165289256198347,0.07487353504885788,40,44,55,0.46048109965635736,0.3848797250859107,0.5429553264604811,1
46,70,305,7744.5,2376.0,9995.5,295,0.08899166906061477,0.027302499281815572,0.11485779948290721,3.6599716446124764,0.48489795918367345,0.1074496103198065,33,44,79,0.38305084745762713,0.3593220338983051,0.39322033898305087,1
33,65,644,7649.0,3159.0,9703.0,383,0.05214433256754085,0.02153535711607551,0.06614674583642945,7.023875114784206,0.7476923076923077,0.0233956058794028,48,49,73,0.3629242819843342,0.46736292428198434,0.4856396866840731,1
32,95,346,7006.0,1345.0,5769.0,307,0.07433500620696241,0.014270708442529895,0.06121019851669514,6.841796875,0.1490304709141274,0.0481890474122089,24,33,46,0.17263843648208468,0.20195439739413681,0.28664495114006516,1
29,53,150,11714.0,4447.0,8739.0,319,0.11511286249152426,0.04370043533377227,0.08587769381197119,13.928656361474435,1.58312566749733,0.3884,71,48,68,0.5893416927899686,0.15047021943573669,0.5830721003134797,1
29,54,312,6673.0,4221.0,8237.0,351,0.05416352139998864,0.034261085543136824,0.06685822355338025,7.934601664684899,1.4475308641975309,0.08461743918474687,51,44,72,0.29914529914529914,0.3333333333333333,0.23646723646723647,0
38,41,164,7141.0,2334.0,5711.0,291,0.08432824364379259,0.027562263081446842,0.06744133867101239,4.945290858725762,1.388459250446163,0.21233640690065436,46,27,53,0.5292096219931272,0.15807560137457044,0.30927835051546393,0
37,64,167,12859.0,2456.5,10261.5,303,0.14006252110359552,0.02675663605964557,0.11177008789987909,9.39298758217677,0.5997314453125,0.36794076517623436,57,32,65,0.19471947194719472,0.10891089108910891,0.39603960396039606,1
32,47,250,9819.0,3215.0,8541.0,287,0.11920746882929258,0.03903167453775085,0.10369192293217108,9.5888671875,1.4554096876414668,0.136656,51,33,57,0.5400696864111498,0.39372822299651566,0.5470383275261324,0
32,60,242,6632.5,3231.5,7583.0,283,0.08281411929228732,0.0403488618911461,0.09468216609022463,6.47705078125,0.8976388888888889,0.12948227580083327,52,47,59,0.607773851590106,0.4134275618374558,0.4452296819787986,0
29,50,330,9300.0,2581.0,7933.0,295,0.10686584314852055,0.029658144211433497,0.09115771330077564,11.058263971462544,1.0324,0.07284664830119375,45,31,61,0.5152542372881356,0.18305084745762712,0.5525423728813559,0
30,41,250,8977.0,2991.0,10060.0,327,0.08395290332837678,0.027971831776225347,0.09408111924735105,9.974444444444444,1.7792980368828077,0.16096,57,53,67,0.44036697247706424,0.5137614678899083,0.5657492354740061,1
38,58,153,8444.0,4276.0,9238.0,319,0.08297874431265416,0.042020027318913925,0.09078134059217186,5.847645429362881,1.2711058263971462,0.39463454227006706,52,37,72,0.4952978056426332,0.26959247648902823,0.5642633228840125,0
37,49,414,4190.5,2542.5,8393.5,343,0.03561866229207218,0.021610893420258567,0.0713435728310483,3.0609934258582907,1.0589337775926697,0.04897138789703377,45,43,60,0.4314868804664723,0.4518950437317784,0.40524781341107874,0
32,54,330,11874.0,3718.0,9316.5,327,0.11104564711163482,0.03477073572183412,0.08712790730297675,11.595703125,1.275034293552812,0.08555096418732783,46,38,60,0.43730886850152906,0.4434250764525994,0.4525993883792049,1
29,40,267,6467.0,3207.0,9131.0,299,0.07233699846757866,0.035872081967763224,0.10213532287110882,7.689655172413793,2.004375,0.12808427667662614,35,37,61,0.44481605351170567,0.2976588628762542,0.36789297658862874,1
29,42,276,7658.0,4570.0,8792.0,299,0.08565899710294068,0.05111799644299281,0.09834341897741636,9.105826397146254,2.590702947845805,0.11541692921655114,49,34,62,0.42474916387959866,0.28762541806020064,0.49498327759197325,1
29,41,165,5088.0,2810.5,8702.5,319,0.049999508652627235,0.027618635823154252,0.0855190102298523,6.049940546967895,1.6719214753123142,0.3196510560146924,44,44,54,0.48589341692789967,0.3981191222570533,0.2476489028213166,1
42,68,229,7277.0,4577.0,9895.0,331,0.06641962012029828,0.04177581438650615,0.09031498434661969,4.125283446712018,0.9898356401384083,0.18868824011746535,52,34,78,0.48036253776435045,0.27492447129909364,0.4169184290030212,1
32,64,252,8088.0,1922.0,7579.0,279,0.10390411222877403,0.024691358024691357,0.09736514176333809,7.8984375,0.46923828125,0.11934681279919375,36,39,49,0.32616487455197135,0.2939068100358423,0.5663082437275986,1
29,56,499,6206.5,3321.0,5656.0,255,0.0954479046520569,0.05107266435986159,0.08698193002691272,7.3799048751486325,1.0589923469387754,0.022714768213782273,37,35,48,0.4392156862745098,0.47058823529411764,0.3843137254901961,1
29,46,484,5669.5,2950.0,4359.5,251,0.08999063506928462,0.04682465357692735,0.069197314328344,6.741379310344827,1.39413988657845,0.01860998224165016,35,36,42,0.38645418326693226,0.30677290836653387,0.4302788844621514,1
29,40,395,5198.0,2643.0,4474.0,231,0.09741196754183767,0.04953055602406252,0.083844005921928,6.1807372175980975,1.651875,0.02867489184425573,38,43,57,0.29004329004329005,0.4458874458874459,0.4155844155844156,1
29,51,277,4617.0,2604.0,4848.0,271,0.06286679102953391,0.03545703353712504,0.06601217303685952,5.4898929845422115,1.0011534025374855,0.0631834117478398,35,33,55,0.4797047970479705,0.5350553505535055,0.34317343173431736,1
42,65,559,5075.5,3015.0,5426.5,291,0.059936703628913214,0.03560420873631629,0.06408167121314108,2.877267573696145,0.7136094674556213,0.017365855844035317,37,36,48,0.4845360824742268,0.36082474226804123,0.21649484536082475,1
32,92,172,4370.5,3004.5,4611.0,235,0.07913988229968312,0.05440470801267542,0.08349479402444546,4.26806640625,0.35497400756143666,0.15586127636560304,28,19,44,0.502127659574468,0.1702127659574468,0.44680851063829785,1
29,50,321,5056.0,2447.5,4095.5,283,0.0631297681329521,0.0305597522755934,0.051136860242979684,6.011890606420928,0.979,0.03974631457381043,40,33,14,0.45936395759717313,0.35335689045936397,0.10247349823321555,1
32,59,460,5617.0,2999.0,4991.0,283,0.07013447539612182,0.03744584150132977,0.06231817103472387,5.4853515625,0.8615340419419707,0.02358695652173913,11,23,49,0.038869257950530034,0.0812720848056537,0.4275618374558304,1
29,46,511,3780.0,2379.0,4004.0,247,0.061958071759904275,0.03899424675047944,0.06562966119752824,4.494649227110583,1.1242911153119093,0.015333887354904431,34,31,40,0.5951417004048583,0.43724696356275305,0.2793522267206478,1
32,61,329,5564.0,2132.0,2885.0,267,0.07804850678225252,0.029906437178246294,0.04046907657562878,5.43359375,0.5729642569201827,0.026653486202086085,37,31,47,0.38202247191011235,0.3445692883895131,0.3295880149812734,1
54,101,508,5450.0,2996.0,5063.0,375,0.03875555555555556,0.02130488888888889,0.03600355555555555,1.8689986282578874,0.2936966964023135,0.019619164238328476,37,34,54,0.296,0.2,0.192,1
29,54,259,5160.5,1728.0,7004.0,275,0.06823801652892562,0.022849586776859505,0.09261487603305785,6.1361474435196195,0.5925925925925926,0.1044110851060658,25,29,50,0.23272727272727273,0.21818181818181817,0.2290909090909091,1
29,50,444,7127.0,3768.0,4409.0,295,0.08189600689457052,0.043297902901465096,0.05066360241309968,8.474435196195007,1.5072,0.022365270676081486,36,8,51,0.4101694915254237,0.02711864406779661,0.2,1
29,57,359,5383.0,2129.0,4873.0,295,0.06185578856650388,0.024464234415397874,0.055995403619649525,6.400713436385256,0.6552785472453062,0.03781007285790768,28,31,46,0.3864406779661017,0.46440677966101696,0.15593220338983052,1
29,55,228,4306.5,1267.0,3565.0,203,0.10450387051372273,0.030745710888398167,0.08651022834817637,5.120689655172414,0.41884297520661157,0.06857879347491536,28,26,0,0.5714285714285714,0.3891625615763547,0.0,1
42,49,192,5641.0,1244.0,5639.0,247,0.09246176793587832,0.020390434198233047,0.0924289858873281,3.197845804988662,0.5181174510620574,0.15296766493055555,33,24,55,0.4898785425101215,0.1902834008097166,0.38461538461538464,0
32,64,507,5363.0,3474.0,3442.0,283,0.06696300365843,0.04337674337299754,0.04297718787848519,5.2373046875,0.84814453125,0.013390443067275111,32,28,40,0.4028268551236749,0.43462897526501765,0.2226148409893993,1
29,55,173,5760.0,3115.0,4820.0,263,0.08327429918026862,0.04503462533794041,0.06968439618904422,6.848989298454221,1.0297520661157025,0.1610478131578068,31,27,47,0.4790874524714829,0.10266159695817491,0.33460076045627374,1
32,54,447,7765.0,3077.0,2801.0,319,0.07630624699049735,0.03023751731999489,0.02752527982232879,7.5830078125,1.0552126200274348,0.014018387560119914,38,31,46,0.4231974921630094,0.2445141065830721,0.23510971786833856,1
29,45,416,6636.5,1869.0,2984.0,295,0.07625969548980178,0.021476587187589772,0.03428899741453605,7.891200951248513,0.922962962962963,0.017242973372781065,29,45,51,0.22372881355932203,0.26101694915254237,0.2745762711864407,0
32,59,837,6230.0,2071.0,3667.0,263,0.09006925067588081,0.02994115861151672,0.053015079009382814,6.083984375,0.5949439816144786,0.005234316676872656,33,24,40,0.4714828897338403,0.17110266159695817,0.2623574144486692,1
37,64,406,7868.0,2913.0,4290.0,329,0.07268964625234431,0.026912168217218983,0.039633780175718995,5.747260774287802,0.711181640625,0.026025868135601447,30,27,30,0.19148936170212766,0.22492401215805471,0.16717325227963525,1
39,41,373,13696.0,3981.0,4385.0,311,0.14160316787460842,0.04115962407336566,0.045336586677143534,9.004602235371467,2.3682331945270674,0.03151751252434791,56,50,49,0.4790996784565916,0.5594855305466238,0.15755627009646303,1
29,46,309,10762.0,6069.5,6439.0,347,0.08937870092767151,0.05040736157596193,0.05347606906460481,12.79667063020214,2.868383742911153,0.0674375006545805,64,64,62,0.5936599423631124,0.44668587896253603,0.1786743515850144,0
32,59,457,13790.0,2594.5,3903.0,351,0.11193090965170738,0.021059082312643567,0.031679937662843646,13.466796875,0.7453318012065498,0.018688143108178637,68,66,66,0.38461538461538464,0.34472934472934474,0.32763532763532766,0
29,41,393,8191.0,3683.0,4335.0,287,0.09944275152059634,0.044713423739513654,0.05262902305479003,9.739595719381688,2.190957763236169,0.02806751743293903,39,33,50,0.4564459930313589,0.22996515679442509,0.17421602787456447,1
34,50,329,6484.0,2685.0,3789.0,319,0.06371792730024273,0.026385353917512604,0.037234303908177,5.608996539792387,1.074,0.035005219833519646,26,24,47,0.21630094043887146,0.13479623824451412,0.2413793103448276,1
39,95,519,7225.0,2098.0,4069.0,283,0.09021213899536765,0.026195857108966276,0.05080597834908664,4.750164365548981,0.23246537396121883,0.015106121524645364,41,32,45,0.5229681978798587,0.1978798586572438,0.15901060070671377,1
29,55,397,4800.0,1558.0,2658.0,259,0.07155528391049626,0.023225652569281913,0.039623738465437305,5.707491082045184,0.5150413223140495,0.016864519158169902,36,21,34,0.2857142857142857,0.08108108108108109,0.13127413127413126,0
29,41,415,5557.0,2200.0,4055.0,319,0.05460834700916854,0.021619284401686305,0.03984827193128998,6.6076099881093935,1.3087447947650208,0.02354478153578168,40,27,57,0.34796238244514105,0.2946708463949843,0.26332288401253917,0
29,57,308,5454.0,1729.0,3072.0,255,0.08387543252595156,0.026589773164167628,0.04724336793540946,6.48513674197384,0.5321637426900585,0.03238320121437004,32,32,48,0.2980392156862745,0.3411764705882353,0.26666666666666666,0
32,59,188,4680.0,3411.0,3171.0,239,0.08193133873706693,0.059715341117977626,0.055513734003256245,4.5703125,0.9798908359666763,0.0897181982797646,34,28,51,0.49372384937238495,0.39748953974895396,0.26778242677824265,0
37,63,304,6739.0,2602.0,5782.0,263,0.09742803857219275,0.037618008067197735,0.0835923607396377,4.922571219868517,0.655580750818846,0.06256492382271468,42,40,61,0.49049429657794674,0.38783269961977185,0.33079847908745247,1
38,42,272,4846.0,1542.0,4761.0,255,0.07452518262206843,0.023713956170703574,0.07321799307958478,3.35595567867036,0.8741496598639455,0.06435175173010381,35,20,55,0.3803921568627451,0.0784313725490196,0.4549019607843137,0
32,55,173,4976.0,1806.5,5417.0,207,0.11612873112558053,0.04215967700529767,0.1264206865971201,4.859375,0.5971900826446281,0.18099502155100405,32,24,56,0.6038647342995169,0.33816425120772947,0.2753623188405797,1
28,50,467,6399.5,3622.5,2746.0,295,0.07353634013214594,0.04162596954898018,0.03155415110600402,8.162627551020408,1.449,0.012591189835342452,46,30,48,0.37966101694915255,0.3288135593220339,0.3389830508474576,1
29,54,502,4265.5,4332.5,3434.5,227,0.08277862950959654,0.0840788682101341,0.06665178831337694,5.071938168846611,1.4857681755829903,0.013628751924572627,37,33,43,0.6167400881057269,0.6123348017621145,0.29955947136563876,1
32,59,463,6819.0,2830.0,3643.0,287,0.08278599958722335,0.03435758598501864,0.044227804149619396,6.6591796875,0.8129847744900891,0.016994061641375385,44,29,6,0.3240418118466899,0.313588850174216,0.03484320557491289,1
43,102,342,4890.0,2355.0,4367.0,315,0.04928193499622071,0.023733938019652304,0.04401108591584782,2.6446727961060033,0.22635524798154555,0.03733627440921993,30,32,53,0.273015873015873,0.10158730158730159,0.16825396825396827,0
29,55,275,4366.0,2494.0,4007.0,263,0.06312076219115499,0.0360566149575677,0.057930575835995896,5.191438763376932,0.8244628099173553,0.052985123966942146,29,23,43,0.3688212927756654,0.34220532319391633,0.19011406844106463,0
28,55,348,5622.0,2818.0,4631.0,275,0.0743404958677686,0.03726280991735537,0.06123636363636364,7.170918367346939,0.9315702479338843,0.03823985995507993,46,31,58,0.33454545454545453,0.4218181818181818,0.29454545454545455,1
32,61,433,7085.0,2288.5,4300.0,275,0.09368595041322314,0.03026115702479339,0.056859504132231405,6.9189453125,0.6150228433216878,0.022934678834491625,31,30,59,0.2,0.20363636363636364,0.2690909090909091,1
32,60,437,5709.0,2219.0,3350.0,275,0.0754909090909091,0.029342148760330578,0.044297520661157025,5.5751953125,0.6163888888888889,0.017542114165126278,23,26,27,0.10909090909090909,0.1781818181818182,0.15272727272727274,0
37,77,390,9940.0,4894.0,11662.0,287,0.1206764680887227,0.05941555682356226,0.14158239143367043,7.260774287801315,0.8254343059537864,0.0766732412886259,61,56,63,0.28222996515679444,0.2613240418118467,0.6411149825783972,1
29,55,228,4477.5,1973.5,4042.0,247,0.07339081119179137,0.03234768640692357,0.0662525201199823,5.324019024970274,0.652396694214876,0.07775469375192366,34,26,0,0.4534412955465587,0.2793522267206478,0.0,1
39,59,356,4547.0,1889.0,4757.0,263,0.06573754138414607,0.027309922074917954,0.06877358354176004,2.98948060486522,0.5426601551278368,0.037534717838656736,21,19,47,0.16730038022813687,0.07224334600760456,0.3650190114068441,1
29,55,529,6153.0,2554.0,3411.0,239,0.1077187024036694,0.044712102379160026,0.059715341117977626,7.316290130796671,0.844297520661157,0.012189064504486476,28,39,42,0.5188284518828452,0.4225941422594142,0.1799163179916318,1
29,54,466,3798.0,2745.0,4417.0,227,0.07370606842748743,0.05327097362650158,0.08571872149663297,4.516052318668252,0.941358024691358,0.020340216250069074,27,37,47,0.3788546255506608,0.28193832599118945,0.36123348017621143,1
32,60,413,5364.0,2143.0,3894.0,223,0.1078646262744073,0.04309356713386555,0.07830440990166704,5.23828125,0.5952777777777778,0.02282947077135939,31,27,44,0.5291479820627802,0.43946188340807174,0.3632286995515695,1
37,79,326,6315.0,2042.0,4780.5,299,0.07063679377188174,0.022840907819823043,0.053472556235388866,4.612856099342586,0.32719115526357956,0.04498193383266213,38,25,42,0.1939799331103679,0.14381270903010032,0.14046822742474915,1
29,50,359,6829.0,3661.0,2973.0,251,0.10839510483960572,0.05811018872716306,0.04718972714718814,8.120095124851368,1.4644,0.023067791218255602,41,41,35,0.6055776892430279,0.36254980079681276,0.2589641434262948,0
38,42,231,7560.0,4325.0,4577.0,219,0.15762807280915744,0.09017743583328121,0.09543170492691978,5.2354570637119116,2.451814058956916,0.08577425460542344,44,30,48,0.3470319634703196,0.1415525114155251,0.5114155251141552,1
29,52,197,4648.0,3915.0,4549.0,263,0.06719773308852231,0.05660050022408883,0.06576645607136145,5.526753864447087,1.4478550295857988,0.11721507897652607,52,39,48,0.6159695817490495,0.311787072243346,0.3193916349809886,1
32,61,477,3919.5,1222.0,4586.5,195,0.10307692307692308,0.032136752136752135,0.12061801446416831,3.82763671875,0.32840634238108035,0.020157869985804006,36,31,49,0.517948717948718,0.2923076923076923,0.5282051282051282,1
32,71,362,4060.5,1931.0,4571.5,199,0.10253528951289109,0.04876139491426984,0.1154390040655539,3.96533203125,0.3830589168815711,0.0348852293886023,26,26,40,0.23618090452261306,0.46733668341708545,0.2562814070351759,1
33,60,304,4691.0,2926.0,2696.0,219,0.09780863618356582,0.06100790225391464,0.05621233919226038,4.307621671258035,0.8127777777777778,0.029172437673130193,34,25,36,0.3561643835616438,0.3105022831050228,0.273972602739726,0
38,42,211,5475.0,3861.0,3371.0,207,0.1277742771126514,0.09010712035286704,0.07867161427337861,3.791551246537396,2.188775510204082,0.07571707733429169,35,35,40,0.37681159420289856,0.6086956521739131,0.2995169082125604,0
29,50,217,5134.0,1641.0,4676.0,291,0.06062753155961786,0.019378609133099516,0.0552189983585456,6.104637336504162,0.6564,0.09930132302660918,31,30,46,0.21649484536082475,0.1134020618556701,0.2268041237113402,0
33,53,708,6235.0,1338.5,5255.5,243,0.10559027248556284,0.02266761503158394,0.08900235397720538,5.725436179981634,0.4765040939836241,0.010484495196144148,33,34,51,0.5720164609053497,0.49794238683127573,0.3292181069958848,0
29,56,336,4823.5,2647.5,4688.5,215,0.10434829637641968,0.057274202271498105,0.10142779881016765,5.735434007134364,0.8442283163265306,0.04152937216553288,36,25,50,0.5534883720930233,0.4,0.3627906976744186,0
37,72,323,6113.5,2566.0,4416.0,215,0.13225527312060573,0.055511087074094106,0.09553272038939968,4.465668371073776,0.4949845679012346,0.04232763661110525,47,29,43,0.5767441860465117,0.13488372093023257,0.42790697674418604,0
29,55,155,5397.0,3784.0,4558.0,235,0.0977274784970575,0.068519692168402,0.0825350837483024,6.417360285374554,1.250909090909091,0.18971904266389178,43,30,52,0.4851063829787234,0.3659574468085106,0.37872340425531914,1
29,54,296,4357.0,2011.5,4888.5,227,0.08455432863047993,0.03903627083778067,0.09486890876981893,5.1807372175980975,0.6898148148148148,0.05579460372534697,25,27,50,0.11894273127753303,0.41409691629955947,0.4845814977973568,0
38,53,259,5160.5,1226.5,2586.0,247,0.08458588077168942,0.020103591273418677,0.042387188775426576,3.5737534626038783,0.4366322534709861,0.038550409206779865,32,29,37,0.44129554655870445,0.44534412955465585,0.29554655870445345,0
33,51,283,4822.0,1253.0,3854.0,195,0.1268113083497699,0.03295200525969757,0.10135437212360289,4.4279155188246095,0.4817377931564783,0.048121464870331754,31,31,43,0.28205128205128205,0.4153846153846154,0.37435897435897436,1
32,72,531,5279.0,2325.0,4867.0,191,0.14470546311778734,0.06373180559743429,0.1334119130506291,5.1552734375,0.44849537037037035,0.017261252442713707,31,26,54,0.6858638743455497,0.5759162303664922,0.5340314136125655,0
33,57,206,4394.0,1291.0,4479.0,207,0.10254615043524937,0.030129057854325656,0.10452986067352797,4.034894398530763,0.39735303170206215,0.10554717692525215,37,22,48,0.6376811594202898,0.10628019323671498,0.3140096618357488,0
29,50,248,4493.0,3547.0,4644.0,271,0.06117836086109939,0.048297272640623085,0.0632344330823382,5.342449464922711,1.4188,0.07550728407908429,38,28,44,0.2915129151291513,0.35424354243542433,0.36531365313653136,0
29,40,523,6333.5,1721.0,3663.5,263,0.09156558573927627,0.024881088348826786,0.052964478306755915,7.530915576694412,1.075625,0.013393461022414442,36,30,43,0.4790874524714829,0.38022813688212925,0.2889733840304182,0
32,54,187,3608.0,1609.0,4786.0,223,0.07255323855295703,0.03235536608417623,0.09624162963260874,3.5234375,0.5517832647462277,0.13686407961337185,33,28,46,0.27802690582959644,0.3183856502242152,0.2825112107623318,0
39,67,310,2771.5,3172.0,5495.5,231,0.05193868180881168,0.05944416334026724,0.10298720038979779,1.8221564760026299,0.7066161728670083,0.05718522372528616,36,28,50,0.36796536796536794,0.329004329004329,0.47619047619047616,0
29,42,589,4856.0,1556.5,2948.5,183,0.14500283675236644,0.046477947982919765,0.08804383528919944,5.774078478002378,0.8823696145124716,0.008499053098544049,24,26,37,0.28415300546448086,0.28415300546448086,0.5136612021857924,1
33,60,311,2836.0,2151.0,5909.0,237,0.050490484074845556,0.03829514500881269,0.10520037743239154,2.604224058769513,0.5975,0.06109324758842444,38,37,56,0.22362869198312235,0.3291139240506329,0.42616033755274263,1
29,56,380,3669.0,3381.0,3467.5,215,0.07937263385613845,0.07314223904813413,0.07501352082206598,4.362663495838288,1.078125,0.02401315789473684,37,45,20,0.49767441860465117,0.49767441860465117,0.15813953488372093,0
29,48,208,5378.0,2239.5,4647.5,195,0.14143326758711375,0.05889546351084812,0.12222222222222222,6.394768133174792,0.9720052083333334,0.107421875,39,27,47,0.5948717948717949,0.46153846153846156,0.5897435897435898,1
33,53,480,4156.5,1870.5,3259.0,239,0.07276658321808091,0.03274627545035976,0.05705432327865408,3.816804407713499,0.6658953364186543,0.014144965277777777,40,32,37,0.33472803347280333,0.5564853556485355,0.3598326359832636,0
32,50,295,4413.0,1241.0,4864.0,259,0.0657861391452125,0.01850002236102622,0.07250935436263621,4.3095703125,0.4964,0.05589198506176386,28,32,50,0.20463320463320464,0.5328185328185329,0.3436293436293436,0
40,58,313,5527.0,1734.0,5568.0,263,0.0799057381196779,0.0250690338157267,0.08049848920759299,3.454375,0.5154577883472057,0.05683430472904694,37,29,44,0.44866920152091255,0.11787072243346007,0.3041825095057034,1
29,53,265,6887.0,1975.0,4134.0,247,0.11288498418266157,0.03237227294333623,0.06776049435329214,8.189060642092747,0.7030971876112495,0.05886792452830188,31,30,46,0.4898785425101215,0.21862348178137653,0.3522267206477733,0
37,58,356,6632.5,4253.5,7351.0,311,0.06857352591474447,0.04397700602764653,0.07600210915933459,4.844777209642075,1.2644173602853745,0.05800246181037748,49,45,52,0.33440514469453375,0.31189710610932475,0.43729903536977494,1
42,61,312,7857.0,5209.0,5728.0,303,0.0855798451132242,0.05673735690400723,0.062390397455587145,4.454081632653061,1.3998925020155872,0.058842866535174225,33,33,44,0.3432343234323432,0.30033003300330036,0.23432343234323433,0
49,56,307,4349.0,4687.0,6234.0,291,0.051357447361273484,0.055348897627566986,0.07361745846175648,1.8113286130778843,1.494579081632653,0.06614393786671477,33,46,55,0.4536082474226804,0.48109965635738833,0.18900343642611683,0
38,65,396,6711.5,2748.0,3017.5,239,0.11749619229355228,0.04810840146355981,0.052826456119465695,4.647853185595568,0.650414201183432,0.019242296704417915,35,34,43,0.33472803347280333,0.4895397489539749,0.24267782426778242,1
47,64,246,4994.0,1435.0,5503.0,255,0.07680123029603998,0.022068435217224146,0.08462898885044214,2.260751471253961,0.350341796875,0.0909346288584837,32,25,55,0.3176470588235294,0.25882352941176473,0.2823529411764706,0
45,48,1067,6155.0,2159.0,5619.0,223,0.1237708379416437,0.04341531098554163,0.11299241891049489,3.039506172839506,0.9370659722222222,0.004935489056108579,35,28,51,0.38565022421524664,0.36771300448430494,0.40358744394618834,0
42,44,363,5256.0,2405.0,5103.0,255,0.08083044982698961,0.03698577470203768,0.07847750865051903,2.979591836734694,1.2422520661157024,0.03872686291919951,35,27,49,0.44313725490196076,0.43137254901960786,0.30196078431372547,0
32,57,391,6073.0,2611.0,6359.0,231,0.11380971121230861,0.048930867112685295,0.11916943085774255,5.9306640625,0.8036318867343798,0.04159444273650748,37,31,54,0.16017316017316016,0.5108225108225108,0.354978354978355,0
32,75,494,5490.5,5352.0,5667.0,267,0.07701749217971918,0.07507469595589783,0.07949332996675504,5.36181640625,0.9514666666666667,0.023221983641757774,35,30,55,0.41198501872659177,0.42696629213483145,0.299625468164794,1
43,62,378,4160.0,2130.5,6212.5,251,0.06603069792542976,0.033816923540896174,0.09860954588022412,2.2498647917793404,0.5542403746097815,0.0434793258867333,45,30,55,0.2749003984063745,0.35856573705179284,0.3944223107569721,1
56,41,614,4357.5,1693.5,4963.0,227,0.08456403190436454,0.03286498864716955,0.09631469657862562,1.3895089285714286,1.0074360499702557,0.013164595910831946,33,31,55,0.36123348017621143,0.22466960352422907,0.3876651982378855,0
24,48,441,5633.0,2046.5,3936.0,227,0.10931708358400125,0.039715500009703274,0.07638417201963943,9.77951388888889,0.8882378472222222,0.020238480879880297,38,26,45,0.16740088105726872,0.3788546255506608,0.4185022026431718,0
44,48,868,5736.5,3251.0,5249.0,263,0.082934551605488,0.04700082406858564,0.07588659659674131,2.9630681818181817,1.4110243055555556,0.0069668606256238184,36,29,49,0.2585551330798479,0.2585551330798479,0.20912547528517111,0
33,94,490,4525.0,3888.0,4226.0,259,0.06745576243645741,0.05795977996750198,0.06299846454286609,4.155188246097337,0.4400181077410593,0.01760099958350687,33,32,49,0.22393822393822393,0.21235521235521235,0.3667953667953668,0
31,56,233,4637.0,1982.5,5947.0,267,0.06504509812172986,0.0278093394492839,0.08342100464307256,4.8251821019771075,0.6321747448979592,0.10954336974341027,33,31,52,0.3970037453183521,0.39325842696629215,0.33707865168539325,0
33,56,266,5085.0,3066.0,5343.0,279,0.06532547115273442,0.03938798319651597,0.06863991983658997,4.669421487603306,0.9776785714285714,0.07551303069704336,28,37,51,0.3010752688172043,0.3046594982078853,0.2831541218637993,0
39,51,374,4716.5,2674.5,5919.5,251,0.07486389104934843,0.042451707115760066,0.09395882605038015,3.100920447074293,1.0282583621683967,0.04231962595441677,0,38,54,0.0,0.44621513944223107,0.35856573705179284,0
38,50,251,3040.0,1897.0,4815.0,231,0.05697044658083619,0.035550308277581,0.09023444088379154,2.1052631578947367,0.7588,0.07642735829590007,30,30,46,0.3246753246753247,0.44155844155844154,0.2857142857142857,1
32,61,363,3847.0,1819.0,3409.0,179,0.12006491682531756,0.056771012140694736,0.10639493149402328,3.7568359375,0.4888470841171728,0.02587103188155029,31,27,37,0.41899441340782123,0.5027932960893855,0.35195530726256985,0
32,90,580,6404.5,2289.5,5514.0,235,0.11597102761430511,0.04145767315527388,0.09984608420099593,6.25439453125,0.2826543209876543,0.016391200951248512,39,31,48,0.41702127659574467,0.4297872340425532,0.3617021276595745,0
29,42,229,5239.5,3566.0,4281.5,247,0.08588077168942287,0.05845039256503139,0.07017817043387041,6.230083234244947,2.0215419501133787,0.08164413340706698,37,28,50,0.5384615384615384,0.38461538461538464,0.31983805668016196,0
33,57,308,6012.0,2472.5,5716.5,259,0.08962299309789658,0.03685842488931292,0.08521787093215664,5.520661157024794,0.7610033856571252,0.060259951087873166,36,23,51,0.46332046332046334,0.09652509652509653,0.44015444015444016,0
32,58,316,3615.0,1696.5,3916.0,203,0.0877235555339853,0.04116819141449683,0.09502778519255503,3.5302734375,0.5043103448275862,0.03921647171927576,33,34,43,0.31527093596059114,0.1724137931034483,0.33497536945812806,0
42,64,424,4991.0,1629.0,4485.0,227,0.09685807991616371,0.03161326631605504,0.08703836674493974,2.8293650793650795,0.397705078125,0.024947712709149163,29,33,50,0.14537444933920704,0.3436123348017621,0.3964757709251101,0
29,93,282,4588.0,1958.0,4657.0,219,0.09566105794291195,0.04082483684660453,0.09709972686140823,5.455410225921522,0.2263845531275292,0.058560937578592626,24,32,50,0.3013698630136986,0.2465753424657534,0.228310502283105,0
29,39,376,5029.5,4022.0,6567.0,231,0.09425423061786699,0.07537340004872473,0.12306740878169449,5.98038049940547,2.6443129520052597,0.04645059981892259,39,38,61,0.5108225108225108,0.2813852813852814,0.43722943722943725,0
33,36,502,3425.5,2708.0,4370.0,239,0.05996918821449204,0.04740813361110625,0.07650426288055182,3.1455463728191,2.0895061728395063,0.0173409945873875,40,27,50,0.4225941422594142,0.11297071129707113,0.32217573221757323,1
29,40,198,4344.0,4194.0,4686.0,239,0.076049088776457,0.07342308432975614,0.08203637891493497,5.165279429250892,2.62125,0.11952861952861953,32,32,49,0.4476987447698745,0.38493723849372385,0.3723849372384937,1
32,49,508,3889.0,3440.0,3929.0,243,0.06586055648698538,0.058256702061000185,0.06653795999932259,3.7978515625,1.4327363598500624,0.015224905449810899,35,31,36,0.4444444444444444,0.5637860082304527,0.21810699588477367,1
32,40,433,4795.0,2348.5,6390.0,251,0.07610990301741243,0.037277186076411485,0.10142696147680196,4.6826171875,1.4678125,0.03408199947730267,33,0,52,0.23904382470119523,0.0,0.3705179282868526,1
39,96,775,5598.0,2971.0,4660.0,257,0.08475525746037033,0.04498175596905328,0.07055367984375237,3.6804733727810652,0.3223741319444444,0.007758584807492195,33,24,41,0.5058365758754864,0.23346303501945526,0.2607003891050584,0
29,55,289,5610.5,4385.0,5917.5,263,0.08111292631091963,0.06339545171970103,0.08555133079847908,6.671224732461355,1.449586776859504,0.07085044479831419,41,37,55,0.5437262357414449,0.2965779467680608,0.33840304182509506,0
33,57,355,7931.0,5553.0,5157.0,247,0.12999721352587323,0.0910193577996689,0.08452851218672655,7.282828282828283,1.709141274238227,0.040920452291212064,34,39,53,0.2631578947368421,0.3157894736842105,0.3643724696356275,0
29,33,429,5259.5,5608.0,5134.5,211,0.11813526201118574,0.12596302868309336,0.11532759821207969,6.2538644470868014,5.149678604224059,0.027898674751821603,42,38,43,0.5071090047393365,0.35071090047393366,0.47393364928909953,1
32,48,391,6434.5,4531.0,4968.5,319,0.06323149340120478,0.04452589892001847,0.04882518843171746,6.28369140625,1.9665798611111112,0.03249913331283809,44,0,47,0.45454545454545453,0.0,0.29780564263322884,1
32,63,436,5104.0,1461.0,4582.0,231,0.09565038136466708,0.027379546860066342,0.08586795599782612,4.984375,0.36810279667422524,0.024103610807171112,31,41,44,0.24675324675324675,0.5108225108225108,0.35064935064935066,0
38,42,349,7218.5,3131.0,5496.0,271,0.09828978363584374,0.042632861752971776,0.07483558230416253,4.998961218836565,1.7749433106575965,0.04512278224316713,38,45,54,0.4870848708487085,0.4575645756457565,0.2656826568265683,1
29,51,220,6302.0,2511.0,4526.0,247,0.10329623498172401,0.041157861954793554,0.07418577586913407,7.49346016646849,0.9653979238754326,0.09351239669421488,27,32,57,0.38866396761133604,0.30364372469635625,0.38461538461538464,1
33,42,414,5015.5,3306.5,4876.5,275,0.0663206611570248,0.04372231404958678,0.06448264462809918,4.605601469237833,1.8744331065759636,0.028451655814604775,29,32,51,0.44363636363636366,0.28363636363636363,0.3418181818181818,0
32,53,324,6082.0,3072.5,5063.5,287,0.07383845864342167,0.037301654748752563,0.06147336983573917,5.939453125,1.093805624777501,0.04823483462886755,33,28,56,0.24738675958188153,0.33797909407665505,0.20209059233449478,0
29,57,469,4135.0,3905.0,6346.0,319,0.04063442772771494,0.03837422981299319,0.06236180855140967,4.9167657550535075,1.2019082794706064,0.028850568964498252,45,31,56,0.3824451410658307,0.23824451410658307,0.29153605015673983,0
39,58,376,4489.5,4120.5,3677.0,295,0.051588623958632576,0.047348463085320314,0.04225222637173226,2.9516765285996054,1.2248810939357908,0.02600865776369398,39,31,49,0.3288135593220339,0.3559322033898305,0.30847457627118646,0
32,49,443,6193.0,4043.5,5807.5,303,0.0674552603775229,0.04404252306418761,0.06325632563256325,6.0478515625,1.6840899625156185,0.029592507477745108,44,42,60,0.25742574257425743,0.31353135313531355,0.33003300330033003,1
33,59,303,7058.0,5574.0,6013.0,327,0.06600641547194867,0.052128047582975616,0.05623357555013139,6.4811753902663,1.6012640045963804,0.06549466827870906,38,43,58,0.308868501529052,0.5107033639143731,0.27217125382262997,0
29,55,401,7213.0,3604.0,7406.0,239,0.12627580049368883,0.06309413350606607,0.12965459288177728,8.576694411414982,1.191404958677686,0.04605692750666973,51,43,67,0.41841004184100417,0.28451882845188287,0.2803347280334728,1
32,61,493,4838.0,3894.0,3937.0,303,0.05269635874478537,0.042414142404339446,0.042882506072389415,4.724609375,1.0464928782585325,0.016198379750585273,46,40,51,0.45874587458745875,0.35313531353135313,0.2739273927392739,1
32,89,324,8346.0,4192.0,2629.0,283,0.10420906741250359,0.052341769781118506,0.03282598109603067,8.150390625,0.5292261078146698,0.025043819539704314,48,34,54,0.4628975265017668,0.2862190812720848,0.24381625441696114,0
29,57,478,4813.5,2218.0,3274.5,259,0.07175653314649454,0.03306450410697515,0.04881412024269167,5.723543400713436,0.6826715912588489,0.01433141926786996,33,34,55,0.2471042471042471,0.44787644787644787,0.38223938223938225,0
38,58,252,6907.0,1871.0,3044.0,247,0.11321280466816372,0.030667606418725107,0.04989427789342556,4.783240997229917,0.5561831153388823,0.04793398841017889,45,27,47,0.39271255060728744,0.12550607287449392,0.340080971659919,0
37,60,310,4391.0,1890.0,2624.5,271,0.059789490883838725,0.02573494369630043,0.03573616916980978,3.2074506939371803,0.525,0.02731009365244537,38,33,54,0.4981549815498155,0.3173431734317343,0.1992619926199262,0
32,45,406,3929.5,2604.5,6422.5,299,0.043953647050927844,0.029132783749622488,0.07183924117179898,3.83740234375,1.286172839506173,0.03896296925428911,45,43,61,0.34448160535117056,0.25418060200668896,0.44481605351170567,0
32,60,307,6236.0,4188.5,3685.0,235,0.11291987324581258,0.07584427342689,0.06672702580353101,6.08984375,1.1634722222222222,0.039098558074886734,32,44,50,0.2425531914893617,0.49361702127659574,0.33617021276595743,0
29,54,353,5313.0,4332.0,3589.0,303,0.057870143449988566,0.04718491651145312,0.03909202801468266,6.317479191438763,1.48559670781893,0.028802092946737395,28,51,56,0.1848184818481848,0.3465346534653465,0.36303630363036304,0
38,47,351,6426.5,1628.0,3718.5,227,0.1247161792388752,0.03159385976828582,0.07216324787983465,4.450484764542936,0.736985061113626,0.030182384883239585,33,37,56,0.32599118942731276,0.28193832599118945,0.3788546255506608,0
32,60,263,6431.0,6189.0,2885.0,271,0.08756689042905189,0.08427172832613936,0.03928323416075489,6.2802734375,1.7191666666666667,0.04170943630817273,43,46,48,0.5904059040590406,0.5793357933579336,0.36531365313653136,0
33,61,333,7771.0,2936.0,6193.0,283,0.09702955462048471,0.03665921662150857,0.07732647429734421,7.135904499540863,0.7890352055898951,0.05584864143422702,56,43,59,0.3392226148409894,0.3568904593639576,0.5053003533568905,0
32,47,409,6062.0,2558.0,4343.0,299,0.06780684779812306,0.028612655339425735,0.048578874956655964,5.919921875,1.1579900407424173,0.025962302951321427,33,31,55,0.40468227424749165,0.3010033444816054,0.391304347826087,1
29,51,326,3524.5,2077.5,4512.5,223,0.07087413782702247,0.04177642824106658,0.09074182066802067,4.190844233055886,0.7987312572087658,0.04246019797508374,31,33,54,0.39461883408071746,0.33183856502242154,0.48878923766816146,1
24,55,574,5628.0,2150.5,3936.0,255,0.08655132641291811,0.0330718954248366,0.060530565167243366,9.770833333333334,0.7109090909090909,0.011946241911398706,33,35,47,0.4823529411764706,0.2627450980392157,0.3058823529411765,1
29,51,319,4591.5,3241.5,3729.5,343,0.03902710605275013,0.027552295387126113,0.031700226946255385,5.459571938168847,1.2462514417531718,0.03664960053458594,28,31,49,0.3119533527696793,0.2944606413994169,0.26822157434402333,1
43,81,263,5716.5,2994.5,4068.0,295,0.06568802068371157,0.034409652398735995,0.0467451881643206,3.0916711736073554,0.4564090839811004,0.05881247379606471,24,24,54,0.16271186440677965,0.24745762711864408,0.2983050847457627,1
32,60,319,4156.0,2370.0,4614.0,303,0.04526789312594626,0.02581446263438225,0.05025651079959481,4.05859375,0.6583333333333333,0.04534153555880937,43,33,55,0.21782178217821782,0.21122112211221122,0.30033003300330036,0
28,51,292,6248.5,2787.5,4492.0,287,0.07585985018635652,0.03384161517075599,0.054535079945124985,7.970025510204081,1.0717031910803536,0.05268343028710828,34,33,58,0.3902439024390244,0.11498257839721254,0.40069686411149824,0
29,57,422,5671.5,3223.0,4436.5,351,0.04603452894051185,0.02616050194397773,0.036010259656983304,6.743757431629013,0.9919975377039089,0.024912400889467893,30,44,55,0.28774928774928776,0.3190883190883191,0.25925925925925924,0
29,54,549,5087.0,2475.5,3151.5,263,0.07354450693229626,0.03578915410082551,0.04556231837962093,6.048751486325803,0.8489368998628258,0.0104561696875591,39,29,53,0.33840304182509506,0.11787072243346007,0.4144486692015209,0
39,91,380,6877.0,2754.0,3973.0,255,0.10575932333717801,0.042352941176470586,0.061099577085736254,4.521367521367521,0.3325685303707282,0.027513850415512464,32,29,64,0.42745098039215684,0.3137254901960784,0.3333333333333333,0
33,39,353,8059.0,4249.0,4190.0,263,0.11651173213433763,0.06142925298905579,0.06057626971620234,7.400367309458218,2.7935568704799474,0.0336251795616689,35,42,64,0.376425855513308,0.5057034220532319,0.5627376425855514,0
33,38,290,10411.0,3343.0,6271.0,319,0.10230834995725278,0.03285148534310787,0.06162478749226128,9.560146923783288,2.315096952908587,0.07456599286563614,62,45,61,0.5015673981191222,0.23510971786833856,0.5172413793103449,0
29,33,500,7028.5,4270.5,4867.0,271,0.0957026728938876,0.0581487180185455,0.06627088411105514,8.35731272294887,3.9214876033057853,0.019468,41,39,61,0.5830258302583026,0.4280442804428044,0.3800738007380074,0
29,55,463,6434.5,2726.0,3347.5,303,0.07008572144343148,0.02969207811870296,0.03646156694877409,7.651010701545779,0.9011570247933884,0.01561559740447546,36,39,53,0.21122112211221122,0.40594059405940597,0.31353135313531355,0
29,54,275,4686.0,3655.0,3451.0,351,0.03803540555677308,0.029666966988904312,0.028011136273244537,5.571938168846611,1.253429355281207,0.04563305785123967,46,35,57,0.33618233618233617,0.396011396011396,0.30484330484330485,0
61,77,417,9417.0,3070.0,3493.0,251,0.14947381787590674,0.04872938524785321,0.05544356438786686,2.530771298038162,0.5177938944172711,0.02008752710062166,51,37,56,0.4541832669322709,0.5617529880478087,0.4103585657370518,0
32,50,355,7375.0,4116.0,4835.0,271,0.10042074590487603,0.056044988494165386,0.06583516019662042,7.2021484375,1.6464,0.0383654036897441,47,38,51,0.4354243542435424,0.47601476014760147,0.4575645756457565,0
41,44,253,5214.0,2057.0,3835.0,263,0.07538058957047232,0.029738755801009122,0.055443912735473985,3.101725163593099,1.0625,0.05991344967114,43,35,61,0.4448669201520912,0.19771863117870722,0.39923954372623577,0
32,58,548,4182.0,2106.0,2674.0,243,0.07082253721485546,0.03566529492455418,0.04528442479974259,4.083984375,0.6260404280618311,0.008904310298897117,35,21,43,0.37037037037037035,0.16049382716049382,0.24691358024691357,0
60,65,446,8625.5,2888.5,6111.0,291,0.10185874044945147,0.034110367142570354,0.07216494845360824,2.3959722222222224,0.6836686390532545,0.030721510587383618,34,32,59,0.41237113402061853,0.49140893470790376,0.3917525773195876,0
46,82,271,8033.5,3858.5,4098.0,295,0.09231255386383223,0.04433783395575984,0.047089916690606144,3.796550094517958,0.5738399762046401,0.05579989379229586,42,33,49,0.39322033898305087,0.18983050847457628,0.3694915254237288,0
33,58,427,4690.0,2923.0,3284.0,247,0.0768739038502516,0.04791096395613762,0.053828123719451226,4.306703397612488,0.8689060642092746,0.018011396980184172,32,35,48,0.32793522267206476,0.30364372469635625,0.3319838056680162,1
44,54,212,4908.5,2172.0,5446.5,311,0.050749061734266604,0.022456343503479078,0.05631145252840645,2.5353822314049586,0.7448559670781894,0.12118414026343895,32,28,50,0.2604501607717042,0.29260450160771706,0.38263665594855306,0
29,48,499,2715.0,1873.0,4171.5,255,0.041753171856978084,0.028804306036139947,0.0641522491349481,3.228299643281807,0.8129340277777778,0.01675294476729009,29,35,43,0.48627450980392156,0.3764705882352941,0.43137254901960786,0
32,60,227,4951.0,3382.5,4397.0,239,0.08667565343743983,0.059216400273104465,0.07697694368095796,4.8349609375,0.9395833333333333,0.08533059054124861,39,32,57,0.5104602510460251,0.34309623430962344,0.5690376569037657,1
56,111,307,11453.0,14369.0,13889.0,339,0.09965976627422317,0.12503371881553416,0.12085693650420724,3.6521045918367347,1.1662202743283825,0.1473649587794035,97,95,95,0.5398230088495575,0.28023598820059,0.28023598820059,1
48,58,402,8272.0,14047.0,9590.0,399,0.05195947261637804,0.08823437038712069,0.06023831508596052,3.5902777777777777,4.175683709869204,0.05934259052993738,89,90,89,0.5037593984962406,0.45864661654135336,0.37092731829573933,0
46,67,219,8180.0,4657.0,4266.5,275,0.10816528925619835,0.0615801652892562,0.05641652892561983,3.8657844990548202,1.0374248162174204,0.08895769479368654,48,41,55,0.26545454545454544,0.4690909090909091,0.4763636363636364,0
38,53,910,6112.0,4308.0,4532.5,255,0.09399461745482507,0.06625144175317185,0.0697039600153787,4.232686980609419,1.5336418654325383,0.005473372781065089,34,45,54,0.43137254901960786,0.6,0.5176470588235295,0
32,49,523,4797.0,2854.0,4467.0,297,0.054382205897357414,0.032354975115917874,0.050641091045131446,4.6845703125,1.1886713869221157,0.016330992326225008,32,34,46,0.4006734006734007,0.18855218855218855,0.4175084175084175,0
29,51,371,5958.0,3640.0,2918.0,207,0.13904641881957572,0.08494947373334266,0.06809960559172909,7.084423305588585,1.3994617454825067,0.021200078464992264,39,35,41,0.463768115942029,0.2946859903381642,0.30917874396135264,0
47,113,484,8188.0,6503.5,6257.5,271,0.11149085660598304,0.08855407742269304,0.08520444983047616,3.7066545948392937,0.5093194455321481,0.026712229355918313,54,36,51,0.47232472324723246,0.36162361623616235,0.2988929889298893,0
59,63,344,6524.0,3951.0,5452.0,283,0.08145937644370638,0.04933261746307233,0.06807426737754248,1.8741740879057742,0.9954648526077098,0.046072201189832344,41,38,52,0.42402826855123676,0.43462897526501765,0.35335689045936397,0
42,64,203,6664.0,2191.5,5483.0,279,0.08561041096594339,0.02815354376228466,0.07043845788209298,3.7777777777777777,0.5350341796875,0.13305345919580674,43,44,50,0.36200716845878134,0.41935483870967744,0.26523297491039427,0
29,51,431,6067.0,4258.0,5732.0,311,0.06272681217109004,0.04402353160120346,0.05926324169518512,7.214030915576695,1.6370626682045366,0.030856853699107994,39,45,59,0.34726688102893893,0.24115755627009647,0.40514469453376206,0
30,41,282,4671.5,1847.0,5704.5,279,0.060013360568338024,0.023727855500314744,0.07328400200408525,5.190555555555555,1.098750743604997,0.07173306171721744,36,28,59,0.3655913978494624,0.17204301075268819,0.32974910394265233,1
32,94,239,5188.0,3056.0,5211.5,247,0.08503663393925487,0.050090970184726843,0.08542182300971987,5.06640625,0.34585785423268445,0.09123614782654366,31,15,41,0.3117408906882591,0.07692307692307693,0.29554655870445345,1
29,32,330,6446.0,2118.0,4698.0,251,0.10231583625656736,0.033618513991841396,0.07457024491674735,7.6646848989298455,2.068359375,0.043140495867768594,43,37,48,0.549800796812749,0.4900398406374502,0.4262948207171315,0
34,59,591,3935.0,3307.0,6132.0,247,0.06449868052254586,0.054205117277778686,0.10050976085495583,3.4039792387543253,0.9500143636885953,0.017556065173885783,47,28,52,0.5263157894736842,0.47368421052631576,0.38461538461538464,0
29,39,307,7854.0,4880.5,3880.0,283,0.09806590168437614,0.060938455967735894,0.048446103709623045,9.338882282996433,3.208744247205786,0.041167545544249805,52,34,33,0.47703180212014135,0.4028268551236749,0.3215547703180212,0
38,41,215,4496.0,4452.0,3948.0,223,0.09041002232097971,0.08952522672887048,0.07939029540107383,3.113573407202216,2.6484235574063058,0.08540832882639264,32,34,42,0.242152466367713,0.273542600896861,0.3183856502242152,1
29,53,340,6201.0,3176.0,6530.0,271,0.08443512479405237,0.043245598507645595,0.08891491128933429,7.373365041617123,1.1306514773940903,0.0564878892733564,48,36,56,0.5239852398523985,0.13284132841328414,0.6531365313653137,0
32,95,455,6502.0,5645.0,7613.5,267,0.09120621694791622,0.07918472695647295,0.10679768267194097,6.349609375,0.6254847645429363,0.03677575172080667,54,40,59,0.449438202247191,0.29213483146067415,0.4868913857677903,1
32,61,291,6852.5,2648.5,4756.5,275,0.09061157024793388,0.035021487603305784,0.06289586776859504,6.69189453125,0.7117710292932008,0.05616962482729302,38,38,53,0.36363636363636365,0.509090909090909,0.32,0
33,42,319,6784.0,3267.0,5910.0,255,0.10432910419069588,0.05024221453287197,0.0908881199538639,6.229568411386593,1.8520408163265305,0.05807725946089366,46,28,39,0.6313725490196078,0.3686274509803922,0.21176470588235294,0
29,32,172,4514.0,5648.0,5528.0,251,0.07164965635466104,0.0896493706449104,0.08774463897398455,5.367419738406658,5.515625,0.18685776095186588,43,34,58,0.3784860557768924,0.21912350597609562,0.2868525896414343,0
38,49,487,5744.5,2068.5,6399.5,299,0.06425543338441404,0.02313732508584915,0.07158197335600273,3.978185595567867,0.8615160349854227,0.026982868756034728,42,32,60,0.35785953177257523,0.3010033444816054,0.3511705685618729,0
32,51,178,4119.0,3501.5,5816.0,287,0.05000667726936105,0.04250992485036846,0.07060908837062486,4.0224609375,1.3462129950019224,0.18356268147961116,0,40,55,0.0,0.3588850174216028,0.1986062717770035,1
32,49,225,4705.0,2827.0,6092.0,275,0.06221487603305785,0.03738181818181818,0.08055537190082644,4.5947265625,1.1774260724698042,0.1203358024691358,35,21,55,0.52,0.14909090909090908,0.39636363636363636,1
34,64,164,5436.0,2466.0,5425.0,267,0.07625299835879308,0.03459159197071077,0.07609869685365203,4.70242214532872,0.60205078125,0.20170285544318858,33,33,55,0.3445692883895131,0.29213483146067415,0.3970037453183521,1
29,57,538,5437.5,2513.5,5438.0,271,0.07403902452308656,0.03422475184161436,0.0740458327092496,6.4655172413793105,0.7736226531240382,0.018787744779646495,35,38,57,0.3247232472324723,0.5571955719557196,0.2177121771217712,0
24,50,413,8034.0,1531.0,4998.0,235,0.1454775916704391,0.027722951561792667,0.09050248981439565,13.947916666666666,0.6124,0.02930192473427176,28,30,58,0.11914893617021277,0.4553191489361702,0.4553191489361702,0
38,50,372,4728.0,2377.5,3950.5,215,0.1022823147647377,0.051433207138994054,0.08546241211465658,3.2742382271468142,0.951,0.028547375419123597,30,42,51,0.39069767441860465,0.40930232558139534,0.4046511627906977,0
32,61,427,4684.5,2819.0,3702.0,271,0.06378589616154465,0.03838455358723329,0.05040781035116624,4.57470703125,0.7575920451491535,0.02030395603551821,31,34,38,0.3025830258302583,0.2066420664206642,0.3505535055350554,0
32,54,427,4629.5,1718.0,5425.0,247,0.07588224688160763,0.028159779704633743,0.08892130669245521,4.52099609375,0.5891632373113854,0.029753906399969287,23,23,61,0.20242914979757085,0.19838056680161945,0.43724696356275305,1
33,36,409,4457.0,2665.5,4230.0,239,0.07802734545963831,0.046664099017874335,0.07405332539696434,4.092745638200183,2.056712962962963,0.025286792881439014,35,27,39,0.5774058577405857,0.5062761506276151,0.17573221757322174,1
29,41,674,7265.0,3053.0,4341.0,287,0.08820065801454431,0.03706491519867911,0.05270186599327417,8.638525564803805,1.8161808447352765,0.009555864716604003,33,30,37,0.22996515679442509,0.1289198606271777,0.13588850174216027,0
32,55,482,6490.0,2938.0,4393.0,287,0.07879177846034309,0.03566875887773313,0.053333171460136705,6.337890625,0.9712396694214877,0.01890893751829342,29,32,49,0.2682926829268293,0.2961672473867596,0.28222996515679444,0
39,96,312,5688.5,5615.0,5402.0,263,0.0822405991123191,0.08117798435715422,0.0780985701687172,3.739973701512163,0.6092664930555556,0.0554939184746877,34,41,58,0.2813688212927757,0.27756653992395436,0.33079847908745247,0
28,40,556,5818.5,5840.0,6550.5,267,0.08161848251483399,0.08192007182033693,0.09188654631149265,7.42155612244898,3.65,0.02118970291392785,43,58,60,0.4419475655430712,0.3146067415730337,0.2247191011235955,0
32,50,549,6501.5,2766.5,4843.5,283,0.08117843898662738,0.03454282111151344,0.060476469927205984,6.34912109375,1.1066,0.016069953318004915,42,35,55,0.4275618374558304,0.2791519434628975,0.3321554770318021,0
33,58,455,6845.0,2294.0,6165.0,295,0.07865555874748635,0.0263602413099684,0.07084171215168056,6.285583103764922,0.6819262782401903,0.029779012196594613,39,42,62,0.36271186440677966,0.31186440677966104,0.4101694915254237,0
29,55,330,7006.0,2053.0,5443.0,279,0.09000398247710076,0.026374275767269178,0.06992458986909213,8.330558858501783,0.6786776859504132,0.04998163452708907,30,34,53,0.2078853046594982,0.2007168458781362,0.2867383512544803,1
32,56,515,7258.0,1995.0,5622.0,271,0.09882763034272408,0.027164662790539345,0.07655124521724922,7.087890625,0.6361607142857143,0.021197096804599868,30,32,60,0.31365313653136534,0.11808118081180811,0.43911439114391143,0
39,93,692,6979.5,2203.5,5123.0,271,0.09503547064990946,0.030003676420528043,0.06975667542653287,4.588757396449704,0.2547693374956642,0.010698235824785325,58,24,58,0.36162361623616235,0.1070110701107011,0.44280442804428044,0
32,51,232,5495.0,3959.0,4994.0,287,0.06671199116172347,0.04806419890978402,0.0606296057982979,5.3662109375,1.5221068819684738,0.09278388822829964,35,51,55,0.5679442508710801,0.5749128919860628,0.2961672473867596,0
33,60,387,5628.0,3162.5,3106.0,247,0.09224868462030192,0.051836614270025734,0.05091052139848219,5.1680440771349865,0.8784722222222222,0.020738604117006856,34,29,24,0.3765182186234818,0.4291497975708502,0.242914979757085,1
29,48,278,7426.0,3055.0,5037.0,255,0.11420222991157247,0.04698193002691273,0.07746251441753171,8.829964328180738,1.3259548611111112,0.06517519797111951,28,38,53,0.2784313725490196,0.396078431372549,0.2784313725490196,0
32,51,347,5541.0,3272.0,4804.0,271,0.07544831905883634,0.04455277025094974,0.06541305265451179,5.4111328125,1.2579777008842752,0.039897349865873816,33,32,59,0.3505535055350554,0.25461254612546125,0.4354243542435424,0
32,52,420,7893.0,3319.0,5993.0,263,0.11411181309546184,0.047983923433908254,0.08664286024085935,7.7080078125,1.2274408284023668,0.03397392290249433,44,43,59,0.55893536121673,0.49049429657794674,0.39543726235741444,0
38,48,463,8516.0,1440.0,3719.0,255,0.13096501345636294,0.022145328719723183,0.05719338715878508,5.8975069252077565,0.625,0.017348590514486704,35,49,42,0.34509803921568627,0.44313725490196076,0.3333333333333333,1
29,51,272,7381.5,4758.5,8938.5,319,0.07253761264138521,0.046761529466101945,0.08783816982930592,8.77705112960761,1.8294886582083814,0.12081666306228374,46,43,57,0.3667711598746082,0.5015673981191222,0.45141065830721006,1
33,43,406,6157.0,2246.5,4620.0,215,0.13319632233639805,0.04859924283396431,0.09994591671173607,5.6538108356290175,1.2149810708491076,0.028027857992186173,28,31,53,0.34418604651162793,0.24651162790697675,0.34418604651162793,0
29,48,218,7547.5,2598.5,5246.0,271,0.10276957013112567,0.03538214348933157,0.07143148922264131,8.974435196195007,1.1278211805555556,0.11038633111690935,36,32,60,0.33210332103321033,0.36531365313653136,0.4354243542435424,1
38,61,259,4073.0,3966.0,4101.0,295,0.04680264291870152,0.04557311117494973,0.0471243895432347,2.8206371191135733,1.0658425154528353,0.061135045691030246,18,31,57,0.061016949152542375,0.21016949152542372,0.36271186440677966,1
32,70,463,22560.0,20882.0,30474.0,383,0.15379476307016887,0.14235559585244975,0.20774563873228394,22.03125,4.261632653061224,0.14215674841045114,143,141,144,0.6579634464751958,0.4464751958224543,0.5013054830287206,1
32,55,262,8057.0,4881.5,5316.0,291,0.09514531004593711,0.05764575288435422,0.06277677401069898,7.8681640625,1.6137190082644628,0.07744303944991551,40,31,55,0.281786941580756,0.29553264604810997,0.3951890034364261,1
33,44,425,14127.0,13670.0,20192.0,347,0.11732511689325549,0.1135297195392371,0.16769510584756953,12.97245179063361,7.06095041322314,0.11178961937716263,101,100,100,0.4092219020172911,0.5072046109510087,0.5619596541786743,1
29,33,289,137085.5,140556.0,153528.0,615,0.36244431224800056,0.3716200674201864,0.40591711282966486,163.00297265160523,129.06887052341597,1.838196381748303,370,356,350,0.7040650406504065,0.6487804878048781,0.7252032520325203,1
29,33,252,92202.0,93749.0,114300.0,527,0.3319854966532123,0.33755567477649073,0.41155226857836236,109.63376932223544,86.08723599632691,1.7998866213151927,298,297,294,0.7343453510436433,0.7096774193548387,0.7760910815939279,1
33,96,528,59402.0,67826.0,81431.5,591,0.17006937107944606,0.19418748801108562,0.2331403654936856,54.54729109274564,7.359592013888889,0.2920953139348026,249,240,242,0.5685279187817259,0.4500846023688663,0.5109983079526227,1
47,63,334,106320.0,100559.0,136063.0,583,0.31280800496632727,0.29585835375666764,0.40031598551291747,48.13037573562698,25.33610481229529,1.2196833877155868,346,310,312,0.725557461406518,0.660377358490566,0.7478559176672385,1
34,60,380,120389.5,111165.5,148200.5,719,0.23287926942264503,0.21503653080213014,0.2866763643679117,104.1431660899654,30.879305555555554,1.0263192520775624,369,324,326,0.5744089012517385,0.5257301808066759,0.7051460361613352,1
39,55,269,106762.5,90204.0,128122.0,607,0.2897619480579402,0.24482085716069252,0.34773333622835184,70.1923076923077,29.819504132231405,1.770594657343044,337,297,296,0.7215815485996705,0.6062602965403624,0.6886326194398682,1
31,53,643,50154.0,41932.0,67128.0,567,0.156005337663186,0.130430590160161,0.20880341162528113,52.189386056191466,14.927732289070844,0.16236101671548364,233,201,196,0.49382716049382713,0.5326278659611993,0.6313932980599647,1
56,77,348,83043.0,77130.0,104904.0,495,0.3389164370982553,0.3147842056932966,0.42813590449954086,26.480548469387756,13.008939112835217,0.866230677764566,311,274,270,0.7858585858585858,0.7272727272727273,0.8828282828282829,1
31,55,356,69523.0,70538.0,95762.0,591,0.1990460402942044,0.20195200998622886,0.2741689356134459,72.34443288241415,23.318347107438015,0.7556021966923369,296,258,252,0.6277495769881557,0.5989847715736041,0.7123519458544839,1
35,60,404,45728.5,38149.5,63692.0,455,0.22088395121362153,0.1842748460330878,0.30765366501630237,37.32938775510204,10.597083333333334,0.39023134986766006,232,187,188,0.7428571428571429,0.6351648351648351,0.7516483516483516,1
42,55,616,12570.5,10626.0,22580.0,407,0.07588636212714837,0.06414768576930739,0.13631232304450977,7.126133786848072,3.5127272727272727,0.05950624051273402,119,88,97,0.5528255528255528,0.3783783783783784,0.5012285012285013,1
40,68,239,14470.0,9183.0,25137.0,383,0.09864407010750635,0.06260183108481208,0.17136254252193417,9.04375,1.9859429065743945,0.44006582517813064,116,85,107,0.4151436031331593,0.4073107049608355,0.5430809399477807,1
27,57,409,17317.0,10239.0,32083.0,439,0.08985528302572111,0.05312861597853893,0.16647381447792406,23.754458161865568,3.1514312096029546,0.19179105815962363,131,85,135,0.5763097949886105,0.44646924829157175,0.5034168564920274,1
59,77,333,4780.5,1801.0,8200.5,311,0.049425667641980545,0.018620568439118704,0.08478510354524871,1.3733122665900603,0.303761173891044,0.07395233070908747,19,37,91,0.1157556270096463,0.33762057877813506,0.42765273311897106,1
49,74,1001,3006.0,1426.0,7112.0,303,0.03274188805019116,0.015532246293936324,0.07746517225980024,1.2519783423573512,0.26040905770635503,0.007097797307587517,29,29,73,0.41254125412541254,0.37623762376237624,0.37623762376237624,1
70,76,294,6455.5,2028.5,8588.5,299,0.07220836455968054,0.022689902797507856,0.09606715808548003,1.3174489795918367,0.35119459833795014,0.09936253412929798,52,24,87,0.24749163879598662,0.31438127090301005,0.3979933110367893,1
47,59,262,6081.5,1136.5,6569.5,287,0.073832388398548,0.013797666597870559,0.07975694739525792,2.753055681303757,0.32648664176960646,0.0957039216828856,51,25,69,0.5296167247386759,0.1254355400696864,0.41114982578397213,1
37,71,383,4961.0,1166.5,5919.5,251,0.07874478182885986,0.01851557911779178,0.09395882605038015,3.6238130021913806,0.23140249950406666,0.04035408244653655,0,32,69,0.0,0.36254980079681276,0.4342629482071713,1
33,64,314,4892.5,2586.0,7617.5,223,0.09838323714532768,0.05200185002714714,0.1531802368839108,4.492653810835629,0.63134765625,0.07725972656091525,19,39,73,0.16591928251121077,0.4349775784753363,0.3811659192825112,1
31,55,157,3809.0,1554.0,11722.0,299,0.04260578740729969,0.017382355902059263,0.13111710159841614,3.963579604578564,0.5137190082644628,0.47555681772080005,36,32,92,0.3511705685618729,0.19732441471571907,0.45819397993311034,1
47,76,364,6004.0,1935.0,6817.0,335,0.0534996658498552,0.017242147471597236,0.06074404098908443,2.717971933001358,0.3350069252077562,0.05145060982973071,30,33,67,0.27761194029850744,0.3582089552238806,0.31044776119402984,1
54,63,539,6936.0,1779.0,9544.0,303,0.07554814887429337,0.019377185243276803,0.10395494995044059,2.3786008230452675,0.4482237339380197,0.032851325721720635,35,30,97,0.46204620462046203,0.3333333333333333,0.3201320132013201,1
40,55,416,6897.0,1689.0,10143.0,319,0.06777645659928656,0.016597714252021896,0.09967472803922918,4.310625,0.5583471074380165,0.058611085428994084,39,35,99,0.36990595611285265,0.4231974921630094,0.31347962382445144,1
41,54,323,5840.0,2165.0,13574.0,347,0.04850135787191987,0.017980383526148377,0.11273243694408225,3.47412254610351,0.7424554183813443,0.13010764025342905,37,38,113,0.2910662824207493,0.1585014409221902,0.3285302593659942,1
32,110,278,8451.0,1607.0,12921.0,331,0.07713511194676938,0.0146676280793348,0.1179343014393808,8.2529296875,0.1328099173553719,0.1671885513172196,39,36,104,0.24773413897280966,0.2598187311178248,0.3716012084592145,1
61,55,309,5912.0,2013.0,10628.0,275,0.07817520661157025,0.02661818181818182,0.14053553719008263,1.5888202096210695,0.6654545454545454,0.11131010358081712,36,30,95,0.32727272727272727,0.3090909090909091,0.4581818181818182,1
41,75,228,5070.5,2163.0,13273.0,303,0.05522879020575325,0.023559781720746333,0.14457188293086734,3.016359309934563,0.38453333333333334,0.2553285626346568,39,37,106,0.42244224422442245,0.19801980198019803,0.47194719471947194,1
31,55,359,5589.0,3393.0,29076.0,303,0.06087638466816979,0.036957161062640916,0.3167009770283959,5.815816857440167,1.1216528925619835,0.22560346366027575,65,63,161,0.6270627062706271,0.5643564356435643,0.5742574257425742,1
40,58,266,3443.5,4664.0,27365.0,447,0.017233958430300938,0.02334229188875376,0.1369557927821069,2.1521875,1.3864447086801426,0.3867516535700153,65,64,161,0.46308724832214765,0.43847874720357943,0.4809843400447427,1
33,92,283,5036.0,2792.0,19606.0,287,0.06113950636768687,0.03389624737461909,0.23802644198666975,4.624426078971534,0.32986767485822305,0.2448026570440385,52,52,131,0.6515679442508711,0.2264808362369338,0.6724738675958188,1
45,61,472,4547.5,1732.5,17960.0,363,0.034511152091918434,0.01314800901577761,0.13629912953729634,2.245679012345679,0.4656006449879065,0.08061620224073542,47,42,129,0.42699724517906334,0.20385674931129477,0.4380165289256198,1
34,61,398,5489.0,1922.5,9657.0,303,0.05978716683549543,0.020940212833164506,0.10518576610136261,4.748269896193771,0.5166621875839827,0.0609643695866266,36,25,92,0.4389438943894389,0.1254125412541254,0.37623762376237624,1
33,48,319,3670.0,1558.5,10996.0,367,0.027247956403269755,0.011571100832287715,0.08163992605186764,3.370064279155188,0.6764322916666666,0.10805711421861028,39,32,101,0.36239782016348776,0.2452316076294278,0.46321525885558584,1
40,58,375,6542.5,2052.5,6087.0,327,0.06118545951051632,0.019194979846440162,0.05692562354459501,4.0890625,0.6101367419738407,0.043285333333333335,33,29,72,0.30275229357798167,0.37920489296636084,0.30275229357798167,1
31,55,390,4284.0,1287.5,9409.5,351,0.034772445028855285,0.010450402188293927,0.07637519175980714,4.457856399583767,0.4256198347107438,0.06186390532544379,30,21,90,0.1452991452991453,0.16524216524216523,0.3333333333333333,1
33,94,307,3960.0,2080.0,8354.0,255,0.06089965397923876,0.03198769703960015,0.1284736639753941,3.6363636363636362,0.23540063377093706,0.08863754522594404,28,26,77,0.36470588235294116,0.1843137254901961,0.32941176470588235,1
34,53,319,3571.0,3418.0,14071.5,299,0.039943624791669,0.03823223453876355,0.15739756825986287,3.089100346020761,1.2168031327874689,0.1382798911174222,47,46,116,0.5785953177257525,0.5384615384615384,0.4080267558528428,1
31,44,349,7238.0,2574.0,12248.0,319,0.07112744568154794,0.025294562749972976,0.12036045243266084,7.531737773152965,1.3295454545454546,0.10055746668746562,36,32,107,0.322884012539185,0.26959247648902823,0.4702194357366771,1
31,57,313,6523.0,3323.0,7020.0,223,0.13117094653019365,0.06682217619497677,0.14116511492288203,6.7877211238293444,1.0227762388427208,0.07165531953985445,41,34,80,0.42152466367713004,0.2825112107623318,0.5112107623318386,1
40,56,520,4739.0,2508.0,13525.5,339,0.04123702369453799,0.021823687576683112,0.11769389406635863,2.961875,0.7997448979591837,0.05002034023668639,38,30,112,0.35693215339233036,0.26253687315634217,0.4218289085545723,1
33,97,473,4424.0,3020.0,26293.5,303,0.04818699691751353,0.032894378546765565,0.28639349083423193,4.062442607897153,0.32096928472738867,0.11752387933616117,75,61,162,0.4158415841584158,0.4158415841584158,0.8151815181518152,1
31,57,689,4820.5,1321.0,12308.0,351,0.03912711747469582,0.01072231556562041,0.09990178651147312,5.016129032258065,0.40658664204370576,0.02592680753537341,59,39,108,0.4444444444444444,0.36182336182336183,0.4131054131054131,1
34,49,365,5085.0,1663.0,10875.0,319,0.049970027810261296,0.016342213618183783,0.10686805357651753,4.39878892733564,0.6926280716368179,0.08162882341902795,44,34,107,0.28213166144200624,0.31974921630094044,0.5047021943573667,1
31,50,216,3581.0,1400.0,11112.0,279,0.046004033863902054,0.017985380455030127,0.14275253401163912,3.7263267429760667,0.56,0.2381687242798354,31,29,94,0.4838709677419355,0.2616487455197133,0.4229390681003584,1
31,45,519,5042.0,1326.0,9502.0,311,0.05212932041645558,0.013709535674775902,0.09824133331954797,5.246618106139438,0.6548148148148148,0.03527607931363486,49,31,92,0.48231511254019294,0.17684887459807075,0.4180064308681672,1
40,57,249,6227.0,1973.0,9326.0,263,0.09002587864505776,0.02852433893796354,0.1348291864852752,3.891875,0.6072637734687596,0.15041692875921356,44,29,89,0.5665399239543726,0.4220532319391635,0.40304182509505704,1
33,94,445,3496.0,1323.0,9094.0,247,0.0573030208657739,0.021685325115966495,0.14905997475782262,3.2102846648301195,0.14972838388411044,0.04592349450826916,33,31,80,0.562753036437247,0.42105263157894735,0.5222672064777328,1
34,60,298,4962.5,4064.5,11812.0,327,0.0464092996287256,0.03801120369591037,0.11046582311627341,4.2928200692041525,1.1290277777777777,0.13301202648529345,38,30,104,0.27522935779816515,0.18960244648318042,0.42813455657492355,1
33,51,179,5670.0,2925.5,13738.5,275,0.07497520661157024,0.03868429752066116,0.18166611570247934,5.206611570247934,1.1247597078046905,0.42877875222371337,36,38,104,0.43636363636363634,0.36363636363636365,0.4690909090909091,1
31,51,304,4994.0,1931.0,9198.0,319,0.04907577559182791,0.018975835536207387,0.09038826269395937,5.196670135275754,0.7424067666282199,0.09952822022160665,36,27,89,0.38557993730407525,0.2476489028213166,0.3605015673981191,1
40,55,564,4325.0,3070.0,11185.0,295,0.04969836253950014,0.035277219189887965,0.12852628555012927,2.703125,1.0148760330578512,0.03516234092852472,38,33,101,0.41694915254237286,0.33559322033898303,0.46440677966101696,1
33,88,232,3757.0,2621.0,9854.0,299,0.04202413843245601,0.02931734544356327,0.11022248073287771,3.4499540863177227,0.3384555785123967,0.1830781807372176,40,30,99,0.45484949832775917,0.3110367892976589,0.46488294314381273,1
31,57,350,3723.5,1709.5,7087.0,271,0.050700562356177065,0.02327718849144211,0.09649923067496358,3.8746097814776275,0.5261618959679901,0.0578530612244898,32,27,72,0.11808118081180811,0.15867158671586715,0.4981549815498155,1
35,55,421,4748.5,2590.5,7478.0,267,0.06660915428747773,0.036338004460716236,0.10489696867679446,3.876326530612245,0.8563636363636363,0.04219114087598242,38,31,69,0.3857677902621723,0.24719101123595505,0.26217228464419473,1
31,46,275,4461.0,2904.0,8442.5,239,0.07809737224488367,0.05083944608812871,0.14780028360848024,4.642039542143601,1.3724007561436673,0.11163636363636363,30,31,82,0.12552301255230125,0.1506276150627615,0.5313807531380753,1
31,57,327,6665.0,2326.5,6216.5,279,0.08562325766626842,0.029887848306162562,0.07986151257049627,6.935483870967742,0.7160664819944599,0.05813670753490634,52,37,60,0.44802867383512546,0.21505376344086022,0.3835125448028674,1
40,60,550,5516.0,1604.0,12084.0,335,0.04915125863221207,0.014292715526843395,0.10767654265983516,3.4475,0.44555555555555554,0.03994710743801653,30,28,97,0.33432835820895523,0.16716417910447762,0.36716417910447763,1
33,71,418,4968.0,3013.5,7850.0,271,0.06764613771598971,0.0410329380046568,0.10688852275976635,4.56198347107438,0.5977980559412814,0.04492800073258396,40,28,81,0.4907749077490775,0.4022140221402214,0.46863468634686345,1
34,54,343,6795.0,3182.0,9452.0,315,0.06848072562358276,0.03206853111615016,0.09525825144872764,5.8780276816609,1.0912208504801097,0.08034067437887275,31,33,92,0.4031746031746032,0.32063492063492066,0.32063492063492066,1
33,48,488,5279.0,2035.0,9118.0,295,0.06066072967538064,0.023384085033036482,0.10477449008905487,4.847566574839302,0.8832465277777778,0.038287758667024996,42,22,96,0.488135593220339,0.31186440677966104,0.37966101694915255,1
31,57,184,5199.5,2090.0,7333.5,327,0.04862572361099421,0.01954567984363456,0.06858289145133686,5.4105098855359,0.6432748538011696,0.2166085775047259,36,30,79,0.39755351681957185,0.26605504587155965,0.2415902140672783,1
40,58,318,6808.0,4357.0,8988.0,303,0.0741539500484702,0.04745722096962172,0.09789889880077117,4.255,1.2951843043995244,0.0888809778094221,39,22,85,0.3432343234323432,0.17491749174917492,0.45874587458745875,1
33,86,409,5607.0,3354.0,9894.0,335,0.04996212965025618,0.029886388950768544,0.08816217420360882,5.148760330578512,0.45348837209302323,0.05914598788864246,35,45,90,0.3970149253731343,0.4537313432835821,0.3970149253731343,1
31,55,391,4041.5,4737.0,5212.5,283,0.05046261034599009,0.05914669929703205,0.06508384422330157,4.205515088449531,1.5659504132231405,0.03409514589778979,45,32,63,0.45229681978798586,0.1696113074204947,0.3674911660777385,1
34,61,374,7912.0,2440.0,8559.0,295,0.09091640333237576,0.02803792013789141,0.09835104854926745,6.844290657439446,0.6557377049180327,0.061189911064085334,40,28,79,0.3898305084745763,0.4,0.43050847457627117,1
31,54,260,5957.0,1398.0,9503.0,287,0.07232089742500213,0.016972404666804258,0.11537107406912794,6.198751300728408,0.4794238683127572,0.14057692307692307,38,30,88,0.519163763066202,0.30313588850174217,0.4564459930313589,1
33,55,363,5599.0,2612.5,10027.5,271,0.07623806865374927,0.03557277270189676,0.13653817349981617,5.141414141414141,0.8636363636363636,0.07609908248525829,6,7,89,0.02214022140221402,0.03690036900369004,0.4833948339483395,1
43,77,309,5679.0,2305.0,9969.0,311,0.058715273828847926,0.023831432677495063,0.1030696539531229,3.071389940508383,0.3887670770787654,0.10440820686838219,36,23,104,0.3954983922829582,0.12540192926045016,0.4437299035369775,1
31,57,382,5452.5,1334.5,8874.0,327,0.050991779592065765,0.012480243900158049,0.08298964733608283,5.673777315296566,0.4107417666974454,0.060812477728132454,45,2,92,0.2874617737003058,0.0061162079510703364,0.39143730886850153,1
34,61,669,5053.5,2056.0,7312.0,295,0.05806952025280092,0.02362539500143637,0.08402183280666475,4.371539792387543,0.5525396398817523,0.016337437801774508,35,29,80,0.3254237288135593,0.2677966101694915,0.38305084745762713,1
31,53,472,7680.5,2526.0,5497.5,283,0.09589956173756696,0.03153991184806902,0.06864238534630224,7.992195629552549,0.899252402990388,0.024676368141338695,40,37,75,0.4028268551236749,0.36395759717314485,0.38515901060070673,1
31,55,354,4804.0,3211.0,6802.0,259,0.07161491331375501,0.04786750346595906,0.10139980024149908,4.9989594172736735,1.0614876033057852,0.05427878323597944,32,22,71,0.4864864864864865,0.2625482625482625,0.4594594594594595,1
31,54,422,4135.0,2009.0,6479.0,279,0.05312110584396398,0.02580902095296823,0.08323377140581442,4.302809573361082,0.6889574759945131,0.036381707508816065,34,31,74,0.35125448028673834,0.3942652329749104,0.4121863799283154,1
43,71,531,6787.0,1276.0,9250.0,295,0.07798908359666762,0.014662453318012065,0.10629129560471129,3.670632774472688,0.2531243800833168,0.032805955433552865,33,28,81,0.3728813559322034,0.2711864406779661,0.36271186440677966,1
31,56,386,5997.0,1739.0,5754.0,279,0.07704166184915405,0.02234041186521242,0.07391991367017381,6.240374609781478,0.5545280612244898,0.038618486402319525,31,31,68,0.3727598566308244,0.36200716845878134,0.3225806451612903,1
34,53,723,5935.0,1606.0,7031.0,359,0.046050232384913216,0.012461107533305918,0.05455420116231252,5.134083044982699,0.5717337130651478,0.013450564250309435,28,27,78,0.3147632311977716,0.30362116991643456,0.3649025069637883,1
31,55,177,5634.0,1932.0,8373.0,319,0.05536502196322756,0.0189856624836627,0.08228103104332701,5.86264308012487,0.6386776859504132,0.26726036579526957,30,34,78,0.3385579937304075,0.34169278996865204,0.3824451410658307,1
31,42,246,5361.0,3054.0,9963.0,255,0.08244521337946943,0.04696655132641292,0.15321799307958478,5.578563995837669,1.7312925170068028,0.16463414634146342,33,30,88,0.3137254901960784,0.49411764705882355,0.5764705882352941,1
43,72,468,5704.0,2621.0,8723.5,283,0.07122076689682728,0.032726092222402574,0.10892257363682903,3.0849107625743644,0.5055941358024691,0.03982896851486595,33,24,80,0.4134275618374558,0.15901060070671377,0.2862190812720848,1
31,57,262,4533.0,2043.5,8039.0,367,0.033655309639243,0.015171988803836987,0.05968564619233939,4.716961498439126,0.628962757771622,0.11711147369034439,30,28,82,0.2452316076294278,0.18528610354223432,0.22343324250681199,1
35,51,225,3841.0,4195.0,12986.0,291,0.04535846293737674,0.04953885759497408,0.15335199159197457,3.1355102040816325,1.6128412149173394,0.25651358024691356,41,40,98,0.5154639175257731,0.4261168384879725,0.5429553264604811,1
31,46,304,6093.0,4373.0,6979.0,271,0.0829645565828352,0.0595443961819692,0.0950286624637464,6.340270551508845,2.066635160680529,0.07551722645429362,27,37,74,0.33948339483394835,0.2952029520295203,0.34317343173431736,1
31,56,198,7442.0,4961.0,8196.0,311,0.0769429596468192,0.05129186009243081,0.08473857797169178,7.744016649323621,1.581951530612245,0.20906029996939088,36,37,84,0.2604501607717042,0.1189710610932476,0.3729903536977492,1
31,51,418,6561.0,2724.5,6770.5,299,0.0733884408451807,0.03047505061464637,0.07573181508036823,6.82726326742976,1.0474817377931565,0.03874968521782926,38,33,79,0.45819397993311034,0.3712374581939799,0.30434782608695654,1
43,66,190,3772.0,1868.0,6165.0,287,0.045793927327028375,0.02267843484806177,0.07484611929245226,2.0400216333153054,0.4288337924701561,0.17077562326869805,26,20,80,0.2264808362369338,0.1916376306620209,0.3623693379790941,1
33,55,238,2733.0,3834.0,4932.0,239,0.04784580101888972,0.06712067365767406,0.08634302620752438,2.509641873278237,1.2674380165289256,0.08707012216651366,34,38,59,0.301255230125523,0.3807531380753138,0.39330543933054396,1
31,55,275,4551.0,3604.5,6225.5,275,0.060178512396694216,0.04766280991735537,0.0823206611570248,4.7356919875130075,1.1915702479338843,0.0823206611570248,32,36,71,0.2690909090909091,0.26181818181818184,0.45454545454545453,1
33,49,370,5216.0,1534.0,7533.0,319,0.051257357926907166,0.015074537396448541,0.07402639518086497,4.7897153351698805,0.6389004581424407,0.05502556610664719,32,25,82,0.3793103448275862,0.2476489028213166,0.26332288401253917,1
31,54,447,3665.5,2348.0,8033.0,279,0.047089580041366375,0.030164052363150524,0.10319754371089786,3.814255983350676,0.8052126200274349,0.040203394241500635,29,25,71,0.16845878136200718,0.31899641577060933,0.3046594982078853,1
41,76,257,3273.0,892.0,6705.0,243,0.055428542396992325,0.015106098325119817,0.11354976375552507,1.9470553242117787,0.15443213296398892,0.10151554149192267,24,35,74,0.3168724279835391,0.2222222222222222,0.40329218106995884,1
40,59,358,4020.5,1694.5,5424.0,247,0.0659001130980675,0.02777459063416873,0.08890491566818011,2.5128125,0.4867854064923872,0.04232077650510284,40,33,56,0.3360323886639676,0.340080971659919,0.41700404858299595,1
66,65,188,6518.0,2329.0,5712.0,287,0.07913171217326907,0.028275200621593076,0.0693464774368998,1.4963269054178145,0.5512426035502959,0.16161158895427796,38,19,67,0.41114982578397213,0.06620209059233449,0.24041811846689895,1
30,48,336,4430.0,3216.0,7842.0,247,0.0726122375387238,0.052713534068743954,0.1285384123653887,4.9222222222222225,1.3958333333333333,0.06946215986394558,37,27,73,0.4251012145748988,0.3441295546558704,0.39271255060728744,1
33,50,575,5860.0,2609.0,5901.0,279,0.0752816639046261,0.03351704114798114,0.07580837861795198,5.381083562901745,1.0436,0.017848015122873345,23,31,62,0.27598566308243727,0.2078853046594982,0.4121863799283154,1
31,49,289,7677.5,2847.5,6927.0,239,0.13440766093030584,0.04985031774653805,0.12126888534864586,7.989073881373569,1.1859641815910038,0.0829372253684702,42,33,77,0.4560669456066946,0.3305439330543933,0.4686192468619247,1
55,73,347,4117.5,1610.0,8394.5,303,0.04484854426036663,0.01753640710605714,0.09143439096384887,1.3611570247933884,0.30212047288421845,0.06971654942736838,27,34,86,0.3465346534653465,0.27722772277227725,0.429042904290429,1
34,61,350,4367.0,3944.0,12013.0,299,0.048847328329660746,0.044115837630451564,0.13437209874609904,3.777681660899654,1.0599301263101317,0.09806530612244899,33,39,97,0.40468227424749165,0.30434782608695654,0.3311036789297659,1
31,45,294,5367.0,1824.0,7444.0,263,0.07759256314244821,0.026370194740418396,0.10762046581561104,5.58480749219563,0.9007407407407407,0.08612152343930769,18,35,75,0.06844106463878327,0.4220532319391635,0.30798479087452474,1
39,55,317,5368.0,2395.5,10542.0,247,0.08798701830877412,0.039264698651018705,0.17279417790817747,3.529257067718606,0.791900826446281,0.1049070047467882,32,34,94,0.4817813765182186,0.4574898785425101,0.582995951417004,1
31,51,255,4010.0,2743.0,7055.0,327,0.03750151969998784,0.025652535794779715,0.06597835947217312,4.17273673257024,1.0545943867743175,0.1084967320261438,35,37,84,0.27522935779816515,0.36085626911314983,0.345565749235474,1
35,107,674,5180.0,1652.0,12291.0,327,0.04844335961245312,0.015449503876403968,0.11494543108043655,4.228571428571429,0.14429207791073456,0.02705623893844271,36,33,101,0.24770642201834864,0.25076452599388377,0.3394495412844037,1
40,60,330,5035.0,1366.0,11069.5,359,0.039067046345078016,0.010598924589349865,0.08588930874217302,3.146875,0.3794444444444444,0.10164830119375574,32,32,91,0.19220055710306408,0.21448467966573817,0.2757660167130919,1
41,65,896,4353.0,1415.0,8407.0,303,0.04741365225631474,0.015412432332342145,0.09157054319293316,2.58953004164188,0.3349112426035503,0.010471888950892858,30,26,66,0.3234323432343234,0.29372937293729373,0.39933993399339934,1
33,58,417,5873.0,2785.0,13097.0,295,0.06748635449583452,0.032002298190175235,0.15049698362539501,5.393021120293848,0.8278834720570749,0.07531816273599826,37,33,92,0.5254237288135594,0.17966101694915254,0.376271186440678,1
41,73,250,5137.5,2106.5,11450.0,311,0.05311669647749713,0.02177913793281707,0.11838173716152645,3.056216537775134,0.3952899230624883,0.1832,25,26,99,0.3022508038585209,0.22186495176848875,0.3247588424437299,1
31,47,368,7986.0,3037.5,14899.5,319,0.07847800237812129,0.029849352895510068,0.1464166036104205,8.310093652445369,1.3750565866908102,0.1100211188563327,41,33,112,0.3605015673981191,0.27586206896551724,0.3510971786833856,1
43,115,498,5440.0,4437.0,22762.0,319,0.05345859415689704,0.04360216585921915,0.22368097797781075,2.9421308815575986,0.3355009451795841,0.09178077772939146,50,47,136,0.16614420062695925,0.43260188087774293,0.6050156739811913,1
67,63,265,3871.0,2449.0,13133.0,307,0.04107205381489459,0.025984360576770046,0.13934365351356512,0.8623301403430608,0.6170319979843789,0.1870131719473122,27,28,103,0.31596091205211724,0.18892508143322476,0.44625407166123776,1
39,61,357,4939.0,1890.0,12211.0,311,0.05106440173281914,0.019540740893911352,0.12624972860082093,3.247205785667324,0.5079279763504434,0.09581087336895543,38,28,96,0.4340836012861736,0.2347266881028939,0.3408360128617363,1
40,60,255,4593.0,2138.0,8540.0,271,0.06253999809370787,0.029111804033169483,0.11628381966476492,2.870625,0.5938888888888889,0.13133410226835832,48,33,83,0.3025830258302583,0.23985239852398524,0.5535055350553506,1
31,55,325,3838.5,2458.5,11081.0,279,0.0493120591975951,0.031583612749065404,0.14235428630156344,3.9942767950052027,0.8127272727272727,0.10490887573964497,37,21,95,0.4731182795698925,0.14695340501792115,0.5591397849462365,1
33,92,186,4769.5,2032.0,7545.5,295,0.054806090203964375,0.02334961218040793,0.08670496983625395,4.3797061524334255,0.24007561436672967,0.2181032489305122,22,32,71,0.1423728813559322,0.3728813559322034,0.3864406779661017,1
57,77,440,6030.5,1958.0,6052.0,287,0.07321322342143283,0.023771078925323846,0.07347424395100098,1.856109572176054,0.3302411873840445,0.031260330578512394,31,18,65,0.18118466898954705,0.1254355400696864,0.27177700348432055,1
35,67,357,6173.5,1834.5,12217.0,327,0.057734571538123426,0.01715624386275005,0.11425338308597294,5.039591836734694,0.4086656270884384,0.09585795102354668,29,24,104,0.29357798165137616,0.12844036697247707,0.5076452599388379,1
31,47,579,6402.0,2118.5,14512.0,367,0.0475317212244504,0.015728827149952853,0.10774450771777948,6.661810613943809,0.9590312358533273,0.043288261280690604,26,39,107,0.19618528610354224,0.36239782016348776,0.4087193460490463,1
40,60,220,3690.0,2799.0,11805.0,311,0.038150970316684074,0.028938906752411574,0.12205208796435107,2.30625,0.7775,0.24390495867768594,28,25,85,0.3633440514469453,0.17684887459807075,0.43086816720257237,1
31,51,176,5888.0,6674.0,24642.0,351,0.04779181987159195,0.05417163821722226,0.20001461027102052,6.126951092611862,2.565936178392926,0.7955191115702479,45,42,144,0.33903133903133903,0.28205128205128205,0.6410256410256411,1
29,60,347,6894.0,5738.0,24372.0,351,0.05595733800862006,0.046574297286548,0.1978230696179414,8.197384066587396,1.593888888888889,0.20241011884493684,50,47,136,0.3418803418803419,0.3162393162393162,0.4074074074074074,1
34,48,267,8236.0,4521.0,19605.0,327,0.07702307138381542,0.042280391661756865,0.18334595853323232,7.124567474048443,1.9622395833333333,0.2750073643900181,53,38,124,0.4617737003058104,0.41896024464831805,0.5626911314984709,1
31,57,187,8192.0,7069.0,32220.0,383,0.05584604162547976,0.048190389190736864,0.21964837172521456,8.52445369406868,2.175746383502616,0.921387514655838,50,52,157,0.4490861618798956,0.25326370757180156,0.4856396866840731,1
31,55,384,12614.0,6390.0,23717.0,347,0.10475961099253378,0.05306912273999452,0.1969703261384116,13.125910509885536,2.112396694214876,0.16084120008680555,54,51,133,0.41210374639769454,0.5129682997118156,0.5129682997118156,1
29,59,273,6508.0,3126.0,21165.0,339,0.056630206837740706,0.027201294802516512,0.184169995040071,7.738406658739596,0.8980178109738581,0.28398341585154774,38,35,127,0.3746312684365782,0.2743362831858407,0.4365781710914454,1
33,64,176,9842.0,4799.0,19551.5,379,0.06851804150625518,0.03340968107991451,0.13611364443299614,9.0376492194674,1.171630859375,0.6311822055785123,40,40,127,0.37994722955145116,0.35883905013192613,0.40369393139841686,1
31,55,179,4846.0,3979.0,18202.0,335,0.04318110937848073,0.03545555803074181,0.16219202494987747,5.042663891779396,1.3153719008264462,0.5680846415530102,46,46,126,0.3253731343283582,0.4626865671641791,0.46865671641791046,1
34,54,269,4124.0,2175.0,16012.0,299,0.046129237927987385,0.024328586928557844,0.17910314202301988,3.5674740484429064,0.7458847736625515,0.22127941847127597,46,42,126,0.15384615384615385,0.3277591973244147,0.6354515050167224,1
31,50,332,6225.0,1827.0,10812.0,267,0.08732062450027353,0.02562807726297185,0.15166435214408955,6.477627471383975,0.7308,0.09809115982000291,32,29,101,0.5355805243445693,0.37453183520599254,0.5205992509363296,1
40,57,299,4518.5,2647.5,12103.0,303,0.0492163077693908,0.02883704212005359,0.13182803428857737,2.8240625,0.8148661126500462,0.13537879889486695,33,30,101,0.37293729372937295,0.24092409240924093,0.36633663366336633,1
33,62,670,3671.0,2723.0,13007.0,315,0.036996724615772233,0.027442680776014108,0.13108591584782062,3.3709825528007347,0.7083766909469302,0.02897527288928492,38,35,106,0.42857142857142855,0.21587301587301588,0.4253968253968254,1
31,48,343,5710.5,2359.5,8864.0,351,0.046351084812623275,0.019151630262741373,0.07194746795886398,5.942247658688866,1.0240885416666667,0.07534275684451207,39,37,85,0.2564102564102564,0.3076923076923077,0.452991452991453,1
34,61,258,3789.0,2460.0,11314.0,291,0.04474439366563928,0.029050200162964536,0.1336073027007239,3.277681660899654,0.6611126041386725,0.16997175650501772,31,31,95,0.32646048109965636,0.3333333333333333,0.37800687285223367,1
31,55,412,5528.0,4089.0,12636.0,347,0.04591018943766662,0.033959255537376776,0.10494232158725676,5.752341311134235,1.3517355371900825,0.07444151192383824,30,41,106,0.25360230547550433,0.3659942363112392,0.44668587896253603,1
33,50,324,4449.5,1293.5,11591.5,303,0.0484647474648455,0.014089032665642803,0.12625668507444804,4.085858585858586,0.5174,0.11042047706142356,42,35,100,0.23432343234323433,0.37623762376237624,0.46864686468646866,1
40,51,320,4091.0,2359.5,21760.0,355,0.03246181313231502,0.01872247569926602,0.17266415393771078,2.556875,0.9071510957324106,0.2125,51,50,141,0.5295774647887324,0.4676056338028169,0.5859154929577465,1
33,92,201,3778.5,3030.0,24391.5,319,0.03713112095989623,0.029775650789595227,0.23969398885624157,3.4696969696969697,0.3579867674858223,0.6037350560629687,60,54,151,0.5611285266457681,0.3103448275862069,0.6175548589341693,1
31,53,393,4962.0,3544.0,26221.0,303,0.054046988857301574,0.038601879989979195,0.285603807905543,5.163371488033299,1.2616589533641867,0.16977125135157883,60,60,153,0.45874587458745875,0.19801980198019803,0.6171617161716172,1
33,61,272,3182.0,4114.0,24146.0,307,0.033761631423145075,0.04365033050748549,0.256193699667901,2.921946740128558,1.1056167696855683,0.3263678633217993,56,54,148,0.5244299674267101,0.18892508143322476,0.6188925081433225,1
24,47,295,5620.0,2695.0,26305.0,311,0.058105271864434815,0.027863649052429152,0.2719678249811313,9.756944444444445,1.2200090538705297,0.30226946279804656,53,53,158,0.5980707395498392,0.45980707395498394,0.6237942122186495,1
31,55,332,3092.0,2211.0,22854.0,351,0.025097198886372674,0.017946282903547862,0.1855017410572966,3.217481789802289,0.730909090909091,0.20734141384816374,43,43,146,0.42735042735042733,0.4444444444444444,0.5754985754985755,1
43,75,256,3146.0,1978.0,13629.0,351,0.0255355070169885,0.016055064488112922,0.11062410207709353,1.701460248783126,0.3516444444444444,0.2079620361328125,41,38,110,0.39886039886039887,0.39886039886039887,0.39886039886039887,1
31,46,187,5891.0,1497.0,11954.0,255,0.09059592464436755,0.023021914648212224,0.18383698577470203,6.1300728407908425,0.7074669187145558,0.34184563470502444,40,29,105,0.3411764705882353,0.27450980392156865,0.6823529411764706,1
46,69,327,4515.0,2821.0,10445.0,339,0.03928785861591876,0.02454729770886087,0.09088852342043664,2.133742911153119,0.5925225792900651,0.09768163921854689,34,31,89,0.39823008849557523,0.09144542772861357,0.35103244837758113,1
36,84,356,6594.0,1787.0,11184.0,431,0.03549722492880637,0.009619887920499998,0.060206394237757116,5.087962962962963,0.2532596371882086,0.08824643353111981,42,46,98,0.2529002320185615,0.2552204176334107,0.46635730858468677,1
51,66,526,3571.0,2154.0,8347.0,275,0.0472198347107438,0.028482644628099175,0.11037355371900827,1.3729334871203382,0.49449035812672176,0.030168861773337767,31,31,82,0.32727272727272727,0.11272727272727273,0.5054545454545455,1
39,57,393,7106.0,2635.0,16317.0,323,0.06811145510835913,0.025256640052142742,0.1563994670705173,4.671926364234056,0.8110187750076947,0.10564652409533244,42,36,126,0.3498452012383901,0.3653250773993808,0.44891640866873067,1
31,47,380,5380.5,1868.5,18720.0,279,0.06912167109877827,0.024004059557302705,0.24049023008440282,5.598855359001041,0.8458578542326844,0.1296398891966759,55,49,131,0.6164874551971327,0.5197132616487455,0.6021505376344086,1
34,51,491,2864.0,1836.0,16735.0,275,0.03787107438016529,0.024277685950413224,0.2212892561983471,2.4775086505190314,0.7058823529411765,0.06941650316698537,44,39,121,0.5636363636363636,0.5054545454545455,0.6545454545454545,1
40,57,342,4697.5,3588.0,18156.5,311,0.0485675292852638,0.037096390649393615,0.1877203502858738,2.9359375,1.1043397968605724,0.1552315242296775,48,50,129,0.24115755627009647,0.2347266881028939,0.4405144694533762,1
33,72,241,6001.0,3639.0,20079.0,271,0.08171185032883539,0.04954997889462289,0.2734031399354584,5.510560146923783,0.7019675925925926,0.34570685766429643,49,46,138,0.45018450184501846,0.4095940959409594,0.7269372693726938,1
31,43,402,4742.0,2888.0,18871.0,311,0.049027615512660126,0.029859079207204226,0.19510757746507998,4.9344432882414155,1.5619253650621958,0.1167730996757506,56,53,130,0.45016077170418006,0.31511254019292606,0.5369774919614148,1
33,59,471,4311.0,1938.0,10586.0,319,0.04236397047984984,0.019044624168394572,0.10402806576193237,3.958677685950413,0.5567365699511635,0.0477188617072588,30,1,101,0.09404388714733543,0.003134796238244514,0.32601880877742945,1
31,56,294,4944.0,2105.5,15642.5,295,0.056811261131858665,0.024194197069807525,0.17974719908072392,5.144640998959417,0.6713966836734694,0.18097204868341896,46,42,133,0.376271186440678,0.15593220338983052,0.5966101694915255,1
34,48,385,3027.0,1492.0,11189.0,303,0.03297062379505277,0.0162511300635014,0.12187258329793375,2.618512110726644,0.6475694444444444,0.07548659133074717,37,35,104,0.2508250825082508,0.3234323432343234,0.46864686468646866,1
43,98,346,2421.0,2478.0,12659.5,335,0.02157273334818445,0.022080641568278013,0.11280463354867454,1.3093564088696592,0.25801749271137026,0.10574609910120619,39,38,110,0.3611940298507463,0.42686567164179107,0.3283582089552239,1
31,42,438,4052.0,3685.5,14351.0,279,0.05205482971698719,0.04734651404786681,0.1843629963643838,4.216441207075962,2.0892857142857144,0.07480557119326119,47,43,118,0.37992831541218636,0.37992831541218636,0.5412186379928315,1
31,50,862,7519.0,2148.0,13080.0,247,0.12324411152452917,0.035207920142929734,0.21439459751839893,7.82414151925078,0.8592,0.017603264409644652,37,36,114,0.5748987854251012,0.5263157894736842,0.6356275303643725,1
33,52,634,6792.0,2522.0,17664.0,323,0.06510174543990645,0.02417352797400531,0.169310546444421,6.236914600550964,0.9326923076923077,0.043945108419827045,50,44,119,0.47058823529411764,0.3281733746130031,0.6130030959752322,1
30,59,412,9319.0,1372.0,21528.0,335,0.08303853865003341,0.012225439964357317,0.19182891512586323,10.354444444444445,0.39413961505314565,0.12682627957394665,58,39,127,0.5074626865671642,0.29253731343283584,0.4925373134328358,1
43,76,586,3300.0,2078.5,12298.0,295,0.037920137891410514,0.02388394139615053,0.14131571387532318,1.7847485127095728,0.359851108033241,0.035812880755745555,30,31,106,0.1864406779661017,0.22033898305084745,0.37966101694915255,1
31,44,369,5420.5,2749.5,12434.5,291,0.06401081706640215,0.03246891274311829,0.14683931460422053,5.640478668054111,1.4201962809917354,0.09132203788162543,43,44,111,0.3711340206185567,0.5085910652920962,0.46735395189003437,1
31,51,382,5234.0,1920.0,16417.0,327,0.04894836760841306,0.01795583985635328,0.15353178277174573,5.446409989594173,0.7381776239907728,0.11250376908527726,47,43,122,0.4892966360856269,0.28134556574923547,0.44036697247706424,1
31,55,386,5379.0,1989.0,15084.0,319,0.05285915036212301,0.01954579848861548,0.14822967541592555,5.597294484911551,0.6575206611570248,0.10123761711723804,37,35,109,0.2727272727272727,0.3949843260188088,0.4608150470219436,1
33,59,529,3105.0,2320.5,14437.5,295,0.03567940247055444,0.0266647515081873,0.165900603274921,2.8512396694214877,0.6666187877046825,0.051591796770308854,43,43,114,0.2677966101694915,0.511864406779661,0.5186440677966102,1
34,54,304,4402.5,2036.0,17976.0,311,0.04551751946319827,0.02105023728042514,0.18585415783542353,3.8083910034602075,0.6982167352537723,0.1945117728531856,47,47,128,0.3536977491961415,0.4694533762057878,0.5884244372990354,1
57,113,291,4994.0,2354.0,16196.0,375,0.035512888888888886,0.016739555555555556,0.11517155555555555,1.5370883348722684,0.18435272926619156,0.19125896009730636,45,44,122,0.296,0.33066666666666666,0.44266666666666665,1
31,48,356,5373.0,2780.0,19854.0,319,0.05280018867739114,0.027318913925767237,0.19510421477776357,5.59105098855359,1.2065972222222223,0.15665635652064133,49,46,134,0.2852664576802508,0.4012539184952978,0.5078369905956113,1
31,48,332,5039.0,2683.0,16117.0,335,0.044900868790376476,0.023907329026509244,0.14361327689908665,5.243496357960458,1.1644965277777777,0.14622042386413123,36,36,123,0.43582089552238806,0.3402985074626866,0.48656716417910445,1
39,75,225,3272.0,2576.0,15554.5,307,0.03471654871669726,0.027331854979893686,0.16503623380619423,2.151216305062459,0.45795555555555556,0.3072493827160494,45,42,119,0.36482084690553745,0.31596091205211724,0.39087947882736157,1
43,62,366,4698.5,1550.0,13071.0,303,0.051176899868204645,0.016882876406452526,0.14237166290886513,2.541103299080584,0.4032258064516129,0.0975768162680283,27,37,108,0.2508250825082508,0.20462046204620463,0.38283828382838286,1
33,61,363,2371.0,1356.0,15753.5,287,0.028785101190982043,0.01646250409741529,0.1912552052349792,2.17722681359045,0.36441816715936576,0.11955391632326268,46,30,121,0.32752613240418116,0.33797909407665505,0.6097560975609756,1
45,59,467,4363.0,1793.0,10747.0,303,0.047522574039582176,0.01952967573985121,0.11705824047751309,2.154567901234568,0.5150818730249929,0.04927804703584317,30,35,104,0.33993399339933994,0.11551155115511551,0.48184818481848185,1
39,60,257,3349.0,2603.0,13458.0,303,0.0364779052162642,0.028352340184513502,0.14658693592131491,2.2018408941485865,0.7230555555555556,0.20375781616678526,44,43,108,0.5214521452145214,0.35313531353135313,0.5214521452145214,1
40,56,951,4075.0,2191.0,18522.0,319,0.04004481088039622,0.021530841874588497,0.18201472076728806,2.546875,0.6986607142857143,0.02047985351630527,49,46,128,0.4827586206896552,0.34169278996865204,0.46394984326018807,1
41,75,218,2984.0,1963.0,14633.0,287,0.03622722140611152,0.02383178137406063,0.17765178647306631,1.7751338488994646,0.3489777777777778,0.3079075835367393,17,30,116,0.059233449477351915,0.25435540069686413,0.5749128919860628,1
36,69,536,5241.0,3231.0,12151.0,311,0.05418678466930656,0.03340536181387703,0.12562938762006182,4.043981481481482,0.6786389413988658,0.04229435843172199,42,41,108,0.3729903536977492,0.4115755627009646,0.4855305466237942,1
33,92,622,6219.0,2028.0,8517.0,267,0.08723646004292387,0.0284475865841855,0.11947144720784413,5.710743801652892,0.2396030245746692,0.022014350554688228,38,25,82,0.4044943820224719,0.2546816479400749,0.38202247191011235,1
