SrcIPF0,DstIPF0,DstPortF0,SrcIPF2,DstIPF2,DstPortF2,Events_F1,SrcIP_BurstIndex,DstIP_BurstIndex,DstPort_BurstIndex,SrcIP_Concentration,DstIP_Concentration,DstPort_Concentration,SrcIP_MaxCount,DstIP_MaxCount,DstPort_MaxCount,SrcIP_FractionOfMass,DstIP_FractionOfMass,DstPort_FractionOfMass,Attack
13,24,19,925.0,829.75,4710.75,99,0.09437812468115499,0.08465972859912253,0.48063973063973064,5.4733727810650885,1.4405381944444444,13.049168975069252,14,12,67,0.42424242424242425,0.3434343434343434,0.8787878787878788,1
14,19,15,771.875,749.875,4532.625,95,0.08552631578947369,0.08308864265927977,0.502229916897507,3.9381377551020407,2.0772160664819945,20.145,12,0,65,0.3157894736842105,0.0,0.8842105263157894,1
18,21,29,29583.25,22979.5,105118.75,567,0.09201947811589199,0.071478339849886,0.32697463987881387,91.30632716049382,52.10770975056689,124.99256837098692,72,66,299,0.43738977072310403,0.3509700176366843,0.8148148148148148,0
12,16,186,89902.75,68592.75,194666.0,831,0.13018799208180015,0.09932902379369817,0.2818954444285154,624.3246527777778,267.9404296875,5.6268354723089375,98,98,425,0.30685920577617326,0.3249097472924188,0.7545126353790613,0
13,19,93,23727.625,19995.25,32494.625,399,0.14904193440995975,0.1255975150909856,0.20411068397811571,140.40014792899407,55.38850415512465,3.757038385940571,58,70,158,0.15288220551378445,0.17794486215538846,0.7243107769423559,0
13,19,69,7764.0,5885.75,4363.5,251,0.12323613910890303,0.09342312026793226,0.06926080538404153,45.94082840236686,16.304016620498615,0.9165091367359799,33,39,50,0.40239043824701193,0.49800796812749004,0.24701195219123506,0
14,19,90,7869.75,7839.25,4497.125,239,0.1377733232961608,0.13723936905866493,0.07872980164913079,40.151785714285715,21.715373961218837,0.5552006172839506,39,45,49,0.5941422594142259,0.497907949790795,0.2928870292887029,1
16,17,102,7075.5,5833.75,4445.375,235,0.12812132186509734,0.105636034404708,0.08049569941149841,27.638671875,20.18598615916955,0.4272755670895809,40,34,43,0.46382978723404256,0.2723404255319149,0.18723404255319148,0
17,18,76,5948.5,4570.125,3947.875,243,0.10073836982844755,0.07739546817050247,0.06685760978170671,20.58304498269896,14.105324074074074,0.683496364265928,35,30,48,0.46502057613168724,0.20164609053497942,0.42386831275720166,0
12,19,105,6274.5,5596.0,4623.375,231,0.11758587732613707,0.10487059837709188,0.0866433350199584,43.572916666666664,15.501385041551247,0.41935374149659865,36,39,47,0.4458874458874459,0.3852813852813853,0.5367965367965368,0
12,20,80,7353.0,5844.0,4169.75,275,0.0972297520661157,0.07727603305785125,0.05513719008264463,51.0625,14.61,0.6515234375,40,38,48,0.36363636363636365,0.4618181818181818,0.2,0
14,23,94,6860.75,5337.0,3334.5,199,0.17324688770485594,0.13476932400696953,0.08420241913083003,35.003826530612244,10.088846880907372,0.3773766410140335,48,36,33,0.6683417085427136,0.6934673366834171,0.3969849246231156,0
14,18,94,6386.375,5373.0,3008.0,243,0.10815382140256397,0.09099222679469593,0.0509407441277583,32.58354591836735,16.583333333333332,0.3404255319148936,36,35,20,0.5308641975308642,0.38271604938271603,0.20987654320987653,0
16,21,77,6807.0,5466.25,3860.125,259,0.10147433699557251,0.08148730639078129,0.057544237563542586,26.58984375,12.395124716553289,0.6510583572271884,39,28,25,0.3590733590733591,0.29343629343629346,0.09652509652509653,0
17,23,87,5089.0,5867.0,5198.875,239,0.08909157752840462,0.10271178725862642,0.091015125785613,17.608996539792386,11.090737240075615,0.6868641828511032,19,19,46,0.14644351464435146,0.21338912133891214,0.3682008368200837,0
12,18,91,7178.875,7755.875,7753.75,279,0.09222485579578885,0.09963740188332627,0.0996101026451356,49.853298611111114,23.937885802469136,0.9363301533631204,49,15,70,0.4946236559139785,0.07526881720430108,0.5448028673835126,0
13,19,72,4519.125,4536.25,3340.75,259,0.06736818175042113,0.06762347013312264,0.04980173223416467,26.740384615384617,12.56578947368421,0.6444347993827161,40,31,37,0.3783783783783784,0.3281853281853282,0.14285714285714285,1
13,21,100,7440.25,5671.0,4664.375,215,0.1609572742022715,0.12268253109789075,0.10090589507842077,44.02514792899408,12.859410430839002,0.4664375,43,34,46,0.4930232558139535,0.5162790697674419,0.4,1
12,19,85,5441.75,5263.5,3652.0,219,0.11346197952503076,0.1097454181522487,0.07614520130939721,37.78993055555556,14.5803324099723,0.5054671280276817,38,33,43,0.4292237442922374,0.4703196347031963,0.3515981735159817,0
18,23,83,5297.25,4473.25,4421.25,231,0.0992719401810311,0.08382995071306759,0.08285545623207961,16.349537037037038,8.456049149338375,0.6417840034838148,38,29,48,0.354978354978355,0.5151515151515151,0.43722943722943725,1
13,18,73,7183.0,6916.25,3734.25,271,0.09780640241826773,0.09417423510028458,0.05084693835868248,42.50295857988166,21.34645061728395,0.7007412272471383,42,40,32,0.4022140221402214,0.3726937269372694,0.31365313653136534,0
13,24,84,6588.0,5962.25,4472.75,223,0.13247803092762775,0.11989482997848339,0.0899424882865129,38.98224852071006,10.351128472222221,0.6338931405895691,30,25,44,0.4125560538116592,0.3004484304932735,0.34977578475336324,1
12,16,94,5968.0,6208.125,6150.5,235,0.10806699864191942,0.11241511996378452,0.1113716613852422,41.44444444444444,24.25048828125,0.6960728836577637,42,31,49,0.4,0.4,0.40425531914893614,1
14,20,69,5960.875,5331.0,4523.25,271,0.08116549338925123,0.07258888087035852,0.061590256123963454,30.412627551020407,13.3275,0.9500630119722747,21,28,37,0.07749077490774908,0.17712177121771217,0.36531365313653136,1
12,21,70,6687.0,5518.75,4862.25,223,0.1344688210098735,0.11097649258983691,0.09777494017575258,46.4375,12.514172335600907,0.992295918367347,52,28,46,0.23318385650224216,0.4304932735426009,0.3811659192825112,1
17,23,86,5272.0,4784.75,2919.75,247,0.08641347997836385,0.07842695340031798,0.04785769312724352,18.242214532871973,9.044896030245747,0.3947742022714981,32,29,32,0.2145748987854251,0.2145748987854251,0.1902834008097166,1
16,27,104,6936.25,7519.0,4615.0,311,0.07171400212983736,0.07773906390546004,0.04771456043672005,27.0947265625,10.314128943758574,0.4266826923076923,29,35,44,0.3633440514469453,0.3215434083601286,0.2379421221864952,1
13,21,65,5367.125,5037.875,4119.875,247,0.0879726761625334,0.08257593141995444,0.06752897113540625,31.758136094674555,11.42375283446712,0.9751183431952662,30,24,34,0.4331983805668016,0.2631578947368421,0.13765182186234817,0
14,20,59,6101.75,5258.0,4734.5,239,0.10682148421771327,0.09205020920502092,0.08288545368603491,31.131377551020407,13.145,1.3600976730824477,32,36,46,0.3807531380753138,0.5355648535564853,0.4769874476987448,0
12,17,66,5391.5,5087.25,3988.375,235,0.09762788592123132,0.09211860570393843,0.07222046174739702,37.44097222222222,17.602941176470587,0.9156049127640037,44,40,39,0.49361702127659574,0.48936170212765956,0.43829787234042555,0
12,15,91,5326.75,5112.25,3049.375,235,0.09645540968764146,0.09257129923042101,0.055217292892711635,36.99131944444444,22.72111111111111,0.36823753169907014,29,35,0,0.4808510638297872,0.4808510638297872,0.0,0
17,23,91,6563.75,6498.25,4099.625,243,0.1111576826025843,0.11004843435113211,0.06942750935663601,22.711937716262977,12.284026465028356,0.4950640019321338,40,31,36,0.37448559670781895,0.35390946502057613,0.4279835390946502,1
16,22,101,5520.5,5310.875,3649.375,231,0.10345570735181125,0.09952727647532843,0.06839030377991417,21.564453125,10.97288223140496,0.3577467895304382,34,26,36,0.4675324675324675,0.5151515151515151,0.3463203463203463,1
13,22,91,6293.75,6726.75,4294.75,263,0.09099090633087077,0.09725093611299859,0.0620906764591074,37.24112426035503,13.898243801652892,0.5186269774181862,44,26,30,0.42585551330798477,0.27756653992395436,0.12927756653992395,1
12,19,73,5070.25,5849.75,4968.375,263,0.07330234642686753,0.08457184576905839,0.07182950454683457,35.21006944444444,16.204293628808863,0.9323278288609496,28,34,47,0.3840304182509506,0.39543726235741444,0.24714828897338403,1
12,19,64,4958.0,4785.0,4980.0,263,0.07167950960690482,0.06917838916277523,0.07199757116627391,34.43055555555556,13.254847645429363,1.2158203125,26,27,48,0.3916349809885932,0.1444866920152091,0.3726235741444867,1
17,21,64,5396.5,6016.375,4617.375,239,0.09447488664414139,0.1053268500201327,0.08083498188056931,18.673010380622838,13.642573696145124,1.127288818359375,28,25,41,0.39330543933054396,0.37656903765690375,0.41841004184100417,1
13,22,74,5598.875,5360.75,4032.125,239,0.09801780431014863,0.09384902225101101,0.07058918786435811,33.12943786982248,11.075929752066116,0.7363266983199416,40,28,41,0.502092050209205,0.401673640167364,0.41422594142259417,1
13,24,110,6361.75,6085.0,3858.25,271,0.08662395664547051,0.08285562560422652,0.05253536852711701,37.64349112426036,10.56423611111111,0.31886363636363635,41,28,28,0.22509225092250923,0.47232472324723246,0.33210332103321033,1
16,20,75,5915.25,5730.0,3851.25,235,0.10711181530104119,0.10375735626980534,0.06973743775464011,23.1064453125,14.325,0.6846666666666666,27,31,43,0.2851063829787234,0.26382978723404255,0.1829787234042553,1
12,16,90,6132.25,6086.0,4282.5,247,0.1005138586110246,0.09975577373830091,0.07019456145814552,42.58506944444444,23.7734375,0.5287037037037037,42,33,46,0.3481781376518219,0.30364372469635625,0.27125506072874495,1
12,19,88,5744.125,5662.75,4927.5,267,0.08057519392893714,0.07943371347613236,0.06912006059840929,39.88975694444444,15.686288088642659,0.6362990702479339,31,36,46,0.40823970037453183,0.3782771535580524,0.2696629213483146,1
17,18,86,6303.75,5268.25,3695.25,255,0.09694348327566321,0.08101883890811226,0.05682814302191465,21.81228373702422,16.26003086419753,0.4996281773931855,38,25,35,0.35294117647058826,0.19607843137254902,0.3254901960784314,0
13,21,75,4582.125,4196.875,2787.75,259,0.0683073448517464,0.06256428795038833,0.04155796723364291,27.113165680473372,9.51672335600907,0.4956,22,0,30,0.2972972972972973,0.0,0.277992277992278,1
16,28,79,6242.75,6310.0,4377.0,267,0.08756961101993295,0.08851295431272707,0.061397971636577876,24.3857421875,8.048469387755102,0.7013299150777119,29,33,42,0.2846441947565543,0.2958801498127341,0.33707865168539325,1
12,18,99,8225.5,8225.5,5805.0,295,0.09451881643205975,0.09451881643205975,0.06670496983625394,57.12152777777778,25.387345679012345,0.5922865013774105,47,22,28,0.33559322033898303,0.13559322033898305,0.18305084745762712,1
12,19,66,7243.0,7622.75,5514.25,251,0.11496642910429994,0.12099411120458406,0.08752638847002428,50.298611111111114,21.115650969529085,1.2658976124885215,32,39,43,0.4581673306772908,0.3466135458167331,0.42231075697211157,1
17,21,55,6447.75,6036.75,4348.75,247,0.10568522676982084,0.09894851579275189,0.07128046681637136,22.310553633217992,13.688775510204081,1.437603305785124,30,32,44,0.5263157894736842,0.4331983805668016,0.46558704453441296,1
13,17,85,11003.125,9707.125,9155.75,319,0.10812713121922937,0.09539140731714507,0.08997307416397245,65.10724852071006,33.588667820069205,1.2672318339100346,45,51,68,0.29780564263322884,0.47335423197492166,0.5047021943573667,1
13,24,82,11114.25,10882.0,10432.0,351,0.09021233593883167,0.08832720513632195,0.08467463738119009,65.76479289940828,18.89236111111111,1.5514574657941702,50,13,68,0.26495726495726496,0.037037037037037035,0.396011396011396,1
16,27,79,7117.5,6887.75,4759.625,327,0.06656285946749713,0.0644142374846861,0.0445120126439039,27.802734375,9.448216735253773,0.7626381990065695,43,39,39,0.45565749235474007,0.42201834862385323,0.3211009174311927,1
12,21,84,8287.625,7049.75,6770.625,271,0.11284738769896924,0.09599202080581691,0.09219135088029846,57.552951388888886,15.985827664399093,0.9595556972789115,33,31,48,0.22509225092250923,0.2988929889298893,0.5830258302583026,1
13,19,90,11756.5,8317.625,8833.125,335,0.10475829806192916,0.07411561595010024,0.07870906660726219,69.56508875739645,23.04051246537396,1.0905092592592593,77,45,67,0.5194029850746269,0.2537313432835821,0.35522388059701493,1
18,22,91,11318.25,9525.5,8905.75,303,0.12328039734666536,0.10375344465139583,0.09700301713339651,34.932870370370374,19.680785123966942,1.0754437869822486,44,38,60,0.47194719471947194,0.32673267326732675,0.5742574257425742,1
18,22,72,11229.25,9581.25,9883.25,351,0.0911457699206987,0.07776925511968247,0.08022053392423763,34.65817901234568,19.795971074380166,1.9064911265432098,61,35,60,0.41025641025641024,0.22792022792022792,0.47863247863247865,1
14,22,95,8379.375,7642.625,4989.875,295,0.09628698649813272,0.08782102844010342,0.05733840850330365,42.75191326530612,15.790547520661157,0.5528947368421052,44,0,41,0.26101694915254237,0.0,0.29491525423728815,1
16,25,69,10135.5,9625.75,10642.5,335,0.09031410113611049,0.08577188683448429,0.0948318110937848,39.591796875,15.4012,2.235349716446125,48,19,66,0.3582089552238806,0.056716417910447764,0.417910447761194,1
12,19,88,10006.5,9558.0,9608.0,311,0.10345736706609733,0.09882031823492313,0.09933726905222237,69.48958333333333,26.47645429362881,1.240702479338843,44,41,66,0.4790996784565916,0.2508038585209003,0.5498392282958199,1
12,22,124,7439.75,8003.75,9982.5,287,0.09032220859789485,0.09716944481540385,0.12119243890298535,51.66493055555556,16.53667355371901,0.6492260665972945,48,32,61,0.36585365853658536,0.1986062717770035,0.5714285714285714,1
17,23,88,7733.0,7265.75,5834.0,307,0.08204861590043395,0.07709100361807553,0.06189986100648283,26.757785467128027,13.734877126654064,0.7533574380165289,42,41,56,0.3485342019543974,0.3517915309446254,0.3289902280130293,1
13,24,113,12036.5,10419.5,11332.0,303,0.13110370442984892,0.11349105207550458,0.12343016479865808,71.22189349112426,18.08940972222222,0.8874618215991855,42,50,72,0.20462046204620463,0.29372937293729373,0.6039603960396039,1
14,22,91,8529.25,6994.25,6658.5,279,0.10957271874718978,0.08985303374828175,0.08553975411415578,43.516581632653065,14.450929752066116,0.8040695568168096,46,38,51,0.41935483870967744,0.30824372759856633,0.5232974910394266,1
16,27,80,8335.375,8495.25,8740.25,351,0.06765671544873825,0.06895439160396426,0.0709430118262027,32.56005859375,11.65329218106996,1.3656640625,40,24,58,0.21937321937321938,0.11965811965811966,0.33048433048433046,0
12,21,109,7820.25,7085.25,8859.75,351,0.06347553997126647,0.0575096793045511,0.07191297148562106,54.307291666666664,16.066326530612244,0.7457074320343405,40,44,55,0.3817663817663818,0.3190883190883191,0.45014245014245013,0
18,23,87,9957.875,8373.125,11757.5,351,0.08082625141029699,0.06796312529930763,0.09543347862436181,30.734182098765434,15.828213610586012,1.5533756110450523,33,44,79,0.32193732193732194,0.301994301994302,0.33048433048433046,1
14,23,79,10909.0,11494.75,12103.75,283,0.13621096530110252,0.14352470376705914,0.1511287442719974,55.65816326530612,21.729206049149337,1.9393927255247556,48,49,73,0.4911660777385159,0.6325088339222615,0.657243816254417,1
14,22,84,9293.0,7262.0,6376.0,283,0.1160334128282286,0.09067412503589757,0.07961143228158674,47.41326530612245,15.00413223140496,0.9036281179138322,24,33,46,0.1872791519434629,0.21908127208480566,0.31095406360424027,1
12,18,136,11720.0,10176.5,11124.25,331,0.10697237155557178,0.09288432927775395,0.10153476145708783,81.38888888888889,31.40895061728395,0.6014408520761245,71,48,68,0.56797583081571,0.14501510574018128,0.5619335347432024,1
12,18,105,9754.25,9410.75,10112.25,327,0.09122174527022604,0.08800933329592533,0.09456976124344191,67.73784722222223,29.045524691358025,0.9172108843537415,51,44,72,0.3211009174311927,0.3577981651376147,0.25382262996941896,0
16,18,71,8012.5,6660.0,5906.625,311,0.08284136847220355,0.06885784886425905,0.06106869242460272,31.298828125,20.555555555555557,1.1717169212457845,46,27,53,0.49517684887459806,0.14790996784565916,0.28938906752411575,0
17,22,95,8624.75,8189.5,9386.75,303,0.09394231502358157,0.08920149440686644,0.10224215490856016,29.843425605536332,16.920454545454547,1.0400831024930748,57,32,65,0.19471947194719472,0.10891089108910891,0.39603960396039606,1
13,19,112,9096.75,7751.25,7995.25,291,0.10742374322457222,0.0915347008183654,0.09441610278574887,53.82692307692308,21.471606648199447,0.6373764349489796,51,33,57,0.5326460481099656,0.38831615120274915,0.5395189003436426,0
14,20,118,10114.125,8219.875,7861.75,347,0.0839980815387554,0.06826628408175468,0.06529204627561062,51.60267857142857,20.5496875,0.5646186440677966,52,47,59,0.4956772334293948,0.3371757925072046,0.3631123919308357,0
12,21,86,10211.5,8021.0,9016.25,279,0.13118408036895723,0.1030433833069976,0.11582906180547527,70.91319444444444,18.188208616780045,1.219071119524067,45,31,61,0.5448028673835126,0.1935483870967742,0.5842293906810035,0
16,20,91,9740.875,10103.375,10716.625,335,0.08679772777901537,0.09002784584539987,0.09549231454666963,38.05029296875,25.2584375,1.2941220867045042,57,53,67,0.4298507462686567,0.5014925373134328,0.5522388059701493,0
16,18,55,10561.0,8572.25,12491.5,271,0.14380250813578246,0.11672294767228115,0.17008891491128933,41.25390625,26.457561728395063,4.129421487603306,52,37,72,0.5830258302583026,0.3173431734317343,0.6642066420664207,0
17,22,94,8833.375,8608.5,7634.5,311,0.09132840851521386,0.08900342221441052,0.07893322029342129,30.56531141868512,17.78615702479339,0.8640221819827977,45,43,60,0.4758842443729904,0.4983922829581994,0.44694533762057875,0
14,22,96,10606.5,8642.25,9525.0,335,0.09451102695477835,0.07700824237023836,0.0848741367787926,54.11479591836735,17.855888429752067,1.0335286458333333,46,38,60,0.42686567164179107,0.43283582089552236,0.4417910447761194,0
12,20,76,8604.0,7283.5,8770.75,295,0.09886814133869577,0.08369434070669347,0.10078425739729963,59.75,18.20875,1.518481648199446,35,37,61,0.45084745762711864,0.3016949152542373,0.3728813559322034,1
13,18,66,12269.5,10409.5,10862.5,347,0.10189852917971248,0.08645117889858732,0.09021335614447425,72.60059171597634,32.12808641975309,2.4936868686868685,49,34,62,0.3659942363112392,0.2478386167146974,0.4265129682997118,1
12,22,92,10144.375,9254.375,8487.375,259,0.15122575692073761,0.13795821469566644,0.1265242766208017,70.44704861111111,19.120609504132233,1.0027616965973536,44,44,54,0.5984555984555985,0.49034749034749037,0.305019305019305,1
19,30,83,12015.5,11499.75,10866.25,327,0.11236895510104836,0.10754566113963471,0.10162116918703065,33.28393351800554,12.7775,1.577333430105966,52,34,78,0.48623853211009177,0.2782874617737003,0.42201834862385323,0
14,19,79,8914.25,8173.0,7754.5,271,0.12137974700780219,0.11128661102109176,0.10558815920262524,45.48086734693877,22.6398891966759,1.2425092132671047,36,39,49,0.33579335793357934,0.3025830258302583,0.5830258302583026,1
13,15,103,6729.25,6581.5,6596.75,263,0.09728707947201781,0.09515100695398228,0.09537148144399948,39.81804733727811,29.25111111111111,0.6218069563578094,37,35,48,0.42585551330798477,0.45627376425855515,0.3726235741444867,1
12,18,112,8473.25,6101.875,5331.25,223,0.17038850570089886,0.12270254780912546,0.10720605682800781,58.842013888888886,18.832947530864196,0.42500398596938777,35,36,42,0.4349775784753363,0.3452914798206278,0.484304932735426,1
12,15,105,7327.5,7035.5,5801.5,267,0.10278584353827379,0.09868983994725694,0.08138001655234328,50.885416666666664,31.26888888888889,0.5262131519274377,38,43,57,0.250936329588015,0.3857677902621723,0.3595505617977528,0
12,19,82,6699.5,5413.5,5582.25,239,0.11728611193781621,0.09477250048143415,0.09772675548397262,46.52430555555556,14.995844875346261,0.8301977989292088,35,33,55,0.5439330543933054,0.606694560669456,0.3891213389121339,1
19,28,92,6939.125,6059.25,4822.375,303,0.07558218693156445,0.06599843152632096,0.05252616845843,19.22195290858726,7.728635204081633,0.5697512996219282,37,36,48,0.46534653465346537,0.3465346534653465,0.2079207920792079,0
14,22,85,5169.5,5815.375,4557.125,239,0.09050086658146742,0.10180800406155355,0.07978020342781114,26.375,12.015237603305785,0.6307439446366782,28,19,44,0.49372384937238495,0.16736401673640167,0.4393305439330544,1
12,22,89,5336.75,5392.25,3142.125,255,0.0820722798923491,0.08292579777008843,0.04832179930795848,37.060763888888886,11.141012396694215,0.39668286832470645,40,33,14,0.5098039215686274,0.39215686274509803,0.11372549019607843,1
13,22,86,5753.0,5280.25,5009.75,247,0.09429756265469029,0.08654870592863348,0.08211493386221705,34.0414201183432,10.909607438016529,0.6773593834505138,11,23,49,0.044534412955465584,0.0931174089068826,0.4898785425101215,1
12,18,104,6400.5,5567.75,4047.75,239,0.11205160974072582,0.0974729083874582,0.07086272999422279,44.447916666666664,17.184413580246915,0.3742372411242604,34,31,40,0.6150627615062761,0.45188284518828453,0.28870292887029286,1
13,24,109,5396.75,5321.0,4494.5,259,0.08045124550916057,0.07932201368494805,0.06700108823660947,31.933431952662723,9.237847222222221,0.37829307297365544,37,31,47,0.3938223938223938,0.3552123552123552,0.33976833976833976,1
18,26,123,6305.75,6620.5,5663.75,271,0.08586143979520976,0.09014719298484498,0.07711972876186327,19.46219135802469,9.793639053254438,0.37436380461365587,37,34,54,0.4095940959409594,0.2767527675276753,0.2656826568265683,1
12,19,79,6998.25,7260.75,5240.5,243,0.11851597825534725,0.1229614388050602,0.08874832766007892,48.598958333333336,20.11288088642659,0.8396891523794264,25,29,50,0.26337448559670784,0.24691358024691357,0.25925925925925924,1
12,22,100,6742.25,6897.75,4889.75,295,0.07747486354495835,0.07926170640620511,0.056187877046825624,46.82118055555556,14.251549586776859,0.488975,36,8,51,0.4101694915254237,0.02711864406779661,0.2,1
13,22,74,5180.75,5605.0,5019.5,279,0.06655554270885523,0.07200575532174561,0.06448401228144551,30.65532544378698,11.580578512396695,0.91663623082542,28,31,46,0.40860215053763443,0.4910394265232975,0.16487455197132617,1
12,21,103,4721.0,5033.25,3843.125,255,0.07260284505959247,0.07740484429065744,0.059102268358323724,32.78472222222222,11.41326530612245,0.36225139032896597,28,26,0,0.4549019607843137,0.30980392156862746,0.0,1
19,28,86,5768.875,5053.75,4834.75,283,0.07203080323140507,0.06310167438724419,0.06036721647167526,15.980263157894736,6.446109693877551,0.653697944835046,33,24,55,0.4275618374558304,0.16607773851590105,0.33568904593639576,0
14,23,140,5646.25,6062.0,3787.0,287,0.06854824023601112,0.07359564884847455,0.04597603467323872,28.807397959183675,11.459357277882798,0.19321428571428573,32,28,40,0.397212543554007,0.42857142857142855,0.21951219512195122,1
12,22,84,5518.0,6076.25,5354.25,267,0.07740324594257178,0.08523404732847985,0.07510625762740394,38.31944444444444,12.554235537190083,0.7588222789115646,31,27,47,0.47191011235955055,0.10112359550561797,0.3295880149812734,1
13,20,90,7793.0,7863.25,5610.0,295,0.08954898017810974,0.09035621947716173,0.06446423441539788,46.112426035502956,19.658125,0.6925925925925925,38,31,46,0.4576271186440678,0.26440677966101694,0.2542372881355932,1
12,16,89,6359.875,8400.25,5204.625,263,0.09194689817692897,0.12144530064046032,0.07524505197415027,44.165798611111114,32.8134765625,0.6570666582502209,29,45,51,0.2509505703422053,0.29277566539923955,0.30798479087452474,1
13,20,105,6097.75,6660.75,4783.0,271,0.08302923435138411,0.09069525197096989,0.065127108835664,36.08136094674556,16.651875,0.4338321995464853,33,24,40,0.4575645756457565,0.16605166051660517,0.25461254612546125,1
17,22,88,7376.25,8189.0,5950.0,303,0.08034343038264223,0.08919604831770306,0.06480846104412422,25.523356401384085,16.919421487603305,0.7683367768595041,30,27,30,0.2079207920792079,0.24422442244224424,0.18151815181518152,1
16,23,106,9820.0,8940.0,6909.0,335,0.08750278458453999,0.07966139451993763,0.06156382267765649,38.359375,16.899810964083176,0.6148985404058384,56,50,49,0.44477611940298506,0.5194029850746269,0.14626865671641792,0
12,14,107,11511.5,12234.375,11295.125,359,0.08931882899729207,0.09492768522900971,0.0876399546868817,79.94097222222223,62.420280612244895,0.986559961568696,64,64,62,0.5738161559888579,0.43175487465181056,0.17270194986072424,0
12,22,144,10754.625,12745.75,9338.0,311,0.11119224366993724,0.1317785175918363,0.09654573463880646,74.68489583333333,26.33419421487603,0.4503279320987654,68,66,66,0.4340836012861736,0.3890675241157556,0.36977491961414793,0
12,22,109,7150.25,8094.25,6566.5,331,0.06526273035112859,0.07387893502249888,0.059934648278128166,49.654513888888886,16.72365702479339,0.5526891675784866,39,33,50,0.3957703927492447,0.19939577039274925,0.1510574018126888,1
17,24,130,5690.25,5840.25,5102.25,279,0.0731009365244537,0.07502794157320693,0.06554707673334104,19.689446366782008,10.139322916666666,0.30190828402366865,26,24,47,0.24731182795698925,0.15412186379928317,0.27598566308243727,1
16,18,117,6397.25,6491.5,5452.5,251,0.10154203901525373,0.10303804701512674,0.08654624529769368,24.9892578125,20.035493827160494,0.39831251369712906,41,32,45,0.5896414342629482,0.22310756972111553,0.17928286852589642,1
12,16,125,6145.25,5540.25,3284.25,267,0.08620193858800096,0.07771535580524344,0.04606951984177082,42.67534722222222,21.6416015625,0.210192,36,21,34,0.27715355805243447,0.07865168539325842,0.12734082397003746,0
12,20,69,6516.5,6448.5,6198.75,247,0.10681210968873445,0.10569752003802718,0.10160386172531921,45.25347222222222,16.12125,1.301984877126654,40,27,57,0.4493927125506073,0.3805668016194332,0.340080971659919,0
13,22,140,5624.5,5497.25,4605.75,251,0.08927636069268742,0.08725655148330978,0.0731059824447231,33.281065088757394,11.357954545454545,0.2349872448979592,32,32,48,0.30278884462151395,0.3466135458167331,0.27091633466135456,0
13,19,94,7112.25,6252.25,5710.25,259,0.10602480583175564,0.09320448413112506,0.08512469998956486,42.08431952662722,17.319252077562325,0.6462483023992757,34,28,51,0.4555984555984556,0.3667953667953668,0.2471042471042471,0
16,22,91,7630.25,7301.25,6807.0,271,0.10389632494110919,0.09941653844582726,0.09268664642365981,29.8056640625,15.085227272727273,0.8220021736505253,42,40,61,0.47601476014760147,0.3763837638376384,0.3210332103321033,1
16,23,73,6062.25,5678.0,5881.75,271,0.08254585313380809,0.07731376206750998,0.08008809792894978,23.6806640625,10.733459357277884,1.1037249014824544,35,20,55,0.35793357933579334,0.07380073800738007,0.4280442804428044,0
15,19,71,6756.75,5923.5,5781.375,247,0.11075005327082889,0.09709223229359602,0.09476265796849645,30.03,16.40858725761773,1.1468706605832175,32,24,56,0.5060728744939271,0.2834008097165992,0.23076923076923078,1
11,18,89,7692.5,6822.375,4739.75,271,0.10474394411840797,0.09289599814817337,0.06453820073256084,63.574380165289256,21.056712962962962,0.5983777300845853,46,30,48,0.4132841328413284,0.35793357933579334,0.36900369003690037,1
12,17,124,7057.5,6759.25,4272.5,215,0.15267712276906437,0.14622498647917792,0.09242833964305029,49.010416666666664,23.38840830449827,0.2778681061394381,37,33,43,0.6511627906976745,0.6465116279069767,0.31627906976744186,1
14,20,95,7801.5,7297.75,4454.0,239,0.13657849127291188,0.12775949300607484,0.0779748253707043,39.80357142857143,18.244375,0.4935180055401662,44,29,6,0.3891213389121339,0.37656903765690375,0.04184100418410042,1
18,28,81,6214.0,6563.75,5333.5,283,0.07758868259061794,0.08195569928454595,0.06659466343692642,19.179012345679013,8.372130102040817,0.8129096174363664,30,32,53,0.303886925795053,0.11307420494699646,0.1872791519434629,0
12,22,82,6305.0,5776.75,4793.25,247,0.10334540805454932,0.09468684948122408,0.0785662771066564,43.78472222222222,11.93543388429752,0.7128569303985722,29,23,43,0.39271255060728744,0.3643724696356275,0.20242914979757085,0
11,20,105,7008.0,6968.75,5909.25,271,0.09542353726120287,0.09488909464740404,0.0804625481679171,57.917355371900825,17.421875,0.5359863945578232,46,31,58,0.33948339483394835,0.4280442804428044,0.2988929889298893,1
16,20,69,7754.125,6553.5,6572.75,279,0.09961492015775748,0.08419085058002852,0.08443814956128519,30.28955078125,16.38375,1.3805398025624869,31,30,59,0.1971326164874552,0.2007168458781362,0.26523297491039427,1
13,20,141,6258.25,5841.0,3624.5,259,0.09329392823601318,0.08707383610858514,0.05403169302783203,37.031065088757394,14.6025,0.1823097429706755,23,26,27,0.11583011583011583,0.1891891891891892,0.16216216216216217,1
17,20,83,9153.75,10973.75,8963.5,311,0.09464077087705876,0.11345778062675117,0.09267377301723514,31.67387543252595,27.434375,1.3011322398025837,61,56,63,0.2604501607717042,0.24115755627009647,0.5916398713826366,1
12,22,82,6021.125,5457.5,4417.125,295,0.06918845159436944,0.06271186440677966,0.050756966388968684,41.81336805555556,11.275826446280991,0.656919244497323,34,26,0,0.37966101694915255,0.23389830508474577,0.0,1
16,21,91,5240.0,5450.75,5100.5,231,0.09819905923802028,0.10214857292779371,0.0955847903899852,20.46875,12.359977324263038,0.6159280280159402,21,19,47,0.19047619047619047,0.08225108225108226,0.4155844155844156,1
12,21,101,5950.25,5309.0,3841.0,279,0.0764410786089593,0.06820313202553924,0.04934417594840765,41.32118055555556,12.038548752834467,0.3765317125771983,28,39,42,0.4444444444444444,0.36200716845878134,0.15412186379928317,1
12,16,78,5603.0,6529.75,4880.0,279,0.07198006192109557,0.08388574144730926,0.06269189758610501,38.90972222222222,25.5068359375,0.8021038790269559,27,37,47,0.30824372759856633,0.22939068100358423,0.2939068100358423,1
13,20,111,5876.0,5865.0,4548.75,239,0.10286934752542848,0.10267677386600374,0.07963358484620367,34.76923076923077,14.6625,0.36918675432188947,31,27,44,0.49372384937238495,0.4100418410041841,0.3389121338912134,1
17,23,90,6396.25,6824.5,4520.0,239,0.11197720628140263,0.1194744489767336,0.07913026732725267,22.13235294117647,12.900756143667296,0.5580246913580247,38,25,42,0.24267782426778242,0.1799163179916318,0.17573221757322174,1
12,17,157,7548.125,7318.125,3412.375,223,0.15178517565203403,0.1471601077841903,0.06861941724144865,52.41753472222222,25.322231833910035,0.138438679053917,41,41,35,0.6816143497757847,0.4080717488789238,0.2914798206278027,0
16,23,92,5794.25,5700.0,5032.0,223,0.11651651953588449,0.11462124715960506,0.10118844135212854,22.6337890625,10.775047258979207,0.5945179584120983,44,30,48,0.34080717488789236,0.13901345291479822,0.5022421524663677,0
13,17,101,7279.25,5977.0,4420.0,247,0.11931436345457228,0.09796915209231424,0.07244832729597273,43.07248520710059,20.68166089965398,0.43329085383785904,52,39,48,0.6558704453441295,0.3319838056680162,0.340080971659919,1
13,24,100,6415.75,4952.125,4687.375,219,0.1337701465774275,0.10325316402910699,0.09773305393965931,37.96301775147929,8.59743923611111,0.4687375,36,31,49,0.4611872146118721,0.2602739726027397,0.4703196347031963,0
12,20,102,4936.625,4337.125,3686.0,263,0.07137048388729055,0.06270330639448307,0.05328976853792884,34.28211805555556,10.8428125,0.3542868127643214,26,26,40,0.17870722433460076,0.35361216730038025,0.19391634980988592,0
15,20,109,6523.25,4770.75,3172.75,199,0.16472437564707962,0.12047044266558925,0.08011792631499205,28.99222222222222,11.926875,0.26704401986364784,34,25,36,0.39195979899497485,0.3417085427135678,0.3015075376884422,0
16,21,103,5365.25,4954.0,3512.75,195,0.14109796186719264,0.13028270874424722,0.09238001314924392,20.9580078125,11.233560090702948,0.33111037798095955,35,35,40,0.4,0.6461538461538462,0.31794871794871793,1
12,17,109,6553.0,5079.0,4279.0,255,0.10077662437524029,0.07810841983852365,0.06580545943867744,45.50694444444444,17.57439446366782,0.36015486911876105,31,30,46,0.24705882352941178,0.12941176470588237,0.25882352941176473,0
14,22,120,6653.75,5867.625,4793.5,251,0.10561340296185776,0.09313542642180282,0.07608609387152585,33.94770408163265,12.12319214876033,0.33288194444444447,33,34,51,0.5537848605577689,0.4820717131474104,0.3187250996015936,0
13,19,96,6287.625,5024.5,4371.625,239,0.11007554139458343,0.08796239561632324,0.07653271126205774,37.20488165680474,13.918282548476455,0.4743516710069444,36,25,50,0.497907949790795,0.3598326359832636,0.3263598326359833,0
17,22,122,7168.0,5598.5,4570.125,219,0.14945476533016408,0.11673026000291904,0.09528835929192468,24.802768166089965,11.567148760330578,0.3070495162590701,47,29,43,0.5662100456621004,0.1324200913242009,0.4200913242009132,0
12,20,82,7006.5,5630.25,4811.0,219,0.14608744604991555,0.11739225620816914,0.10031066908529847,48.65625,14.075625,0.7154967281380131,43,30,52,0.5205479452054794,0.3926940639269406,0.4063926940639269,0
12,16,115,5165.75,4976.5,4847.625,247,0.08467193364913374,0.08156993230506975,0.07945753905161533,35.873263888888886,19.439453125,0.3665500945179584,25,27,50,0.10931174089068826,0.3805668016194332,0.44534412955465585,0
16,18,98,5744.5,4834.25,3224.75,255,0.08834294502114572,0.07434448289119569,0.04959246443675509,22.439453125,14.920524691358025,0.33577155351936694,32,29,37,0.42745098039215684,0.43137254901960786,0.28627450980392155,0
19,20,99,5709.0,5015.75,3320.25,203,0.13853769807566307,0.12171491664442234,0.08057099177364169,15.814404432132964,12.539375,0.33876645240281605,31,31,43,0.270935960591133,0.39901477832512317,0.35960591133004927,0
14,22,93,5790.5,5058.25,4883.75,183,0.17290752187285377,0.15104213323777957,0.14583146704888172,29.543367346938776,10.450929752066116,0.5646606544109145,31,26,54,0.7158469945355191,0.6010928961748634,0.5573770491803278,0
17,18,83,6443.25,5239.75,4566.25,247,0.10561146716058287,0.08588486944549165,0.07484551459620711,22.294982698961938,16.172067901234566,0.6628320510959501,37,22,48,0.5344129554655871,0.08906882591093117,0.2631578947368421,0
12,22,95,5735.0,4643.5,3966.0,211,0.12881561510298511,0.10429909480919117,0.08908155701803644,39.826388888888886,9.59400826446281,0.43944598337950136,38,28,44,0.3744075829383886,0.4549763033175355,0.46919431279620855,1
12,16,139,5649.0,5217.75,3531.75,215,0.1222065981611682,0.1128772309356409,0.0764034613304489,39.229166666666664,20.3818359375,0.18279333367838105,36,30,43,0.586046511627907,0.46511627906976744,0.35348837209302325,1
13,20,76,5041.25,3961.75,4619.75,229,0.0961318434049694,0.0755468049808356,0.08809423924028909,29.829881656804734,9.904375,0.7998182132963989,33,28,46,0.27074235807860264,0.31004366812227074,0.27510917030567683,0
16,25,115,4942.125,4579.75,4226.125,267,0.06932521146319909,0.06424202892451851,0.05928158621947285,19.30517578125,7.3276,0.3195557655954631,36,28,50,0.31835205992509363,0.2846441947565543,0.41198501872659177,0
12,14,113,5076.25,4574.625,3363.625,211,0.11401922688169627,0.10275207205588374,0.07555142517014443,35.251736111111114,23.339923469387756,0.26342117628631845,24,26,37,0.24644549763033174,0.24644549763033174,0.44549763033175355,0
17,23,92,5980.75,5526.5,4972.5,275,0.07908429752066115,0.07307768595041322,0.06575206611570247,20.69463667820069,10.447069943289225,0.5874881852551985,38,37,56,0.19272727272727272,0.28363636363636363,0.36727272727272725,1
13,19,132,6396.0,6284.5,3766.75,223,0.12861710470751472,0.126374952241147,0.07574554083130568,37.84615384615385,17.40858725761773,0.2161817033976125,37,45,20,0.4798206278026906,0.4798206278026906,0.15246636771300448,0
12,21,101,5670.375,4794.125,4528.25,195,0.14912228796844182,0.12607823800131493,0.11908612754766601,39.377604166666664,10.871031746031745,0.44390255857268895,39,27,47,0.5948717948717949,0.46153846153846156,0.5897435897435898,1
14,22,109,6772.375,5259.125,3345.625,179,0.2113659061827034,0.16413735526356854,0.10441699697262882,34.55293367346939,10.865960743801653,0.2815945627472435,40,32,37,0.44692737430167595,0.7430167597765364,0.48044692737430167,1
14,19,91,5829.5,5456.0,3796.75,251,0.09253027729718576,0.08660179997142903,0.06026491642989794,29.742346938775512,15.113573407202216,0.4584893128849173,28,32,50,0.21115537848605578,0.549800796812749,0.3545816733067729,0
18,23,85,6574.5,5943.75,3538.25,251,0.10435548642085046,0.09434374057554643,0.05616180695544515,20.291666666666668,11.235822306238186,0.48972318339100346,37,29,44,0.4701195219123506,0.12350597609561753,0.3187250996015936,1
12,15,86,6673.0,5775.75,4750.25,219,0.13913387961051688,0.12042597110151998,0.09904401492879632,46.34027777777778,25.67,0.6422728501892915,31,30,46,0.5525114155251142,0.2465753424657534,0.3972602739726027,0
19,19,98,7958.125,8154.5,6815.75,235,0.1441036668175645,0.14765957446808511,0.12341783612494342,22.0446675900277,22.588642659279778,0.7096782590587255,49,45,52,0.4425531914893617,0.4127659574468085,0.5787234042553191,1
19,23,112,8273.0,8014.5,4524.25,291,0.09769605932853886,0.0946434265065363,0.0534269788972733,22.916897506925206,15.150283553875237,0.3606704400510204,33,33,44,0.35738831615120276,0.3127147766323024,0.24398625429553264,0
19,24,98,6122.75,6183.75,4852.5,271,0.08336964365953622,0.08420024237142741,0.0660734467123269,16.960526315789473,10.735677083333334,0.5052582257392753,33,46,55,0.4870848708487085,0.5166051660516605,0.2029520295202952,0
18,27,96,6249.25,5743.5,4030.875,215,0.13519199567333695,0.12425094645754461,0.0872011898323418,19.28780864197531,7.878600823045267,0.4373779296875,35,34,43,0.37209302325581395,0.5441860465116279,0.26976744186046514,1
18,24,96,5656.25,4373.75,4640.75,223,0.11374147881517827,0.08795169820426713,0.09332079872911178,17.457561728395063,7.593315972222222,0.5035536024305556,32,25,55,0.3632286995515695,0.29596412556053814,0.32286995515695066,0
19,27,103,6053.25,6037.75,4720.75,231,0.11343959071231799,0.11314911639586964,0.08846816963700081,16.768005540166204,8.282235939643346,0.4449759638043171,35,28,51,0.3722943722943723,0.354978354978355,0.38961038961038963,0
18,23,105,6083.75,5208.0,3599.5,199,0.15362617105628645,0.13151183050933057,0.0908941693391581,18.777006172839506,9.844990548204159,0.32648526077097506,35,27,49,0.5678391959798995,0.5527638190954773,0.3869346733668342,0
14,21,122,6942.75,6193.75,4863.0,251,0.1102006317360042,0.09831193155664196,0.07718925096427041,35.422193877551024,14.044784580498867,0.3267266863746305,37,31,54,0.14741035856573706,0.4701195219123506,0.32669322709163345,0
15,22,102,5874.625,6363.25,5752.75,235,0.10637618832050702,0.11522408329560888,0.10416930737890448,26.109444444444446,13.147210743801653,0.552936370626682,35,30,55,0.46808510638297873,0.4851063829787234,0.3404255319148936,1
17,26,125,5568.875,5496.0,4972.75,255,0.08564206074586697,0.08452133794694348,0.07647443291041907,19.26946366782007,8.1301775147929,0.318256,45,30,55,0.27058823529411763,0.35294117647058826,0.38823529411764707,1
22,24,76,5692.75,5012.625,4754.75,223,0.11447545697681433,0.10079882965673953,0.09561322367230389,11.761880165289256,8.702473958333334,0.8231907894736842,33,31,55,0.36771300448430494,0.22869955156950672,0.39461883408071746,0
12,19,80,5907.625,4584.125,3821.25,203,0.14335764032128903,0.1112408697129268,0.0927285301754471,41.025173611111114,12.698407202216066,0.5970703125,38,26,45,0.18719211822660098,0.4236453201970443,0.46798029556650245,0
20,24,104,7809.75,5937.75,4121.25,215,0.16895078420767984,0.1284532179556517,0.08915630070308275,19.524375,10.30859375,0.3810327292899408,36,29,49,0.31627906976744186,0.31627906976744186,0.2558139534883721,0
13,27,135,7017.5,5852.5,4558.75,303,0.07643586140792297,0.06374647365726671,0.04965471794704223,41.523668639053255,8.0281207133059,0.25013717421124826,33,32,49,0.19141914191419143,0.18151815181518152,0.31353135313531355,0
15,23,80,5883.25,4675.625,4666.75,239,0.10299627107368568,0.08185474694070483,0.08169937501094168,26.147777777777776,8.838610586011342,0.7291796875,33,31,52,0.4435146443514644,0.4393305439330544,0.37656903765690375,0
18,22,97,6253.5,5897.25,4436.25,279,0.08033684048252207,0.07576020349173315,0.05699117431687671,19.300925925925927,12.18440082644628,0.47149006270591987,28,37,51,0.3010752688172043,0.3046594982078853,0.2831541218637993,0
15,26,97,6862.125,7405.0,4990.25,275,0.09073884297520661,0.09791735537190083,0.06598677685950413,30.498333333333335,10.95414201183432,0.5303698586459773,0,38,54,0.0,0.4072727272727273,0.32727272727272727,0
16,22,91,5715.25,5333.5,4101.75,195,0.1503024326101249,0.1402629848783695,0.1078698224852071,22.3251953125,11.019628099173554,0.4953206134524816,30,30,46,0.38461538461538464,0.5230769230769231,0.3384615384615385,1
13,22,107,4467.75,3751.75,3089.25,207,0.10426731078904992,0.0875574692524913,0.07209619827767276,26.43639053254438,7.75154958677686,0.2698270591318019,31,27,37,0.36231884057971014,0.43478260869565216,0.30434782608695654,0
14,18,94,6312.25,5894.375,4519.375,243,0.10689850801876408,0.09982175820081628,0.07653601246422463,32.205357142857146,18.192515432098766,0.5114729515617926,39,31,48,0.40329218106995884,0.4156378600823045,0.3497942386831276,0
12,14,86,5617.375,4694.125,4534.25,219,0.11712380892808741,0.09787379329038177,0.09454035570567752,39.009548611111114,23.949617346938776,0.6130678745267713,37,28,50,0.6073059360730594,0.4337899543378995,0.3607305936073059,0
17,19,98,7280.375,5642.625,5498.0,203,0.1766695382076731,0.13692700623650172,0.13341745735154942,25.19160899653979,15.630540166204986,0.5724698042482299,36,23,51,0.5911330049261084,0.12315270935960591,0.5615763546798029,1
14,20,99,5500.875,4426.75,3679.375,215,0.11900216333153056,0.09576527852893456,0.07959707950243375,28.065688775510203,11.066875,0.37540812162024284,33,34,43,0.29767441860465116,0.16279069767441862,0.31627906976744186,0
16,28,79,6020.5,4982.25,4710.0,243,0.10195769615065454,0.0843748412335518,0.07976426357770665,23.517578125,6.354910714285714,0.7546867489184426,29,33,50,0.13580246913580246,0.32098765432098764,0.37037037037037035,0
13,23,68,5247.0,4465.25,4574.5,263,0.07585768190952594,0.06455565354421779,0.06613511833335743,31.047337278106507,8.440926275992439,0.989294982698962,24,32,50,0.2509505703422053,0.20532319391634982,0.19011406844106463,0
12,18,78,7538.0,6730.875,5847.375,255,0.11592464436755094,0.1035121107266436,0.08992502883506344,52.34722222222222,20.774305555555557,0.9611070019723866,39,38,61,0.4627450980392157,0.2549019607843137,0.396078431372549,0
17,19,89,6280.0,5096.375,4347.875,231,0.11768894885778003,0.09550748674125298,0.08148038829857011,21.730103806228374,14.117382271468143,0.5489048099987376,40,27,50,0.43722943722943725,0.11688311688311688,0.3333333333333333,1
12,17,120,6165.5,5518.0,4563.0,307,0.06541713970440005,0.058547040286899596,0.04841430678309584,42.81597222222222,19.093425605536332,0.316875,32,32,49,0.3485342019543974,0.2996742671009772,0.2899022801302932,1
13,19,131,6600.25,5179.75,3335.5,279,0.08479143382022328,0.0665426960085302,0.04285016893410928,39.05473372781065,14.348337950138504,0.19436513023716567,35,31,36,0.3870967741935484,0.4910394265232975,0.18996415770609318,1
13,19,101,6896.875,7117.125,4790.5,247,0.11304684554737826,0.11665696864397056,0.07852120178989985,40.80991124260355,19.715027700831026,0.4696108224683854,33,0,52,0.242914979757085,0.0,0.3765182186234818,1
16,18,149,6189.0,5391.875,3138.0,271,0.08427172832613936,0.07341777753570894,0.04272817635925437,24.17578125,16.64158950617284,0.14134498446015945,33,24,41,0.4797047970479705,0.22140221402214022,0.24723247232472326,0
12,21,93,6517.875,5905.75,5366.875,239,0.11410645822026926,0.10339017174069082,0.09395625076591796,45.263020833333336,13.39172335600907,0.6205197132616488,41,37,55,0.5983263598326359,0.3263598326359833,0.3723849372384937,0
17,19,91,7498.75,6854.0,5336.0,259,0.11178649692163206,0.1021749824838628,0.07954562394716835,25.947231833910035,18.986149584487535,0.6443666223886004,34,39,53,0.25096525096525096,0.30115830115830117,0.3474903474903475,0
13,17,130,6383.875,6282.625,4149.0,255,0.09817570165321031,0.09661860822760476,0.06380622837370242,37.77440828402367,21.739186851211073,0.24550295857988166,42,38,43,0.4196078431372549,0.2901960784313726,0.39215686274509803,1
13,19,103,7852.75,6520.625,4791.25,251,0.12464484690719195,0.10350034126442438,0.076050380152696,46.46597633136095,18.062673130193907,0.4516212649637101,44,0,47,0.5776892430278885,0.0,0.3784860557768924,1
14,21,106,6451.0,6014.5,3749.75,259,0.09616732010554405,0.08966026147493329,0.055898838717371536,32.91326530612245,13.638321995464853,0.33372641509433965,31,41,44,0.22007722007722008,0.4555984555984556,0.3127413127413127,0
14,23,125,8078.875,7372.375,5237.875,307,0.08571841611051575,0.0782223153561311,0.05557486021071842,41.21875,13.936436672967863,0.335224,38,45,54,0.42996742671009774,0.40390879478827363,0.23452768729641693,1
12,19,116,6531.0,6361.75,5273.5,315,0.06582010582010582,0.06411438649533888,0.053146888384983625,45.354166666666664,17.622576177285318,0.3919069560047562,27,32,57,0.3047619047619048,0.23809523809523808,0.30158730158730157,0
17,17,119,6541.875,5654.375,3979.25,231,0.12259655928487097,0.10596456213339331,0.07457225314368171,22.636245674740483,19.56531141868512,0.281000635548337,29,32,51,0.5281385281385281,0.33766233766233766,0.4069264069264069,0
13,19,149,7103.875,6668.375,4901.625,223,0.14285175652034024,0.13409429105753182,0.0985667316857367,42.03476331360947,18.47195290858726,0.22078397369487862,33,28,56,0.3183856502242152,0.4349775784753363,0.2600896860986547,0
13,19,106,8631.5,8431.75,5085.25,279,0.11088629385542323,0.10832016546550019,0.06532868282781568,51.07396449704142,23.356648199445985,0.4525854396582414,45,31,56,0.43727598566308246,0.2724014336917563,0.3333333333333333,0
16,18,139,7954.625,6169.875,4641.375,243,0.13471227285813478,0.10448737489203881,0.07860209317685313,31.07275390625,19.042824074074073,0.2402243672687749,39,31,49,0.3991769547325103,0.43209876543209874,0.37448559670781895,0
13,20,102,7884.875,7646.0,6289.25,251,0.12515475944826274,0.12136315296582594,0.09982778051142045,46.656065088757394,19.115,0.6045030757401,44,42,60,0.3107569721115538,0.3784860557768924,0.398406374501992,1
17,20,172,10273.5,9327.0,5536.5,343,0.08732330916539877,0.07927819190983348,0.047059473518686945,35.548442906574394,23.3175,0.187145078420768,38,43,58,0.2944606413994169,0.4868804664723032,0.2594752186588921,0
12,22,103,9479.75,8563.75,7035.0,303,0.10325512749294731,0.09327789214565022,0.07662647452864098,65.83159722222223,17.69369834710744,0.6631162220755962,51,43,67,0.33003300330033003,0.22442244224422442,0.22112211221122113,0
13,22,127,7837.75,7747.0,5271.0,247,0.1284687505122195,0.12698126505925356,0.08639708895408874,46.37721893491124,16.00619834710744,0.3268026536053072,46,40,51,0.562753036437247,0.4331983805668016,0.3360323886639676,1
14,17,142,8162.75,7654.75,5640.25,343,0.06938223019320182,0.06506430143902625,0.04794133396798953,41.64668367346939,26.487024221453286,0.27971880579250147,48,34,54,0.3819241982507289,0.23615160349854228,0.20116618075801748,0
13,21,106,7817.5,6703.875,5607.375,303,0.08514960406931782,0.07301980198019802,0.0610765284449237,46.25739644970414,15.201530612244898,0.4990543787824849,33,34,55,0.21122112211221122,0.38283828382838286,0.32673267326732675,0
14,18,133,8050.625,6727.875,4209.5,263,0.11639065188162327,0.09726720062455724,0.06085818791655221,41.07461734693877,20.765046296296298,0.2379727514274408,45,27,47,0.3688212927756654,0.11787072243346007,0.3193916349809886,0
17,20,102,8592.625,6696.875,5364.125,299,0.09611329850896523,0.07490827843089004,0.060000727061218555,29.73226643598616,16.7421875,0.5155829488658208,38,33,54,0.451505016722408,0.28762541806020064,0.1806020066889632,0
13,23,106,7964.125,6808.125,6600.0,247,0.13054016620498615,0.11159214214296251,0.10818076021570588,47.125,12.869801512287335,0.5873976504093984,45,43,61,0.41700404858299595,0.3076923076923077,0.5384615384615384,0
13,17,130,6387.5,6342.0,4540.625,283,0.07975502253742711,0.07918690456866735,0.05669473960219256,37.79585798816568,21.94463667820069,0.2686760355029586,32,44,50,0.20141342756183744,0.4098939929328622,0.2791519434628975,0
12,15,115,7715.75,7100.25,5887.25,239,0.13507729206421457,0.12430192048458535,0.10306629785893104,53.58159722222222,31.55666666666667,0.4451606805293006,28,51,56,0.23430962343096234,0.4393305439330544,0.4602510460251046,0
16,20,106,8325.0,6909.25,5187.875,247,0.13645527709026536,0.1132496844727827,0.08503458506122047,32.51953125,17.273125,0.4617190281238875,33,37,56,0.29959514170040485,0.2591093117408907,0.3481781376518219,0
14,23,136,8493.0,7554.25,4689.75,255,0.13061130334486737,0.11617454825067282,0.07212226066897347,43.33163265306123,14.280245746691872,0.25355482266435986,43,46,48,0.6274509803921569,0.615686274509804,0.38823529411764707,0
18,24,105,9819.25,7552.25,7766.25,303,0.10695302203487675,0.0822604537681491,0.08459137993007222,30.306327160493826,13.11154513888889,0.704421768707483,56,43,59,0.31683168316831684,0.3333333333333333,0.47194719471947194,0
13,23,112,6816.0,6490.0,5533.25,287,0.08274957811798128,0.07879177846034309,0.06717636489455985,40.33136094674556,12.26843100189036,0.4411073022959184,33,31,55,0.42160278745644597,0.313588850174216,0.4076655052264808,1
12,19,93,5856.75,5214.125,4830.875,259,0.08730862688391645,0.0777287905666284,0.07201554836689972,40.671875,14.443559556786704,0.5585472308937449,31,33,54,0.33976833976833976,0.2857142857142857,0.42084942084942084,1
12,20,164,6584.25,6800.625,4338.625,243,0.11150485190265712,0.11516918152720622,0.07347499534285085,45.723958333333336,17.0015625,0.16131116151100536,33,35,47,0.5061728395061729,0.2757201646090535,0.32098765432098764,1
12,19,138,6557.25,5990.0,4510.375,255,0.10084198385236448,0.09211841599384853,0.06936370626682045,45.536458333333336,16.592797783933516,0.2368396870405377,28,31,49,0.4196078431372549,0.396078431372549,0.3607843137254902,1
16,24,119,7419.5,6734.5,5330.875,243,0.12564988399464852,0.11404934884587377,0.09027883622076581,28.982421875,11.691840277777779,0.3764476378786809,24,24,54,0.19753086419753085,0.3004115226337449,0.36213991769547327,1
13,19,137,8016.0,7091.0,5652.0,255,0.12327566320645905,0.10905036524413687,0.08692041522491349,47.43195266272189,19.642659279778393,0.30113485001864776,43,33,55,0.25882352941176473,0.25098039215686274,0.3568627450980392,1
11,17,115,8014.375,7690.625,5813.375,239,0.1403052292501882,0.13463743631939218,0.10177299066893086,66.23450413223141,26.611159169550174,0.43957466918714555,34,33,58,0.4686192468619247,0.13807531380753138,0.4811715481171548,1
13,21,122,7205.5,6892.0,5219.25,235,0.1304753282028067,0.12479855138071526,0.09450882752376641,42.63609467455621,15.628117913832199,0.3506617844665412,30,44,55,0.4297872340425532,0.4765957446808511,0.3872340425531915,0
12,18,124,7978.75,6254.25,5123.375,263,0.11535153030982087,0.09041984125836719,0.07407039280602581,55.407986111111114,19.30324074074074,0.3332059703433923,39,29,53,0.33840304182509506,0.11787072243346007,0.4144486692015209,0
16,19,100,7833.25,7136.25,6673.75,315,0.078944318468128,0.07191987906273621,0.06725875535399345,30.5986328125,19.768005540166204,0.667375,32,29,64,0.346031746031746,0.25396825396825395,0.2698412698412698,0
17,19,97,7977.25,7238.75,7369.5,287,0.0968477218370989,0.0878819701586762,0.08946933919314305,27.602941176470587,20.051939058171744,0.7832394515889043,35,42,64,0.34494773519163763,0.4634146341463415,0.5156794425087108,0
13,16,104,12034.75,9196.75,9597.5,255,0.18507881584006153,0.1414340638216071,0.14759707804690503,71.21153846153847,35.9248046875,0.887342825443787,62,45,61,0.6274509803921569,0.29411764705882354,0.6470588235294118,0
12,12,119,7230.625,6702.625,6486.375,251,0.1147700036507357,0.10638918429866193,0.10295669910001429,50.212673611111114,46.54600694444444,0.45804498269896193,41,39,61,0.6294820717131474,0.46215139442231074,0.4103585657370518,0
12,19,112,8699.75,7469.25,6063.5,299,0.09731155132492925,0.0835477231798302,0.06782362613393586,60.41493055555556,20.690443213296398,0.48337850765306123,36,39,53,0.2140468227424749,0.411371237458194,0.3177257525083612,0
12,16,102,8683.75,7852.25,5668.5,335,0.07737803519714859,0.06996881265315215,0.05051013588772555,60.30381944444444,30.6728515625,0.544838523644752,46,35,57,0.3522388059701492,0.41492537313432837,0.3194029850746269,0
22,24,128,8904.5,7318.0,5704.5,255,0.13693963860053826,0.11254133025759323,0.08772779700115341,18.397727272727273,12.70486111111111,0.348175048828125,51,37,56,0.4470588235294118,0.5529411764705883,0.403921568627451,0
13,20,135,8295.25,7471.0,5365.0,287,0.10070839757675824,0.09070159890249972,0.06513372749456713,49.08431952662722,18.6775,0.2943758573388203,47,38,51,0.41114982578397213,0.44947735191637633,0.43205574912891986,0
19,16,106,7169.25,6466.5,5884.5,279,0.09210120630516051,0.08307318765175165,0.07559640806258912,19.859418282548475,25.259765625,0.5237184051263795,43,35,61,0.41935483870967744,0.1863799283154122,0.3763440860215054,0
12,20,135,6617.25,5707.5,3541.5,217,0.14052644991399266,0.12120665123489563,0.0752086474548196,45.953125,14.26875,0.194320987654321,35,21,43,0.4147465437788018,0.17972350230414746,0.2764976958525346,0
21,23,91,7392.5,6768.375,8678.375,251,0.11733940731099507,0.10743281852669005,0.13774979762225997,16.763038548752835,12.794659735349716,1.0479863543050356,34,32,59,0.47808764940239046,0.5697211155378487,0.4541832669322709,0
19,26,88,8555.0,6499.25,6402.125,295,0.09830508474576272,0.07468256248204538,0.07356650387819592,23.698060941828256,9.614275147928995,0.8267206869834711,42,33,49,0.39322033898305087,0.18983050847457628,0.3694915254237288,0
18,19,105,5452.0,4797.25,4730.75,215,0.1179448350459708,0.10378042184964846,0.10234180638182802,16.82716049382716,13.288781163434903,0.42909297052154194,32,35,48,0.3767441860465116,0.3488372093023256,0.3813953488372093,1
19,28,79,6425.5,5346.125,5509.125,199,0.16225600363627182,0.13499974748112423,0.13911580515643546,17.799168975069254,6.819036989795919,0.882731132831277,32,28,50,0.40703517587939697,0.457286432160804,0.5979899497487438,1
13,20,78,4555.875,4283.75,3939.0,195,0.11981262327416174,0.11265614727153189,0.10358974358974359,26.95784023668639,10.709375,0.6474358974358975,29,35,43,0.6358974358974359,0.49230769230769234,0.5641025641025641,0
14,22,86,6988.875,7113.75,7771.75,255,0.107479815455594,0.1094002306805075,0.11951941560938101,35.65752551020408,14.697830578512397,1.050804488912926,39,32,57,0.47843137254901963,0.3215686274509804,0.5333333333333333,1
19,24,89,14226.75,17645.25,15861.5,303,0.15496029800999903,0.19219520961997189,0.17276628652964307,39.409279778393355,30.634114583333332,2.0024618103774774,97,95,95,0.6039603960396039,0.31353135313531355,0.31353135313531355,1
19,22,103,12751.25,15637.125,12443.0,335,0.11362218756961462,0.1393372688794832,0.1108754733793718,35.32202216066482,32.30810950413223,1.1728720897351306,89,90,89,0.6,0.5462686567164179,0.4417910447761194,0
21,25,90,8839.875,7836.25,6242.875,311,0.09139561212146276,0.08101911684122373,0.06454518667094013,20.045068027210885,12.538,0.7707253086419753,48,41,55,0.2347266881028939,0.41479099678456594,0.4212218649517685,0
16,22,84,8348.75,8234.75,5885.875,219,0.1740737265695044,0.17169679531285836,0.12272210754571422,32.6123046875,17.013946280991735,0.8341659580498866,34,45,54,0.502283105022831,0.6986301369863014,0.6027397260273972,0
13,22,108,6599.75,7279.5,4963.75,231,0.12368115290193213,0.13641985719907798,0.09302205730777159,39.05177514792899,15.040289256198347,0.4255615569272977,32,34,46,0.5151515151515151,0.24242424242424243,0.5367965367965368,0
12,17,75,6934.25,5413.75,3903.25,259,0.1033712973867414,0.08070467047301025,0.05818711706742595,48.154513888888886,18.732698961937718,0.6939111111111111,39,35,41,0.37065637065637064,0.23552123552123552,0.2471042471042471,0
20,20,115,10606.375,7662.75,6523.625,275,0.1402495867768595,0.10132561983471075,0.08626280991735537,26.5159375,19.156875,0.4932797731568998,54,36,51,0.46545454545454545,0.3563636363636364,0.29454545454545455,0
22,26,86,8101.25,6844.5,7471.5,259,0.12076817578748081,0.10203336265112327,0.11138027161193184,16.738119834710744,10.125,1.0102082206598162,41,38,52,0.46332046332046334,0.4749034749034749,0.3861003861003861,0
16,29,90,8096.125,6281.125,5279.75,247,0.13270378140930028,0.10295407234998115,0.08654051041649592,31.62548828125,7.468638525564804,0.651820987654321,43,44,50,0.4089068825910931,0.47368421052631576,0.29959514170040485,0
12,18,93,6691.5,7363.5,6510.75,223,0.13455931146815742,0.14807255323855295,0.13092461139375414,46.46875,22.72685185185185,0.7527748872702047,39,45,59,0.484304932735426,0.336322869955157,0.5650224215246636,1
13,18,99,8108.5,7385.5,6245.5,283,0.1012436164766697,0.09221615952253119,0.07798199503052854,47.9792899408284,22.794753086419753,0.6372308948066524,36,28,59,0.36042402826855124,0.1696113074204947,0.3250883392226148,1
14,18,108,5369.125,5906.75,4101.75,239,0.09399564083261848,0.10340767843700216,0.0718080915950351,27.393494897959183,18.23070987654321,0.35165895061728397,31,15,41,0.32217573221757323,0.0794979079497908,0.3054393305439331,1
12,18,113,7966.25,6948.25,4759.75,323,0.07635700524302927,0.06659941147715401,0.04562250189304987,55.32118055555556,21.445216049382715,0.3727582426188425,43,37,48,0.42724458204334365,0.38080495356037153,0.33126934984520123,0
17,24,68,8064.0,6245.75,6301.75,303,0.08783452602686011,0.06802982278425862,0.06863978477055627,27.903114186851212,10.843315972222221,1.3628352076124568,47,28,52,0.429042904290429,0.38613861386138615,0.31353135313531355,0
12,17,128,7179.0,6034.5,4057.25,295,0.08249353634013215,0.06934214306233841,0.04662166044240161,49.854166666666664,20.880622837370243,0.2476348876953125,52,34,33,0.4576271186440678,0.3864406779661017,0.30847457627118646,0
16,23,104,5962.0,5571.5,3688.75,207,0.13913976988961235,0.13002637167728534,0.08608718989941422,23.2890625,10.532136105860113,0.3410456730769231,32,34,42,0.2608695652173913,0.2946859903381642,0.34299516908212563,0
12,17,69,9045.75,8030.5,9000.75,263,0.13077751593922132,0.11609969784151859,0.13012693547687548,62.817708333333336,27.78719723183391,1.8905166981726529,48,36,56,0.5399239543726235,0.13688212927756654,0.6730038022813688,0
14,23,119,8044.875,7696.25,7171.5,319,0.07905656390955278,0.07563064435294464,0.0704739536757697,41.045280612244895,14.548676748582231,0.5064260998517054,54,40,59,0.3761755485893417,0.2445141065830721,0.40752351097178685,1
13,24,104,8538.75,6783.75,5863.375,315,0.08605442176870748,0.06836734693877551,0.05909171075837742,50.52514792899408,11.77734375,0.5421019785502958,38,38,53,0.31746031746031744,0.4444444444444444,0.27936507936507937,0
17,18,100,9722.5,7370.25,5506.25,311,0.10052108642383764,0.07620113522399478,0.05692920875507904,33.641868512110726,22.747685185185187,0.550625,46,28,39,0.5176848874598071,0.3022508038585209,0.17363344051446947,0
12,17,77,7416.0,5989.5,6024.0,259,0.11055291364171672,0.08928757770456612,0.08980188130767282,51.5,20.724913494809687,1.01602293810086,43,34,58,0.3667953667953668,0.21235521235521235,0.277992277992278,0
16,22,104,8103.875,6692.125,6728.625,251,0.12863089474770242,0.10622252027745592,0.10680187616069586,31.65576171875,13.826704545454545,0.6220992048816568,42,32,60,0.4262948207171315,0.35856573705179284,0.41832669322709165,0
14,19,93,7302.375,7831.125,6355.375,271,0.09943185686469411,0.1066315137321115,0.08653715227189172,37.25701530612245,21.69286703601108,0.7348103827032026,0,40,55,0.0,0.3800738007380074,0.21033210332103322,1
13,19,88,8325.0,7046.25,6325.75,283,0.10394685911922985,0.08798024697524004,0.0789840052941103,49.260355029585796,19.51869806094183,0.8168582128099173,35,21,55,0.5053003533568905,0.14487632508833923,0.38515901060070673,1
17,23,92,6367.0,6192.0,5282.0,239,0.11146513541429597,0.10840146355981163,0.09247036991649306,22.031141868512112,11.705103969754253,0.624054820415879,33,33,55,0.38493723849372385,0.3263598326359833,0.4435146443514644,1
13,16,87,7659.0,6601.75,5646.875,223,0.15401475999919564,0.13275452955016187,0.11355295702708681,45.319526627218934,25.7880859375,0.7460529792574977,35,38,57,0.39461883408071746,0.6771300448430493,0.2645739910313901,0
12,18,120,7633.25,5908.75,6130.5,267,0.10707472401071694,0.08288445622746847,0.08599503429701637,53.00868055555556,18.236882716049383,0.42572916666666666,28,30,58,0.10486891385767791,0.40074906367041196,0.40074906367041196,0
16,23,93,6754.625,5661.75,4556.0,239,0.11825116857197879,0.09911853784072408,0.07976050839446087,26.38525390625,10.702741020793951,0.5267661001271823,30,42,51,0.3514644351464435,0.3682008368200837,0.36401673640167365,0
13,18,105,5818.25,5625.0,3613.875,227,0.11291214655824876,0.1091618312018475,0.07013283781948029,34.42751479289941,17.36111111111111,0.3277891156462585,31,34,38,0.36123348017621143,0.24669603524229075,0.4185022026431718,0
13,23,96,5868.75,4627.5,6003.125,215,0.12696051919956733,0.10010816657652785,0.12986749594375338,34.726331360946745,8.747637051039698,0.6513807508680556,23,23,61,0.23255813953488372,0.22790697674418606,0.5023255813953489,1
17,19,107,6117.5,5538.875,3363.875,219,0.1275515523029128,0.11548706240487062,0.07013771606096621,21.16782006920415,15.34314404432133,0.293813870207005,35,27,39,0.6301369863013698,0.5525114155251142,0.1917808219178082,1
12,22,162,7752.0,6647.25,4255.5,271,0.10555411827181002,0.09051143094456775,0.05794447243365423,53.833333333333336,13.733987603305785,0.16215134887974395,33,30,37,0.24354243542435425,0.13653136531365315,0.14391143911439114,0
13,18,135,7299.75,6612.5,4947.75,291,0.08620292627626032,0.07808717421853781,0.05842810075459666,43.19378698224852,20.40895061728395,0.2714814814814815,29,32,49,0.2646048109965636,0.2920962199312715,0.27835051546391754,0
16,24,123,7202.125,8684.125,5485.125,267,0.10102715706490482,0.12181577803027115,0.07694209485334343,28.13330078125,15.076605902777779,0.3625570097164386,34,41,58,0.27715355805243447,0.27340823970037453,0.3258426966292135,0
11,19,130,8131.5,8349.375,5383.25,267,0.11406388082312839,0.11712010268063797,0.07551305250459397,67.20247933884298,23.128462603878116,0.3185355029585799,43,58,60,0.4419475655430712,0.3146067415730337,0.2247191011235955,0
13,18,147,9291.625,8132.5,4663.75,343,0.07897750937109538,0.0691251094356943,0.03964122091985482,54.98002958579882,25.10030864197531,0.21582442500809848,42,35,55,0.35276967930029157,0.2303206997084548,0.27405247813411077,0
17,20,102,8995.5,8452.5,6466.625,315,0.09065759637188209,0.08518518518518518,0.0651713277903754,31.12629757785467,21.13125,0.6215518069973087,39,42,62,0.3396825396825397,0.2920634920634921,0.38412698412698415,0
12,21,126,8508.0,7253.25,4836.625,267,0.11934520052181964,0.10174430837857174,0.06784531975480088,59.083333333333336,16.447278911564627,0.30465010078105315,30,34,53,0.21722846441947566,0.20973782771535582,0.299625468164794,1
13,19,126,7376.5,8164.75,5508.0,239,0.12913814534059279,0.14293779870800583,0.09642688328285569,43.64792899408284,22.617036011080334,0.3469387755102041,30,32,60,0.35564853556485354,0.13389121338912133,0.497907949790795,0
16,24,98,8685.625,6879.875,5560.25,319,0.08535318049154392,0.06760817012411435,0.05464028458839831,33.92822265625,11.944227430555555,0.5789514785506039,58,24,58,0.3072100313479624,0.09090909090909091,0.3761755485893417,0
13,24,108,8113.5,9269.5,4934.25,263,0.1172996573609565,0.13401234657144095,0.07133614769622229,48.00887573964497,16.092881944444443,0.4230324074074074,35,51,55,0.6197718631178707,0.6273764258555133,0.3231939163498099,0
17,22,117,6198.375,5863.5,3447.875,271,0.0843993818166964,0.07983959913399873,0.04694754973379992,21.44766435986159,12.114669421487603,0.2518719409745051,34,29,24,0.34317343173431736,0.39114391143911437,0.22140221402214022,0
12,21,171,6938.75,6563.25,4946.75,271,0.0944806034776215,0.08936765566917662,0.0673567898040604,48.185763888888886,14.88265306122449,0.16917171095379774,28,38,53,0.26199261992619927,0.3726937269372694,0.26199261992619927,0
15,17,115,7850.25,6770.5,5610.5,271,0.10689192685284786,0.09218964883375771,0.07639465693549924,34.89,23.42733564013841,0.424234404536862,33,32,59,0.3505535055350554,0.25461254612546125,0.4354243542435424,0
14,18,107,10838.25,8015.5,7051.0,271,0.1475776473631895,0.1091420323797334,0.09600904127122452,55.297193877551024,24.739197530864196,0.6158616473054416,44,43,59,0.5424354243542435,0.47601476014760147,0.3837638376383764,0
16,21,115,8084.0,8769.5,4043.5,279,0.10385272542747395,0.1126591385002762,0.05194563276422451,31.578125,19.885487528344672,0.3057466918714556,35,49,42,0.3154121863799283,0.4050179211469534,0.3046594982078853,1
12,19,102,7941.375,8626.625,6538.125,271,0.10813271878106234,0.11746333791751201,0.08902554431448373,55.1484375,23.89646814404432,0.6284241637831603,46,43,57,0.4317343173431734,0.5904059040590406,0.5313653136531366,1
17,22,99,6417.25,6764.25,5502.125,295,0.07374030451019822,0.07772766446423442,0.06322464808962942,22.205017301038062,13.975723140495868,0.5613840424446485,28,31,53,0.25084745762711863,0.17966101694915254,0.25084745762711863,0
12,21,84,8353.75,6661.625,6054.25,311,0.08636955780027088,0.06887464976582128,0.06259498971267874,58.01215277777778,15.105725623582767,0.8580286281179138,36,32,60,0.28938906752411575,0.3183279742765273,0.37942122186495175,1
16,26,94,5576.0,5409.0,5133.25,315,0.05619551524313429,0.0545124716553288,0.051733434114386495,21.78125,8.001479289940828,0.5809472612041647,18,31,57,0.05714285714285714,0.19682539682539682,0.3396825396825397,1
14,19,120,25597.5,26858.75,24269.25,395,0.16406024675532768,0.1721438871975645,0.15554718795064892,130.59948979591837,74.40096952908587,1.6853645833333333,143,141,144,0.6379746835443038,0.43291139240506327,0.4860759493670886,1
13,24,94,7358.5,6915.375,5911.875,315,0.07415973796926179,0.06969387755102041,0.05958049886621315,43.5414201183432,12.005859375,0.6690668854685378,40,31,55,0.26031746031746034,0.273015873015873,0.36507936507936506,1
15,17,102,15262.75,15728.5,13956.25,335,0.1360013366005792,0.14015148139897526,0.12435954555580307,67.83444444444444,54.42387543252595,1.3414311803152634,101,100,100,0.42388059701492536,0.5253731343283582,0.582089552238806,1
12,18,97,139920.625,137979.25,128186.0,607,0.3797557463855242,0.37448669965178355,0.34790703733759626,971.6710069444445,425.86188271604937,13.62376448081624,370,356,350,0.71334431630972,0.657331136738056,0.7347611202635914,1
12,14,77,91567.5,94520.25,89774.5,575,0.2769527410207939,0.2858835538752363,0.2715296786389414,635.8854166666666,482.24617346938777,15.141592174059706,298,297,294,0.6730434782608695,0.6504347826086957,0.711304347826087,1
16,19,113,66087.875,64459.5,63934.125,591,0.18921119385251417,0.18454911661384388,0.1830449552079844,258.15576171875,178.55817174515235,5.006979794815569,249,240,242,0.5685279187817259,0.4500846023688663,0.5109983079526227,1
20,25,102,126296.0,106096.25,111858.25,631,0.31719831927285697,0.2664657010606262,0.280937233933007,315.74,169.754,10.751465782391389,346,310,312,0.6703645007923931,0.6101426307448494,0.6909667194928685,1
17,21,115,144148.0,114171.5,122065.0,687,0.3054183643417258,0.24190465899243382,0.25862927438030886,498.7820069204152,258.89229024943313,9.229867674858223,369,324,326,0.6011644832605532,0.5502183406113537,0.7379912663755459,1
16,22,87,119652.5,97205.625,101872.375,551,0.394111020714688,0.32017557583802425,0.33554690201942683,467.392578125,200.8380681818182,13.459159069890342,337,297,296,0.79491833030853,0.6678765880217786,0.7586206896551724,1
16,17,103,58842.5,46613.0,52050.5,487,0.24810367290834806,0.19653917670521864,0.21946586611235028,229.853515625,161.29065743944636,4.906258836836648,233,201,196,0.5749486652977412,0.6201232032854209,0.7351129363449692,1
20,30,98,103294.5,81178.75,84704.5,511,0.39558097586942453,0.3108855664615255,0.32438792743593964,258.23625,90.1986111111111,8.819710537276135,311,274,270,0.761252446183953,0.7045009784735812,0.8551859099804305,1
16,21,89,94285.875,75110.125,77755.25,575,0.28517466918714557,0.22717618147448015,0.2351765595463138,368.30419921875,170.31774376417235,9.81634263350587,296,258,252,0.6452173913043479,0.6156521739130435,0.7321739130434782,1
20,22,163,60665.375,43746.125,50181.0,479,0.26440511939888683,0.19066393974921658,0.2187098208253974,151.6634375,90.38455578512396,1.888704881628966,232,187,188,0.7056367432150313,0.6033402922755741,0.7139874739039666,1
18,18,132,19733.25,15418.875,16700.625,391,0.12907588254917224,0.10085540387621746,0.10923937572360201,60.905092592592595,47.589120370370374,0.9584839876033058,119,88,97,0.5754475703324808,0.3938618925831202,0.5217391304347826,1
18,22,106,19119.0,15729.0,19327.0,383,0.13033697141571624,0.10722685409267226,0.1317549373163632,59.00925925925926,32.497933884297524,1.7200961196155216,116,85,107,0.4151436031331593,0.4073107049608355,0.5430809399477807,1
15,23,119,25385.25,17739.75,26974.0,399,0.15945408634367875,0.11142989051576309,0.16943360908537006,112.82333333333334,33.534499054820415,1.904808982416496,131,85,135,0.6340852130325815,0.49122807017543857,0.5538847117794486,1
24,32,95,6855.125,7644.0,9472.125,255,0.10542291426374471,0.11755478662053057,0.14566897347174163,11.901258680555555,7.46484375,1.0495429362880886,19,37,91,0.1411764705882353,0.4117647058823529,0.5215686274509804,1
23,33,106,5253.25,5800.25,7018.25,287,0.06377702776530005,0.070417875657104,0.08520499216938411,9.930529300567107,5.326216712580349,0.6246217515129939,29,29,73,0.4355400696864111,0.397212543554007,0.397212543554007,1
23,33,136,7026.875,7084.5,9491.375,303,0.0765379755797362,0.07716563735581479,0.1033817490659957,13.283317580340265,6.505509641873278,0.5131582504325259,52,24,87,0.24422442244224424,0.3102310231023102,0.3927392739273927,1
18,23,98,8019.875,6304.125,7675.5,267,0.11249807123118574,0.0884305432815722,0.10766738206455413,24.75270061728395,11.917060491493384,0.799198250728863,51,25,69,0.5692883895131086,0.1348314606741573,0.4419475655430712,1
23,25,104,4826.375,5175.5,6266.125,299,0.05398569367233029,0.05789085133275914,0.07009009966331473,9.123582230623818,8.2808,0.5793384800295858,0,32,69,0.0,0.30434782608695654,0.36454849498327757,1
16,21,113,4763.875,6085.875,7256.25,235,0.08626301493888637,0.11020144861928474,0.13139429606156633,18.60888671875,13.80017006802721,0.5682708121231107,19,39,73,0.1574468085106383,0.4127659574468085,0.3617021276595745,1
16,22,81,5918.25,6394.75,10789.5,295,0.0680063200229819,0.07348175811548406,0.12398161447859811,23.1181640625,13.212293388429751,1.6444901691815272,36,32,92,0.3559322033898305,0.2,0.46440677966101696,1
18,27,103,6959.25,6410.0,6206.75,279,0.089403399236906,0.08234734908338794,0.0797362572423273,21.479166666666668,8.79286694101509,0.5850457159015929,30,33,67,0.3333333333333333,0.43010752688172044,0.3727598566308244,1
23,24,92,7286.5,8663.25,11491.0,283,0.09098003471138359,0.10817028555731749,0.14347788085754598,13.774102079395085,15.040364583333334,1.357632325141777,35,30,97,0.49469964664310956,0.3568904593639576,0.34275618374558303,1
18,22,120,7010.75,8572.75,11313.0,335,0.06247048340387614,0.07638895076854534,0.10080641568278013,21.638117283950617,17.712293388429753,0.785625,39,35,99,0.3522388059701492,0.40298507462686567,0.29850746268656714,1
19,27,72,7075.5,7630.0,15400.5,283,0.08834546566944275,0.09526901322278965,0.19229232478867261,19.599722991689752,10.46639231824417,2.970775462962963,37,38,113,0.3568904593639576,0.19434628975265017,0.4028268551236749,1
17,24,118,8990.5,8624.75,12368.0,303,0.09792612924658803,0.09394231502358157,0.13471446154516442,31.108996539792386,14.973524305555555,0.8882505027291009,39,36,104,0.2706270627062706,0.2838283828382838,0.40594059405940597,1
20,24,108,6954.75,7707.5,11361.75,295,0.07991669060614766,0.08856650387819592,0.13055731111749497,17.386875,13.38107638888889,0.9740869341563786,36,30,95,0.3050847457627119,0.288135593220339,0.4271186440677966,1
20,28,97,8220.25,8684.75,13603.125,339,0.07152957248892718,0.07557147953811749,0.11836935808076852,20.550625,11.07748724489796,1.445756722287172,39,37,106,0.3775811209439528,0.17699115044247787,0.4218289085545723,1
16,19,121,12934.125,13778.25,27835.25,351,0.10498392870187742,0.11183553704921226,0.22593363690229787,50.52392578125,38.16689750692521,1.9011850283450584,65,63,161,0.5413105413105413,0.48717948717948717,0.49572649572649574,1
18,23,127,13017.25,13486.125,28304.125,431,0.0700752579927972,0.07259933462890489,0.15236850038490318,40.176697530864196,25.493620037807183,1.7548592597185195,65,64,161,0.4802784222737819,0.4547563805104408,0.4988399071925754,1
15,21,99,10449.25,10085.0,19238.5,383,0.07123403936218803,0.0687508947501176,0.13115162009421294,46.44111111111111,22.868480725623584,1.9629119477604327,52,52,131,0.48825065274151436,0.16971279373368145,0.5039164490861618,1
18,25,85,10718.375,10614.125,18785.375,415,0.06223472202061257,0.06162940920307737,0.1090746116998113,33.08140432098765,16.9826,2.6000519031141867,47,42,129,0.37349397590361444,0.1783132530120482,0.38313253012048193,1
17,23,145,6878.375,7865.875,10675.0,303,0.07492048709821478,0.08567651319587405,0.11627400363798757,23.80060553633218,14.869328922495274,0.5077288941736029,36,25,92,0.4389438943894389,0.1254125412541254,0.37623762376237624,1
14,22,127,7496.125,8271.0,12751.5,327,0.07010376043916991,0.07735039138119687,0.11925202704598378,38.245535714285715,17.08884297520661,0.7905945811891624,39,32,101,0.40672782874617736,0.27522935779816515,0.5198776758409785,1
18,25,118,5537.625,5417.375,7636.25,263,0.08005934739550954,0.07832085182668537,0.11039989012418858,17.091435185185187,8.6678,0.5484235851766733,33,29,72,0.376425855513308,0.4714828897338403,0.376425855513308,1
16,22,109,5375.125,6151.5,10360.5,303,0.058546820028537505,0.06700323497696305,0.11284841355422671,20.99658203125,12.709710743801653,0.8720225570238196,30,21,90,0.16831683168316833,0.19141914191419143,0.38613861386138615,1
16,22,136,5776.5,5965.25,8077.75,259,0.08611231198103785,0.08892607444730997,0.12041785304333567,22.564453125,12.324896694214877,0.4367295631487889,28,26,77,0.3590733590733591,0.18146718146718147,0.32432432432432434,1
17,20,107,8124.0,9785.875,16624.0,351,0.06594102320598047,0.07943015884611326,0.13493396969180446,28.110726643598618,24.4646875,1.452004541881387,47,46,116,0.4928774928774929,0.4586894586894587,0.3475783475783476,1
16,17,96,7626.25,9130.25,13794.75,311,0.0788479234085669,0.09439780399292812,0.1426241457387744,29.7900390625,31.592560553633216,1.496826171875,36,32,107,0.3311897106109325,0.2765273311897106,0.48231511254019294,1
16,21,128,6436.75,7851.75,8451.25,295,0.07396437805228383,0.09022407354208561,0.09711289859235851,25.1435546875,17.80442176870748,0.5158233642578125,41,34,80,0.31864406779661014,0.2135593220338983,0.3864406779661017,1
18,21,94,7494.5,8213.125,15648.0,319,0.07364805770383545,0.08070994781890901,0.1537720737807215,23.131172839506174,18.623866213151928,1.7709370755998188,38,30,112,0.3793103448275862,0.27899686520376177,0.4482758620689655,1
16,21,99,13742.25,13038.625,28941.0,327,0.12851752097185984,0.12193722002450225,0.2706562298347502,53.6806640625,29.566043083900226,2.952861952861953,75,61,162,0.3853211009174312,0.3853211009174312,0.7553516819571865,1
16,22,101,8866.875,8986.375,13150.625,291,0.10470914372763666,0.10612032215018717,0.1552960522431242,34.63623046875,18.566890495867767,1.289150573473189,59,39,108,0.5360824742268041,0.436426116838488,0.49828178694158076,1
17,18,88,7310.0,8587.25,13279.0,279,0.09390937937590729,0.11031782736604104,0.17059133361596074,25.294117647058822,26.503858024691358,1.7147469008264462,44,34,107,0.3225806451612903,0.3655913978494624,0.5770609318996416,1
16,18,94,6585.5,7359.25,10555.0,263,0.09520883632841302,0.1063952059448597,0.1525972617791207,25.724609375,22.713734567901234,1.194545043005885,31,29,94,0.5133079847908745,0.27756653992395436,0.44866920152091255,1
16,18,101,7237.25,6959.25,10622.0,279,0.09297478192726198,0.089403399236906,0.13645765085237857,28.2705078125,21.479166666666668,1.0412704636800314,49,31,92,0.5376344086021505,0.1971326164874552,0.4659498207885305,1
18,22,132,7891.75,7707.5,9675.0,283,0.09853725230680868,0.09623668668606175,0.12080310654396983,24.357253086419753,15.924586776859504,0.5552685950413223,44,29,89,0.5265017667844523,0.392226148409894,0.3745583038869258,1
16,22,114,6041.5,6660.25,7830.25,319,0.05936950305126718,0.06544992678924146,0.07694745531195644,23.599609375,13.760847107438016,0.6025123114804555,33,31,80,0.43573667711598746,0.32601880877742945,0.4043887147335423,1
17,19,125,6965.125,8759.25,12926.125,343,0.05920258565733665,0.07445239653545717,0.10987024964088092,24.100778546712803,24.263850415512465,0.827272,38,30,104,0.26239067055393583,0.18075801749271136,0.40816326530612246,1
16,19,109,6733.0,8668.625,12710.25,311,0.06961259705751595,0.08962505557221286,0.13141148251155385,26.30078125,24.01281163434903,1.0697963134416295,36,38,104,0.3858520900321543,0.3215434083601286,0.41479099678456594,1
16,23,115,6345.5,7890.25,10056.0,279,0.08151873691242405,0.10136367723950103,0.1291864184684164,24.787109375,14.915406427221171,0.7603780718336484,36,27,89,0.44086021505376344,0.2831541218637993,0.4121863799283154,1
18,21,111,6626.5,7856.0,12235.25,275,0.08762314049586777,0.10388099173553719,0.16178842975206612,20.45216049382716,17.8140589569161,0.9930403376349323,38,33,101,0.44727272727272727,0.36,0.49818181818181817,1
16,22,80,6972.5,7806.5,11827.5,327,0.06520681947834545,0.0730063874159489,0.11061077911511377,27.236328125,16.12913223140496,1.848046875,40,30,99,0.41590214067278286,0.28440366972477066,0.42507645259938837,1
16,20,99,6200.875,6538.5,7621.25,287,0.07528165936213867,0.07938059221308988,0.09252570748704003,24.22216796875,16.34625,0.7775992245689215,32,27,72,0.11149825783972125,0.14982578397212543,0.47038327526132406,1
17,25,85,6199.0,6278.875,6765.125,263,0.08962107302404257,0.09077585334470645,0.09780573667394353,21.44982698961938,10.0462,0.9363494809688582,38,31,69,0.3916349809885932,0.2509505703422053,0.2661596958174905,1
16,19,71,6884.125,7101.375,8843.25,267,0.09656644082537277,0.09961389555190843,0.12404788957623196,26.89111328125,19.67139889196676,1.7542650267804007,30,31,82,0.11235955056179775,0.1348314606741573,0.4756554307116105,1
16,23,132,7451.5,7463.375,5888.875,279,0.09572718747189785,0.09587974203825747,0.0756526123765111,29.107421875,14.108459357277884,0.337974919651056,52,37,60,0.44802867383512546,0.21505376344086022,0.3835125448028674,1
18,22,100,7180.25,9896.75,11560.25,347,0.059632170352714495,0.08219277628748682,0.0960081887566544,22.161265432098766,20.447830578512395,1.156025,30,28,97,0.3227665706051873,0.16138328530259366,0.35446685878962536,1
16,22,97,7546.125,6873.625,8520.5,311,0.07801950972384487,0.07106652123117006,0.08809358877596385,29.47705078125,14.201704545454545,0.9055691359336805,40,28,81,0.42765273311897106,0.3504823151125402,0.40836012861736337,1
17,23,116,7306.5,8303.75,10732.0,303,0.07958370094435187,0.09044592578069688,0.11689485780261194,25.282006920415224,15.697069943289225,0.7975624256837098,31,33,92,0.41914191419141916,0.3333333333333333,0.3333333333333333,1
16,22,105,7549.75,8103.25,11531.0,327,0.07060526143515791,0.07578159339374725,0.10783791113729671,29.4912109375,16.742252066115704,1.0458956916099773,42,22,96,0.44036697247706424,0.28134556574923547,0.3425076452599388,1
16,23,162,7289.625,6311.25,8789.625,343,0.061960790146962576,0.05364473986179228,0.0747105797754337,28.47509765625,11.930529300567107,0.3349194101508916,36,30,79,0.37900874635568516,0.2536443148688047,0.2303206997084548,1
18,23,155,7462.25,8137.5,10541.25,279,0.09586528950039182,0.10454002389486261,0.13542027980113308,23.031635802469136,15.382797731568997,0.43876170655567115,39,22,85,0.3727598566308244,0.18996415770609318,0.4982078853046595,1
16,22,89,6784.5,9144.5,11221.5,319,0.06667092501056397,0.08986252100510018,0.11027309086978312,26.501953125,18.893595041322314,1.4166771872238353,35,45,90,0.4169278996865204,0.47648902821316613,0.4169278996865204,1
16,20,108,6785.625,6772.875,5938.75,275,0.08972727272727272,0.08955867768595041,0.07852892561983471,26.50634765625,16.9321875,0.5091520919067215,45,32,63,0.46545454545454545,0.17454545454545456,0.3781818181818182,1
17,23,93,6625.75,7193.5,8424.25,279,0.08511902467851132,0.09241273878804229,0.10822381521306253,22.926470588235293,13.598298676748582,0.9740143369175627,40,28,79,0.4121863799283154,0.4229390681003584,0.4551971326164875,1
16,19,125,8208.75,7454.25,9973.25,287,0.09965824521361191,0.09049824569923151,0.1210801393728223,32.0654296875,20.648891966759003,0.638288,38,30,88,0.519163763066202,0.30313588850174217,0.4564459930313589,1
16,21,105,7770.875,7749.125,10130.625,335,0.06924370683893963,0.06904989975495657,0.0902706616172867,30.35498046875,17.57171201814059,0.9188775510204081,6,7,89,0.01791044776119403,0.029850746268656716,0.39104477611940297,1
18,22,100,7710.0,8308.75,13960.5,311,0.07971381602754314,0.08590430206470157,0.1443378376981214,23.796296296296298,17.166838842975206,1.39605,36,23,104,0.3954983922829582,0.12540192926045016,0.4437299035369775,1
16,22,124,7731.75,8913.625,10313.125,303,0.08421559977779956,0.09708879303771961,0.11233239660599724,30.2021484375,18.416580578512395,0.6707287330905307,45,2,92,0.3102310231023102,0.006600660066006601,0.42244224422442245,1
17,21,141,7040.0,8192.75,7939.5,263,0.10177969899810609,0.11844540184186557,0.11478407957321922,24.359861591695502,18.57766439909297,0.3993511392787083,35,29,80,0.3650190114068441,0.30038022813688214,0.4296577946768061,1
14,17,90,8537.75,7936.0,7768.875,323,0.08183486854086591,0.07606705709821814,0.07446515350477816,43.55994897959184,27.46020761245675,0.9591203703703703,40,37,75,0.35294117647058826,0.3188854489164087,0.33746130030959753,0
16,22,97,7096.5,6820.25,6734.25,279,0.0911666088565152,0.08761770789172801,0.08651289166377615,27.720703125,14.09142561983471,0.7157243065150388,32,22,71,0.45161290322580644,0.24372759856630824,0.4265232974910394,1
16,19,104,6677.0,6004.25,8140.5,271,0.09091651802126878,0.08175610353889516,0.110844078920494,26.08203125,16.632271468144044,0.7526349852071006,34,31,74,0.36162361623616235,0.4059040590405904,0.42435424354243545,1
18,22,102,7193.5,8063.75,8300.25,319,0.07069014651978656,0.07924204754277178,0.08156612061595307,22.20216049382716,16.660640495867767,0.7977941176470589,33,28,81,0.3448275862068966,0.2507836990595611,0.335423197492163,1
16,17,147,7316.25,6669.75,6441.75,263,0.10577354016972922,0.09642686752736053,0.09313059318480822,28.5791015625,23.07871972318339,0.2981049562682216,31,31,68,0.39543726235741444,0.3840304182509506,0.34220532319391633,1
17,23,167,6996.75,7658.0,8181.75,295,0.08039931054294742,0.08799770180982476,0.09401608733122666,24.21020761245675,14.476370510396976,0.293368353114131,28,27,78,0.38305084745762713,0.3694915254237288,0.4440677966101695,1
16,22,99,6112.75,6772.5,7763.5,267,0.08574604777735696,0.09500063123343012,0.1089017941056825,23.8779296875,13.992768595041323,0.7921130496888072,30,34,78,0.4044943820224719,0.40823970037453183,0.45692883895131087,1
16,16,92,6122.0,6474.0,10481.5,275,0.08095206611570248,0.08560661157024793,0.138598347107438,23.9140625,25.2890625,1.2383624763705103,33,30,88,0.2909090909090909,0.4581818181818182,0.5345454545454545,1
18,22,146,6241.25,6992.625,7956.375,267,0.08754856990559554,0.09808841476244581,0.11160733072423515,19.263117283950617,14.447572314049587,0.37325835053480955,33,24,80,0.43820224719101125,0.16853932584269662,0.30337078651685395,1
16,22,118,8372.625,7294.25,9310.0,279,0.1075606043087833,0.09370704384578821,0.11960278002595033,32.70556640625,15.070764462809917,0.6686297041080149,30,28,82,0.3225806451612903,0.24372759856630824,0.2939068100358423,1
17,21,124,8144.0,8058.75,11973.5,375,0.05791288888888889,0.057306666666666665,0.0851448888888889,28.17993079584775,18.273809523809526,0.7787135796045785,41,40,98,0.4,0.33066666666666666,0.42133333333333334,1
16,18,113,6382.25,7579.25,7326.25,383,0.04350871571828835,0.051668836790761404,0.0499440994212245,24.9306640625,23.392746913580247,0.5737528389067272,27,37,74,0.2402088772845953,0.20887728459530025,0.24281984334203655,1
16,18,86,6792.5,7215.75,8834.25,247,0.11133603238866396,0.11827353341310298,0.1448024062023636,26.533203125,22.270833333333332,1.1944632233639805,36,37,84,0.32793522267206476,0.14979757085020243,0.46963562753036436,1
16,20,112,7566.5,8458.0,7716.75,271,0.10302828120532127,0.11516727713402596,0.10507414114731553,29.556640625,21.145,0.6151745854591837,38,33,79,0.5055350553505535,0.4095940959409594,0.33579335793357934,1
18,19,111,4918.75,5370.25,7771.0,239,0.08611106248139913,0.09401533586596873,0.13604453703541605,15.181327160493828,14.876038781163436,0.6307117928739551,26,20,80,0.2719665271966527,0.2301255230125523,0.4351464435146444,1
14,20,113,5313.25,5278.0,5104.5,239,0.09301745417622241,0.0924003431312477,0.08936293132123037,27.10841836734694,13.195,0.3997572245281541,34,38,59,0.301255230125523,0.3807531380753138,0.39330543933054396,1
16,22,116,6446.625,6710.875,6848.5,287,0.0782651847175515,0.08147330913329044,0.08314414403477036,25.18212890625,13.865444214876034,0.508955112960761,32,36,71,0.2578397212543554,0.2508710801393728,0.4355400696864111,1
16,22,93,6232.5,7487.0,8050.25,263,0.09010539403490003,0.10824213159074152,0.11638523037777039,24.345703125,15.46900826446281,0.9307723436235403,32,25,82,0.4600760456273764,0.30038022813688214,0.3193916349809886,1
17,21,87,4752.625,5445.125,7276.375,239,0.08320276255667793,0.09532614975228025,0.12738528737241994,16.44506920415225,12.347222222222221,0.9613390144008456,29,25,71,0.19665271966527198,0.3723849372384937,0.35564853556485354,1
21,25,83,4600.0,4864.25,7364.0,243,0.07790140391877932,0.08237650087215702,0.12470998662128063,10.430839002267573,7.7828,1.0689505007983742,24,35,74,0.3168724279835391,0.2222222222222222,0.3991769547325103,1
18,24,130,5927.125,6478.625,5196.125,279,0.07614399866394317,0.08322895389319253,0.06675306072635244,18.293595679012345,11.247612847222221,0.3074630177514793,40,33,56,0.2974910394265233,0.3010752688172043,0.36917562724014336,1
23,28,140,6720.25,6200.5,6194.25,247,0.11015178088478748,0.10163254601780065,0.10153010211608124,12.703686200378073,7.908801020408164,0.3160331632653061,38,19,67,0.4777327935222672,0.07692307692307693,0.2793522267206478,1
13,20,107,5975.25,5917.75,7558.625,279,0.07676224611708482,0.0760235608483961,0.09710339024421577,35.35650887573964,14.794375,0.6601995807494104,37,27,73,0.3763440860215054,0.3046594982078853,0.34767025089605735,1
16,24,114,5588.0,6604.5,5928.0,287,0.06784105670822761,0.0801818645364154,0.0719688232223288,21.828125,11.466145833333334,0.45614035087719296,23,31,62,0.2682926829268293,0.20209059233449478,0.40069686411149824,1
16,19,103,6405.875,6260.875,7796.375,259,0.0954946259000313,0.09333306003190173,0.1162232972078532,25.02294921875,17.34314404432133,0.7348831181072674,42,33,77,0.42084942084942084,0.305019305019305,0.43243243243243246,1
18,19,90,6149.375,7332.75,10065.125,279,0.0789991778111792,0.09420164180830154,0.12930364460888222,18.979552469135804,20.312326869806093,1.242608024691358,27,34,86,0.3763440860215054,0.3010752688172043,0.4659498207885305,1
17,23,109,7473.5,7612.25,11465.0,295,0.08587762137316864,0.0874719908072393,0.13174375179546108,25.859861591695502,14.389886578449905,0.9649861122801111,33,39,97,0.4101694915254237,0.30847457627118646,0.33559322033898303,1
20,20,103,5427.5,7169.0,7693.0,227,0.10532903801742707,0.13912554095751906,0.14929457198858895,13.56875,17.9225,0.7251390328965972,18,35,75,0.07929515418502203,0.4889867841409692,0.3568281938325991,1
16,16,90,6664.75,7516.125,10978.125,295,0.07658431485205401,0.08636742315426602,0.1261490950876185,26.0341796875,29.35986328125,1.3553240740740742,32,34,94,0.4033898305084746,0.38305084745762713,0.488135593220339,1
17,20,122,6777.25,7451.0,9128.25,287,0.08227913414027122,0.0904587891075526,0.11082142553630614,23.45069204152249,18.6275,0.6132927976350443,35,37,84,0.313588850174216,0.41114982578397213,0.39372822299651566,1
20,22,105,5916.875,6835.625,12167.875,303,0.06444765763705083,0.07445484647474648,0.13253466435752487,14.7921875,14.12319214876033,1.1036621315192743,36,33,101,0.26732673267326734,0.2706270627062706,0.36633663366336633,1
18,21,97,6034.5,6108.125,10849.375,295,0.06934214306233841,0.07018816432059753,0.12466963516230968,18.625,13.85062358276644,1.1530848124136466,32,32,91,0.23389830508474577,0.26101694915254237,0.33559322033898303,1
17,23,111,5650.75,5636.75,6897.75,351,0.0458661049829141,0.04575246954164333,0.05598777607324616,19.552768166089965,10.655482041587902,0.5598368638909179,30,26,66,0.2792022792022792,0.2535612535612536,0.34472934472934474,1
16,22,105,7509.0,7201.0,10844.5,311,0.07763567374200019,0.07445125670743685,0.11212146276403263,29.33203125,14.87809917355372,0.9836281179138322,37,33,92,0.4983922829581994,0.17041800643086816,0.35691318327974275,1
21,28,93,8629.375,8775.0,12793.375,383,0.05882768987449638,0.059820436433543074,0.08721427646244777,19.567743764172334,11.192602040816327,1.4791738929355995,25,26,99,0.2454308093994778,0.1801566579634465,0.26370757180156656,1
16,18,83,8540.0,8023.0,16252.75,287,0.10367978244242372,0.09740314924304047,0.19731634474134688,33.359375,24.762345679012345,2.35923210915953,41,33,112,0.40069686411149824,0.30662020905923343,0.3902439024390244,1
20,28,99,9555.0,11152.25,22418.5,359,0.07413815845625034,0.08653137390305786,0.17394728470449483,23.8875,14.224808673469388,2.2873686358534844,50,47,136,0.14763231197771587,0.38440111420612816,0.5376044568245125,1
21,25,98,6055.75,7437.5,13660.75,295,0.06958632576845734,0.08546394714162597,0.1569750071818443,13.73185941043084,11.9,1.422402124114952,27,28,103,0.3288135593220339,0.19661016949152543,0.46440677966101696,1
16,23,88,6462.0,8205.0,11683.5,311,0.06681072362775406,0.08483162911880564,0.12079589747831392,25.2421875,15.510396975425332,1.5087164256198347,38,28,96,0.4340836012861736,0.2347266881028939,0.3408360128617363,1
18,22,122,6311.875,7393.125,9214.375,267,0.08853925570564884,0.1037063922905357,0.12925381194854746,19.481095679012345,15.275051652892563,0.6190792125772642,48,33,83,0.30711610486891383,0.24344569288389514,0.5617977528089888,1
16,24,98,7766.375,7393.375,12188.875,283,0.09697180636541847,0.09231448763250884,0.15219162431794628,30.33740234375,12.83572048611111,1.2691456684714701,37,21,95,0.4664310954063604,0.14487632508833923,0.5512367491166078,1
16,21,102,6273.75,7076.75,7398.125,303,0.06833480377740744,0.07708122297378253,0.08058169678353974,24.5068359375,16.04705215419501,0.711084678969627,22,32,71,0.13861386138613863,0.36303630363036304,0.37623762376237624,1
17,24,136,6986.875,7292.75,7026.125,263,0.10101165261894779,0.1054337925949486,0.10157910335554945,24.176038062283737,12.661024305555555,0.3798726751730104,31,18,65,0.19771863117870722,0.13688212927756654,0.2965779467680608,1
18,27,67,6637.125,6857.875,14392.375,343,0.05641463165857764,0.05829097569890097,0.12233316900271146,20.484953703703702,9.407235939643346,3.2061427934952107,29,24,104,0.27988338192419826,0.12244897959183673,0.4839650145772595,1
16,19,96,7211.625,7679.375,15397.375,295,0.08286842861246768,0.08824332088480322,0.17693047974719908,28.17041015625,21.272506925207757,1.6707221137152777,26,39,107,0.2440677966101695,0.45084745762711864,0.5084745762711864,1
18,21,81,5737.5,6242.0,11057.75,275,0.07586776859504132,0.08253884297520661,0.14621818181818183,17.708333333333332,14.154195011337869,1.68537570492303,28,25,85,0.4109090909090909,0.2,0.48727272727272725,1
16,20,79,11390.25,10973.5,26201.25,343,0.09681552754379552,0.09327321099201863,0.22270695033531945,44.4931640625,27.43375,4.198245473481814,45,42,144,0.3469387755102041,0.2886297376093295,0.6559766763848397,1
14,18,76,10880.25,11428.25,22608.0,319,0.10691964505065792,0.11230481225616887,0.2221676280696927,55.51147959183673,35.27237654320987,3.914127423822715,50,47,136,0.3761755485893417,0.34796238244514105,0.4482758620689655,1
17,22,88,11333.375,12196.75,19684.875,327,0.10598972215208222,0.11406400508748796,0.1840929495272564,39.21583044982699,25.199896694214875,2.541951833677686,53,38,124,0.4617737003058104,0.41896024464831805,0.5626911314984709,1
16,22,75,13395.625,15205.875,30096.5,359,0.10393793499429707,0.11798383780386558,0.23352162071988888,52.32666015625,31.417097107438018,5.350488888888889,50,52,157,0.479108635097493,0.27019498607242337,0.5181058495821727,1
16,22,110,12210.5,12346.25,24303.5,375,0.08683022222222223,0.08779555555555556,0.1728248888888889,47.697265625,25.508780991735538,2.0085537190082645,54,51,133,0.38133333333333336,0.4746666666666667,0.4746666666666667,1
17,21,72,10560.25,10410.75,20135.25,367,0.07840469526093445,0.07729473082434349,0.1494943907817268,36.54065743944636,23.607142857142858,3.8841145833333335,38,35,127,0.3460490463215259,0.25340599455040874,0.4032697547683924,1
16,20,83,9499.5,11223.875,21202.125,351,0.07710570531083352,0.09110214202806795,0.1720937735895001,37.107421875,28.0596875,3.077678182609958,40,40,127,0.41025641025641024,0.38746438746438744,0.4358974358974359,1
16,21,105,10046.0,11247.5,19156.0,439,0.052127168289911326,0.058361569315227714,0.09939757473238515,39.2421875,25.50453514739229,1.7375056689342403,46,46,126,0.24829157175398633,0.3530751708428246,0.357630979498861,1
17,23,66,9946.5,9332.75,19392.75,319,0.09774373286426037,0.09171244386356266,0.19057153526400095,34.416955017301035,17.642249527410208,4.451962809917355,46,42,126,0.14420062695924765,0.3072100313479624,0.5956112852664577,1
16,20,74,7111.75,7529.25,13406.5,303,0.07746244921521855,0.08200993366663399,0.14602598873748762,27.7802734375,18.823125,2.448228634039445,32,29,101,0.47194719471947194,0.33003300330033003,0.45874587458745875,1
18,22,77,7351.625,8945.25,14478.375,295,0.08447716173513359,0.10278942832519392,0.16637029589198507,22.69020061728395,18.481921487603305,2.441959015010963,33,30,101,0.38305084745762713,0.24745762711864408,0.376271186440678,1
16,22,95,7639.75,8827.75,13868.0,263,0.11045049082681548,0.1276258150327459,0.20049444115138285,29.8427734375,18.239152892561982,1.5366204986149585,38,35,106,0.5133079847908745,0.2585551330798479,0.5095057034220533,1
16,22,73,6406.0,7927.125,11794.5,295,0.07361103131284114,0.09109020396437806,0.13553002010916404,25.0234375,16.37835743801653,2.2132670294614374,39,37,85,0.3050847457627119,0.36610169491525424,0.5389830508474577,1
17,22,77,6565.75,7815.0,12556.25,303,0.07151531984881657,0.08512237362350096,0.13676491411517389,22.718858131487888,16.14669421487603,2.1177685950413223,31,31,95,0.31353135313531355,0.3201320132013201,0.36303630363036304,1
16,22,96,6516.75,10968.75,15268.0,343,0.05539146104089283,0.09323283665819514,0.12977585869833147,25.4560546875,22.662706611570247,1.6566840277777777,30,41,106,0.2565597667638484,0.37026239067055394,0.4518950437317784,1
16,21,96,7329.125,7152.375,13123.125,319,0.07202292626841324,0.07028601330568686,0.12896025982449072,28.62939453125,16.218537414965986,1.4239501953125,42,35,100,0.2225705329153605,0.3573667711598746,0.445141065830721,1
18,22,70,10353.0,10769.875,22991.625,327,0.09682125522542996,0.10071987019424104,0.2150176752798586,31.953703703703702,22.25180785123967,4.692168367346939,51,50,141,0.5749235474006116,0.5076452599388379,0.636085626911315,1
16,21,56,11433.0,13231.375,23731.25,287,0.1388022192815258,0.1606353725309279,0.2881089973169518,44.66015625,30.0031179138322,7.567362882653061,60,54,151,0.6236933797909407,0.34494773519163763,0.686411149825784,1
16,19,80,11311.0,14345.5,27414.5,327,0.10578047115375623,0.13415911492672708,0.2563804019489568,44.18359375,39.7382271468144,4.283515625,60,60,153,0.42507645259938837,0.1834862385321101,0.5718654434250765,1
14,23,114,10689.0,11024.25,25070.75,303,0.11642649413456196,0.12007809691860274,0.27307507978520623,54.535714285714285,20.839792060491494,1.9291128039396737,56,54,148,0.5313531353135313,0.19141914191419143,0.6270627062706271,1
13,18,61,10329.25,11680.0,28853.0,359,0.08014563822440857,0.09062623660586122,0.2238731853415166,61.1198224852071,36.04938271604938,7.754098360655738,53,53,158,0.5181058495821727,0.3983286908077994,0.5403899721448467,1
16,21,72,8347.0,8961.75,23773.25,311,0.08629976943993549,0.09265567973862966,0.24579202034718417,32.60546875,20.321428571428573,4.585889274691358,43,43,146,0.48231511254019294,0.5016077170418006,0.6495176848874598,1
16,21,86,7756.25,8593.75,14158.5,307,0.08229530286793493,0.09118133879404557,0.15022440556398475,30.2978515625,19.486961451247165,1.9143455922120065,41,38,110,0.4560260586319218,0.4560260586319218,0.4560260586319218,1
16,19,59,6972.75,7977.5,13543.5,295,0.08012352772191898,0.09166906061476587,0.1556276931916116,27.2373046875,22.098337950138504,3.8906923297902902,40,29,105,0.29491525423728815,0.23728813559322035,0.5898305084745763,1
18,25,82,7559.5,8771.75,10153.0,375,0.05375644444444445,0.06237688888888889,0.07219911111111112,23.33179012345679,14.0348,1.5099643069601427,34,31,89,0.36,0.08266666666666667,0.31733333333333336,1
17,24,83,9213.25,10955.25,14673.75,351,0.07478226637770798,0.08892176199868508,0.11910414688192467,31.879757785467127,19.01953125,2.130026128610829,42,46,98,0.31054131054131057,0.31339031339031337,0.5726495726495726,1
19,24,92,6924.75,8798.5,9109.5,367,0.051412884496877996,0.06532456251067273,0.0676335855192332,19.18213296398892,15.27517361111111,1.0762641776937618,31,31,82,0.2452316076294278,0.08446866485013624,0.3787465940054496,1
14,22,81,9805.25,11391.75,18767.5,343,0.0833432498363777,0.096828277333424,0.15952111790155463,50.026785714285715,23.53667355371901,2.8604633440024387,42,36,126,0.3294460641399417,0.34402332361516036,0.4227405247813411,1
16,19,78,9361.625,9587.125,20052.125,247,0.1534466226294481,0.15714279860348473,0.328674867642479,36.56884765625,26.55713296398892,3.295878533859303,55,49,131,0.6963562753036437,0.5870445344129555,0.680161943319838,1
15,21,94,8686.0,8913.5,17507.0,311,0.08980469598122434,0.0921568221999359,0.18100515916915666,38.60444444444445,20.21201814058957,1.9813263920325939,44,39,121,0.4983922829581994,0.44694533762057875,0.5787781350482315,1
18,23,105,8313.125,10683.5,18858.25,275,0.10992561983471075,0.1412694214876033,0.24936528925619836,25.657793209876544,20.195652173913043,1.710498866213152,48,50,129,0.2727272727272727,0.26545454545454544,0.49818181818181817,1
16,23,68,8754.25,9628.75,21201.25,243,0.14825399244695084,0.16306372673542313,0.3590450303984826,34.1962890625,18.20179584120983,4.585045415224913,49,46,138,0.5020576131687243,0.4567901234567901,0.8106995884773662,1
16,16,108,9426.5,10270.875,19213.125,311,0.09746073758542612,0.10619074451256708,0.19864481343245002,36.822265625,40.12060546875,1.64721579218107,56,53,130,0.45016077170418006,0.31511254019292606,0.5369774919614148,1
14,20,117,8030.75,8702.75,12392.0,279,0.10316863863516655,0.11180162125358102,0.15919631042766666,40.973214285714285,21.756875,0.9052523924318796,30,1,101,0.10752688172043011,0.0035842293906810036,0.3727598566308244,1
16,19,104,9103.625,9706.125,20025.0,287,0.11052246597627749,0.11783711104905972,0.2431133071908121,35.56103515625,26.886772853185594,1.8514238165680474,46,42,133,0.3867595818815331,0.1602787456445993,0.6132404181184669,1
17,23,90,7145.25,6888.25,12994.25,295,0.0821057167480609,0.07915254237288136,0.14931628842286698,24.724048442906575,13.021266540642722,1.6042283950617284,37,35,104,0.2576271186440678,0.33220338983050846,0.48135593220338985,1
18,21,84,7457.0,8307.875,13690.5,255,0.11467896962706652,0.12776432141484045,0.21054209919261824,23.015432098765434,18.83871882086168,1.940263605442177,39,38,110,0.4745098039215686,0.5607843137254902,0.43137254901960786,1
14,17,100,8552.875,9486.875,16519.5,359,0.06636257477828385,0.07360957006851282,0.12817637976117505,43.63711734693877,32.826557093425606,1.65195,47,43,118,0.29526462395543174,0.29526462395543174,0.4206128133704735,1
16,20,92,8959.5,9318.0,14626.5,303,0.09758847171845897,0.10149331764859654,0.15931444629611477,34.998046875,23.295,1.7280836483931947,37,36,114,0.46864686468646866,0.429042904290429,0.5181518151815182,1
14,19,100,9505.5,12166.0,17316.0,343,0.08079541687562156,0.10340929374665318,0.14718357147107072,48.49744897959184,33.70083102493075,1.7316,50,44,119,0.44314868804664725,0.30903790087463556,0.577259475218659,1
14,21,88,11269.0,11411.5,19557.25,315,0.11357016880826405,0.11500629881582262,0.1971000251952633,57.494897959183675,25.87641723356009,2.5254713326446283,58,39,127,0.5396825396825397,0.3111111111111111,0.5238095238095238,1
18,19,107,6893.75,8237.5,13164.125,319,0.0677445190200568,0.08094947966313223,0.12936316467015851,21.277006172839506,22.818559556786703,1.1498056598829591,30,31,106,0.1724137931034483,0.20376175548589343,0.3510971786833856,1
16,17,93,7052.375,8558.625,14443.125,287,0.08561928638201265,0.10390589906396824,0.17534661098228702,27.54833984375,29.61461937716263,1.6699184876864377,43,44,111,0.37630662020905925,0.5156794425087108,0.4738675958188153,1
16,22,119,7619.75,9677.5,16814.0,323,0.07303578103882909,0.09275944368296447,0.16116324320179432,29.7646484375,19.994834710743802,1.1873455264458725,47,43,122,0.4953560371517028,0.2848297213622291,0.4458204334365325,1
16,22,104,7294.25,8432.25,14601.5,303,0.07945027175984926,0.09184557069568343,0.15904214183794618,28.4931640625,17.422004132231404,1.3499907544378698,37,35,109,0.2871287128712871,0.4158415841584158,0.48514851485148514,1
16,22,127,7669.875,9174.375,14515.625,291,0.09057374145321855,0.10834041874800723,0.17141537062623258,29.96044921875,18.955320247933884,0.8999705499410999,43,43,114,0.27147766323024053,0.5189003436426117,0.5257731958762887,1
17,25,108,8923.375,9484.75,18197.375,343,0.07584743601730572,0.08061904478576104,0.15467513536026656,30.876730103806228,15.1756,1.5601316015089164,47,47,128,0.3206997084548105,0.42565597667638483,0.5335276967930029,1
20,23,93,8109.5,10348.25,17140.5,343,0.06892961266139108,0.08795867368188424,0.1456918460845396,20.27375,19.561909262759926,1.981789802289282,45,44,122,0.3236151603498542,0.36151603498542273,0.4839650145772595,1
16,25,98,9305.5,10286.75,19467.0,367,0.06908878973041599,0.07637409142543192,0.14453296111783442,36.349609375,16.4588,2.0269679300291545,49,46,134,0.24795640326975477,0.34877384196185285,0.44141689373297005,1
16,21,106,8813.5,10305.5,17325.5,339,0.07669181437683278,0.08967464606120726,0.15076008736436333,34.427734375,23.368480725623584,1.5419633321466715,36,36,123,0.4306784660766962,0.336283185840708,0.4808259587020649,1
20,23,79,8290.625,9201.0,16080.0,347,0.06885386474432974,0.07641455372937239,0.13354483468843692,20.7265625,17.39319470699433,2.576510174651498,45,42,119,0.3227665706051873,0.27953890489913547,0.345821325648415,1
24,28,105,8017.875,8246.5,14015.125,287,0.09734092923308527,0.10011654870157462,0.1701504813704185,13.919921875,10.518494897959183,1.2712131519274377,27,37,108,0.26480836236933797,0.21602787456445993,0.40418118466898956,1
16,21,83,7906.125,8472.875,16254.625,239,0.13841012937448574,0.14833204950893716,0.2845647835297001,30.88330078125,19.212868480725625,2.359504282188997,46,30,121,0.39330543933054396,0.40585774058577406,0.7322175732217573,1
19,23,111,7275.5,8494.0,12657.25,303,0.07924604341622281,0.09251816270735984,0.137865024126175,20.153739612188367,16.056710775047257,1.0272908043178313,30,35,104,0.33993399339933994,0.11551155115511551,0.48184818481848185,1
19,22,127,8020.5,8690.0,14683.0,255,0.12334486735870819,0.13364090734332948,0.22580545943867744,22.217451523545705,17.954545454545453,0.9103478206956414,44,43,108,0.6196078431372549,0.4196078431372549,0.6196078431372549,1
18,22,98,9586.5,10178.0,18950.75,287,0.1163848049630322,0.12356590464859353,0.23007138607971445,29.587962962962962,21.02892561983471,1.9732142857142858,49,46,128,0.5365853658536586,0.3797909407665505,0.5156794425087108,1
20,21,131,6962.25,8063.5,15822.75,311,0.07198281655483298,0.08336865830584878,0.16359167088843168,17.405625,18.284580498866212,0.922017947672047,17,30,116,0.05466237942122187,0.2347266881028939,0.5305466237942122,1
18,24,124,7732.75,8243.0,14135.0,295,0.08885665038781959,0.09471990807239299,0.16242459063487505,23.866512345679013,14.31076388888889,0.919289802289282,42,41,108,0.39322033898305087,0.43389830508474575,0.511864406779661,1
16,17,88,7001.0,7653.25,8882.75,239,0.12256438087568496,0.13398312354475586,0.15550760665954727,27.34765625,26.481833910034602,1.1470493285123966,38,25,82,0.45188284518828453,0.28451882845188287,0.42677824267782427,1
