SrcIPF0,DstIPF0,DstPortF0,SrcIPF2,DstIPF2,DstPortF2,Events_F1,SrcIP_BurstIndex,DstIP_BurstIndex,DstPort_BurstIndex,SrcIP_Concentration,DstIP_Concentration,DstPort_Concentration,SrcIP_MaxCount,DstIP_MaxCount,DstPort_MaxCount,SrcIP_FractionOfMass,DstIP_FractionOfMass,DstPort_FractionOfMass,Attack
18,19,17,957.0,507.0,5064.0,97,0.10171112764374535,0.05388457859496227,0.5382080986289722,2.9537037037037037,1.4044321329639888,17.52249134948097,14,12,67,0.4329896907216495,0.35051546391752575,0.8969072164948454,1
16,22,14,484.5,453.5,4729.5,93,0.05601803676725633,0.052433807376575325,0.5468262226847035,1.892578125,0.9369834710743802,24.130102040816325,12,0,65,0.3225806451612903,0.0,0.9032258064516129,1
16,18,34,31093.0,15283.0,110920.0,495,0.12689725538210386,0.06237322722171207,0.45268850117334963,121.45703125,47.16975308641975,95.9515570934256,72,66,299,0.501010101010101,0.402020202020202,0.9333333333333333,0
15,20,194,78665.0,44837.0,215987.0,975,0.0827508218277449,0.04716581196581197,0.22720525969756739,349.6222222222222,112.0925,5.738840471888618,98,98,425,0.26153846153846155,0.27692307692307694,0.6430769230769231,0
16,19,86,21646.5,13761.5,35621.5,555,0.07027514000486973,0.04467656846035224,0.1156448340232124,84.556640625,38.12049861495845,4.81631963223364,58,70,158,0.10990990990990991,0.12792792792792793,0.5207207207207207,0
18,14,76,6629.0,5636.0,5678.0,255,0.10194540561322568,0.08667435601691657,0.0873202614379085,20.459876543209877,28.755102040816325,0.9830332409972299,33,39,50,0.396078431372549,0.49019607843137253,0.24313725490196078,0
16,19,99,7600.5,5256.0,5963.0,271,0.10349123786440817,0.07156765294590216,0.08119442818044417,29.689453125,14.5595567867036,0.6084073053770024,39,45,49,0.5239852398523985,0.43911439114391143,0.25830258302583026,0
16,17,132,9833.0,3614.5,6464.0,255,0.15121876201460976,0.055586312956555174,0.09940792003075741,38.41015625,12.506920415224913,0.3709825528007346,40,34,43,0.42745098039215684,0.25098039215686274,0.17254901960784313,0
15,19,108,4551.5,3708.0,4740.5,239,0.07968172826105986,0.06491482992244534,0.08299049386390295,20.22888888888889,10.271468144044322,0.40642146776406035,35,30,48,0.47280334728033474,0.20502092050209206,0.4309623430962343,0
15,14,102,4898.0,4587.5,6800.0,243,0.08294806008569154,0.07768971532117394,0.11515859709732595,21.76888888888889,23.40561224489796,0.6535947712418301,36,39,47,0.42386831275720166,0.3662551440329218,0.5102880658436214,0
15,16,91,8636.0,3628.0,7393.0,215,0.1868253109789075,0.07848566792861006,0.1599351000540833,38.382222222222225,14.171875,0.8927665740852554,40,38,48,0.46511627906976744,0.5906976744186047,0.2558139534883721,0
19,17,121,5303.0,3614.0,3047.0,223,0.10663797783989222,0.07267389249733557,0.06127209475356432,14.689750692520775,12.505190311418685,0.20811419984973703,48,36,33,0.5964125560538116,0.6188340807174888,0.3542600896860987,0
16,18,114,5115.0,3561.0,4155.5,231,0.095856524427953,0.0667341316691966,0.07787522722587657,19.98046875,10.99074074074074,0.31975223145583254,36,35,20,0.5584415584415584,0.4025974025974026,0.22077922077922077,0
16,17,109,7533.5,4444.5,4657.5,219,0.15707554054335815,0.09266904359792331,0.09711015199849878,29.427734375,15.378892733564014,0.39201245686390035,39,28,25,0.4246575342465753,0.3470319634703196,0.1141552511415525,0
15,17,101,5234.0,4186.0,6738.0,223,0.10525045747953911,0.08417623519475557,0.13549437953709104,23.26222222222222,14.484429065743944,0.6605234780903833,19,19,46,0.15695067264573992,0.22869955156950672,0.39461883408071746,0
15,19,95,4485.0,5211.0,8724.5,311,0.04637048831174202,0.053876614178927015,0.09020274811054477,19.933333333333334,14.434903047091412,0.9667036011080332,49,15,70,0.4437299035369775,0.06752411575562701,0.4887459807073955,0
18,18,91,5936.0,3864.0,4582.0,211,0.13333033849194761,0.0867905033579659,0.102917724220031,18.320987654320987,11.925925925925926,0.5533148170510808,40,31,37,0.46445497630331756,0.4028436018957346,0.17535545023696683,1
15,17,84,6980.5,3436.5,4734.0,247,0.11441754495238407,0.056327754921405036,0.0775951089183563,31.024444444444445,11.891003460207612,0.6709183673469388,43,34,46,0.4291497975708502,0.4493927125506073,0.3481781376518219,0
15,18,96,5332.0,3087.0,3918.0,219,0.11117366193365442,0.06436479639707263,0.08169137424157127,23.697777777777777,9.527777777777779,0.4251302083333333,38,33,43,0.4292237442922374,0.4703196347031963,0.3515981735159817,0
16,17,105,6706.0,2880.0,5204.0,187,0.19176985329863594,0.08235866052789613,0.14881752409276788,26.1953125,9.965397923875432,0.47201814058956915,38,29,48,0.4385026737967914,0.6363636363636364,0.5401069518716578,1
15,20,116,7887.0,5440.0,4523.0,247,0.12927600845776852,0.08916717205658181,0.07413660279630874,35.053333333333335,13.6,0.3361325802615933,42,40,32,0.44129554655870445,0.4089068825910931,0.3441295546558704,0
18,14,104,7597.0,4140.0,4385.0,279,0.09759638236918848,0.05318533934558908,0.05633278092521936,23.44753086419753,21.122448979591837,0.40541789940828404,30,25,44,0.32974910394265233,0.24014336917562723,0.27956989247311825,1
15,14,83,6970.5,1707.0,6758.0,295,0.08009767308244757,0.019615053145647803,0.07765584602125826,30.98,8.709183673469388,0.9809841776745536,42,31,49,0.31864406779661014,0.31864406779661014,0.3220338983050847,1
16,16,95,4989.0,1980.0,4513.0,319,0.04902664085455135,0.019457355961517674,0.04434901386582286,19.48828125,7.734375,0.5000554016620499,21,28,37,0.06583072100313479,0.15047021943573669,0.3103448275862069,1
15,20,81,9397.0,4031.0,5307.0,267,0.13181556761912777,0.05654448792941408,0.07444346252577537,41.76444444444444,10.0775,0.8088705989940558,52,28,46,0.1947565543071161,0.3595505617977528,0.31835205992509363,1
15,21,83,4678.0,2884.0,3075.0,243,0.07922234076783688,0.048840793239512945,0.052075395010923134,20.79111111111111,6.5396825396825395,0.4463637683263173,32,29,32,0.21810699588477367,0.21810699588477367,0.1934156378600823,1
16,16,120,8586.0,4874.0,5607.0,303,0.09352024311342025,0.05308847716454814,0.06107244387805117,33.5390625,19.0390625,0.389375,29,35,44,0.37293729372937295,0.33003300330033003,0.24422442244224424,1
18,15,81,6950.0,3544.5,5295.0,211,0.1561061072302958,0.07961411468745086,0.11893263853013185,21.450617283950617,15.753333333333334,0.8070416095107453,30,24,34,0.5071090047393365,0.3080568720379147,0.16113744075829384,0
16,17,76,5115.0,2713.0,6001.0,239,0.08954675163249944,0.047495667092662945,0.10505768456434586,19.98046875,9.387543252595156,1.0389542936288088,32,36,46,0.3807531380753138,0.5355648535564853,0.4769874476987448,0
15,17,86,5157.0,3798.0,3258.0,203,0.12514256594433254,0.09216433303404596,0.07906039942730957,22.92,13.141868512110726,0.4405083829096809,44,40,39,0.5714285714285714,0.5665024630541872,0.5073891625615764,0
15,14,124,5805.5,3097.0,3249.0,207,0.13548740927442882,0.07227706597586875,0.07582440663726107,25.802222222222223,15.801020408163266,0.21130332986472425,29,35,0,0.5458937198067633,0.5458937198067633,0.0,0
15,21,90,4197.5,5937.0,4157.5,223,0.08440748858814776,0.11938707796255706,0.08360312895895755,18.655555555555555,13.462585034013605,0.5132716049382716,40,31,36,0.4080717488789238,0.38565022421524664,0.4663677130044843,1
21,16,86,4992.0,3986.0,3849.0,279,0.06413072802250742,0.051206947495535775,0.04944694955100783,11.319727891156463,15.5703125,0.5204164413196323,34,26,36,0.3870967741935484,0.4265232974910394,0.2867383512544803,1
16,17,109,6953.0,5280.0,4227.0,235,0.12590312358533273,0.09560887279311905,0.07654142145767316,27.16015625,18.269896193771626,0.35577813315377493,44,26,30,0.4765957446808511,0.31063829787234043,0.14468085106382977,1
15,14,73,4469.5,5425.5,4972.0,247,0.07325968299759052,0.08892950220459277,0.08149617269583176,19.864444444444445,27.681122448979593,0.9330080690561081,28,34,47,0.4089068825910931,0.42105263157894735,0.2631578947368421,1
15,17,100,4709.0,3977.0,6023.0,231,0.08824797136485449,0.07453008751710051,0.1128726972882817,20.92888888888889,13.761245674740485,0.6023,26,27,48,0.4458874458874459,0.1645021645021645,0.42424242424242425,1
16,17,85,7054.5,3596.0,4752.0,227,0.13690349123794368,0.06978594577810553,0.09221991499932077,27.556640625,12.442906574394463,0.6577162629757786,28,25,41,0.41409691629955947,0.3964757709251101,0.44052863436123346,1
15,15,89,4600.0,4089.0,4388.5,263,0.0665037805953534,0.059116078011826105,0.06344605242232793,20.444444444444443,18.173333333333332,0.5540335816184825,40,28,41,0.45627376425855515,0.3650190114068441,0.376425855513308,1
18,20,83,6923.0,4976.0,3244.0,263,0.10008818979600688,0.07193974179184316,0.04689962266333184,21.367283950617285,12.44,0.4708956307156336,41,28,28,0.23193916349809887,0.4866920152091255,0.34220532319391633,1
17,20,90,8382.0,3280.0,4638.0,215,0.1813304488912926,0.07095727420227149,0.10033531638723635,29.003460207612456,8.2,0.5725925925925925,27,31,43,0.3116279069767442,0.28837209302325584,0.2,1
15,14,96,4769.0,4134.0,4833.0,259,0.07109315603524098,0.061626988267914906,0.07204722648738093,21.195555555555554,21.091836734693878,0.5244140625,42,33,46,0.33204633204633205,0.28957528957528955,0.25868725868725867,1
15,14,87,6829.5,4724.0,4271.5,247,0.11194250028684292,0.07743119867560525,0.07001426019111934,30.35333333333333,24.102040816326532,0.5643413925221298,31,36,46,0.44129554655870445,0.4089068825910931,0.291497975708502,1
15,19,141,4264.0,3191.0,3533.0,223,0.08574473647167649,0.06416778941864908,0.07104506424822538,18.95111111111111,8.839335180055402,0.17770735878476937,38,25,35,0.40358744394618834,0.2242152466367713,0.3721973094170404,1
18,20,88,2996.0,3835.5,3157.0,235,0.054250792213671344,0.06945224083295609,0.057166138524219104,9.246913580246913,9.58875,0.40767045454545453,22,0,30,0.3276595744680851,0.0,0.30638297872340425,1
17,21,96,6467.0,4769.0,4160.0,255,0.09945405613225683,0.07334102268358324,0.0639753940792003,22.377162629757784,10.8140589569161,0.4513888888888889,29,33,42,0.2980392156862745,0.30980392156862746,0.35294117647058826,1
15,19,105,8936.5,8104.0,4685.5,283,0.11158211489717688,0.1011874289852539,0.05850366467305123,39.717777777777776,22.44875346260388,0.42498866213151926,47,22,28,0.3498233215547703,0.1413427561837456,0.19081272084805653,1
15,18,100,5812.0,6292.0,5167.0,279,0.07466502228902507,0.08083143844503539,0.06637890057938618,25.83111111111111,19.419753086419753,0.5167,32,39,43,0.4121863799283154,0.3118279569892473,0.37992831541218636,1
15,18,85,5484.0,3602.0,4310.0,279,0.07045130458241801,0.04627381457072751,0.05536927840084274,24.373333333333335,11.117283950617283,0.5965397923875433,30,32,44,0.4659498207885305,0.3835125448028674,0.4121863799283154,1
15,19,115,12511.0,6607.5,7451.5,283,0.15621371224512728,0.08250196656219955,0.09304024272996292,55.60444444444445,18.303324099722992,0.5634404536862003,45,51,68,0.33568904593639576,0.5335689045936396,0.568904593639576,1
18,15,88,6961.0,6657.0,7553.0,319,0.06840538123642653,0.0654179892100117,0.0742229341299712,21.484567901234566,29.586666666666666,0.9753357438016529,50,13,68,0.29153605015673983,0.04075235109717868,0.43573667711598746,1
17,22,83,6893.0,6692.5,4866.0,255,0.10600538254517493,0.10292195309496348,0.0748327566320646,23.85121107266436,13.827479338842975,0.7063434460734505,43,39,39,0.5843137254901961,0.5411764705882353,0.4117647058823529,1
15,20,120,6851.0,5578.5,5229.0,255,0.105359477124183,0.08579008073817762,0.08041522491349481,30.448888888888888,13.94625,0.363125,33,31,48,0.23921568627450981,0.3176470588235294,0.6196078431372549,1
16,16,83,15849.0,6723.5,7890.0,295,0.18212008043665615,0.07725940821602988,0.09066360241309969,61.91015625,26.263671875,1.145304107998258,77,45,67,0.5898305084745763,0.288135593220339,0.4033898305084746,1
15,17,128,11400.0,6752.0,7048.0,375,0.08106666666666666,0.04801422222222222,0.050119111111111114,50.666666666666664,23.363321799307958,0.43017578125,44,38,60,0.38133333333333336,0.264,0.464,1
20,20,65,10094.0,6739.0,9523.0,295,0.11598965814421143,0.07743751795461075,0.1094283251939098,25.235,16.8475,2.2539644970414203,61,35,60,0.488135593220339,0.2711864406779661,0.5694915254237288,1
16,22,114,7401.5,4946.0,4612.5,247,0.1213181661722041,0.08107000606467898,0.07560359946893082,28.912109375,10.21900826446281,0.35491689750692523,44,0,41,0.3117408906882591,0.0,0.3522267206477733,1
16,16,84,9953.0,8654.0,8562.0,327,0.09308045525535635,0.08093220735254233,0.0800718233594254,38.87890625,33.8046875,1.21343537414966,48,19,66,0.3669724770642202,0.0581039755351682,0.42813455657492355,1
15,14,96,10342.0,7588.0,8419.0,291,0.12212893092901596,0.08960687757584346,0.09942017689918636,45.964444444444446,38.714285714285715,0.9135199652777778,44,41,66,0.5120274914089347,0.26804123711340205,0.5876288659793815,0
15,20,87,10601.0,5767.0,8793.0,319,0.10417546997376205,0.05667200597478405,0.08640834897455803,47.11555555555555,14.4175,1.1617122473246135,48,32,61,0.329153605015674,0.1786833855799373,0.5141065830721003,1
16,20,89,9392.5,2835.5,5882.0,235,0.17007695789950203,0.051344499773653234,0.10650973291081937,36.689453125,7.08875,0.7425830071960611,42,41,56,0.4553191489361702,0.4595744680851064,0.4297872340425532,1
18,23,95,9084.0,8540.0,10304.0,375,0.06459733333333334,0.06072888888888889,0.07327288888888889,28.037037037037038,16.14366729678639,1.1417174515235458,42,50,72,0.16533333333333333,0.23733333333333334,0.488,1
16,17,108,7851.0,4987.0,6727.0,283,0.0980284433567656,0.06226822659790983,0.08399405661201913,30.66796875,17.2560553633218,0.5767318244170097,46,38,51,0.4134275618374558,0.303886925795053,0.5159010600706714,1
16,19,88,11232.5,6091.0,8334.0,287,0.13636805108718086,0.07394772305114788,0.10117884155446831,43.876953125,16.872576177285318,1.0761880165289257,40,24,58,0.2682926829268293,0.14634146341463414,0.40418118466898956,1
15,20,86,8219.0,7012.0,8810.0,299,0.09193409469692733,0.07843312714622878,0.09854475900716994,36.528888888888886,17.53,1.19118442401298,40,44,55,0.44816053511705684,0.3745819397993311,0.5284280936454849,1
18,22,108,9820.0,5204.0,10189.0,283,0.12261359237847894,0.06497771229507174,0.12722096667457453,30.308641975308642,10.75206611570248,0.8735425240054869,33,44,79,0.3992932862190813,0.3745583038869258,0.4098939929328622,1
19,22,71,9530.0,4262.0,9785.0,287,0.11569886729230656,0.05174276730323301,0.11879469217788245,26.398891966759003,8.805785123966942,1.9410831184288833,48,49,73,0.4843205574912892,0.6236933797909407,0.6480836236933798,1
16,17,116,6595.0,5418.0,5526.0,279,0.0847239886435169,0.06960342236096659,0.07099086599606891,25.76171875,18.747404844290656,0.4106718192627824,24,33,46,0.18996415770609318,0.2222222222222222,0.3154121863799283,1
15,19,100,14904.0,7017.0,9193.0,279,0.1914672216441207,0.09014529618067599,0.11809971608792282,66.24,19.437673130193907,0.9193,71,48,68,0.6738351254480287,0.17204301075268819,0.6666666666666666,1
15,20,92,11330.0,6290.0,8779.0,351,0.09196353925698655,0.051054780399509746,0.07125753849400573,50.355555555555554,15.725,1.0372164461247637,51,44,72,0.29914529914529914,0.3333333333333333,0.23646723646723647,1
16,13,81,6594.0,3781.0,6161.0,271,0.08978635911820373,0.05148350376492695,0.08389046990100897,25.7578125,22.37278106508876,0.9390336838896509,46,27,53,0.5682656826568265,0.16974169741697417,0.33210332103321033,0
16,19,84,12018.0,6593.5,11290.0,307,0.1275132892656686,0.06995830194484823,0.11978906938004648,46.9453125,18.264542936288088,1.6000566893424035,57,32,65,0.19218241042345277,0.10749185667752444,0.39087947882736157,1
18,18,84,10479.0,3918.0,7391.0,287,0.1272201920625478,0.04756643883014241,0.08973035972271122,32.342592592592595,12.092592592592593,1.0474773242630386,51,33,57,0.5400696864111498,0.39372822299651566,0.5470383275261324,0
16,19,89,5314.0,4170.5,8363.0,295,0.06106291295604711,0.04792301062912956,0.0960988221775352,20.7578125,11.552631578947368,1.0558010352228253,52,47,59,0.5830508474576271,0.39661016949152544,0.4271186440677966,0
15,15,92,8088.0,5818.0,7157.0,311,0.08362196420632541,0.060152397100939815,0.07399633998821352,35.946666666666665,25.857777777777777,0.8455812854442344,45,31,61,0.4887459807073955,0.17363344051446947,0.5241157556270096,0
15,15,88,7806.5,8384.5,10522.5,287,0.0947747332127378,0.10179193628670981,0.12774830336655782,34.69555555555556,37.26444444444444,1.3587939049586777,57,53,67,0.5017421602787456,0.5853658536585366,0.6445993031358885,1
16,19,67,7769.0,3707.0,11594.0,367,0.05768102814632227,0.027522663320686917,0.08607978379823149,30.34765625,10.268698060941828,2.582757852528403,52,37,72,0.4305177111716621,0.23433242506811988,0.4904632152588556,0
19,19,75,6492.0,7246.0,7352.5,311,0.0671208941181336,0.07491651244300618,0.07601761768385355,17.98337950138504,20.07202216066482,1.3071111111111111,45,43,60,0.4758842443729904,0.4983922829581994,0.44694533762057875,0
16,20,79,10264.5,4859.0,8303.5,383,0.0699745720538009,0.033124501496363055,0.05660615315395156,40.095703125,12.1475,1.3304758852747958,46,38,60,0.3733681462140992,0.3785900783289817,0.38642297650130547,1
15,17,83,6568.0,5406.0,7544.0,303,0.07153982725005174,0.05888311603437572,0.08217059329695346,29.191111111111113,18.705882352941178,1.0950791116272318,35,37,61,0.4389438943894389,0.29372937293729373,0.36303630363036304,1
15,14,108,12292.0,6005.0,10575.0,371,0.0893047856380003,0.04362798875335111,0.07683030492367826,54.63111111111111,30.637755102040817,0.9066358024691358,49,34,62,0.3423180592991914,0.23180592991913745,0.39892183288409705,0
15,17,122,7176.0,7487.0,7826.5,299,0.0802675585284281,0.08374626682028165,0.08754376349257838,31.893333333333334,25.906574394463668,0.5258331093791991,44,44,54,0.5183946488294314,0.42474916387959866,0.26421404682274247,1
21,22,108,6744.0,6185.0,11060.0,283,0.08420632046847881,0.07722658542371612,0.1380963677908327,15.29251700680272,12.77892561983471,0.9482167352537723,52,34,78,0.5618374558303887,0.3215547703180212,0.4876325088339223,1
16,21,84,8167.0,6120.0,8157.0,335,0.07277344620182669,0.05453330363109824,0.07268433949654711,31.90234375,13.877551020408163,1.1560374149659864,36,39,49,0.2716417910447761,0.24477611940298508,0.4716417910447761,1
15,19,74,6870.0,4367.0,8475.0,299,0.0768447780226172,0.048847328329660746,0.09479759734231161,30.533333333333335,12.096952908587257,1.547662527392257,37,35,48,0.3745819397993311,0.4013377926421405,0.3277591973244147,0
15,20,91,4912.0,3408.5,6784.5,335,0.04376921363332591,0.030372020494542216,0.06045444419692582,21.83111111111111,8.52125,0.8192851104939017,35,36,42,0.28955223880597014,0.2298507462686567,0.32238805970149254,0
15,16,83,4849.0,3265.0,7563.0,271,0.0660257894091856,0.044457455644667146,0.10298062390217998,21.551111111111112,12.75390625,1.0978371316591669,38,43,57,0.24723247232472326,0.3800738007380074,0.35424354243542433,0
15,19,78,6129.0,3340.0,7370.0,207,0.14303717706364208,0.07794814348059464,0.17199934654250976,27.24,9.25207756232687,1.2113740959894805,35,33,55,0.6280193236714976,0.7004830917874396,0.4492753623188406,1
21,20,116,5907.0,3070.0,5162.0,227,0.11463447767276679,0.05957810165149721,0.10017659958469988,13.394557823129253,7.675,0.38362068965517243,37,36,48,0.6211453744493393,0.46255506607929514,0.2775330396475771,1
16,22,81,5665.5,3873.0,5443.5,267,0.07947228885241762,0.05432815721920633,0.07635820393048016,22.130859375,8.00206611570248,0.8296753543667124,28,19,44,0.4419475655430712,0.149812734082397,0.39325842696629215,1
15,19,97,6907.0,3908.0,3466.5,207,0.16119396018576862,0.09120399542579757,0.0809003710705034,30.697777777777777,10.825484764542937,0.3684238495057923,40,33,14,0.6280193236714976,0.4830917874396135,0.14009661835748793,1
16,21,114,7638.0,2948.0,5788.0,299,0.08543528595877004,0.03297502265075335,0.0647420051229852,29.8359375,6.684807256235827,0.4453678054786088,11,23,49,0.03678929765886288,0.07692307692307693,0.40468227424749165,1
15,19,96,4313.0,3094.0,3116.0,271,0.058727413842404104,0.04212905597690663,0.0424286161680805,19.16888888888889,8.570637119113574,0.3381076388888889,34,31,40,0.5424354243542435,0.3985239852398524,0.25461254612546125,1
18,20,87,6290.0,4365.0,5586.0,239,0.11011711979832285,0.07641672939899512,0.09779240559514014,19.41358024691358,10.9125,0.7380103051922314,37,31,47,0.42677824267782427,0.38493723849372385,0.3682008368200837,1
19,23,82,9418.0,5274.0,7293.0,291,0.11121739233121952,0.062280794983526414,0.086123215361179,26.088642659279778,9.969754253308128,1.084622248661511,37,34,54,0.38144329896907214,0.25773195876288657,0.24742268041237114,1
15,22,80,7263.0,3684.0,7170.5,327,0.0679235754566114,0.03445276772437786,0.06705851546353188,32.28,7.6115702479338845,1.120390625,25,29,50,0.19571865443425077,0.1834862385321101,0.1926605504587156,1
15,20,84,8567.0,6171.0,6970.0,271,0.11665146171756921,0.08402663362426982,0.09490611511281165,38.07555555555555,15.4275,0.98781179138322,36,8,51,0.44649446494464945,0.02952029520295203,0.2177121771217712,1
15,20,76,6381.5,3553.5,5771.5,271,0.0868928799989107,0.04838577906074264,0.07858689287999891,28.362222222222222,8.88375,0.9992209141274239,28,31,46,0.42066420664206644,0.5055350553505535,0.16974169741697417,1
15,20,102,3389.5,2831.0,3442.5,235,0.061376188320507015,0.051263014938886374,0.06233589859665007,15.064444444444444,7.0775,0.33088235294117646,28,26,0,0.49361702127659574,0.33617021276595743,0.0,1
21,19,90,6315.0,3704.0,6378.5,287,0.07666719275455572,0.044968374024208134,0.07743811385351285,14.319727891156463,10.260387811634349,0.7874691358024691,33,24,55,0.42160278745644597,0.16376306620209058,0.3310104529616725,0
16,21,121,6520.0,3703.0,4702.0,275,0.08621487603305786,0.04896528925619835,0.06217520661157025,25.46875,8.396825396825397,0.3211529267126562,32,28,40,0.41454545454545455,0.44727272727272727,0.2290909090909091,1
15,20,99,7641.0,4427.0,7256.0,271,0.1040427009436146,0.06027968028757778,0.09880039759807192,33.96,11.0675,0.7403326191204979,31,27,47,0.46494464944649444,0.0996309963099631,0.3247232472324723,1
15,22,98,9608.0,3377.0,5385.0,323,0.09209328182959675,0.03236875652982392,0.05161556230769968,42.702222222222225,6.9772727272727275,0.5607038733860892,38,31,46,0.4179566563467492,0.24148606811145512,0.23219814241486067,1
15,19,111,7764.0,3819.0,7599.5,251,0.12323613910890303,0.06061808542721544,0.12062506944334217,34.50666666666667,10.578947368421053,0.6167924681438195,29,45,51,0.26294820717131473,0.30677290836653387,0.32270916334661354,1
18,19,126,8365.0,3879.0,6540.0,271,0.11390095450770006,0.05281790825288327,0.08905107501259514,25.817901234567902,10.745152354570637,0.41194255479969766,33,24,40,0.4575645756457565,0.16605166051660517,0.25461254612546125,1
16,20,112,7458.0,3555.0,6512.0,327,0.06974721544202228,0.033246359734029125,0.06090022351279821,29.1328125,8.8875,0.5191326530612245,30,27,30,0.1926605504587156,0.22629969418960244,0.16819571865443425,1
16,17,106,9286.0,4665.0,9329.0,335,0.08274448652261082,0.04156827801292047,0.08312764535531299,36.2734375,16.141868512110726,0.8302776788892845,56,50,49,0.44477611940298506,0.5194029850746269,0.14626865671641792,0
15,14,74,17065.5,8840.0,13599.5,343,0.14505435660311605,0.07513876021045653,0.11559384270159542,75.84666666666666,45.10204081632653,2.483473338203068,64,64,62,0.6005830903790087,0.4518950437317784,0.18075801749271136,0
15,20,117,8354.5,7688.5,9561.5,303,0.09099870383077911,0.0837445130651679,0.1041455630711586,37.13111111111111,19.22125,0.6984805318138652,68,66,66,0.44554455445544555,0.39933993399339934,0.3795379537953795,0
15,17,112,6355.0,6106.0,7205.0,275,0.08403305785123967,0.08074049586776859,0.09527272727272727,28.244444444444444,21.1280276816609,0.5743781887755102,39,33,50,0.4763636363636364,0.24,0.18181818181818182,1
18,19,95,6538.0,3600.0,6051.0,243,0.11072160409151721,0.060966316110349035,0.10247421632881167,20.179012345679013,9.97229916897507,0.6704709141274239,26,24,47,0.2839506172839506,0.17695473251028807,0.3168724279835391,1
17,22,159,8779.0,4650.0,5955.0,287,0.10658135949204191,0.0564532773252073,0.07229661644550742,30.377162629757784,9.607438016528926,0.23555239112376883,41,32,45,0.5156794425087108,0.1951219512195122,0.156794425087108,1
15,18,105,5760.0,4038.0,4539.0,223,0.11582778660339038,0.0812001045667518,0.09127470892235919,25.6,12.462962962962964,0.4117006802721088,36,21,34,0.33183856502242154,0.09417040358744394,0.15246636771300448,0
15,17,85,6544.0,3756.0,7631.0,275,0.08653223140495868,0.049666115702479335,0.10090578512396695,29.084444444444443,12.996539792387543,1.0561937716262977,40,27,57,0.4036363636363636,0.3418181818181818,0.3054545454545455,0
15,15,106,6171.0,4087.0,5888.0,255,0.09490196078431372,0.06285274894271434,0.09054978854286813,27.426666666666666,18.164444444444445,0.5240299038803845,32,32,48,0.2980392156862745,0.3411764705882353,0.26666666666666666,0
18,19,76,3888.0,4221.0,7238.0,203,0.09434832196850203,0.10242908102598947,0.17564124341770002,12.0,11.692520775623269,1.2531163434903048,34,28,51,0.5812807881773399,0.46798029556650245,0.31527093596059114,0
16,17,107,5975.5,5038.5,8049.5,335,0.053245711739808424,0.0448964134551125,0.07172644241479172,23.341796875,17.43425605536332,0.7030745043235217,42,40,61,0.3850746268656716,0.3044776119402985,0.25970149253731345,1
17,19,85,7254.0,3382.0,7910.0,251,0.11514102950746813,0.05368168759226044,0.12555356264186282,25.100346020761247,9.368421052631579,1.0948096885813148,35,20,55,0.38645418326693226,0.0796812749003984,0.46215139442231074,0
15,15,84,4870.5,4020.5,7563.5,287,0.059130255314499384,0.04881083902924644,0.0918245942041302,21.64666666666667,17.86888888888889,1.0719246031746033,32,24,56,0.4355400696864111,0.24390243902439024,0.1986062717770035,1
14,18,73,5807.5,6568.0,6281.5,271,0.07907708228373797,0.08943233343772553,0.0855312427663022,29.630102040816325,20.271604938271604,1.1787389754175268,46,30,48,0.4132841328413284,0.35793357933579334,0.36900369003690037,1
15,20,102,4387.0,5676.5,5019.5,267,0.06153824573216064,0.07962659035755867,0.07041058227777076,19.497777777777777,14.19125,0.48245866974240675,37,33,43,0.5243445692883895,0.5205992509363296,0.2546816479400749,1
19,19,115,7873.0,7527.0,4895.0,271,0.1072016993232663,0.10249043449844092,0.06665214253618551,21.808864265927976,20.850415512465375,0.37013232514177696,44,29,6,0.34317343173431736,0.33210332103321033,0.03690036900369004,1
17,19,107,6278.0,6328.0,5871.0,275,0.08301487603305785,0.08367603305785123,0.07763305785123967,21.72318339100346,17.52908587257618,0.5127958773692025,30,32,53,0.31272727272727274,0.11636363636363636,0.19272727272727272,0
15,20,98,5215.0,4849.0,5934.0,263,0.07539504691408001,0.0701036591536671,0.0857898769680059,23.177777777777777,12.1225,0.6178675551853394,29,23,43,0.3688212927756654,0.34220532319391633,0.19011406844106463,0
14,20,79,7272.0,7017.0,7967.0,271,0.09901825955528928,0.09554608461213764,0.10848163832191828,37.10204081632653,17.5425,1.2765582438711744,46,31,58,0.33948339483394835,0.4280442804428044,0.2988929889298893,1
16,16,82,7343.0,5032.5,7419.5,239,0.12855167101416293,0.08810244918681395,0.12989093328198037,28.68359375,19.658203125,1.1034354550862582,31,30,59,0.2301255230125523,0.23430962343096234,0.30962343096234307,1
18,20,128,5436.0,4780.0,4372.0,339,0.047302059675777275,0.041593790516963824,0.03804352555233595,16.77777777777778,11.95,0.266845703125,23,26,27,0.08849557522123894,0.14454277286135694,0.12389380530973451,0
16,21,124,7195.0,5634.0,14458.0,319,0.07070488694096953,0.05536502196322756,0.14207800630890027,28.10546875,12.775510204081632,0.9402965660770031,61,56,63,0.25391849529780564,0.23510971786833856,0.5768025078369906,1
15,19,89,5206.5,5440.0,5930.0,243,0.08817253467459228,0.09212687767786076,0.1004250707039916,23.14,15.069252077562327,0.7486428481252367,34,26,0,0.4609053497942387,0.2839506172839506,0.0,1
16,19,92,5574.0,4161.0,5797.0,295,0.06405056018385522,0.0478138465958058,0.06661304222924447,21.7734375,11.526315789473685,0.6849007561436673,21,19,47,0.14915254237288136,0.06440677966101695,0.3254237288135593,1
15,20,139,7393.0,5004.0,5037.0,275,0.09775867768595041,0.06616859504132232,0.06660495867768595,32.85777777777778,12.51,0.26070079188447803,28,39,42,0.4509090909090909,0.36727272727272725,0.15636363636363637,1
15,20,94,6142.0,2652.0,6499.0,239,0.10752612874424468,0.04642775861767126,0.11377601932739273,27.297777777777778,6.63,0.7355138071525578,27,37,47,0.3598326359832636,0.26778242677824265,0.34309623430962344,1
18,20,97,7766.0,5987.0,4143.0,259,0.11577048642685708,0.0892503093275294,0.061761154425247086,23.969135802469136,14.9675,0.4403230949091296,31,27,44,0.4555984555984556,0.3783783783783784,0.3127413127413127,1
16,19,110,8459.0,6324.0,4547.0,359,0.06563418967885103,0.049068520573241986,0.03528060769236738,33.04296875,17.518005540166204,0.37578512396694214,38,25,42,0.1615598885793872,0.11977715877437325,0.116991643454039,1
15,17,124,5428.0,5728.5,3900.0,307,0.05759212299334741,0.060780485734596656,0.041379749387261404,24.124444444444446,19.82179930795848,0.2536420395421436,41,41,35,0.495114006514658,0.2964169381107492,0.21172638436482086,0
16,17,92,6670.0,3540.0,4652.0,311,0.0689612390277189,0.03660011786478634,0.04809710404152149,26.0546875,12.249134948096886,0.5496219281663516,44,30,48,0.24437299035369775,0.09967845659163987,0.36012861736334406,0
15,19,112,4528.0,4757.0,5834.0,263,0.06546285185560005,0.06877358354176004,0.08434414260723734,20.124444444444446,13.177285318559557,0.4650829081632653,52,39,48,0.6159695817490495,0.311787072243346,0.3193916349809886,1
18,15,109,3619.0,3133.0,5955.0,267,0.050765195191404,0.04394787414608144,0.08353322391953878,11.169753086419753,13.924444444444445,0.5012204359902365,36,31,49,0.3782771535580524,0.21348314606741572,0.3857677902621723,0
15,18,109,4185.5,2566.0,4702.5,211,0.09401181464926664,0.05763572246804879,0.10562431212236922,18.602222222222224,7.919753086419753,0.3958000168335999,26,26,40,0.22274881516587677,0.44075829383886256,0.24170616113744076,1
15,16,143,7929.0,2347.0,2882.0,215,0.17153055705786913,0.050773391022174146,0.06234721471065441,35.24,9.16796875,0.14093598708983324,34,25,36,0.3627906976744186,0.31627906976744186,0.27906976744186046,0
16,18,100,5141.0,2098.0,3934.0,247,0.08426625579832484,0.034388368929174386,0.06448228949827074,20.08203125,6.4753086419753085,0.3934,35,35,40,0.3157894736842105,0.5101214574898786,0.25101214574898784,0
15,18,105,5637.0,3474.0,5626.0,199,0.14234489028054848,0.08772505744804424,0.1420671195171839,25.053333333333335,10.722222222222221,0.5102947845804988,31,30,46,0.3165829145728643,0.1658291457286432,0.3316582914572864,0
19,21,108,7105.5,4441.5,4833.5,275,0.09395702479338842,0.05873057851239669,0.06391404958677686,19.682825484764543,10.071428571428571,0.41439471879286693,33,34,51,0.5054545454545455,0.44,0.2909090909090909,0
15,20,108,6687.0,2790.0,5178.0,207,0.1560596513337534,0.0651123713505566,0.12084296016243086,29.72,6.975,0.44393004115226337,36,25,50,0.5748792270531401,0.41545893719806765,0.37681159420289856,0
16,17,101,6274.0,3609.0,4991.5,215,0.13572742022714981,0.07807463493780421,0.10798269334775554,24.5078125,12.487889273356402,0.48931477306146454,47,29,43,0.5767441860465117,0.13488372093023257,0.42790697674418604,0
15,15,75,6494.0,4701.0,6721.0,227,0.12602612121329737,0.09123018106309069,0.1304314075569097,28.862222222222222,20.893333333333334,1.1948444444444444,43,30,52,0.5022026431718062,0.3788546255506608,0.3920704845814978,1
15,18,103,5227.0,2909.5,6225.0,239,0.09150750161936941,0.05093573291784107,0.10897918453808582,23.23111111111111,8.979938271604938,0.5867659534357621,25,27,50,0.11297071129707113,0.39330543933054396,0.4602510460251046,0
16,18,102,6566.5,2757.5,3145.5,227,0.12743309592656563,0.053513555473616796,0.06104329600807312,25.650390625,8.510802469135802,0.3023356401384083,32,29,37,0.4801762114537445,0.4845814977973568,0.32158590308370044,0
19,21,124,4621.0,2853.0,4134.0,203,0.11213569851246087,0.06923244922225727,0.10031789172268193,12.800554016620499,6.469387755102041,0.2688605619146722,31,31,43,0.270935960591133,0.39901477832512317,0.35960591133004927,0
16,21,105,7718.0,2925.0,6223.0,223,0.1552011904522512,0.058818797884534174,0.12513824931126707,30.1484375,6.63265306122449,0.5644444444444444,31,26,54,0.5874439461883408,0.49327354260089684,0.45739910313901344,0
15,18,88,7140.0,4214.0,4843.0,223,0.14357819381045264,0.08473928693518873,0.09738784210420479,31.733333333333334,13.006172839506172,0.6253873966942148,37,22,48,0.5919282511210763,0.09865470852017937,0.2914798206278027,0
15,20,114,6657.0,2860.0,4487.0,219,0.13880027522361918,0.05963178415796168,0.09355518025062029,29.586666666666666,7.15,0.34526008002462294,38,28,44,0.3607305936073059,0.4383561643835616,0.4520547945205479,0
15,13,101,4667.5,3297.5,4370.5,211,0.10483816625861953,0.07406617102041733,0.09816715707194358,20.744444444444444,19.511834319526628,0.4284383883932948,36,30,43,0.5971563981042654,0.47393364928909953,0.36018957345971564,1
18,19,99,5051.0,2254.0,5130.0,227,0.09802247278231675,0.04374235867181587,0.09955559005608493,15.589506172839506,6.243767313019391,0.5234159779614325,33,28,46,0.27312775330396477,0.31277533039647576,0.2775330396475771,0
17,23,82,4114.5,3807.5,5358.5,211,0.0924170616113744,0.08552143932076997,0.12035893174007771,14.237024221453288,7.197542533081285,0.796921475312314,36,28,50,0.4028436018957346,0.36018957345971564,0.5213270142180095,0
15,15,103,5788.5,2304.0,3783.0,227,0.11233480176211454,0.044712686060276736,0.07341497021094917,25.726666666666667,10.24,0.3565840324252993,24,26,37,0.2290748898678414,0.2290748898678414,0.41409691629955947,0
15,20,101,4438.0,3678.0,5753.0,247,0.07274336573292466,0.06028618728384337,0.09429756265469029,19.724444444444444,9.195,0.5639643172238016,38,37,56,0.2145748987854251,0.3157894736842105,0.4089068825910931,1
15,20,119,3478.5,4625.5,3853.0,263,0.050289869739334095,0.06687244285734939,0.05570414492041233,15.46,11.56375,0.2720853047101193,37,45,20,0.4068441064638783,0.4068441064638783,0.12927756653992395,0
15,20,110,5799.5,2928.5,5981.5,211,0.13026436962332383,0.0657779474854563,0.13435232811482223,25.775555555555556,7.32125,0.49433884297520664,39,27,47,0.5497630331753555,0.4265402843601896,0.5450236966824644,0
19,21,107,6930.0,3544.0,2969.5,211,0.15565688102243885,0.07960288403225445,0.06669886121156308,19.196675900277008,8.036281179138323,0.2593676303607302,40,32,37,0.3791469194312796,0.6303317535545023,0.4075829383886256,0
16,19,109,6186.0,3562.0,5772.0,259,0.09221687213965206,0.053099983601914105,0.08604522890237176,24.1640625,9.867036011080332,0.4858176921134585,28,32,50,0.20463320463320464,0.5328185328185329,0.3436293436293436,0
16,19,112,7015.0,4444.0,4419.0,235,0.1270258035310095,0.08047080126754187,0.0800181077410593,27.40234375,12.310249307479225,0.3522799744897959,37,29,44,0.502127659574468,0.13191489361702127,0.3404255319148936,1
15,15,113,8241.0,4393.0,6483.0,323,0.07899050120292536,0.04210718017042241,0.06213996108464569,36.626666666666665,19.524444444444445,0.5077139948312319,31,30,46,0.3746130030959752,0.16718266253869968,0.2693498452012384,0
18,18,98,7798.5,5445.0,10660.0,295,0.08961218040792876,0.06256822752082734,0.12249353634013214,24.069444444444443,16.805555555555557,1.109954185755935,49,45,52,0.3525423728813559,0.3288135593220339,0.4610169491525424,1
23,25,105,8027.0,6126.0,8594.0,311,0.08299128420922033,0.06333681413550314,0.08885350647739373,15.173913043478262,9.8016,0.779501133786848,33,33,44,0.33440514469453375,0.29260450160771706,0.2282958199356913,0
25,18,113,5986.0,3199.0,5604.0,231,0.11217930698450179,0.05995015085924177,0.10502052060493619,9.5776,9.873456790123457,0.4388754013626752,33,46,55,0.5714285714285714,0.6060606060606061,0.23809523809523808,0
20,21,101,6452.0,3192.0,5705.5,215,0.13957815035154136,0.06905354245538128,0.12342888047593294,16.13,7.238095238095238,0.5593079109891187,35,34,43,0.37209302325581395,0.5441860465116279,0.26976744186046514,1
17,24,95,5542.0,2765.0,6160.0,215,0.11989183342347215,0.05981611681990265,0.13326122228231477,19.176470588235293,4.800347222222222,0.6825484764542936,32,25,55,0.3767441860465116,0.30697674418604654,0.33488372093023255,0
16,18,95,6014.0,2866.0,7131.0,235,0.10889995473064736,0.05189678587596197,0.12912630149388865,23.4921875,8.845679012345679,0.7901385041551247,35,28,51,0.3659574468085106,0.34893617021276596,0.3829787234042553,0
15,21,75,6483.0,3790.0,4728.0,243,0.10979017426205355,0.06418398279395078,0.0800690951582584,28.813333333333333,8.594104308390023,0.8405333333333334,35,27,49,0.46502057613168724,0.45267489711934156,0.3168724279835391,0
16,14,101,8725.0,4055.0,6197.0,251,0.1384898652402343,0.06436405771336963,0.0983635180393962,34.08203125,20.68877551020408,0.6074894618174689,37,31,54,0.14741035856573706,0.4701195219123506,0.32669322709163345,0
16,17,98,4985.5,7045.0,8382.5,271,0.06788442423169619,0.095927343037268,0.11413924102340654,19.474609375,24.377162629757784,0.8728134110787172,35,30,55,0.4059040590405904,0.42066420664206644,0.2952029520295203,1
16,20,154,4384.5,3046.0,7014.0,203,0.10639666092358466,0.07391589215947973,0.17020553762527604,17.126953125,7.615,0.2957497048406139,45,30,55,0.3399014778325123,0.4433497536945813,0.4876847290640394,1
27,22,107,6888.5,2875.5,7144.5,195,0.18115713346482576,0.07562130177514793,0.18788954635108482,9.449245541838135,5.941115702479339,0.6240282994147961,33,31,55,0.4205128205128205,0.26153846153846155,0.4512820512820513,0
13,19,137,5906.0,3497.5,5022.5,199,0.14913764803919094,0.08831847680614126,0.12682760536350093,34.946745562130175,9.68836565096953,0.2675955032234003,38,26,45,0.19095477386934673,0.4321608040201005,0.47738693467336685,1
19,17,83,8064.0,2318.0,5345.5,295,0.09266302786555587,0.02663602413099684,0.06142487790864694,22.337950138504155,8.020761245674741,0.7759471621425461,36,29,49,0.2305084745762712,0.2305084745762712,0.1864406779661017,0
17,23,135,5707.0,4874.0,5948.0,227,0.11075316811892333,0.09458751382716528,0.1154301461313047,19.747404844290656,9.213610586011342,0.32636488340192044,33,32,49,0.2555066079295154,0.2422907488986784,0.4185022026431718,0
16,25,95,5929.0,3461.0,5125.5,199,0.14971844145349864,0.08739678290952249,0.12942854978409638,23.16015625,5.5376,0.5679224376731302,33,31,52,0.5326633165829145,0.5276381909547738,0.45226130653266333,0
15,17,126,5759.0,3190.0,5463.0,263,0.08325984183666094,0.04611892610851682,0.07898046812878602,25.595555555555556,11.038062283737025,0.34410430839002265,28,37,51,0.3193916349809886,0.3231939163498099,0.30038022813688214,0
20,19,153,4714.0,3560.0,7598.0,199,0.1190373980455039,0.08989671977980354,0.1918638418221762,11.785,9.861495844875346,0.3245760177709428,0,38,54,0.0,0.5628140703517588,0.45226130653266333,1
16,19,94,4403.0,3447.0,5886.0,195,0.1157922419460881,0.0906508875739645,0.15479289940828403,17.19921875,9.54847645429363,0.6661385242191037,30,30,46,0.38461538461538464,0.5230769230769231,0.3384615384615385,1
18,19,118,4291.0,2494.0,3487.0,251,0.06811002999952381,0.03958667322740909,0.055348327804320564,13.243827160493828,6.908587257617729,0.25043091065785694,31,27,37,0.29880478087649404,0.35856573705179284,0.250996015936255,0
16,16,140,8905.0,3717.0,5367.5,287,0.10811106120020882,0.04512620039092377,0.06516407871893552,34.78515625,14.51953125,0.2738520408163265,39,31,48,0.34146341463414637,0.3519163763066202,0.2961672473867596,0
15,15,94,6568.5,2462.5,5916.5,215,0.14209843158464033,0.05327203893996755,0.12799351000540832,29.19333333333333,10.944444444444445,0.6695903123585333,37,28,50,0.6186046511627907,0.4418604651162791,0.3674418604651163,0
15,18,112,7613.0,4083.5,6344.5,219,0.15873313734075603,0.08514209461854423,0.13228456454202372,33.83555555555556,12.603395061728396,0.5057796556122449,36,23,51,0.547945205479452,0.1141552511415525,0.5205479452054794,1
16,18,118,2912.5,3116.0,6100.0,239,0.05098825300677509,0.054550865706132594,0.10679084749916844,11.376953125,9.617283950617283,0.4380925021545533,33,34,43,0.26778242677824265,0.14644351464435146,0.28451882845188287,0
21,19,118,5007.0,3430.0,6291.0,255,0.07700115340253749,0.052748942714340635,0.09674740484429066,11.353741496598639,9.501385041551247,0.45180982476299913,29,33,50,0.12941176470588237,0.3058823529411765,0.35294117647058826,0
15,22,144,5374.0,3483.0,5182.0,211,0.12070708205116687,0.07823274409829069,0.11639451045574,23.884444444444444,7.196280991735537,0.24990354938271606,24,32,50,0.3127962085308057,0.2559241706161137,0.23696682464454977,0
15,16,87,7347.5,4086.0,8525.0,243,0.12443055767244153,0.06919676878524615,0.1443716235668682,32.65555555555556,15.9609375,1.126304663760074,39,38,61,0.48559670781893005,0.2674897119341564,0.4156378600823045,0
15,16,100,5017.5,2829.0,5658.0,255,0.07716262975778547,0.04350634371395617,0.08701268742791234,22.3,11.05078125,0.5658,40,27,50,0.396078431372549,0.10588235294117647,0.30196078431372547,0
15,17,119,7465.0,3151.0,5158.0,251,0.11849018269551277,0.05001507912572816,0.08187171632196315,33.17777777777778,10.90311418685121,0.3642398135724878,32,32,49,0.4262948207171315,0.3665338645418327,0.3545816733067729,1
16,19,93,6569.0,2306.0,3872.0,311,0.06791699837677444,0.02384177169384105,0.04003267129165331,25.66015625,6.38781163434903,0.44768181292634984,35,31,36,0.34726688102893893,0.4405144694533762,0.17041800643086816,1
18,18,114,7131.5,4182.0,4968.5,303,0.07767756973717174,0.04555108976244159,0.0541177880164254,22.010802469135804,12.907407407407407,0.3823099415204678,33,0,52,0.19801980198019803,0.0,0.3069306930693069,1
17,17,117,6043.5,3154.5,4268.5,251,0.09592704877700355,0.0500706337994635,0.06775289281122522,20.91176470588235,10.915224913494809,0.3118197092556067,33,24,41,0.5179282868525896,0.23904382470119523,0.26693227091633465,0
15,15,87,6550.5,4093.5,6804.0,255,0.10073817762399077,0.06295271049596309,0.10463667820069204,29.113333333333333,18.19333333333333,0.8989298454221165,41,37,55,0.5607843137254902,0.3058823529411765,0.34901960784313724,0
15,14,99,8482.0,5097.0,6513.0,243,0.14364341479110568,0.08631814255956917,0.11029822689630646,37.69777777777778,26.005102040816325,0.6645240281603918,34,39,53,0.2674897119341564,0.32098765432098764,0.37037037037037035,0
15,17,124,5258.0,4574.0,4982.5,307,0.055788390327748835,0.04853101889675222,0.052865282390264084,23.36888888888889,15.826989619377162,0.3240439646201873,42,38,43,0.3485342019543974,0.24104234527687296,0.3257328990228013,1
18,16,97,8819.0,4763.5,4680.0,239,0.1543915547696994,0.08339314787906374,0.08193133873706693,27.219135802469136,18.607421875,0.497396110107344,44,0,47,0.606694560669456,0.0,0.39748953974895396,1
16,19,136,6096.0,4424.0,4716.0,275,0.08060826446280991,0.05849917355371901,0.062360330578512396,23.8125,12.254847645429363,0.25497404844290655,31,41,44,0.20727272727272728,0.4290909090909091,0.29454545454545455,0
16,17,158,10519.5,6053.5,7211.5,255,0.1617762399077278,0.09309496347558631,0.1109034986543637,41.091796875,20.94636678200692,0.28887598141323506,38,45,54,0.5176470588235295,0.48627450980392156,0.2823529411764706,1
15,18,119,9776.0,4222.0,6756.0,247,0.16023865331344556,0.06920290448950155,0.11073776000262256,43.44888888888889,13.030864197530864,0.4770849516277099,27,32,57,0.38866396761133604,0.30364372469635625,0.38461538461538464,1
15,13,101,8091.5,3549.5,4132.5,243,0.13703026300191368,0.060111094176023304,0.06998425036833816,35.96222222222222,21.002958579881657,0.40510734241741003,29,32,51,0.5020576131687243,0.32098765432098764,0.3868312757201646,0
18,20,135,7956.5,3308.0,5664.0,271,0.10833866641249439,0.0450429596546888,0.07712313285494479,24.557098765432098,8.27,0.31078189300411524,33,28,56,0.26199261992619927,0.35793357933579334,0.2140221402214022,0
15,19,106,7679.0,4373.0,5132.0,239,0.13443392097477286,0.07655678296948583,0.0898443654697922,34.12888888888889,12.113573407202216,0.45674617301530795,45,31,56,0.5104602510460251,0.3179916317991632,0.3891213389121339,0
17,18,132,5678.0,5569.0,4932.0,247,0.09306823583405727,0.09128161418807061,0.08084053172482748,19.647058823529413,17.188271604938272,0.2830578512396694,39,31,49,0.39271255060728744,0.4251012145748988,0.3684210526315789,0
16,15,95,5416.5,5817.5,6839.0,311,0.0560012820380269,0.060147227592766826,0.07070853279019035,21.158203125,25.855555555555554,0.7577839335180055,44,42,60,0.2508038585209003,0.3054662379421222,0.3215434083601286,1
15,17,113,7865.0,4542.0,6261.0,279,0.10103929805629425,0.05834971287624774,0.08043319073495972,34.955555555555556,15.716262975778546,0.49032813846033363,38,43,58,0.36200716845878134,0.5985663082437276,0.31899641577060933,1
15,20,99,7053.0,5888.0,8072.0,239,0.12347472908387458,0.10307942788116455,0.1413140526251291,31.346666666666668,14.72,0.8235894296500357,51,43,67,0.41841004184100417,0.28451882845188287,0.2803347280334728,1
18,20,112,5783.0,6817.0,5984.0,331,0.05278338094759997,0.06222104581009666,0.054617975374448936,17.848765432098766,17.0425,0.4770408163265306,46,40,51,0.4199395770392749,0.32326283987915405,0.25075528700906347,1
16,19,130,8316.0,5861.0,5515.0,247,0.13630775787178942,0.09606779327640184,0.09039649887721483,32.484375,16.235457063711912,0.3263313609467456,48,34,54,0.5303643724696356,0.32793522267206476,0.2793522267206478,0
15,19,125,6303.0,3733.5,7050.5,247,0.10331262600599911,0.061195889131111805,0.11556491665164156,28.013333333333332,10.342105263157896,0.451232,33,34,55,0.2591093117408907,0.46963562753036436,0.4008097165991903,0
16,19,116,8437.0,4379.5,5535.0,279,0.10838761064220655,0.05626212407343174,0.0711064862989941,32.95703125,12.131578947368421,0.41134066587395957,45,27,47,0.34767025089605735,0.1111111111111111,0.3010752688172043,0
16,16,106,7918.5,4390.5,7370.5,239,0.13862677474133855,0.07686315015493426,0.12903310516272473,30.931640625,17.150390625,0.6559718761124955,38,33,54,0.5648535564853556,0.3598326359832636,0.22594142259414227,0
18,17,117,5920.5,3763.0,7152.0,279,0.0760588892742899,0.04834213332305597,0.0918796007245539,18.27314814814815,13.020761245674741,0.5224632916940609,45,43,61,0.36917562724014336,0.2724014336917563,0.4767025089605735,0
16,20,127,6800.0,5138.0,4914.0,259,0.10136998553986971,0.07659396848586038,0.07325472190337055,26.5625,12.845,0.3046686093372187,32,44,50,0.22007722007722008,0.44787644787644787,0.305019305019305,0
15,13,138,8069.0,2915.0,7463.0,303,0.08788898691849382,0.03175069982245749,0.08128832685248723,35.86222222222222,17.24852071005917,0.39188195757193867,28,51,56,0.1848184818481848,0.3465346534653465,0.36303630363036304,0
17,20,114,6433.5,4864.5,6848.5,223,0.12937119185988055,0.09782018540489452,0.137716423012729,22.261245674740483,12.16125,0.526969836872884,33,37,56,0.33183856502242154,0.28699551569506726,0.38565022421524664,0
16,16,121,8608.0,7137.0,5866.0,279,0.11058439639778522,0.09168690021967857,0.07535874410657623,33.625,27.87890625,0.4006556929171505,43,46,48,0.5734767025089605,0.5627240143369175,0.3548387096774194,0
16,22,108,6087.0,4475.0,9535.0,263,0.08800185053998179,0.06469661264439272,0.13785077129928147,23.77734375,9.24586776859504,0.8174725651577504,56,43,59,0.3650190114068441,0.3840304182509506,0.5437262357414449,0
18,18,137,6623.0,3623.0,7011.0,255,0.10185313341022684,0.05571703191080354,0.10782006920415226,20.441358024691358,11.182098765432098,0.3735414779689914,33,31,55,0.4745098039215686,0.35294117647058826,0.4588235294117647,1
15,17,95,3378.5,3291.5,7503.0,271,0.046002913903677785,0.044818289511308396,0.10216364156261488,15.015555555555556,11.389273356401384,0.8313573407202216,31,33,54,0.3247232472324723,0.2730627306273063,0.4022140221402214,1
13,15,143,8570.0,4253.5,6982.5,283,0.10700595587409008,0.05310966549713444,0.08718425751351622,50.710059171597635,18.904444444444444,0.34145924006063866,33,35,47,0.43462897526501765,0.23674911660777384,0.2756183745583039,1
15,18,140,7034.0,2609.0,5382.0,229,0.13413169085257717,0.049751148910203845,0.1026296218607578,31.26222222222222,8.052469135802468,0.2745918367346939,28,31,49,0.4672489082969432,0.4410480349344978,0.4017467248908297,1
16,18,111,6942.5,3844.0,5772.0,251,0.1101966635450231,0.061014904525324994,0.09161759337153379,27.119140625,11.864197530864198,0.46846846846846846,24,24,54,0.19123505976095617,0.2908366533864542,0.350597609561753,1
18,14,98,6084.0,3642.0,7094.0,287,0.07386273962291638,0.04421566365987204,0.08612463426774636,18.77777777777778,18.581632653061224,0.7386505622657226,43,33,55,0.22996515679442509,0.2229965156794425,0.3170731707317073,1
14,19,99,7376.5,5945.5,7554.0,303,0.08034615342722391,0.06475944624165386,0.0822795150802209,37.63520408163265,16.469529085872576,0.7707376798285889,34,33,58,0.3696369636963696,0.10891089108910891,0.3795379537953795,0
15,20,113,6222.5,3717.5,6954.5,255,0.09569396386005383,0.05717031910803537,0.10695117262591311,27.655555555555555,9.29375,0.5446393609523064,30,44,55,0.396078431372549,0.4392156862745098,0.3568627450980392,0
15,20,171,9523.0,4086.5,7166.5,279,0.12233912719517992,0.05249804087820043,0.0920658778792667,42.324444444444445,10.21625,0.24508395745699532,39,29,53,0.31899641577060933,0.1111111111111111,0.3906810035842294,0
17,16,101,7112.0,3089.0,9150.0,271,0.0968396399831157,0.042060974115276206,0.12458980678367669,24.608996539792386,12.06640625,0.8969708852073326,32,29,64,0.4022140221402214,0.2952029520295203,0.31365313653136534,0
15,16,118,9219.0,6171.0,9509.0,303,0.10041499199424893,0.06721563245433454,0.10357372370900457,40.973333333333336,24.10546875,0.68292157426027,35,42,64,0.32673267326732675,0.4389438943894389,0.4884488448844885,0
17,17,132,9873.0,5444.0,10288.0,319,0.09702145222629495,0.05349790194671829,0.10109963542024941,34.16262975778547,18.837370242214533,0.5904499540863177,62,45,61,0.5015673981191222,0.23510971786833856,0.5172413793103449,0
15,12,102,7108.0,3247.0,8299.0,219,0.14820374887929777,0.0677008402660495,0.1730364254289944,31.59111111111111,22.54861111111111,0.7976739715494041,41,39,61,0.7214611872146118,0.5296803652968036,0.4703196347031963,0
15,15,94,10323.0,5468.0,7669.0,279,0.13261648745519714,0.07024575737721767,0.09852134479259002,45.88,24.302222222222223,0.8679266636487099,36,39,53,0.22939068100358423,0.44086021505376344,0.34050179211469533,0
15,14,129,7726.0,5427.0,8118.0,271,0.10520009259133181,0.07389605261366267,0.11053771054315709,34.33777777777778,27.68877551020408,0.48783126014061656,46,35,57,0.4354243542435424,0.5129151291512916,0.3948339483394834,0
21,22,123,9592.0,5947.0,8176.0,275,0.12683636363636364,0.07863801652892562,0.10811239669421488,21.750566893424036,12.287190082644628,0.5404190627272126,51,37,56,0.41454545454545455,0.5127272727272727,0.37454545454545457,0
18,20,90,9066.0,4872.0,6255.0,283,0.11319906603903157,0.06083232403950605,0.0781006130679619,27.98148148148148,12.18,0.7722222222222223,47,38,51,0.4169611307420495,0.4558303886925795,0.4381625441696113,0
22,17,125,8431.0,5721.0,7853.0,227,0.16361660424227134,0.11102485978769237,0.15239961963166374,17.419421487603305,19.79584775086505,0.502592,43,35,61,0.5154185022026432,0.2290748898678414,0.46255506607929514,0
15,21,96,5139.0,2535.0,5018.0,239,0.08996691234397157,0.044379475149244584,0.08784860209029954,22.84,5.7482993197278915,0.5444878472222222,35,21,43,0.37656903765690375,0.16317991631799164,0.2510460251046025,0
27,24,84,7597.5,3704.0,10137.0,271,0.10345038874742991,0.050435043095818415,0.13802916626952247,10.421810699588477,6.430555555555555,1.4366496598639455,34,32,59,0.44280442804428044,0.5276752767527675,0.42066420664206644,0
25,19,148,11167.5,3713.5,8602.5,263,0.1614523847388281,0.053687345487140194,0.12436929838511472,17.868,10.286703601108034,0.3927364864864865,42,33,49,0.44106463878326996,0.21292775665399238,0.4144486692015209,1
15,20,82,4108.0,3648.0,6971.0,275,0.054320661157024795,0.04823801652892562,0.09217851239669421,18.25777777777778,9.12,1.0367340868530637,32,35,48,0.29454545454545455,0.2727272727272727,0.29818181818181816,0
21,21,79,6792.0,2872.5,6326.0,303,0.0739796751952423,0.03128778224357089,0.0689039200949798,15.401360544217686,6.51360544217687,1.0136196122416279,32,28,50,0.26732673267326734,0.30033003300330036,0.3927392739273927,0
16,16,89,3793.5,2791.0,5440.5,203,0.09205513358732316,0.06772792351185421,0.13202213108786914,14.818359375,10.90234375,0.6868450953162479,29,35,43,0.6108374384236454,0.4729064039408867,0.541871921182266,0
15,21,79,8100.5,7754.5,7926.5,255,0.1245751633986928,0.11925413302575932,0.12189926951172626,36.00222222222222,17.58390022675737,1.2700688992148694,39,32,57,0.47843137254901963,0.3215686274509804,0.5333333333333333,1
19,22,128,20798.0,13443.0,15184.0,383,0.14178295577718847,0.09164286347306205,0.10351151074722713,57.61218836565097,27.774793388429753,0.9267578125,97,95,95,0.47780678851174935,0.24804177545691905,0.24804177545691905,0
18,23,122,20644.0,17362.5,12346.5,393,0.13366224449494654,0.11241574888798245,0.07993900899325991,63.71604938271605,32.821361058601134,0.8295149153453373,89,90,89,0.5114503816793893,0.46564885496183206,0.37659033078880405,0
20,22,104,8301.0,4487.0,8985.5,223,0.16692473204769853,0.09022904140441192,0.180689336202216,20.7525,9.270661157024794,0.8307599852071006,48,41,55,0.3273542600896861,0.57847533632287,0.5874439461883408,0
16,20,80,7499.0,2779.5,7176.5,243,0.12699622347541872,0.04707107656353198,0.12153465765719995,29.29296875,6.94875,1.121328125,34,45,54,0.45267489711934156,0.6296296296296297,0.5432098765432098,0
16,20,94,6326.0,3874.0,7156.0,299,0.0707598349011756,0.0433328486258543,0.08004384738425745,24.7109375,9.685,0.80986871887732,32,34,46,0.3979933110367893,0.18729096989966554,0.41471571906354515,0
15,12,102,6420.0,3698.0,5392.0,239,0.11239299031879695,0.06473976295933194,0.09439610651074036,28.533333333333335,25.680555555555557,0.5182622068435218,39,35,41,0.401673640167364,0.25523012552301255,0.26778242677824265,0
25,23,99,10592.0,6290.0,8014.5,279,0.13607224984262792,0.08080574504438535,0.10295987975488496,16.9472,11.890359168241966,0.817722681359045,54,36,51,0.45878136200716846,0.35125448028673834,0.2903225806451613,0
28,24,119,7312.0,4667.0,8186.0,275,0.09668760330578513,0.061712396694214876,0.10824462809917355,9.326530612244898,8.102430555555555,0.5780665207259374,41,38,52,0.43636363636363634,0.44727272727272727,0.36363636363636365,0
21,16,114,8746.0,3265.5,6435.5,267,0.12268372399668953,0.04580650591255313,0.09027339421229082,19.83219954648526,12.755859375,0.49519082794706065,43,44,50,0.3782771535580524,0.43820224719101125,0.27715355805243447,0
15,17,99,6844.0,4407.0,9307.0,263,0.09894605965099973,0.0637135132790701,0.13455449695672916,30.41777777777778,15.249134948096886,0.9495969799000102,39,45,59,0.41064638783269963,0.28517110266159695,0.4790874524714829,0
15,15,92,7535.5,5361.0,9477.5,255,0.11588619761630142,0.08244521337946943,0.14575163398692811,33.49111111111111,23.826666666666668,1.119742438563327,36,28,59,0.4,0.18823529411764706,0.3607843137254902,1
16,17,106,6460.0,3561.0,5474.0,263,0.09339443970564848,0.05148260058696815,0.07913949890847055,25.234375,12.321799307958477,0.48718405126379494,31,15,41,0.29277566539923955,0.07224334600760456,0.27756653992395436,1
15,14,89,8081.0,5962.0,6716.0,267,0.11335549664043541,0.08363141578644671,0.09420808259338748,35.91555555555556,30.418367346938776,0.8478727433404873,43,37,48,0.5168539325842697,0.4606741573033708,0.40074906367041196,0
18,16,83,5580.0,4380.0,8067.0,247,0.09146191545509678,0.07179268632496845,0.13222639282728776,17.22222222222222,17.109375,1.1709972419799681,47,28,52,0.5263157894736842,0.47368421052631576,0.38461538461538464,0
15,13,128,9113.0,3938.0,4996.0,303,0.0992604210916141,0.04289339825071616,0.054417322920410856,40.50222222222222,23.301775147928993,0.304931640625,52,34,33,0.44554455445544555,0.37623762376237624,0.30033003300330036,0
17,15,98,5254.0,3811.0,4738.0,227,0.10196200197946788,0.07395835354848726,0.09194822333055173,18.17993079584775,16.93777777777778,0.49333610995418575,32,34,42,0.23788546255506607,0.2687224669603524,0.31277533039647576,0
15,18,114,10875.0,6180.0,9713.0,311,0.11243680276258516,0.06389512101818633,0.10042286576855078,48.333333333333336,19.074074074074073,0.747383810403201,48,36,56,0.4565916398713826,0.1157556270096463,0.5691318327974276,0
16,23,67,7788.5,5800.5,8663.0,295,0.08949727089916691,0.06665326055731112,0.09954610744039069,30.423828125,10.965028355387524,1.929828469592337,54,40,59,0.4067796610169492,0.26440677966101694,0.4406779661016949,1
18,19,96,7342.5,4276.0,6938.5,231,0.1376004947433519,0.08013343078278143,0.13002942223721445,22.662037037037038,11.844875346260388,0.7528754340277778,38,38,53,0.4329004329004329,0.6060606060606061,0.38095238095238093,0
15,14,89,5302.0,3886.0,7183.0,311,0.05481746466641164,0.0401774175204971,0.07426515441320913,23.564444444444444,19.8265306122449,0.9068299457139251,46,28,39,0.5176848874598071,0.3022508038585209,0.17363344051446947,0
15,15,76,7126.0,4153.0,8482.0,203,0.17292339052148803,0.10077895605328933,0.2058288238006261,31.67111111111111,18.45777777777778,1.4684903047091413,43,34,58,0.46798029556650245,0.270935960591133,0.35467980295566504,0
16,15,103,7958.0,5091.0,9081.5,311,0.08227789208134738,0.05263593221740884,0.09389377694606135,31.0859375,22.626666666666665,0.856018474879819,42,32,60,0.3440514469453376,0.28938906752411575,0.33762057877813506,0
16,19,88,7226.5,3433.5,8078.0,259,0.1077279706623336,0.05118438902222686,0.12042157988103934,28.228515625,9.511080332409973,1.0431301652892562,0,40,55,0.0,0.39768339768339767,0.22007722007722008,1
16,19,87,7838.0,3260.0,7217.0,287,0.09515715863977953,0.03957799657638189,0.0876179145066712,30.6171875,9.030470914127424,0.9534945171092615,35,21,55,0.49825783972125437,0.14285714285714285,0.3797909407665505,1
18,21,80,7901.0,3633.0,9096.0,271,0.10758295774839667,0.049468280660666386,0.12385452267806811,24.385802469135804,8.238095238095237,1.42125,33,33,55,0.33948339483394835,0.2878228782287823,0.39114391143911437,1
15,12,89,7434.0,6806.0,7883.0,255,0.11432525951557093,0.10466743560169166,0.12123029603998463,33.04,47.263888888888886,0.9952026259310693,35,38,57,0.34509803921568627,0.592156862745098,0.23137254901960785,0
13,14,112,7081.0,4269.0,8358.0,231,0.13269991192069114,0.08000224883341767,0.15663124754033844,41.89940828402367,21.78061224489796,0.6662946428571429,28,30,58,0.12121212121212122,0.46320346320346323,0.46320346320346323,0
16,20,98,5637.0,2807.5,7843.0,251,0.08947477024174219,0.04456278471770289,0.12449008745892923,22.01953125,7.01875,0.8166389004581425,30,42,51,0.3346613545816733,0.350597609561753,0.3466135458167331,0
16,17,123,5825.0,3765.5,5152.5,235,0.10547759167043912,0.06818469895880488,0.09330013580805795,22.75390625,13.029411764705882,0.3405710886377156,31,34,38,0.34893617021276596,0.23829787234042554,0.40425531914893614,0
18,21,76,6626.5,2950.0,8845.5,227,0.12859748879271865,0.057249315919191135,0.17166061829261192,20.45216049382716,6.6893424036281175,1.5314231301939059,23,23,61,0.22026431718061673,0.21585903083700442,0.47577092511013214,1
15,18,123,5928.5,2769.0,5014.5,251,0.0941016809256996,0.043951683306614184,0.07959397469881431,26.34888888888889,8.546296296296296,0.3314495340075352,35,27,39,0.549800796812749,0.4820717131474104,0.16733067729083664,1
15,17,108,8083.0,2741.0,6208.0,275,0.10688264462809917,0.03624462809917355,0.0820892561983471,35.92444444444445,9.484429065743944,0.532235939643347,33,30,37,0.24,0.13454545454545455,0.14181818181818182,0
16,16,125,5293.0,4423.0,6552.0,263,0.07652271971547948,0.06394483077679307,0.09472451531755555,20.67578125,17.27734375,0.419328,29,32,49,0.29277566539923955,0.3231939163498099,0.30798479087452474,0
17,17,141,9553.0,8141.5,6788.5,227,0.18539075083933318,0.15799840866308293,0.13174134953133187,33.055363321799305,28.17128027681661,0.3414566671696595,34,41,58,0.32599118942731276,0.32158590308370044,0.3832599118942731,0
14,14,87,7777.5,5670.0,7550.5,271,0.10590133576612519,0.07720483108890129,0.10281041924810393,39.68112244897959,28.928571428571427,0.9975558197912539,43,58,60,0.4354243542435424,0.30996309963099633,0.22140221402214022,0
18,15,142,8026.5,4259.0,7070.0,295,0.09223211720769894,0.048939959781671934,0.08124102269462798,24.77314814814815,18.92888888888889,0.35062487601666337,42,35,55,0.4101694915254237,0.2677966101694915,0.31864406779661014,0
15,20,136,11617.0,4037.5,10291.0,263,0.16795096069048274,0.0583715248160303,0.14878052306669173,51.63111111111111,10.09375,0.556390570934256,39,42,62,0.4068441064638783,0.34980988593155893,0.4600760456273764,0
15,15,154,8196.5,4900.0,7583.5,383,0.05587671877236875,0.03340400439024058,0.051697809651712126,36.42888888888889,21.77777777777778,0.3197630291786136,30,34,53,0.1514360313315927,0.1462140992167102,0.20887728459530025,1
16,19,88,9206.0,3093.0,8057.0,247,0.1508957694766346,0.0506974380829058,0.1320624825845367,35.9609375,8.56786703601108,1.040418388429752,30,32,60,0.3441295546558704,0.12955465587044535,0.4817813765182186,0
17,17,107,6930.5,4012.0,8652.5,311,0.07165455278584795,0.04148013358009119,0.08945833893363385,23.980968858131487,13.882352941176471,0.7557428596383964,58,24,58,0.31511254019292606,0.0932475884244373,0.3858520900321543,0
18,14,111,6019.0,5561.0,6074.0,315,0.06066011589821114,0.05604434366339128,0.06121441169060217,18.57716049382716,28.372448979591837,0.4929794659524389,35,51,55,0.5174603174603175,0.5238095238095238,0.2698412698412698,0
15,18,142,4602.0,2759.0,3494.5,247,0.07543149371404219,0.04522283597502008,0.05727843432936124,20.453333333333333,8.515432098765432,0.17330390795477088,34,29,24,0.3765182186234818,0.4291497975708502,0.242914979757085,0
15,20,89,8690.0,3797.0,5570.0,291,0.10262042252689506,0.0448388658612912,0.06577626622264734,38.62222222222222,9.4925,0.7031940411564196,28,38,53,0.24398625429553264,0.3470790378006873,0.24398625429553264,0
15,18,136,8438.0,2717.0,6603.0,255,0.12976547481737793,0.0417839292579777,0.10154555940023068,37.50222222222222,8.385802469135802,0.356996107266436,33,32,59,0.37254901960784315,0.27058823529411763,0.4627450980392157,0
16,15,93,8779.0,5219.0,6529.0,287,0.10658135949204191,0.0633612159914531,0.07926525756049,34.29296875,23.195555555555554,0.7548849577985894,44,43,59,0.5121951219512195,0.44947735191637633,0.3623693379790941,1
16,18,101,10793.0,3544.0,4517.0,279,0.13865443660795726,0.04552870595187626,0.0580285453681222,42.16015625,10.938271604938272,0.44279972551710617,35,49,42,0.3154121863799283,0.4050179211469534,0.3046594982078853,0
15,13,145,8392.0,8998.0,6215.5,359,0.0651143302736633,0.06981634220715234,0.048226658700661854,37.297777777777775,53.24260355029586,0.2956242568370987,46,43,57,0.32590529247910865,0.4456824512534819,0.4011142061281337,1
15,18,133,8194.5,3137.0,7036.5,235,0.14838388411045722,0.056803983703033044,0.12741511996378452,36.42,9.682098765432098,0.397789586748827,28,31,53,0.3148936170212766,0.225531914893617,0.3148936170212766,0
15,20,110,8365.0,4716.0,6424.0,255,0.12864282968089197,0.07252595155709343,0.09879277201076508,37.17777777777778,11.79,0.5309090909090909,36,32,60,0.35294117647058826,0.38823529411764707,0.4627450980392157,1
17,20,96,6508.0,3215.0,5531.0,215,0.14078961600865333,0.06955110870740941,0.11965386695511088,22.519031141868513,8.0375,0.6001519097222222,18,31,57,0.08372093023255814,0.28837209302325584,0.49767441860465117,1
16,12,155,26793.0,23132.0,26521.0,355,0.21260067446935133,0.18355088276135686,0.21044237254512993,104.66015625,160.63888888888889,1.103891779396462,143,141,144,0.7098591549295775,0.48169014084507045,0.5408450704225352,1
18,21,129,7338.0,3959.5,8147.0,303,0.07992680456164428,0.04312758008474115,0.08873857682797982,22.64814814814815,8.97845804988662,0.4895739438735653,40,31,55,0.2706270627062706,0.2838283828382838,0.3795379537953795,1
15,17,127,14765.0,7599.0,19298.0,343,0.1255004292429175,0.06459043425783474,0.16403029350015724,65.62222222222222,26.294117647058822,1.196478392956786,101,100,100,0.4139941690962099,0.5131195335276968,0.5685131195335277,1
15,17,155,146441.0,102927.5,138686.5,615,0.3871795888690594,0.27213298962257915,0.3666772423821799,650.8488888888888,356.15051903114187,5.772591050988553,370,356,350,0.7040650406504065,0.6487804878048781,0.7252032520325203,1
15,14,129,89633.0,76146.0,101998.0,567,0.2788058067305569,0.23685413808870598,0.3172674648277235,398.3688888888889,388.5,6.129319151493299,298,297,294,0.6825396825396826,0.6596119929453262,0.7213403880070547,1
16,22,125,63664.0,46228.5,72331.0,527,0.2292306529026497,0.16645182894116206,0.2604373327956389,248.6875,95.51342975206612,4.629184,249,240,242,0.6375711574952562,0.5047438330170778,0.573055028462998,1
17,21,123,126106.0,84688.0,143278.0,623,0.3249074405674402,0.2181954968580034,0.3691504628615744,436.3529411764706,192.0362811791383,9.470421045673872,346,310,312,0.6789727126805778,0.6179775280898876,0.6998394863563403,1
18,20,132,151024.0,87048.0,154750.5,623,0.38910774510536444,0.22427594949101973,0.39870893440067606,466.12345679012344,217.62,8.881456611570249,369,324,326,0.6629213483146067,0.6067415730337079,0.8138041733547352,1
15,21,109,119690.0,75885.5,121994.5,599,0.3335832397345604,0.2114974595945942,0.3400060200501113,531.9555555555555,172.07596371882087,10.268032993855735,337,297,296,0.7312186978297162,0.6143572621035058,0.6978297161936561,1
15,17,125,62393.0,37627.0,62567.0,423,0.3487025579978651,0.21029011507357667,0.34967501075845725,277.3022222222222,130.19723183391002,4.004288,233,201,196,0.6619385342789598,0.7139479905437353,0.8463356973995272,1
20,26,133,98009.0,72098.0,110648.0,639,0.24002929068061649,0.17657186380323325,0.2709828786665393,245.0225,106.65384615384616,6.255186839278648,311,274,270,0.6087636932707355,0.5633802816901409,0.6838810641627543,1
15,20,138,88968.5,64362.0,101078.0,647,0.21253365312260367,0.15375206935350172,0.24146160259335084,395.41555555555556,160.905,5.307603444654484,296,258,252,0.5734157650695518,0.5471406491499228,0.6506955177743431,1
19,23,131,50127.5,33129.5,66089.0,519,0.18609783895961182,0.12299293513166346,0.24535474697524884,138.8573407202216,62.62665406427221,3.851115902336694,232,187,188,0.651252408477842,0.5568400770712909,0.6589595375722543,1
15,16,182,15516.5,9217.5,22759.5,391,0.10149397243607773,0.060291991810623946,0.148870690275443,68.96222222222222,36.005859375,0.6870999879241637,119,88,97,0.5754475703324808,0.3938618925831202,0.5217391304347826,1
15,20,140,19211.0,7148.0,27655.0,479,0.08372958625529003,0.03115397858272933,0.12053207578418852,85.38222222222223,17.87,1.410969387755102,116,85,107,0.33194154488517746,0.325678496868476,0.4342379958246347,1
15,24,101,22032.0,10446.0,33346.0,459,0.10457516339869281,0.04958206957438022,0.15827720582302154,97.92,18.135416666666668,3.2688952063523184,131,85,135,0.55119825708061,0.42701525054466233,0.48148148148148145,1
18,26,134,5744.5,4444.0,11939.0,279,0.07379787001708611,0.057090736244395625,0.1533767551804319,17.729938271604937,6.57396449704142,0.6649030964580085,19,37,91,0.12903225806451613,0.3763440860215054,0.4767025089605735,1
18,27,116,4646.0,3924.0,8744.0,287,0.05640471536621788,0.04763928176862654,0.10615644235088444,14.339506172839506,5.382716049382716,0.6498216409036861,29,29,73,0.4355400696864111,0.397212543554007,0.397212543554007,1
29,31,102,4948.0,4709.5,10714.0,279,0.06356547320820648,0.06050153518068884,0.13763954728228053,5.88347205707491,4.900624349635796,1.0297962322183776,52,24,87,0.26523297491039427,0.33691756272401435,0.4265232974910394,1
16,22,100,5720.5,4669.5,9552.0,347,0.047508907141492744,0.03878032372995374,0.0793296182179073,22.345703125,9.647727272727273,0.9552,51,25,69,0.43804034582132567,0.1037463976945245,0.3400576368876081,1
17,27,121,5143.0,2860.0,8101.5,255,0.07909265667051134,0.04398308342945021,0.12459054209919262,17.79584775086505,3.9231824417009604,0.553343350864012,0,32,69,0.0,0.3568627450980392,0.42745098039215684,1
16,22,98,5492.0,3304.5,7368.5,271,0.07478111681485819,0.0449953023515475,0.10033223948475647,21.453125,6.827479338842975,0.7672324031653478,19,39,73,0.13653136531365315,0.35793357933579334,0.31365313653136534,1
15,22,82,5769.0,3955.0,10399.0,303,0.06283697676698363,0.0430785652822708,0.11326776241980634,25.64,8.171487603305785,1.5465496728138013,36,32,92,0.3465346534653465,0.19471947194719472,0.4521452145214521,1
18,21,118,8907.0,4479.0,8851.0,319,0.0875286209844636,0.044014897652342254,0.08697831192696613,27.49074074074074,10.156462585034014,0.6356650387819592,30,33,67,0.29153605015673983,0.3761755485893417,0.32601880877742945,1
27,21,89,8284.0,6529.0,13867.0,335,0.07381599465359769,0.05817776787703274,0.1235642682111829,11.363511659807957,14.80498866213152,1.7506627951016285,35,30,97,0.417910447761194,0.30149253731343284,0.28955223880597014,1
15,19,133,8111.0,6652.0,14181.0,279,0.10419958633624954,0.08545625056204315,0.18217905730913014,36.04888888888889,18.426592797783933,0.8016846627847815,39,35,99,0.4229390681003584,0.4838709677419355,0.35842293906810035,1
21,21,85,7219.0,4866.0,19896.0,279,0.09274032964633035,0.06251204378155471,0.25559794966662813,16.369614512471657,11.034013605442176,2.7537716262975778,37,38,113,0.36200716845878134,0.1971326164874552,0.40860215053763443,1
21,22,134,9440.0,6101.0,16442.0,295,0.10847457627118644,0.07010629129560471,0.18893421430623383,21.405895691609977,12.605371900826446,0.9156827801292047,39,36,104,0.27796610169491526,0.29152542372881357,0.41694915254237286,1
21,23,193,7082.0,5975.0,14238.0,267,0.09934211449171682,0.08381377211070432,0.1997222572907461,16.058956916099774,11.294896030245747,0.3822384493543451,36,30,95,0.33707865168539325,0.31835205992509363,0.47191011235955055,1
18,22,130,8170.5,5874.0,17075.5,303,0.0889945430186583,0.0639806554912917,0.18598939101830975,25.21759259259259,12.136363636363637,1.0103846153846154,39,37,106,0.42244224422442245,0.19801980198019803,0.47194719471947194,1
15,15,118,15776.0,9540.0,36607.5,311,0.1631083218742569,0.09863421594069541,0.3784855408856401,70.11555555555556,42.4,2.629093651249641,65,63,161,0.6109324758842444,0.5498392282958199,0.5594855305466238,1
15,21,127,12421.0,10491.5,34535.5,399,0.0780208667030986,0.06590096795874398,0.21693017003662038,55.20444444444445,23.790249433106577,2.141205282410565,65,64,161,0.518796992481203,0.49122807017543857,0.5388471177944862,1
16,15,115,13314.0,5275.0,25320.0,383,0.09076345192891082,0.03596043329765695,0.17261007982875334,52.0078125,23.444444444444443,1.914555765595463,52,52,131,0.48825065274151436,0.16971279373368145,0.5039164490861618,1
19,22,79,11802.5,5508.5,25085.0,303,0.12855493470139093,0.05999956431286693,0.27323029332636234,32.69390581717452,11.381198347107437,4.019387918602788,47,42,129,0.5115511551155115,0.24422442244224424,0.5247524752475248,1
18,16,142,8138.0,6068.5,13930.0,303,0.08864054722303913,0.06609918417584333,0.15172804409153787,25.117283950617285,23.705078125,0.6908351517556041,36,25,92,0.4389438943894389,0.1254125412541254,0.37623762376237624,1
16,19,89,8343.0,5747.5,17946.5,351,0.06771860618014464,0.04665140705026745,0.1456684604832753,32.58984375,15.921052631578947,2.265686150738543,39,32,101,0.3789173789173789,0.2564102564102564,0.4843304843304843,1
15,21,103,8906.0,3477.5,10558.0,307,0.09449437129306412,0.03689694320364142,0.11202240872582203,39.58222222222222,7.8854875283446715,0.9951927608634179,33,29,72,0.32247557003257327,0.40390879478827363,0.32247557003257327,1
15,20,101,5955.5,3532.5,17746.0,255,0.09158785082660516,0.054325259515570934,0.27291041906958863,26.468888888888888,8.83125,1.7396333692775219,30,21,90,0.2,0.22745098039215686,0.4588235294117647,1
16,16,157,8891.0,4031.0,11542.0,287,0.10794109434374582,0.04893831417159368,0.14012553266398767,34.73046875,15.74609375,0.46825429023489795,28,26,77,0.3240418118466899,0.16376306620209058,0.2926829268292683,1
18,20,120,8046.5,4257.5,19881.5,271,0.10956413992184202,0.057971705178306396,0.27071390640105664,24.834876543209877,10.64375,1.3806597222222223,47,46,116,0.6383763837638377,0.5940959409594095,0.45018450184501846,1
15,18,125,9982.0,4950.0,19645.0,383,0.06804872894354723,0.03374486157789609,0.13392278902985227,44.364444444444445,15.277777777777779,1.25728,36,32,107,0.2689295039164491,0.2245430809399478,0.391644908616188,1
15,18,87,7723.0,5037.0,12113.0,279,0.09921506661014119,0.06470882953713339,0.15561208103698565,34.324444444444445,15.546296296296296,1.6003435064077156,41,34,80,0.33691756272401435,0.22580645161290322,0.40860215053763443,1
15,20,100,8759.0,4710.0,22519.5,271,0.1192658052041775,0.0641331136558598,0.30663389659726853,38.92888888888889,11.775,2.25195,38,30,112,0.44649446494464945,0.3284132841328413,0.5276752767527675,1
16,20,100,13903.0,5874.5,35863.0,367,0.10322298034731864,0.04361529152343547,0.2662652480900445,54.30859375,14.68625,3.5863,75,61,162,0.34332425068119893,0.34332425068119893,0.6730245231607629,1
15,22,138,9580.5,5057.5,16234.0,295,0.11008905486929044,0.05811548405630566,0.18654409652398735,42.58,10.449380165289256,0.8524469649233354,59,39,108,0.5288135593220339,0.43050847457627117,0.4915254237288136,1
18,17,94,9906.0,5975.0,16956.0,343,0.08419961070642334,0.050786662020076666,0.14412362196023765,30.574074074074073,20.674740484429066,1.9189678587596197,44,34,107,0.26239067055393583,0.29737609329446063,0.46938775510204084,1
15,18,91,6022.0,4932.0,14342.0,299,0.06735942550978177,0.055167168152481516,0.16042326148477087,26.764444444444443,15.222222222222221,1.7319164352131384,31,29,94,0.451505016722408,0.24414715719063546,0.39464882943143814,1
15,18,116,8742.0,3885.0,13120.0,287,0.10613216137138973,0.047165802668479646,0.15928322548531607,38.85333333333333,11.99074074074074,0.9750297265160524,49,31,92,0.5226480836236934,0.1916376306620209,0.4529616724738676,1
15,18,114,9927.0,5479.0,13214.0,375,0.070592,0.038961777777777776,0.09396622222222223,44.12,16.910493827160494,1.0167743921206525,44,29,89,0.3973333333333333,0.296,0.2826666666666667,1
16,21,164,5940.0,3677.0,10317.0,319,0.05837206788455302,0.03613368579318206,0.10138461689645345,23.203125,8.337868480725623,0.38358863771564544,33,31,80,0.43573667711598746,0.32601880877742945,0.4043887147335423,1
18,18,113,9187.5,4801.5,17031.0,299,0.1027673068533909,0.05370745293676805,0.19050122481851434,28.35648148148148,14.819444444444445,1.3337771164539118,38,30,104,0.3010033444816054,0.20735785953177258,0.4682274247491639,1
16,16,91,8443.0,5026.5,18059.5,343,0.07176431588878783,0.04272454504500676,0.15350321719691626,32.98046875,19.634765625,2.180835647868615,36,38,104,0.3498542274052478,0.2915451895043732,0.3760932944606414,1
15,16,136,8478.0,5046.0,12656.0,287,0.10292707207808763,0.061260911265160437,0.1536500382425427,37.68,19.7109375,0.6842560553633218,36,27,89,0.42857142857142855,0.27526132404181186,0.40069686411149824,1
15,17,95,11286.0,4323.0,15461.0,295,0.12968687158862396,0.049675380637747776,0.17766159149669636,50.16,14.95847750865052,1.7131301939058172,38,33,101,0.41694915254237286,0.33559322033898303,0.46440677966101696,1
16,20,101,6546.0,4817.0,16075.0,367,0.04860085084899286,0.03576387084320175,0.11934901885083414,25.5703125,12.0425,1.5758258994216254,40,30,99,0.37057220708446864,0.25340599455040874,0.3787465940054496,1
15,20,82,6135.5,2613.5,10263.0,279,0.07882092984416952,0.033574851299443736,0.13184568543569583,27.26888888888889,6.53375,1.5263236168947056,32,27,72,0.11469534050179211,0.15412186379928317,0.4838709677419355,1
19,16,96,7734.0,3301.0,8459.5,263,0.11181309546183985,0.04772369124896991,0.1223018982492157,21.42382271468144,12.89453125,0.9179144965277778,38,31,69,0.3916349809885932,0.2509505703422053,0.2661596958174905,1
15,15,75,8747.0,4164.5,11488.5,335,0.07794163510804188,0.03710848741367788,0.10237023836043663,38.87555555555556,18.50888888888889,2.0424,30,31,82,0.08955223880597014,0.10746268656716418,0.37910447761194027,1
15,16,139,7198.5,3586.0,8483.5,327,0.06732037146143703,0.033536271731709824,0.07933769136529847,31.993333333333332,14.0078125,0.43908182806272966,52,37,60,0.382262996941896,0.1834862385321101,0.327217125382263,1
15,17,115,8754.0,4447.0,12850.0,315,0.08822373393801965,0.044817334341143863,0.12950365331317712,38.906666666666666,15.387543252595156,0.9716446124763705,30,28,97,0.35555555555555557,0.17777777777777778,0.3904761904761905,1
16,17,102,10526.5,4041.0,10666.0,319,0.10344336238834131,0.03971069466691562,0.10481422155835733,41.119140625,13.982698961937716,1.0251826220684352,40,28,81,0.4169278996865204,0.34169278996865204,0.3981191222570533,1
18,16,124,10119.0,5407.0,13290.0,339,0.08805179210066046,0.047049712411134606,0.11564466024486386,31.23148148148148,21.12109375,0.8643340270551508,31,33,92,0.3746312684365782,0.29793510324483774,0.29793510324483774,1
16,19,103,6658.0,5017.0,12966.0,335,0.059327244375139226,0.04470483403876142,0.11553575406549343,26.0078125,13.897506925207756,1.222169855782826,42,22,96,0.4298507462686567,0.2746268656716418,0.33432835820895523,1
15,16,86,6558.0,5353.5,9774.5,291,0.07744358238565913,0.06321961242781733,0.11542730954995808,29.14666666666667,20.912109375,1.3215927528393727,36,30,79,0.44673539518900346,0.29896907216494845,0.27147766323024053,1
15,21,117,11370.0,4896.0,12922.0,283,0.14196706164392114,0.061131990660390316,0.16134550312777035,50.53333333333333,11.10204081632653,0.9439696106362773,39,22,85,0.3674911660777385,0.1872791519434629,0.4911660777385159,1
16,17,78,6339.0,4909.0,13178.0,287,0.07695856450849227,0.05959766416977261,0.15998737389066275,24.76171875,16.986159169550174,2.166009204470743,35,45,90,0.4634146341463415,0.5296167247386759,0.4634146341463415,1
15,14,127,4547.5,5601.5,7895.5,275,0.06013223140495868,0.0740694214876033,0.10440330578512397,20.211111111111112,28.57908163265306,0.4895219790439581,45,32,63,0.46545454545454545,0.17454545454545456,0.3781818181818182,1
18,19,84,8382.0,5294.0,11963.0,319,0.08236947357042482,0.0520238598284215,0.11755977240789693,25.87037037037037,14.664819944598339,1.695436507936508,40,28,79,0.3605015673981191,0.36990595611285265,0.3981191222570533,1
15,20,91,6526.0,4771.0,11188.0,323,0.06255211877809622,0.045730333847731695,0.10723768079824401,29.004444444444445,11.9275,1.3510445598357685,38,30,88,0.4613003095975232,0.2693498452012384,0.4055727554179567,1
16,21,105,7027.0,6145.5,15969.5,271,0.09568224833539848,0.08367941612995465,0.21744665786141257,27.44921875,13.935374149659864,1.4484807256235828,6,7,89,0.02214022140221402,0.03690036900369004,0.4833948339483395,1
16,20,94,9761.0,5667.0,13404.0,295,0.11216317150244183,0.06511921861534042,0.1540247055443838,38.12890625,14.1675,1.5169760072430964,36,23,104,0.41694915254237286,0.13220338983050847,0.46779661016949153,1
15,21,116,9411.0,7547.0,13895.5,367,0.06987207567061898,0.0560327866418193,0.10316729651270705,41.82666666666667,17.113378684807255,1.0326620095124852,45,2,92,0.2561307901907357,0.005449591280653951,0.34877384196185285,1
18,19,119,5774.5,4398.0,9787.0,255,0.08880430603613995,0.06763552479815456,0.1505113417916186,17.82253086419753,12.182825484764543,0.6911235082268201,35,29,80,0.3764705882352941,0.30980392156862746,0.44313725490196076,1
15,15,101,10829.5,5366.0,11440.5,299,0.12113399178980101,0.060021699980984555,0.12796836724421426,48.13111111111111,23.84888888888889,1.1215076953239878,40,37,75,0.38127090301003347,0.34448160535117056,0.36454849498327757,1
15,19,109,7575.0,4516.0,10074.0,287,0.09196420983622479,0.05482645169906154,0.12230329371486846,33.666666666666664,12.509695290858726,0.8479084252167326,32,22,71,0.43902439024390244,0.23693379790940766,0.4146341463414634,1
15,20,158,7858.0,3975.0,9899.0,247,0.12880066875379043,0.06515432149355013,0.1622547492992837,34.92444444444445,9.9375,0.3965310046466912,34,31,74,0.3967611336032389,0.44534412955465585,0.46558704453441296,1
16,23,153,10550.0,6313.0,9102.0,331,0.09629338907092852,0.05762086873978879,0.08307700732925037,41.2109375,11.93383742911153,0.3888248109701397,33,28,81,0.3323262839879154,0.24169184290030213,0.32326283987915405,1
15,19,114,8335.0,4314.0,8756.0,279,0.10707724720905436,0.05542066520214283,0.11248570804588841,37.044444444444444,11.950138504155124,0.6737457679285934,31,31,68,0.3727598566308244,0.36200716845878134,0.3225806451612903,1
19,20,118,9769.0,4314.0,9465.0,323,0.09363647691437664,0.04134996022199005,0.0907226178723078,27.060941828254848,10.785,0.6797615627693192,28,27,78,0.3498452012383901,0.33746130030959753,0.4055727554179567,1
15,20,129,7767.0,3369.0,9460.0,295,0.08925021545532894,0.03871301350186728,0.10870439528871013,34.52,8.4225,0.5684754521963824,30,34,78,0.36610169491525424,0.3694915254237288,0.4135593220338983,1
15,17,78,9071.0,4763.0,13643.0,263,0.1311425638653154,0.06886032760340614,0.1972415388396536,40.315555555555555,16.480968858131487,2.242439184746877,33,30,88,0.3041825095057034,0.4790874524714829,0.55893536121673,1
16,21,121,7926.0,2543.0,10108.5,271,0.1079233670565488,0.03462643482523386,0.13764109965822904,30.9609375,5.766439909297052,0.6904241513557817,33,24,80,0.4317343173431734,0.16605166051660517,0.2988929889298893,1
15,21,117,11866.0,4475.5,13492.5,319,0.11660655850473167,0.04398050333624866,0.13259008854079657,52.73777777777778,10.148526077097506,0.9856454087223318,30,28,82,0.28213166144200624,0.21316614420062696,0.25705329153605017,1
19,20,112,7203.0,6722.0,18673.0,279,0.09253478244112999,0.08635551958479465,0.2398864351691268,19.952908587257618,16.805,1.4886001275510203,41,40,98,0.5376344086021505,0.4444444444444444,0.5663082437275986,1
15,19,107,7520.0,4684.0,10062.0,255,0.11564782775855441,0.07203383314109958,0.15474048442906574,33.422222222222224,12.975069252077562,0.8788540483885056,27,37,74,0.3607843137254902,0.3137254901960784,0.36470588235294116,1
15,18,89,11010.0,4510.0,12729.0,275,0.14558677685950414,0.05963636363636363,0.16831735537190082,48.93333333333333,13.919753086419753,1.606994066405757,36,37,84,0.29454545454545455,0.13454545454545455,0.4218181818181818,1
15,19,95,7969.5,4413.0,11602.5,291,0.09411202040599426,0.05211322492648882,0.13701420625642116,35.42,12.22437673130194,1.285595567867036,38,33,79,0.47079037800687284,0.38144329896907214,0.3127147766323024,1
16,19,126,5605.0,3416.0,11505.0,263,0.08103341092107737,0.049386285763853746,0.16633173820642194,21.89453125,9.462603878116344,0.7246787603930461,26,20,80,0.24714828897338403,0.20912547528517111,0.39543726235741444,1
18,22,106,4949.0,4636.0,7432.0,247,0.0811191791375043,0.07598878853939582,0.12181809241259486,15.274691358024691,9.578512396694215,0.6614453542185831,34,38,59,0.291497975708502,0.3684210526315789,0.3805668016194332,1
15,20,93,8111.0,4863.5,8773.0,279,0.10419958633624954,0.062479927030742156,0.11270410195141378,36.04888888888889,12.15875,1.014336917562724,32,36,71,0.26523297491039427,0.25806451612903225,0.44802867383512546,1
16,20,86,8106.0,3163.0,11706.0,323,0.07769651774674348,0.030317553125209673,0.1122027432449271,31.6640625,7.9075,1.5827474310438074,32,25,82,0.3746130030959752,0.24458204334365324,0.26006191950464397,1
15,21,101,8137.5,3056.0,8632.0,247,0.13338196003868283,0.050090970184726843,0.1414873215427232,36.166666666666664,6.929705215419501,0.8461915498480541,29,25,71,0.1902834008097166,0.3603238866396761,0.3441295546558704,1
22,20,98,5480.0,2521.0,9961.0,295,0.06297041080149382,0.028968687158862395,0.11446136167767883,11.322314049586776,6.3025,1.0371720116618075,24,35,74,0.26101694915254237,0.18305084745762712,0.3288135593220339,1
15,22,105,6321.5,3230.5,5354.5,287,0.07674610593791353,0.03921985212883488,0.06500625235221989,28.095555555555556,6.674586776859504,0.48566893424036284,40,33,56,0.289198606271777,0.2926829268292683,0.3588850174216028,1
26,24,97,7488.0,4533.0,8132.0,307,0.0794491188235419,0.048096001018578444,0.08628208256851531,11.076923076923077,7.869791666666667,0.8642788819215644,38,19,67,0.38436482084690554,0.06188925081433225,0.2247557003257329,1
15,19,113,9446.0,3293.0,9478.5,283,0.1179437875363658,0.04111675760716203,0.11834958608547991,41.98222222222222,9.121883656509695,0.7423055838358524,37,27,73,0.3710247349823322,0.3003533568904594,0.34275618374558303,1
16,21,129,8832.0,2898.0,8687.0,275,0.11678677685950413,0.038320661157024795,0.1148694214876033,34.5,6.571428571428571,0.5220239168319212,23,31,62,0.28,0.2109090909090909,0.41818181818181815,1
15,19,99,8723.0,3348.5,12034.5,311,0.09018723958602579,0.03462019623453025,0.12442489221575459,38.76888888888889,9.27562326869806,1.2278849097030915,42,33,77,0.3504823151125402,0.2540192926045016,0.36012861736334406,1
20,22,105,8918.5,4366.5,13325.5,271,0.12143761659018804,0.05945588976184965,0.18144496943124414,22.29625,9.021694214876034,1.2086621315192745,27,34,86,0.3874538745387454,0.30996309963099633,0.4797047970479705,1
18,22,135,9356.0,5598.0,13610.0,295,0.1075093363975869,0.06432634300488366,0.15639184142487791,28.876543209876544,11.566115702479339,0.7467764060356653,33,39,97,0.4101694915254237,0.30847457627118646,0.33559322033898303,1
15,18,148,7656.0,3673.0,9836.0,303,0.08339051726954874,0.040006970994129115,0.10713546602184972,34.026666666666664,11.33641975308642,0.44905040175310446,18,35,75,0.0594059405940594,0.36633663366336633,0.26732673267326734,1
16,15,140,8064.0,4862.0,14029.5,311,0.08337382781402178,0.050268297474178304,0.14505122982599436,31.5,21.608888888888888,0.7157908163265306,32,34,94,0.38263665594855306,0.3633440514469453,0.4630225080385852,1
15,19,84,8009.0,4482.0,12875.0,295,0.0920310255673657,0.051502441827061186,0.14794599253088192,35.595555555555556,12.415512465373961,1.82468820861678,35,37,84,0.3050847457627119,0.4,0.38305084745762713,1
19,22,94,7177.5,3397.5,14174.0,295,0.08247629991381787,0.039040505601838554,0.16287273771904626,19.882271468144044,7.019628099173554,1.6041195110909914,36,33,101,0.2745762711864407,0.27796610169491526,0.376271186440678,1
15,20,133,7384.5,3882.0,13288.5,287,0.08965144653935339,0.047129381199237576,0.16132889800774564,32.82,9.705,0.7512295777036576,32,32,91,0.24041811846689895,0.2682926829268293,0.34494773519163763,1
21,23,127,5985.0,3090.0,8485.0,351,0.04857915114325371,0.025080965251905424,0.06887119422731958,13.571428571428571,5.841209829867675,0.5260710521421043,30,26,66,0.2792022792022792,0.2535612535612536,0.34472934472934474,1
16,19,112,6947.0,4015.0,13925.0,287,0.08433998227488497,0.04874406633563598,0.169056319731938,27.13671875,11.121883656509695,1.110092474489796,37,33,92,0.5400696864111498,0.18466898954703834,0.3867595818815331,1
25,25,119,8126.0,4573.0,16584.0,327,0.07599435139204519,0.042766695657866435,0.15509356675925146,13.0016,7.3168,1.1711037356118918,25,26,99,0.2874617737003058,0.21100917431192662,0.308868501529052,1
15,18,97,7457.0,3150.0,21225.5,307,0.07912020286687392,0.03342210527432652,0.22520663349213255,33.14222222222222,9.722222222222221,2.2558720374109895,41,33,112,0.3745928338762215,0.28664495114006516,0.36482084690553745,1
21,21,104,8567.0,5735.0,24518.0,383,0.05840247053289613,0.03909631942408769,0.16714273053875886,19.426303854875282,13.004535147392291,2.266826923076923,50,47,136,0.13838120104438642,0.360313315926893,0.5039164490861618,1
26,22,100,6542.0,4785.0,16427.0,319,0.06428789025265082,0.047021943573667714,0.1614272658484095,9.677514792899409,9.886363636363637,1.6427,27,28,103,0.30407523510971785,0.18181818181818182,0.42946708463949845,1
17,25,123,6583.0,4266.0,13511.0,279,0.08456982823961666,0.054804023586541795,0.17357176809136574,22.77854671280277,6.8256,0.8930530768722321,38,28,96,0.4838709677419355,0.2616487455197133,0.37992831541218636,1
15,17,101,4749.5,4162.0,11170.5,327,0.04441732364466141,0.03892302368861581,0.10446651516426787,21.108888888888888,14.401384083044983,1.095039701990001,48,33,83,0.25076452599388377,0.19877675840978593,0.45871559633027525,1
15,16,83,5728.5,3509.0,15221.5,271,0.07800138886997726,0.04777985049223186,0.20726161136150106,25.46,13.70703125,2.209536942952533,37,21,95,0.4870848708487085,0.15129151291512916,0.5756457564575646,1
16,15,100,8680.5,3669.0,8499.5,311,0.08974783139132143,0.037933850973418386,0.08787646943269817,33.908203125,16.30666666666667,0.84995,22,32,71,0.13504823151125403,0.3536977491961415,0.3665594855305466,1
18,25,152,7383.5,4291.5,7527.0,271,0.10053648506964774,0.05843466183739328,0.10249043449844092,22.78858024691358,6.8664,0.3257877423822715,31,18,65,0.1918819188191882,0.13284132841328414,0.2878228782287823,1
21,24,78,8844.5,3243.0,17246.0,295,0.10163171502441827,0.03726515369146797,0.1981729388106866,20.055555555555557,5.630208333333333,2.834648257725181,29,24,104,0.3254237288135593,0.1423728813559322,0.5627118644067797,1
15,18,100,10300.5,3128.0,16644.0,335,0.09178436177322344,0.027872577411450213,0.1483092002673201,45.78,9.654320987654321,1.6644,26,39,107,0.21492537313432836,0.3970149253731343,0.44776119402985076,1
15,20,86,6209.0,2912.0,12263.0,291,0.07332223285034423,0.034387879217297856,0.14481406690993257,27.595555555555556,7.28,1.6580584099513251,28,25,85,0.38831615120274915,0.18900343642611683,0.46048109965635736,1
15,18,83,7857.0,4903.0,32007.0,335,0.07001113833815995,0.04368901759857429,0.285203831588327,34.92,15.132716049382717,4.646102482218029,45,42,144,0.35522388059701493,0.2955223880597015,0.6716417910447762,1
16,16,99,12716.0,4556.0,27091.0,367,0.09441008545612485,0.03382607339871853,0.20113743512833268,49.671875,17.796875,2.764105703499643,50,47,136,0.32697547683923706,0.3024523160762943,0.3896457765667575,1
18,20,87,9648.0,4857.0,24998.5,375,0.068608,0.03453866666666667,0.1777671111111111,29.77777777777778,12.1425,3.3027480512617253,53,38,124,0.4026666666666667,0.36533333333333334,0.49066666666666664,1
15,20,89,11388.0,6766.0,35501.5,423,0.06364535653806817,0.037813881483717005,0.19841110161013586,50.61333333333334,16.915,4.481946723898497,50,52,157,0.4066193853427896,0.2293144208037825,0.4397163120567376,1
15,19,105,14764.0,3941.0,27684.0,311,0.1526452373321202,0.04074606341952627,0.2862253285222444,65.61777777777777,10.916897506925208,2.511020408163265,54,51,133,0.45980707395498394,0.572347266881029,0.572347266881029,1
13,18,100,8470.0,5362.0,24415.0,351,0.06874944196881519,0.043522374006704494,0.19817209275898734,50.11834319526627,16.549382716049383,2.4415,38,35,127,0.36182336182336183,0.26495726495726496,0.42165242165242167,1
16,15,86,10195.5,6707.0,26197.0,391,0.06668912422079919,0.04387072298061891,0.17135549872122763,39.826171875,29.808888888888887,3.542049756625203,40,40,127,0.36828644501278773,0.34782608695652173,0.391304347826087,1
15,16,101,8226.0,5697.0,24260.0,343,0.06991984632253567,0.048423701008933354,0.20620659759113974,36.56,22.25390625,2.37819821586119,46,46,126,0.3177842565597668,0.4518950437317784,0.4577259475218659,1
18,20,97,9370.0,6572.0,23809.0,359,0.07270272577028422,0.05099277628199657,0.18473630713604022,28.919753086419753,16.43,2.5304495695610587,46,42,126,0.12813370473537605,0.27298050139275765,0.5292479108635098,1
15,15,68,10788.0,5027.0,15739.0,311,0.11153730834048449,0.05197423517126581,0.16272577826945545,47.946666666666665,22.342222222222222,3.403762975778547,32,29,101,0.45980707395498394,0.3215434083601286,0.44694533762057875,1
15,19,88,6164.5,5170.0,16552.0,299,0.06895336741199763,0.05782933076811221,0.18514334291562734,27.397777777777776,14.321329639889196,2.137396694214876,33,30,101,0.3779264214046823,0.24414715719063546,0.3712374581939799,1
16,22,116,7320.0,7424.0,17983.0,323,0.07016265851297339,0.07115950502736536,0.1723681814260656,28.59375,15.338842975206612,1.3364298454221166,38,35,106,0.4179566563467492,0.21052631578947367,0.4148606811145511,1
15,19,125,5861.0,4271.5,14577.5,283,0.07318108604177852,0.05333441546279764,0.18201625691418297,26.04888888888889,11.83240997229917,0.93296,39,37,85,0.31802120141342755,0.38162544169611307,0.5618374558303887,1
18,16,101,7891.0,3882.0,14012.0,291,0.09318501198615982,0.04584263294009282,0.16546805068433296,24.354938271604937,15.1640625,1.3735908244289776,31,31,95,0.32646048109965636,0.3333333333333333,0.37800687285223367,1
15,19,90,9411.0,7363.0,18337.0,375,0.06692266666666667,0.05235911111111111,0.13039644444444445,41.82666666666667,20.39612188365651,2.263827160493827,30,41,106,0.23466666666666666,0.33866666666666667,0.41333333333333333,1
16,16,101,8242.0,3928.0,15864.5,271,0.11222614071159162,0.05348511049686143,0.21601693876717365,32.1953125,15.34375,1.5551906675816096,42,35,100,0.26199261992619927,0.42066420664206644,0.5239852398523985,1
15,21,118,7978.5,7195.5,27073.0,307,0.08465341807340131,0.0763456376194973,0.2872497320926482,35.46,16.316326530612244,1.9443407066934788,51,50,141,0.6123778501628665,0.5407166123778502,0.6775244299674267,1
16,16,87,14446.5,6240.5,31901.0,343,0.12279322391180546,0.05304337478431606,0.2711540259585717,56.431640625,24.376953125,4.2146915048223015,60,54,151,0.521865889212828,0.2886297376093295,0.5743440233236151,1
15,19,96,12554.0,8398.0,31555.0,439,0.06514079939394254,0.04357594657561968,0.16373410266654906,55.79555555555555,23.263157894736842,3.4239366319444446,60,60,153,0.31662870159453305,0.1366742596810934,0.42596810933940776,1
18,13,99,10801.0,7830.0,29173.0,327,0.10101095119191239,0.07322615941419072,0.27282589381739286,33.33641975308642,46.33136094674556,2.976533006836037,56,54,148,0.4923547400611621,0.17737003058103976,0.581039755351682,1
13,18,72,9963.0,8937.0,31693.0,391,0.06516833354046611,0.058457231441447925,0.20730502809374612,58.95266272189349,27.583333333333332,6.113618827160494,53,53,158,0.47570332480818417,0.3657289002557545,0.4961636828644501,1
15,16,94,7394.0,5786.0,30394.0,303,0.08053676654794192,0.06302214379853827,0.3310568680630439,32.86222222222222,22.6015625,3.439791760977818,43,43,146,0.49504950495049505,0.5148514851485149,0.6666666666666666,1
16,17,89,6240.0,5450.0,17266.0,319,0.06132015212114661,0.05355686363145016,0.16967207476341625,24.375,18.858131487889274,2.1797752808988764,41,38,110,0.438871473354232,0.438871473354232,0.438871473354232,1
15,18,80,5215.0,6254.0,13611.0,259,0.07774183449859126,0.09323057199505076,0.20290395193870098,23.177777777777777,19.30246913580247,2.12671875,40,29,105,0.3359073359073359,0.2702702702702703,0.6718146718146718,1
19,21,93,7686.0,6015.0,10524.0,303,0.08371728261935105,0.06551645263536254,0.11462928471064929,21.290858725761773,13.639455782312925,1.216788067984738,34,31,89,0.44554455445544555,0.10231023102310231,0.3927392739273927,1
16,20,81,9666.0,7415.0,15254.0,327,0.09039643127682855,0.06934507944523936,0.14265540685875674,37.7578125,18.5375,2.3249504648681603,42,46,98,0.3333333333333333,0.3363914373088685,0.6146788990825688,1
18,22,77,5959.0,5384.0,9039.0,319,0.05855877988620395,0.05290828509939957,0.08882577804856477,18.391975308641975,11.12396694214876,1.5245403946702647,31,31,82,0.28213166144200624,0.09717868338557993,0.43573667711598746,1
22,19,106,12940.0,8155.0,22497.0,335,0.11530407663176655,0.0726665181554912,0.20046335486745379,26.735537190082646,22.590027700831026,2.0022249911000354,42,36,126,0.3373134328358209,0.3522388059701492,0.43283582089552236,1
15,18,78,8302.0,4448.0,22073.0,307,0.08808581523411389,0.04719413468577916,0.23419877133974895,36.897777777777776,13.728395061728396,3.628040762656147,55,49,131,0.5602605863192183,0.4723127035830619,0.5472312703583062,1
18,15,107,7155.0,6150.0,19750.0,303,0.07793353592785021,0.06698689670947293,0.21512052195318543,22.083333333333332,27.333333333333332,1.725041488339593,44,39,121,0.5115511551155115,0.45874587458745875,0.594059405940594,1
15,20,116,8890.0,5406.5,23758.5,295,0.10215455328928469,0.06212582591209423,0.27300775639184144,39.51111111111111,13.51625,1.7656435790725327,48,50,129,0.2542372881355932,0.24745762711864408,0.46440677966101696,1
16,22,87,12112.0,7889.0,26116.0,359,0.09397816590498212,0.06121150518695541,0.2026365406848178,47.3125,16.299586776859503,3.450389747654908,49,46,138,0.3398328690807799,0.30919220055710306,0.5487465181058496,1
15,14,112,10543.5,6350.0,21356.0,275,0.13941818181818183,0.08396694214876033,0.2823933884297521,46.86,32.39795918367347,1.702487244897959,56,53,130,0.509090909090909,0.3563636363636364,0.6072727272727273,1
16,16,125,8914.0,7005.0,14155.0,367,0.06618209356369117,0.05200870152722197,0.10509395719026796,34.8203125,27.36328125,0.90592,30,1,101,0.08174386920980926,0.0027247956403269754,0.28337874659400547,1
15,19,108,11011.0,6218.0,21924.5,303,0.1199337755557734,0.06772756483569149,0.2388055637246893,48.937777777777775,17.224376731301938,1.8796724965706446,46,42,133,0.36633663366336633,0.15181518151815182,0.5808580858085809,1
18,18,149,7647.0,5077.0,14523.0,239,0.13387370669281,0.08888149717266855,0.25424975052957755,23.60185185185185,15.669753086419753,0.654159722535021,37,35,104,0.3179916317991632,0.4100418410041841,0.5941422594142259,1
16,21,101,6593.5,4880.0,14710.5,271,0.08977955093204068,0.06644789695129423,0.20030364510287169,25.755859375,11.065759637188208,1.442064503480051,39,38,110,0.44649446494464945,0.5276752767527675,0.4059040590405904,1
15,16,111,9483.5,4899.5,18582.5,351,0.07697583623509549,0.039768346036152306,0.15083075624386166,42.14888888888889,19.138671875,1.508197386575765,47,43,118,0.301994301994302,0.301994301994302,0.4301994301994302,1
15,15,98,9841.0,5464.0,18774.0,343,0.08364711982252293,0.04644323368664417,0.15957636698994468,43.73777777777778,24.284444444444443,1.9548104956268222,37,36,114,0.4139941690962099,0.37900874635568516,0.4577259475218659,1
16,14,136,9019.0,5574.0,27443.0,327,0.0843456873252345,0.052128047582975616,0.25664693394682453,35.23046875,28.43877551020408,1.4837262110726643,50,44,119,0.4648318042813456,0.3241590214067278,0.6055045871559633,1
17,20,83,7764.0,4006.0,29289.0,359,0.060241618236978295,0.031082936972866442,0.22725615102303676,26.865051903114185,10.015,4.251560458702279,58,39,127,0.4735376044568245,0.27298050139275765,0.4596100278551532,1
16,19,81,7921.5,4111.5,14070.0,307,0.08404863712081825,0.04362380502710904,0.14928540355865844,30.943359375,11.389196675900276,2.1444901691815272,30,31,106,0.1791530944625407,0.21172638436482086,0.36482084690553745,1
15,18,104,10575.5,5085.0,16616.0,323,0.1013668299322336,0.04874004351618438,0.15926540079939422,47.00222222222222,15.694444444444445,1.5362426035502958,43,44,111,0.33436532507739936,0.4582043343653251,0.42105263157894735,1
15,15,134,8828.0,5454.0,19734.0,251,0.14012475992444565,0.08657005444358026,0.3132331232837574,39.23555555555556,24.24,1.0990198262419246,47,43,122,0.6374501992031872,0.3665338645418327,0.5737051792828686,1
15,20,119,8637.0,4947.0,18997.0,307,0.09164022960455814,0.0524886205689185,0.20156182028456535,38.38666666666666,12.3675,1.3415013064049148,37,35,109,0.28338762214983715,0.41042345276872966,0.4788273615635179,1
16,21,119,8913.0,7842.5,13989.0,335,0.07942080641568278,0.06988193361550457,0.12465137001559368,34.81640625,17.78344671201814,0.987853965115458,43,43,114,0.23582089552238805,0.4507462686567164,0.45671641791044776,1
18,20,116,9652.5,5676.0,19963.5,351,0.07834757834757834,0.04607105461806316,0.16204008084349963,29.791666666666668,14.19,1.4836132580261594,47,47,128,0.31339031339031337,0.41595441595441596,0.5213675213675214,1
20,23,89,10236.0,5753.0,19444.0,303,0.11149233735254714,0.06266270191375574,0.21178751538520188,25.59,10.87523629489603,2.4547405630602195,45,44,122,0.36633663366336633,0.40924092409240925,0.5478547854785478,1
16,17,94,11130.0,5873.0,21970.0,303,0.12122994477665588,0.06396976331296496,0.23930115783855613,43.4765625,20.32179930795848,2.486419194205523,49,46,134,0.30033003300330036,0.42244224422442245,0.5346534653465347,1
15,18,103,10704.0,5946.0,20535.0,335,0.09537981733125418,0.052982846959233686,0.1829806192916017,47.57333333333333,18.35185185185185,1.9356206994061647,36,36,123,0.43582089552238806,0.3402985074626866,0.48656716417910445,1
19,19,92,8658.0,4852.5,16543.0,287,0.10511236023261178,0.058911726499046975,0.20084012189051706,23.98337950138504,13.441828254847646,1.9545132325141776,45,42,119,0.3902439024390244,0.33797909407665505,0.4181184668989547,1
26,25,129,9098.0,6130.0,15004.0,311,0.0940643707157701,0.06337817020088708,0.1551266012551566,13.458579881656805,9.808,0.9016285079021693,27,37,108,0.24437299035369775,0.19935691318327975,0.3729903536977492,1
16,17,99,6321.5,5445.0,19783.0,303,0.06885490529250946,0.059307910989118716,0.21547996383796794,24.693359375,18.84083044982699,2.0184675033159882,46,30,121,0.3102310231023102,0.3201320132013201,0.5775577557755776,1
17,26,122,9140.0,4572.0,15128.0,323,0.08760747251483289,0.04382290638269321,0.14500282759347832,31.62629757785467,6.763313609467455,1.0163934426229508,30,35,104,0.3188854489164087,0.10835913312693499,0.4520123839009288,1
18,21,105,7578.0,6000.0,16100.0,287,0.09200063130546686,0.07284293848413845,0.19546188493243818,23.38888888888889,13.605442176870747,1.4603174603174602,44,43,108,0.5505226480836237,0.37282229965156793,0.5505226480836237,1
15,17,110,9723.0,5826.0,18717.0,367,0.07218852319046098,0.04325520272628054,0.13896457765667575,43.21333333333333,20.15916955017301,1.5468595041322315,49,46,128,0.4196185286103542,0.2970027247956403,0.4032697547683924,1
18,18,87,6384.0,4862.0,16954.0,267,0.08955098262003956,0.06820126527234216,0.23782070165102612,19.703703703703702,15.006172839506172,2.239926014004492,17,30,116,0.06367041198501873,0.27340823970037453,0.6179775280898876,1
23,23,149,10313.0,5100.0,16866.0,271,0.14042564779891342,0.06944349886303292,0.22965373565174765,19.495274102079396,9.640831758034027,0.7596955092112968,42,41,108,0.4280442804428044,0.47232472324723246,0.5571955719557196,1
16,20,95,7863.0,3720.0,9382.0,263,0.11367809278723127,0.05378131822059015,0.13563879772730558,30.71484375,9.3,1.039556786703601,38,25,82,0.41064638783269963,0.2585551330798479,0.38783269961977185,1
