SrcIPF0,DstIPF0,DstPortF0,SrcIPF2,DstIPF2,DstPortF2,Events_F1,SrcIP_BurstIndex,DstIP_BurstIndex,DstPort_BurstIndex,SrcIP_Concentration,DstIP_Concentration,DstPort_Concentration,SrcIP_MaxCount,DstIP_MaxCount,DstPort_MaxCount,SrcIP_FractionOfMass,DstIP_FractionOfMass,DstPort_FractionOfMass,Attack
31,62,72,927.75,794.0,4510.0,105,0.08414965986394558,0.07201814058956917,0.4090702947845805,0.9654006243496358,0.2065556711758585,0.8699845679012346,14,12,67,0.4,0.3238095238095238,0.8285714285714286,1
72,65,72,774.875,761.375,4240.625,98,0.08068252811328613,0.07927686380674719,0.44154779258642235,0.14947434413580246,0.18020710059171596,0.8180217978395061,12,0,65,0.30612244897959184,0.0,0.8571428571428571,1
40,57,71,26833.75,23247.75,106820.0,519,0.0996200266556777,0.08630703776716006,0.3965681743088272,16.77109375,7.155355493998154,21.190240031739734,72,66,299,0.47784200385356457,0.3834296724470135,0.8901734104046243,0
38,61,808,83357.0,76585.25,186878.25,911,0.1004396804033155,0.09228016883534698,0.22517595048203384,57.72645429362881,20.581900026874496,0.2862437659298108,98,98,425,0.27991218441273324,0.29637760702524696,0.6882546652030735,0
71,58,276,20911.5,21217.5,30996.0,399,0.1313528181355645,0.1332749166148454,0.19469726948951327,4.1482840706209085,6.307223543400713,0.4068998109640832,58,70,158,0.15288220551378445,0.17794486215538846,0.7243107769423559,0
38,58,178,6708.0,6335.0,3922.5,239,0.1174349188564626,0.11090492113233312,0.06867001628122757,4.645429362880886,1.8831747919143875,0.12380065648276732,33,39,50,0.4225941422594142,0.5230125523012552,0.2594142259414226,0
72,61,467,8161.25,8477.5,3943.625,323,0.0782260924575142,0.08125736851690325,0.03779989264729845,1.574315200617284,2.278285407148616,0.01808264057334391,39,45,49,0.43962848297213625,0.3684210526315789,0.21671826625386997,0
39,60,214,6790.0,6523.375,3356.875,275,0.08978512396694215,0.08625950413223141,0.04438842975206612,4.464168310322156,1.8120486111111112,0.07330061577430343,40,34,43,0.39636363636363636,0.23272727272727273,0.16,0
39,59,366,5858.0,4768.875,3560.25,239,0.10255422699182437,0.08348724637173718,0.062328215542444984,3.851413543721236,1.3699727089916691,0.02657775687539192,35,30,48,0.47280334728033474,0.20502092050209206,0.4309623430962343,0
29,58,488,6726.0,6150.5,3861.375,259,0.10026684157958289,0.09168766118573068,0.05756287175206094,7.997621878715814,1.8283293697978598,0.016214454279763504,36,39,47,0.39768339768339767,0.3436293436293436,0.47876447876447875,0
37,61,547,6678.75,6539.75,3555.75,267,0.09368556158734166,0.09173575165874118,0.04987796153684299,4.878560993425858,1.7575248589088954,0.011883833708210648,40,38,48,0.37453183520599254,0.4756554307116105,0.20599250936329588,0
71,63,295,6575.75,6018.75,2731.75,215,0.14225527312060574,0.13020551649540293,0.05909680908599243,1.304453481452093,1.5164399092970522,0.03139040505601839,48,36,33,0.6186046511627907,0.641860465116279,0.3674418604651163,1
72,61,327,6178.5,5801.375,2743.25,247,0.1012719434837483,0.0950904784539986,0.044964677342687144,1.1918402777777777,1.5590902983069068,0.02565487379476101,36,35,20,0.5222672064777328,0.3765182186234818,0.20647773279352227,0
39,57,330,6207.0,5741.875,3055.0,227,0.12045644200353199,0.11142997147237478,0.059287003434958956,4.0808678500986195,1.7672745460141581,0.02805325987144169,39,28,25,0.40969162995594716,0.33480176211453744,0.11013215859030837,0
39,59,362,4923.0,5534.25,4343.625,247,0.08069301250635152,0.09071202609451065,0.07119646281696143,3.2366863905325443,1.5898448721631715,0.03314630963645798,19,19,46,0.1417004048582996,0.20647773279352227,0.3562753036437247,0
38,58,289,7809.375,6980.125,6846.75,271,0.10633535763401915,0.09504398088261326,0.09322789722362168,5.408154432132964,2.0749479785969083,0.08197638917158559,49,15,70,0.5092250922509225,0.07749077490774908,0.5608856088560885,0
38,59,467,5199.625,5480.25,3020.875,239,0.0910282558078465,0.09594107246021603,0.05288554121951646,3.6008483379501386,1.5743320884803218,0.013851569771973828,40,31,37,0.4100418410041841,0.35564853556485354,0.15481171548117154,0
71,61,316,8071.625,5942.375,3725.375,231,0.1512645002904743,0.1113617623357883,0.06981456494443507,1.6011951993652054,1.596983337812416,0.03730747276077551,43,34,46,0.4588744588744589,0.4805194805194805,0.3722943722943723,0
29,61,210,6133.25,5391.25,2899.0,219,0.1278799441212652,0.11240904067888492,0.06044494485102479,7.292806183115339,1.4488712711636658,0.06573696145124716,38,33,43,0.4292237442922374,0.4703196347031963,0.3515981735159817,0
39,54,314,5182.5,4614.0,3459.75,223,0.10421484445695671,0.09278288322709083,0.0695720806772708,3.4072978303747536,1.5823045267489713,0.03509016592965232,38,29,48,0.36771300448430494,0.5336322869955157,0.452914798206278,1
39,65,311,6336.25,6783.5,3503.75,271,0.08627673915115534,0.09236666167399682,0.047708364537519914,4.165844838921762,1.6055621301775147,0.036225328522244395,42,40,32,0.4022140221402214,0.3726937269372694,0.31365313653136534,0
31,61,239,6064.5,5689.25,3776.0,255,0.0932641291810842,0.08749327181853134,0.05806997308727412,6.310613943808533,1.528957269551196,0.0661052852716164,30,25,44,0.3607843137254902,0.2627450980392157,0.3058823529411765,1
38,53,273,6835.625,6310.0,4509.75,203,0.16587699288990268,0.15312189084908637,0.109436045524036,4.733812326869806,2.2463510145959416,0.06051000281769513,42,31,49,0.4630541871921182,0.4630541871921182,0.46798029556650245,1
72,61,241,6241.875,5416.5,3857.0,231,0.1169744757407095,0.10150671838983527,0.07228125409943592,1.2040653935185186,1.4556570814297232,0.06640725882818822,21,28,37,0.09090909090909091,0.2077922077922078,0.42857142857142855,1
38,63,167,7075.75,5882.75,4043.5,223,0.1422861911560659,0.11829616521546783,0.08131070401576544,4.900103878116344,1.4821743512219703,0.1449854781455054,52,28,46,0.23318385650224216,0.4304932735426009,0.3811659192825112,1
38,61,268,5279.75,4786.25,2844.25,235,0.09560434585785424,0.08666817564508827,0.05150294250792214,3.656336565096953,1.2862805697393174,0.039600272889284915,32,29,32,0.225531914893617,0.225531914893617,0.2,1
40,60,272,7030.25,6250.75,4780.75,327,0.06574689747402482,0.05845701353234389,0.04470957364232341,4.39390625,1.7363194444444445,0.06461870134083045,29,35,44,0.345565749235474,0.3058103975535168,0.22629969418960244,1
38,59,186,5351.0,4872.0,3286.5,207,0.12488039394151555,0.11370160330462788,0.07669957291885458,3.705678670360111,1.3995978167193335,0.09499653139091224,30,24,34,0.5169082125603864,0.3140096618357488,0.1642512077294686,1
72,61,349,6315.25,5537.5,3805.75,247,0.10351341605336918,0.09076529692340474,0.06238014063498828,1.2182195216049383,1.488175221714593,0.031245638377353224,32,36,46,0.3684210526315789,0.5182186234817814,0.46153846153846156,0
37,64,227,5641.875,5433.625,3181.125,239,0.09877059225153621,0.09512482274469984,0.05569098930340855,4.1211650840029215,1.326568603515625,0.06173465427235149,44,40,39,0.48535564853556484,0.4811715481171548,0.4309623430962343,0
38,59,208,5380.625,5137.75,2711.0,233,0.09911077750557203,0.09463703512682127,0.0499364512147949,3.7261945983379503,1.4759408216029877,0.06266179733727811,29,35,0,0.48497854077253216,0.48497854077253216,0.0,0
39,62,231,7060.625,6145.125,4278.75,267,0.09904227861240865,0.08620018516180616,0.06001977864747717,4.642094017094017,1.5986277315296566,0.08018496654860291,40,31,36,0.3408239700374532,0.32209737827715357,0.3895131086142322,1
39,60,182,6215.0,5751.875,3372.25,231,0.11647083075654505,0.10779173928524578,0.06319690410599502,4.086127547666009,1.5977430555555556,0.1018068469991547,34,26,36,0.4675324675324675,0.5151515151515151,0.3463203463203463,1
32,59,236,7227.25,6746.5,4561.0,247,0.11846203019226671,0.11058204527200904,0.0747594617187628,7.057861328125,1.9380925021545532,0.08189097960356219,44,26,30,0.4534412955465587,0.29554655870445345,0.13765182186234817,1
38,60,282,6034.75,5768.125,4542.5,247,0.09891573374420168,0.09454547689685129,0.07445622776967332,4.179189750692521,1.6022569444444446,0.05712112066797445,28,34,47,0.4089068825910931,0.42105263157894735,0.2631578947368421,1
38,64,496,5190.5,4681.25,4366.25,239,0.09086850720400554,0.0819532221074561,0.0764386127693843,3.5945290858725762,1.14288330078125,0.017747829409469302,26,27,48,0.4309623430962343,0.1589958158995816,0.4100418410041841,1
71,60,147,5354.75,5833.0,3678.25,235,0.09696242643730195,0.10562245359891353,0.06660479855138071,1.062239634993057,1.6202777777777777,0.17021842750705724,28,25,41,0.4,0.3829787234042553,0.425531914893617,1
39,60,347,5585.875,4847.25,4166.25,251,0.08866327518610816,0.07693925493246138,0.06612990269995714,3.67250164365549,1.3464583333333333,0.03460081887566544,40,28,41,0.47808764940239046,0.38247011952191234,0.3944223107569721,1
38,65,344,6060.25,6174.0,3856.25,231,0.11357077266168175,0.11570247933884298,0.07226719889057552,4.196849030470914,1.461301775147929,0.032587293807463495,41,28,28,0.26406926406926406,0.5541125541125541,0.38961038961038963,1
76,61,250,5865.0,5148.0,4158.5,271,0.07986002369248785,0.07009708473468498,0.05662368431802399,1.0154085872576177,1.3834990593926364,0.066536,27,31,43,0.24723247232472326,0.22878228782287824,0.15867158671586715,1
38,59,321,5925.0,6308.25,4069.75,291,0.06996846990470117,0.07449427852765084,0.04805977728179875,4.103185595567867,1.8121947716173514,0.0394964140487767,42,33,46,0.29553264604810997,0.25773195876288657,0.23024054982817868,1
38,59,284,5813.5,6339.5,3961.75,271,0.07915878051769448,0.08632099236121513,0.05394466306286679,4.025969529085873,1.821172076989371,0.04911909839317596,31,36,46,0.4022140221402214,0.3726937269372694,0.2656826568265683,1
39,57,370,6339.5,5254.5,3127.0,283,0.07915568929565858,0.06560826080984904,0.03904406347937919,4.167981591058514,1.6172668513388735,0.022841490138787435,38,25,35,0.31802120141342755,0.17667844522968199,0.29328621908127206,1
38,65,180,4787.75,4681.125,2587.125,219,0.09982590021058776,0.0976027397260274,0.05394226559079252,3.3156163434903045,1.107958579881657,0.07984953703703704,22,0,30,0.3515981735159817,0.0,0.3287671232876712,1
76,66,177,6567.0,6231.25,3782.75,255,0.1009919261822376,0.09582852748942715,0.05817377931564783,1.1369459833795015,1.430498163452709,0.1207427622969134,29,33,42,0.2980392156862745,0.30980392156862746,0.35294117647058826,1
38,64,275,9215.625,8655.25,5403.25,319,0.09056146264285925,0.0850546869625888,0.05309745383791433,6.382011772853185,2.11309814453125,0.07144793388429752,47,22,28,0.3103448275862069,0.12539184952978055,0.16927899686520376,1
38,64,253,7355.25,7203.5,5736.0,267,0.10317510415351597,0.10104644475304746,0.08046122122627615,5.093663434903047,1.7586669921875,0.08961239825649518,32,39,43,0.4307116104868914,0.3258426966292135,0.3970037453183521,1
38,64,213,6495.0,6477.25,4421.0,243,0.10999339531575471,0.10969279750715508,0.0748700232010703,4.497922437673131,1.58135986328125,0.09744539222817342,30,32,44,0.5349794238683128,0.4403292181069959,0.4732510288065844,1
39,64,140,10788.5,9725.25,8646.875,359,0.08370900287862447,0.07545914448211917,0.06709192976466663,7.093030900723209,2.37432861328125,0.4411670918367347,45,51,68,0.2646239554317549,0.4206128133704735,0.44846796657381616,1
38,61,245,10869.0,10608.5,9372.25,311,0.11237476866450925,0.1096814549063802,0.09689984594865644,7.5270083102493075,2.8509809191077666,0.15613910870470638,50,13,68,0.2990353697749196,0.04180064308681672,0.44694533762057875,1
76,65,255,7380.125,6869.75,5192.125,287,0.08959833189670871,0.08340212944190169,0.06303494032949289,1.277722472299169,1.6259763313609468,0.0798481353325644,43,39,39,0.519163763066202,0.4808362369337979,0.36585365853658536,1
38,64,207,9232.0,7393.0,5889.625,319,0.09072237890743998,0.07265062253712129,0.05787703540649168,6.393351800554017,1.804931640625,0.1374506989661369,33,31,48,0.19122257053291536,0.25391849529780564,0.4952978056426332,1
71,60,245,13996.5,9840.375,8244.375,311,0.14471004228657686,0.1017397979756206,0.08523872788742878,2.776532434040865,2.7334375,0.13734902124114953,77,45,67,0.5594855305466238,0.2733118971061093,0.38263665594855306,1
57,78,257,9986.75,8846.25,7835.5,415,0.057986645376687476,0.051364494121062566,0.04549571781100305,3.0737919359803016,1.4540187376725837,0.11863162197762267,44,38,60,0.344578313253012,0.2385542168674699,0.41927710843373495,1
58,78,252,11346.5,9222.25,9622.75,335,0.1011049231454667,0.08217643127645355,0.08574515482290042,3.3729191438763375,1.5158201840894148,0.15152982489292013,61,35,60,0.4298507462686567,0.23880597014925373,0.5014925373134328,1
72,62,299,8306.5,7478.75,4868.375,247,0.1361520431411759,0.12258437279745611,0.0797976528053238,1.6023341049382716,1.9455645161290323,0.05445548707508865,44,0,41,0.3117408906882591,0.0,0.3522267206477733,1
39,60,272,11207.0,8953.75,10426.0,407,0.06765510205313645,0.054052544838785625,0.06294031355456417,7.368178829717292,2.4871527777777778,0.1409223615916955,48,19,66,0.29484029484029484,0.04668304668304668,0.343980343980344,1
38,58,264,10705.75,9379.0,8628.25,303,0.11660893812153493,0.1021577405265279,0.09398043764772517,7.413954293628809,2.788049940546968,0.12379835284664831,44,41,66,0.49174917491749176,0.25742574257425743,0.5643564356435643,1
38,64,569,9988.25,7986.0,9160.5,283,0.12471438025196968,0.09971406809923959,0.11437900335876337,6.917070637119114,1.94970703125,0.028294019353782573,48,32,61,0.3710247349823322,0.20141342756183744,0.5795053003533569,1
71,65,257,7769.625,6971.0,5455.25,259,0.11582452557356032,0.10391914252918114,0.08132332553181974,1.541286451100972,1.6499408284023669,0.08259398325485624,42,41,56,0.41312741312741313,0.416988416988417,0.38996138996138996,1
38,65,203,11684.75,12968.25,11002.5,423,0.06530383559959536,0.072477071911205,0.061490870680549266,8.091932132963988,3.0694082840236687,0.266992647237254,42,50,72,0.14657210401891252,0.21040189125295508,0.4326241134751773,1
72,60,242,7978.25,6979.5,5435.25,287,0.09685986232684626,0.08473454819167406,0.06598659689931892,1.539014274691358,1.93875,0.09280872208182502,46,38,51,0.4076655052264808,0.29965156794425085,0.5087108013937283,1
40,64,217,8939.75,8281.125,7940.125,311,0.092428221379018,0.08561868673814373,0.0820930821641629,5.58734375,2.021759033203125,0.16861952897704346,40,24,58,0.24758842443729903,0.13504823151125403,0.3729903536977492,1
38,63,332,9157.25,9045.5,6988.5,295,0.10522550991094513,0.10394139615053145,0.08030451019821891,6.341585872576177,2.2790375409423027,0.06340270721439976,40,44,55,0.4542372881355932,0.37966101694915255,0.535593220338983,1
38,63,264,10241.0,9514.625,10385.875,347,0.0850517818435499,0.07901921783255404,0.08625497263493592,7.092105263157895,2.3972348198538675,0.14901680153810837,33,44,79,0.3256484149855908,0.30547550432276654,0.33429394812680113,0
71,66,294,9927.5,10206.0,10215.5,299,0.11104461918770483,0.11415979687028109,0.11426605966376215,1.969351319182702,2.34297520661157,0.11818570965801287,48,49,73,0.46488294314381273,0.5986622073578596,0.6220735785953178,1
72,60,320,8889.5,8155.25,5904.25,311,0.09190868580763226,0.0843172630555929,0.061044137260781006,1.714795524691358,2.265347222222222,0.05765869140625,24,33,46,0.17041800643086816,0.19935691318327975,0.2829581993569132,1
38,64,282,12599.5,9390.0,9686.0,263,0.18215530078503375,0.13575445647616707,0.14003383018404197,8.725415512465373,2.29248046875,0.12179970826417182,71,48,68,0.714828897338403,0.18250950570342206,0.7072243346007605,1
38,64,201,10220.5,9856.0,8729.5,295,0.11744326343004884,0.1132548118356794,0.10031025567365699,7.0779085872576175,2.40625,0.21607138437167397,51,44,72,0.3559322033898305,0.39661016949152544,0.28135593220338984,1
39,55,255,8295.625,7604.75,5399.5,287,0.1007129502604135,0.09232538940620864,0.06555257439085092,5.454059829059829,2.5139669421487603,0.08303729334871203,46,27,53,0.5365853658536586,0.1602787456445993,0.313588850174216,0
72,63,275,10330.0,8564.625,8646.25,323,0.09901369705451026,0.0820924670992725,0.08287484783713062,1.9926697530864197,2.1578798185941044,0.1143305785123967,57,32,65,0.1826625386996904,0.1021671826625387,0.3715170278637771,1
38,62,204,8953.25,8382.25,7099.5,287,0.10869683983051877,0.10176462018477825,0.08619140696135683,6.20031163434903,2.180606139438085,0.17059544405997693,51,33,57,0.5400696864111498,0.39372822299651566,0.5470383275261324,0
72,62,294,9831.75,9027.25,7675.375,287,0.11936226007357137,0.10959523607182314,0.09318281149461569,1.896556712962963,2.3484001040582725,0.08879835947984636,52,47,59,0.5993031358885017,0.4076655052264808,0.43902439024390244,0
38,60,329,11770.0,9688.5,8446.25,327,0.11007303911941568,0.09060685127514519,0.07898932936808536,8.150969529085872,2.69125,0.07803189179700852,45,31,61,0.4648318042813456,0.1651376146788991,0.4984709480122324,0
38,79,179,11355.875,10274.0,10123.5,335,0.1011884606816663,0.09154822900423257,0.09020717308977501,7.864179362880886,1.6462105431821823,0.3159545582222777,57,53,67,0.4298507462686567,0.5014925373134328,0.5522388059701493,0
39,61,205,10441.0,8413.0,11409.0,327,0.09764423121884615,0.078678375370573,0.10669696714642427,6.864562787639711,2.260951357162053,0.27148126115407495,52,37,72,0.4831804281345566,0.26299694189602446,0.5504587155963303,0
71,60,178,9460.125,8931.25,7207.125,287,0.11485055057121005,0.10842974905607693,0.08749802717041605,1.8766365800436422,2.4809027777777777,0.22746891175356646,45,43,60,0.5156794425087108,0.5400696864111498,0.4843205574912892,0
72,61,283,10739.375,9096.25,8314.25,347,0.089190799691053,0.07554460214768,0.06905007100798113,2.0716386959876543,2.444571351787154,0.10381263344529211,46,38,60,0.41210374639769454,0.41786743515850144,0.4265129682997118,0
38,62,215,8504.0,7877.5,8070.5,299,0.09512197850135905,0.08811422691021353,0.09027303945146027,5.889196675900277,2.0492976066597293,0.17459167117360735,35,37,61,0.44481605351170567,0.2976588628762542,0.36789297658862874,1
39,55,268,9386.25,10157.5,9211.5,303,0.1022367088193968,0.11063730135389777,0.10033330065679835,6.1711045364891515,3.3578512396694213,0.1282510024504344,49,34,62,0.41914191419141916,0.2838283828382838,0.4884488448844885,1
38,64,213,9197.0,9816.875,7802.875,267,0.1290100857074724,0.13770532620740927,0.10945412335703966,6.369113573407202,2.396697998046875,0.17198692940113294,44,44,54,0.5805243445692884,0.4756554307116105,0.2958801498127341,1
40,66,538,10815.25,9741.5,9695.75,367,0.0802979456377284,0.07232587664916956,0.0719862052580389,6.75953125,2.2363406795224976,0.03349784414256298,52,34,78,0.4332425068119891,0.24795640326975477,0.3760217983651226,0
72,62,235,8912.25,9871.25,6646.5,303,0.09707381629252033,0.10751941530786742,0.0723948632487011,1.7191840277777777,2.5679630593132154,0.1203531009506564,36,39,49,0.30033003300330036,0.2706270627062706,0.5214521452145214,1
39,58,247,7491.25,7074.125,5993.125,291,0.08846435445967808,0.08353851513326484,0.07077295969579953,4.9252136752136755,2.102890903686088,0.09823345735875035,37,35,48,0.3848797250859107,0.41237113402061853,0.33676975945017185,1
38,61,532,7165.75,6501.25,4549.5,215,0.15501892915089238,0.14064359113034072,0.09842076798269335,4.962430747922438,1.7471781779091642,0.016074608513765618,35,36,42,0.4511627906976744,0.3581395348837209,0.5023255813953489,1
38,61,204,7317.5,7023.5,4665.75,259,0.10908453958647009,0.10470177844695219,0.06955397206362457,5.067520775623269,1.8875302338081161,0.11211433102652826,38,43,57,0.25868725868725867,0.39768339768339767,0.37065637065637064,0
37,64,195,6979.0,6284.75,4528.25,271,0.0950286624637464,0.08557549597636198,0.06165833798559388,5.097881665449233,1.53436279296875,0.11908612754766601,35,33,55,0.4797047970479705,0.5350553505535055,0.34317343173431736,1
40,59,184,6744.375,6545.75,4217.25,219,0.14062206793019327,0.1364806822209712,0.0879308187902671,4.215234375,1.8804222924446998,0.12456433128544424,37,36,48,0.6438356164383562,0.4794520547945205,0.2876712328767123,1
72,60,202,5838.75,5528.75,3502.375,259,0.0870402945692521,0.08241901581669922,0.05221113280958841,1.1263020833333333,1.535763888888889,0.08583410940103911,28,19,44,0.4555984555984556,0.15444015444015444,0.40540540540540543,1
38,61,213,5762.875,5433.0,2868.0,247,0.09445942401940698,0.08905243488665607,0.04700945762100674,3.9909106648199444,1.4600913732867509,0.06321497057462144,40,33,14,0.5263157894736842,0.4048582995951417,0.11740890688259109,1
71,66,411,6082.0,4883.75,3669.75,247,0.09969020964120048,0.08004966480355358,0.060150961333573734,1.2065066455068438,1.1211547291092745,0.02172465235228302,11,23,49,0.044534412955465584,0.0931174089068826,0.4898785425101215,1
38,61,378,6801.25,5290.75,2941.75,263,0.09832800821177116,0.07649019069236218,0.042529890557908887,4.7100069252077565,1.4218624025799516,0.02058837938467568,34,31,40,0.55893536121673,0.41064638783269963,0.2623574144486692,1
38,65,295,6377.5,4886.5,3995.75,263,0.09220170885801443,0.07064580953895531,0.05776793072040943,4.416551246537396,1.1565680473372781,0.045914966963516234,37,31,47,0.38783269961977185,0.34980988593155893,0.33460076045627374,1
76,64,250,6739.5,7173.0,4334.0,263,0.09743526724399659,0.10370252569792826,0.06265812719570905,1.1668109418282548,1.751220703125,0.069344,37,34,54,0.4220532319391635,0.28517110266159695,0.2737642585551331,1
38,65,289,7510.125,6495.5,4487.875,291,0.08868724979629433,0.07670551835712852,0.05299742563266849,5.200917590027701,1.537396449704142,0.053733492175620505,25,29,50,0.21993127147766323,0.20618556701030927,0.21649484536082475,1
38,61,292,7436.25,6549.25,4531.5,267,0.10431132432773639,0.09186901204954481,0.06356520641333165,5.149757617728532,1.7600779360386993,0.053146697316569715,36,8,51,0.45318352059925093,0.0299625468164794,0.2209737827715356,1
39,63,192,5578.375,5504.125,4263.5,243,0.0944702704533523,0.09321284018357635,0.07220274687124252,3.667570677186062,1.3867787855883094,0.11565483940972222,28,31,46,0.4691358024691358,0.5637860082304527,0.18930041152263374,1
38,63,301,5141.625,4807.125,2738.875,207,0.11999404886928516,0.11218756563747112,0.0639192279866508,3.560682132963989,1.2111678004535147,0.03023007472323705,28,26,0,0.5603864734299517,0.38164251207729466,0.0,1
40,62,254,5608.125,5374.75,4188.5,303,0.06108469757866876,0.058542735461664976,0.04562188892156542,3.505078125,1.3982180020811654,0.06492187984375969,33,24,55,0.39933993399339934,0.1551155115511551,0.31353135313531355,0
72,62,460,6588.25,6177.0,3152.75,307,0.06990259843605767,0.06553915691413172,0.033451283302740616,1.2708815586419753,1.6069198751300728,0.014899574669187145,32,28,40,0.3713355048859935,0.4006514657980456,0.20521172638436483,0
38,64,284,6117.5,6017.0,3997.0,271,0.08329815770482428,0.08192971228605275,0.05442464018736128,4.236495844875346,1.468994140625,0.04955613965483039,31,27,47,0.46494464944649444,0.0996309963099631,0.3247232472324723,1
39,67,304,7219.25,6721.5,4135.0,327,0.06751442545988459,0.06285946749712426,0.03867051969063584,4.746383957922419,1.4973267988416128,0.044743334487534626,38,31,46,0.41284403669724773,0.23853211009174313,0.22935779816513763,1
38,61,216,7820.75,7457.375,3689.125,295,0.08986785406492387,0.08569232979029015,0.042391554151106,5.416031855955679,2.004131953775867,0.0790707518861454,29,45,51,0.22372881355932203,0.26101694915254237,0.2745762711864407,1
38,66,715,5958.0,5931.5,3516.0,255,0.09162629757785468,0.09121876201460977,0.054071510957324105,4.126038781163435,1.3616850321395777,0.006877597926548976,33,24,40,0.48627450980392156,0.17647058823529413,0.27058823529411763,1
72,65,557,7960.75,7843.25,4755.25,327,0.07444893340440853,0.07335007341319941,0.04447109764423122,1.5356385030864197,1.8563905325443788,0.015327204922497735,30,27,30,0.1926605504587156,0.22629969418960244,0.16819571865443425,1
34,61,305,9219.25,9469.5,6141.5,335,0.08214969926486969,0.08437959456449098,0.05472488304744932,7.975129757785467,2.544880408492341,0.06601988712711637,56,50,49,0.44477611940298506,0.5194029850746269,0.14626865671641792,1
38,60,246,12499.25,12419.625,9753.625,343,0.10624187200911185,0.10556507067633385,0.08290444457666449,8.65599030470914,3.449895833333333,0.16117431753585829,64,64,62,0.6005830903790087,0.4518950437317784,0.18075801749271136,0
70,64,264,12058.5,11259.875,7466.0,351,0.09787664061168334,0.0913943474484785,0.060600157466254335,2.4609183673469386,2.748992919921875,0.10712235996326905,68,66,66,0.38461538461538464,0.34472934472934474,0.32763532763532766,0
38,64,386,7804.0,8180.75,5122.0,303,0.08500255966190678,0.08910618784650742,0.05578973738958054,5.404432132963989,1.99725341796875,0.03437676179226288,39,33,50,0.43234323432343236,0.21782178217821782,0.16501650165016502,1
38,66,218,6197.5,5429.5,3948.75,283,0.07738266178876001,0.06779332992046348,0.049304523717364435,4.291897506925208,1.2464416896235078,0.08308959683528322,26,24,47,0.24381625441696114,0.1519434628975265,0.27208480565371024,1
76,58,467,7074.25,6756.25,3836.0,255,0.1087927720107651,0.10390234525182622,0.05899269511726259,1.224766274238227,2.00839774078478,0.017589149383967096,41,32,45,0.5803921568627451,0.2196078431372549,0.17647058823529413,1
38,57,345,6696.25,6022.0,2906.25,263,0.0968099871329642,0.08706212320548222,0.04201665485983606,4.637292243767313,1.8534933825792552,0.024417139256458727,36,21,34,0.2813688212927757,0.07984790874524715,0.12927756653992395,1
38,61,236,6840.5,6541.25,4997.5,243,0.11584446815356737,0.11077664312689461,0.08463310132263036,4.73718836565097,1.7579279763504434,0.08972816719333525,40,27,57,0.4567901234567901,0.3868312757201646,0.345679012345679,0
39,58,250,5796.25,5321.25,3658.75,239,0.10147318849459919,0.09315750774671312,0.06405262512911189,3.8108152531229456,1.5818222354340072,0.05854,32,32,48,0.3179916317991632,0.36401673640167365,0.28451882845188287,0
38,66,658,6362.25,6098.0,4539.75,291,0.07513196584830127,0.07201143113567388,0.05361001877634888,4.4059903047091415,1.3999081726354454,0.010485282841067617,34,28,51,0.4054982817869416,0.32646048109965636,0.21993127147766323,0
33,58,235,7921.875,8095.125,4943.25,307,0.08405261594287472,0.08589083173296268,0.052448832348353826,7.2744490358126725,2.4063986325802618,0.08951109099139883,42,40,61,0.4201954397394137,0.3322475570032573,0.28338762214983715,1
75,65,223,6392.75,5989.25,5006.0,243,0.10826178258734272,0.1014284746566411,0.08477704956900202,1.1364888888888889,1.4175739644970413,0.1006656075931549,35,20,55,0.3991769547325103,0.0823045267489712,0.4773662551440329,0
56,72,338,5930.0,6510.625,5031.0,231,0.11112985138959165,0.12201092558235416,0.09428234103558779,1.8909438775510203,1.255907600308642,0.04403732362312244,32,24,56,0.5411255411255411,0.30303030303030304,0.24675324675324675,1
36,64,308,8320.875,7455.0,4293.125,243,0.14091474876797236,0.12625107961184778,0.07270444884756727,6.4204282407407405,1.820068359375,0.045255576404115365,46,30,48,0.4609053497942387,0.3991769547325103,0.411522633744856,1
38,64,272,7851.125,6223.5,3311.875,303,0.08551585356555458,0.06778747181648857,0.03607353309588385,5.437067174515235,1.5194091796875,0.0447647464316609,37,33,43,0.46204620462046203,0.45874587458745875,0.22442244224422442,1
39,66,320,8378.5,7092.5,3796.0,291,0.09894191140869853,0.08375550595765284,0.04482705683683471,5.5085470085470085,1.6282139577594124,0.0370703125,44,29,6,0.31958762886597936,0.30927835051546393,0.03436426116838488,1
76,60,411,7149.75,7555.0,4724.0,275,0.09454214876033058,0.099900826446281,0.06246611570247934,1.2378376038781163,2.098611111111111,0.027965735462139107,30,32,53,0.31272727272727274,0.11636363636363636,0.19272727272727272,0
38,64,194,7160.75,5954.0,4009.5,275,0.09468760330578513,0.07873057851239669,0.05301818181818182,4.958968144044321,1.45361328125,0.1065336380061643,29,23,43,0.3527272727272727,0.32727272727272727,0.18181818181818182,0
36,60,210,8224.25,7314.0,5300.0,223,0.16538136700918982,0.14707715819743006,0.10657765086770295,6.345871913580247,2.0316666666666667,0.12018140589569161,46,31,58,0.4125560538116592,0.5201793721973094,0.3632286995515695,1
71,57,474,9078.0,7141.75,5692.625,319,0.08920902899932194,0.07018160198897416,0.05594112675779522,1.8008331680222178,2.198137888581102,0.025337040894443556,31,30,59,0.1724137931034483,0.1755485893416928,0.23197492163009403,0
38,66,195,7200.5,5829.25,3462.0,287,0.08741759642583982,0.07076994985977735,0.04203037550534788,4.986495844875346,1.3382116620752984,0.09104536489151874,23,26,27,0.10452961672473868,0.17073170731707318,0.14634146341463414,0
72,57,399,11174.0,8593.25,9370.75,343,0.0949774328723576,0.07304141981657303,0.07965006077399722,2.1554783950617282,2.644890735610957,0.05886112524418816,61,56,63,0.23615160349854228,0.21865889212827988,0.5364431486880467,1
38,64,260,6301.5,6020.25,4202.0,227,0.12229036076772302,0.11683226920763065,0.08154631372625123,4.363919667590028,1.46978759765625,0.062159763313609465,34,26,0,0.4933920704845815,0.3039647577092511,0.0,1
40,61,219,5822.75,5415.5,4935.25,263,0.08418149749165088,0.07829374430742095,0.07135060503982998,3.63921875,1.4553883364686913,0.10290131565230083,21,19,47,0.16730038022813687,0.07224334600760456,0.3650190114068441,1
38,63,307,6664.5,6784.25,3767.75,227,0.12933493760794892,0.1316588717033127,0.0731190203574686,4.615304709141275,1.7093096497858402,0.03997655147534722,28,39,42,0.5462555066079295,0.44493392070484583,0.1894273127753304,1
38,63,291,6440.5,5994.0,4236.0,247,0.10556639184382632,0.09824779950499107,0.06943237882935305,4.460180055401662,1.510204081632653,0.05002302759769015,27,37,47,0.3481781376518219,0.2591093117408907,0.3319838056680162,1
38,66,337,6448.75,6363.25,3762.0,231,0.12085137085137085,0.11924907704128483,0.07050092764378478,4.465893351800554,1.4608011937557392,0.03312523664028036,31,27,44,0.5108225108225108,0.42424242424242425,0.35064935064935066,1
72,61,235,7873.75,6699.375,4131.75,279,0.10115170668413818,0.08606486298994104,0.05307935406790766,1.5188560956790123,1.8004232733136254,0.07481665912177456,38,25,42,0.2078853046594982,0.15412186379928317,0.15053763440860216,1
38,64,590,7373.25,8605.75,2904.875,287,0.08951486602969563,0.10447801964331241,0.03526660515485195,5.106128808864266,2.10101318359375,0.00834494398161448,41,41,35,0.5296167247386759,0.3170731707317073,0.2264808362369338,0
39,64,322,7074.0,5477.0,4201.75,251,0.11228393200107935,0.08693512801384105,0.06669338581927271,4.650887573964497,1.337158203125,0.040524574669187144,44,30,48,0.30278884462151395,0.12350597609561753,0.44621513944223107,0
39,58,253,8090.25,6319.25,4375.25,251,0.1284146283392327,0.10030396342915192,0.06944731036015302,5.319033530571992,1.8784928656361475,0.06835366901529473,52,39,48,0.6454183266932271,0.32669322709163345,0.3346613545816733,1
38,61,614,5825.5,5928.875,4322.5,227,0.11305284402957558,0.11505899590521843,0.08388480273244192,4.034279778393352,1.5933552808384843,0.011465638892720348,36,31,49,0.44493392070484583,0.2511013215859031,0.45374449339207046,0
71,64,304,4736.75,4538.5,3145.375,223,0.0952512618391683,0.09126465442699432,0.063250316716604,0.9396449117238643,1.1080322265625,0.034034961478531855,26,26,40,0.21076233183856502,0.4170403587443946,0.22869955156950672,1
37,60,287,5680.5,5191.0,2384.25,235,0.10286102308736986,0.09399728383884111,0.043173381620642826,4.149379108838568,1.4419444444444445,0.028945962680134517,34,25,36,0.33191489361702126,0.28936170212765955,0.2553191489361702,0
39,60,490,4976.5,5226.5,2836.75,207,0.1161404000093351,0.12197484188662512,0.06620341198160984,3.2718606180144643,1.4518055555555556,0.011814868804664723,35,35,40,0.37681159420289856,0.6086956521739131,0.2995169082125604,1
38,64,237,6738.0,5862.25,3260.5,235,0.12200995925758262,0.10615210502489815,0.05904028972385695,4.666204986149585,1.43121337890625,0.058048033612846946,31,30,46,0.2680851063829787,0.14042553191489363,0.28085106382978725,0
71,60,315,6194.5,7032.875,4072.625,275,0.08191074380165289,0.09299669421487604,0.05385289256198347,1.228823646101964,1.9535763888888888,0.04104434366339128,33,34,51,0.5054545454545455,0.44,0.2909090909090909,0
39,65,277,6457.75,5573.125,3537.375,247,0.10584913701257191,0.09134922716320543,0.057981199495156455,4.245726495726496,1.3190828402366863,0.04610219082745767,36,25,50,0.4817813765182186,0.3481781376518219,0.3157894736842105,0
72,57,301,7285.125,6285.375,3716.625,247,0.11941066072218853,0.10302373420315035,0.060919290596469375,1.4053096064814814,1.934556786703601,0.04102189821304401,47,29,43,0.5020242914979757,0.11740890688259109,0.3724696356275304,0
38,57,212,5972.0,5859.25,3702.0,255,0.09184159938485198,0.09010765090349865,0.05693194925028835,4.135734072022161,1.8034010464758388,0.08236917052331791,43,30,52,0.4470588235294118,0.33725490196078434,0.34901960784313724,0
38,61,212,5787.125,5418.375,3916.125,251,0.09185766892589006,0.08600458722877415,0.06215972762337106,4.007704293628809,1.4561609782316582,0.08713343271626914,25,27,50,0.10756972111553785,0.3745019920318725,0.43824701195219123,0
39,64,237,5437.125,5385.125,2559.75,195,0.14298816568047337,0.14162064431295202,0.06731755424063117,3.5747041420118344,1.314727783203125,0.0455722907653688,32,29,37,0.558974358974359,0.5641025641025641,0.37435897435897436,0
89,64,462,5412.25,4956.75,2792.0,227,0.10503308816394652,0.09619340565506802,0.0541830813716548,0.6832786264360561,1.21014404296875,0.013080714379415678,31,31,43,0.2422907488986784,0.3568281938325991,0.32158590308370044,0
72,64,275,5506.75,5520.5,4417.5,199,0.1390558319234363,0.13940304537764198,0.11155021337845004,1.0622588734567902,1.3477783203125,0.058413223140495865,31,26,54,0.6582914572864321,0.5527638190954773,0.5125628140703518,0
39,50,337,5941.0,6251.5,3791.5,267,0.0833368401857229,0.08769235085356787,0.05318492334020676,3.905982905982906,2.5006,0.033384990622440984,37,22,48,0.4943820224719101,0.08239700374531835,0.24344569288389514,0
29,61,236,5199.5,4617.75,3570.0,235,0.09415119963784518,0.08361702127659575,0.06464463558171119,6.182520808561237,1.2409970438054287,0.06409796035621948,38,28,44,0.33617021276595743,0.4085106382978723,0.42127659574468085,0
38,55,350,5738.5,5230.25,2641.875,223,0.11539544330270064,0.10517504876430252,0.05312543988417221,3.9740304709141276,1.72900826446281,0.021566326530612245,36,30,43,0.5650224215246636,0.4484304932735426,0.34080717488789236,0
38,59,182,4834.75,4299.25,3698.5,235,0.08754640108646447,0.07784970574920778,0.0669714803078316,3.348164819944598,1.2350617638609596,0.11165620094191522,33,28,46,0.26382978723404255,0.3021276595744681,0.2680851063829787,0
76,63,231,5355.75,4712.25,4262.0,199,0.1352427968990682,0.11899320724224136,0.10762354485997828,0.9272420360110804,1.1872637944066515,0.0798710668840539,36,28,50,0.4271356783919598,0.38190954773869346,0.5527638190954773,1
38,60,364,5285.5,4682.125,2706.75,231,0.09905174190888477,0.08774432638069002,0.05072524877719683,3.660318559556787,1.3005902777777778,0.020428918608863665,24,26,37,0.22510822510822512,0.22510822510822512,0.4069264069264069,0
38,65,402,5374.25,5591.25,4226.0,223,0.10807074342938727,0.11243439441774418,0.08498059482394578,3.7217797783933517,1.3233727810650888,0.0261503428132967,38,37,56,0.23766816143497757,0.34977578475336324,0.452914798206278,1
39,65,268,6660.75,6421.125,3007.375,243,0.11280038612000204,0.10874231570390692,0.050930159697878036,4.379191321499014,1.519792899408284,0.04187144965471152,37,45,20,0.4403292181069959,0.4403292181069959,0.13991769547325103,0
29,61,348,5791.875,4772.5,3415.75,231,0.1085413504244673,0.08943797904836866,0.06401210621989843,6.886890606420928,1.2825853265251277,0.028205096446029858,39,27,47,0.5021645021645021,0.38961038961038963,0.49783549783549785,0
71,59,1023,5507.0,5684.5,2553.625,199,0.13906214489533092,0.1435443549405318,0.06448385141789349,1.0924419757984527,1.6330077563918415,0.0024400900500607245,40,32,37,0.4020100502512563,0.6683417085427136,0.4321608040201005,0
72,61,306,5989.0,6567.0,3152.5,227,0.11622581458984262,0.12744279920045024,0.061179141842457645,1.1552854938271604,1.7648481590970169,0.03366760647614166,28,32,50,0.23348017621145375,0.6079295154185022,0.3920704845814978,0
39,57,487,6683.75,6385.0,3589.0,267,0.09375569863513306,0.08956501002959784,0.050344372904655696,4.39431295200526,1.9652200677131426,0.015132669109369268,37,29,44,0.4419475655430712,0.11610486891385768,0.299625468164794,1
38,61,307,6324.25,6599.0,3384.75,207,0.1475938761698056,0.15400592779294733,0.07899250857662957,4.3796745152354575,1.7734479978500404,0.03591284788167514,31,30,46,0.5845410628019324,0.2608695652173913,0.42028985507246375,0
41,62,369,9453.25,8055.25,6500.25,363,0.0717410771881095,0.061131601514772066,0.04933064681374223,5.623587150505651,2.095538501560874,0.04773944080904224,49,45,52,0.2865013774104683,0.26721763085399447,0.3746556473829201,1
41,72,201,9612.25,7993.5,5536.0,255,0.1478239138792772,0.12292964244521339,0.0851364859669358,5.718173706127305,1.5419560185185186,0.13702631122992004,33,33,44,0.40784313725490196,0.3568627450980392,0.2784313725490196,0
74,71,269,7096.25,6199.75,4369.25,319,0.06973447587975747,0.0609246174860703,0.04293639016912176,1.295882030679328,1.229865106129736,0.060381282735175026,33,46,55,0.41379310344827586,0.438871473354232,0.1724137931034483,0
56,60,216,6001.25,5832.5,3218.75,259,0.0894627390766387,0.08694712362666031,0.047983035434772885,1.9136639030612246,1.6201388888888888,0.06898898319615912,35,34,43,0.3088803088803089,0.4517374517374517,0.22393822393822393,1
41,67,246,5393.0,4888.25,4289.75,215,0.11666846944294212,0.10574905354245538,0.09280151433207139,3.2082093991671625,1.088939630207173,0.0708862119108996,32,25,55,0.3767441860465116,0.30697674418604654,0.33488372093023255,0
55,73,270,6355.0,6394.5,4330.5,279,0.08164078056551174,0.0821482252283501,0.05563263575750568,2.100826446280992,1.199943704259711,0.05940329218106996,35,28,51,0.30824372759856633,0.2939068100358423,0.3225806451612903,0
41,61,390,5818.0,5536.75,3841.0,207,0.1357791313682933,0.12921538425634205,0.08964036500268384,3.4610350981558597,1.487973662993819,0.02525312294543064,35,27,49,0.5458937198067633,0.5314009661835749,0.3719806763285024,0
72,67,371,6761.0,5947.25,4707.0,227,0.1312076694676784,0.11541559122047779,0.09134662034970599,1.3042052469135803,1.3248496324348407,0.03419765912773084,37,31,54,0.16299559471365638,0.5198237885462555,0.36123348017621143,0
72,59,320,6503.5,6258.875,5235.625,267,0.09122725806225364,0.08779580299906016,0.07344225616855335,1.2545331790123457,1.7980106291295606,0.051129150390625,35,30,55,0.41198501872659177,0.42696629213483145,0.299625468164794,1
71,78,330,6874.25,5812.25,4831.125,231,0.12882535934483985,0.10892318359850828,0.09053662787429022,1.3636679230311446,0.9553336620644313,0.0443629476584022,45,30,55,0.2987012987012987,0.38961038961038963,0.42857142857142855,1
61,70,511,4876.875,5433.375,4352.5,263,0.07050665760673135,0.07855216932440834,0.06292558805245124,1.3106355818328406,1.1088520408163265,0.01666851766039499,33,31,55,0.311787072243346,0.19391634980988592,0.33460076045627374,0
36,61,343,5540.5,5020.625,3500.375,267,0.07771886265763302,0.07042636311352382,0.04910119373255341,4.275077160493828,1.3492676699811879,0.029752696580506423,38,26,45,0.14232209737827714,0.32209737827715357,0.35580524344569286,0
57,64,336,7890.5,5729.875,4059.875,255,0.12134563629373318,0.08811803152633603,0.06243560169165706,2.428593413357956,1.398895263671875,0.035961194373582764,36,29,49,0.26666666666666666,0.26666666666666666,0.21568627450980393,0
71,65,451,6549.25,5754.5,4096.75,223,0.13169880753684973,0.11571718715437672,0.08238150777212491,1.2991965879785756,1.3620118343195267,0.0201412480764598,33,32,49,0.2600896860986547,0.24663677130044842,0.4260089686098655,0
53,68,276,6114.5,5291.75,3930.875,259,0.09115099655640196,0.07888597367361846,0.05859893263368167,2.176753292986828,1.1444096020761245,0.051602538857382904,33,31,52,0.4092664092664093,0.40540540540540543,0.3474903474903475,0
39,62,444,5951.0,6531.0,3980.5,279,0.07645071363420305,0.08390179982271553,0.05113629064374815,3.9125575279421434,1.6990114464099897,0.02019164434704975,28,37,51,0.3010752688172043,0.3046594982078853,0.2831541218637993,0
72,62,610,6261.0,6725.25,4462.75,271,0.08525210713361746,0.09157350798600238,0.06076646559823532,1.2077546296296295,1.7495447450572321,0.011993415748454717,0,38,54,0.0,0.4132841328413284,0.33210332103321033,0
39,61,450,5589.5,5821.5,3325.5,259,0.08332463737869143,0.08678314276769875,0.049574395134240695,3.674884944115713,1.5644987906476753,0.016422222222222223,30,30,46,0.28957528957528955,0.3938223938223938,0.2548262548262548,0
38,62,274,4386.5,4565.25,2592.25,199,0.11076740486351355,0.11528117976818768,0.06545920557561678,3.037742382271468,1.187630072840791,0.0345283446107944,31,27,37,0.3768844221105528,0.45226130653266333,0.3165829145728643,0
72,60,207,6386.0,6740.5,3658.125,271,0.08695415367437807,0.09178115766397517,0.04981039201535927,1.2318672839506173,1.8723611111111111,0.0853724707694462,39,31,48,0.36162361623616235,0.3726937269372694,0.31365313653136534,0
38,60,422,5614.625,4831.0,3741.5,239,0.09829353477705222,0.08457484988007913,0.0655013042488752,3.888244459833795,1.3419444444444444,0.021009748208710495,37,28,50,0.5564853556485355,0.39748953974895396,0.3305439330543933,0
38,61,315,6710.125,6397.875,4832.375,239,0.11747212058612419,0.11200565466290856,0.08459892158750722,4.646900969529086,1.7193966675624832,0.04870118417737465,36,23,51,0.502092050209205,0.10460251046025104,0.4769874476987448,1
71,65,280,5433.125,4934.5,3177.125,235,0.09838162064282481,0.08935264825712992,0.05753055681303757,1.0777871454076573,1.1679289940828403,0.04052455357142857,33,34,43,0.2723404255319149,0.14893617021276595,0.28936170212765955,0
39,66,361,5422.0,5296.25,4063.5,237,0.09653011447595648,0.09429133507806797,0.07234417561288255,3.564760026298488,1.2158516988062442,0.031180699963935205,29,33,50,0.13924050632911392,0.3291139240506329,0.379746835443038,0
71,63,345,4852.25,4525.5,4044.0,209,0.11108376639728944,0.10360339735811909,0.09258029807009913,0.9625570323348542,1.1402116402116402,0.0339760554505356,24,32,50,0.3157894736842105,0.2583732057416268,0.23923444976076555,0
38,60,495,6500.125,6708.25,5874.0,263,0.09397454061790686,0.09698347525625642,0.08492243635154477,4.5014716066482,1.8634027777777777,0.023973063973063972,39,38,61,0.44866920152091255,0.24714828897338403,0.3840304182509506,0
38,56,326,6332.875,5609.625,3993.375,279,0.08135654732082065,0.07206517131074884,0.0513016919104328,4.385647506925208,1.7887834821428572,0.03757551093379503,40,27,50,0.36200716845878134,0.0967741935483871,0.27598566308243727,0
38,57,328,6285.5,6641.75,4351.75,295,0.07222637173226085,0.07632002298190176,0.050005745475438096,4.352839335180056,2.044244382887042,0.04044978807257585,32,32,49,0.36271186440677966,0.31186440677966104,0.3016949152542373,1
71,62,684,6672.0,6278.5,3220.0,267,0.09359087657282329,0.08807109091164135,0.04516825877765153,1.3235469152945845,1.6333246618106139,0.00688245956020656,35,31,36,0.4044943820224719,0.5131086142322098,0.19850187265917604,1
38,60,319,6882.875,7413.75,5359.875,263,0.0995080888837485,0.10718313117147855,0.07748955456924345,4.766533933518006,2.059375,0.052671209992040176,33,0,52,0.22813688212927757,0.0,0.35361216730038025,1
76,59,517,6244.5,5819.875,2927.5,239,0.10932056511615693,0.10188678419495457,0.05125085345144518,1.0811114958448753,1.6718974432634301,0.010952564452708492,33,24,41,0.5439330543933054,0.2510460251046025,0.2803347280334728,0
38,60,301,6969.625,6399.25,4841.125,247,0.11423929256339228,0.10489026209247816,0.07935099739382714,4.826610110803324,1.7775694444444445,0.05343346099932672,41,37,55,0.5789473684210527,0.3157894736842105,0.3603238866396761,0
38,55,278,6601.75,7014.75,4525.25,255,0.10152633602460592,0.10787773933102653,0.0695924644367551,4.571849030470914,2.318925619834711,0.058553516898711244,34,39,53,0.2549019607843137,0.3058823529411765,0.35294117647058826,0
39,64,441,7865.375,6486.125,3431.75,279,0.10104411556891613,0.08332530414563019,0.044086663840392594,5.171186719263642,1.583526611328125,0.017645682611669006,42,38,43,0.3835125448028674,0.26523297491039427,0.35842293906810035,1
38,61,417,7485.75,6376.25,4398.625,295,0.0860183855214019,0.07326917552427463,0.05054438379775927,5.184037396121884,1.7135850577801666,0.025295590865437145,44,0,47,0.4915254237288136,0.0,0.3220338983050847,1
72,61,539,6160.0,6626.25,3336.5,191,0.1688550204215893,0.1816356459526877,0.09145856747347934,1.1882716049382716,1.7807712980381618,0.01148453984393555,31,41,44,0.29842931937172773,0.6178010471204188,0.42408376963350786,0
39,64,415,7308.0,6976.5,4941.5,263,0.10565426708496581,0.10086165767901806,0.07144096343737802,4.804733727810651,1.7032470703125,0.028692117869066627,38,45,54,0.5019011406844106,0.4714828897338403,0.2737642585551331,1
38,64,364,6814.75,7019.5,5121.0,287,0.08273440250579708,0.08522016778156831,0.062171447996212166,4.719355955678671,1.7137451171875,0.038650223402970654,27,32,57,0.3344947735191638,0.2613240418118467,0.3310104529616725,1
38,57,602,7012.0,5881.75,3878.0,299,0.07843312714622878,0.06579065111128511,0.043377590854688425,4.85595567867036,1.8103262542320715,0.010700764892219732,29,32,51,0.4080267558528428,0.2608695652173913,0.31438127090301005,0
38,66,682,7512.375,6207.375,4735.5,199,0.1897016489482589,0.15674793565819045,0.11958031362844372,5.202475761772853,1.425017217630854,0.010181155992810519,33,28,56,0.35678391959798994,0.48743718592964824,0.2914572864321608,0
39,58,598,8918.25,8769.5,4882.5,287,0.10827192268936128,0.10646602483944202,0.05927594119146767,5.863412228796844,2.6068668252080855,0.01365337076766479,45,31,56,0.4250871080139373,0.26480836236933797,0.3240418118466899,0
76,56,474,7206.75,6024.125,4276.125,247,0.11812601419462702,0.09874157911127866,0.07009006867839171,1.247706024930748,1.9209582270408163,0.019032406665598463,39,31,49,0.39271255060728744,0.4251012145748988,0.3684210526315789,1
71,57,670,8660.875,8595.625,6169.5,315,0.08728521038044848,0.08662761400856639,0.06217687074829932,1.7180866891489783,2.645621729763004,0.013743595455558031,44,42,60,0.24761904761904763,0.30158730158730157,0.31746031746031744,1
38,58,557,9049.25,9434.0,5685.75,271,0.12321795727182364,0.1284568565242848,0.07741928895303714,6.266793628808864,2.8043995243757434,0.01832640878778014,38,43,58,0.3726937269372694,0.6162361623616236,0.3284132841328413,0
38,64,543,9337.0,8544.0,6824.75,291,0.11026086135024385,0.10089630495624756,0.08059363965942773,6.46606648199446,2.0859375,0.023146593680154925,51,43,67,0.3436426116838488,0.23367697594501718,0.23024054982817868,1
38,66,352,9459.0,7903.0,5085.75,299,0.10580418563550743,0.0883994586190311,0.056886947573293364,6.550554016620499,1.814279155188246,0.04104589036673554,46,40,51,0.46488294314381273,0.35785953177257523,0.27759197324414714,1
72,58,583,8335.0,8263.25,4578.25,279,0.10707724720905436,0.10615549646073406,0.058815405763029766,1.607831790123457,2.4563763376932224,0.013469838682628741,48,34,54,0.46953405017921146,0.2903225806451613,0.24731182795698925,0
32,61,388,7488.125,7376.125,4085.5,275,0.09901652892561984,0.09753553719008265,0.05402314049586777,7.3126220703125,1.9822964256920184,0.02713824529705601,33,34,55,0.23272727272727273,0.4218181818181818,0.36,0
37,61,394,8700.125,7498.25,3185.375,303,0.09476331296495986,0.08167227613850495,0.034695672537550785,6.355094959824689,2.0151169040580488,0.020519563760983277,45,27,47,0.3201320132013201,0.10231023102310231,0.27722772277227725,0
71,61,258,8666.875,7313.625,4178.25,227,0.16819412369733547,0.14193221292864214,0.08108540821673232,1.7192769291807182,1.9654998656275195,0.06277041644131963,38,33,54,0.5947136563876652,0.3788546255506608,0.23788546255506607,0
38,62,515,8057.5,6979.625,5558.375,247,0.13207067809667425,0.11440320280614336,0.0911074595551476,5.579986149584488,1.8157193028095733,0.020957206145725327,45,43,61,0.41700404858299595,0.3076923076923077,0.5384615384615384,0
71,55,289,7001.0,6207.375,3583.875,243,0.11856254974682044,0.10512244068485495,0.06069323781943809,1.3888117437016465,2.05202479338843,0.04290986697956203,32,44,50,0.2345679012345679,0.4773662551440329,0.32510288065843623,0
38,59,296,7654.75,7539.75,4721.25,239,0.13400938358922287,0.1319961135134189,0.08265348995990966,5.301073407202216,2.165972421717897,0.05388570580715851,28,51,56,0.23430962343096234,0.4393305439330544,0.4602510460251046,0
75,61,265,7845.25,7145.75,4183.0,271,0.10682384499121744,0.09729919254912106,0.05695728544001307,1.394711111111111,1.9203843052942757,0.05956568173727305,33,37,56,0.2730627306273063,0.23616236162361623,0.3173431734317343,0
72,59,338,9521.25,7661.25,3739.25,319,0.09356482345888896,0.07528670119200873,0.036745413272275235,1.8366608796296295,2.2008761850043093,0.032730384090192924,43,46,48,0.5015673981191222,0.49216300940438873,0.3103448275862069,0
54,71,424,9196.25,8311.0,6374.75,263,0.132953346152178,0.12015498272347439,0.0921619511630933,3.1537208504801097,1.648680817298155,0.03545940503737985,56,43,59,0.3650190114068441,0.3840304182509506,0.5437262357414449,0
38,65,516,7426.25,7198.5,4565.25,259,0.11070571398756728,0.10731056483952237,0.06805578330674855,5.142832409972299,1.7037869822485208,0.01714609248242293,33,31,55,0.4671814671814672,0.3474903474903475,0.4517374517374517,1
38,64,347,6467.375,5418.125,4631.0,255,0.09945982314494425,0.08332372164552096,0.07121876201460976,4.4787915512465375,1.322784423828125,0.03846058018918851,31,33,54,0.34509803921568627,0.2901960784313726,0.42745098039215684,1
36,57,393,6338.125,7515.875,3842.75,239,0.11095962955830606,0.13157814113898567,0.06727385725039828,4.890528549382716,2.313288704216682,0.02488038122616527,33,35,47,0.5146443514644351,0.2803347280334728,0.3263598326359833,1
38,61,295,6629.25,6586.5,3782.875,311,0.06853992411162002,0.06809793116282917,0.039111206459817416,4.590893351800554,1.7700886858371405,0.04346883079574835,28,31,49,0.3440514469453376,0.3247588424437299,0.2958199356913183,0
75,61,270,7302.25,7380.5,4094.125,267,0.1024316514469273,0.10352929624486246,0.0574299681577803,1.2981777777777779,1.983472184896533,0.05616083676268861,24,24,54,0.1797752808988764,0.27340823970037453,0.3295880149812734,1
37,60,456,8134.5,7709.5,4596.0,263,0.1176032615767179,0.11145889054345155,0.06644595122092267,5.941928414901388,2.1415277777777777,0.022102954755309327,43,33,55,0.2509505703422053,0.24334600760456274,0.34600760456273766,1
36,64,440,7643.75,7426.75,4819.0,279,0.09819696560938324,0.09540923163885356,0.061908248866278694,5.89795524691358,1.81317138671875,0.024891528925619834,34,33,58,0.4014336917562724,0.11827956989247312,0.4121863799283154,0
39,65,290,7673.875,7066.125,3993.0,235,0.13895654142145766,0.12795156179266637,0.07230421004979629,5.045282708744248,1.6724556213017752,0.04747919143876338,30,44,55,0.4297872340425532,0.4765957446808511,0.3872340425531915,0
38,64,276,6752.125,6728.75,4473.0,251,0.10717488611291884,0.1068038602561864,0.07099887303376137,4.675986842105263,1.64276123046875,0.05871928166351607,39,29,53,0.3545816733067729,0.12350597609561753,0.4342629482071713,0
76,56,418,7981.25,7726.5,5359.5,259,0.1189792936897184,0.11518164606967696,0.07989594669131349,1.3817953601108033,2.4638073979591835,0.030674091710354616,32,29,64,0.42084942084942084,0.3088803088803089,0.3281853281853282,0
38,60,321,8064.25,7359.0,6231.75,255,0.12401768550557478,0.11317185697808535,0.09583621683967705,5.584660664819944,2.0441666666666665,0.060478353276850964,35,42,64,0.38823529411764707,0.5215686274509804,0.5803921568627451,0
71,48,296,10594.75,9613.5,8601.5,311,0.10953929343162291,0.09939413364212529,0.08893104909998863,2.1017159293790915,4.172526041666667,0.09817270818115413,62,45,61,0.5144694533762058,0.24115755627009647,0.5305466237942122,0
38,50,222,7335.5,6491.125,5357.625,255,0.11281045751633986,0.09982506728181469,0.08239331026528258,5.079986149584488,2.59645,0.10870921597272949,41,39,61,0.6196078431372549,0.4549019607843137,0.403921568627451,0
38,56,317,8553.125,9016.875,4870.125,307,0.09075029973792825,0.09567077634775965,0.051672962047342674,5.92321675900277,2.875279017857143,0.04846425976972604,36,39,53,0.20846905537459284,0.4006514657980456,0.30944625407166126,0
38,59,354,8849.75,9009.5,4475.5,259,0.13192632787227382,0.13430777716492,0.06671784857113043,6.128635734072022,2.5881930479747197,0.035713715726643044,46,35,57,0.4555984555984556,0.5366795366795367,0.41312741312741313,0
99,69,413,9076.5,7726.75,4780.0,299,0.10152571000324381,0.08642800416102728,0.0534669634567846,0.926078971533517,1.6229258559126234,0.028023849585798122,51,37,56,0.38127090301003347,0.47157190635451507,0.34448160535117056,0
38,61,461,8152.75,7505.75,4468.5,263,0.11786710809755815,0.10851320678338562,0.06460263991094277,5.645948753462604,2.0171324912657886,0.021026157415031926,47,38,51,0.44866920152091255,0.49049429657794674,0.4714828897338403,0
40,59,392,7150.75,6590.0,4643.75,247,0.11720811683522103,0.10801684997295481,0.07611581897752791,4.46921875,1.8931341568514795,0.03022015566430654,43,35,61,0.47368421052631576,0.21052631578947367,0.4251012145748988,0
70,66,345,6120.75,5685.25,2647.25,235,0.11083295608872794,0.10294703485740155,0.047935717519239474,1.2491326530612246,1.305153810835629,0.022241125813904642,35,21,43,0.3829787234042553,0.16595744680851063,0.2553191489361702,0
44,60,416,7393.75,6771.625,7382.75,319,0.07265799274771277,0.06654440306207683,0.07254989632570434,3.819085743801653,1.8810069444444444,0.04266104613535503,34,32,59,0.3761755485893417,0.4482758620689655,0.3573667711598746,0
92,77,356,8338.5,7080.375,4934.625,303,0.09082442897755122,0.07712070712021697,0.05374881547560697,0.9851724952741021,1.1941937932197673,0.03893625331397551,42,33,49,0.38283828382838286,0.1848184818481848,0.35973597359735976,0
54,67,225,5567.5,4538.5,3900.25,275,0.0736198347107438,0.06001322314049587,0.051573553719008264,1.9092935528120714,1.011026954778347,0.07704197530864197,32,35,48,0.29454545454545455,0.2727272727272727,0.29818181818181816,0
39,70,332,5967.625,5909.0,4356.375,255,0.09177431757016533,0.09087274125336409,0.06699538638985006,3.9234878369493753,1.2059183673469387,0.03952292604151546,32,28,50,0.3176470588235294,0.3568627450980392,0.4666666666666667,0
38,57,214,4699.125,5024.625,3111.0,183,0.1403184627788229,0.15003807220281287,0.09289617486338798,3.2542416897506925,1.5465143120960296,0.06793169709144903,29,35,43,0.6775956284153005,0.5245901639344263,0.6010928961748634,1
52,72,365,7660.0,7720.25,5682.625,215,0.16571119524067063,0.16701460248783126,0.12293401838831801,2.8328402366863905,1.4892457561728396,0.042654344154625635,39,32,57,0.5674418604651162,0.3813953488372093,0.6325581395348837,1
89,67,386,15130.25,15700.25,12108.0,335,0.13482067275562487,0.13989975495656048,0.10789039875250613,1.9101439212220679,3.4974938739140122,0.08126392654836372,97,95,95,0.5462686567164179,0.2835820895522388,0.2835820895522388,1
41,67,322,14251.25,14198.625,10893.625,319,0.14004628492251453,0.13952914181267873,0.1070510804728727,8.477840571088638,3.1629817331254175,0.1050656321129586,89,90,89,0.6300940438871473,0.5736677115987461,0.46394984326018807,0
42,72,362,8334.25,8188.5,4845.5,271,0.11348225105867295,0.11149766479214608,0.06597813210604431,4.724631519274377,1.5795717592592593,0.03697613015475718,48,41,55,0.2693726937269373,0.47601476014760147,0.4833948339483395,0
39,62,726,7513.125,7543.875,4775.125,295,0.08633295030163746,0.08668629704108015,0.05487072680264292,4.939595660749507,1.9625065036420395,0.009059651739028148,34,45,54,0.3728813559322034,0.5186440677966102,0.44745762711864406,0
39,72,302,7044.25,7247.0,4078.5,243,0.11929499229453505,0.1227285813476943,0.06906975562668292,4.631328073635766,1.3979552469135803,0.04471843340204377,32,34,46,0.4897119341563786,0.23045267489711935,0.5102880658436214,0
38,60,323,6732.25,5576.0,3379.75,247,0.11034847317608877,0.09139635135799636,0.055397564293792716,4.662222991689751,1.548888888888889,0.03239511545207948,39,35,41,0.38866396761133604,0.24696356275303644,0.2591093117408907,0
73,62,255,11912.5,7824.75,6564.125,287,0.1446235841153832,0.09499629715062706,0.07969169226286589,2.2354100206417713,2.0355749219562957,0.10094771241830065,54,36,51,0.445993031358885,0.34146341463414637,0.28222996515679444,0
43,73,298,8022.5,7566.0,6361.5,279,0.10306265335748513,0.09719813465911281,0.08172428411762439,4.338831800973499,1.4197785700881966,0.07163528669879735,41,38,52,0.43010752688172044,0.44086021505376344,0.35842293906810035,0
39,61,206,7301.125,6646.625,4696.875,255,0.11228181468665897,0.10221645520953479,0.0722318339100346,4.8002136752136755,1.7862469766191884,0.11068137901781507,43,44,50,0.396078431372549,0.4588235294117647,0.2901960784313726,0
38,64,265,7749.5,7008.25,5237.5,227,0.15039104193754974,0.13600593840361738,0.10164179394127579,5.366689750692521,1.71099853515625,0.0745817016731933,39,45,59,0.47577092511013214,0.3303964757709251,0.5550660792951542,0
53,58,536,8194.0,7860.0,5685.875,291,0.0967631463964762,0.09281893222800865,0.06714463693154309,2.9170523317906727,2.3365041617122473,0.01979099952662063,36,28,59,0.35051546391752575,0.16494845360824742,0.3161512027491409,1
72,60,310,6715.875,6057.625,3616.375,251,0.10659949842066,0.09615125156743544,0.05740186663703751,1.2955005787037037,1.6826736111111111,0.03763137356919875,31,15,41,0.30677290836653387,0.07569721115537849,0.2908366533864542,1
38,57,353,7520.5,7612.0,4229.25,263,0.10872645260159898,0.11004929954170221,0.061143720452804,5.208102493074792,2.342874730686365,0.033940164835605774,43,37,48,0.5247148288973384,0.467680608365019,0.4068441064638783,0
38,61,289,7968.5,6800.75,5364.25,219,0.16614540981213902,0.14179750213715311,0.11184608327599507,5.518351800554017,1.8276672937382423,0.06422636223225296,47,28,52,0.593607305936073,0.5342465753424658,0.4337899543378995,0
38,56,274,8253.75,6796.25,3322.75,287,0.10020456725224296,0.08250980344547099,0.04033981230802851,5.715893351800554,2.167171556122449,0.04425848473546806,52,34,33,0.47038327526132406,0.397212543554007,0.3170731707317073,0
75,59,370,5639.5,5495.5,2895.5,207,0.13161333986790824,0.1282527013465892,0.067574505822773,1.0025777777777778,1.5787130135018672,0.021150474799123447,32,34,42,0.2608695652173913,0.2946859903381642,0.34299516908212563,1
38,64,378,8794.5,8478.25,7455.5,303,0.09579126229454629,0.09234661089871363,0.08120663551503665,6.090373961218837,2.06988525390625,0.05217869040620363,48,36,56,0.46864686468646866,0.1188118811881188,0.5841584158415841,0
72,65,336,8499.75,7219.0,5996.375,287,0.10319112773009263,0.0876421954861659,0.07279892920880428,1.6396122685185186,1.7086390532544378,0.05311414930555555,54,40,59,0.4181184668989547,0.27177700348432055,0.4529616724738676,1
38,66,394,8251.375,6866.5,4972.5,275,0.1091090909090909,0.09079669421487603,0.06575206611570247,5.714248614958449,1.5763314967860422,0.0320318740498338,38,38,53,0.36363636363636365,0.509090909090909,0.32,0
38,60,494,8901.25,7589.75,3979.0,255,0.13688965782391388,0.116720492118416,0.061191849288735105,6.164300554016621,2.1082638888888887,0.01630497139766264,46,28,39,0.6313725490196078,0.3686274509803922,0.21176470588235294,0
38,60,260,6775.75,6232.25,4794.75,235,0.1226935264825713,0.1128519692168402,0.08682209144409235,4.692347645429363,1.7311805555555555,0.07092825443786982,43,34,58,0.40425531914893614,0.23404255319148937,0.30638297872340425,0
39,60,627,8478.0,6750.125,5804.375,279,0.10891432535553243,0.08671683303143587,0.07456706619904678,5.57396449704142,1.8750347222222221,0.014764555654759634,42,32,60,0.3835125448028674,0.3225806451612903,0.3763440860215054,0
72,60,645,7959.125,7359.375,5618.625,307,0.08444784560048382,0.07808438285817357,0.05961469087205169,1.5353250385802468,2.0442708333333335,0.013505498467640166,0,40,55,0.0,0.3355048859934853,0.18566775244299674,1
71,62,254,6717.75,6054.0,5397.0,319,0.0660149762679219,0.05949233989445858,0.05303603541631863,1.3326224955366,1.5749219562955254,0.08365366730733462,35,21,55,0.4482758620689655,0.12852664576802508,0.34169278996865204,1
38,60,267,6246.75,6397.5,4820.25,263,0.09031141118130954,0.09249085573016814,0.06968801052494615,4.326004155124654,1.7770833333333333,0.0676156209232841,33,33,55,0.34980988593155893,0.2965779467680608,0.40304182509505704,1
32,55,445,7063.25,6625.25,4796.0,243,0.11961675896289523,0.11219919050280276,0.08122068112923166,6.897705078125,2.1901652892561985,0.024219164246938516,35,38,57,0.36213991769547327,0.6213991769547325,0.24279835390946503,0
36,59,359,7116.25,6528.0,4814.75,259,0.10608443523501439,0.09731518611827492,0.0717751673350129,5.4909336419753085,1.8753231829933927,0.037358105539218346,28,30,58,0.10810810810810811,0.41312741312741313,0.41312741312741313,0
39,61,279,6241.5,5618.25,3967.625,231,0.11696744813627931,0.10528756957328386,0.07435439740634546,4.103550295857988,1.5098763773179253,0.050970889377063504,30,42,51,0.36363636363636365,0.38095238095238093,0.37662337662337664,0
32,57,390,5996.0,5760.5,2707.375,219,0.12501824398990846,0.12010800442025812,0.056449511061070455,5.85546875,1.773007079101262,0.017799967126890203,31,34,38,0.3744292237442922,0.2557077625570776,0.4337899543378995,0
38,61,271,5282.75,5032.75,5602.75,211,0.11865748747781946,0.11304215987960738,0.12584510680353092,3.6584141274238227,1.3525262026337006,0.07628913004997209,23,23,61,0.23696682464454977,0.23222748815165878,0.5118483412322274,1
39,64,1114,6179.0,5647.0,3194.125,311,0.06388478200184035,0.05838442530577641,0.033024110586118836,4.062458908612755,1.378662109375,0.002573839883448456,35,27,39,0.4437299035369775,0.3890675241157556,0.13504823151125403,1
38,64,377,7527.5,7099.75,3557.5,223,0.1513704277182328,0.14276880693358002,0.07153773452110439,5.212950138504155,1.73333740234375,0.025030078309141696,33,30,37,0.29596412556053814,0.16591928251121077,0.17488789237668162,0
71,59,513,6675.25,6187.25,3777.75,255,0.1026566705113418,0.0951518646674356,0.05809688581314879,1.32419162864511,1.7774346452168917,0.014354844225573682,29,32,49,0.30196078431372547,0.3333333333333333,0.3176470588235294,0
76,60,417,7189.5,7868.875,4599.125,259,0.10717639868219019,0.11730408014191798,0.06856076981559607,1.2447195290858726,2.185798611111111,0.026448625272443915,34,41,58,0.2857142857142857,0.28185328185328185,0.3359073359073359,0
36,55,411,6904.0,7629.625,5054.75,275,0.09129256198347108,0.10088760330578513,0.0668396694214876,5.327160493827161,2.522190082644628,0.0299237513393835,43,58,60,0.4290909090909091,0.3054545454545455,0.21818181818181817,0
38,57,315,8625.5,7478.375,4460.5,263,0.12470181728809149,0.10811743700212523,0.06448698116208128,5.973337950138504,2.3017466912896274,0.04495338876291257,42,35,55,0.4600760456273764,0.30038022813688214,0.3574144486692015,0
38,61,421,9005.25,8039.375,5790.625,327,0.08421709732626322,0.07518423439852613,0.0541539245667686,6.236322714681441,2.1605415210964796,0.0326709113579815,39,42,62,0.327217125382263,0.28134556574923547,0.37003058103975534,0
38,60,522,7902.25,7234.75,4359.75,323,0.07574356123417267,0.06934553192305112,0.04178847683769613,5.472472299168975,2.0096527777777777,0.01600002201964152,30,34,53,0.17956656346749225,0.17337461300309598,0.2476780185758514,1
71,65,403,7017.5,7574.0,4761.25,267,0.09843734657520796,0.10624359999438904,0.06678800375934577,1.3920849037889307,1.7926627218934912,0.029316417193628434,30,32,60,0.31835205992509363,0.1198501872659176,0.44569288389513106,0
76,54,431,8117.875,7355.5,4906.125,231,0.15213123817019922,0.1378441183635989,0.09194214876033058,1.4054492728531855,2.5224622770919067,0.026410952783415247,58,24,58,0.42424242424242425,0.12554112554112554,0.5194805194805194,1
38,61,375,8338.25,9308.25,4392.0,259,0.12430121793056156,0.13876134822080768,0.06547308477810408,5.77441135734072,2.501545283525934,0.031232,35,51,55,0.6293436293436293,0.637065637065637,0.3281853281853282,0
38,60,283,5826.5,6045.5,3024.25,203,0.14138901696231407,0.14670339003615715,0.07338809483365284,4.034972299168975,1.6793055555555556,0.037761115758718426,34,29,24,0.458128078817734,0.5221674876847291,0.2955665024630542,0
38,61,297,6623.25,6210.75,4071.75,279,0.08508690792769877,0.0797876440436274,0.05230855204840636,4.586738227146815,1.6691077667293739,0.04616025575621535,28,38,53,0.25448028673835127,0.36200716845878134,0.25448028673835127,0
56,59,558,6667.75,7379.0,4651.5,273,0.08946517463000979,0.09900843966778032,0.06241194702733164,2.1261957908163267,2.119793162884229,0.014939106640459398,33,32,59,0.34798534798534797,0.25274725274725274,0.43223443223443225,0
72,58,236,8841.25,7622.0,5928.75,255,0.1359669357939254,0.11721645520953479,0.09117647058823529,1.705488040123457,2.265755053507729,0.10644839844872163,44,43,59,0.5764705882352941,0.5058823529411764,0.40784313725490196,1
39,61,461,7825.5,7913.25,3082.5,303,0.08523674149593177,0.08619253014410352,0.03357513969218704,5.144970414201183,2.126646062886321,0.014504448972101581,35,49,42,0.29042904290429045,0.37293729372937295,0.28052805280528054,0
38,59,404,9665.75,7600.625,6810.125,307,0.10255546477946716,0.08064409171450095,0.07225673481946758,6.693732686980609,2.1834602125825913,0.04172461645917067,46,43,57,0.3811074918566775,0.5211726384364821,0.46905537459283386,1
39,61,278,6398.75,6963.0,4307.0,259,0.09538841102547667,0.10379988372266365,0.06420595995885571,4.206936226166995,1.8712711636656814,0.05572951710573987,28,31,53,0.2857142857142857,0.20463320463320464,0.2857142857142857,1
38,61,316,8245.75,7656.125,5105.75,267,0.11566651236516153,0.10739560100436252,0.07162044635217214,5.710353185595568,2.057545014780973,0.051131128825508736,36,32,60,0.33707865168539325,0.3707865168539326,0.4419475655430712,1
75,65,295,6363.5,6266.75,4883.0,247,0.10430428297464309,0.10271845137602649,0.08003737153534725,1.1312888888888888,1.4832544378698225,0.056110313128411374,18,31,57,0.0728744939271255,0.25101214574898784,0.4331983805668016,1
72,58,287,30119.0,23553.25,24434.25,375,0.21417955555555557,0.16748977777777777,0.17375466666666667,5.809992283950617,7.0015606420927465,0.2966437616093433,143,141,144,0.672,0.456,0.512,1
38,63,263,8492.125,7661.375,5626.75,271,0.1156319358396536,0.10432013452975858,0.07661592298579813,5.880972991689751,1.9303036029226506,0.08134785814454452,40,31,55,0.3025830258302583,0.3173431734317343,0.42435424354243545,1
37,60,217,17150.25,14801.25,15450.5,343,0.14577471971712466,0.12580854915893888,0.1313270831031288,12.527574872169467,4.111458333333333,0.328112722716558,101,100,100,0.4139941690962099,0.5131195335276968,0.5685131195335277,1
38,64,456,145746.625,129266.625,127609.5,607,0.39556797548643097,0.35083993985599093,0.34634237031448045,100.93256578947368,31.559234619140625,0.613696041089566,370,356,350,0.71334431630972,0.657331136738056,0.7347611202635914,1
38,50,296,96740.75,89735.0,92558.25,583,0.2846245391877937,0.2640126629576126,0.2723190512196629,66.99497922437673,35.894,1.0564080761504748,298,297,294,0.6638078902229846,0.6415094339622641,0.7015437392795884,1
79,84,879,72474.125,61570.25,63140.125,455,0.3500742663929477,0.2974049027895182,0.3049879241637483,11.61258211825028,8.72594246031746,0.08171987378355536,249,240,242,0.7384615384615385,0.5846153846153846,0.6637362637362637,1
84,63,622,126910.25,99867.75,113361.0,639,0.31080999997550945,0.2445814689913083,0.2776271609836379,17.986146541950113,25.161942554799698,0.29301030799929695,346,310,312,0.6619718309859155,0.6025039123630673,0.6823161189358372,1
41,65,366,146195.875,109156.125,127558.625,639,0.35804152860127203,0.267329196881865,0.312397905079582,86.96958655562166,25.83576923076923,0.9522427140255009,369,324,326,0.6463223787167449,0.5915492957746479,0.7934272300469484,1
41,64,256,120193.125,93158.75,100467.25,623,0.30967313702403065,0.2400200706466149,0.2588501503366149,71.50096668649613,22.74383544921875,1.5330085754394531,337,297,296,0.7030497592295345,0.5906902086677368,0.6709470304975923,1
41,64,382,61732.75,44031.5,50329.75,375,0.43898844444444446,0.3131128888888889,0.35790044444444447,36.7238251041047,10.7498779296875,0.3449038540610181,233,201,196,0.7466666666666667,0.8053333333333333,0.9546666666666667,1
84,69,275,103670.5,77750.25,86990.0,551,0.3414695603769421,0.2560935240661263,0.2865273829796345,14.692531179138323,16.330655324511657,1.1502809917355372,311,274,270,0.705989110707804,0.6533575317604355,0.7931034482758621,1
41,79,214,95225.0,69456.0,78069.375,583,0.28016499504249914,0.20434906690125307,0.2296907961128486,56.64782867340868,11.128985739464829,1.7047203904271115,296,258,252,0.6363636363636364,0.6072041166380789,0.7221269296740995,1
85,70,329,60046.125,40260.75,48566.5,471,0.2706719001446982,0.18148471202347627,0.21892481552102633,8.310882352941176,8.216479591836734,0.4486885745697102,232,187,188,0.7176220806794055,0.613588110403397,0.7261146496815286,1
45,73,637,22321.125,12747.5,15637.875,359,0.17319174277046268,0.09890907115866575,0.12133576710298648,11.022777777777778,2.392099831112779,0.03853886078039476,119,88,97,0.6267409470752089,0.42896935933147634,0.5682451253481894,1
41,69,274,22048.5,12792.25,19519.75,383,0.15030779404045294,0.08720660717572551,0.1330689417747752,13.1162998215348,2.6868830077714767,0.259999866801641,116,85,107,0.4151436031331593,0.4073107049608355,0.5430809399477807,1
41,66,363,24654.25,15610.0,26926.5,471,0.11113477670944505,0.07036571237958718,0.1213774730550259,14.666418798334325,3.58356290174472,0.20434624228763973,131,85,135,0.5371549893842887,0.416135881104034,0.4692144373673036,1
87,89,287,7090.875,6302.125,9819.875,303,0.07723507499264778,0.06864386933742879,0.10695982964633097,0.9368311533888228,0.7956223961621007,0.11921809175782151,19,37,91,0.1188118811881188,0.3465346534653465,0.4389438943894389,1
48,78,414,5599.25,4715.0,6506.5,271,0.0762414727468308,0.06420119551749023,0.0885949265396713,2.4302300347222223,0.7749835634451019,0.0379617960745875,29,29,73,0.4612546125461255,0.42066420664206644,0.42066420664206644,1
45,73,396,7829.125,5488.375,9400.0,271,0.10660428098745932,0.07473175746517613,0.1279938998651979,3.8662345679012344,1.0299071120285233,0.059942862973166006,52,24,87,0.2730627306273063,0.34686346863468637,0.43911439114391143,1
43,67,532,8667.5,5596.875,6422.5,263,0.12530902571961428,0.08091594500426491,0.09285228932036027,4.687669010275825,1.2467977277790154,0.022692421844083894,51,25,69,0.5779467680608364,0.13688212927756654,0.44866920152091255,1
98,67,394,4802.75,4431.0,5793.625,247,0.07872199183726991,0.0726286285629989,0.09496344801586651,0.5000780924614744,0.9870795277344621,0.03732140096369399,0,32,69,0.0,0.3684210526315789,0.44129554655870445,1
79,64,350,5250.75,4794.125,6750.0,291,0.06200623516491303,0.05661393937246844,0.07971091508130514,0.8413315173850344,1.170440673828125,0.05510204081632653,19,39,73,0.12714776632302405,0.3333333333333333,0.2920962199312715,1
42,72,317,6606.0,5471.5,10002.75,247,0.10827910636135653,0.08968348932124769,0.16395531806782607,3.7448979591836733,1.0554591049382716,0.09954074575326653,36,32,92,0.4251012145748988,0.2388663967611336,0.5546558704453441,1
55,62,359,6696.25,5943.0,5617.75,311,0.069232638206801,0.06144477414418792,0.05808200907765635,2.213636363636364,1.5460457856399583,0.04358865930587131,30,33,67,0.2990353697749196,0.3858520900321543,0.33440514469453375,1
55,69,377,8589.25,6739.0,10004.5,271,0.1169544260018246,0.09176073310548603,0.13622499693631623,2.839421487603306,1.4154589371980677,0.07039027925335435,35,30,97,0.5166051660516605,0.3726937269372694,0.35793357933579334,1
41,64,277,7543.5,6494.0,10897.5,287,0.09158178440918306,0.07884034041933252,0.13230098702181645,4.48750743604997,1.58544921875,0.14202583117204706,39,35,99,0.41114982578397213,0.47038327526132406,0.34843205574912894,1
44,75,202,7317.5,6149.75,14161.75,303,0.07970351490594604,0.06698417366489125,0.1542523064187607,3.7797004132231407,1.093288888888889,0.34706768944221156,37,38,113,0.3333333333333333,0.18151815181518152,0.37623762376237624,1
85,84,515,8253.5,7260.5,12450.0,311,0.0853330714115859,0.07506642818002296,0.1287207535075113,1.1423529411764706,1.028982426303855,0.046941276274860964,39,36,104,0.26366559485530544,0.2765273311897106,0.3954983922829582,1
48,70,333,7606.75,6216.0,10357.25,303,0.08285407748695661,0.067705780479038,0.1128130139746648,3.301540798611111,1.2685714285714285,0.09340196051907763,36,30,95,0.297029702970297,0.28052805280528054,0.4158415841584158,1
50,65,337,9038.0,6948.625,12481.0,263,0.13066547152626176,0.10045865922595382,0.18044210556752302,3.6152,1.6446449704142012,0.10989794750327994,39,37,106,0.4866920152091255,0.22813688212927757,0.5437262357414449,1
41,61,248,11957.125,9818.125,26644.625,327,0.11182303210541575,0.09181910426544716,0.24918053100655574,7.113102320047591,2.638571620532115,0.43321775819458896,65,63,161,0.581039755351682,0.5229357798165137,0.5321100917431193,1
41,61,552,11253.625,9616.375,26338.375,359,0.08731795221948929,0.0746143729486891,0.20436196956882705,6.694601427721595,2.584352324643913,0.08643921641986978,65,64,161,0.5766016713091922,0.5459610027855153,0.5988857938718662,1
79,59,415,9746.25,7717.5,18538.75,343,0.08284175811099116,0.06559766763848396,0.15757677498321276,1.5616487742348983,2.217035334673944,0.10764261866744085,52,52,131,0.5451895043731778,0.18950437317784258,0.5626822157434402,1
41,82,217,9609.125,7881.0,17894.0,319,0.0944283664665245,0.07744617289531353,0.17584339776535216,5.716314693634741,1.1720701963117193,0.3800038225487906,47,42,129,0.48589341692789967,0.23197492163009403,0.49843260188087773,1
41,61,318,7453.5,5989.75,9487.0,287,0.09048914033192099,0.07271849846422805,0.11517682623317024,4.433967876264129,1.6097151303413062,0.09381551362683438,36,25,92,0.4634146341463415,0.13240418118466898,0.397212543554007,1
76,62,576,7448.875,6713.25,11984.875,327,0.06966187844270497,0.0627823134977415,0.1120825501033396,1.289625173130194,1.7464229968782519,0.03612339349440587,39,32,101,0.40672782874617736,0.27522935779816515,0.5198776758409785,1
42,65,763,5772.0,4968.75,5869.875,251,0.09161759337153379,0.07886779574927383,0.09317114014063269,3.272108843537415,1.1760355029585798,0.010082768062194998,33,29,72,0.3944223107569721,0.4940239043824701,0.3944223107569721,1
41,64,356,6780.75,5020.25,9373.0,271,0.09232921665010008,0.06835759317002764,0.12762625781239362,4.033759666864961,1.22564697265625,0.07395688675672264,30,21,90,0.1881918819188192,0.2140221402214022,0.4317343173431734,1
79,68,335,5518.5,5477.75,7048.0,287,0.06699729267078634,0.06650256771358157,0.08556617173936797,0.8842332959461625,1.1846345155709344,0.06280240588104255,28,26,77,0.3240418118466899,0.16376306620209058,0.2926829268292683,1
41,65,476,9209.25,7199.75,14365.125,351,0.07474979910877347,0.058439054877801315,0.11659909416319672,5.478435455086259,1.7040828402366863,0.06340091183532237,47,46,116,0.4928774928774929,0.4586894586894587,0.3475783475783476,1
41,61,598,7978.75,6772.25,12445.25,327,0.07461726940306185,0.06333408149332735,0.11638797706889618,4.7464306960142775,1.820008062348831,0.034801763962371786,36,32,107,0.3149847094801223,0.26299694189602446,0.45871559633027525,1
42,61,444,6393.25,6464.5,7488.75,267,0.08968073615845362,0.09068018908948085,0.10504776332954593,3.624291383219955,1.7373018005912388,0.0379877343559776,41,34,80,0.352059925093633,0.23595505617977527,0.42696629213483145,1
41,61,267,7422.375,6194.375,13680.875,319,0.07293928911862109,0.060871797643498,0.13444123976769096,4.415452111838191,1.6647070679924751,0.19190723674059113,38,30,112,0.3793103448275862,0.27899686520376177,0.4482758620689655,1
79,62,268,12055.875,8422.375,27060.25,375,0.08573066666666666,0.05989244444444444,0.19242844444444446,1.931721679218074,2.1910444849115507,0.37675776899086655,75,61,162,0.336,0.336,0.6586666666666666,1
41,84,281,9864.25,6903.875,13048.875,319,0.09693546643606096,0.06784401686304184,0.1282306089759338,5.868084473527662,0.9784403344671202,0.1652572155874419,59,39,108,0.4890282131661442,0.3981191222570533,0.45454545454545453,1
41,63,250,7965.75,6489.75,12506.0,303,0.08676436950625756,0.07068751429598405,0.13621758215425503,4.738697204045211,1.6351095993953138,0.200096,44,34,107,0.297029702970297,0.33663366336633666,0.5313531353135313,1
41,64,701,7281.25,5571.75,9929.0,307,0.07725546159640952,0.05911733811499326,0.1053485978631073,4.331499107674004,1.36029052734375,0.02020549408731362,31,29,94,0.43973941368078173,0.23778501628664495,0.38436482084690554,1
42,61,289,7401.5,5417.0,10147.0,243,0.12534505241409677,0.09173737065826686,0.17184033599214213,4.195861678004535,1.4557914539102392,0.12149040361106787,49,31,92,0.6172839506172839,0.22633744855967078,0.5349794238683128,1
41,61,375,8345.75,6185.75,9492.5,311,0.08628684566950301,0.06395457036217574,0.09814311266426112,4.964753123140987,1.6623891427035744,0.06750222222222223,44,29,89,0.4790996784565916,0.35691318327974275,0.3408360128617363,1
79,73,348,6569.0,5219.5,7516.0,255,0.10102268358323721,0.08026912725874663,0.11558631295655517,1.0525556801794584,0.9794520547945206,0.06206235962478531,33,31,80,0.5450980392156862,0.40784313725490196,0.5058823529411764,1
41,63,223,7788.5,6966.375,12429.625,351,0.06321783102409884,0.056544792655903765,0.10088899440751292,4.633254015466984,1.755196523053666,0.2499472138993344,38,30,104,0.2564102564102564,0.17663817663817663,0.39886039886039887,1
78,59,266,6942.625,6904.75,11750.125,299,0.07765712911488686,0.0772334761356137,0.1314316953949061,1.1411283694937542,1.9835535765584602,0.16606542201368082,36,38,104,0.4013377926421405,0.33444816053511706,0.431438127090301,1
42,59,287,6453.5,5567.75,8732.5,283,0.08057910574485884,0.0695195345178489,0.10903494861966062,3.6584467120181405,1.5994685435219764,0.10601682671878984,36,27,89,0.43462897526501765,0.2791519434628975,0.40636042402826855,1
41,59,380,6744.75,5713.25,11396.25,263,0.09751116829793693,0.08259841836660932,0.16475950208908616,4.012343842950624,1.6412668773340995,0.07892139889196675,38,33,101,0.467680608365019,0.376425855513308,0.5209125475285171,1
79,64,284,7885.5,5779.25,11563.5,359,0.06118434835235605,0.044841753245241735,0.08972230196848255,1.263499439192437,1.41094970703125,0.14336813132315016,40,30,99,0.3788300835654596,0.2590529247910863,0.3871866295264624,1
41,81,212,6435.375,5365.75,6887.0,347,0.053445963341610676,0.0445626988015846,0.057196721175327425,3.8283016061867934,0.8178250266727632,0.15323513705945177,32,27,72,0.09221902017291066,0.1239193083573487,0.38904899135446686,1
78,62,362,6510.5,5169.0,6220.625,235,0.11789044816659122,0.09359891353553644,0.11264146672702581,1.070101906640368,1.3446930280957337,0.04746974298708831,38,31,69,0.43829787234042555,0.28085106382978725,0.2978723404255319,1
41,60,171,7397.375,5869.875,8572.875,327,0.069180250446558,0.054895070560839435,0.08017352635861179,4.40058001189768,1.6305208333333334,0.2931799528059916,30,31,82,0.09174311926605505,0.11009174311926606,0.38837920489296635,1
42,59,382,8433.25,5884.0,5532.75,303,0.09185646287401017,0.06408957727455913,0.06026369963729046,4.780753968253968,1.6903188738868142,0.03791528466873167,52,37,60,0.41254125412541254,0.19801980198019803,0.35313531353135313,1
41,58,278,8729.0,6715.75,10962.75,375,0.062072888888888886,0.04775644444444444,0.07795733333333334,5.192742415229031,1.996358501783591,0.1418501889136173,30,28,97,0.2986666666666667,0.14933333333333335,0.328,1
79,78,584,7822.5,6648.625,8165.875,279,0.10049331329248083,0.08541289294844619,0.1049045490165851,1.253404903060407,1.0928048980933596,0.02394291553293301,40,28,81,0.4767025089605735,0.3906810035842294,0.4551971326164875,1
41,58,246,8089.5,6051.25,9745.75,343,0.0687596154663448,0.05143477632619062,0.08283750818111502,4.812314098750743,1.7988258026159334,0.16104418666137882,31,33,92,0.37026239067055394,0.2944606413994169,0.2944606413994169,1
78,61,327,8242.5,6489.0,10803.5,295,0.09471416259695489,0.0745647802355645,0.12414248779086469,1.3547830374753451,1.7438860521365225,0.10103433119172535,42,22,96,0.488135593220339,0.31186440677966104,0.37966101694915255,1
42,60,391,7558.75,5793.5,7917.5,303,0.08233125292727292,0.06310383513598884,0.08623882190199218,4.28500566893424,1.6093055555555555,0.051788646071127216,36,30,79,0.429042904290429,0.2871287128712871,0.2607260726072607,1
41,61,709,7957.75,6751.25,9023.5,303,0.0866772320796436,0.07353581892842749,0.09828557113137057,4.733938132064248,1.8143644181671594,0.017950748088748133,39,22,85,0.3432343234323432,0.17491749174917492,0.45874587458745875,1
79,58,257,7816.75,7291.5,9620.75,351,0.06344713111094877,0.05918377285898654,0.07808986940041071,1.252483576349944,2.1675089179548155,0.1456607972868628,35,45,90,0.3789173789173789,0.43304843304843305,0.3789173789173789,1
41,78,436,7741.875,5974.125,5011.0,267,0.10859845137398477,0.08380149812734082,0.0702913492965254,4.60551754907793,0.9819403353057199,0.026360365289117078,45,32,63,0.4794007490636704,0.1797752808988764,0.3895131086142322,1
41,63,258,7799.75,6049.25,7339.25,279,0.10020105086008659,0.07771290194113642,0.09428514536041417,4.639946460440214,1.524124464600655,0.11025854816417283,40,28,79,0.4121863799283154,0.4229390681003584,0.4551971326164875,1
41,64,506,9211.5,5916.5,9240.75,303,0.10033330065679835,0.06444357307017831,0.1006518968728556,5.479773944080904,1.4444580078125,0.036091604305644516,38,30,88,0.49174917491749176,0.2871287128712871,0.43234323432343236,1
78,65,325,9031.125,7450.75,10280.625,311,0.09337294899763236,0.07703342603984657,0.10629154992194043,1.4844058185404339,1.763491124260355,0.09733136094674556,6,7,89,0.01929260450160772,0.03215434083601286,0.4212218649517685,1
79,61,287,7594.75,7240.75,11986.25,347,0.06307460405783621,0.06013462448820271,0.09954613027265403,1.2169123537894568,1.9459150765923139,0.14551894523425074,36,23,104,0.35446685878962536,0.11239193083573487,0.3976945244956772,1
42,77,550,8982.125,8595.375,10136.75,327,0.08400083232799334,0.08038394635692843,0.09479888524160891,5.0919075963718825,1.4497174903019059,0.0335099173553719,45,2,92,0.2874617737003058,0.0061162079510703364,0.39143730886850153,1
41,61,262,8229.875,7273.625,7837.25,263,0.1189821307233009,0.10515729589845162,0.11330581618933337,4.8958209399167165,1.9547500671862403,0.11417239671347823,35,29,80,0.3650190114068441,0.30038022813688214,0.4296577946768061,1
41,64,433,8099.75,7651.875,7446.625,287,0.09833493183115007,0.09289750998555282,0.09040567446490791,4.818411659726354,1.868133544921875,0.03971766343625493,40,37,75,0.397212543554007,0.3588850174216028,0.3797909407665505,1
41,64,320,7521.5,6664.0,6239.5,233,0.1385455617160014,0.12275046510342795,0.11493120153253882,4.47441998810232,1.626953125,0.0609326171875,32,22,71,0.5407725321888412,0.2918454935622318,0.5107296137339056,1
41,64,218,6662.75,6309.5,6839.75,283,0.08319182409569355,0.07878110601955325,0.085401865424715,3.9635633551457468,1.5404052734375,0.14392201834862386,34,31,74,0.3462897526501767,0.38869257950530034,0.40636042402826855,1
79,66,591,7481.5,7161.75,8639.5,311,0.0773513507924856,0.07404545031585695,0.08932393172113605,1.1987662233616407,1.6441115702479339,0.024735098674133434,33,28,81,0.3536977491961415,0.2572347266881029,0.3440514469453376,1
41,84,405,7415.5,6814.25,6097.0,383,0.05055252950118959,0.04645372181963201,0.04156412546271363,4.411362284354551,0.9657383786848073,0.0371711629324798,31,31,68,0.27154046997389036,0.26370757180156656,0.2349869451697128,1
42,62,393,6795.25,6361.0,7739.5,335,0.06055023390510136,0.05668077522833593,0.06896413455112498,3.8521825396825395,1.6547866805411031,0.05011039242727373,28,27,78,0.3373134328358209,0.3253731343283582,0.39104477611940297,1
41,64,372,6942.75,5941.0,7681.0,287,0.0842883851934587,0.07212664958904443,0.09325110174944458,4.130130874479477,1.450439453125,0.05550497167302578,30,34,78,0.37630662020905925,0.3797909407665505,0.4250871080139373,1
41,61,360,6435.5,5693.0,9195.75,287,0.07813012176911216,0.06911580813170003,0.11164090859425269,3.828375966686496,1.5299650631550659,0.07095486111111111,33,30,88,0.2787456445993031,0.43902439024390244,0.5121951219512195,1
79,62,379,6463.0,5822.25,7518.875,255,0.0993925413302576,0.08953863898500576,0.11563052672049212,1.0355712225604872,1.5146331945889697,0.05234490848713111,33,24,80,0.4588235294117647,0.17647058823529413,0.3176470588235294,1
41,84,237,8396.375,7252.5,8715.875,351,0.06815184129998945,0.05886721698687511,0.07074516440613307,4.994869125520523,1.0278486394557824,0.15517233705424702,30,28,82,0.2564102564102564,0.19373219373219372,0.2336182336182336,1
78,64,324,9462.5,7487.75,12485.25,343,0.08042992290627204,0.0636448248603898,0.10612287397257945,1.555309007232084,1.82806396484375,0.11893432784636489,41,40,98,0.43731778425655976,0.36151603498542273,0.4606413994169096,1
41,61,383,7234.5,6780.0,6900.5,283,0.09033075703280101,0.08465582039980522,0.0861603965588283,4.303688280785247,1.8220908357968288,0.04704170046833778,27,37,74,0.3250883392226148,0.2826855123674912,0.3286219081272085,1
42,61,339,7155.25,6733.5,8483.25,287,0.08686823926477194,0.08174798771382437,0.10299080964926124,4.0562641723356005,1.8095941951088417,0.0738181011303417,36,37,84,0.28222996515679444,0.1289198606271777,0.40418118466898956,1
41,64,353,8707.875,7270.125,7893.625,303,0.09484772734699212,0.07918749795771657,0.08597877114444118,5.180175490779298,1.774932861328125,0.06334714988483978,38,33,79,0.4521452145214521,0.36633663366336633,0.30033003300330036,1
79,64,198,5753.25,5123.75,7289.25,247,0.09430166041075908,0.08398351062957925,0.11947827369732335,0.9218474603428938,1.25091552734375,0.18593128252219163,26,20,80,0.2631578947368421,0.22267206477732793,0.42105263157894735,1
41,80,216,5653.75,5164.75,4712.0,243,0.09574675269691274,0.08746549475859032,0.07979813375332351,3.3633254015466982,0.8069921875,0.10099451303155006,34,38,59,0.2962962962962963,0.37448559670781895,0.3868312757201646,1
41,64,212,6060.375,6206.0,6288.0,267,0.0850113622017422,0.08705410371866627,0.08820435130244497,3.6052201070791194,1.51513671875,0.13990744037023853,32,36,71,0.27715355805243447,0.2696629213483146,0.4681647940074906,1
78,63,231,7140.25,6364.0,8244.0,247,0.11703601108033242,0.10431247848678064,0.1351276041239817,1.1736111111111112,1.6034265558075083,0.1544948557935571,32,25,82,0.4898785425101215,0.31983805668016196,0.340080971659919,1
41,68,263,5180.625,4730.875,7118.5,247,0.08491575013522595,0.0775438869674966,0.11667950630234883,3.0818709101725164,1.0231131055363323,0.1029146004713094,29,25,71,0.1902834008097166,0.3603238866396761,0.3441295546558704,1
85,71,272,4970.5,4576.0,6880.0,235,0.09000452693526483,0.08286102308736985,0.12458125848800362,0.6879584775086505,0.9077563975401706,0.09299307958477508,24,35,74,0.3276595744680851,0.2297872340425532,0.4127659574468085,1
42,68,307,6472.25,5737.875,4918.625,283,0.08081322029242467,0.07164373384609622,0.06141448888111976,3.669075963718821,1.2408899221453287,0.0521875563666458,40,33,56,0.29328621908127206,0.2968197879858657,0.36395759717314485,1
64,85,482,7612.75,5662.0,6052.5,255,0.11707420222991158,0.08707420222991158,0.0930795847750865,1.85858154296875,0.7836678200692041,0.02605197913259069,38,19,67,0.4627450980392157,0.07450980392156863,0.27058823529411763,1
39,61,252,6849.375,5058.75,7123.75,295,0.07870583165756967,0.05812984774490089,0.08185866130422292,4.503205128205129,1.3595135716205322,0.11217797304106827,37,27,73,0.3559322033898305,0.288135593220339,0.3288135593220339,1
90,78,411,6354.25,5647.75,5583.75,271,0.08652183385302488,0.0769018668046459,0.07603041897577648,0.7844753086419753,0.9282955292570677,0.033055392757561225,23,31,62,0.28413284132841327,0.2140221402214022,0.42435424354243545,1
41,61,232,6079.25,5383.375,7415.875,303,0.06621627509285583,0.05863668049973314,0.08077503294883943,3.6164485425342057,1.4467549045955388,0.13778007951843044,42,33,77,0.35973597359735976,0.2607260726072607,0.3696369636963696,1
93,68,394,6594.125,5600.125,8870.5,287,0.08005590695528658,0.0679882601464143,0.10769221430392502,0.7624147300265927,1.211099697231834,0.05714202891081965,27,34,86,0.36585365853658536,0.2926829268292683,0.4529616724738676,1
41,81,461,8301.5,7037.75,10880.0,279,0.10664688274816614,0.09041186521242019,0.13977209953623412,4.938429506246282,1.0726642280140222,0.051194940735268514,33,39,97,0.4336917562724014,0.32616487455197135,0.3548387096774194,1
48,77,225,5459.25,5630.75,6588.75,271,0.0743351806211789,0.07667038847510246,0.08971487316349178,2.3694661458333335,0.9496964074886153,0.13014814814814815,18,35,75,0.06642066420664207,0.4095940959409594,0.2988929889298893,1
43,60,263,7660.125,6710.375,9732.875,263,0.11074505920282207,0.09701419711142274,0.14071151816565225,4.1428474851270956,1.8639930555555555,0.14071151816565225,32,34,94,0.4524714828897338,0.4296577946768061,0.5475285171102662,1
46,64,277,6824.25,6215.0,8227.5,307,0.07240660378359452,0.06594234421585375,0.08729535591889569,3.2250708884688093,1.517333984375,0.1072280363356749,35,37,84,0.2931596091205212,0.38436482084690554,0.36807817589576547,1
90,69,446,7497.125,5637.875,11079.125,303,0.08166002243788735,0.06140873988388938,0.12067580520428281,0.925570987654321,1.1841787439613527,0.055697505479699976,36,33,101,0.26732673267326734,0.2706270627062706,0.36633663366336633,1
41,79,369,7044.5,5883.75,9334.25,239,0.1233259221652282,0.10300502442184135,0.1634118800441169,4.190660321237359,0.942757570902099,0.06855303647887427,32,32,91,0.28870292887029286,0.32217573221757323,0.41422594142259417,1
41,70,551,6163.5,4965.0,5636.0,287,0.07482790855783122,0.060277531595624566,0.06842380021610071,3.66656751933373,1.013265306122449,0.01856383872253385,30,26,66,0.34146341463414637,0.31010452961672474,0.42160278745644597,1
78,65,237,7338.25,6234.5,9573.75,319,0.07211259716394297,0.061266103910142394,0.09408073820029285,1.206155489809336,1.4756213017751478,0.17044544143566737,37,33,92,0.48589341692789967,0.16614420062695925,0.34796238244514105,1
64,71,261,7703.75,7129.75,10769.875,351,0.062529930763549,0.057870877671447475,0.08741710700400158,1.88079833984375,1.414352311049395,0.15809919114516816,25,26,99,0.2678062678062678,0.19658119658119658,0.28774928774928776,1
41,64,196,8529.0,6542.0,12973.625,335,0.0759991089329472,0.058293606593896194,0.1156036979282691,5.073765615704938,1.59716796875,0.33771410349854225,41,33,112,0.34328358208955223,0.2626865671641791,0.33432835820895523,1
81,67,400,9794.5,8279.75,19237.5,343,0.08325187634404033,0.07037671378422256,0.16351605198514224,1.492836457857034,1.8444531075963466,0.120234375,50,47,136,0.15451895043731778,0.40233236151603496,0.5626822157434402,1
44,75,519,6153.25,6104.0,11386.25,275,0.08136528925619835,0.08071404958677686,0.15056198347107438,3.178331611570248,1.0851555555555557,0.04227133846399442,27,28,103,0.3527272727272727,0.2109090909090909,0.49818181818181817,1
57,68,397,7516.25,6442.5,9939.0,291,0.08875958007109033,0.07607964006093457,0.11736989407305062,2.3134041243459524,1.3932742214532872,0.06306111960611387,38,28,96,0.4639175257731959,0.2508591065292096,0.3642611683848797,1
41,60,335,7097.25,6145.625,7645.625,323,0.06802758581027327,0.05890620057702077,0.07328379453459728,4.222040452111838,1.7071180555555556,0.06812764535531299,48,33,83,0.25386996904024767,0.20123839009287925,0.46439628482972134,1
41,77,233,7052.0,6126.0,10777.125,279,0.09059493069205175,0.07869888619108183,0.13845049524029754,4.195121951219512,1.0332265137459942,0.19851397152277625,37,21,95,0.4731182795698925,0.14695340501792115,0.5591397849462365,1
79,59,211,6816.375,5890.875,6374.125,283,0.08511000262208293,0.07355410855423342,0.07958802082683016,1.092192757570902,1.6922938810686585,0.14317120010781428,22,32,71,0.14840989399293286,0.38869257950530034,0.4028268551236749,1
44,74,491,6749.875,6297.375,5828.625,327,0.06312483049500135,0.058893050528855594,0.0545093005639256,3.4865056818181817,1.149995434623813,0.024177040081964155,31,18,65,0.15902140672782875,0.11009174311926606,0.23853211009174313,1
80,82,257,6464.625,5576.375,12020.0,255,0.09941753171856978,0.08575740099961553,0.18485198000768935,1.01009765625,0.8293240630577038,0.18198610122787628,29,24,104,0.3764705882352941,0.16470588235294117,0.6509803921568628,1
41,64,397,7056.5,7105.875,13021.75,299,0.07893088444200848,0.07948317132917976,0.14565552958020603,4.197798929208805,1.734832763671875,0.08262059907746384,26,39,107,0.2408026755852843,0.44481605351170567,0.5016722408026756,1
41,61,613,5946.75,6170.25,8446.5,263,0.08597420809900388,0.0892054243953216,0.12211395278231578,3.5376264128494945,1.6582235958075786,0.02247790530884666,28,25,85,0.4296577946768061,0.20912547528517111,0.5095057034220533,1
41,61,163,9725.75,9668.25,21948.25,351,0.07894213520994148,0.07847541821900796,0.17814993384793953,5.785693039857228,2.598293469497447,0.8260849109864881,45,42,144,0.33903133903133903,0.28205128205128205,0.6410256410256411,1
79,56,256,9626.25,8977.0,18803.5,315,0.09701436130007558,0.09047115142353238,0.18950365331317712,1.5424210863643646,2.8625637755102042,0.28691864013671875,50,47,136,0.38095238095238093,0.3523809523809524,0.45396825396825397,1
41,62,325,9907.125,8814.0,16698.875,359,0.07687032999433586,0.06838866861678602,0.12956816753439218,5.893590124925639,2.292924037460978,0.15809585798816567,53,38,124,0.4206128133704735,0.3816155988857939,0.5125348189415042,1
42,64,349,11937.875,12238.375,25799.125,439,0.06194382034132243,0.06350306920366748,0.1338677414500755,6.76750283446712,2.987884521484375,0.21181373716143545,50,52,157,0.3917995444191344,0.22095671981776766,0.42369020501138954,1
41,64,238,11949.75,10724.5,19877.25,423,0.06678486997635934,0.059937181787189334,0.11109015307747766,7.10871505056514,2.6182861328125,0.3509153661464586,54,51,133,0.3380614657210402,0.42080378250591016,0.42080378250591016,1
40,64,274,8937.0,8045.25,16150.25,303,0.09734339770610724,0.08763029768323367,0.17591140302149028,5.585625,1.96417236328125,0.21511867973786564,38,35,127,0.41914191419141916,0.3069306930693069,0.4884488448844885,1
79,61,256,10652.75,8821.375,17068.5,391,0.06968001255878756,0.05770092424827153,0.11164565904199998,1.7068979330235539,2.370700080623488,0.26044464111328125,40,40,127,0.36828644501278773,0.34782608695652173,0.391304347826087,1
41,60,256,9741.5,8544.75,16749.25,359,0.07558522978561619,0.06629953212653533,0.12995903197523298,5.79506246281975,2.3735416666666667,0.2555732727050781,46,46,126,0.30362116991643456,0.43175487465181056,0.4373259052924791,1
41,66,219,9401.75,7308.75,16824.0,351,0.07631228642624655,0.05932378795626659,0.13655733313852972,5.592950624628197,1.6778581267217632,0.35078501282291863,46,42,126,0.13105413105413105,0.2792022792022792,0.5413105413105413,1
41,59,293,6988.75,6045.75,11180.5,359,0.05422637937322026,0.04690955222259294,0.08675056835375268,4.157495538370018,1.7367854064923873,0.13023448147328448,32,29,101,0.3983286908077994,0.2785515320334262,0.3871866295264624,1
42,64,315,8261.125,7072.125,11426.125,383,0.05631727668741351,0.048211692764965335,0.07789353666600768,4.6831774376417235,1.726593017578125,0.11515369110607206,33,30,101,0.2950391644908616,0.1906005221932115,0.2898172323759791,1
79,62,222,7854.25,6986.75,12403.0,383,0.05354355132286674,0.04762967911704354,0.08455303396982732,1.2584922288094857,1.817572840790843,0.2516638259881503,38,35,106,0.3524804177545692,0.17754569190600522,0.34986945169712796,1
41,61,261,7083.25,5792.5,8345.875,271,0.09644816927874075,0.07887283669884669,0.11364054138696368,4.213712076145152,1.556705186777748,0.12251545044846669,39,37,85,0.33210332103321033,0.3985239852398524,0.5867158671586716,1
41,59,240,6172.0,5435.5,9345.5,303,0.06722652463266128,0.05920443529501465,0.101792852552582,3.671624033313504,1.5614765871875897,0.16224826388888888,31,31,95,0.31353135313531355,0.3201320132013201,0.36303630363036304,1
41,64,184,6616.5,7280.75,13311.75,247,0.10845121211624514,0.11933894999098493,0.21819321739415495,3.9360499702558003,1.77752685546875,0.39318732277882795,30,41,106,0.3562753036437247,0.5141700404858299,0.6275303643724697,1
78,61,523,7346.375,4858.125,12019.75,251,0.11660727607498293,0.07711187124013905,0.19078665418009239,1.207490959894806,1.305596613813491,0.04394323819412201,42,35,100,0.28286852589641437,0.4541832669322709,0.5657370517928287,1
41,61,219,10292.5,7940.125,20202.0,311,0.10641432574104899,0.0820930821641629,0.2088688082215858,6.122843545508625,2.1338685837140554,0.42121723900669295,51,50,141,0.6045016077170418,0.5337620578778135,0.6688102893890675,1
79,59,382,10070.5,9048.375,23545.75,287,0.1222608020007527,0.10985170391773603,0.28585693646881716,1.6136035891684024,2.599360815857512,0.16135625394040734,60,54,151,0.6236933797909407,0.34494773519163763,0.686411149825784,1
41,64,216,11208.25,9244.75,23554.5,295,0.12879345015800056,0.10623096811261132,0.27066360241309967,6.667608566329566,2.25701904296875,0.5048546810699589,60,60,153,0.4711864406779661,0.2033898305084746,0.6338983050847458,1
41,61,157,8958.75,7940.25,21955.75,287,0.10876361252412922,0.09639852371644672,0.2665535577705205,5.329417013682332,2.133902176834184,0.8907359324921904,56,54,148,0.5609756097560976,0.20209059233449478,0.662020905923345,1
40,61,137,10887.75,9458.5,25293.75,343,0.0925443480182577,0.08039592346726279,0.21499332761009443,6.80484375,2.5419242139209888,1.3476343971442273,53,53,158,0.5422740524781341,0.41690962099125367,0.565597667638484,1
41,60,182,8411.25,7995.0,22415.5,343,0.07149444534165186,0.06795637871975112,0.19052860627799642,5.003718024985128,2.220833333333333,0.6767147687477357,43,43,146,0.43731778425655976,0.45481049562682213,0.5889212827988338,1
78,59,289,8678.25,6489.25,12959.0,255,0.13346020761245675,0.09979623221837755,0.19929257977700884,1.426405325443787,1.8641913243320885,0.15515858287137366,41,38,110,0.5490196078431373,0.5490196078431373,0.5490196078431373,1
41,64,191,7853.0,6796.75,11640.25,267,0.11015724726114828,0.09534079591521834,0.16328255411073236,4.6716240333135035,1.65936279296875,0.319077053808832,40,29,105,0.3258426966292135,0.26217228464419473,0.651685393258427,1
78,65,193,6900.75,5883.75,9066.25,271,0.09396318132923026,0.08011533067360194,0.12344943560136708,1.1342455621301775,1.392603550295858,0.24339579586029156,34,31,89,0.4981549815498155,0.11439114391143912,0.43911439114391143,1
81,67,192,9282.5,9426.5,12874.0,383,0.06328013688824656,0.06426180558869445,0.08776390867754229,1.4147995732357872,2.0999108932947204,0.3492296006944444,42,46,98,0.2845953002610966,0.28720626631853785,0.5248041775456919,1
42,77,288,7203.75,6407.75,8086.25,279,0.09254441746637376,0.08231844400765663,0.10388163050320526,4.08375850340136,1.080747174903019,0.09749047550154322,31,31,82,0.3225806451612903,0.1111111111111111,0.4982078853046595,1
39,61,329,9839.25,8812.5,16527.25,343,0.08363224506795638,0.07490501406726789,0.140479307091433,6.468934911242603,2.3683149690943295,0.15268936909304237,42,36,126,0.3294460641399417,0.34402332361516036,0.4227405247813411,1
41,64,161,8792.125,7302.75,17736.875,367,0.06527723125125288,0.05421934976130196,0.13168762853685156,5.2302944675788225,1.78289794921875,0.6842666178002392,55,49,131,0.46866485013623976,0.39509536784741145,0.45776566757493187,1
41,61,288,9154.25,6775.5,14886.5,271,0.12464767636606255,0.09225773069538813,0.20270012663226264,5.445716835217133,1.820881483472185,0.17947651427469136,44,39,121,0.5719557195571956,0.5129151291512916,0.6642066420664207,1
41,61,248,8966.75,7636.625,16981.875,327,0.08385704532914363,0.07141771642865827,0.15881449372948406,5.334176085663295,2.0523044880408494,0.27611009040062434,48,50,129,0.22935779816513763,0.22324159021406728,0.41896024464831805,1
79,65,333,8779.5,7588.5,19849.75,287,0.10658742973691558,0.0921281064478141,0.24098568636258785,1.4067457138279122,1.796094674556213,0.1790055821587353,49,46,138,0.4250871080139373,0.3867595818815331,0.686411149825784,1
41,60,330,8820.875,7699.5,17531.625,295,0.1013602413099684,0.08847457627118645,0.20145504165469694,5.24739738251041,2.13875,0.16098829201101927,56,53,130,0.4745762711864407,0.33220338983050846,0.5661016949152542,1
78,61,294,8591.0,6764.25,10993.25,247,0.14081528954744382,0.1108729859528922,0.1801906276123195,1.4120644312952004,1.8178581026605751,0.12718369660789486,30,1,101,0.1214574898785425,0.004048582995951417,0.42105263157894735,1
42,64,502,8758.375,7190.25,18297.0,287,0.10633096189100269,0.08729315640592941,0.2221345409073802,4.965065192743764,1.75543212890625,0.07260599038110506,46,42,133,0.3867595818815331,0.1602787456445993,0.6132404181184669,1
41,62,1490,6805.25,5714.75,11225.25,267,0.09546002889646368,0.08016313877316276,0.15746117914404748,4.048334324806663,1.4866675338189386,0.0050561911625602455,37,35,104,0.2846441947565543,0.36704119850187267,0.5318352059925093,1
79,61,180,7293.25,6840.25,12968.375,295,0.08380637747773628,0.07860097673082447,0.14901896006894572,1.1686027880147412,1.8382827196990057,0.400258487654321,39,38,110,0.4101694915254237,0.4847457627118644,0.3728813559322034,1
41,60,235,8267.75,7538.125,14889.0,279,0.10621330661219666,0.09684003288755283,0.1912745211392454,4.918352171326592,2.0939236111111112,0.26960615663196014,47,43,118,0.37992831541218636,0.37992831541218636,0.5412186379928315,1
41,58,264,8526.25,6493.0,13391.75,295,0.0979747199080724,0.07461074403906923,0.15388394139615053,5.072129684711482,1.930142687277051,0.1921451733241506,37,36,114,0.48135593220338985,0.4406779661016949,0.5322033898305085,1
76,59,255,9062.75,8491.0,16431.5,343,0.0770321039702845,0.07217230915689891,0.13966544552014892,1.5690356648199446,2.4392415972421717,0.2526951172625913,50,44,119,0.44314868804664725,0.30903790087463556,0.577259475218659,1
41,66,207,9394.25,7843.5,18748.75,343,0.0798498074781766,0.06666864996727553,0.15936174553119872,5.588488994646044,1.8006198347107438,0.43755396858736495,58,39,127,0.4956268221574344,0.2857142857142857,0.48104956268221577,1
79,61,537,7026.125,5888.25,11515.0,271,0.09567033400961315,0.08017660434906933,0.15679252733486745,1.1258011536612722,1.58243751679656,0.03993147668438702,30,31,106,0.2029520295202952,0.23985239852398524,0.4132841328413284,1
41,61,230,7293.75,6656.875,13018.625,247,0.11955203330656133,0.10911299972135259,0.21338859840351423,4.33893515764426,1.7890016124697663,0.24609877126654064,43,44,111,0.43724696356275305,0.5991902834008097,0.5506072874493927,1
42,58,657,9071.5,7493.5,15923.75,247,0.1486911767116327,0.12282614040551394,0.2610065728007343,5.142573696145124,2.2275564803804992,0.03689050594348649,47,43,122,0.6477732793522267,0.3724696356275304,0.582995951417004,1
41,64,265,8152.0,6674.5,13432.0,319,0.08010927565570307,0.06558996079047966,0.1319955582197502,4.849494348602023,1.6295166015625,0.19127091491634032,37,35,109,0.2727272727272727,0.3949843260188088,0.4608150470219436,1
78,65,328,7607.0,6712.75,13250.125,307,0.0807117316894609,0.07122356735880486,0.1405863722692018,1.2503287310979618,1.5888165680473372,0.12316073951516954,43,43,114,0.25732899022801303,0.49185667752442996,0.498371335504886,1
41,65,566,8415.5,7700.25,16631.75,271,0.11458858131016735,0.10484947100393513,0.22646410043436227,5.006246281975015,1.822544378698225,0.051916461686373906,47,47,128,0.4059040590405904,0.5387453874538746,0.6752767527675276,1
79,65,423,8991.75,8293.5,15617.75,367,0.06675934931583129,0.06157518431349256,0.11595416106734774,1.4407546867489185,1.962958579881657,0.08728462127436022,45,44,122,0.3024523160762943,0.33787465940054495,0.45231607629427795,1
41,61,412,10177.25,7503.75,18319.25,287,0.123556799281283,0.09109919994172565,0.22240466680425888,6.054283164782867,2.016595001343725,0.1079228131774908,49,46,134,0.3170731707317073,0.445993031358885,0.5644599303135889,1
41,60,278,8453.5,7884.5,15579.0,327,0.07905713136754294,0.07373584341011326,0.14569480683444155,5.028851873884593,2.190138888888889,0.20158118109828685,36,36,123,0.44648318042813456,0.3486238532110092,0.4984709480122324,1
84,62,415,7929.5,6488.875,14985.125,335,0.07065716195143684,0.05782022722209846,0.13352751169525506,1.123795351473923,1.6880528095733611,0.08700899985484105,45,42,119,0.33432835820895523,0.28955223880597014,0.3582089552238806,1
65,77,289,7327.5,6967.25,12655.25,343,0.06228272233508147,0.05922064785931032,0.10756785013047285,1.7343195266272189,1.1751138471917693,0.1515217729672777,27,37,108,0.22157434402332363,0.18075801749271136,0.33819241982507287,1
79,57,379,8161.375,6466.25,15352.0,303,0.08889515189142677,0.07043154810530558,0.16721672167216722,1.3077030924531325,1.9902277623884272,0.10687756281284591,46,30,121,0.3102310231023102,0.3201320132013201,0.5775577557755776,1
45,62,306,7109.25,6293.75,11398.75,295,0.08169204251651824,0.07232117207698938,0.13098247629991383,3.510740740740741,1.6372918834547348,0.12173469605707207,30,35,104,0.34915254237288135,0.11864406779661017,0.49491525423728816,1
42,62,354,8422.0,7354.0,12477.75,351,0.06835983474160112,0.05969107393608818,0.1012796162368812,4.77437641723356,1.913111342351717,0.09957028631619266,44,43,108,0.45014245014245013,0.30484330484330485,0.45014245014245013,1
41,59,352,9697.25,8149.0,16808.0,319,0.09529436621102387,0.08007979481333713,0.16517133282888335,5.768738845925045,2.34099396725079,0.1356534090909091,49,46,128,0.4827586206896552,0.34169278996865204,0.46394984326018807,1
47,61,290,7540.0,6239.5,13922.25,319,0.07409518381305215,0.06131523864741895,0.1368132192097169,3.4133091896785874,1.6768341843590433,0.16554399524375743,17,30,116,0.05329153605015674,0.22884012539184953,0.5172413793103449,1
79,73,251,7290.5,6478.25,13329.5,295,0.08377477736282678,0.0744412525136455,0.15316862970410802,1.1681621535010416,1.2156595984237193,0.2115760067300519,42,41,108,0.39322033898305087,0.43389830508474575,0.511864406779661,1
79,61,409,6122.5,6078.25,8106.25,291,0.07230075223485788,0.07177820290265821,0.09572690450041922,0.9810126582278481,1.6334990593926364,0.04845888056623287,38,25,82,0.3711340206185567,0.23367697594501718,0.35051546391752575,1
