SrcIPF0,DstIPF0,DstPortF0,SrcIPF2,DstIPF2,DstPortF2,Events_F1,SrcIP_BurstIndex,DstIP_BurstIndex,DstPort_BurstIndex,SrcIP_Concentration,DstIP_Concentration,DstPort_Concentration,SrcIP_MaxCount,DstIP_MaxCount,DstPort_MaxCount,SrcIP_FractionOfMass,DstIP_FractionOfMass,DstPort_FractionOfMass,Attack
13,20,20,734.25,737.5,4694.25,99,0.07491582491582492,0.07524742373227222,0.47895622895622897,4.344674556213017,1.84375,11.735625,14,12,67,0.42424242424242425,0.3434343434343434,0.8787878787878788,1
12,19,12,778.25,733.125,4518.25,83,0.11296995209754682,0.10641965452170127,0.6558644215415881,5.404513888888889,2.0308171745152355,31.37673611111111,12,0,65,0.3614457831325301,0.0,1.0120481927710843,1
14,18,27,23230.0,25125.5,101330.5,599,0.06474340929930518,0.07002628197803239,0.2824142073182628,118.5204081632653,77.54783950617283,138.99931412894375,72,66,299,0.41402337228714525,0.332220367278798,0.7712854757929883,0
11,17,210,75466.0,74498.75,189760.0,911,0.09093154649659425,0.08976607412030783,0.2286482689316212,623.6859504132232,257.7811418685121,4.302947845804988,98,98,425,0.27991218441273324,0.29637760702524696,0.6882546652030735,0
11,17,81,20060.375,17181.125,31309.625,455,0.09689832145876102,0.0829905808477237,0.15123596184035745,165.78822314049586,59.450259515570934,4.772081237616217,58,70,158,0.13406593406593406,0.15604395604395604,0.6351648351648351,0
13,16,110,5804.25,6188.25,4614.75,255,0.08926182237600923,0.0951672433679354,0.07096885813148789,34.344674556213015,24.1728515625,0.38138429752066116,33,39,50,0.396078431372549,0.49019607843137253,0.24313725490196078,0
12,19,104,6780.875,7221.125,4774.125,287,0.08232314341560538,0.08766799402687904,0.05796021561509791,47.08940972222222,20.003116343490305,0.4413946930473373,39,45,49,0.49477351916376305,0.4146341463414634,0.24390243902439024,0
13,17,113,5771.375,5828.25,4739.25,247,0.09459874772574538,0.09553098723139208,0.07768116179580062,34.15014792899408,20.16695501730104,0.3711527919179262,40,34,43,0.44129554655870445,0.2591093117408907,0.17813765182186234,0
14,17,105,5250.5,4850.625,4427.625,255,0.08074586697424067,0.07459630911188005,0.06809111880046136,26.788265306122447,16.78416955017301,0.40159863945578234,35,30,48,0.44313725490196076,0.19215686274509805,0.403921568627451,0
11,16,78,5752.75,5953.875,5114.875,219,0.11994641479535456,0.12413992619002939,0.1066465461520819,47.54338842975206,23.25732421875,0.8407092373438527,36,39,47,0.4703196347031963,0.4063926940639269,0.5662100456621004,0
11,17,94,5985.0,6015.0,4987.25,271,0.08149398837161803,0.08190247954140058,0.06790825288326684,49.46280991735537,20.813148788927336,0.564423947487551,40,38,48,0.36900369003690037,0.46863468634686345,0.2029520295202952,0
13,17,143,6008.75,5842.75,3278.5,215,0.12998918334234721,0.1263980530016225,0.07092482422931314,35.55473372781065,20.21712802768166,0.16032568829771626,48,36,33,0.6186046511627907,0.641860465116279,0.3674418604651163,0
12,19,91,5611.625,5807.125,3580.125,215,0.1213980530016225,0.12562736614386155,0.07744997295835587,38.96961805555556,16.0862188365651,0.4323300326047579,36,35,20,0.6,0.4325581395348837,0.2372093023255814,1
13,16,91,5694.375,5465.75,3623.875,255,0.08757208765859285,0.0840561322568243,0.05573048827374087,33.694526627218934,21.3505859375,0.43761321096485933,39,28,25,0.36470588235294116,0.2980392156862745,0.09803921568627451,0
14,17,102,4721.125,4665.375,5923.375,255,0.07260476739715493,0.07174740484429065,0.09109381007304883,24.087372448979593,16.143166089965398,0.5693363129565552,19,19,46,0.13725490196078433,0.2,0.34509803921568627,0
11,16,91,7450.75,6792.5,8145.5,303,0.08115489766798462,0.07398512128440567,0.08872223856048972,61.57644628099174,26.533203125,0.9836372418790001,49,15,70,0.45544554455445546,0.06930693069306931,0.5016501650165016,0
13,19,103,4206.75,4359.25,4194.25,223,0.084593496752398,0.08766011783868567,0.08434213436827606,24.892011834319526,12.075484764542937,0.3953482891884249,40,31,37,0.43946188340807174,0.3811659192825112,0.16591928251121077,1
12,18,113,7323.5,5688.375,4691.0,303,0.0797688679759065,0.06195879488938993,0.05109520853075407,50.857638888888886,17.556712962962962,0.36737410917064767,43,34,46,0.34983498349834985,0.36633663366336633,0.2838283828382838,0
11,19,90,5742.25,5040.5,3828.25,255,0.08830834294502114,0.07751633986928104,0.05887351018838908,47.45661157024794,13.962603878116344,0.47262345679012346,38,33,43,0.3686274509803922,0.403921568627451,0.30196078431372547,0
13,16,122,4278.0,4411.75,4540.0,191,0.11726652229927907,0.12093281434171213,0.12444834297305446,25.31360946745562,17.2333984375,0.305025530771298,38,29,48,0.4293193717277487,0.6230366492146597,0.5287958115183246,1
12,18,95,5605.0,5585.5,3719.25,271,0.07631976688770578,0.07605424762734712,0.05064269277379121,38.923611111111114,17.239197530864196,0.41210526315789475,42,40,32,0.4022140221402214,0.3726937269372694,0.31365313653136534,0
13,19,96,5255.5,5656.0,5212.0,247,0.08614302807782458,0.09270763330000492,0.08543001852185743,31.097633136094675,15.66759002770083,0.5655381944444444,30,25,44,0.3724696356275304,0.27125506072874495,0.3157894736842105,1
11,14,103,5543.625,6712.5,5971.25,303,0.060382152076593795,0.07311374701826619,0.06503991983356751,45.8150826446281,34.24744897959184,0.5628475822414931,42,31,49,0.3102310231023102,0.3102310231023102,0.31353135313531355,1
12,18,96,6153.625,5512.5,4348.875,239,0.10772964408886399,0.09650566341625672,0.07613443392097477,42.73350694444444,17.01388888888889,0.4718831380208333,21,28,37,0.08786610878661087,0.200836820083682,0.41422594142259417,1
11,17,82,6068.0,5564.5,4349.0,239,0.10623063321720558,0.09741601162444635,0.0761366222580137,50.14876033057851,19.25432525951557,0.6467876264128495,52,28,46,0.2175732217573222,0.401673640167364,0.35564853556485354,1
13,20,107,5089.5,4790.25,3178.75,247,0.08342211804815683,0.07851710403383107,0.05210296841449622,30.115384615384617,11.975625,0.27764433574984715,32,29,32,0.2145748987854251,0.2145748987854251,0.1902834008097166,1
13,18,100,6593.25,5976.75,4398.0,267,0.092486218070109,0.0838383200774313,0.061692547237301686,39.01331360946745,18.44675925925926,0.4398,29,35,44,0.4232209737827715,0.37453183520599254,0.27715355805243447,1
13,17,84,4798.5,4718.875,3954.375,217,0.10190277984242604,0.10021183291214508,0.0839766187432309,28.393491124260354,16.328287197231834,0.5604272959183674,30,24,34,0.4930875576036866,0.2995391705069124,0.15668202764976957,1
12,19,80,5031.5,5116.25,4984.75,287,0.06108487416382377,0.06211378066991222,0.060517306268134854,34.94097222222222,14.172437673130194,0.7788671875,32,36,46,0.3170731707317073,0.445993031358885,0.397212543554007,0
11,17,84,4550.0,5324.125,3436.0,203,0.11041277390861219,0.12919811206289888,0.08337984420878934,37.603305785123965,18.42257785467128,0.48696145124716556,44,40,39,0.5714285714285714,0.5665024630541872,0.5073891625615764,0
11,17,68,4469.25,5341.25,3279.5,235,0.08092802172928927,0.09671797193300136,0.0593843368039837,36.93595041322314,18.481833910034602,0.709234429065744,29,35,0,0.4808510638297872,0.4808510638297872,0.0,0
14,19,109,6482.375,5462.375,3941.625,235,0.11738116794929833,0.09891127206880941,0.07137392485287461,33.07334183673469,15.13123268698061,0.3317586903459305,40,31,36,0.3872340425531915,0.3659574468085106,0.4425531914893617,1
15,20,102,5811.625,5292.875,3763.25,243,0.09842037968466867,0.08963530288404545,0.06373096919507527,25.829444444444444,13.2321875,0.36171184159938485,34,26,36,0.4444444444444444,0.4897119341563786,0.3292181069958848,1
12,17,91,5786.75,6411.25,3934.5,271,0.0787945425579717,0.08729796707561172,0.053573616916980975,40.185763888888886,22.18425605536332,0.4751237773215795,44,26,30,0.4132841328413284,0.2693726937269373,0.12546125461254612,1
11,16,79,5287.375,5192.875,5019.125,259,0.0788207540138042,0.07741200936181632,0.07482185715776449,43.69731404958678,20.28466796875,0.8042180740265983,28,34,47,0.38996138996138996,0.4015444015444015,0.25096525096525096,1
11,17,75,4625.5,4435.0,4595.0,251,0.07341946953222965,0.07039570800463485,0.07293535023253599,38.22727272727273,15.346020761245676,0.8168888888888889,26,27,48,0.4103585657370518,0.15139442231075698,0.3904382470119522,1
13,16,91,4685.125,4997.75,4788.625,299,0.052405733716625096,0.05590261853894252,0.05356343888770819,27.722633136094675,19.5224609375,0.5782665137060742,28,25,41,0.31438127090301005,0.3010033444816054,0.33444816053511706,1
12,18,88,5213.0,4822.625,4404.375,235,0.09439565414214576,0.08732684472612041,0.079753282028067,36.201388888888886,14.884645061728396,0.5687467716942148,40,28,41,0.5106382978723404,0.4085106382978723,0.42127659574468085,1
13,19,115,5873.0,5637.0,4240.25,279,0.07544867100885137,0.0724168497321463,0.05447322105317249,34.751479289940825,15.614958448753463,0.32062381852551985,41,28,28,0.21863799283154123,0.45878136200716846,0.3225806451612903,1
13,19,117,5153.75,4945.75,3980.5,239,0.09022513611456381,0.08658374328180529,0.06968540466728523,30.495562130177515,13.700138504155124,0.2907809189860472,27,31,43,0.2803347280334728,0.2594142259414226,0.1799163179916318,1
11,17,108,6029.0,5648.75,5103.0,283,0.07527875238796838,0.0705309093633333,0.06371661526551711,49.82644628099174,19.54584775086505,0.4375,42,33,46,0.303886925795053,0.26501766784452296,0.23674911660777384,1
11,17,80,5260.875,5151.0,5134.75,223,0.10579088660540127,0.10358141124896941,0.10325464014961089,43.478305785123965,17.823529411764707,0.8023046875,31,36,46,0.48878923766816146,0.452914798206278,0.32286995515695066,1
14,17,79,5653.0,5181.25,4259.5,279,0.07262239693734664,0.06656196605901774,0.054720520034429156,28.841836734693878,17.92820069204152,0.6825028040378145,38,25,35,0.3225806451612903,0.17921146953405018,0.2974910394265233,0
13,20,116,4411.375,4142.75,3546.25,215,0.09543266630611141,0.08962141698215252,0.07671714440237966,26.102810650887573,10.356875,0.2635441438763377,22,0,30,0.3581395348837209,0.0,0.33488372093023255,1
13,18,82,5277.5,5752.25,5324.25,239,0.09239158978309203,0.10070289385690026,0.09321002783564714,31.227810650887573,17.753858024691358,0.7918277810826889,29,33,42,0.3179916317991632,0.3305439330543933,0.37656903765690375,1
11,17,77,8044.125,7195.125,6204.25,303,0.08761804398261608,0.07837058458321079,0.06757779738369876,66.48037190082644,24.896626297577853,1.0464243548659133,47,22,28,0.32673267326732675,0.132013201320132,0.1782178217821782,1
11,18,116,6796.5,6606.75,6105.75,287,0.08251283856790782,0.08020918063834695,0.07412679527492139,56.16942148760331,20.391203703703702,0.4537566884661118,32,39,43,0.40069686411149824,0.30313588850174217,0.3693379790940767,1
13,16,104,5672.5,6051.0,5423.0,275,0.07500826446280992,0.08001322314049587,0.0717090909090909,33.56508875739645,23.63671875,0.5013868343195266,30,32,44,0.4727272727272727,0.3890909090909091,0.41818181818181815,1
12,18,95,10373.625,9505.375,9181.75,359,0.08048994809165044,0.07375311333710943,0.07124207602361869,72.0390625,29.337577160493826,1.0173684210526315,45,51,68,0.2646239554317549,0.4206128133704735,0.44846796657381616,1
13,19,90,8742.5,9211.0,9896.75,287,0.1061382316162634,0.11182605106289988,0.12015139190714953,51.73076923076923,25.515235457063714,1.221820987654321,50,13,68,0.3240418118466899,0.04529616724738676,0.4843205574912892,1
13,19,105,6692.625,6262.125,5417.125,287,0.08125174519540118,0.07602526435916425,0.06576655052264808,39.601331360946745,17.346606648199447,0.49134920634920637,43,39,39,0.519163763066202,0.4808362369337979,0.36585365853658536,1
11,19,130,8017.25,6537.375,6491.875,267,0.11246124928109526,0.09170243656104027,0.09106418942613867,66.25826446280992,18.109072022160664,0.3841346153846154,33,31,48,0.22846441947565543,0.30337078651685395,0.5917602996254682,1
11,16,76,11999.0,9631.5,8566.125,295,0.13787991956334386,0.11067509336397587,0.09843292157426027,99.16528925619835,37.623046875,1.4830548822714682,77,45,67,0.5898305084745763,0.288135593220339,0.4033898305084746,1
14,18,110,10316.25,8556.75,8566.0,351,0.08373511578639783,0.06945357586383227,0.06952865642324332,52.63392857142857,26.40972222222222,0.7079338842975207,44,38,60,0.4074074074074074,0.28205128205128205,0.49572649572649574,1
17,21,114,10343.75,9056.25,9582.25,307,0.1097491750575603,0.09608855266368874,0.10166951373489373,35.79152249134948,20.535714285714285,0.7373230224684518,61,35,60,0.46905537459283386,0.26058631921824105,0.5472312703583062,1
12,19,92,7697.125,7146.5,5565.875,247,0.12616376272353258,0.11713845498205183,0.0912303922372109,53.45225694444444,19.79639889196676,0.657593927221172,44,0,41,0.3117408906882591,0.0,0.3522267206477733,1
13,18,85,8583.75,8071.25,11126.0,287,0.10421092886887057,0.09798892787335041,0.1350750889290874,50.7914201183432,24.911265432098766,1.5399307958477508,48,19,66,0.4181184668989547,0.06620209059233449,0.4878048780487805,1
11,16,117,8932.0,9429.25,10055.0,303,0.09728893681447352,0.10270507248744676,0.10952085307540656,73.81818181818181,36.8330078125,0.7345313755570165,44,41,66,0.49174917491749176,0.25742574257425743,0.5643564356435643,1
11,20,70,7935.0,7068.0,9812.5,323,0.07605747203557975,0.06774722272810053,0.09405342713914636,65.57851239669421,17.67,2.002551020408163,48,32,61,0.32507739938080493,0.17647058823529413,0.5077399380804953,1
13,19,114,7136.5,6989.875,6708.5,279,0.09168047686951607,0.08979682943435978,0.08618208913040686,42.22781065088758,19.36253462603878,0.5161972914742998,42,41,56,0.3835125448028674,0.3870967741935484,0.36200716845878134,1
13,26,100,11765.75,11593.5,11118.25,383,0.08020880911315777,0.07903455610168451,0.07579470853301884,69.6198224852071,17.150147928994084,1.111825,42,50,72,0.1618798955613577,0.23237597911227154,0.47780678851174935,1
12,17,112,6752.0,6741.25,6976.0,319,0.06635154921826633,0.06624590953312173,0.06855278544825621,46.888888888888886,23.32612456747405,0.5561224489795918,46,38,51,0.3667711598746082,0.26959247648902823,0.45768025078369906,1
13,18,111,6915.5,7564.0,8640.875,319,0.06795825512720984,0.07433103055197963,0.0849134245929187,40.92011834319526,23.34567901234568,0.7013127992857723,40,24,58,0.2413793103448276,0.13166144200626959,0.36363636363636365,1
11,17,142,7916.0,7937.25,8036.75,335,0.07053686789930942,0.07072621964802851,0.07161283136556026,65.42148760330579,27.464532871972317,0.39856923229517954,40,44,55,0.4,0.33432835820895523,0.4716417910447761,1
13,21,94,9259.0,8500.875,10740.375,295,0.10639471416259695,0.0976831370295892,0.12341712151680552,54.78698224852071,19.276360544217688,1.2155245586238117,33,44,79,0.38305084745762713,0.3593220338983051,0.39322033898305087,1
13,21,95,8908.75,8540.25,10635.5,331,0.08131314975219284,0.07794972663630306,0.0970737762524986,52.71449704142012,19.3656462585034,1.1784487534626038,48,49,73,0.4199395770392749,0.540785498489426,0.5619335347432024,0
12,17,111,7399.75,6553.25,6094.5,291,0.08738382872190928,0.0773874895194908,0.07197009955007617,51.38715277777778,22.67560553633218,0.49464329194058926,24,33,46,0.18213058419243985,0.21305841924398625,0.3024054982817869,1
11,16,118,10781.25,9131.0,10290.75,307,0.11439113412343897,0.09688166452694458,0.10918683487357957,89.10123966942149,35.66796875,0.7390656420568802,71,48,68,0.6123778501628665,0.1563517915309446,0.6058631921824105,1
11,19,97,8447.75,7911.75,9548.5,319,0.08301559536561158,0.07774835152956437,0.09383260777704622,69.81611570247934,21.916204986149584,1.0148262302051227,51,44,72,0.329153605015674,0.3667711598746082,0.2601880877742947,1
13,15,104,7419.25,6440.5,6378.125,231,0.1390388111167332,0.1206967635539064,0.11952783868368284,43.900887573964496,28.624444444444446,0.5896935096153846,46,27,53,0.6666666666666666,0.19913419913419914,0.38961038961038963,0
14,20,98,9237.875,7905.125,8433.25,311,0.09551054062716473,0.08173121659205343,0.08719150959977667,47.13201530612245,19.7628125,0.878097667638484,57,32,65,0.18971061093247588,0.10610932475884244,0.3858520900321543,1
13,19,93,8243.5,7323.0,7392.75,267,0.1156349506936554,0.10272272019526155,0.10370113201195136,48.77810650887574,20.285318559556785,0.8547519944502254,51,33,57,0.5805243445692884,0.4232209737827715,0.5880149812734082,0
12,17,109,8343.0,7946.375,6660.875,271,0.11360139431652619,0.10820080064269277,0.09069695401751066,57.9375,27.496107266435985,0.5606325225149398,52,47,59,0.6346863468634686,0.4317343173431734,0.46494464944649444,0
11,17,123,9890.75,8611.25,7969.0,239,0.17315435654137706,0.1507545386110187,0.13951086290506118,81.74173553719008,29.796712802768166,0.5267367307819419,45,31,61,0.6359832635983264,0.22594142259414227,0.6820083682008368,0
11,16,84,10022.875,8987.875,10225.75,307,0.10634462965124299,0.09536308077539284,0.10849717238379188,82.83367768595042,35.10888671875,1.4492276077097506,57,53,67,0.46905537459283386,0.5472312703583062,0.6026058631921825,1
13,17,76,7995.25,7414.25,10454.5,263,0.11559007647934769,0.1071903598432824,0.1511442987465483,47.30917159763314,25.65484429065744,1.8099896121883656,52,37,72,0.6007604562737643,0.3269961977186312,0.6844106463878327,0
15,17,84,6925.75,8321.875,7204.25,275,0.0915801652892562,0.11004132231404959,0.09526280991735538,30.781111111111112,28.795415224913494,1.0210104875283448,45,43,60,0.5381818181818182,0.5636363636363636,0.5054545454545455,0
12,20,111,9961.125,9401.25,8106.125,375,0.07083466666666667,0.06685333333333333,0.05764355555555556,69.17447916666667,23.503125,0.6579112896680465,46,38,60,0.38133333333333336,0.38666666666666666,0.39466666666666667,0
11,17,116,7407.75,7720.5,7418.0,359,0.05747744042954353,0.059904097578386266,0.05755697115944165,61.22107438016529,26.714532871972317,0.5512782401902497,35,37,61,0.37047353760445684,0.2479108635097493,0.3064066852367688,1
12,16,98,8870.5,8897.75,9151.25,299,0.09922148521828615,0.09952629165221866,0.1023618304045816,61.60069444444444,34.7568359375,0.9528581840899625,49,34,62,0.42474916387959866,0.28762541806020064,0.49498327759197325,1
11,20,78,8490.875,8485.625,7457.375,219,0.177037071787494,0.1769276078480432,0.1554883134213215,70.17252066115702,21.2140625,1.2257355358316897,44,44,54,0.7077625570776256,0.5799086757990868,0.3607305936073059,1
16,21,135,9816.5,9476.25,9709.25,347,0.08152629786809956,0.07870051242016793,0.08063558371882501,38.345703125,21.488095238095237,0.5327434842249658,52,34,78,0.45821325648414984,0.2622478386167147,0.3976945244956772,0
12,18,90,7450.5,7275.0,6894.75,263,0.107714438549061,0.10517717474591219,0.09967976983908977,51.739583333333336,22.453703703703702,0.8512037037037037,36,39,49,0.34600760456273766,0.311787072243346,0.6007604562737643,1
12,14,111,7001.75,6495.25,6615.25,327,0.06548036547615707,0.06074357751405138,0.06186581750507346,48.623263888888886,33.139030612244895,0.5369085301517734,37,35,48,0.3425076452599388,0.3669724770642202,0.2996941896024465,0
11,19,126,6649.5,5838.0,4673.0,243,0.1126098663821572,0.09886704262561602,0.07913766532879472,54.95454545454545,16.17174515235457,0.29434366339128243,35,36,42,0.3991769547325103,0.3168724279835391,0.4444444444444444,1
11,15,86,6140.0,6934.0,5598.25,311,0.06348156036434693,0.0716907393430589,0.05788039825890965,50.743801652892564,30.817777777777778,0.7569294213088156,38,43,57,0.21543408360128619,0.3311897106109325,0.3086816720257235,0
11,19,84,6672.75,6101.5,5626.25,279,0.08572281959378733,0.07838414203311879,0.07227874770365232,55.146694214876035,16.901662049861496,0.7973710317460317,35,33,55,0.4659498207885305,0.5197132616487455,0.3333333333333333,1
16,17,127,6863.75,6322.25,4798.125,235,0.12428700769578994,0.11448166591217745,0.0868832050701675,26.8115234375,21.87629757785467,0.2974843449686899,37,36,48,0.6,0.44680851063829785,0.2680851063829787,0
12,18,118,5857.5,5298.75,4292.875,279,0.07524954715381355,0.06807145334720777,0.05514927865777675,40.677083333333336,16.354166666666668,0.30830759839126687,28,19,44,0.4229390681003584,0.14336917562724014,0.3763440860215054,1
11,18,123,5726.875,5349.5,3596.625,227,0.11113887325583652,0.10381532729142813,0.06979807487046129,47.32954545454545,16.510802469135804,0.23773051754907792,40,33,14,0.5726872246696035,0.44052863436123346,0.1277533039647577,1
11,20,124,5366.25,5151.5,4806.5,275,0.07095867768595042,0.06811900826446281,0.06355702479338843,44.349173553719005,12.87875,0.31259755463059313,11,23,49,0.04,0.08363636363636363,0.44,1
11,16,132,4769.25,4987.5,3821.75,231,0.08937707314330691,0.09346713892168437,0.07162065928299695,39.41528925619835,19.482421875,0.21933826905417814,34,31,40,0.6363636363636364,0.4675324675324675,0.2987012987012987,1
13,20,104,5230.5,4778.0,4462.0,243,0.08857897678199461,0.0809158495486799,0.07556436180121594,30.949704142011836,11.945,0.4125369822485207,37,31,47,0.41975308641975306,0.3786008230452675,0.36213991769547327,1
15,21,88,5971.5,6137.5,5728.25,315,0.06018140589569161,0.0618543713781809,0.057729906777525826,26.54,13.917233560090702,0.7397017045454546,37,34,54,0.3523809523809524,0.23809523809523808,0.22857142857142856,1
11,26,110,7035.625,6508.75,5746.25,271,0.09579968954671096,0.08862556337740499,0.07824307947876527,58.14566115702479,9.628328402366863,0.474896694214876,25,29,50,0.23616236162361623,0.22140221402214022,0.23247232472324722,1
11,19,98,6500.5,6882.75,4983.75,323,0.06230769968081742,0.06597158987433983,0.04776955592404796,53.72314049586777,19.06578947368421,0.5189244064972928,36,8,51,0.3746130030959752,0.02476780185758514,0.1826625386996904,1
12,17,88,4689.625,5378.875,5313.125,303,0.05108023178555479,0.05858766569726279,0.05787150497227941,32.56684027777778,18.612024221453286,0.6860956869834711,28,31,46,0.37623762376237624,0.4521452145214521,0.15181518151815182,1
11,18,110,4683.5,4457.75,3348.25,283,0.05847869245464421,0.05565995330195158,0.04180661514065602,38.70661157024794,13.758487654320987,0.27671487603305783,28,26,0,0.4098939929328622,0.2791519434628975,0.0,1
16,20,115,4769.25,4593.25,5293.75,219,0.09944017013823732,0.09577052188236275,0.11037613894622714,18.6298828125,11.483125,0.4002835538752363,33,24,55,0.5525114155251142,0.2146118721461187,0.4337899543378995,0
12,19,195,6564.75,5764.0,3535.25,283,0.08196818539374945,0.07196993344903795,0.04414151756171259,45.588541666666664,15.966759002770083,0.09297172912557528,32,28,40,0.4028268551236749,0.43462897526501765,0.2226148409893993,1
11,19,95,6391.0,5364.25,5302.75,263,0.09239688299671818,0.07755280544752707,0.07666367881565442,52.81818181818182,14.859418282548477,0.5875623268698061,31,27,47,0.4790874524714829,0.10266159695817491,0.33460076045627374,1
11,21,137,6834.25,6943.0,4599.5,259,0.10188056230527273,0.10350173670636992,0.06856636007215158,56.481404958677686,15.7437641723356,0.24505834088124034,38,31,46,0.5212355212355212,0.30115830115830117,0.28957528957528955,1
11,16,86,6449.375,7142.25,5262.5,239,0.11290724952294252,0.1250372017296616,0.09212898933842195,53.300619834710744,27.8994140625,0.7115332612222823,29,45,51,0.27615062761506276,0.32217573221757323,0.3389121338912134,1
13,20,89,5819.5,5639.75,4732.25,323,0.055780272024077676,0.05405735701482809,0.0453589126704943,34.43491124260355,14.099375,0.5974308799394016,33,24,40,0.38390092879256965,0.1393188854489164,0.21362229102167182,1
14,20,110,7827.5,7530.5,4980.5,375,0.055662222222222224,0.05355022222222222,0.03541688888888889,39.93622448979592,18.82625,0.4116115702479339,30,27,30,0.168,0.19733333333333333,0.14666666666666667,0
13,19,98,10596.5,10566.5,5913.5,311,0.10955738671022838,0.10924721621984884,0.06113977316198137,62.701183431952664,29.270083102493075,0.6157330279050396,56,50,49,0.4790996784565916,0.5594855305466238,0.15755627009646303,0
11,16,93,14180.0,12935.125,9109.625,343,0.12052801128781375,0.10994674837865175,0.07743053489617421,117.1900826446281,50.52783203125,1.0532576020349174,64,64,62,0.6005830903790087,0.4518950437317784,0.18075801749271136,0
11,17,127,12281.25,11333.0,6067.5,359,0.09529139283525112,0.08793383043272476,0.04707831255188895,101.49793388429752,39.21453287197232,0.37618575237150476,68,66,66,0.37604456824512533,0.3370473537604457,0.3203342618384401,0
11,18,142,7927.25,6848.25,4804.0,287,0.09624069734973109,0.08314110891233352,0.058322912746300186,65.51446280991736,21.136574074074073,0.23824637968657011,39,33,50,0.4564459930313589,0.22996515679442509,0.17421602787456447,1
15,21,105,6098.25,5663.75,4331.0,271,0.08303604253754715,0.07711972876186327,0.05897250854427363,27.10333333333333,12.84297052154195,0.3928344671201814,26,24,47,0.25461254612546125,0.15867158671586715,0.28413284132841327,1
13,16,138,6156.5,6063.75,4174.0,271,0.0838291962255416,0.08256627769229721,0.05683473808907831,36.428994082840234,23.6865234375,0.21917664356227684,41,32,45,0.5461254612546126,0.2066420664206642,0.16605166051660517,1
11,17,177,6007.5,5273.0,3006.5,267,0.08426966292134831,0.07396653060079394,0.04217340683695942,49.64876033057851,18.24567474048443,0.09596539947013949,36,21,34,0.27715355805243447,0.07865168539325842,0.12734082397003746,0
11,17,100,6495.0,5955.25,5631.0,295,0.0746337259408216,0.06843148520540075,0.06470554438379776,53.67768595041322,20.606401384083046,0.5631,40,27,57,0.376271186440678,0.31864406779661014,0.2847457627118644,0
12,18,137,5534.5,5365.5,3877.5,259,0.08250473308388366,0.07998539079620161,0.05780325278394777,38.43402777777778,16.560185185185187,0.20659065480313282,32,32,48,0.29343629343629346,0.3359073359073359,0.2625482625482625,0
13,19,124,6707.25,5930.25,4891.25,251,0.1064625958318122,0.09412945826256726,0.0776376565451342,39.687869822485204,16.427285318559555,0.3181093912591051,34,28,51,0.4701195219123506,0.3784860557768924,0.2549800796812749,0
14,17,90,6974.875,7282.125,6083.75,315,0.07029352481733434,0.07339002267573697,0.061312673217435124,35.58609693877551,25.19766435986159,0.7510802469135802,42,40,61,0.4095238095238095,0.3238095238095238,0.2761904761904762,1
13,20,101,5697.5,5204.5,6198.0,235,0.103168854685378,0.09424173834314169,0.11223177908555908,33.71301775147929,13.01125,0.6075874914224095,35,20,55,0.4127659574468085,0.0851063829787234,0.49361702127659574,0
13,18,141,5058.875,5618.375,5468.625,243,0.08567249233687277,0.09514767396568952,0.09261164456637708,29.934171597633135,17.340663580246915,0.2750679040289724,32,24,56,0.51440329218107,0.2880658436213992,0.2345679012345679,1
11,18,104,7273.125,6291.625,5508.5,271,0.09903357797415613,0.08566910853610381,0.07500578695823859,60.10847107438016,19.418595679012345,0.5092917899408284,46,30,48,0.4132841328413284,0.35793357933579334,0.36900369003690037,1
11,18,105,6030.875,5383.75,3793.375,251,0.09572665513245822,0.08545499277789241,0.06021134585165315,49.84194214876033,16.616512345679013,0.3440702947845805,37,33,43,0.5577689243027888,0.5537848605577689,0.27091633466135456,1
15,20,133,7004.5,7034.25,4927.0,255,0.1077201076509035,0.10817762399077278,0.07577085736255286,31.13111111111111,17.585625,0.2785346825710894,44,29,6,0.36470588235294116,0.35294117647058826,0.0392156862745098,1
14,18,118,5500.0,6072.5,5125.5,247,0.09015063351308823,0.09953449491058697,0.08401219492206068,28.06122448979592,18.742283950617285,0.368105429474289,30,32,53,0.3481781376518219,0.12955465587044535,0.2145748987854251,0
11,19,103,5640.75,5509.5,4802.75,231,0.10570922583909596,0.10324956428852533,0.09000487247240493,46.61776859504132,15.261772853185596,0.4527052502592139,29,23,43,0.4199134199134199,0.38961038961038963,0.21645021645021645,0
11,18,129,6877.5,6196.5,6347.25,347,0.05711782341851523,0.05146210000913553,0.05271408283433963,56.83884297520661,19.125,0.38142239048134124,46,31,58,0.26512968299711814,0.33429394812680113,0.2334293948126801,1
13,17,96,8019.5,6294.75,6698.25,295,0.09215168055156564,0.07233266302786556,0.07696926170640621,47.45266272189349,21.781141868512112,0.726806640625,31,30,59,0.1864406779661017,0.18983050847457628,0.25084745762711863,1
13,21,121,5860.75,5549.5,4102.25,279,0.07529129892986987,0.07129276345370691,0.052700376408319524,34.678994082840234,12.58390022675737,0.2801891947271361,23,26,27,0.10752688172043011,0.17562724014336917,0.15053763440860216,0
14,18,116,9339.75,8247.5,10380.5,319,0.09178123249574985,0.08104774913768537,0.10200862805986577,47.651785714285715,25.455246913580247,0.7714402497027348,61,56,63,0.25391849529780564,0.23510971786833856,0.5768025078369906,1
11,18,90,5589.375,5146.875,4717.75,283,0.06978954662937482,0.06426444330682116,0.058906341694864466,46.19318181818182,15.885416666666666,0.5824382716049382,34,26,0,0.3957597173144876,0.24381625441696114,0.0,1
13,18,102,5378.5,4824.25,5485.75,235,0.09739248528746039,0.08735626980534178,0.09933454051607062,31.825443786982248,14.88966049382716,0.5272731641676278,21,19,47,0.18723404255319148,0.08085106382978724,0.4085106382978723,1
11,18,96,6445.25,5906.0,4033.75,271,0.0877609237346986,0.08041829495785732,0.0549250418703449,53.26652892561984,18.228395061728396,0.4376898871527778,28,39,42,0.4575645756457565,0.3726937269372694,0.15867158671586715,1
11,17,104,5449.5,5657.75,4697.75,239,0.09540274154864235,0.09904851105547872,0.0822420825965932,45.03719008264463,19.576989619377162,0.4343333949704142,27,37,47,0.3598326359832636,0.26778242677824265,0.34309623430962344,1
13,21,114,5763.75,5849.75,3965.25,271,0.07848136599447175,0.07965237401451505,0.05399232036600809,34.10502958579882,13.264739229024944,0.30511311172668515,31,27,44,0.4354243542435424,0.36162361623616235,0.2988929889298893,1
14,19,161,6645.625,6197.5,4455.125,271,0.09048930433953786,0.08438746749091107,0.06066264075924892,33.90625,17.167590027700832,0.17187319162069364,38,25,42,0.2140221402214022,0.15867158671586715,0.15498154981549817,1
11,17,119,7635.375,6922.25,3050.125,215,0.16517847485127096,0.14975121687398593,0.06598431584640346,63.10227272727273,23.95242214532872,0.21538909681519666,41,41,35,0.7069767441860465,0.4232558139534884,0.3023255813953488,1
13,19,97,5886.25,5206.0,4682.75,223,0.11836654668302198,0.10468740573910595,0.0941653763397615,34.82988165680474,14.421052631578947,0.49768838346264216,44,30,48,0.34080717488789236,0.13901345291479822,0.5022421524663677,0
12,17,106,7939.5,5525.25,4383.75,255,0.12209919261822376,0.08497116493656286,0.0674163783160323,55.135416666666664,19.118512110726645,0.3901521893912424,52,39,48,0.6352941176470588,0.3215686274509804,0.32941176470588235,1
13,20,85,5894.5,5134.375,4870.5,239,0.10319322140718824,0.08988594387353163,0.08526636438437703,34.87869822485207,12.8359375,0.6741176470588235,36,31,49,0.4225941422594142,0.2384937238493724,0.4309623430962343,0
12,18,73,4210.25,3982.5,4015.625,211,0.09456773208148964,0.08945216863951842,0.09019619954628152,29.23784722222222,12.291666666666666,0.7535419403265153,26,26,40,0.22274881516587677,0.44075829383886256,0.24170616113744076,1
12,16,118,4753.75,5164.75,3238.25,231,0.08908659882685857,0.09678885328235978,0.060685706789602896,33.01215277777778,20.1748046875,0.23256607296753806,34,25,36,0.33766233766233766,0.2943722943722944,0.2597402597402597,0
13,19,111,5373.5,4928.0,3325.5,247,0.0880771689422872,0.08077496762772705,0.05450835122686817,31.79585798816568,13.650969529085872,0.2699050401753105,35,35,40,0.3157894736842105,0.5101214574898786,0.25101214574898784,0
11,18,94,5780.25,5291.0,4324.75,219,0.12051979733533497,0.1103188006922291,0.09017222326473594,47.77066115702479,16.330246913580247,0.48944658216387504,31,30,46,0.2876712328767123,0.1506849315068493,0.3013698630136986,0
13,21,97,5024.75,6234.625,4892.25,247,0.08236079922634365,0.10219188972118867,0.08018898850989198,29.73224852071006,14.137471655328799,0.5199542990753534,33,34,51,0.562753036437247,0.4898785425101215,0.32388663967611336,0
12,19,88,5175.0,5254.75,4225.875,239,0.09059715341117977,0.09199331244200906,0.07398111027468006,35.9375,14.556094182825484,0.5456966683884298,36,25,50,0.497907949790795,0.3598326359832636,0.3263598326359833,0
14,16,98,6603.625,5484.75,4644.0,243,0.11183296922894545,0.09288472285728802,0.07864654778235025,33.691964285714285,21.4248046875,0.4835485214493961,47,29,43,0.5102880658436214,0.11934156378600823,0.3786008230452675,0
11,15,71,6468.0,5396.75,4311.0,227,0.12552155097129772,0.10473228667352365,0.08366162743309592,53.45454545454545,23.985555555555557,0.855187462804999,43,30,52,0.5022026431718062,0.3788546255506608,0.3920704845814978,0
11,17,92,5045.625,5018.875,4436.625,215,0.10915359653866955,0.10857490535424554,0.09597890751757707,41.699380165289256,17.366349480968857,0.5241759215500945,25,27,50,0.12558139534883722,0.4372093023255814,0.5116279069767442,1
13,17,130,4949.25,4481.5,3140.125,211,0.11116664046180454,0.10066036252554975,0.07053132229734282,29.285502958579883,15.506920415224913,0.1858062130177515,32,29,37,0.5165876777251185,0.5213270142180095,0.3459715639810427,0
16,19,103,4675.75,4419.0,3796.25,219,0.09749066950230395,0.09213736160630512,0.07915285336002169,18.2646484375,12.240997229916898,0.3578329720049015,31,31,43,0.2511415525114155,0.3698630136986301,0.3333333333333333,0
12,18,89,4806.0,4793.0,5211.25,263,0.06948199337853662,0.06929404791163672,0.07534083187555118,33.375,14.79320987654321,0.6579030425451332,31,26,54,0.49809885931558934,0.41825095057034223,0.38783269961977185,0
14,15,75,5394.0,5219.0,4215.0,239,0.09443111990336303,0.0913674480488787,0.07379072495229426,27.520408163265305,23.195555555555554,0.7493333333333333,37,22,48,0.5523012552301255,0.09205020920502092,0.2719665271966527,0
11,20,92,4768.5,5001.75,4521.25,239,0.08348068136062044,0.08756411827524029,0.07915215069764185,39.40909090909091,12.504375,0.5341741493383743,38,28,44,0.3305439330543933,0.401673640167364,0.41422594142259417,0
11,16,140,4787.75,4468.125,3540.375,203,0.11618214467713364,0.10842595064185008,0.08591266470916548,39.56818181818182,17.45361328125,0.1806313775510204,36,30,43,0.6206896551724138,0.49261083743842365,0.37438423645320196,0
13,16,79,3976.75,4051.75,4638.0,223,0.07996842888455429,0.08147660318928593,0.09326549900460496,23.531065088757398,15.8271484375,0.7431501361961225,33,28,46,0.27802690582959644,0.3183856502242152,0.2825112107623318,0
13,20,149,4044.625,4609.375,4800.5,211,0.09084757754767413,0.10353260259203521,0.10782552054086836,23.932692307692307,11.5234375,0.21622899869375253,36,28,50,0.4028436018957346,0.36018957345971564,0.5213270142180095,0
11,16,96,4603.25,4664.0,3505.0,239,0.08058769979517165,0.0816512315960855,0.0613609705712435,38.04338842975206,18.21875,0.3803168402777778,24,26,37,0.2175732217573222,0.2175732217573222,0.39330543933054396,0
13,19,69,4690.75,4856.25,5217.75,203,0.11382828993666431,0.11784440292169186,0.12661675847509038,27.755917159763314,13.452216066481995,1.0959357277882797,38,37,56,0.26108374384236455,0.3842364532019704,0.4975369458128079,1
12,20,122,5498.0,6012.125,3335.125,251,0.08726845605625308,0.09542904080887606,0.05293765178330503,38.18055555555556,15.0303125,0.2240745095404461,37,45,20,0.4262948207171315,0.4262948207171315,0.13545816733067728,0
11,18,95,5185.875,5171.25,4903.5,219,0.10812691561894039,0.10782198035904172,0.10223931944705072,42.85847107438016,15.960648148148149,0.5433240997229917,39,27,47,0.5296803652968036,0.410958904109589,0.5251141552511416,0
13,18,101,4768.25,5413.5,3430.25,227,0.09253527140057055,0.10505734634865804,0.06656931048535776,28.214497041420117,16.708333333333332,0.33626605234780904,40,32,37,0.3524229074889868,0.5859030837004405,0.3788546255506608,0
12,19,126,4663.0,5204.75,4137.75,251,0.07401469817939398,0.08261376803542801,0.06567752892811225,32.38194444444444,14.41759002770083,0.2606292517006803,28,32,50,0.21115537848605578,0.549800796812749,0.3545816733067729,0
13,17,91,5739.25,5528.25,4312.25,323,0.05501107074734733,0.05298862253064824,0.041333186362372876,33.960059171597635,19.128892733564015,0.5207402487622268,37,29,44,0.3653250773993808,0.09597523219814241,0.2476780185758514,1
11,15,84,5200.25,5699.0,5147.0,203,0.12619209396005726,0.1382950326385013,0.12489990050717076,42.97727272727273,25.32888888888889,0.7294501133786848,31,30,46,0.5960591133004927,0.2660098522167488,0.42857142857142855,0
14,21,103,7448.25,7508.375,6812.25,335,0.06636890175985743,0.06690465582535086,0.06070171530407663,38.00127551020408,17.025793650793652,0.6421198981996418,49,45,52,0.31044776119402984,0.28955223880597014,0.4059701492537313,1
14,24,109,7703.25,7100.75,5538.5,311,0.07964402766720774,0.07341477031875188,0.057262642032237056,39.30229591836735,12.327690972222221,0.4661644642706843,33,33,44,0.33440514469453375,0.29260450160771706,0.2282958199356913,0
15,18,86,5139.75,6326.25,5252.25,263,0.07430713180760166,0.09146076999812054,0.07593358296346629,22.843333333333334,19.525462962962962,0.7101473769605192,33,46,55,0.5019011406844106,0.532319391634981,0.20912547528517111,0
20,25,90,5628.0,5199.375,4145.375,263,0.08136592982405413,0.07516915092020993,0.05993111075770938,14.07,8.319,0.5117746913580247,35,34,43,0.3041825095057034,0.4448669201520912,0.22053231939163498,0
16,25,87,5074.75,4677.0,5141.75,219,0.10580992890056504,0.09751673234503033,0.10720689727069911,19.8232421875,7.4832,0.6793169507200423,32,25,55,0.3698630136986301,0.3013698630136986,0.3287671232876712,0
14,25,117,5482.5,5539.0,4689.5,271,0.07465176127776038,0.07542108631418418,0.06385397802317506,27.971938775510203,8.8624,0.3425743297538169,35,28,51,0.3173431734317343,0.3025830258302583,0.33210332103321033,0
14,22,90,5829.5,5019.0,4764.0,227,0.11313047022065245,0.0974014632537018,0.09245279357255137,29.742346938775512,10.369834710743802,0.5881481481481482,35,27,49,0.4977973568281938,0.4845814977973568,0.3392070484581498,0
12,18,87,5951.75,5776.0,5001.25,255,0.09153018069973087,0.08882737408688966,0.07691272587466359,41.33159722222222,17.82716049382716,0.6607543929184833,37,31,54,0.1450980392156863,0.4627450980392157,0.3215686274509804,0
15,17,87,5569.5,5668.75,6825.25,239,0.09750354510600305,0.09924108471490345,0.1194875789989671,24.753333333333334,19.615051903114185,0.9017373497159467,35,30,55,0.4602510460251046,0.4769874476987448,0.33472803347280333,1
14,19,103,5948.0,4905.625,5437.125,235,0.10770484382073336,0.08882978723404256,0.09845405160706201,30.346938775510203,13.58898891966759,0.5125011782448864,45,30,55,0.2936170212765957,0.3829787234042553,0.42127659574468085,1
18,26,84,4145.0,4616.5,4962.625,243,0.07019593896594353,0.07818083286761841,0.08404249013531136,12.79320987654321,6.829142011834319,0.7033198696145124,33,31,55,0.3374485596707819,0.20987654320987653,0.36213991769547327,0
11,19,84,5400.5,4472.0,4123.75,219,0.11260190571506015,0.09324242613790372,0.08598131815433373,44.63223140495868,12.387811634349031,0.5844316893424036,38,26,45,0.1735159817351598,0.3926940639269406,0.4337899543378995,0
20,21,111,6522.125,6021.625,4227.0,229,0.12437072138212467,0.11482666234434889,0.08060487023512138,16.3053125,13.654478458049887,0.34307280253226197,36,29,49,0.29694323144104806,0.29694323144104806,0.24017467248908297,0
14,20,128,5802.0,5352.25,4684.5,225,0.11460740740740741,0.10572345679012346,0.09253333333333333,29.602040816326532,13.380625,0.285919189453125,33,32,49,0.2577777777777778,0.24444444444444444,0.4222222222222222,0
16,28,117,5570.5,4779.625,4557.125,203,0.13517678177097237,0.11598497900943969,0.11058567303258997,21.759765625,6.096460459183674,0.3329041566221053,33,31,52,0.5221674876847291,0.5172413793103449,0.4433497536945813,0
16,16,95,5561.5,5712.0,4210.0,241,0.0957542053339302,0.09834541416297929,0.07248497787572528,21.724609375,22.3125,0.4664819944598338,28,37,51,0.34854771784232363,0.35269709543568467,0.3278008298755187,0
13,21,111,5384.5,6030.5,5395.375,291,0.06358569218596852,0.07121432198486083,0.06371411532693284,31.86094674556213,13.674603174603174,0.43790073857641426,0,38,54,0.0,0.3848797250859107,0.30927835051546393,0
13,20,114,4642.75,5039.0,4143.5,255,0.0713994617454825,0.07749327181853133,0.06372164552095348,27.47189349112426,12.5975,0.3188288704216682,30,30,46,0.29411764705882354,0.4,0.25882352941176473,0
13,18,112,4033.75,3799.25,3507.75,199,0.10185980152016363,0.09593823388298275,0.08857730865382188,23.868343195266274,11.72608024691358,0.27963568239795916,31,27,37,0.3768844221105528,0.45226130653266333,0.3165829145728643,0
12,18,114,5347.25,5500.0,4456.0,239,0.09361268185080793,0.09628682971236498,0.07800983876332697,37.13368055555556,16.97530864197531,0.34287473068636504,39,31,48,0.4100418410041841,0.4225941422594142,0.35564853556485354,0
11,16,95,4866.25,4993.625,4741.375,239,0.08519196092505384,0.08742187636771065,0.08300581222317537,40.21694214876033,19.50634765625,0.5253601108033241,37,28,50,0.5564853556485355,0.39748953974895396,0.3305439330543933,0
13,19,95,5295.0,5853.25,5966.125,263,0.07655163440269484,0.08462244647168529,0.0862543191314028,31.331360946745562,16.21398891966759,0.6610664819944598,36,23,51,0.45627376425855515,0.09505703422053231,0.43346007604562736,0
13,19,93,5194.625,4376.75,3981.125,231,0.09734871910196585,0.08202151383969566,0.07460739116583272,30.73742603550296,12.123961218836564,0.4602988784830616,33,34,43,0.27705627705627706,0.15151515151515152,0.2943722943722944,0
15,19,77,4918.75,4585.25,5446.5,211,0.11048157049482267,0.10299072347880775,0.12233552705464837,21.86111111111111,12.70152354570637,0.9186203406982628,29,33,50,0.15639810426540285,0.3696682464454976,0.4265402843601896,0
12,20,105,4643.75,4574.5,4843.0,271,0.06323102898925669,0.062288095205675305,0.06594409117522909,32.248263888888886,11.43625,0.43927437641723355,24,32,50,0.24354243542435425,0.1992619926199262,0.18450184501845018,0
11,18,90,5969.75,6400.5,6440.0,247,0.09785031716631973,0.10491075087282205,0.10555819633168877,49.336776859504134,19.75462962962963,0.7950617283950617,39,38,61,0.4777327935222672,0.2631578947368421,0.4089068825910931,0
13,16,111,6390.75,5214.625,4442.125,227,0.12402239515612568,0.10119786916105494,0.08620631100933455,37.81508875739645,20.36962890625,0.3605328301274247,40,27,50,0.44493392070484583,0.11894273127753303,0.3392070484581498,0
11,16,144,5936.0,5699.0,4411.75,259,0.08849003443598039,0.08495699229289963,0.06576750495669414,49.05785123966942,22.26171875,0.21275800540123457,32,32,49,0.41312741312741313,0.3552123552123552,0.3436293436293436,1
11,19,122,5629.0,5803.5,3344.0,279,0.07231407612954613,0.07455582533626239,0.04295936588687196,46.52066115702479,16.07617728531856,0.22467078742273583,35,31,36,0.3870967741935484,0.4910394265232975,0.18996415770609318,1
13,19,99,6342.375,6826.5,5048.0,247,0.10395802258683146,0.11189332721401761,0.0827418905407399,37.52884615384615,18.909972299168974,0.5150494847464544,33,0,52,0.242914979757085,0.0,0.3765182186234818,1
13,15,129,5131.125,5081.0,3475.75,255,0.07891003460207613,0.07813917723952327,0.053452518262206844,30.361686390532544,22.58222222222222,0.20886665464815815,33,24,41,0.5098039215686274,0.23529411764705882,0.2627450980392157,0
11,16,76,5271.625,5586.5,5374.75,239,0.09228873794226292,0.09780115894329582,0.09409411599936976,43.56714876033058,21.822265625,0.9305315096952909,41,37,55,0.5983263598326359,0.3263598326359833,0.3723849372384937,1
13,17,94,6345.5,6799.0,5817.5,295,0.07291582878483195,0.07812697500718184,0.06684860672220626,37.54733727810651,23.525951557093425,0.6583861475780897,34,39,53,0.22033898305084745,0.26440677966101694,0.3050847457627119,0
12,15,105,7899.75,6447.0,3801.5,331,0.07210366827612015,0.058843931691021444,0.03469756573963363,54.859375,28.653333333333332,0.34480725623582764,42,38,43,0.32326283987915405,0.22356495468277945,0.3021148036253776,1
13,18,161,7003.125,6201.125,4544.875,287,0.08502136726195535,0.0752846944845755,0.055177008340516455,41.43860946745562,19.139274691358025,0.1753356351992593,44,0,47,0.5052264808362369,0.0,0.3310104529616725,1
12,18,117,5382.75,6133.5,3790.0,287,0.06534922118758271,0.07446369386541053,0.046012456142480784,37.380208333333336,18.930555555555557,0.2768646358389948,31,41,44,0.1986062717770035,0.41114982578397213,0.28222996515679444,0
11,19,122,7212.75,6960.5,5395.125,219,0.15038781509976856,0.14512833343758472,0.11248983549133672,59.60950413223141,19.281163434903046,0.36247816447191616,38,45,54,0.6027397260273972,0.5662100456621004,0.3287671232876712,1
11,18,140,6150.5,6384.25,5184.5,243,0.10415925756575048,0.10811783434097105,0.08779996274280683,50.83057851239669,19.704475308641975,0.264515306122449,27,32,57,0.3950617283950617,0.30864197530864196,0.39094650205761317,1
13,16,123,5285.0,6080.875,3599.25,291,0.0624106942525478,0.0718092015918565,0.04250363127502037,31.272189349112427,23.75341796875,0.23790402538171723,29,32,51,0.41924398625429554,0.26804123711340205,0.3230240549828179,0
13,21,123,6661.0,6385.625,4909.75,271,0.09069865606405142,0.0869490475347558,0.06685298402799526,39.414201183431956,14.479875283446711,0.3245257452574526,33,28,56,0.26199261992619927,0.35793357933579334,0.2140221402214022,0
12,16,150,7049.0,7853.75,5577.5,295,0.08099971272622809,0.09024705544383797,0.06409077851192187,48.951388888888886,30.6787109375,0.24788888888888888,45,31,56,0.4135593220338983,0.2576271186440678,0.3152542372881356,0
13,15,136,6379.125,5792.375,4442.75,235,0.1155115436849253,0.10488682661837936,0.08044816659121774,37.74630177514793,25.74388888888889,0.2402005839100346,39,31,49,0.4127659574468085,0.44680851063829785,0.3872340425531915,0
11,17,103,7655.75,7057.0,6186.75,303,0.08338779422496705,0.07686610245182934,0.06738718426298075,63.27066115702479,24.418685121107266,0.5831605240833255,44,42,60,0.25742574257425743,0.31353135313531355,0.33003300330033003,1
13,17,125,8315.75,9434.75,6125.0,279,0.10682994822779769,0.12120540589149677,0.0786860394907568,49.205621301775146,32.6461937716263,0.392,38,43,58,0.36200716845878134,0.5985663082437276,0.31899641577060933,0
11,20,87,8628.75,8383.0,6812.75,267,0.12103901022598157,0.11759177432703502,0.09556523446815077,71.31198347107438,20.9575,0.900085876601929,51,43,67,0.37453183520599254,0.2546816479400749,0.250936329588015,1
13,20,153,6946.75,6783.75,4545.5,259,0.10355763927192499,0.10112774108913106,0.06776136312815849,41.10502958579882,16.959375,0.19417745311632278,46,40,51,0.5366795366795367,0.41312741312741313,0.3204633204633205,1
12,16,115,7107.5,7386.5,4718.5,307,0.07541194071024626,0.07837218432025804,0.050064191662511005,49.357638888888886,28.853515625,0.35678638941398866,48,34,54,0.42671009771986973,0.26384364820846906,0.2247557003257329,0
12,18,89,6555.25,6730.0,4428.25,231,0.12284721050954817,0.12612207417402221,0.08298663818144338,45.52256944444444,20.771604938271604,0.5590518873879561,33,34,55,0.27705627705627706,0.5021645021645021,0.42857142857142855,0
13,17,125,7602.875,6220.375,3586.875,223,0.15288614289448813,0.12508546321060146,0.07212843612379095,44.987426035502956,21.52378892733564,0.22956,45,27,47,0.4349775784753363,0.13901345291479822,0.37668161434977576,0
13,17,100,7470.25,6410.125,5249.0,311,0.07723503685859327,0.06627438715480609,0.05426949680007444,44.20266272189349,22.18036332179931,0.5249,38,33,54,0.4340836012861736,0.2765273311897106,0.17363344051446947,0
13,19,109,7232.5,6231.0,6000.125,279,0.09291376010071813,0.08004778972520908,0.07708180778766974,42.79585798816568,17.26038781163435,0.5050185169598519,45,43,61,0.36917562724014336,0.2724014336917563,0.4767025089605735,0
11,16,109,6008.375,6500.0,4092.25,191,0.16469874729311149,0.1781749403799238,0.11217483073380664,49.65599173553719,25.390625,0.34443649524450803,32,44,50,0.29842931937172773,0.6073298429319371,0.41361256544502617,1
11,16,106,6788.75,7293.25,5258.75,255,0.10440215301806997,0.112160707420223,0.08087274125336409,56.10537190082645,28.4892578125,0.4680268778924884,28,51,56,0.2196078431372549,0.4117647058823529,0.43137254901960786,0
13,17,125,6835.75,6326.125,4467.625,255,0.10512495194156093,0.09728758169934641,0.06870626682045367,40.44822485207101,21.889705882352942,0.285928,33,37,56,0.2901960784313726,0.25098039215686274,0.33725490196078434,0
12,17,143,7926.0,7738.25,4197.5,307,0.08409638298549586,0.0821043194092245,0.04453628155205891,55.041666666666664,26.775951557093425,0.20526676121081716,43,46,48,0.5211726384364821,0.511400651465798,0.32247557003257327,0
21,25,112,8844.25,7915.75,7423.0,287,0.10737352644805691,0.09610108171763648,0.09011885539462662,20.05498866213152,12.6652,0.5917570153061225,56,43,59,0.3344947735191638,0.3519163763066202,0.49825783972125437,0
13,18,111,6131.0,6300.0,5531.25,271,0.08348197873122642,0.08578314565433477,0.07531555942865702,36.27810650887574,19.444444444444443,0.44892865838811785,33,31,55,0.44649446494464945,0.33210332103321033,0.4317343173431734,1
11,17,112,5669.25,5218.0,4789.875,227,0.11002057094063537,0.10126336625977606,0.09295493799607987,46.853305785123965,18.05536332179931,0.3818459024234694,31,33,54,0.3876651982378855,0.32599118942731276,0.4801762114537445,1
11,16,128,5365.125,5850.0,3753.0,227,0.10411855460032216,0.1135283044499214,0.07283277377787266,44.33987603305785,22.8515625,0.22906494140625,33,35,47,0.5418502202643172,0.29515418502202645,0.3436123348017621,1
11,19,98,5785.25,6427.125,3987.75,239,0.10128061483517445,0.11251772553001523,0.06981232821554245,47.81198347107438,17.803670360110804,0.41521761765930865,28,31,49,0.4476987447698745,0.4225941422594142,0.38493723849372385,1
14,18,130,6498.25,6720.375,4482.5,247,0.10651297349571374,0.11015382976282188,0.0734727663131669,33.15433673469388,20.74189814814815,0.26523668639053255,24,24,54,0.19433198380566802,0.29554655870445345,0.3562753036437247,1
12,18,126,6294.25,7169.5,4996.0,279,0.0808603435207667,0.09210441798024177,0.0641821148238075,43.71006944444444,22.128086419753085,0.3146888384983623,43,33,55,0.23655913978494625,0.22939068100358423,0.32616487455197135,0
11,19,105,6470.0,6854.125,5255.125,279,0.08311815110288923,0.08805288986523811,0.06751101604552871,53.47107438016529,18.986495844875346,0.47665532879818595,34,33,58,0.4014336917562724,0.11827956989247312,0.4121863799283154,0
12,18,158,6029.75,6144.5,4750.875,271,0.08210332103321033,0.08366579975762857,0.06468968287468853,41.873263888888886,18.964506172839506,0.19030904502483575,30,44,55,0.3726937269372694,0.4132841328413284,0.33579335793357934,0
11,19,125,6200.25,6331.5,5228.5,219,0.12927691249139925,0.13201351097766936,0.10901565855591001,51.24173553719008,17.5387811634349,0.334624,39,29,53,0.4063926940639269,0.1415525114155251,0.4977168949771689,0
13,16,95,7248.0,6733.25,5539.25,243,0.12274551643550272,0.11402817998611323,0.09380768514284747,42.887573964497044,26.3017578125,0.6137673130193906,32,29,64,0.448559670781893,0.3292181069958848,0.3497942386831276,0
13,17,84,7039.75,7383.0,7250.75,287,0.08546601269895228,0.08963323580473237,0.08802765603564448,41.655325443786985,25.546712802768166,1.0276006235827664,35,42,64,0.34494773519163763,0.4634146341463415,0.5156794425087108,0
13,19,92,10114.5,8740.5,9869.0,307,0.10731678850703986,0.09273838449214315,0.10471198633407251,59.849112426035504,24.21191135734072,1.1659971644612477,62,45,61,0.5211726384364821,0.24429967426710097,0.5374592833876222,0
11,16,118,7323.375,6663.375,6566.875,247,0.12003761740071137,0.10921954137914078,0.10763780753659297,60.52376033057851,26.02880859375,0.4716227377190462,41,39,61,0.6396761133603239,0.46963562753036436,0.41700404858299595,0
11,15,100,7410.125,7766.0,5773.875,375,0.052694222222222226,0.055224888888888886,0.04105866666666667,61.24070247933884,34.51555555555556,0.5773875,36,39,53,0.17066666666666666,0.328,0.25333333333333335,0
11,16,123,7857.0,7904.25,5088.0,275,0.10389421487603306,0.10451900826446281,0.06727933884297521,64.93388429752066,30.8759765625,0.33630775332143564,46,35,57,0.4290909090909091,0.5054545454545455,0.3890909090909091,1
21,19,114,8067.0,7056.5,5396.25,343,0.06856836862191774,0.059979260342204355,0.04586736818842489,18.292517006802722,19.547091412742382,0.4152239150507849,51,37,56,0.3323615160349854,0.4110787172011662,0.30029154518950435,0
13,18,109,7450.75,7207.25,5093.75,255,0.11458285274894271,0.11083813917723952,0.0783352556708958,44.087278106508876,22.244598765432098,0.42873074657015403,47,38,51,0.4627450980392157,0.5058823529411764,0.48627450980392156,0
15,18,90,5430.5,5840.75,5700.5,239,0.09507011431872692,0.10225223648045377,0.09979692232278847,24.135555555555555,18.027006172839506,0.7037654320987654,43,35,61,0.4895397489539749,0.2175732217573222,0.4393305439330544,0
11,19,145,5925.0,5573.0,3509.5,227,0.1149837955326127,0.10815269071784821,0.06810727939606823,48.96694214876033,15.437673130193906,0.16692033293697978,35,21,43,0.3964757709251101,0.17180616740088106,0.2643171806167401,1
18,22,88,7116.125,6443.125,7781.75,255,0.10943675509419454,0.09908688965782392,0.11967320261437908,21.963348765432098,13.31224173553719,1.0048747417355373,34,32,59,0.47058823529411764,0.5607843137254902,0.4470588235294118,0
16,19,87,7049.625,6419.375,6863.875,303,0.07678577263666961,0.06992097724623947,0.07476255051247699,27.53759765625,17.782202216066484,0.9068404016382613,42,33,49,0.38283828382838286,0.1848184818481848,0.35973597359735976,0
17,25,64,5793.75,4807.0,5221.75,235,0.1049117247623359,0.08704391127206881,0.09455409687641467,20.04757785467128,7.6912,1.27484130859375,32,35,48,0.3446808510638298,0.3191489361702128,0.34893617021276596,1
19,20,84,5314.75,5353.875,5516.0,235,0.09623811679492983,0.09694658216387506,0.09988229968311453,14.72229916897507,13.3846875,0.7817460317460317,32,28,50,0.3446808510638298,0.3872340425531915,0.5063829787234042,0
12,16,124,3690.625,4092.0,4130.25,175,0.12051020408163265,0.13361632653061226,0.13486530612244899,25.62934027777778,15.984375,0.2686166753381894,29,35,43,0.7085714285714285,0.5485714285714286,0.6285714285714286,1
17,20,98,6563.0,6873.75,7206.125,311,0.06785496427869853,0.07106781360821332,0.07450424416621003,22.709342560553633,17.184375,0.7503253852561432,39,32,57,0.39228295819935693,0.26366559485530544,0.43729903536977494,1
20,23,80,14931.75,16247.75,14847.75,359,0.11585687572256578,0.1260678455319248,0.11520511169218116,37.329375,30.714083175803403,2.3199609375,97,95,95,0.5097493036211699,0.2646239554317549,0.2646239554317549,1
15,21,118,13762.625,13738.25,12568.0,319,0.13524459272216272,0.13500506087793948,0.12350507561836067,61.16722222222222,31.15249433106576,0.9026141913243321,89,90,89,0.6300940438871473,0.5736677115987461,0.46394984326018807,0
18,24,98,8486.375,7229.0,6309.875,231,0.15903703079027753,0.1354734731358108,0.1182488146773861,26.192515432098766,12.550347222222221,0.6570048937942524,48,41,55,0.31601731601731603,0.5584415584415584,0.5670995670995671,0
13,22,101,6726.75,6673.75,5590.875,279,0.0864165414113385,0.08573566629411236,0.07182429567965468,39.803254437869825,13.788739669421487,0.5480712675227919,34,45,54,0.3942652329749104,0.5483870967741935,0.4731182795698925,0
14,22,98,5698.0,6437.75,4791.75,211,0.1279845466184497,0.14460030098155927,0.10762898407493093,29.071428571428573,13.301136363636363,0.4989327363598501,32,34,46,0.5639810426540285,0.26540284360189575,0.5876777251184834,0
11,17,104,5856.0,5489.75,3866.5,239,0.1025192135992017,0.09610738607517376,0.06768964128779258,48.396694214876035,18.99567474048443,0.3574796597633136,39,35,41,0.401673640167364,0.25523012552301255,0.26778242677824265,0
14,23,94,9332.25,8432.5,7103.75,279,0.11988861910818206,0.10832980049074395,0.09125974743387161,47.61352040816327,15.940453686200378,0.8039554096876415,54,36,51,0.45878136200716846,0.35125448028673834,0.2903225806451613,0
20,25,97,7312.5,6615.5,6666.75,267,0.10257543239489963,0.09279832793278066,0.09351723267264234,18.28125,10.5848,0.7085503241577213,41,38,52,0.449438202247191,0.4606741573033708,0.37453183520599254,0
15,20,128,6431.125,6600.875,5657.0,243,0.10891166658199122,0.11178639773747227,0.09580179173229013,28.58277777777778,16.5021875,0.34527587890625,43,44,50,0.4156378600823045,0.48148148148148145,0.3045267489711934,0
11,17,129,7276.0,6719.5,6370.75,267,0.10206343194602253,0.09425717852684144,0.08936511944339239,60.13223140495868,23.250865051903116,0.3828345652304549,39,45,59,0.4044943820224719,0.2808988764044944,0.47191011235955055,0
15,18,110,7494.75,6755.0,5835.0,287,0.09098993553399944,0.08200900824339254,0.07083975767582465,33.31,20.848765432098766,0.48223140495867767,36,28,59,0.3554006968641115,0.1672473867595819,0.3205574912891986,1
12,18,107,5390.75,5894.875,4199.625,231,0.10102415621896141,0.11047159910796274,0.07870214201383033,37.435763888888886,18.19405864197531,0.36681151192243866,31,15,41,0.3333333333333333,0.08225108225108226,0.31601731601731603,1
11,14,116,7528.5,6677.5,5047.5,271,0.10251085905693005,0.09092332620743182,0.06872863931591346,62.21900826446281,34.06887755102041,0.3751114744351962,43,37,48,0.5092250922509225,0.45387453874538747,0.3948339483394834,0
15,18,92,7211.75,6447.0,5961.75,255,0.11090734332948866,0.09914648212226067,0.09168396770472895,32.05222222222222,19.89814814814815,0.7043655482041588,47,28,52,0.5098039215686274,0.4588235294117647,0.37254901960784315,0
11,16,172,7235.625,6449.125,4102.0,271,0.09852296401192794,0.08781368717746219,0.055854359281600194,59.79855371900826,25.19189453125,0.13865603028664142,52,34,33,0.4981549815498155,0.42066420664206644,0.33579335793357934,0
13,16,143,5438.25,5721.75,3862.75,227,0.10553765840594617,0.11103941469851929,0.07496264239554426,32.178994082840234,22.3505859375,0.18889676756809623,32,34,42,0.23788546255506607,0.2687224669603524,0.31277533039647576,0
11,17,74,7276.75,7511.75,8747.0,311,0.07523443719564521,0.07766410603695165,0.09043537597832942,60.138429752066116,25.992214532871973,1.5973338203067933,48,36,56,0.4565916398713826,0.1157556270096463,0.5691318327974276,0
12,20,109,7302.5,7733.75,6972.0,323,0.06999491991680165,0.0741284781796049,0.06682705671481563,50.71180555555556,19.334375,0.5868192913054456,54,40,59,0.3715170278637771,0.24148606811145512,0.4024767801857585,0
13,20,114,7110.0,6955.0,6121.375,247,0.11654018259601043,0.11399957383336885,0.10033560622203282,42.071005917159766,17.3875,0.4710199292089874,38,38,53,0.4048582995951417,0.5668016194331984,0.3562753036437247,0
13,18,96,8509.25,7155.25,5246.0,271,0.1158651162157378,0.09742854808621887,0.07143148922264131,50.35059171597633,22.084104938271604,0.5692274305555556,46,28,39,0.5940959409594095,0.34686346863468637,0.1992619926199262,0
11,18,80,6322.0,6456.25,6601.25,311,0.06536326133931618,0.06675127428376464,0.06825043165393245,52.247933884297524,19.926697530864196,1.0314453125,43,34,58,0.3054662379421222,0.17684887459807075,0.2315112540192926,0
13,16,78,6536.875,6739.0,6595.25,283,0.08162013509970158,0.08414388992246126,0.08234901172445654,38.67973372781065,26.32421875,1.0840318869165022,42,32,60,0.37809187279151946,0.31802120141342755,0.3710247349823322,0
12,18,88,6461.5,6800.125,5498.0,307,0.06855775658097168,0.07215063289796178,0.058334836443888,44.87152777777778,20.98804012345679,0.7099690082644629,0,40,55,0.0,0.3355048859934853,0.18566775244299674,1
11,20,83,7362.25,6248.0,5988.5,311,0.07611842309322692,0.0645981741297133,0.061915199387930234,60.84504132231405,15.62,0.8692843663811874,35,21,55,0.45980707395498394,0.13183279742765272,0.3504823151125402,1
15,20,98,6092.75,5630.0,5116.25,287,0.07396896890820576,0.06835095727761657,0.06211378066991222,27.07888888888889,14.075,0.5327207413577676,33,33,55,0.3205574912891986,0.27177700348432055,0.3693379790940767,1
12,14,97,6346.125,6019.25,6098.125,271,0.08641120082787544,0.08196034912378644,0.08303434049100639,44.0703125,30.710459183673468,0.6481161653735785,35,38,57,0.3247232472324723,0.5571955719557196,0.2177121771217712,0
11,15,96,7247.75,5815.0,6199.5,239,0.12688415819050786,0.10180143905043679,0.10853276378214667,59.89876033057851,25.844444444444445,0.6726888020833334,28,30,58,0.11715481171548117,0.4476987447698745,0.4476987447698745,1
13,18,84,5094.75,6134.625,4772.875,263,0.07365655134525582,0.08869038152929781,0.06900309387153204,30.14644970414201,18.93402777777778,0.6764278628117913,30,42,51,0.3193916349809886,0.33460076045627374,0.33079847908745247,0
12,15,113,5467.5,5549.625,3595.25,247,0.08961792522414726,0.09096403809274041,0.05892983002507827,37.96875,24.665,0.28156081133996397,31,34,38,0.3319838056680162,0.22672064777327935,0.38461538461538464,0
13,20,82,4830.25,4821.25,6764.75,235,0.0874649162516976,0.08730194658216388,0.12249434133091897,28.581360946745562,12.053125,1.0060603807257584,23,23,61,0.2127659574468085,0.20851063829787234,0.4595744680851064,1
14,19,116,4939.875,5403.125,3343.625,227,0.09586592016146248,0.1048560034155524,0.06488821828484931,25.20344387755102,14.967105263157896,0.24848580558858502,35,27,39,0.6079295154185022,0.5330396475770925,0.18502202643171806,1
11,20,97,6840.5,6505.25,4174.75,263,0.09889545894837283,0.09404863450389625,0.060355795226185144,56.53305785123967,16.263125,0.4436975236475715,33,30,37,0.2509505703422053,0.14068441064638784,0.1482889733840304,0
11,16,148,6360.5,5963.25,4109.75,299,0.07114573662486996,0.0667022740237805,0.045969843737765796,52.56611570247934,23.2939453125,0.18762554784514243,29,32,49,0.25752508361204013,0.2842809364548495,0.2709030100334448,0
13,15,112,6429.5,7345.625,5719.875,235,0.11642372114078768,0.1330126754187415,0.1035740153915799,38.044378698224854,32.647222222222226,0.4559849330357143,34,41,58,0.3148936170212766,0.31063829787234043,0.3702127659574468,0
11,15,107,7019.875,7917.875,5250.125,247,0.11506294153321642,0.12978208133226246,0.08605492632234589,58.01549586776859,35.190555555555555,0.4585662503275395,43,58,60,0.4777327935222672,0.340080971659919,0.242914979757085,0
13,17,115,7439.125,6991.5,4488.375,339,0.06473251189947878,0.06083744485342105,0.039056177722087346,44.01849112426036,24.19204152249135,0.33938563327032134,42,35,55,0.35693215339233036,0.23303834808259588,0.27728613569321536,0
13,19,167,7780.875,8380.625,5641.625,287,0.09446363316296179,0.1017448918889388,0.06849209047092959,46.04068047337278,23.215027700831026,0.20228853669905697,39,42,62,0.37282229965156793,0.3205574912891986,0.42160278745644597,0
11,18,115,7233.75,6867.5,4675.75,231,0.13556248945859337,0.12869886246509624,0.08762485710537658,59.78305785123967,21.195987654320987,0.3535538752362949,30,34,53,0.2510822510822511,0.24242424242424243,0.3463203463203463,1
11,20,97,6326.25,6642.75,5034.25,283,0.07899024834871206,0.08294210191162332,0.06285819525777572,52.28305785123967,16.606875,0.5350462323307471,30,32,60,0.3003533568904594,0.11307420494699646,0.4204946996466431,0
13,17,124,8554.625,6553.375,5183.25,223,0.1720248748215327,0.13178175712360995,0.10422992620000403,50.619082840236686,22.676038062283737,0.3371000260145682,58,24,58,0.43946188340807174,0.13004484304932734,0.5381165919282511,0
13,19,100,7482.5,7460.25,4658.0,287,0.09084121453459433,0.09057108863771565,0.05655040124318615,44.27514792899408,20.66551246537396,0.4658,35,51,55,0.5679442508710801,0.5749128919860628,0.2961672473867596,0
13,18,157,5418.125,5765.125,2854.75,243,0.09175642263205135,0.09763289810157666,0.04834544192111636,32.05991124260355,17.793595679012345,0.11581605744654956,34,29,24,0.38271604938271603,0.43621399176954734,0.24691358024691357,1
11,17,114,6188.25,5971.5,4359.0,203,0.15016743915164163,0.14490766580115994,0.1057778640588221,51.142561983471076,20.662629757785467,0.33541089566020316,28,38,53,0.3497536945812808,0.4975369458128079,0.3497536945812808,1
13,18,105,6154.75,6570.25,5370.5,275,0.08138512396694216,0.0868793388429752,0.07101487603305785,36.41863905325444,20.27854938271605,0.4871201814058957,33,32,59,0.34545454545454546,0.2509090909090909,0.4290909090909091,0
12,16,97,9459.5,7641.75,6936.5,263,0.13675924185690122,0.11047940551403085,0.10028336393471064,65.69097222222223,29.8505859375,0.7372196832819641,44,43,59,0.55893536121673,0.49049429657794674,0.39543726235741444,1
13,19,130,7182.5,7588.75,3826.75,279,0.09227142508446705,0.09749039709150704,0.049161110468776095,42.5,21.02146814404432,0.22643491124260354,35,49,42,0.3154121863799283,0.4050179211469534,0.3046594982078853,1
11,17,93,8225.125,8330.0,7221.375,275,0.10876198347107438,0.11014876033057851,0.09548925619834711,67.97623966942149,28.823529411764707,0.8349375650364204,46,43,57,0.4254545454545455,0.5818181818181818,0.5236363636363637,1
14,18,136,5673.0,5952.875,5011.375,283,0.07083369751151844,0.0743282473248511,0.0625725755097454,28.943877551020407,18.37307098765432,0.27094371756055363,28,31,53,0.26148409893992935,0.1872791519434629,0.26148409893992935,0
11,17,120,6553.375,6586.0,6003.125,255,0.10078239138792772,0.10128412149173395,0.0923202614379085,54.16012396694215,22.78892733564014,0.4168836805555556,36,32,60,0.35294117647058826,0.38823529411764707,0.4627450980392157,1
13,18,110,5170.25,5913.0,5533.0,211,0.11613059005862401,0.1328137283529121,0.12427843040362975,30.59319526627219,18.25,0.4572727272727273,18,31,57,0.08530805687203792,0.2938388625592417,0.5071090047393365,1
12,15,156,23696.0,24572.75,26540.25,311,0.24499333133445683,0.25405806391579905,0.2744000785765242,164.55555555555554,109.21222222222222,1.0905756903353057,143,141,144,0.8102893890675241,0.5498392282958199,0.617363344051447,1
13,21,122,6903.5,6998.125,6362.625,303,0.0751941530786742,0.07622482545284232,0.06930284612619678,40.849112426035504,15.8687641723356,0.42748085192152646,40,31,55,0.2706270627062706,0.2838283828382838,0.3795379537953795,1
12,18,111,14665.0,14292.75,14852.5,343,0.12465044326768608,0.12148637047488717,0.12624416697124496,101.84027777777777,44.113425925925924,1.2054622189757325,101,100,100,0.4139941690962099,0.5131195335276968,0.5685131195335277,1
11,20,138,132738.625,129644.25,132863.25,623,0.3419961533407707,0.3340236107067496,0.34231724503966465,1097.013429752066,324.110625,6.976646187775677,370,356,350,0.695024077046549,0.6404494382022472,0.7158908507223114,1
11,15,106,88935.25,94368.5,92245.0,575,0.2689913043478261,0.28542457466918714,0.2790018903591682,735.0020661157025,419.41555555555556,8.209772160911356,298,297,294,0.6730434782608695,0.6504347826086957,0.711304347826087,1
14,20,122,66628.75,62400.0,64178.875,431,0.35867997049972816,0.3359155043308337,0.34549165325337394,339.9426020408163,156.0,4.311937315237839,249,240,242,0.7795823665893271,0.617169373549884,0.7006960556844548,1
15,19,126,123743.25,104929.5,115625.75,783,0.201835704114737,0.1711488870294525,0.18859537522284692,549.97,290.6634349030471,7.2830530360292265,346,310,312,0.5402298850574713,0.49169859514687103,0.5568326947637292,1
16,20,146,142340.0,114186.875,126631.0,751,0.25237543905063997,0.2024586392577318,0.22452265155558235,556.015625,285.4671875,5.9406549071120285,369,324,326,0.5499334221038615,0.5033288948069241,0.6750998668442078,1
12,17,109,116422.25,94671.625,108321.5,647,0.2781169301185593,0.22615764352892556,0.2587653394934175,808.4878472222222,327.5834775086505,9.11720393906237,337,297,296,0.6769706336939721,0.5687789799072643,0.6460587326120556,1
12,16,91,57931.75,48096.75,54471.25,495,0.23643199673502704,0.19629323538414448,0.22230894806652382,402.30381944444446,187.8779296875,6.577858954232581,233,201,196,0.5656565656565656,0.6101010101010101,0.7232323232323232,1
17,22,139,100542.5,85719.25,88102.25,607,0.2728803715032474,0.23264888763438088,0.23911653987390386,347.8979238754325,177.10588842975207,4.559921846695306,311,274,270,0.6408566721581549,0.5930807248764415,0.7199341021416804,1
12,20,93,93390.0,75666.75,81987.0,567,0.2904920541604845,0.235363418344018,0.25502272239485646,648.5416666666666,189.166875,9.479361775927853,296,258,252,0.654320987654321,0.6243386243386243,0.7425044091710759,1
17,20,123,57516.625,42078.375,52468.125,527,0.20709621609554638,0.151508754937367,0.18891842407526763,199.01946366782008,105.1959375,3.4680497719611343,232,187,188,0.6413662239089184,0.5483870967741935,0.6489563567362429,1
13,17,161,19115.625,14638.0,19280.625,351,0.1551580344315387,0.11881397066582251,0.15649730927508707,113.11020710059172,50.65051903114187,0.743822576289495,119,88,97,0.6410256410256411,0.43874643874643876,0.5811965811965812,1
14,19,133,19716.25,14842.25,21289.25,375,0.14020444444444444,0.10554488888888888,0.15139022222222223,100.59311224489795,41.11426592797784,1.2035304426479734,116,85,107,0.424,0.416,0.5546666666666666,1
15,22,96,22808.5,16518.5,28137.25,431,0.12278411507259328,0.08892340157514225,0.15147016865757612,101.3711111111111,34.12913223140496,3.0530870225694446,131,85,135,0.5870069605568445,0.4547563805104408,0.5127610208816705,1
19,28,130,6513.5,6715.625,10519.0,343,0.05536383649669781,0.05708187064913429,0.08941002473459188,18.042936288088644,8.565848214285714,0.6224260355029586,19,37,91,0.10495626822157435,0.30612244897959184,0.3877551020408163,1
16,32,113,4603.5,5624.75,7752.0,275,0.06087272727272727,0.07437685950413223,0.10250578512396694,17.982421875,5.492919921875,0.6070953089513665,29,29,73,0.45454545454545453,0.41454545454545455,0.41454545454545455,1
24,30,86,7067.0,6600.25,10370.0,359,0.05483352860390593,0.051211970732691396,0.0804618213701011,12.269097222222221,7.333611111111111,1.4021092482422932,52,24,87,0.20612813370473537,0.2618384401114206,0.33147632311977715,1
13,22,111,7782.75,5821.875,8338.875,319,0.07648067530782914,0.0572112597163943,0.0819456864614145,46.05177514792899,12.028667355371901,0.6768018018018018,51,25,69,0.47648902821316613,0.11285266457680251,0.36990595611285265,1
19,25,87,4416.625,5090.5,6688.125,251,0.07010404596752433,0.08080030475706734,0.10615902922175839,12.234418282548477,8.1448,0.8836206896551724,0,32,69,0.0,0.36254980079681276,0.4342629482071713,1
14,17,90,4695.5,5383.375,7726.0,247,0.07696405448376469,0.08823903030700389,0.1266370535494763,23.956632653061224,18.627595155709344,0.9538271604938272,19,39,73,0.14979757085020243,0.39271255060728744,0.3441295546558704,1
14,20,84,5415.5,5606.0,10461.25,291,0.06395177194411969,0.06620139110308097,0.12353715709545235,27.630102040816325,14.015,1.4826034580498866,36,32,92,0.36082474226804123,0.2027491408934708,0.47079037800687284,1
18,25,127,5676.5,5875.25,6075.5,311,0.05868942628798296,0.06074430578674745,0.06281469381003091,17.520061728395063,9.4004,0.37668175336350673,30,33,67,0.2990353697749196,0.3858520900321543,0.33440514469453375,1
19,20,167,7476.25,7828.25,11202.25,315,0.0753464348702444,0.078893927941547,0.11289745527840767,20.70983379501385,19.570625,0.40167270249919323,35,30,97,0.4444444444444444,0.32063492063492066,0.30793650793650795,1
13,17,158,7299.75,6772.75,11883.25,255,0.11226066897347174,0.10415609381007306,0.18274894271434064,43.19378698224852,23.435121107266436,0.47601546226566255,39,35,99,0.4627450980392157,0.5294117647058824,0.39215686274509803,1
15,22,108,6938.75,7056.75,14952.0,383,0.047302456216894245,0.04810687917976127,0.10192993339650554,30.83888888888889,14.580061983471074,1.2818930041152263,37,38,113,0.26370757180156656,0.14360313315926893,0.29765013054830286,1
16,26,147,8437.0,8764.5,13171.25,375,0.05999644444444444,0.06232533333333334,0.09366222222222222,32.95703125,12.965236686390533,0.6095261233745198,39,36,104,0.21866666666666668,0.22933333333333333,0.328,1
19,20,161,7422.75,7408.25,11905.0,263,0.10731324726394773,0.10710361578163628,0.17211467564949617,20.56163434903047,18.520625,0.45928012036572663,36,30,95,0.34220532319391633,0.3231939163498099,0.4790874524714829,1
15,25,128,7578.125,7050.5,13052.375,259,0.11296976789254781,0.10510427691894873,0.1945763330898466,33.68055555555556,11.2808,0.7966537475585938,39,37,106,0.4942084942084942,0.23166023166023167,0.5521235521235521,1
12,17,80,11310.5,11298.375,28304.625,367,0.0839749348499135,0.08388491265062477,0.2101480076323976,78.54513888888889,39.094723183391004,4.42259765625,65,63,161,0.5177111716621253,0.4659400544959128,0.47411444141689374,1
13,20,107,11305.25,12717.875,30306.25,295,0.12990807239299051,0.14614047687446136,0.3482476299913818,66.89497041420118,31.7946875,2.647065245873002,65,64,161,0.7016949152542373,0.6644067796610169,0.7288135593220338,1
13,18,95,10379.5,9031.75,18958.5,387,0.06930339389326229,0.06030453565157008,0.1265849408088456,61.417159763313606,27.875771604938272,2.1006648199445985,52,52,131,0.48320413436692505,0.16795865633074936,0.49870801033591733,1
16,23,122,10157.125,9285.5,18493.5,331,0.09270748715327534,0.08475187338560254,0.16879637827329066,39.67626953125,17.552930056710775,1.2425087342112335,47,42,129,0.46827794561933533,0.22356495468277945,0.48036253776435045,1
16,19,119,7199.75,7126.125,10216.0,287,0.0874084910585293,0.08651464750088018,0.12402724325899307,28.1240234375,19.739958448753463,0.7214179789562885,36,25,92,0.4634146341463415,0.13240418118466898,0.397212543554007,1
12,19,94,7418.875,7092.625,12339.75,323,0.07111038158134364,0.06798325489557075,0.11827727669200318,51.51996527777778,19.647160664819946,1.3965312358533273,39,32,101,0.4117647058823529,0.2786377708978328,0.5263157894736842,1
14,20,110,5249.5,5169.25,6966.125,279,0.06743875335620046,0.06640780565511749,0.08949172030164053,26.783163265306122,12.923125,0.5757128099173554,33,29,72,0.3548387096774194,0.4444444444444444,0.3548387096774194,1
12,20,96,5798.5,5424.125,10724.75,283,0.07240070421655907,0.0677262170834946,0.1339103996803556,40.267361111111114,13.5603125,1.1637098524305556,30,21,90,0.18021201413427562,0.2049469964664311,0.4134275618374558,1
14,19,118,5447.75,5474.5,8224.75,283,0.06802120141342756,0.06835520483462149,0.10269512667157787,27.794642857142858,15.164819944598339,0.5906887388681413,28,26,77,0.3286219081272085,0.16607773851590105,0.2968197879858657,1
16,19,112,7711.875,7829.375,15879.625,375,0.05484,0.055675555555555555,0.11292177777777777,30.12451171875,21.68801939058172,1.2659139827806123,47,46,116,0.4613333333333333,0.42933333333333334,0.3253333333333333,1
12,18,134,7006.75,6978.75,13375.25,303,0.07631877049091047,0.07601378949776166,0.14568560816477688,48.657986111111114,21.53935185185185,0.7448902873691245,36,32,107,0.33993399339933994,0.2838283828382838,0.49504950495049505,1
14,17,151,6410.0,5764.0,8574.0,247,0.10506646560343556,0.09447786392171646,0.140536642134767,32.704081632653065,19.94463667820069,0.37603613876584363,41,34,80,0.3805668016194332,0.2550607287449393,0.46153846153846156,1
13,18,90,7015.0,7205.5,15569.375,295,0.0806090203964378,0.08279804653835104,0.1789069232979029,41.50887573964497,22.239197530864196,1.922145061728395,38,30,112,0.4101694915254237,0.3016949152542373,0.4847457627118644,1
14,19,84,12441.375,10778.125,28969.5,359,0.0965338180181718,0.08362850226177637,0.22477711997889527,63.47640306122449,29.85630193905817,4.105654761904762,75,61,162,0.35097493036211697,0.35097493036211697,0.6880222841225627,1
12,19,96,8519.5,7362.625,13666.25,263,0.12316933886567683,0.10644399947953563,0.1975776720785323,59.16319444444444,20.395083102493075,1.4828830295138888,59,39,108,0.5931558935361216,0.4828897338403042,0.5513307984790875,1
16,18,114,6984.5,7134.75,13785.25,323,0.06694686999779544,0.06838702565921269,0.13213248473578776,27.283203125,22.020833333333332,1.0607302246845183,44,34,107,0.2786377708978328,0.3157894736842105,0.4984520123839009,1
12,18,116,6421.0,6193.25,11213.75,335,0.057215415460013366,0.05518601024727111,0.09992203163288037,44.59027777777778,19.11496913580247,0.8333642984542212,31,29,94,0.40298507462686567,0.21791044776119403,0.3522388059701492,1
14,18,125,6500.5,6191.25,11513.5,295,0.07469692617064062,0.07114334961218041,0.13230106291295604,33.16581632653061,19.108796296296298,0.736864,49,31,92,0.5084745762711864,0.1864406779661017,0.4406779661016949,1
13,19,115,7213.5,6729.75,10424.0,311,0.07458049441176166,0.0695789952543915,0.107773906390546,42.68343195266272,18.64196675900277,0.7882041587901701,44,29,89,0.4790996784565916,0.35691318327974275,0.3408360128617363,1
14,20,202,6115.75,5635.5,8724.5,271,0.08327432905325363,0.07673506624365137,0.11879604035892757,31.20280612244898,14.08875,0.21381482207626704,33,31,80,0.5129151291512916,0.3837638376383764,0.47601476014760147,1
16,19,101,7381.375,6857.125,13476.625,303,0.08039925279656679,0.07468902830877147,0.1467898027426505,28.83349609375,18.994806094182824,1.3211082246838546,38,30,104,0.297029702970297,0.20462046204620463,0.46204620462046203,1
12,17,136,6306.75,7022.375,13907.0,279,0.08102092727482946,0.09021434719492298,0.17865906142007426,43.796875,24.29887543252595,0.7518923010380623,36,38,104,0.43010752688172044,0.35842293906810035,0.46236559139784944,1
14,18,148,6556.25,6472.25,9943.25,295,0.07533754668198793,0.0743723068083884,0.11425739729962654,33.45025510204081,19.97608024691358,0.4539467677136596,36,27,89,0.41694915254237286,0.2677966101694915,0.3898305084745763,1
13,17,130,6519.25,6136.75,13561.0,259,0.09718474679864642,0.09148268511202874,0.20215858439796663,38.57544378698225,21.234429065743946,0.8024260355029585,38,33,101,0.4749034749034749,0.38223938223938225,0.528957528957529,1
14,19,95,6913.25,6162.75,12729.5,311,0.07147620475387971,0.06371677298621808,0.13161050857621406,35.27168367346939,17.071329639889196,1.4104709141274239,40,30,99,0.43729903536977494,0.2990353697749196,0.44694533762057875,1
12,20,86,5680.75,5168.125,7976.125,363,0.043111429850723616,0.03922109904454007,0.06053111885193027,39.44965277777778,12.9203125,1.078437669010276,32,27,72,0.0881542699724518,0.1184573002754821,0.371900826446281,1
16,19,102,5539.75,5401.25,7086.0,279,0.07116750812553796,0.06938824013052247,0.09103171850310247,21.6396484375,14.96191135734072,0.6810841983852365,38,31,69,0.36917562724014336,0.23655913978494625,0.25089605734767023,1
12,18,99,7359.25,6539.875,8271.5,323,0.07053887222152996,0.0626851115222038,0.07928284561339609,51.10590277777778,20.18479938271605,0.843944495459647,30,31,82,0.09287925696594428,0.11145510835913312,0.3931888544891641,1
14,18,129,7874.5,7067.5,6100.0,303,0.0857704582339422,0.07698047032426016,0.06644228779313575,40.17602040816327,21.813271604938272,0.3665645093443904,52,37,60,0.41254125412541254,0.19801980198019803,0.35313531353135313,1
13,19,152,7293.75,7024.5,11328.75,295,0.08381212295317438,0.08071818442976156,0.13017810973858088,43.15828402366864,19.458448753462605,0.4903371710526316,30,28,97,0.37966101694915255,0.18983050847457628,0.41694915254237286,1
14,18,115,6907.0,6429.75,8676.125,305,0.07424885783391562,0.0691185165278151,0.09326659500134372,35.23979591836735,19.84490740740741,0.6560396975425331,40,28,81,0.4360655737704918,0.35737704918032787,0.4163934426229508,1
16,19,112,6993.5,6821.0,10524.0,255,0.10755094194540561,0.10489811610918877,0.16184544405997695,27.318359375,18.894736842105264,0.8389668367346939,31,33,92,0.4980392156862745,0.396078431372549,0.396078431372549,1
12,18,96,6634.0,6852.5,11941.75,287,0.08054000898396241,0.08319270599375979,0.14497869344049338,46.06944444444444,21.14969135802469,1.2957628038194444,42,22,96,0.5017421602787456,0.3205574912891986,0.3902439024390244,1
14,20,109,6061.0,5966.125,8852.5,283,0.07567830788248074,0.07449368827179763,0.11053328172408196,30.9234693877551,14.9153125,0.7450972140392222,36,30,79,0.45936395759717313,0.30742049469964666,0.2791519434628975,1
13,20,132,6541.75,6785.0,9882.75,311,0.06763526018134634,0.07015022590750716,0.10217791379328171,38.7085798816568,16.9625,0.5671918044077136,39,22,85,0.33440514469453375,0.17041800643086816,0.44694533762057875,1
14,19,125,6497.0,7693.0,11357.0,335,0.057892626420138114,0.06854978837157497,0.10119848518601025,33.14795918367347,21.310249307479225,0.726848,35,45,90,0.3970149253731343,0.4537313432835821,0.3970149253731343,1
12,18,98,6303.875,6183.125,5755.75,263,0.09113728693489859,0.08939156269427055,0.08321285546993595,43.77690972222222,19.08371913580247,0.5993075801749271,45,32,63,0.4866920152091255,0.18250950570342206,0.39543726235741444,1
16,19,104,6663.75,5760.75,8352.5,315,0.06715797430083144,0.05805744520030234,0.08417737465356513,26.0302734375,15.95775623268698,0.7722355769230769,40,28,79,0.36507936507936506,0.3746031746031746,0.4031746031746032,1
12,19,111,7788.75,6428.5,10720.25,267,0.10925598619702899,0.09017520234538288,0.15037733731711764,54.088541666666664,17.80747922437673,0.8700795389984579,38,30,88,0.5580524344569289,0.3258426966292135,0.49063670411985016,1
12,17,104,7650.875,8045.375,10621.25,311,0.07910252168608678,0.08318126363457781,0.10981327736479152,53.131076388888886,27.838667820069205,0.9819942677514792,6,7,89,0.01929260450160772,0.03215434083601286,0.4212218649517685,1
14,19,130,6664.75,7246.75,13401.25,383,0.04543455882854202,0.049402136492852224,0.0913582477213697,34.003826530612244,20.07409972299169,0.7929733727810651,36,23,104,0.32114882506527415,0.10182767624020887,0.360313315926893,1
14,18,139,7839.75,8108.0,10112.875,279,0.10071491887308745,0.10416104623527447,0.129917074549402,39.99872448979592,25.02469135802469,0.5234136431861705,45,2,92,0.33691756272401435,0.007168458781362007,0.45878136200716846,1
16,18,136,7047.625,6435.625,8388.875,287,0.0855616190557127,0.07813163933033059,0.10184505092935449,27.52978515625,19.86304012345679,0.453550767733564,35,29,80,0.3344947735191638,0.27526132404181186,0.39372822299651566,1
12,16,125,7938.5,7542.625,8320.5,343,0.06747613664374538,0.06411125466429804,0.07072308306912936,55.12847222222222,29.46337890625,0.532512,40,37,75,0.3323615160349854,0.30029154518950435,0.3177842565597668,0
12,20,103,6729.0,6064.75,7198.75,283,0.08401902883042615,0.0757251307919939,0.08988437862877549,46.729166666666664,15.161875,0.6785512300876614,32,22,71,0.4452296819787986,0.24028268551236748,0.4204946996466431,1
12,18,121,5974.75,5775.0,7782.5,299,0.06683090793167862,0.06459659287927429,0.08705159897540296,41.49131944444444,17.824074074074073,0.5315552216378663,34,31,74,0.3277591973244147,0.36789297658862874,0.38461538461538464,1
14,18,105,8319.75,7348.5,8749.75,275,0.11001322314049587,0.09717024793388429,0.115699173553719,42.44770408163265,22.680555555555557,0.7936281179138323,33,28,81,0.4,0.2909090909090909,0.3890909090909091,1
12,19,110,7330.75,6416.5,6209.25,295,0.08423728813559322,0.07373168629704108,0.07135018672795174,50.907986111111114,17.774238227146814,0.5131611570247934,31,31,68,0.3525423728813559,0.3423728813559322,0.3050847457627119,1
18,19,130,6884.75,5875.5,8028.5,335,0.06134773891735353,0.052354644687012696,0.07153931833370461,21.249228395061728,16.275623268698062,0.4750591715976331,28,27,78,0.3373134328358209,0.3253731343283582,0.39104477611940297,1
12,18,90,6370.75,6336.25,7980.0,299,0.07126038858625743,0.07087448686256306,0.0892607465240881,44.24131944444444,19.556327160493826,0.9851851851851852,30,34,78,0.3612040133779264,0.36454849498327757,0.4080267558528428,1
12,17,119,6004.25,5987.0,10213.75,251,0.09530404279297154,0.09503023761527594,0.1621204425326582,41.69618055555556,20.716262975778548,0.721259091872043,33,30,88,0.3187250996015936,0.50199203187251,0.5856573705179283,1
14,19,121,6789.375,6230.875,8121.875,319,0.06671883137940861,0.06123048122561689,0.0798132388636118,34.639668367346935,17.260041551246537,0.5547349907793183,33,24,80,0.3667711598746082,0.14106583072100312,0.25391849529780564,1
12,20,98,8960.5,7414.875,9524.375,311,0.09264275596819718,0.07666251382843436,0.09847266881028939,62.22569444444444,18.5371875,0.9917091836734694,30,28,82,0.28938906752411575,0.21864951768488747,0.26366559485530544,1
16,19,101,8149.75,9168.75,13038.25,399,0.05119157542980258,0.05759228899315959,0.081898040841452,31.8349609375,25.39819944598338,1.2781344966179786,41,40,98,0.37593984962406013,0.3107769423558897,0.39598997493734334,1
12,19,103,7080.0,6720.0,7487.0,315,0.07135298563869992,0.06772486772486773,0.07545477450239355,49.166666666666664,18.614958448753463,0.7057215571684419,27,37,74,0.2920634920634921,0.25396825396825395,0.29523809523809524,1
14,17,104,6979.25,7833.25,9323.5,255,0.10733179546328335,0.12046520569011919,0.14338331410995772,35.608418367346935,27.10467128027682,0.8620099852071006,36,37,84,0.3176470588235294,0.1450980392156863,0.4549019607843137,1
12,19,101,7243.875,6769.75,8472.75,295,0.08323901177822465,0.07779086469405343,0.09735995403619649,50.3046875,18.752770083102494,0.8305803352612489,38,33,79,0.46440677966101696,0.376271186440678,0.30847457627118646,1
14,16,147,5015.75,5911.0,8638.75,287,0.06089366145030291,0.07176243489662373,0.10487865580497517,25.590561224489797,23.08984375,0.39977555648109586,26,20,80,0.2264808362369338,0.1916376306620209,0.3623693379790941,1
16,17,114,4516.75,5645.25,5539.25,239,0.07907337056424082,0.09882967735158699,0.09697396754258504,17.6435546875,19.533737024221452,0.42622730070791015,34,38,59,0.301255230125523,0.3807531380753138,0.39330543933054396,1
12,20,87,6069.375,6169.25,6829.75,279,0.07797144178517748,0.079254505980139,0.08773975154481571,42.1484375,15.423125,0.902331880036993,32,36,71,0.26523297491039427,0.25806451612903225,0.44802867383512546,1
12,19,91,6484.0,7159.75,9179.25,271,0.08828855816233439,0.09748982176168625,0.12498808567421467,45.02777777777778,19.833102493074794,1.1084711991305398,32,25,82,0.44649446494464945,0.2915129151291513,0.30996309963099633,1
12,20,90,5507.25,4729.875,6851.375,223,0.11074523919644473,0.09511301252790122,0.13777423636107702,38.244791666666664,11.8246875,0.8458487654320987,29,25,71,0.21076233183856502,0.3991031390134529,0.3811659192825112,1
16,20,76,5170.5,4840.25,7158.5,271,0.0704034531120219,0.06590664615133236,0.09747280129627865,20.197265625,12.100625,1.2393524930747923,24,35,74,0.28413284132841327,0.1992619926199262,0.35793357933579334,1
14,19,86,6722.75,5632.125,5100.125,259,0.10021839268943517,0.08396006320716745,0.07602935257375412,34.29974489795919,15.601454293628809,0.6895788263926447,40,33,56,0.3204633204633205,0.32432432432432434,0.39768339768339767,1
25,25,110,6775.0,5012.0,6344.25,303,0.07379450816368766,0.05459159777363875,0.06910270234944287,10.84,8.0192,0.5243181818181818,38,19,67,0.38943894389438943,0.0627062706270627,0.22772277227722773,1
12,18,105,5485.75,5698.25,7564.625,259,0.08177799973166769,0.08494581177978862,0.11276851865654955,38.095486111111114,17.58719135802469,0.6861337868480726,37,27,73,0.40540540540540543,0.3281853281853282,0.3745173745173745,1
15,21,105,6030.25,5315.75,6183.0,235,0.10919420552286102,0.09625622453598913,0.11196016296966953,26.801111111111112,12.053854875283447,0.5608163265306122,23,31,62,0.3276595744680851,0.24680851063829787,0.48936170212765956,1
12,18,117,6372.625,5889.375,8148.0,303,0.06941176790946421,0.06414812273306539,0.08874946900630658,44.25434027777778,18.177083333333332,0.5952224413762875,42,33,77,0.35973597359735976,0.2607260726072607,0.3696369636963696,1
22,18,121,5706.0,6321.0,9796.375,335,0.050844286032523944,0.056324348407217645,0.087292269993317,11.789256198347108,19.50925925925926,0.6691055938801994,27,34,86,0.31343283582089554,0.2507462686567164,0.3880597014925373,1
16,20,119,7063.25,8622.25,11334.25,351,0.05733110932541132,0.0699852273926348,0.09199803573022947,27.5908203125,21.555625,0.8003848598262835,33,39,97,0.34472934472934474,0.25925925925925924,0.28205128205128205,1
14,19,140,4950.0,5365.75,7737.5,239,0.08665814674112848,0.0939365557325677,0.1354580627089862,25.255102040816325,14.863573407202216,0.3947704081632653,18,35,75,0.07531380753138076,0.46443514644351463,0.3389121338912134,1
12,16,134,6787.625,7126.25,11084.375,291,0.08015522962648056,0.08415406053305936,0.13089565545990245,47.13628472222222,27.8369140625,0.6173075852082869,32,34,94,0.40893470790378006,0.38831615120274915,0.4948453608247423,1
13,20,149,6517.75,6867.75,9371.25,303,0.07099249528913287,0.07480475770349312,0.10207332614449564,38.56656804733728,17.169375,0.4221093644430431,35,37,84,0.297029702970297,0.38943894389438943,0.37293729372937295,1
15,20,114,6221.25,6828.0,12945.5,295,0.07148807813846596,0.07846021258259121,0.14875610456765298,27.65,17.07,0.996114188981225,36,33,101,0.2745762711864407,0.27796610169491526,0.376271186440678,1
13,19,89,6236.625,5761.5,11107.625,271,0.08492020805816915,0.07845072915673806,0.15124555765852862,36.90310650887574,15.95983379501385,1.4023008458527964,32,32,91,0.25461254612546125,0.28413284132841327,0.36531365313653136,1
16,20,146,6326.5,5831.75,6863.0,343,0.05377436272301507,0.049569057110557674,0.05833453748013158,24.712890625,14.579375,0.32196472133608556,30,26,66,0.2857142857142857,0.2594752186588921,0.35276967930029157,1
12,20,111,6856.5,6294.25,11849.75,271,0.09336065685380102,0.08570485151345979,0.16135060797102435,47.614583333333336,15.735625,0.9617522928333739,37,33,92,0.5719557195571956,0.19557195571955718,0.4095940959409594,1
23,26,111,7934.75,7587.0,13500.375,359,0.061566483810647034,0.05886825831581071,0.10475070025837788,14.99952741020794,11.22337278106509,1.0957207207207207,25,26,99,0.2618384401114206,0.19220055710306408,0.28133704735376047,1
12,19,85,8452.625,7419.625,16332.0,303,0.09206749882909084,0.08081587861756473,0.1778910564323759,58.69878472222222,20.55297783933518,2.2604844290657438,41,33,112,0.3795379537953795,0.29042904290429045,0.3696369636963696,1
16,25,102,9385.25,9193.0,21977.5,367,0.0696808945051192,0.0682535322112422,0.16317219669015287,36.6611328125,14.7088,2.1124086889657825,50,47,136,0.1444141689373297,0.3760217983651226,0.5258855585831063,1
21,21,137,5875.5,5936.75,13299.5,279,0.07548078775966394,0.0762676481545715,0.17085469097262368,13.32312925170068,13.462018140589569,0.708588630188076,27,28,103,0.34767025089605735,0.2078853046594982,0.4910394265232975,1
18,25,105,7133.5,6620.5,11895.5,311,0.07375337310408288,0.06844945771859265,0.1229877689436627,22.016975308641975,10.5928,1.0789569160997732,38,28,96,0.4340836012861736,0.2347266881028939,0.3408360128617363,1
13,19,124,7054.625,5533.5,9497.25,279,0.09062865328040492,0.07108721624850657,0.12200832466181061,41.74334319526627,15.328254847645429,0.6176671436004162,48,33,83,0.2939068100358423,0.23297491039426524,0.5376344086021505,1
13,20,115,6920.25,6325.625,11476.125,335,0.06166406772109601,0.05636556025840945,0.10225996881265315,40.94822485207101,15.8140625,0.8677599243856333,37,21,95,0.3940298507462687,0.12238805970149254,0.46567164179104475,1
14,18,163,6122.5,5473.0,8219.0,303,0.06668736180548748,0.05961289198226753,0.08952281366750536,31.237244897959183,16.891975308641975,0.3093454778124882,22,32,71,0.13861386138613863,0.36303630363036304,0.37623762376237624,1
16,26,162,6204.25,6005.5,7385.25,331,0.05662827100884439,0.054814213086773575,0.0674076541835142,24.2353515625,8.88387573964497,0.281407178783722,31,18,65,0.15709969788519637,0.10876132930513595,0.23564954682779457,1
19,24,74,6732.625,6134.0,15067.0,327,0.06296350849629193,0.05736516754107866,0.14090658287274735,18.649930747922436,10.649305555555555,2.7514609203798392,29,24,104,0.29357798165137616,0.12844036697247707,0.5076452599388379,1
12,20,94,7694.75,6645.5,15923.625,327,0.07196130142430959,0.06214871550281027,0.14891773980865808,53.435763888888886,16.61375,1.8021304889090086,26,39,107,0.22018348623853212,0.40672782874617736,0.45871559633027525,1
13,19,118,5820.5,5627.25,10647.5,275,0.07696528925619835,0.0744099173553719,0.14079338842975206,34.44082840236686,15.587950138504155,0.7646868715886239,28,25,85,0.4109090909090909,0.2,0.48727272727272725,1
12,19,124,10456.5,10806.5,26991.5,367,0.07763440221547417,0.08023298116401488,0.20039869625581896,72.61458333333333,29.934903047091414,1.7554305411030178,45,42,144,0.3242506811989101,0.26975476839237056,0.6130790190735694,1
14,19,89,9400.75,9738.75,22969.0,343,0.07990505656656666,0.08277800916284882,0.19523327865090226,47.963010204081634,26.97714681440443,2.8997601312965533,50,47,136,0.3498542274052478,0.3236151603498542,0.41690962099125367,1
16,21,98,10425.625,8774.0,21377.5,359,0.08089342106284092,0.06807830479279335,0.16587006618508546,40.72509765625,19.895691609977323,2.225895460224906,53,38,124,0.4206128133704735,0.3816155988857939,0.5125348189415042,1
14,20,92,12166.625,12298.75,29920.75,391,0.0795823221983111,0.08044655647202727,0.19571267848849758,62.07461734693877,30.746875,3.5350602551984878,50,52,157,0.4398976982097187,0.24808184143222506,0.47570332480818417,1
12,20,82,12597.75,11785.75,25030.25,343,0.10707910819471479,0.10017722207583575,0.21275361456535968,87.484375,29.464375,3.722523795359905,54,51,133,0.41690962099125367,0.5189504373177842,0.5189504373177842,1
13,19,77,8891.0,7874.25,20158.5,339,0.07736619068751577,0.06851880857284569,0.1754118046310074,52.6094674556213,21.812326869806093,3.3999831337493673,38,35,127,0.3746312684365782,0.2743362831858407,0.4365781710914454,1
14,17,77,9688.875,9048.5,20779.875,327,0.09061035827511714,0.08462157132302743,0.19433338944533288,49.433035714285715,31.30968858131488,3.5047857986169673,40,40,127,0.44036697247706424,0.41590214067278286,0.46788990825688076,1
12,18,103,9164.0,8677.75,19627.25,375,0.06516622222222222,0.06170844444444445,0.13957155555555556,63.638888888888886,26.78317901234568,1.850056555754548,46,46,126,0.2906666666666667,0.41333333333333333,0.4186666666666667,1
16,21,81,8841.25,7780.75,19905.25,359,0.06860010397188104,0.060371583088275234,0.15444673768825506,34.5361328125,17.64342403628118,3.0338744093888126,46,42,126,0.12813370473537605,0.27298050139275765,0.5292479108635098,1
12,17,102,6471.25,6859.25,14335.25,343,0.055004717422162536,0.0583026630060604,0.12184761451436052,44.939236111111114,23.734429065743946,1.377859477124183,32,29,101,0.41690962099125367,0.2915451895043732,0.40524781341107874,1
14,17,83,7068.25,7381.875,13295.0,335,0.06298284695923369,0.06577745600356427,0.11846736466919136,36.0625,25.54282006920415,1.9298882276092322,33,30,101,0.3373134328358209,0.21791044776119403,0.33134328358208953,1
14,20,122,7137.5,8139.75,13944.25,351,0.05793378300500807,0.06606886307741008,0.11318292870999423,36.41581632653061,20.349375,0.9368617307175491,38,35,106,0.38461538461538464,0.19373219373219372,0.3817663817663818,1
12,18,105,5984.0,6284.0,11011.25,287,0.07264869064818075,0.07629083757238767,0.13368196773057825,41.55555555555556,19.395061728395063,0.9987528344671202,39,37,85,0.313588850174216,0.37630662020905925,0.554006968641115,1
16,20,81,6499.5,6023.0,10894.0,303,0.0707937130346698,0.0656035900619765,0.11865939069154441,25.388671875,15.0575,1.660417619265356,31,31,95,0.31353135313531355,0.3201320132013201,0.36303630363036304,1
12,20,106,6897.25,7765.25,15196.0,323,0.0661105732825964,0.07443040765271401,0.14565461185288847,47.89756944444444,19.413125,1.352438590245639,30,41,106,0.2724458204334365,0.3931888544891641,0.47987616099071206,1
12,19,124,6407.25,6299.125,14182.0,255,0.0985351787773933,0.0968723567858516,0.21810073048827375,44.494791666666664,17.44909972299169,0.9223465140478668,42,35,100,0.2784313725490196,0.4470588235294118,0.5568627450980392,1
13,17,94,9540.125,9801.0,22564.0,323,0.09144269570301641,0.09394319891880494,0.21627735337250428,56.45044378698225,33.91349480968858,2.553644182888185,51,50,141,0.5820433436532507,0.5139318885448917,0.6439628482972136,1
14,20,102,11006.5,10656.0,24515.0,315,0.1109246661627614,0.1073922902494331,0.24706475182665658,56.15561224489796,26.64,2.356305267204921,60,54,151,0.5682539682539682,0.3142857142857143,0.6253968253968254,1
12,17,105,10553.25,10881.25,25095.75,351,0.08565880147076728,0.08832111752339672,0.2036976160907785,73.28645833333333,37.65138408304498,2.2762585034013605,60,60,153,0.396011396011396,0.17094017094017094,0.5327635327635327,1
16,18,56,8735.0,9309.5,23128.0,327,0.08168971934648224,0.08706244330350045,0.21629305426965556,34.12109375,28.733024691358025,7.375,56,54,148,0.4923547400611621,0.17737003058103976,0.581039755351682,1
12,18,91,9466.5,11292.25,26666.75,315,0.09540438397581255,0.1138044847568657,0.26875031494079116,65.73958333333333,34.85262345679013,3.220233063639657,53,53,158,0.5904761904761905,0.45396825396825397,0.6158730158730159,1
12,19,85,7351.75,8617.75,24138.5,331,0.06710188844570604,0.07865709513421747,0.22032018692783015,51.05381944444444,23.871883656509695,3.340968858131488,43,43,146,0.45317220543806647,0.47129909365558914,0.6102719033232629,1
14,19,92,6827.75,7795.75,15082.0,335,0.06083983069725997,0.06946535976832256,0.1343907329026509,34.83545918367347,21.594875346260388,1.7818998109640831,41,38,110,0.417910447761194,0.417910447761194,0.417910447761194,1
12,19,77,7108.25,7215.0,13626.0,295,0.08168055156564205,0.0829072105716748,0.15657569663889687,49.36284722222222,19.986149584487535,2.298195311182324,40,29,105,0.29491525423728815,0.23728813559322035,0.5898305084745763,1
17,20,68,6521.0,6757.0,10584.0,327,0.06098439151212487,0.06319146349446829,0.09898156720814746,22.56401384083045,16.8925,2.2889273356401385,34,31,89,0.41284403669724773,0.09480122324159021,0.363914373088685,1
14,22,96,8964.75,9579.75,16175.5,319,0.08809612720000787,0.09413969988502471,0.15895578856339856,45.73852040816327,19.792871900826448,1.7551540798611112,42,46,98,0.34169278996865204,0.3448275862068966,0.6300940438871473,1
14,28,124,6368.5,6962.25,9420.5,307,0.06757100871096776,0.07387081030037454,0.09995331515453745,32.49234693877551,8.880420918367347,0.6126755983350677,31,31,82,0.2931596091205212,0.10097719869706841,0.4527687296416938,1
14,20,87,10051.5,9411.5,18375.0,335,0.08956560481176208,0.08386277567386946,0.16373357095121407,51.28316326530612,23.52875,2.4276654776060247,42,36,126,0.3373134328358209,0.3522388059701492,0.43283582089552236,1
12,20,88,8753.0,7731.375,19649.125,271,0.119184106970221,0.10527328059258452,0.2675498018817827,60.78472222222222,19.3284375,2.5373353564049586,55,49,131,0.6346863468634686,0.5350553505535055,0.6199261992619927,1
13,18,108,8732.75,8133.0,16838.75,371,0.06344584825742329,0.05908849833988419,0.12233818411665129,51.67307692307692,25.10185185185185,1.4436514060356653,44,39,121,0.41778975741239893,0.3746630727762803,0.48517520215633425,1
13,19,96,7915.0,8682.875,19440.875,287,0.09609197635032597,0.10541435491507728,0.2360217436171375,46.83431952662722,24.052285318559555,2.109469943576389,48,50,129,0.2613240418118467,0.25435540069686413,0.47735191637630664,1
14,18,98,7879.75,8284.75,23561.5,335,0.07021385609267097,0.07382267765649365,0.20994876364446424,40.202806122448976,25.570216049382715,2.4533007080383173,49,46,138,0.3641791044776119,0.33134328358208953,0.5880597014925373,1
12,17,98,8641.0,8759.875,19321.625,335,0.07699710403207842,0.07805635999108933,0.1721686344397416,60.00694444444444,30.31098615916955,2.0118310079133694,56,53,130,0.417910447761194,0.29253731343283584,0.49850746268656715,1
12,18,116,7112.5,7499.25,11838.75,343,0.060455252488333944,0.06374257324754141,0.1006277146427084,49.392361111111114,23.145833333333332,0.879811979785969,30,1,101,0.08746355685131195,0.0029154518950437317,0.3032069970845481,1
14,19,172,8727.5,8331.875,19123.125,323,0.08365363417649935,0.07986154377018854,0.18329635096665356,44.5280612244898,23.07998614958449,0.6464009261763115,46,42,133,0.34365325077399383,0.14241486068111456,0.544891640866873,1
16,18,102,6248.0,5992.25,12915.0,307,0.06629248055682288,0.0635789239143121,0.13703063162473872,24.40625,18.494598765432098,1.241349480968858,37,35,104,0.247557003257329,0.31921824104234525,0.46254071661237783,1
14,18,114,7283.625,7043.0,14070.375,287,0.08842677463608882,0.08550546929063119,0.17082124342895993,37.161352040816325,21.737654320987655,1.0826696675900278,39,38,110,0.42160278745644597,0.49825783972125437,0.3832752613240418,1
12,17,103,7485.25,6902.5,15639.375,319,0.07355715843987382,0.06783050481029078,0.15368731635891944,51.98090277777778,23.8840830449827,1.474161089640871,47,43,118,0.3322884012539185,0.3322884012539185,0.47335423197492166,1
12,17,92,8190.25,7356.25,15627.0,287,0.09943364615328583,0.08930847770399059,0.1897194332819386,56.876736111111114,25.45415224913495,1.846290170132325,37,36,114,0.49477351916376305,0.4529616724738676,0.5470383275261324,1
12,15,97,9272.25,9254.5,17479.5,327,0.08671408130628735,0.08654808330761533,0.16346828269225375,64.390625,41.13111111111111,1.8577425868848974,50,44,119,0.4648318042813456,0.3241590214067278,0.6055045871559633,1
16,20,110,11243.5,8761.75,20800.5,315,0.11331317712270093,0.08830183925422021,0.20962962962962964,43.919921875,21.904375,1.7190495867768596,58,39,127,0.5396825396825397,0.3111111111111111,0.5238095238095238,1
14,20,130,6779.625,7212.125,13033.0,279,0.08709581069102401,0.09265200858159582,0.16743104533600545,34.589923469387756,18.0303125,0.7711834319526627,30,31,106,0.1971326164874552,0.23297491039426524,0.4014336917562724,1
12,18,126,7093.75,6953.5,14657.5,283,0.08857333716240683,0.08682216034661439,0.18301514565046387,49.26215277777778,21.46141975308642,0.9232489292013102,43,44,111,0.38162544169611307,0.5229681978798587,0.48056537102473496,1
14,17,117,7919.25,8401.75,16740.25,299,0.08858122392366975,0.09397825527678662,0.18724902406013355,40.40433673469388,29.07179930795848,1.2228979472569217,47,43,122,0.5351170568561873,0.3076923076923077,0.4816053511705686,1
12,20,127,7055.0,7041.0,14947.75,307,0.07485490562234082,0.0747063629322327,0.15859849971882992,48.99305555555556,17.6025,0.926762353524707,37,35,109,0.28338762214983715,0.41042345276872966,0.4788273615635179,1
12,17,133,7598.25,8431.0,14101.0,311,0.07855843095087933,0.08716824681299822,0.14579046949473226,52.765625,29.173010380622838,0.7971620781276499,43,43,114,0.2540192926045016,0.4855305466237942,0.4919614147909968,1
16,19,146,8561.625,8199.0,18367.875,271,0.1165782737163165,0.11164063670156997,0.2501038248389864,33.44384765625,22.71191135734072,0.861694267217114,47,47,128,0.4059040590405904,0.5387453874538746,0.6752767527675276,1
15,23,98,8157.25,8292.75,17285.75,351,0.06621090737899854,0.06731073611415492,0.14030527349615668,36.254444444444445,15.676275992438564,1.7998490212411495,45,44,122,0.3162393162393162,0.35327635327635326,0.47293447293447294,1
13,22,123,9032.75,8992.0,20430.5,311,0.09338974989919459,0.0929684349830957,0.21123127345664333,53.44822485207101,18.578512396694215,1.3504197237094322,49,46,134,0.29260450160771706,0.4115755627009646,0.5209003215434084,1
12,18,129,8437.75,8225.5,17256.0,311,0.0872380351733336,0.08504357895389833,0.17841006606631446,58.595486111111114,25.387345679012345,1.0369569136470165,36,36,123,0.4694533762057878,0.3665594855305466,0.5241157556270096,1
13,22,109,7337.0,7043.375,15253.25,303,0.07991591238331754,0.07671769652212745,0.16614111906240128,43.414201183431956,14.552427685950413,1.2838355357293156,45,42,119,0.3696369636963696,0.3201320132013201,0.39603960396039606,1
24,24,128,7189.125,7329.25,13811.25,315,0.0724527588813303,0.07386495338876291,0.1391912320483749,12.481119791666666,12.72439236111111,0.8429718017578125,27,37,108,0.24126984126984127,0.19682539682539682,0.3682539682539683,1
14,19,130,7208.0,6964.5,17168.375,287,0.087508650098945,0.0845524408454637,0.20843248066627007,36.775510204081634,19.29224376731302,1.015880177514793,46,30,121,0.32752613240418116,0.33797909407665505,0.6097560975609756,1
16,25,131,6310.75,7562.75,12835.25,319,0.06201540865360993,0.0743187468676605,0.1261313273257928,24.6513671875,12.1004,0.7479313559815861,30,35,104,0.322884012539185,0.109717868338558,0.45768025078369906,1
12,24,93,6895.5,7863.75,13532.5,299,0.07713000973143477,0.08796042549859621,0.15136855292446394,47.885416666666664,13.65234375,1.5646317493351833,44,43,108,0.5284280936454849,0.35785953177257523,0.5284280936454849,1
13,19,118,9118.75,8324.75,18809.25,359,0.07075325300083023,0.06459253109457562,0.14594276891085575,53.95710059171598,23.060249307479225,1.3508510485492675,49,46,128,0.42896935933147634,0.30362116991643456,0.41225626740947074,1
14,26,100,6626.25,7008.0,15635.25,291,0.07824954830481454,0.08275764339107947,0.1846370496333298,33.807397959183675,10.366863905325443,1.563525,17,30,116,0.058419243986254296,0.2508591065292096,0.5670103092783505,1
22,25,106,6703.5,6796.0,13969.0,287,0.08138377302140368,0.08250676832303415,0.16959050128082168,13.850206611570249,10.8736,1.2432360270558918,42,41,108,0.40418118466898956,0.445993031358885,0.5261324041811847,1
14,17,119,6324.0,6115.75,9107.0,303,0.06888213573832631,0.06661383960178197,0.09919506802165365,32.265306122448976,21.16176470588235,0.6431043005437469,38,25,82,0.3564356435643564,0.22442244224422442,0.33663366336633666,1
