SrcIPF0,DstIPF0,DstPortF0,SrcIPF2,DstIPF2,DstPortF2,Events_F1,SrcIP_BurstIndex,DstIP_BurstIndex,DstPort_BurstIndex,SrcIP_Concentration,DstIP_Concentration,DstPort_Concentration,SrcIP_MaxCount,DstIP_MaxCount,DstPort_MaxCount,SrcIP_FractionOfMass,DstIP_FractionOfMass,DstPort_FractionOfMass,Attack
17,15,20,881.5,739.0,4295.5,101,0.08641309675522008,0.07244387805117146,0.42108616802274285,3.050173010380623,3.2844444444444445,10.73875,14,12,67,0.4158415841584158,0.33663366336633666,0.8613861386138614,1
17,16,10,750.25,670.25,4049.5,85,0.10384083044982699,0.0927681660899654,0.5604844290657439,2.5960207612456747,2.6181640625,40.495,12,0,65,0.35294117647058826,0.0,0.9882352941176471,1
17,15,36,23835.5,21309.0,117405.0,503,0.09420811117391081,0.08422230039247616,0.46403487622969936,82.4757785467128,94.70666666666666,90.59027777777777,72,66,299,0.49304174950298213,0.3956262425447316,0.9184890656063618,0
15,15,191,67178.0,65898.0,203539.5,959,0.07304489273998267,0.07165310580516505,0.22131532564008607,298.56888888888886,292.88,5.579328965763,98,98,425,0.2659019812304484,0.28154327424400416,0.6538060479666319,0
17,14,60,18376.0,19235.75,38431.5,415,0.1066976339091305,0.11168965016693279,0.22314704601538685,63.58477508650519,98.14158163265306,10.675416666666667,58,70,158,0.14698795180722893,0.1710843373493976,0.6963855421686747,0
18,15,65,4561.5,4702.0,4445.5,247,0.07476765723090036,0.07707059614155289,0.07286629841498796,14.078703703703704,20.897777777777776,1.0521893491124261,33,39,50,0.4089068825910931,0.5060728744939271,0.25101214574898784,0
17,16,89,7569.25,8337.75,3809.5,315,0.07628369866465104,0.08402872260015117,0.03839254220206601,26.191176470588236,32.5693359375,0.4809367504103017,39,45,49,0.4507936507936508,0.37777777777777777,0.2222222222222222,0
16,13,98,6200.0,5891.75,4452.25,251,0.09841113633116935,0.09351835685147855,0.07066951318233045,24.21875,34.862426035502956,0.4635828821324448,40,34,43,0.4342629482071713,0.2549800796812749,0.1752988047808765,0
16,15,90,5139.25,4680.25,3756.0,231,0.09631097618110605,0.08770918835853901,0.07038848597290155,20.0751953125,20.801111111111112,0.46370370370370373,35,30,48,0.48917748917748916,0.21212121212121213,0.4458874458874459,0
12,13,99,6000.5,5210.5,4870.25,219,0.12511207022372345,0.10864035362065011,0.10154604783052897,41.670138888888886,30.831360946745562,0.49691358024691357,36,39,47,0.4703196347031963,0.4063926940639269,0.5662100456621004,0
14,14,86,5927.0,5476.5,3995.5,299,0.0662967975749712,0.061257704052527374,0.044691893826690976,30.239795918367346,27.941326530612244,0.5402244456462953,40,38,48,0.33444816053511706,0.42474916387959866,0.18394648829431437,0
20,15,108,5305.5,6264.5,3563.0,231,0.09942654747849552,0.11739847454133169,0.06677161222615768,13.26375,27.842222222222222,0.3054698216735254,48,36,33,0.5757575757575758,0.5974025974025974,0.341991341991342,0
17,14,102,5391.75,6045.75,3281.5,283,0.06732197929803094,0.07548789471712719,0.04097316735132166,18.656574394463668,30.845663265306122,0.3154075355632449,36,35,20,0.4558303886925795,0.3286219081272085,0.18021201413427562,0
16,14,100,6256.0,4590.75,3837.75,255,0.09620915032679739,0.07059976931949251,0.059019607843137256,24.4375,23.42219387755102,0.383775,39,28,25,0.36470588235294116,0.2980392156862745,0.09803921568627451,0
16,14,95,4853.25,4189.75,4503.5,239,0.08496437387300643,0.07334868087043295,0.07884140683811558,18.9580078125,21.37627551020408,0.4990027700831025,19,19,46,0.14644351464435146,0.21338912133891214,0.3682008368200837,0
15,12,121,8441.75,7267.75,8198.5,267,0.1184158846385838,0.10194770581716675,0.11500371726353294,37.51888888888889,50.470486111111114,0.5599685813810532,49,15,70,0.5168539325842697,0.07865168539325842,0.5692883895131086,0
18,16,77,4754.25,4419.75,3667.5,207,0.11095358118042428,0.10314709794861024,0.08559126233984457,14.67361111111111,17.2646484375,0.6185697419463653,40,31,37,0.47342995169082125,0.4106280193236715,0.178743961352657,1
12,18,104,6488.75,5592.25,4811.5,231,0.12160098199059238,0.10480032233278987,0.09016884990910964,45.060763888888886,17.26003086419753,0.4448502218934911,43,34,46,0.4588744588744589,0.4805194805194805,0.3722943722943723,0
12,14,74,5596.0,5299.0,3009.0,223,0.11252991212371051,0.1065575418769732,0.060507953105833616,38.861111111111114,27.035714285714285,0.5494886778670562,38,33,43,0.42152466367713004,0.4618834080717489,0.3452914798206278,0
16,15,87,4498.5,4609.5,3615.5,171,0.15384220785882835,0.1576382476659485,0.12364488218597175,17.572265625,20.486666666666668,0.47767208349848067,38,29,48,0.47953216374269003,0.695906432748538,0.5906432748538012,1
16,13,96,5934.0,5842.0,3393.0,259,0.088460219734351,0.08708874345939983,0.050580641314232046,23.1796875,34.56804733727811,0.3681640625,42,40,32,0.42084942084942084,0.38996138996138996,0.3281853281853282,0
17,16,84,5805.5,5327.5,3886.0,271,0.0790498495390858,0.07254122356721722,0.05291322285916586,20.08823529411765,20.810546875,0.5507369614512472,30,25,44,0.33948339483394835,0.24723247232472326,0.2878228782287823,1
15,11,82,6360.25,5898.5,5834.0,239,0.11134696521419443,0.10326324819243361,0.10213406628035224,28.267777777777777,48.747933884297524,0.8676383105294467,42,31,49,0.39330543933054396,0.39330543933054396,0.39748953974895396,1
17,17,110,7188.25,6233.25,4864.0,219,0.1498769833823315,0.12996497153937575,0.10141573361689707,24.872837370242216,21.56833910034602,0.40198347107438015,21,28,37,0.0958904109589041,0.2191780821917808,0.4520547945205479,1
15,14,87,6493.0,4790.5,4646.0,263,0.09387153204470211,0.0692579045526175,0.06716881840130694,28.857777777777777,24.441326530612244,0.6138195270181002,52,28,46,0.19771863117870722,0.3650190114068441,0.3231939163498099,1
15,15,80,4060.0,5042.0,3515.0,255,0.06243752402921953,0.07753940792003075,0.0540561322568243,18.044444444444444,22.40888888888889,0.54921875,32,29,32,0.20784313725490197,0.20784313725490197,0.1843137254901961,1
17,17,99,6881.5,7326.5,5633.5,255,0.10582852748942714,0.1126720492118416,0.08663590926566705,23.811418685121108,25.35121107266436,0.574788286909499,29,35,44,0.44313725490196076,0.39215686274509803,0.2901960784313726,1
18,15,79,4187.25,4415.0,4316.5,215,0.0905840995132504,0.0955110870740941,0.09338020551649541,12.92361111111111,19.622222222222224,0.6916359557763179,30,24,34,0.49767441860465117,0.3023255813953488,0.15813953488372093,1
17,17,62,5305.0,5103.5,4257.5,203,0.12873401441432697,0.12384430585551699,0.10331480987162998,18.356401384083046,17.65916955017301,1.107570239334027,32,36,46,0.4482758620689655,0.6305418719211823,0.5615763546798029,0
14,11,106,5203.25,5609.0,3793.25,195,0.13683760683760685,0.14750821827744906,0.09975673898750821,26.54719387755102,46.35537190082645,0.3375978996084016,44,40,39,0.5948717948717949,0.5897435897435898,0.5282051282051282,0
15,14,79,3725.5,4650.75,3284.25,207,0.08694485285537586,0.10853812224322622,0.07664706294195897,16.557777777777776,23.728316326530614,0.5262377824066656,29,35,0,0.5458937198067633,0.5458937198067633,0.0,0
16,15,98,6142.75,5498.5,4728.25,235,0.11123132639203259,0.09956541421457674,0.08561792666364872,23.9951171875,24.43777777777778,0.49232090795501876,40,31,36,0.3872340425531915,0.3659574468085106,0.4425531914893617,1
19,16,125,5101.0,4818.0,4114.5,203,0.12378363949622655,0.11691620762454803,0.09984469412021646,14.130193905817174,18.8203125,0.263328,34,26,36,0.5320197044334976,0.5862068965517241,0.39408866995073893,1
13,16,91,6998.5,5112.5,4733.5,259,0.10432909467658502,0.07621383104008586,0.07056394508131959,41.4112426035503,19.970703125,0.5716097089723463,44,26,30,0.43243243243243246,0.28185328185328185,0.13127413127413126,1
15,14,77,4949.0,4296.25,5662.25,227,0.09604300490985658,0.08337538085349996,0.10988472510625084,21.995555555555555,21.919642857142858,0.9550092764378478,28,34,47,0.44493392070484583,0.4581497797356828,0.28634361233480177,1
15,12,108,4627.5,4024.5,5588.0,223,0.09305435460194253,0.08092863319190009,0.11236904019787247,20.566666666666666,27.947916666666668,0.4790809327846365,26,27,48,0.4618834080717489,0.17040358744394618,0.43946188340807174,1
17,12,89,4988.0,4885.75,5335.0,251,0.07917334645481817,0.0775503563435501,0.08468119553657878,17.259515570934255,33.92881944444444,0.6735260699406641,28,25,41,0.3745019920318725,0.35856573705179284,0.398406374501992,1
16,16,77,5472.25,4161.0,4218.0,219,0.11409791288755447,0.0867579908675799,0.08794645649590292,21.3759765625,16.25390625,0.711418451678192,40,28,41,0.547945205479452,0.4383561643835616,0.4520547945205479,1
18,14,126,5615.0,5311.0,4681.0,255,0.0863514033064206,0.08167627835447905,0.07198769703960016,17.330246913580247,27.096938775510203,0.29484756865709244,41,28,28,0.23921568627450981,0.5019607843137255,0.35294117647058826,1
17,16,80,5251.0,5510.5,4214.5,259,0.07827849912791998,0.08214695666433118,0.0628270300084972,18.169550173010382,21.525390625,0.658515625,27,31,43,0.25868725868725867,0.23938223938223938,0.16602316602316602,1
15,13,86,6484.5,5475.5,5057.5,275,0.08574545454545454,0.07240330578512397,0.06687603305785124,28.82,32.39940828402367,0.68381557598702,42,33,46,0.31272727272727274,0.2727272727272727,0.24363636363636362,1
15,14,72,4989.0,5864.25,4706.0,267,0.06998274628624332,0.08226023650212515,0.06601298938125097,22.173333333333332,29.919642857142858,0.9077932098765432,31,36,46,0.40823970037453183,0.3782771535580524,0.2696629213483146,1
16,14,80,4972.0,5134.5,3694.5,231,0.09317666460523603,0.09622195985832349,0.06923595884634845,19.421875,26.196428571428573,0.577265625,38,25,35,0.38961038961038963,0.21645021645021645,0.3593073593073593,1
18,15,67,3841.75,4121.5,3125.5,211,0.08629073920172503,0.09257429078412435,0.07020282563284742,11.857253086419753,18.317777777777778,0.696257518378258,22,0,30,0.36492890995260663,0.0,0.3412322274881517,1
17,19,74,5321.0,4985.5,4482.5,287,0.06459954594568344,0.06052641163544537,0.0544197452925251,18.41176470588235,13.810249307479225,0.8185719503287071,29,33,42,0.26480836236933797,0.27526132404181186,0.313588850174216,1
15,15,87,7931.75,7656.25,6035.5,343,0.06741876259041726,0.06507705122865473,0.051300903535091674,35.25222222222222,34.02777777777778,0.7973972783723081,47,22,28,0.2886297376093295,0.11661807580174927,0.15743440233236153,1
15,14,82,7235.0,7042.5,5572.5,315,0.07291509196271101,0.0709750566893424,0.05616024187452759,32.15555555555556,35.93112244897959,0.8287477691850089,32,39,43,0.36507936507936506,0.2761904761904762,0.33650793650793653,1
15,12,76,5819.5,5561.5,4752.0,227,0.11293640474296028,0.10792951541850221,0.09221991499932077,25.864444444444445,38.62152777777778,0.8227146814404432,30,32,44,0.5726872246696035,0.4713656387665198,0.5066079295154186,1
16,14,80,10594.75,8533.5,9595.75,279,0.13610757826852174,0.10962731722357112,0.12327372464382523,41.3857421875,43.53826530612245,1.4993359375,45,51,68,0.34050179211469533,0.5412186379928315,0.5770609318996416,1
18,16,77,9993.0,10340.5,10172.0,323,0.09578353094537473,0.09911434021221328,0.09749925715764553,30.84259259259259,40.392578125,1.715635014336313,50,13,68,0.28792569659442724,0.04024767801857585,0.43034055727554177,1
17,15,83,7376.5,6117.25,4627.0,287,0.08955432262137454,0.074266410907016,0.0561740460610181,25.524221453287197,27.18777777777778,0.6716504572506895,43,39,39,0.519163763066202,0.4808362369337979,0.36585365853658536,1
15,14,81,7072.0,6636.5,8322.5,355,0.056115850029756,0.05266018647093831,0.06603848442769292,31.43111111111111,33.859693877551024,1.2684804145709496,33,31,48,0.17183098591549295,0.22816901408450704,0.4450704225352113,1
17,12,97,13161.25,10666.25,8664.0,319,0.12933491219622448,0.10481667829522115,0.08514067275282279,45.54065743944636,74.07118055555556,0.9208204910192369,77,45,67,0.5454545454545454,0.2664576802507837,0.3730407523510972,1
19,16,75,8601.0,8404.5,9710.5,351,0.06981274502642024,0.06821779044001267,0.07881835374712867,23.825484764542935,32.830078125,1.7263111111111111,44,38,60,0.4074074074074074,0.28205128205128205,0.49572649572649574,1
20,18,67,8793.0,8186.5,8702.5,399,0.05523206512521906,0.051422415688343666,0.054663601359287946,21.9825,25.266975308641975,1.9386277567386947,61,35,60,0.3609022556390977,0.20050125313283207,0.42105263157894735,1
17,15,97,8640.25,5963.75,5075.75,291,0.10203292356018469,0.07042606960239015,0.05993965588502734,29.897058823529413,26.505555555555556,0.5394569029652461,44,0,41,0.2646048109965636,0.0,0.29896907216494845,1
16,14,67,9464.5,6877.5,9976.0,359,0.0734359603044669,0.05336317998774063,0.07740473770377325,36.970703125,35.089285714285715,2.222321229672533,48,19,66,0.3342618384401114,0.052924791086350974,0.38997214484679665,1
15,13,132,9133.0,7108.0,10703.5,359,0.07086382011312761,0.05515165152349842,0.08304947975264003,40.59111111111111,42.05917159763314,0.6142963728191001,44,41,66,0.415041782729805,0.21727019498607242,0.4763231197771588,0
15,15,83,8155.0,6743.5,11212.5,291,0.09630259444267308,0.07963415642233795,0.1324086867183902,36.24444444444445,29.97111111111111,1.6275947162142546,48,32,61,0.36082474226804123,0.1958762886597938,0.563573883161512,1
17,15,92,7669.75,6327.25,7000.75,291,0.0905722653251615,0.07471864999232414,0.0826720279637699,26.53892733564014,28.121111111111112,0.8271207466918714,42,41,56,0.36769759450171824,0.3711340206185567,0.3470790378006873,1
18,16,101,9789.0,11657.0,11673.5,335,0.08722655379817332,0.10387168634439742,0.10401871240810871,30.212962962962962,45.53515625,1.1443485932751691,42,50,72,0.18507462686567164,0.2656716417910448,0.5462686567164179,1
17,16,101,6726.0,7091.0,7216.5,303,0.07326079142567722,0.07723643651493863,0.07860340489494494,23.273356401384085,27.69921875,0.7074306440545045,46,38,51,0.38613861386138615,0.2838283828382838,0.48184818481848185,1
17,17,109,8213.0,7535.25,8877.25,287,0.09970984229503818,0.09148162536876737,0.10777416260971967,28.418685121107266,26.073529411764707,0.747180372022557,40,24,58,0.2682926829268293,0.14634146341463414,0.40418118466898956,1
15,14,97,7056.5,7559.0,8507.0,267,0.09898441554798075,0.10603318885101488,0.11933117311226137,31.362222222222222,38.566326530612244,0.904134339462217,40,44,55,0.50187265917603,0.41947565543071164,0.5917602996254682,1
16,15,108,9343.0,9034.5,13627.25,375,0.06643911111111112,0.06424533333333333,0.09690488888888889,36.49609375,40.153333333333336,1.1683170438957475,33,44,79,0.30133333333333334,0.2826666666666667,0.30933333333333335,1
20,17,73,8845.0,9973.5,12179.0,311,0.09144859958023593,0.10311617952667983,0.1259188800777494,22.1125,34.51038062283737,2.285419403265153,48,49,73,0.44694533762057875,0.5755627009646302,0.5980707395498392,1
17,16,96,7281.0,7459.5,7132.5,275,0.09627768595041322,0.09863801652892562,0.09431404958677686,25.19377162629758,29.138671875,0.77392578125,24,33,46,0.19272727272727272,0.22545454545454546,0.32,1
15,13,86,9957.0,9600.5,11539.5,375,0.07080533333333333,0.06827022222222222,0.08205866666666667,44.25333333333333,56.80769230769231,1.5602352623039482,71,48,68,0.5013333333333333,0.128,0.496,1
15,15,99,8356.0,7008.5,11163.0,343,0.07102482809033651,0.05957126707409328,0.09488393441508215,37.13777777777778,31.148888888888887,1.1389654116926844,51,44,72,0.30612244897959184,0.34110787172011664,0.24198250728862974,0
16,13,99,7532.5,7272.75,6787.5,279,0.09676777019822459,0.09343083978880025,0.08719697845608355,29.423828125,43.03402366863905,0.6925313743495561,46,27,53,0.5519713261648745,0.16487455197132617,0.3225806451612903,0
17,15,83,8569.5,7881.75,10642.0,271,0.11668550264838441,0.10732084258111954,0.14490543429419533,29.652249134948097,35.03,1.544781535781681,57,32,65,0.2177121771217712,0.12177121771217712,0.44280442804428044,1
18,16,116,8731.0,7486.0,8745.0,287,0.1059986159841688,0.09088370624871007,0.1061685828406318,26.94753086419753,29.2421875,0.6498959571938169,51,33,57,0.5400696864111498,0.39372822299651566,0.5470383275261324,0
17,15,89,9083.75,8207.25,8155.75,307,0.09638033294782969,0.08708049952784645,0.08653407463209159,31.43166089965398,36.47666666666667,1.0296364095442494,52,47,59,0.5602605863192183,0.3811074918566775,0.41042345276872966,0
15,14,88,9517.5,7572.5,9560.5,303,0.10366630722478189,0.08248102037926565,0.10413467089283186,42.3,38.63520408163265,1.2345686983471074,45,31,61,0.5016501650165016,0.1782178217821782,0.5379537953795379,0
15,17,86,10961.5,6768.25,10529.5,335,0.09767431499220317,0.060309645800846516,0.09382490532412564,48.717777777777776,23.419550173010382,1.4236749594375337,57,53,67,0.4298507462686567,0.5014925373134328,0.5522388059701493,1
16,13,64,7509.5,8113.5,12833.0,295,0.08629129560471129,0.09323182993392704,0.14746337259408215,29.333984375,48.00887573964497,3.133056640625,52,37,72,0.535593220338983,0.29152542372881357,0.6101694915254238,0
20,15,83,8300.5,8607.25,8962.0,367,0.06162715589246338,0.06390462472807727,0.06653847010520532,20.75125,38.254444444444445,1.30091450137901,45,43,60,0.4032697547683924,0.4223433242506812,0.3787465940054496,0
17,16,105,8391.75,7328.75,10863.5,311,0.08676244042141831,0.07577206604563642,0.11231790407460635,29.03719723183391,28.6279296875,0.9853514739229025,46,38,60,0.45980707395498394,0.4662379421221865,0.4758842443729904,1
15,14,71,8582.5,6185.5,8711.5,323,0.08226380009393361,0.05928840494972635,0.0835002731742852,38.144444444444446,31.558673469387756,1.7281293394167825,35,37,61,0.4117647058823529,0.2755417956656347,0.34055727554179566,1
16,15,72,10288.0,8282.5,10630.5,335,0.09167297839162397,0.07380262864780575,0.09472488304744932,40.1875,36.81111111111111,2.050636574074074,49,34,62,0.37910447761194027,0.25671641791044775,0.4417910447761194,1
15,15,88,8933.25,8286.75,9271.0,299,0.09992337893312156,0.0926919161978054,0.10370130088030335,39.70333333333333,36.83,1.197184917355372,44,44,54,0.5183946488294314,0.42474916387959866,0.26421404682274247,1
19,18,110,12312.0,7728.5,11921.0,299,0.1377165803514502,0.08644757888614221,0.13334302748291407,34.10526315789474,23.853395061728396,0.9852066115702479,52,34,78,0.5317725752508361,0.30434782608695654,0.46153846153846156,1
17,17,64,7117.5,7630.0,8385.5,275,0.09411570247933884,0.10089256198347107,0.11088264462809917,24.6280276816609,26.401384083044984,2.0472412109375,36,39,49,0.33090909090909093,0.29818181818181816,0.5745454545454546,1
16,15,85,6378.0,5962.25,7970.0,259,0.09507908349607191,0.08888135239486591,0.11881158599305318,24.9140625,26.49888888888889,1.103114186851211,37,35,48,0.43243243243243246,0.46332046332046334,0.3783783783783784,1
15,15,136,6058.75,5983.75,5446.5,231,0.11354266224396095,0.11213714135792058,0.10206892674425141,26.927777777777777,26.594444444444445,0.2944690743944637,35,36,42,0.4199134199134199,0.3333333333333333,0.4675324675324675,1
15,12,65,6857.5,6850.5,4815.5,255,0.10545943867743175,0.1053517877739331,0.0740561322568243,30.477777777777778,47.572916666666664,1.1397633136094674,38,43,57,0.2627450980392157,0.403921568627451,0.3764705882352941,1
14,12,64,6603.0,5335.0,4265.0,231,0.12374205880699388,0.0999793856936714,0.07992728771949552,33.68877551020408,37.048611111111114,1.041259765625,35,33,55,0.5627705627705628,0.6277056277056277,0.4025974025974026,1
19,14,87,5703.75,5994.75,3965.75,271,0.07766438365490666,0.08162674800179737,0.05399912855217113,15.799861495844876,30.585459183673468,0.5239463601532567,37,36,48,0.5202952029520295,0.3874538745387454,0.23247232472324722,1
17,15,108,5965.75,4544.0,3804.0,239,0.10444057351937117,0.07955042803872481,0.06659547276833389,20.64273356401384,20.195555555555554,0.32613168724279834,28,19,44,0.49372384937238495,0.16736401673640167,0.4393305439330544,1
15,14,114,5854.0,5400.25,3321.25,263,0.08463328947939106,0.07807326981740376,0.048016452457025544,26.017777777777777,27.552295918367346,0.2555594028931979,40,33,14,0.49429657794676807,0.38022813688212925,0.11026615969581749,1
17,16,115,6203.0,4889.5,4491.0,259,0.09247029710350174,0.07288949180841073,0.06694891250875806,21.463667820069205,19.099609375,0.3395841209829868,11,23,49,0.04247104247104247,0.0888030888030888,0.4671814671814672,1
15,14,95,4977.5,4620.0,3621.5,239,0.0871395808896903,0.08088093695838658,0.06340050069151451,22.122222222222224,23.571428571428573,0.4012742382271468,34,31,40,0.6150627615062761,0.45188284518828453,0.28870292887029286,1
18,16,118,5225.0,4135.0,4252.0,263,0.07553962035015686,0.05978111581777964,0.061472625019878845,16.126543209876544,16.15234375,0.3053720195346165,37,31,47,0.38783269961977185,0.34980988593155893,0.33460076045627374,1
17,17,95,5633.0,6071.5,4755.0,327,0.052679815578561474,0.05678066754575466,0.04446875964424992,19.491349480968857,21.008650519031143,0.5268698060941829,37,34,54,0.3394495412844037,0.22935779816513763,0.22018348623853212,1
15,16,80,6851.75,6163.5,4904.75,287,0.08318360062644928,0.07482790855783122,0.059546067088346345,30.452222222222222,24.076171875,0.7663671875,25,29,50,0.2229965156794425,0.20905923344947736,0.21951219512195122,1
15,14,96,5997.0,5412.5,4527.5,279,0.07704166184915405,0.06953276550917897,0.05816343572153492,26.653333333333332,27.614795918367346,0.4912651909722222,36,8,51,0.4336917562724014,0.02867383512544803,0.2114695340501792,1
16,15,69,4391.5,6126.25,4609.75,235,0.07952014486192847,0.1109325486645541,0.08347215934812133,17.154296875,27.227777777777778,0.9682314639781558,28,31,46,0.4851063829787234,0.5829787234042553,0.19574468085106383,1
15,15,131,4913.75,4101.0,3214.75,239,0.08602352899984243,0.0717949615728016,0.05627965196687733,21.83888888888889,18.226666666666667,0.18732882699143408,28,26,0,0.48535564853556484,0.3305439330543933,0.0,1
19,18,68,4217.0,4617.5,4608.5,219,0.08792560622172181,0.09627614103125456,0.0960884885636246,11.681440443213296,14.251543209876543,0.9966479238754326,33,24,55,0.5525114155251142,0.2146118721461187,0.4337899543378995,0
17,18,121,5033.0,4746.0,3831.5,235,0.09113626075147126,0.08593933906745134,0.06937980986871888,17.41522491349481,14.648148148148149,0.26169660542312684,32,28,40,0.4851063829787234,0.5234042553191489,0.2680851063829787,1
15,14,128,4968.5,5654.0,5083.0,231,0.09311107363055415,0.1059575345289631,0.09525683551657578,22.08222222222222,28.846938775510203,0.31024169921875,31,27,47,0.5454545454545454,0.11688311688311688,0.38095238095238093,1
15,16,102,7556.0,5668.5,5413.0,251,0.11993460421263155,0.08997476230536024,0.0859192711226806,33.58222222222222,22.142578125,0.5202806612841215,38,31,46,0.5378486055776892,0.3107569721115538,0.29880478087649404,1
15,14,78,7626.0,6603.25,5165.5,339,0.06635862897120631,0.057459037077644645,0.04494826881074825,33.89333333333333,33.69005102040816,0.8490302432610125,29,45,51,0.19469026548672566,0.22713864306784662,0.23893805309734514,0
18,16,87,5048.0,4676.0,3813.5,259,0.07525230691253858,0.0697067724094751,0.056849182331807815,15.580246913580247,18.265625,0.5038314176245211,33,24,40,0.47876447876447875,0.17374517374517376,0.26640926640926643,1
17,16,88,8449.5,6170.0,5155.0,291,0.09978035214510929,0.07286168089654113,0.060875521073204146,29.237024221453286,24.1015625,0.665676652892562,30,27,30,0.21649484536082475,0.2542955326460481,0.18900343642611683,1
13,16,112,11373.0,6947.5,7711.5,295,0.13068658431485206,0.07983338121229532,0.08861246768170065,67.29585798816568,27.138671875,0.6147560586734694,56,50,49,0.5050847457627119,0.5898305084745763,0.16610169491525423,1
15,11,70,16024.0,8485.25,13043.75,303,0.1745362655077389,0.09242285614700084,0.14207485104946138,71.21777777777778,70.12603305785125,2.6619897959183674,64,64,62,0.6798679867986799,0.5115511551155115,0.20462046204620463,0
15,15,99,12212.75,7904.0,8038.0,287,0.14826876616202697,0.09595843096310505,0.09758525658925081,54.278888888888886,35.12888888888889,0.8201203958779716,68,66,66,0.47038327526132406,0.42160278745644597,0.40069686411149824,0
15,15,113,8245.5,7570.5,6740.5,327,0.07711191538310468,0.07079931543360547,0.06303715549570275,36.64666666666667,33.64666666666667,0.5278800219281071,39,33,50,0.40061162079510704,0.2018348623853211,0.1529051987767584,1
18,18,91,7555.0,6720.5,5290.0,263,0.10922523095606414,0.09716057771545056,0.07647934768465642,23.317901234567902,20.742283950617285,0.6388117377128366,26,24,47,0.2623574144486692,0.1634980988593156,0.29277566539923955,1
17,16,95,6033.5,6271.0,4958.5,303,0.06571795793440731,0.0683048502870089,0.05400886623315797,20.877162629757784,24.49609375,0.5494182825484765,41,32,45,0.4884488448844885,0.1848184818481848,0.1485148514851485,1
15,13,107,4006.5,5591.5,3889.5,247,0.06567063875821601,0.09165041223426051,0.0637528889180285,17.80666666666667,33.085798816568044,0.33972399336186565,36,21,34,0.29959514170040485,0.08502024291497975,0.13765182186234817,0
15,15,71,6126.0,6479.5,6764.5,239,0.10724602160326324,0.11343463874932161,0.11842404719805326,27.226666666666667,28.797777777777778,1.3418964491172387,40,27,57,0.46443514644351463,0.39330543933054396,0.3514644351464435,1
16,16,111,5679.0,4442.5,4533.5,235,0.1028338614757809,0.08044363965595291,0.08209144409234947,22.18359375,17.353515625,0.3679490301111923,32,32,48,0.32340425531914896,0.3702127659574468,0.28936170212765955,1
18,15,94,5618.0,4620.0,5286.0,303,0.06119225783964535,0.05032186386955527,0.05757605463516649,17.339506172839506,20.533333333333335,0.598234495246718,34,28,51,0.38943894389438943,0.31353135313531355,0.21122112211221122,0
13,16,96,8241.0,7200.75,5540.25,319,0.08098387397922584,0.07076139188883757,0.054443745639292065,48.76331360946745,28.1279296875,0.6011555989583334,42,40,61,0.4043887147335423,0.31974921630094044,0.2727272727272727,1
17,17,96,5056.5,5267.0,4858.0,271,0.06885118666684822,0.07171743304148909,0.06614833676012037,17.496539792387544,18.224913494809687,0.5271267361111112,35,20,55,0.35793357933579334,0.07380073800738007,0.4280442804428044,0
19,16,81,5990.25,6415.5,5876.0,303,0.06524687122177564,0.06987877005522335,0.0640024398479452,16.593490304709142,25.060546875,0.8955951836610273,32,24,56,0.41254125412541254,0.23102310231023102,0.18811881188118812,1
14,12,89,8529.75,6366.0,4615.5,271,0.11614425184842254,0.08668182622785638,0.06284636647104479,43.51913265306123,44.208333333333336,0.5826915793460422,46,30,48,0.4132841328413284,0.35793357933579334,0.36900369003690037,1
15,14,85,6579.0,5600.5,4051.75,319,0.06465148730849736,0.055035819223474614,0.039816334352060216,29.24,28.573979591836736,0.5607958477508651,37,33,43,0.438871473354232,0.43573667711598746,0.21316614420062696,1
19,16,132,7179.5,6277.0,5203.5,279,0.09223288498349198,0.08063873794016008,0.06684780514124947,19.88781163434903,24.51953125,0.2986398071625344,44,29,6,0.3333333333333333,0.3225806451612903,0.035842293906810034,1
17,17,100,6467.0,6923.0,5434.5,303,0.07043971723905064,0.0754065505560457,0.059193543116687904,22.377162629757784,23.955017301038062,0.54345,30,32,53,0.2838283828382838,0.10561056105610561,0.17491749174917492,0
15,14,95,6145.5,5872.0,5048.0,275,0.08126280991735538,0.07764628099173554,0.0667504132231405,27.313333333333333,29.959183673469386,0.5593351800554016,29,23,43,0.3527272727272727,0.32727272727272727,0.18181818181818182,0
14,14,99,6873.5,7412.0,6254.0,307,0.07292915574701057,0.07864274422009783,0.06635614170972637,35.06887755102041,37.816326530612244,0.6380981532496685,46,31,58,0.2996742671009772,0.3778501628664495,0.26384364820846906,1
17,19,76,8883.75,6008.5,6493.0,263,0.12843542627477628,0.08686694906677847,0.09387153204470211,30.73961937716263,16.64404432132964,1.124134349030471,31,30,59,0.20912547528517111,0.21292775665399238,0.2813688212927757,1
18,16,121,5448.5,5702.5,3730.5,319,0.053542123210267197,0.05603816786391643,0.036659427482041256,16.816358024691358,22.275390625,0.25479816952393963,23,26,27,0.09404388714733543,0.1536050156739812,0.13166144200626959,0
17,15,101,12385.0,8102.5,9669.0,303,0.13489962857671906,0.08825387489243974,0.10531647224128353,42.85467128027682,36.01111111111111,0.9478482501715518,61,56,63,0.26732673267326734,0.24752475247524752,0.6072607260726073,1
15,15,73,6641.0,5693.5,4568.0,259,0.09899971676033452,0.08487500186341886,0.06809677852148895,29.515555555555554,25.304444444444446,0.8571964721336086,34,26,0,0.43243243243243246,0.26640926640926643,0.0,1
17,16,105,5915.0,4819.5,5380.0,283,0.07385533593876813,0.06017680330632172,0.06717526751488968,20.46712802768166,18.826171875,0.4879818594104308,21,19,47,0.15547703180212014,0.06713780918727916,0.3392226148409894,1
15,15,106,6222.0,5399.0,4384.0,263,0.08995359192701934,0.07805519813789415,0.06338099437609333,27.653333333333332,23.995555555555555,0.39017443930224277,28,39,42,0.4714828897338403,0.3840304182509506,0.1634980988593156,1
15,14,82,6300.0,5793.5,4821.5,223,0.1266866415974582,0.11650143779283718,0.09695549880351505,28.0,29.558673469387756,0.7170582986317668,27,37,47,0.38565022421524664,0.28699551569506726,0.36771300448430494,1
18,16,123,6653.0,5028.0,3860.0,263,0.09618470702193178,0.07269152365944281,0.055805346325666125,20.53395061728395,19.640625,0.2551391367572212,31,27,44,0.44866920152091255,0.3726235741444867,0.30798479087452474,1
17,19,90,7600.5,6085.75,5134.0,271,0.10349123786440817,0.08286583788347109,0.0699064555221198,26.29930795847751,16.85803324099723,0.6338271604938271,38,25,42,0.2140221402214022,0.15867158671586715,0.15498154981549817,1
15,11,116,7226.5,7608.5,3443.5,303,0.07871232667821237,0.08287313879902841,0.03750721606814147,32.117777777777775,62.8801652892562,0.25590814506539833,41,41,35,0.5016501650165016,0.30033003300330036,0.2145214521452145,0
16,14,80,5596.0,5403.5,5545.5,247,0.0917241718434985,0.08856889967054041,0.0908964251176056,21.859375,27.568877551020407,0.866484375,44,30,48,0.3076923076923077,0.12550607287449392,0.4534412955465587,1
16,14,90,8418.0,5788.0,4966.5,255,0.1294579008073818,0.08901191849288735,0.07637831603229527,32.8828125,29.53061224489796,0.6131481481481481,52,39,48,0.6352941176470588,0.3215686274509804,0.32941176470588235,1
18,17,79,5820.75,5485.5,4709.0,271,0.07925749921705859,0.07469261039473864,0.06411949728353372,17.96527777777778,18.980968858131487,0.7545265181861881,36,31,49,0.3726937269372694,0.21033210332103322,0.3800738007380074,0
15,14,79,3797.0,3939.25,3245.25,189,0.10629601634892641,0.1102782676856751,0.09084992021499957,16.875555555555554,20.098214285714285,0.5199887838487421,26,26,40,0.24867724867724866,0.49206349206349204,0.2698412698412698,1
14,14,105,5167.0,5031.0,2354.0,175,0.16871836734693876,0.16427755102040817,0.07686530612244898,26.362244897959183,25.668367346938776,0.21351473922902495,34,25,36,0.44571428571428573,0.38857142857142857,0.34285714285714286,1
16,16,94,4297.0,5184.0,2929.0,199,0.10850736092522915,0.13090578520744425,0.07396277871770915,16.78515625,20.25,0.33148483476686286,35,35,40,0.39195979899497485,0.6331658291457286,0.31155778894472363,1
15,12,101,4502.0,5069.5,3400.0,223,0.09053067626535824,0.10194252850449435,0.06837056848116793,20.00888888888889,35.204861111111114,0.3333006567983531,31,30,46,0.2825112107623318,0.14798206278026907,0.29596412556053814,0
20,15,77,5213.0,6249.25,4458.0,255,0.08016916570549788,0.09610534409842368,0.06855824682814302,13.0325,27.774444444444445,0.7518974531961545,33,34,51,0.5450980392156862,0.4745098039215686,0.3137254901960784,0
16,14,95,4332.5,5282.75,3644.75,219,0.0903338128896395,0.11014678593023498,0.0759940368215842,16.923828125,26.95280612244898,0.40385041551246537,36,25,50,0.54337899543379,0.3926940639269406,0.3561643835616438,0
17,16,125,5735.5,5916.5,4837.25,263,0.08292009426188032,0.0855368734548714,0.0699337853662768,19.846020761245676,23.111328125,0.309584,47,29,43,0.4714828897338403,0.11026615969581749,0.34980988593155893,0
15,13,81,6322.0,4554.5,3202.0,263,0.09139932628778788,0.06584597146120372,0.04629241423180905,28.09777777777778,26.949704142011836,0.488035360463344,43,30,52,0.43346007604562736,0.3269961977186312,0.33840304182509506,0
15,15,113,4538.5,4721.0,3904.75,219,0.09462896937094722,0.09843414440899897,0.08141510810867163,20.17111111111111,20.982222222222223,0.30579920119038295,25,27,50,0.1232876712328767,0.4292237442922374,0.502283105022831,0
16,12,112,5475.5,4703.25,2697.75,183,0.16350144823673446,0.14044163755262923,0.0805563020693362,21.388671875,32.661458333333336,0.21506297831632654,32,29,37,0.5956284153005464,0.6010928961748634,0.3989071038251366,0
20,15,87,3413.5,3518.5,3346.5,195,0.08976988823142669,0.09253122945430638,0.08800788954635108,8.53375,15.637777777777778,0.44213238208481964,31,31,43,0.28205128205128205,0.4153846153846154,0.37435897435897436,0
17,16,82,4692.0,4450.5,4952.0,215,0.10150351541373716,0.09627906976744185,0.1071281773931855,16.235294117647058,17.384765625,0.7364663890541344,31,26,54,0.6093023255813953,0.5116279069767442,0.4744186046511628,0
16,12,90,4684.0,5499.5,4187.5,243,0.07932395129468746,0.09313451540246236,0.07091568019780183,18.296875,38.19097222222222,0.5169753086419753,37,22,48,0.5432098765432098,0.09053497942386832,0.2674897119341564,0
12,15,80,4144.0,4180.0,4278.5,215,0.08964845862628448,0.09042725797728501,0.09255813953488372,28.77777777777778,18.57777777777778,0.668515625,38,28,44,0.3674418604651163,0.44651162790697674,0.4604651162790698,1
15,14,128,4157.25,4201.5,2742.25,247,0.06814158566768837,0.06886688849186186,0.04494828631841204,18.476666666666667,21.43622448979592,0.1673736572265625,36,30,43,0.5101214574898786,0.4048582995951417,0.3076923076923077,0
18,13,72,3809.0,3944.5,3870.5,187,0.1089250478995682,0.11279990849037719,0.11068374846292431,11.756172839506172,23.340236686390533,0.7466242283950617,33,28,46,0.3315508021390374,0.37967914438502676,0.33689839572192515,1
17,16,70,5087.75,3419.5,4165.5,275,0.06727603305785124,0.04521652892561984,0.05508099173553719,17.60467128027682,13.357421875,0.8501020408163266,36,28,50,0.3090909090909091,0.27636363636363637,0.4,0
15,12,115,4554.75,4854.25,2920.5,219,0.09496778632639019,0.10121244344363128,0.06089322574591856,20.243333333333332,33.71006944444444,0.22083175803402647,24,26,37,0.2374429223744292,0.2374429223744292,0.4292237442922374,0
15,13,103,6227.0,5858.0,4266.5,247,0.10206690816109099,0.09601862020357652,0.06993230506974381,27.675555555555555,34.662721893491124,0.4021585446319163,38,37,56,0.2145748987854251,0.3157894736842105,0.4089068825910931,1
16,16,108,5805.0,5656.25,2837.0,251,0.0921413945810384,0.08978032094728655,0.045031031253472166,22.67578125,22.0947265625,0.2432270233196159,37,45,20,0.4262948207171315,0.4262948207171315,0.13545816733067728,0
12,15,94,5417.25,4835.25,4482.0,203,0.13145793394646801,0.11733480550365212,0.10876264893591206,37.619791666666664,21.49,0.5072430964237211,39,27,47,0.5714285714285714,0.4433497536945813,0.5665024630541872,1
20,15,134,6471.75,5253.5,3482.5,219,0.1349377619315694,0.10953691541043764,0.07261107983569984,16.179375,23.34888888888889,0.19394631321006905,40,32,37,0.365296803652968,0.6073059360730594,0.3926940639269406,0
17,16,99,5345.0,5621.0,3502.5,223,0.10748255545054193,0.11303263689195439,0.07043174003096785,18.494809688581316,21.95703125,0.3573614937251301,28,32,50,0.23766816143497757,0.6188340807174888,0.3991031390134529,0
16,15,89,5766.0,6045.5,3284.5,251,0.0915223567879875,0.09595879430485231,0.052134093109633184,22.5234375,26.86888888888889,0.4146572402474435,37,29,44,0.4701195219123506,0.12350597609561753,0.3187250996015936,1
15,14,92,5100.5,5776.5,3873.0,255,0.07843906189926951,0.08883506343713957,0.05956170703575548,22.66888888888889,29.471938775510203,0.4575850661625709,31,30,46,0.4745098039215686,0.21176470588235294,0.3411764705882353,0
21,18,105,8594.25,7566.25,6935.25,231,0.1610586383313656,0.1417936320533723,0.1299685163321527,19.488095238095237,23.352623456790123,0.6290476190476191,49,45,52,0.45021645021645024,0.4199134199134199,0.5887445887445888,1
21,22,106,8015.0,7253.0,5015.0,315,0.08077601410934744,0.07309649785840262,0.05054169816074578,18.174603174603174,14.985537190082646,0.4463332146671413,33,33,44,0.33015873015873015,0.28888888888888886,0.2253968253968254,0
22,21,106,5932.5,5847.0,4478.5,243,0.10046740842351268,0.09901945841589188,0.07584379075005504,12.257231404958677,13.258503401360544,0.39858490566037735,33,46,55,0.5432098765432098,0.5761316872427984,0.22633744855967078,0
20,17,98,5817.75,5295.75,3738.5,279,0.07473889081589394,0.0680329132462327,0.04802738916509294,14.544375,18.32439446366782,0.3892648896293211,35,34,43,0.2867383512544803,0.41935483870967744,0.2078853046594982,0
21,19,90,4183.5,4594.5,3927.5,191,0.11467613278144788,0.1259422713193169,0.1076587812834078,9.486394557823129,12.727146814404431,0.48487654320987655,32,25,55,0.42408376963350786,0.34554973821989526,0.3769633507853403,0
22,16,93,5324.0,5610.5,3911.5,271,0.07249356626407592,0.07639465693549924,0.05326044035348103,11.0,21.916015625,0.452248814891895,35,28,51,0.3173431734317343,0.3025830258302583,0.33210332103321033,0
21,17,101,4691.5,4775.0,3142.0,247,0.07689849038666426,0.0782671409136357,0.05150059827238604,10.638321995464853,16.52249134948097,0.30800901872365455,35,27,49,0.4574898785425101,0.44534412955465585,0.3117408906882591,0
17,17,78,5798.5,5253.0,4039.5,263,0.0838309069091645,0.07594442597117206,0.05840043950324567,20.06401384083045,18.176470588235293,0.6639546351084813,37,31,54,0.14068441064638784,0.44866920152091255,0.311787072243346,0
17,13,106,5299.5,4997.0,6122.25,231,0.0993141058076123,0.09364517156724948,0.11473266992747512,18.337370242214533,29.568047337278106,0.5448780704877181,35,30,55,0.47619047619047616,0.4935064935064935,0.3463203463203463,1
17,15,105,6369.25,4615.75,4804.75,251,0.10109760162537103,0.07326471008396693,0.07626466246567515,22.03892733564014,20.514444444444443,0.4358049886621315,45,30,55,0.2749003984063745,0.35856573705179284,0.3944223107569721,1
24,21,108,4310.25,4802.5,4115.25,247,0.07064941238177974,0.07871789408120114,0.06745316264813388,7.483072916666667,10.890022675736962,0.35281635802469136,33,31,55,0.3319838056680162,0.20647773279352227,0.3562753036437247,0
11,14,104,4535.5,3877.5,3387.0,211,0.10187327328676354,0.08709373104826935,0.07607645830057726,37.48347107438016,19.783163265306122,0.31314718934911245,38,26,45,0.18009478672985782,0.4075829383886256,0.45023696682464454,0
25,21,80,4706.5,5745.75,4080.5,239,0.08239526618931742,0.10058910033087656,0.07143607429841914,7.5304,13.02891156462585,0.637578125,36,29,49,0.28451882845188287,0.28451882845188287,0.2301255230125523,0
15,22,98,5357.0,5022.5,3931.5,275,0.07083636363636364,0.06641322314049587,0.05198677685950413,23.808888888888887,10.37706611570248,0.4093606830487297,33,32,49,0.2109090909090909,0.2,0.34545454545454546,0
17,15,98,4133.75,4880.5,3765.75,231,0.07746762616892487,0.09146192912426679,0.07057120368808681,14.30363321799308,21.691111111111113,0.3921022490628905,33,31,52,0.4588744588744589,0.45454545454545453,0.38961038961038963,0
21,13,75,5261.5,5476.5,3867.0,319,0.051704484036123856,0.05381727773901593,0.03800080580969133,11.930839002267573,32.405325443786985,0.6874666666666667,28,37,51,0.26332288401253917,0.2664576802507837,0.2476489028213166,0
17,16,93,6174.25,6016.25,4467.25,211,0.13868174569304373,0.1351328586509737,0.10034028885245165,21.364186851211073,23.5009765625,0.5165047982425715,0,38,54,0.0,0.5308056872037915,0.4265402843601896,1
16,15,90,5338.0,4980.5,3657.0,207,0.12457700296389647,0.11623375107937174,0.0853462157809984,20.8515625,22.135555555555555,0.4514814814814815,30,30,46,0.36231884057971014,0.4927536231884058,0.3188405797101449,1
18,15,94,4515.5,3934.5,3140.0,187,0.1291286568103177,0.11251394091909978,0.08979381738110898,13.936728395061728,17.486666666666668,0.3553644182888185,31,27,37,0.40106951871657753,0.48128342245989303,0.33689839572192515,0
17,13,126,4882.25,5438.0,4269.75,263,0.07058436582862265,0.07861903453859388,0.06172924286891526,16.893598615916954,32.17751479289941,0.2689436885865457,39,31,48,0.3726235741444867,0.3840304182509506,0.3231939163498099,0
15,12,85,4297.75,4755.25,3933.75,215,0.09297458085451596,0.10287182260681449,0.08510005408328826,19.101111111111113,33.02256944444444,0.5444636678200692,37,28,50,0.6186046511627907,0.4418604651162791,0.3674418604651163,0
15,15,80,6128.5,5179.25,5654.75,227,0.11893302800364842,0.10051136253371888,0.10973917599798172,27.23777777777778,23.01888888888889,0.8835546875,36,23,51,0.5286343612334802,0.11013215859030837,0.5022026431718062,0
17,15,93,4773.0,4501.75,3381.25,199,0.1205272594126411,0.1136776849069468,0.08538294487512942,16.515570934256054,20.00777777777778,0.3909411492658111,33,34,43,0.32160804020100503,0.17587939698492464,0.3417085427135678,0
19,17,103,4644.0,4330.5,4746.0,211,0.1043103254643876,0.09726870465622964,0.10660137912445812,12.86426592797784,14.984429065743944,0.4473560184748798,29,33,50,0.15639810426540285,0.3696682464454976,0.4265402843601896,0
12,17,71,4000.5,4028.0,3579.0,203,0.0970783081365721,0.09774563808876702,0.08684995996020287,27.78125,13.937716262975778,0.7099781789327514,24,32,50,0.3251231527093596,0.2660098522167488,0.24630541871921183,0
15,13,82,5611.0,5323.0,5168.75,251,0.08906207837970825,0.0844907223694862,0.08204234853415025,24.93777777777778,31.497041420118343,0.7687016656751934,39,38,61,0.4701195219123506,0.2589641434262948,0.40239043824701193,0
15,14,89,5831.25,5720.75,4099.0,235,0.10559076505205976,0.10358985966500679,0.0742236306020824,25.916666666666668,29.1875,0.5174851660143921,40,27,50,0.4297872340425532,0.1148936170212766,0.3276595744680851,0
15,13,88,6001.5,5806.0,4345.0,199,0.15154920330294688,0.1466124592813313,0.1097194515290018,26.673333333333332,34.35502958579882,0.5610795454545454,32,32,49,0.5376884422110553,0.4623115577889447,0.4472361809045226,1
17,12,106,7046.0,5922.0,4073.5,227,0.13673853558190532,0.11492557588930505,0.07905257233790682,24.380622837370243,41.125,0.36254004983980065,35,31,36,0.47577092511013214,0.6035242290748899,0.23348017621145375,1
18,15,84,7261.75,6243.25,4903.25,299,0.08122672005905975,0.06983423004216956,0.054845583382736214,22.41280864197531,27.747777777777777,0.6949050453514739,33,0,52,0.20066889632107024,0.0,0.3110367892976589,1
17,16,81,4321.5,4813.0,3016.0,223,0.08690100343863741,0.09678457238231213,0.06064871604094191,14.953287197231834,18.80078125,0.4596860234720317,33,24,41,0.5829596412556054,0.26905829596412556,0.3004484304932735,0
15,14,103,4694.5,5654.25,4116.0,259,0.06998255839954681,0.0842898883439424,0.061358655953250546,20.864444444444445,28.848214285714285,0.3879724761994533,41,37,55,0.5521235521235521,0.30115830115830117,0.3436293436293436,0
15,14,90,5878.5,5841.0,4497.5,227,0.1140813910613441,0.11335364551999845,0.08728094859205496,26.126666666666665,29.801020408163264,0.5552469135802469,34,39,53,0.28634361233480177,0.3436123348017621,0.3964757709251101,0
16,12,133,7864.5,5668.75,3980.75,287,0.09547888161808447,0.06882140125532664,0.04832825456178902,30.720703125,39.36631944444444,0.22504098592345526,42,38,43,0.37282229965156793,0.2578397212543554,0.34843205574912894,1
18,17,115,7710.0,5334.5,4427.25,287,0.09360317595211791,0.06476344255727276,0.05374898323398366,23.796296296296298,18.458477508650518,0.33476370510396974,44,0,47,0.5052264808362369,0.0,0.3310104529616725,1
17,18,109,4593.0,5904.0,3063.5,251,0.07290360470468722,0.09371279820955222,0.048626212282344726,15.892733564013842,18.22222222222222,0.2578486659372107,31,41,44,0.22709163346613545,0.4701195219123506,0.32270916334661354,0
15,14,142,5777.0,6128.25,4631.75,251,0.0916969571911557,0.09727226551959493,0.07351867430675704,25.675555555555555,31.26658163265306,0.22970392779210475,38,45,54,0.5258964143426295,0.4940239043824701,0.2868525896414343,1
15,14,117,5924.0,6235.5,4526.0,239,0.10370966894837275,0.10916300484935487,0.07923530750512071,26.32888888888889,31.81377551020408,0.3306304331945358,27,32,57,0.401673640167364,0.3138075313807531,0.39748953974895396,1
15,13,91,5876.0,5572.75,3116.25,287,0.07133751775546626,0.06765591423958042,0.03783280117519941,26.115555555555556,32.97485207100592,0.3763132471923681,29,32,51,0.4250871080139373,0.27177700348432055,0.32752613240418116,0
18,15,113,5958.5,5778.5,4323.75,251,0.09457786384343106,0.09172076633704226,0.06862986301804733,18.390432098765434,25.682222222222222,0.338613047223745,33,28,56,0.28286852589641437,0.38645418326693226,0.23107569721115537,0
16,14,140,7806.5,7656.0,4309.5,271,0.10629621056358166,0.10424694652850587,0.05867975653926281,30.494140625,39.06122448979592,0.21987244897959185,45,31,56,0.45018450184501846,0.28044280442804426,0.34317343173431736,0
17,16,97,5755.75,4238.75,4014.25,287,0.06987762386334664,0.05146050091660698,0.04873496096832546,19.916089965397923,16.5576171875,0.4266393878201722,39,31,49,0.33797909407665505,0.36585365853658536,0.3170731707317073,0
17,14,105,7861.0,5969.5,5828.5,267,0.1102694665376145,0.0837366213581338,0.08175875661041676,27.20069204152249,30.456632653061224,0.5286621315192743,44,42,60,0.29213483146067415,0.35580524344569286,0.37453183520599254,1
15,15,110,8970.0,8549.5,4794.0,327,0.08388743932890048,0.07995492336036061,0.0448334876413321,39.86666666666667,37.99777777777778,0.396198347107438,38,43,58,0.308868501529052,0.5107033639143731,0.27217125382262997,1
15,15,112,7720.0,6741.0,5646.0,323,0.07399668356832712,0.06461290724534885,0.05411726365631799,34.31111111111111,29.96,0.45009566326530615,51,43,67,0.30959752321981426,0.21052631578947367,0.20743034055727555,0
18,16,120,7719.0,6510.5,3847.5,255,0.11870818915801615,0.10012302960399846,0.05916955017301038,23.824074074074073,25.431640625,0.2671875,46,40,51,0.5450980392156862,0.4196078431372549,0.3254901960784314,1
17,14,107,8294.5,6201.5,3884.0,319,0.08150961566808503,0.0609418146441171,0.03816786391643164,28.70069204152249,31.64030612244898,0.3392436020613154,48,34,54,0.4106583072100313,0.25391849529780564,0.21630094043887146,0
12,14,99,7521.5,6594.25,3306.75,283,0.09391427037420869,0.08233652561525304,0.041288441608710306,52.232638888888886,33.64413265306123,0.3373890419344965,33,34,55,0.22614840989399293,0.4098939929328622,0.3498233215547703,0
15,16,152,9045.0,6277.0,3622.25,287,0.10981072976483872,0.07620585414415618,0.04397588898736175,40.2,24.51953125,0.15678021121883656,45,27,47,0.33797909407665505,0.10801393728222997,0.2926829268292683,0
17,15,123,8112.25,6074.0,4352.25,287,0.09848668795299202,0.07374133472544282,0.05283844650293193,28.07006920415225,26.995555555555555,0.2876759865159627,38,33,54,0.47038327526132406,0.29965156794425085,0.18815331010452963,0
18,16,112,6665.5,6483.25,5484.0,279,0.08562968101643093,0.08328836988219576,0.07045130458241801,20.57253086419753,25.3251953125,0.4371811224489796,45,43,61,0.36917562724014336,0.2724014336917563,0.4767025089605735,0
15,12,129,5532.25,5227.0,3457.5,279,0.0710711578731003,0.06714970259888747,0.0444174663737619,24.587777777777777,36.298611111111114,0.20776996574725076,32,44,50,0.20430107526881722,0.4157706093189964,0.2831541218637993,0
15,13,109,6313.5,7535.0,4910.0,275,0.08348429752066115,0.09963636363636363,0.06492561983471075,28.06,44.585798816568044,0.413264876693881,28,51,56,0.20363636363636364,0.38181818181818183,0.4,0
17,16,134,6112.0,6445.75,4051.5,251,0.09701433310582372,0.10231186806558626,0.06430850303963428,21.14878892733564,25.1787109375,0.22563488527511696,33,37,56,0.2948207171314741,0.2549800796812749,0.3426294820717131,0
17,14,110,7361.0,5748.0,3905.0,279,0.0945645610924834,0.07384283346822369,0.05016636476920903,25.470588235294116,29.3265306122449,0.32272727272727275,43,46,48,0.5734767025089605,0.5627240143369175,0.3548387096774194,0
22,15,110,8672.5,7386.5,7934.0,307,0.09201689142590372,0.07837218432025804,0.0841812645227005,17.918388429752067,32.82888888888889,0.655702479338843,56,43,59,0.3127035830618892,0.3289902280130293,0.46579804560260585,0
18,16,121,6650.5,6087.5,5070.5,271,0.09055568415462753,0.08288966653504173,0.06904181587941341,20.526234567901234,23.779296875,0.34632197254285907,33,31,55,0.44649446494464945,0.33210332103321033,0.4317343173431734,1
15,12,131,5960.75,5269.25,4438.75,271,0.08116379134271047,0.07174806987922278,0.06043967266240928,26.49222222222222,36.592013888888886,0.25865334187984385,31,33,54,0.3247232472324723,0.2730627306273063,0.4022140221402214,1
11,14,111,5974.0,6283.0,3274.25,255,0.0918723567858516,0.0966243752402922,0.05035371011149558,49.37190082644628,32.05612244897959,0.2657454752049347,33,35,47,0.4823529411764706,0.2627450980392157,0.3058823529411765,1
15,15,143,5846.0,6518.0,3884.25,255,0.08990388312187621,0.10023836985774702,0.05973471741637831,25.982222222222223,28.968888888888888,0.1899481637243875,28,31,49,0.4196078431372549,0.396078431372549,0.3607843137254902,1
17,19,122,7876.25,5814.0,4125.0,291,0.0930108288754266,0.06865766819003082,0.0487122258830198,27.253460207612456,16.105263157894736,0.27714324106423005,24,24,54,0.16494845360824742,0.2508591065292096,0.3024054982817869,1
18,16,125,7556.5,7328.5,5326.0,271,0.10289211748206042,0.09978758459171308,0.0725207990087281,23.32253086419753,28.626953125,0.340864,43,33,55,0.24354243542435425,0.23616236162361623,0.33579335793357934,0
14,14,123,6602.0,6662.25,5682.0,287,0.080151513312047,0.08088297781932523,0.0689822627444791,33.683673469387756,33.99107142857143,0.3755700971643863,34,33,58,0.3902439024390244,0.11498257839721254,0.40069686411149824,0
16,14,136,7560.5,6901.0,4217.5,267,0.1060542299653523,0.0968031533616687,0.05916059981203271,29.533203125,35.20918367346939,0.2280222750865052,30,44,55,0.3782771535580524,0.41947565543071164,0.3408239700374532,0
15,15,113,7443.25,6195.25,4532.75,299,0.08325689869240836,0.06929732329616,0.05070133443697498,33.08111111111111,27.534444444444443,0.3549808129062573,39,29,53,0.2976588628762542,0.10367892976588629,0.36454849498327757,0
17,14,91,6294.5,7457.5,5509.0,279,0.08086355519584795,0.09580426767384798,0.07077247209054355,21.780276816608996,38.048469387755105,0.665257819103973,32,29,64,0.3906810035842294,0.2867383512544803,0.3046594982078853,0
15,14,105,6617.0,5664.0,7418.0,287,0.08033362065825736,0.0687637339290267,0.09005815294588984,29.40888888888889,28.897959183673468,0.6728344671201814,35,42,64,0.34494773519163763,0.4634146341463415,0.5156794425087108,0
18,13,111,10849.0,9621.5,9194.0,303,0.11816924266684094,0.10479909377076321,0.10014268753608034,33.48456790123457,56.93195266272189,0.7462056651245841,62,45,61,0.528052805280528,0.24752475247524752,0.5445544554455446,0
15,12,104,6717.5,6679.25,4873.0,235,0.12163875056586691,0.12094612947034858,0.0882390221819828,29.855555555555554,46.38368055555556,0.4505362426035503,41,39,61,0.6723404255319149,0.49361702127659574,0.43829787234042555,0
15,12,105,6609.0,7727.5,5404.75,311,0.06833055903061383,0.07989474881359787,0.05587979859596158,29.373333333333335,53.66319444444444,0.4902267573696145,36,39,53,0.2057877813504823,0.3954983922829582,0.3054662379421222,0
15,14,117,7386.0,7742.0,4863.0,263,0.10678193988636528,0.11192875421070132,0.0703060619641747,32.82666666666667,39.5,0.3552487398641245,46,35,57,0.44866920152091255,0.5285171102661597,0.4068441064638783,0
23,24,149,7551.0,6359.0,5218.5,279,0.09700543415423749,0.08169216736681184,0.06704050564612479,14.274102079395085,11.039930555555555,0.23505697941534165,51,37,56,0.40860215053763443,0.5053763440860215,0.36917562724014336,0
18,15,119,6691.0,6872.5,4851.5,287,0.08123201689956173,0.08343551578870692,0.05889958600929961,20.651234567901234,30.544444444444444,0.3425958618741614,47,38,51,0.41114982578397213,0.44947735191637633,0.43205574912891986,0
17,20,94,5448.5,4668.5,5125.5,239,0.09538523485233101,0.08173001172948653,0.08973057194376849,18.852941176470587,11.67125,0.5800701674966048,43,35,61,0.4895397489539749,0.2175732217573222,0.4393305439330544,0
15,15,117,6908.0,5185.5,3542.0,247,0.11322919569243882,0.0849956563785671,0.05805700798242882,30.702222222222222,23.046666666666667,0.2587478997735408,35,21,43,0.3643724696356275,0.15789473684210525,0.242914979757085,0
24,25,91,7796.75,6541.0,7922.5,247,0.12779671851694013,0.10721368978347456,0.12985788981953483,13.536024305555555,10.4656,0.9567081270377974,34,32,59,0.48582995951417,0.5789473684210527,0.46153846153846156,0
21,21,104,5440.5,6350.25,6242.5,307,0.05772475039522966,0.06737737270421967,0.06623412449999469,12.33673469387755,14.399659863945578,0.5771542159763313,42,33,49,0.3778501628664495,0.18241042345276873,0.3550488599348534,0
21,12,90,4418.5,4650.0,4409.0,223,0.08885157553942367,0.09350680689336202,0.088660540127491,10.019274376417233,32.291666666666664,0.544320987654321,32,35,48,0.3632286995515695,0.336322869955157,0.36771300448430494,1
22,17,96,6401.5,6039.25,4783.75,215,0.13848566792861006,0.1306489994591671,0.10348837209302325,13.226239669421487,20.897058823529413,0.5190700954861112,32,28,50,0.3767441860465116,0.4232558139534884,0.5534883720930233,1
17,16,81,4241.5,4289.5,4212.5,207,0.09898714089010245,0.10010735373054214,0.09831034563233682,14.676470588235293,16.755859375,0.6420515165371132,29,35,43,0.5990338164251208,0.463768115942029,0.5314009661835749,0
20,18,112,6056.5,6661.0,7996.5,283,0.07562212039106495,0.0831699734045874,0.09984517224587647,15.14125,20.558641975308642,0.6374760841836735,39,32,57,0.43109540636042404,0.28975265017667845,0.48056537102473496,1
22,19,94,15170.0,14342.0,15408.0,295,0.17431772479172652,0.16480321746624532,0.17705257110025854,31.34297520661157,39.72853185595568,1.7437754640108647,97,95,95,0.6203389830508474,0.3220338983050847,0.3220338983050847,1
21,20,116,13158.75,13440.25,12365.25,403,0.08102229556243805,0.08275557389060952,0.07613648258409325,29.83843537414966,33.600625,0.9189395065398336,89,90,89,0.4987593052109181,0.45409429280397023,0.36724565756823824,0
22,20,78,7744.5,7515.25,5502.5,259,0.11544997838434132,0.11203246821007438,0.08202769785781369,16.001033057851238,18.788125,0.9044214332675871,48,41,55,0.28185328185328185,0.4980694980694981,0.5057915057915058,0
17,15,114,5909.0,7337.75,5957.0,255,0.09087274125336409,0.11284505959246444,0.09161091887735487,20.44636678200692,32.61222222222222,0.45837180670975686,34,45,54,0.43137254901960786,0.6,0.5176470588235295,0
17,21,93,5471.0,5620.0,4925.0,263,0.0790961268776475,0.08125027107519264,0.0712024172678512,18.930795847750865,12.7437641723356,0.5694299919065788,32,34,46,0.4524714828897338,0.21292775665399238,0.4714828897338403,0
15,13,102,5163.5,4479.0,3105.0,243,0.08744432589882979,0.07585225829395925,0.05258344764517604,22.948888888888888,26.502958579881657,0.2984429065743945,39,35,41,0.3950617283950617,0.25102880658436216,0.26337448559670784,0
21,22,102,7672.75,7746.5,6084.75,343,0.06521729891456791,0.06584416357130107,0.05171952162789314,17.398526077097507,16.005165289256198,0.5848471741637832,54,36,51,0.37317784256559766,0.2857142857142857,0.23615160349854228,0
21,15,90,5915.5,6943.0,7941.0,323,0.05670043803736258,0.06654908989830248,0.07611498241141006,13.413832199546485,30.857777777777777,0.9803703703703703,41,38,52,0.3715170278637771,0.38080495356037153,0.30959752321981426,0
19,17,116,6577.25,5345.75,4881.25,223,0.13226185927728287,0.10749763719358925,0.09815701099961793,18.219529085872576,18.497404844290656,0.36275639120095127,43,44,50,0.452914798206278,0.5246636771300448,0.33183856502242154,0
15,13,85,7132.5,5850.5,5897.5,239,0.12486651144062604,0.10242292676948933,0.10324574149612227,31.7,34.61834319526627,0.8162629757785467,39,45,59,0.45188284518828453,0.3138075313807531,0.5271966527196653,0
17,14,85,8353.75,6922.5,5563.0,259,0.12453228186818921,0.10319613601466883,0.08292959258210224,28.905709342560552,35.31887755102041,0.7699653979238754,36,28,59,0.3938223938223938,0.18532818532818532,0.3552123552123552,1
17,16,122,6187.0,5252.25,5297.25,255,0.09514801999231065,0.08077277970011534,0.08146482122260669,21.408304498269896,20.5166015625,0.3559023112066649,31,15,41,0.30196078431372547,0.07450980392156863,0.28627450980392155,1
15,12,111,7404.0,5736.5,4057.5,319,0.07275871895912972,0.056372284077397035,0.03987283929992826,32.906666666666666,39.83680555555556,0.3293158022887753,43,37,48,0.43260188087774293,0.38557993730407525,0.335423197492163,0
18,15,67,6746.0,5278.0,5245.5,283,0.08423129268688584,0.06590168437613156,0.06549588582701744,20.820987654320987,23.45777777777778,1.168523056359991,47,28,52,0.45936395759717313,0.4134275618374558,0.33568904593639576,0
15,14,108,8248.5,6856.75,4553.0,223,0.16586901003438637,0.13788232218624946,0.09155623479257576,36.66,34.983418367346935,0.3903463648834019,52,34,33,0.6053811659192825,0.5112107623318386,0.4080717488789238,1
17,14,96,4662.0,5197.5,3150.0,227,0.09047332570009121,0.10086553203050709,0.0611306254730346,16.131487889273355,26.517857142857142,0.341796875,32,34,42,0.23788546255506607,0.2687224669603524,0.31277533039647576,1
15,14,112,6718.0,7597.5,8798.5,271,0.09147478928663826,0.10345038874742991,0.11980365191105785,29.857777777777777,38.76275510204081,0.7014110331632653,48,36,56,0.5239852398523985,0.13284132841328414,0.6531365313653137,0
17,17,79,7527.75,5833.5,6596.75,271,0.10250064677768549,0.07943110796421618,0.08982380414210046,26.04757785467128,20.185121107266436,1.0570020829995193,54,40,59,0.44280442804428044,0.2878228782287823,0.4797047970479705,1
18,17,71,6798.0,5990.75,4781.5,303,0.07404502826520276,0.06525231731093901,0.05208095066932436,20.98148148148148,20.72923875432526,0.9485221186272565,38,38,53,0.33003300330033003,0.46204620462046203,0.29042904290429045,0
15,14,86,9482.5,6829.0,4556.0,275,0.12538842975206613,0.09030082644628099,0.06024462809917355,42.144444444444446,34.84183673469388,0.6160086533261222,46,28,39,0.5854545454545454,0.3418181818181818,0.19636363636363635,0
15,11,75,6962.5,5633.0,4730.0,239,0.1218903730676984,0.09861522032177308,0.08280667355263388,30.944444444444443,46.553719008264466,0.8408888888888889,43,34,58,0.39748953974895396,0.2301255230125523,0.301255230125523,0
16,14,80,7969.75,5775.5,5785.25,271,0.108519083345815,0.07864135836930325,0.07877411799948258,31.1318359375,29.466836734693878,0.9039453125,42,32,60,0.3948339483394834,0.33210332103321033,0.3874538745387454,0
17,14,97,7220.25,5784.25,5121.5,267,0.10128140386314859,0.081138043737463,0.07184137805271501,24.98356401384083,29.511479591836736,0.5443192687852056,0,40,55,0.0,0.3857677902621723,0.21348314606741572,1
17,14,80,6651.5,5767.0,5932.5,279,0.08544982721188063,0.0740869207743991,0.07621304967819016,23.015570934256054,29.4234693877551,0.926953125,35,21,55,0.5125448028673835,0.14695340501792115,0.3906810035842294,1
18,15,96,4781.0,5588.5,4577.0,219,0.09968516085986531,0.11652175726110799,0.09543170492691978,14.756172839506172,24.837777777777777,0.4966362847222222,33,33,55,0.4200913242009132,0.3561643835616438,0.4840182648401826,1
12,13,85,5048.0,5006.5,4634.75,271,0.0687354475020765,0.06817036805054398,0.06310848163832192,35.05555555555556,29.624260355029588,0.6414878892733564,35,38,57,0.3247232472324723,0.5571955719557196,0.2177121771217712,0
11,11,106,5804.0,5562.5,4931.5,247,0.09513350489272075,0.09117507253028241,0.08083233621268993,47.96694214876033,45.97107438016529,0.43890174439302243,28,30,58,0.11336032388663968,0.4331983805668016,0.4331983805668016,1
16,16,84,5574.0,5062.0,3383.0,299,0.062348295880359283,0.05662129058959072,0.03784074003646492,21.7734375,19.7734375,0.4794501133786848,30,42,51,0.2809364548494983,0.29431438127090304,0.2909698996655518,0
13,15,119,4547.75,4740.25,3038.0,251,0.07218536213710894,0.0752408691925525,0.04822145680227298,26.909763313609467,21.067777777777778,0.21453287197231835,31,34,38,0.32669322709163345,0.22310756972111553,0.3784860557768924,0
18,15,90,4998.5,4675.0,6205.75,279,0.06421423157462006,0.0600583240194756,0.07972341054200228,15.427469135802468,20.77777777777778,0.7661419753086419,23,23,61,0.17921146953405018,0.17562724014336917,0.3870967741935484,1
16,14,108,5602.5,5690.25,3794.5,271,0.07628572595689057,0.07748056262850452,0.05166732479132909,21.884765625,29.03188775510204,0.32531721536351166,35,27,39,0.5092250922509225,0.44649446494464945,0.15498154981549817,1
15,15,136,5792.0,6725.0,3546.5,299,0.06478674735181933,0.07522287222738001,0.03966957864005995,25.74222222222222,29.88888888888889,0.191744160899654,33,30,37,0.22073578595317725,0.12374581939799331,0.13043478260869565,0
17,11,145,6809.0,5289.0,3892.0,247,0.11160648428920324,0.08669212739104067,0.06379386647871625,23.560553633217992,43.710743801652896,0.1851129607609988,29,32,49,0.3117408906882591,0.3441295546558704,0.32793522267206476,0
17,16,158,7258.5,5700.75,5473.0,343,0.0616962320121718,0.04845557548300453,0.046519732424415,25.1159169550173,22.2685546875,0.2192356994071463,34,41,58,0.21574344023323616,0.21282798833819241,0.2536443148688047,0
14,14,128,5926.0,7526.25,4150.25,323,0.05680108119506561,0.07213957768214015,0.039780406214954614,30.23469387755102,38.39923469387755,0.2533111572265625,43,58,60,0.3653250773993808,0.26006191950464397,0.18575851393188855,0
18,14,126,7189.25,5974.5,4961.0,307,0.07627932391855617,0.06339059300363929,0.05263716325902662,22.189043209876544,30.482142857142858,0.3124842529604434,42,35,55,0.3941368078175896,0.25732899022801303,0.30618892508143325,0
15,15,124,8388.0,7065.0,5204.5,295,0.09638609594943981,0.08118356794024706,0.05980465383510485,37.28,31.4,0.3384820499479709,39,42,62,0.36271186440677966,0.31186440677966104,0.4101694915254237,0
15,14,110,8685.25,6885.5,3756.25,251,0.1378589228742401,0.10929191600133331,0.05962206949096046,38.60111111111111,35.130102040816325,0.31043388429752067,30,34,53,0.23107569721115537,0.22310756972111553,0.3187250996015936,1
17,15,96,5965.0,7269.5,4486.5,239,0.10442744349713766,0.12726492883527948,0.07854379300082281,20.640138408304498,32.30888888888889,0.48681640625,30,32,60,0.35564853556485354,0.13389121338912133,0.497907949790795,0
17,17,107,8724.75,7638.75,4322.75,287,0.10592273792324783,0.09273816605761877,0.05248030205538491,30.189446366782008,26.43166089965398,0.37756572626430257,58,24,58,0.34146341463414637,0.10104529616724739,0.4181184668989547,0
18,15,132,8196.0,7490.0,4441.5,271,0.11159978758459171,0.10198662872237578,0.060477117686306016,25.296296296296298,33.28888888888889,0.25490702479338845,35,51,55,0.6014760147601476,0.6088560885608856,0.31365313653136534,0
15,15,116,6587.0,6618.5,3353.0,271,0.08969104451192113,0.09011996024019281,0.045655696409362616,29.275555555555556,29.415555555555557,0.24918252080856124,34,29,24,0.34317343173431736,0.39114391143911437,0.22140221402214022,0
15,14,120,5479.5,5835.0,4820.5,259,0.08168482878907589,0.08698439200369702,0.07186088460219735,24.35333333333333,29.770408163265305,0.3347569444444444,28,38,53,0.27413127413127414,0.38996138996138996,0.27413127413127414,0
19,16,99,7180.0,6812.0,5164.5,255,0.11041906958861976,0.1047597078046905,0.07942329873125721,19.889196675900276,26.609375,0.5269360269360269,33,32,59,0.37254901960784315,0.27058823529411763,0.4627450980392157,0
17,16,94,7733.0,6775.5,7801.5,287,0.09388240721630711,0.08225788828321334,0.09471403076400102,26.757785467128027,26.466796875,0.882922136713445,44,43,59,0.5121951219512195,0.44947735191637633,0.3623693379790941,1
16,14,150,7554.5,6131.0,3605.0,275,0.09989421487603306,0.0810710743801653,0.04766942148760331,29.509765625,31.28061224489796,0.1602222222222222,35,49,42,0.32,0.4109090909090909,0.3090909090909091,0
15,12,93,9955.5,7696.25,6118.75,279,0.12789532508575172,0.09887141737644686,0.07860574761372542,44.24666666666667,53.44618055555556,0.7074517285235288,46,43,57,0.41935483870967744,0.5734767025089605,0.5161290322580645,1
16,15,96,5536.5,5824.5,3848.25,299,0.061928837485039315,0.06515027796109663,0.04304482052773459,21.626953125,25.886666666666667,0.4175618489583333,28,31,53,0.24749163879598662,0.17725752508361203,0.24749163879598662,0
15,14,123,6466.5,6999.25,5279.5,319,0.06354595571977477,0.0687812619765922,0.05188136909031947,28.74,35.71045918367347,0.34896556282636,36,32,60,0.28213166144200624,0.3103448275862069,0.36990595611285265,1
17,15,116,5958.5,5698.0,4549.5,271,0.08113315450497678,0.07758608951403168,0.06194768589752318,20.61764705882353,25.324444444444445,0.3381019619500594,18,31,57,0.06642066420664207,0.22878228782287824,0.3948339483394834,1
17,13,116,23805.5,27048.0,23848.5,343,0.202343411333713,0.2299042065805914,0.2027089053030625,82.3719723183391,160.0473372781065,1.7723320451843043,143,141,144,0.7346938775510204,0.49854227405247814,0.5597667638483965,1
18,16,106,7781.25,7702.25,6269.0,283,0.0971575372398207,0.09617113461274332,0.07827541859681104,24.016203703703702,30.0869140625,0.557938768244927,40,31,55,0.28975265017667845,0.303886925795053,0.40636042402826855,1
14,13,121,15193.5,15164.0,14178.0,311,0.1570858448527207,0.15678084387051416,0.1465865737533731,77.51785714285714,89.72781065088758,0.9683764770165972,101,100,100,0.4565916398713826,0.5659163987138264,0.6270096463022508,1
15,14,135,143155.75,136248.0,125094.5,623,0.36883549026225815,0.35103792811152995,0.3223013482630775,636.2477777777777,695.1428571428571,6.863895747599451,370,356,350,0.695024077046549,0.6404494382022472,0.7158908507223114,1
15,13,104,95158.0,94934.5,90976.0,583,0.27996787186404976,0.2793103042463863,0.26766385496441486,422.9244444444444,561.7426035502958,8.411242603550296,298,297,294,0.6638078902229846,0.6415094339622641,0.7015437392795884,1
17,20,118,65827.75,63725.75,61487.75,471,0.2967339220432652,0.2872586672436565,0.27717036075387325,227.77768166089965,159.314375,4.415954467107153,249,240,242,0.7133757961783439,0.564755838641189,0.6411889596602972,1
17,18,108,140853.5,95670.0,113036.0,607,0.3822876436087491,0.2596560175220994,0.306788727883642,487.38235294117646,295.27777777777777,9.691015089163237,346,310,312,0.6968698517298187,0.6342668863261944,0.7182866556836903,1
19,16,135,157470.75,104401.5,119557.0,671,0.349747690681213,0.23187914916677957,0.2655400107942191,436.20706371191136,407.818359375,6.5600548696845,369,324,326,0.6154992548435171,0.563338301043219,0.7555886736214605,1
14,16,105,137395.5,92245.25,103465.75,655,0.3202505681487093,0.21501136297418566,0.2411648505331857,700.9974489795918,360.3330078125,9.384648526077097,337,297,296,0.6687022900763359,0.5618320610687023,0.6381679389312978,1
16,15,109,70879.5,46117.0,51860.5,559,0.22682819115402217,0.1475833730690826,0.16596369059238802,276.873046875,204.96444444444444,4.364994529080044,233,201,196,0.5008944543828264,0.5402504472271914,0.6404293381037567,1
20,25,115,114001.0,75882.0,86434.5,599,0.3177276540477869,0.21148770488376564,0.24089815803188955,285.0025,121.4112,6.535689981096408,311,274,270,0.6494156928213689,0.6010016694490818,0.7295492487479132,1
16,16,142,108668.0,69145.75,78880.75,543,0.3685547517542878,0.23451241143771898,0.26752931161374127,424.484375,270.1005859375,3.9119594326522513,296,258,252,0.6832412523020258,0.6519337016574586,0.7753222836095764,1
22,20,97,66069.0,38728.75,49563.75,519,0.2452804971766514,0.14378009437149403,0.184004922761647,136.50619834710744,96.821875,5.26769582314805,232,187,188,0.651252408477842,0.5568400770712909,0.6589595375722543,1
22,17,129,22458.75,12511.75,17297.5,359,0.17425958830238747,0.09707986437100892,0.13421295613783257,46.40237603305785,43.29325259515571,1.0394507541614086,119,88,97,0.6267409470752089,0.42896935933147634,0.5682451253481894,1
16,16,128,24165.0,13408.0,19949.5,415,0.1403106401509653,0.07785164755407172,0.11583393816228771,94.39453125,52.375,1.217620849609375,116,85,107,0.38313253012048193,0.3759036144578313,0.5012048192771085,1
16,18,107,30275.5,15793.0,25878.5,419,0.17245003161294364,0.08995733676613826,0.14740460580652878,118.263671875,48.74382716049383,2.260328412961831,131,85,135,0.60381861575179,0.4677804295942721,0.5274463007159904,1
23,22,132,7370.5,8620.0,9382.5,287,0.08948147968289041,0.10465102162221224,0.1139081450545715,13.932892249527411,17.8099173553719,0.5384814049586777,19,37,91,0.1254355400696864,0.36585365853658536,0.4634146341463415,1
22,24,118,5929.0,4506.5,7377.0,247,0.09718238292710911,0.07386615089576948,0.12091658607746399,12.25,7.823784722222222,0.5298046538351049,29,29,73,0.5060728744939271,0.46153846153846156,0.46153846153846156,1
25,22,91,6692.0,6061.5,9209.5,295,0.07689744326343005,0.06965239873599541,0.1058259120942258,10.7072,12.523760330578513,1.112124139596667,52,24,87,0.25084745762711863,0.31864406779661014,0.4033898305084746,1
16,17,92,7210.0,5949.75,6961.75,271,0.09817404447107202,0.08101401124712354,0.09479378004112145,28.1640625,20.587370242214533,0.8225129962192816,51,25,69,0.5608856088560885,0.13284132841328414,0.4354243542435424,1
23,22,83,4814.0,4381.0,6160.0,239,0.08427723604278636,0.07669683653997654,0.10784124927784877,9.100189035916824,9.051652892561984,0.8941791261431268,0,32,69,0.0,0.3807531380753138,0.4560669456066946,1
17,15,107,5332.25,4318.75,7303.25,235,0.09655500226346764,0.0782028066998642,0.13224535989135355,18.45069204152249,19.194444444444443,0.6378941392261332,19,39,73,0.1574468085106383,0.4127659574468085,0.3617021276595745,1
16,17,100,7684.0,7043.5,10081.0,279,0.09871404529746534,0.09048573373928906,0.12950758597654194,30.015625,24.3719723183391,1.0081,36,32,92,0.3763440860215054,0.2114695340501792,0.4910394265232975,1
20,18,164,7494.0,5970.0,6680.5,387,0.05003705706788454,0.039861386535264304,0.044605358919402545,18.735,18.425925925925927,0.24838265913146937,30,33,67,0.24031007751937986,0.31007751937984496,0.268733850129199,1
22,18,119,7028.0,7027.0,10306.5,303,0.07655022928035378,0.07653933710202704,0.11226023592458256,14.520661157024794,21.688271604938272,0.7278087705670504,35,30,97,0.46204620462046203,0.3333333333333333,0.3201320132013201,1
16,15,112,8109.5,7483.0,12049.5,367,0.0602090742376883,0.05555761791980043,0.08946164868697518,31.677734375,33.257777777777775,0.960578762755102,39,35,99,0.3215258855585831,0.3678474114441417,0.2724795640326976,1
22,17,94,8427.0,7200.5,13921.5,311,0.08712689074761427,0.07444608719926386,0.143934616060628,17.41115702479339,24.91522491349481,1.575543232231779,37,38,113,0.3247588424437299,0.17684887459807075,0.3665594855305466,1
19,26,90,11081.0,7124.0,12147.5,311,0.11456664012985805,0.07365515244879602,0.12559320106285088,30.695290858725762,10.538461538461538,1.4996913580246913,39,36,104,0.26366559485530544,0.2765273311897106,0.3954983922829582,1
19,18,189,8427.0,6160.5,10995.5,335,0.07509022053909557,0.05489418578748051,0.09797727779015371,23.343490304709142,19.01388888888889,0.3078161305674533,36,30,95,0.26865671641791045,0.2537313432835821,0.3761194029850746,1
21,13,155,9400.25,7544.25,12332.5,327,0.0879111372967109,0.0705538254355694,0.11533353907733168,21.315759637188208,44.6405325443787,0.5133194588969823,39,37,106,0.39143730886850153,0.1834862385321101,0.43730886850152906,1
16,14,108,14350.5,10247.25,24868.0,295,0.1649008905486929,0.11775064636598678,0.2857569663889687,56.056640625,52.28188775510204,2.132030178326475,65,63,161,0.6440677966101694,0.5796610169491525,0.5898305084745763,1
16,15,99,14222.75,10774.25,25054.5,291,0.16795680258853815,0.1272333817503336,0.2958692032451199,55.5576171875,47.885555555555555,2.556320783593511,65,64,161,0.711340206185567,0.6735395189003437,0.738831615120275,1
16,15,126,14178.5,9279.0,16921.0,415,0.08232544636376833,0.05387719552910437,0.09824938307446654,55.384765625,41.24,1.065822625346435,52,52,131,0.4506024096385542,0.1566265060240964,0.4650602409638554,1
20,23,102,12641.0,9099.5,15802.75,343,0.10744672712900237,0.07734447381618204,0.13432115870088143,31.6025,17.20132325141777,1.5189109957708573,47,42,129,0.4518950437317784,0.21574344023323616,0.46355685131195334,1
19,16,106,8787.25,6484.75,8084.0,319,0.08635184402669,0.06372529751083421,0.07944104322874186,24.34141274238227,25.3310546875,0.7194731221075116,36,25,92,0.4169278996865204,0.11912225705329153,0.3573667711598746,1
15,14,121,8470.75,7841.0,11784.25,303,0.09226491956126305,0.0854055702599963,0.12835615244692786,37.647777777777776,40.005102040816325,0.8048801311385835,39,32,101,0.4389438943894389,0.297029702970297,0.5610561056105611,1
16,16,110,6360.5,5427.75,6202.75,263,0.09195593401668377,0.0784708467666151,0.08967528806257138,24.845703125,21.2021484375,0.5126239669421487,33,29,72,0.376425855513308,0.4714828897338403,0.376425855513308,1
16,16,89,6736.75,5750.0,9159.25,255,0.10360246059207998,0.08842752787389466,0.1408573625528643,26.3154296875,22.4609375,1.156324958969827,30,21,90,0.2,0.22745098039215686,0.4588235294117647,1
17,19,118,6862.5,4821.0,7385.0,243,0.11621704008535284,0.08164405832444241,0.12506562346525768,23.74567474048443,13.354570637119114,0.5303792013789141,28,26,77,0.38271604938271603,0.1934156378600823,0.345679012345679,1
19,15,78,11102.25,7652.0,13546.0,271,0.1511723696572759,0.10419248103920153,0.18444737952914583,30.75415512465374,34.00888888888889,2.2264957264957266,47,46,116,0.6383763837638377,0.5940959409594095,0.45018450184501846,1
16,13,92,7667.0,6544.0,10733.5,303,0.08351033123114292,0.0712784149702099,0.11691119607010206,29.94921875,38.72189349112426,1.2681356332703213,36,32,107,0.33993399339933994,0.2838283828382838,0.49504950495049505,1
16,14,81,6698.0,5219.0,6865.0,287,0.08131700032779322,0.0633612159914531,0.08334446211560174,26.1640625,26.627551020408163,1.0463344002438653,41,34,80,0.32752613240418116,0.21951219512195122,0.397212543554007,1
16,15,89,9412.5,6236.0,12841.75,271,0.12816410451927399,0.08491169782546534,0.17485804931850057,36.767578125,27.715555555555557,1.6212283802550183,38,30,112,0.44649446494464945,0.3284132841328413,0.5276752767527675,1
17,18,96,16782.25,11011.25,25435.0,407,0.1013121117543722,0.06647338649795652,0.15354756140996928,58.07006920415225,33.98533950617284,2.7598741319444446,75,61,162,0.3095823095823096,0.3095823095823096,0.6068796068796068,1
16,17,112,12406.75,7594.25,12266.5,303,0.13513653345532572,0.08271792525787232,0.13360890544499995,48.4638671875,26.277681660899653,0.9778778698979592,59,39,108,0.5148514851485149,0.41914191419141916,0.47854785478547857,1
19,15,83,8321.5,7266.5,13250.5,367,0.061783070629375825,0.05395021122734596,0.09837848673611059,23.05124653739612,32.29555555555555,1.9234286543765424,44,34,107,0.2452316076294278,0.2779291553133515,0.43869209809264303,1
16,13,105,8137.5,5546.5,9177.0,287,0.09879323531911277,0.06733722638371233,0.11141327441148977,31.787109375,32.819526627218934,0.8323809523809523,31,29,94,0.47038327526132406,0.25435540069686413,0.41114982578397213,1
16,15,113,9193.0,5393.5,10352.0,271,0.12517531079369834,0.07343990414073882,0.14095668631963074,35.91015625,23.97111111111111,0.8107134466285535,49,31,92,0.5535055350553506,0.2029520295202952,0.4797047970479705,1
16,13,111,9595.5,6529.5,9799.0,307,0.10181009878088892,0.0692792496472111,0.10396927288353192,37.482421875,38.63609467455621,0.7953088223358493,44,29,89,0.48534201954397393,0.36156351791530944,0.34527687296416937,1
17,20,113,6981.0,5878.5,7918.0,287,0.0847527589262951,0.07136786897983464,0.09612839781956804,24.155709342560552,14.69625,0.6200955438953716,33,31,80,0.4843205574912892,0.3623693379790941,0.44947735191637633,1
19,17,105,9772.25,6073.25,10669.0,319,0.09603138727017227,0.05968150863297334,0.10484370240072326,27.06994459833795,21.014705882352942,0.9677097505668935,38,30,104,0.28213166144200624,0.19435736677115986,0.438871473354232,1
17,14,94,8117.0,5982.25,10255.0,259,0.12100296656281212,0.08917949941115964,0.15287488260461232,28.086505190311417,30.521683673469386,1.1605930285196921,36,38,104,0.46332046332046334,0.3861003861003861,0.4980694980694981,1
16,15,88,8070.0,6290.0,8607.0,279,0.10367287162292366,0.08080574504438535,0.1105715496974602,31.5234375,27.955555555555556,1.1114411157024793,36,27,89,0.44086021505376344,0.2831541218637993,0.4121863799283154,1
16,15,109,7637.0,6054.5,10962.5,271,0.10398823545431027,0.08244032624828093,0.14926948162470555,29.83203125,26.90888888888889,0.9226916926184665,38,33,101,0.45387453874538747,0.36531365313653136,0.5055350553505535,1
17,16,100,8195.5,6461.5,10018.0,335,0.07302740031187346,0.057576297616395634,0.08926709734907552,28.358131487889274,25.240234375,1.0018,40,30,99,0.4059701492537313,0.27761194029850744,0.41492537313432837,1
16,17,82,6116.75,6191.75,6526.25,247,0.10025979773476044,0.10148912455539347,0.10697192217541675,23.8935546875,21.424740484429066,0.9705904223676383,32,27,72,0.12955465587044535,0.17408906882591094,0.5465587044534413,1
21,17,118,7013.0,5372.25,6272.75,279,0.0900939093793759,0.06901568582109685,0.08058413946377872,15.90249433106576,18.58910034602076,0.4504991381786843,38,31,69,0.36917562724014336,0.23655913978494625,0.25089605734767023,1
16,14,83,7825.25,7140.5,7141.5,259,0.11665374696262727,0.10644593849227053,0.10646084584308523,30.5673828125,36.43112244897959,1.0366526346349252,30,31,82,0.11583011583011583,0.138996138996139,0.49034749034749037,1
16,17,92,7483.5,6241.25,5954.75,279,0.09613828188229853,0.08017946840354055,0.07649888876042188,29.232421875,21.596020761245676,0.703538516068053,52,37,60,0.44802867383512546,0.21505376344086022,0.3835125448028674,1
16,17,126,8853.0,7053.0,10516.5,339,0.07703552875453573,0.061372595087059806,0.09151068995222805,34.58203125,24.40484429065744,0.6624149659863946,30,28,97,0.3303834808259587,0.16519174041297935,0.36283185840707965,1
17,18,133,6875.25,6733.5,7712.5,319,0.06756272049213354,0.06616975069034306,0.07579033224909347,23.78979238754325,20.78240740740741,0.43600542710158857,40,28,81,0.4169278996865204,0.34169278996865204,0.3981191222570533,1
19,15,85,7960.0,7178.0,8861.0,279,0.10225973458717129,0.09221361493300446,0.11383461158001568,22.049861495844876,31.90222222222222,1.2264359861591696,31,33,92,0.4551971326164875,0.36200716845878134,0.36200716845878134,1
17,17,97,7595.5,6646.0,10140.0,343,0.06456068474870165,0.05649006791387942,0.08618857788846485,26.282006920415224,22.996539792387544,1.0776915718992455,42,22,96,0.4198250728862974,0.26822157434402333,0.32653061224489793,1
16,17,88,5841.5,5181.25,8248.0,303,0.06362665969567254,0.0564350989554401,0.08983868683898093,22.818359375,17.92820069204152,1.0650826446280992,36,30,79,0.429042904290429,0.2871287128712871,0.2607260726072607,1
16,15,117,7837.0,6364.5,7636.0,311,0.08102687110348321,0.06580266953402053,0.07894872881794027,30.61328125,28.286666666666665,0.5578201475637373,39,22,85,0.33440514469453375,0.17041800643086816,0.44694533762057875,1
17,16,96,7295.0,7105.0,8947.0,311,0.07542312424395943,0.0734587111382223,0.0925031792475264,25.242214532871973,27.75390625,0.9708116319444444,35,45,90,0.42765273311897106,0.4887459807073955,0.42765273311897106,1
16,14,116,6697.5,6291.0,4967.75,259,0.09984198208136431,0.09378214397519417,0.07405599200965997,26.162109375,32.0969387755102,0.36918475029726516,45,32,63,0.4942084942084942,0.18532818532818532,0.4015444015444015,1
19,18,98,7004.5,5189.0,6715.0,267,0.09825499025095036,0.0727882281978987,0.0941940551838292,19.40304709141274,16.015432098765434,0.6991878384006663,40,28,79,0.4307116104868914,0.4419475655430712,0.4756554307116105,1
16,15,90,8706.5,5353.5,9661.0,323,0.08345234786109328,0.051313632834590575,0.09260129014943112,34.009765625,23.793333333333333,1.192716049382716,38,30,88,0.4613003095975232,0.2693498452012384,0.4055727554179567,1
17,15,94,7466.75,5440.25,8154.25,311,0.07719885030138232,0.05624683367624404,0.0843069240392469,25.836505190311417,24.17888888888889,0.9228440470801268,6,7,89,0.01929260450160772,0.03215434083601286,0.4212218649517685,1
17,16,92,9016.0,6176.0,11491.0,295,0.103602413099684,0.07096811261131859,0.1320425165182419,31.197231833910035,24.125,1.357632325141777,36,23,104,0.41694915254237286,0.13220338983050847,0.46779661016949153,1
16,16,118,9593.25,5269.75,7831.0,283,0.1197823671165828,0.06579867397520259,0.09777872117269537,37.4736328125,20.5849609375,0.5624102269462798,45,2,92,0.3321554770318021,0.007067137809187279,0.45229681978798586,1
19,16,140,8414.75,5721.5,7117.75,319,0.08269130609958629,0.05622487986556736,0.06994575525004668,23.309556786703602,22.349609375,0.3631505102040816,35,29,80,0.30094043887147337,0.2476489028213166,0.3542319749216301,1
14,14,113,7793.25,5315.25,6246.5,295,0.08955185291582879,0.061077276644642346,0.07177822464808963,39.76147959183673,27.118622448979593,0.48919257576944164,40,37,75,0.3864406779661017,0.34915254237288135,0.3694915254237288,1
16,16,100,6509.0,4722.0,6276.0,263,0.09410284954242508,0.06826757651549105,0.09073428848183435,25.42578125,18.4453125,0.6276,32,22,71,0.4790874524714829,0.2585551330798479,0.4524714828897338,1
16,14,119,4837.0,4892.5,6243.5,283,0.06039531021738316,0.061088289278178026,0.07795702281212151,18.89453125,24.961734693877553,0.4408940046606878,34,31,74,0.3462897526501767,0.38869257950530034,0.40636042402826855,1
17,18,132,9317.0,6067.0,8972.5,319,0.09155766944114149,0.05962009021137764,0.08817228604278653,32.238754325259514,18.72530864197531,0.5149506427915519,33,28,81,0.3448275862068966,0.2507836990595611,0.335423197492163,1
16,17,115,8332.0,5406.0,4810.5,295,0.09574260270037345,0.062120080436656136,0.05527721918988796,32.546875,18.705882352941178,0.3637429111531191,31,31,68,0.3525423728813559,0.3423728813559322,0.3050847457627119,1
20,16,108,7715.5,6215.0,8824.5,311,0.07977068061744606,0.0642569865902958,0.09123664974514324,19.28875,24.27734375,0.7565586419753086,28,27,78,0.3633440514469453,0.3504823151125402,0.4212218649517685,1
16,16,93,8191.5,5599.0,7349.5,271,0.11153851390912434,0.07623806865374927,0.10007352841056086,31.998046875,21.87109375,0.8497514163487109,30,34,78,0.3985239852398524,0.4022140221402214,0.45018450184501846,1
16,13,92,5733.5,4951.0,8315.0,283,0.07158910711833086,0.061818726666583425,0.10382199802719475,22.396484375,29.29585798816568,0.9823960302457467,33,30,88,0.2826855123674912,0.4452296819787986,0.519434628975265,1
17,15,97,6808.25,6415.75,7121.0,307,0.07223684070918525,0.06807234029008265,0.07555517830427909,23.55795847750865,28.514444444444443,0.7568285683919651,33,24,80,0.3811074918566775,0.1465798045602606,0.26384364820846906,1
16,17,81,8835.25,7700.5,7875.75,335,0.0787280017821341,0.06861661840053464,0.07017821341055915,34.5126953125,26.64532871972318,1.2003886602652034,30,28,82,0.26865671641791045,0.20298507462686566,0.24477611940298508,1
21,15,102,9660.0,6830.5,10650.5,359,0.07495286349423111,0.05299850249454924,0.08263824768584974,21.904761904761905,30.357777777777777,1.0236928104575163,41,40,98,0.4178272980501393,0.34540389972144847,0.4401114206128134,1
16,15,115,8259.0,6463.0,6298.5,267,0.11585237554180869,0.09065914797514343,0.08835163910280688,32.26171875,28.724444444444444,0.4762570888468809,27,37,74,0.3445692883895131,0.299625468164794,0.34831460674157305,1
16,14,82,7262.0,9133.5,7452.0,291,0.08575713560302783,0.10785772487334822,0.08800085024976087,28.3671875,46.599489795918366,1.1082688875669244,36,37,84,0.27835051546391754,0.12714776632302405,0.39862542955326463,1
16,13,94,7032.5,6705.25,5935.0,351,0.057081517195477306,0.054425288755773085,0.04817331028157239,27.470703125,39.67603550295858,0.6716840199185151,38,33,79,0.3903133903133903,0.3162393162393162,0.25925925925925924,1
17,14,110,6543.5,6090.0,7558.0,259,0.09754625005590256,0.09078576646144214,0.11266975745740225,22.641868512110726,31.071428571428573,0.6246280991735537,26,20,80,0.25096525096525096,0.21235521235521235,0.4015444015444015,1
17,17,79,5591.5,4806.5,5363.0,231,0.10478626712392947,0.09007514851670696,0.10050411349112648,19.347750865051903,16.631487889273355,0.8593174170805961,34,38,59,0.3116883116883117,0.3939393939393939,0.4069264069264069,1
16,16,76,6115.25,4710.5,5405.0,339,0.05321264172779561,0.04098902724480295,0.047032309151504074,23.8876953125,18.400390625,0.9357686980609419,32,36,71,0.2182890855457227,0.21238938053097345,0.3687315634218289,1
17,14,108,7045.5,7185.5,7490.0,339,0.06130733286344532,0.06252556103758233,0.06517520731633035,24.378892733564015,36.660714285714285,0.6421467764060357,32,25,82,0.35693215339233036,0.23303834808259588,0.24778761061946902,1
16,17,78,5288.25,5739.25,8093.5,255,0.08132641291810842,0.08826220684352172,0.12446751249519415,20.6572265625,19.858996539792386,1.330292570677186,29,25,71,0.1843137254901961,0.34901960784313724,0.3333333333333333,1
22,21,90,5893.5,5103.0,6722.0,255,0.09063437139561707,0.07847750865051903,0.10337562475970781,12.176652892561984,11.571428571428571,0.8298765432098766,24,35,74,0.30196078431372547,0.21176470588235294,0.3803921568627451,1
16,14,123,6867.25,7052.5,5640.0,243,0.11629748175244288,0.1194347067689546,0.09551389523954681,26.8251953125,35.982142857142854,0.37279397184215746,40,33,56,0.34156378600823045,0.345679012345679,0.42386831275720166,1
25,22,109,8419.0,4318.5,6886.5,287,0.1022107831829936,0.05242870497395865,0.08360548264516991,13.4704,8.922520661157025,0.5796229273630166,38,19,67,0.41114982578397213,0.06620209059233449,0.24041811846689895,1
14,14,123,5708.0,5420.75,6444.5,287,0.06929791547791038,0.06581055979798225,0.07823938617683837,29.122448979591837,27.65688775510204,0.42596999140723113,37,27,73,0.36585365853658536,0.2961672473867596,0.33797909407665505,1
18,17,130,5673.5,5365.5,5960.0,287,0.06887906858162658,0.06513979773944081,0.0723573188942442,17.510802469135804,18.56574394463668,0.3526627218934911,23,31,62,0.2682926829268293,0.20209059233449478,0.40069686411149824,1
16,14,95,7613.25,6869.5,6881.0,295,0.08748348175811549,0.07893708704395289,0.07906923297902901,29.7392578125,35.048469387755105,0.762437673130194,42,33,77,0.3694915254237288,0.2677966101694915,0.37966101694915255,1
20,17,111,7302.5,6333.0,9062.0,287,0.08865592638007017,0.07688572157000813,0.11001711809054378,18.25625,21.913494809688583,0.7354922490057625,27,34,86,0.36585365853658536,0.2926829268292683,0.4529616724738676,1
19,17,94,8375.0,7168.5,9431.0,339,0.07287614970283934,0.06237763333072285,0.08206507078775854,23.1994459833795,24.804498269896193,1.0673381620642826,33,39,97,0.35693215339233036,0.26843657817109146,0.2920353982300885,1
21,17,80,5785.0,5242.0,6605.0,219,0.12061883613769521,0.10929713725735493,0.1377160609662017,13.117913832199546,18.13840830449827,1.03203125,18,35,75,0.0821917808219178,0.5068493150684932,0.3698630136986301,1
16,16,96,7641.5,6541.25,8915.75,287,0.09277155240442399,0.07941397855989511,0.1082415714649929,29.849609375,25.5517578125,0.9674207899305556,32,34,94,0.4146341463414634,0.39372822299651566,0.5017421602787456,1
16,15,97,8240.0,6418.0,7756.5,295,0.09468543521976444,0.07374892272335536,0.08912956047112898,32.1875,28.524444444444445,0.8243702837708576,35,37,84,0.3050847457627119,0.4,0.38305084745762713,1
21,21,84,6670.5,6638.75,10422.25,287,0.08098313685974093,0.08059767631026235,0.12653121926938532,15.125850340136054,15.053854875283447,1.477076247165533,36,33,101,0.28222996515679444,0.2857142857142857,0.3867595818815331,1
16,14,80,7486.75,5453.0,9252.0,287,0.09089281161602059,0.06620209059233449,0.11232381114254149,29.2451171875,27.821428571428573,1.445625,32,32,91,0.24041811846689895,0.2682926829268293,0.34494773519163763,1
20,18,100,6863.0,5678.0,6429.5,279,0.08816690433062269,0.07294356444547218,0.08259785973972585,17.1575,17.52469135802469,0.64295,30,26,66,0.35125448028673834,0.31899641577060933,0.4336917562724014,1
17,17,116,7790.5,6718.0,9778.5,367,0.057840655138875485,0.049877866789418586,0.07260058356658673,26.95674740484429,23.24567474048443,0.7267018430439952,37,33,92,0.4223433242506812,0.1444141689373297,0.3024523160762943,1
22,26,98,9264.5,7699.25,12134.0,359,0.07188414118450354,0.059739216796890156,0.09414886600817808,19.141528925619834,11.389423076923077,1.2634319033735943,25,26,99,0.2618384401114206,0.19220055710306408,0.28133704735376047,1
16,13,79,8663.75,8483.25,13902.25,295,0.09955472565354784,0.09748060902039644,0.15975007181844297,33.8427734375,50.196745562130175,2.2275676974843774,41,33,112,0.3898305084745763,0.2983050847457627,0.37966101694915255,1
22,20,93,12931.5,9669.0,17521.5,327,0.1209353870325169,0.0904244872766041,0.16386106668911146,26.71797520661157,24.1725,2.0258411377037806,50,47,136,0.1620795107033639,0.42201834862385323,0.5902140672782875,1
21,23,114,7619.5,5587.5,10914.5,267,0.10688184712929064,0.07837815090687203,0.15310216162381293,17.27777777777778,10.562381852551985,0.8398353339489073,27,28,103,0.36329588014981273,0.21722846441947566,0.5131086142322098,1
18,15,119,9783.5,7409.5,8358.0,287,0.11877648144326142,0.0899549587830373,0.10147021330840486,30.195987654320987,32.931111111111115,0.5902125556104795,38,28,96,0.47038327526132406,0.25435540069686413,0.3693379790940767,1
16,15,105,9929.5,4799.75,7605.25,227,0.19269731607444351,0.0931465776553009,0.14759164742184014,38.787109375,21.33222222222222,0.6898185941043083,48,33,83,0.36123348017621143,0.28634361233480177,0.6607929515418502,1
18,16,112,7268.0,6526.5,9253.0,311,0.07514397080261784,0.06747759018207007,0.09566691824939776,22.432098765432098,25.494140625,0.7376434948979592,37,21,95,0.42443729903536975,0.13183279742765272,0.5016077170418006,1
17,15,118,6718.0,5991.25,5966.75,275,0.08883305785123967,0.07922314049586777,0.078899173553719,23.24567474048443,26.627777777777776,0.4285226946279805,22,32,71,0.15272727272727274,0.4,0.41454545454545455,1
19,19,112,6727.5,5872.5,5647.25,255,0.10346020761245675,0.0903114186851211,0.08684736639753941,18.63573407202216,16.26731301939058,0.4501953125,31,18,65,0.20392156862745098,0.1411764705882353,0.3058823529411765,1
21,24,57,8241.25,5820.25,11674.25,295,0.09469979890835967,0.06688020683711578,0.1341482332663028,18.68764172335601,10.104600694444445,3.593182517697753,29,24,104,0.3254237288135593,0.1423728813559322,0.5627118644067797,1
16,15,94,7561.0,7447.5,11883.0,327,0.07071047143431623,0.06964901944280784,0.11112981511096148,29.53515625,33.1,1.3448392937980986,26,39,107,0.22018348623853212,0.40672782874617736,0.45871559633027525,1
16,16,95,6527.5,5209.0,9119.5,291,0.07708340713973619,0.06151320839385458,0.10769239853095736,25.498046875,20.34765625,1.0104709141274237,28,25,85,0.38831615120274915,0.18900343642611683,0.46048109965635736,1
16,15,93,12409.0,11573.5,21484.0,367,0.09213076049269057,0.08592758131695981,0.15950820037271046,48.47265625,51.437777777777775,2.4839865880448606,45,42,144,0.3242506811989101,0.26975476839237056,0.6130790190735694,1
13,16,78,11122.0,10757.5,18327.5,347,0.09236851065950219,0.08934132830602363,0.1522103829447965,65.81065088757397,42.021484375,3.0124095989480604,50,47,136,0.345821325648415,0.31988472622478387,0.41210374639769454,1
19,16,84,14637.25,10273.5,16399.75,399,0.09194194760083166,0.06453162982644581,0.10301285795943493,40.54639889196676,40.130859375,2.3242276077097506,53,38,124,0.37844611528822053,0.3433583959899749,0.46115288220551376,1
16,17,73,14805.5,13918.5,23063.25,455,0.07151551744958339,0.06723101074749427,0.11140321217244294,57.833984375,48.160899653979236,4.327875774066429,50,52,157,0.378021978021978,0.21318681318681318,0.4087912087912088,1
16,16,101,11902.0,13692.5,18281.5,351,0.09660635871462082,0.1111395199714288,0.14838759425654013,46.4921875,53.486328125,1.7921282227232624,54,51,133,0.4074074074074074,0.5071225071225072,0.5071225071225072,1
12,16,80,9700.5,8591.5,15059.5,315,0.09776266061980347,0.08658604182413707,0.15177122700932225,67.36458333333333,33.560546875,2.353046875,38,35,127,0.4031746031746032,0.29523809523809524,0.46984126984126984,1
17,16,72,11219.5,9351.25,16959.75,367,0.08329930432329292,0.06942846112154667,0.125917855207181,38.82179930795848,36.5283203125,3.271556712962963,40,40,127,0.3923705722070845,0.37057220708446864,0.41689373297002724,1
16,14,81,11252.5,9435.5,15447.5,295,0.12930192473427177,0.10842286699224361,0.17750646365986786,43.955078125,48.140306122448976,2.354442920286542,46,46,126,0.3694915254237288,0.5254237288135594,0.5322033898305085,1
19,17,71,12178.0,7950.5,17574.0,359,0.09449026621457003,0.06168868956634415,0.13635834607118194,33.73407202216067,27.51038062283737,3.4862130529656814,46,42,126,0.12813370473537605,0.27298050139275765,0.5292479108635098,1
16,13,71,7878.0,6852.5,12023.5,319,0.07741669205294759,0.06733915743752518,0.11815430272894331,30.7734375,40.54733727810651,2.3851418369371156,32,29,101,0.4482758620689655,0.31347962382445144,0.43573667711598746,1
16,13,71,9840.75,7196.0,11962.75,359,0.07635532002389801,0.05583445193628231,0.09282012088670945,38.4404296875,42.57988165680474,2.373090656615751,33,30,101,0.3147632311977716,0.20334261838440112,0.30919220055710306,1
17,17,101,8379.5,6734.0,11383.0,319,0.08234490620178654,0.06617466416407071,0.111860142883816,28.994809688581316,23.301038062283737,1.115870993039898,38,35,106,0.4231974921630094,0.21316614420062696,0.4200626959247649,1
16,13,92,8610.75,6912.0,9703.75,331,0.07859320378601875,0.06308814267850786,0.08856938144047609,33.6357421875,40.89940828402367,1.1464732986767485,39,37,85,0.2719033232628399,0.32628398791540786,0.48036253776435045,1
19,16,75,8315.5,6884.0,9904.5,271,0.11322694407755886,0.09373510709276835,0.13486335970370775,23.034626038781163,26.890625,1.7608,31,31,95,0.3505535055350554,0.35793357933579334,0.4059040590405904,1
16,16,71,9020.0,7592.5,11502.5,259,0.13446430434847423,0.11318406106050893,0.17147180274593402,35.234375,29.658203125,2.281789327514382,30,41,106,0.33976833976833976,0.49034749034749037,0.5984555984555985,1
17,17,75,8168.75,6135.5,12327.5,255,0.12562475970780468,0.09435601691657056,0.18958093041138024,28.265570934256054,21.230103806228374,2.1915555555555555,42,35,100,0.2784313725490196,0.4470588235294118,0.5568627450980392,1
16,15,77,12352.75,8569.5,19099.25,331,0.11274769306596326,0.07821670119841914,0.17432526172634422,48.2529296875,38.086666666666666,3.2213273739247765,51,50,141,0.56797583081571,0.5015105740181269,0.6283987915407855,1
17,16,71,13958.0,9032.75,24252.25,331,0.12739934830824837,0.08244493934885588,0.22135842133605937,48.29757785467128,35.2841796875,4.810999801626662,60,54,151,0.540785498489426,0.2990936555891239,0.595166163141994,1
16,14,83,14919.0,11377.5,22242.0,359,0.11575794725366811,0.08827911018691662,0.17257780433112715,58.27734375,58.048469387755105,3.228625344752504,60,60,153,0.3871866295264624,0.1671309192200557,0.520891364902507,1
17,18,82,12412.0,9545.5,21031.0,327,0.11607702307138382,0.08926951528584388,0.1966819104265447,42.94809688581315,29.46141975308642,3.1277513384889946,56,54,148,0.4923547400611621,0.17737003058103976,0.581039755351682,1
12,12,75,12366.5,9943.5,24096.5,311,0.12785744564262155,0.10280600903630029,0.24913410738102376,85.87847222222223,69.05208333333333,4.283822222222223,53,53,158,0.5980707395498392,0.45980707395498394,0.6237942122186495,1
16,15,61,10398.0,7288.0,20561.5,343,0.08838154170456188,0.06194697787486506,0.1747698662972061,40.6171875,32.39111111111111,5.52579951625907,43,43,146,0.43731778425655976,0.45481049562682213,0.5889212827988338,1
15,15,85,8276.0,7022.0,13424.0,303,0.09014366783212975,0.07648487621039332,0.14621660185820562,36.782222222222224,31.20888888888889,1.857993079584775,41,38,110,0.46204620462046203,0.46204620462046203,0.46204620462046203,1
16,13,63,8754.0,7624.5,11928.0,319,0.08602509802380087,0.07492556087302601,0.11721582924696101,34.1953125,45.11538461538461,3.005291005291005,40,29,105,0.2727272727272727,0.219435736677116,0.5454545454545454,1
21,17,67,7775.5,7025.0,8705.0,343,0.06609065950411819,0.05971151476000646,0.07399127914389413,17.631519274376416,24.30795847750865,1.939184673646692,34,31,89,0.3935860058309038,0.09037900874635568,0.3469387755102041,1
17,15,69,11724.0,8856.5,14259.0,347,0.09736813693328572,0.0735534719165511,0.11842138046159341,40.567474048442904,39.36222222222222,2.9949590422180212,42,46,98,0.31412103746397696,0.3170028818443804,0.579250720461095,1
21,17,106,8584.5,6609.0,7340.5,291,0.1013745704467354,0.0780458426329401,0.08668414402286227,19.465986394557824,22.868512110726645,0.6533018867924528,31,31,82,0.30927835051546393,0.10652920962199312,0.47766323024054985,1
15,22,75,11476.0,8187.0,15626.0,291,0.13552036466267522,0.09668048322528076,0.18452781615710726,51.004444444444445,16.915289256198346,2.7779555555555557,42,36,126,0.38831615120274915,0.4054982817869416,0.49828178694158076,1
16,15,69,11519.75,8512.25,17446.75,327,0.10773270113813839,0.0796065613631475,0.16316200469470396,44.9990234375,37.83222222222222,3.6645137576139466,55,49,131,0.5259938837920489,0.4434250764525994,0.5137614678899083,1
19,17,94,10765.0,7827.5,14739.0,323,0.10318319930220744,0.07502707780195343,0.14127423822714683,29.81994459833795,27.08477508650519,1.6680624717066546,44,39,121,0.47987616099071206,0.43034055727554177,0.5572755417956656,1
16,15,89,11746.0,8173.25,16341.5,311,0.12144208599993797,0.08450336534982061,0.1689550356179113,45.8828125,36.32555555555555,2.0630602196692336,48,50,129,0.24115755627009647,0.2347266881028939,0.4405144694533762,1
17,17,66,9507.0,8304.0,20565.5,335,0.08471374470928937,0.07399420806415682,0.18325239474270438,32.8961937716263,28.73356401384083,4.7211891643709825,49,46,138,0.3641791044776119,0.33134328358208953,0.5880597014925373,1
16,12,121,12942.25,8281.75,17046.0,311,0.13381013430382233,0.08562514862335997,0.17623887263365764,50.5556640625,57.51215277777778,1.1642647360152996,56,53,130,0.45016077170418006,0.31511254019292606,0.5369774919614148,1
16,18,136,8871.5,7421.5,10651.5,291,0.10476376046574792,0.08764067500383793,0.1257838239982995,34.654296875,22.905864197530864,0.5758812716262975,30,1,101,0.10309278350515463,0.003436426116838488,0.35738831615120276,1
16,16,81,10439.25,6987.0,17323.25,383,0.07116586792465693,0.04763138340298182,0.11809508552106839,40.7783203125,27.29296875,2.6403368388965096,46,42,133,0.2898172323759791,0.12010443864229765,0.4595300261096606,1
19,14,115,7032.5,7020.5,11262.5,239,0.12311584180949213,0.12290576145375606,0.19716916720645647,19.480609418282548,35.81887755102041,0.8516068052930057,37,35,104,0.3179916317991632,0.4100418410041841,0.5941422594142259,1
17,15,102,9623.75,6054.5,12777.0,323,0.09224424656615131,0.058032761744098,0.12246834533063673,33.300173010380625,26.90888888888889,1.228085351787774,39,38,110,0.3746130030959752,0.44272445820433437,0.34055727554179566,1
14,14,93,10121.5,7680.25,13164.5,279,0.1300278773397053,0.09866587017124652,0.16912038642874577,51.640306122448976,39.18494897959184,1.522083477858712,47,43,118,0.37992831541218636,0.37992831541218636,0.5412186379928315,1
16,13,114,8583.5,6591.0,12940.5,303,0.09349301266760339,0.07179034735156684,0.14095023363722511,33.529296875,39.0,0.9957294552169899,37,36,114,0.46864686468646866,0.429042904290429,0.5181518151815182,1
15,13,92,10420.0,8886.0,16981.5,355,0.08268200753818687,0.07050981948026186,0.1347470739932553,46.31111111111111,52.57988165680474,2.0063208884688093,50,44,119,0.428169014084507,0.29859154929577464,0.5577464788732395,1
17,17,93,13175.5,7162.0,18026.0,407,0.07953866307674662,0.043235999009954784,0.10882045771480661,45.589965397923876,24.782006920415224,2.084171580529541,58,39,127,0.4176904176904177,0.24078624078624078,0.40540540540540543,1
17,15,80,8587.0,7375.5,11208.0,291,0.10140409300787662,0.0870974598788394,0.132355546108336,29.71280276816609,32.78,1.75125,30,31,106,0.18900343642611683,0.22336769759450173,0.3848797250859107,1
16,15,96,8298.75,7081.25,12624.5,231,0.15552088604036657,0.13270459699031129,0.23658664567755477,32.4169921875,31.47222222222222,1.3698459201388888,43,44,111,0.4675324675324675,0.6406926406926406,0.5887445887445888,1
16,13,94,11109.5,7910.0,14494.5,319,0.10917247275478818,0.07773115437151758,0.14243668989101915,43.396484375,46.80473372781065,1.6403915799004074,47,43,122,0.5015673981191222,0.2884012539184953,0.45141065830721006,1
16,16,120,9130.5,6618.5,12982.5,263,0.1320027758099727,0.09568592866746664,0.1876924633867773,35.666015625,25.853515625,0.9015625,37,35,109,0.33079847908745247,0.4790874524714829,0.55893536121673,1
17,14,136,9319.0,7387.75,13405.5,335,0.08303853865003341,0.06582980619291602,0.11945199376253063,32.24567474048443,37.692602040816325,0.724778330449827,43,43,114,0.23582089552238805,0.4507462686567164,0.45671641791044776,1
19,15,121,11204.75,8486.5,16500.5,243,0.18975342512150925,0.14371962268624364,0.27943741638300396,31.03808864265928,37.717777777777776,1.127006352025135,47,47,128,0.45267489711934156,0.6008230452674898,0.7530864197530864,1
20,14,109,11470.0,8802.5,16198.5,327,0.10726743914186049,0.08232097934143216,0.15148837078809305,28.675,44.910714285714285,1.3633953370928373,45,44,122,0.3394495412844037,0.37920489296636084,0.5076452599388379,1
17,13,100,12227.5,7520.5,18070.5,303,0.13318411049025694,0.08191462710627498,0.1968271084534196,42.30968858131488,44.5,1.80705,49,46,134,0.30033003300330036,0.42244224422442245,0.5346534653465347,1
16,14,108,11696.5,9114.0,16374.5,279,0.15026143035161418,0.11708482676224612,0.21035829447206486,45.689453125,46.5,1.403849451303155,36,36,123,0.5232974910394266,0.40860215053763443,0.5842293906810035,1
21,15,103,7890.5,7296.5,15365.75,263,0.11407566973644262,0.10548800763347742,0.22214792753979384,17.892290249433106,32.42888888888889,1.4483693090771985,45,42,119,0.42585551330798477,0.3688212927756654,0.45627376425855515,1
24,26,104,9313.75,7561.5,12502.25,343,0.07916556876811533,0.06427168951712296,0.1062673715883688,16.16970486111111,11.185650887573965,1.1559032914201184,27,37,108,0.22157434402332363,0.18075801749271136,0.33819241982507287,1
17,17,112,9573.0,6845.75,15044.25,343,0.08136915740890276,0.05818791489940416,0.1278740150787512,33.12456747404844,23.68771626297578,1.1993183992346939,46,30,121,0.27405247813411077,0.282798833819242,0.5102040816326531,1
23,18,128,8236.0,6449.0,11320.0,271,0.11214444247763511,0.08781198513092142,0.15413733473128088,15.568998109640832,19.90432098765432,0.69091796875,30,35,104,0.3800738007380074,0.12915129151291513,0.5387453874538746,1
21,15,117,10111.5,6732.5,11481.0,303,0.11013626115086757,0.07333159058480106,0.12505309936934286,22.928571428571427,29.92222222222222,0.8387026079333771,44,43,108,0.5214521452145214,0.35313531353135313,0.5214521452145214,1
16,15,107,11098.0,9014.5,17194.0,327,0.10378849516969203,0.08430360332557117,0.1607982867136137,43.3515625,40.06444444444445,1.5017905493929602,49,46,128,0.4709480122324159,0.3333333333333333,0.4525993883792049,1
20,13,71,8252.5,6481.0,14054.5,255,0.1269127258746636,0.09966935793925413,0.21613994617454826,20.63125,38.349112426035504,2.7880380876810156,17,30,116,0.06666666666666667,0.28627450980392155,0.6470588235294118,1
23,18,100,8724.5,7673.0,12688.5,343,0.07415702640906426,0.065219423879506,0.1078504704672373,16.49243856332703,23.682098765432098,1.26885,42,41,108,0.33819241982507287,0.37317784256559766,0.4402332361516035,1
17,13,123,5957.5,7058.5,8656.0,287,0.0723269676698758,0.08569364688171521,0.10508807925311707,20.614186851211073,41.76627218934911,0.5721462092669707,38,25,82,0.37630662020905925,0.23693379790940766,0.3554006968641115,1
