SrcIPF0,DstIPF0,DstPortF0,SrcIPF2,DstIPF2,DstPortF2,Events_F1,SrcIP_BurstIndex,DstIP_BurstIndex,DstPort_BurstIndex,SrcIP_Concentration,DstIP_Concentration,DstPort_Concentration,SrcIP_MaxCount,DstIP_MaxCount,DstPort_MaxCount,SrcIP_FractionOfMass,DstIP_FractionOfMass,DstPort_FractionOfMass,Attack
126,66,70,865.0,803.5,4976.5,85,0.11972318339100346,0.11121107266435987,0.6887889273356401,0.05448475686570925,0.18445821854912764,1.0156122448979592,14,12,67,0.49411764705882355,0.4,1.0235294117647058,1
129,52,45,834.25,848.75,4864.0,79,0.13367248838327192,0.13599583400096138,0.7793622816856273,0.05013220359353404,0.31388683431952663,2.4019753086419753,12,0,65,0.379746835443038,0.0,1.0632911392405062,1
129,50,94,24696.0,25836.5,114840.5,543,0.0837581270412991,0.08762620866952237,0.3894891961648166,1.4840454299621417,10.3346,12.996887732005431,72,66,299,0.4567219152854512,0.3664825046040516,0.850828729281768,0
128,51,495,74904.0,86590.5,186533.0,783,0.12217475766161194,0.14123642733762962,0.3042510956810512,4.57177734375,33.29123414071511,0.7612815018875625,98,98,425,0.32567049808429116,0.3448275862068966,0.8007662835249042,0
128,65,236,20489.5,25165.0,30677.75,447,0.1025454308864966,0.12594527774024192,0.15353537628435154,1.250579833984375,5.956213017751479,0.5508070597529445,58,70,158,0.13646532438478748,0.15883668903803133,0.6465324384787472,0
130,60,237,6043.0,7307.0,5096.5,267,0.08476763596066714,0.10249828164232912,0.07149069281375808,0.35757396449704143,2.0297222222222224,0.09073510299275402,33,39,50,0.3782771535580524,0.4681647940074906,0.23220973782771537,0
129,52,215,6857.5,8928.25,5185.75,263,0.09914123378970348,0.12907877806531828,0.07497216961355521,0.41208461029986176,3.301867603550296,0.11218496484586263,39,45,49,0.5399239543726235,0.4524714828897338,0.2661596958174905,0
128,52,299,5403.75,7088.25,4994.25,239,0.09460181019239859,0.12409184012884929,0.08743281805290523,0.3298187255859375,2.621394230769231,0.055863469088712654,40,34,43,0.4560669456066946,0.26778242677824265,0.18410041841004185,0
129,51,216,5744.75,4965.25,4895.5,239,0.10057159363456522,0.0869251238598764,0.0857040317921605,0.34521663361576826,1.9089773164167627,0.1049275548696845,35,30,48,0.47280334728033474,0.20502092050209206,0.4309623430962343,0
124,63,182,6252.5,7048.5,5542.25,223,0.12573146453779485,0.14173822115868004,0.11144905387198617,0.40664021852237253,1.7758881330309901,0.16731825866441252,36,39,47,0.4618834080717489,0.3991031390134529,0.5560538116591929,0
38,62,253,6154.0,6460.5,5299.5,287,0.07471257390523134,0.07843363401279607,0.06433852541611529,4.261772853185596,1.6806711758584807,0.08279304472808512,40,38,48,0.34843205574912894,0.4425087108013937,0.1916376306620209,0
130,66,366,6323.5,5667.0,3369.0,271,0.08610313040399777,0.07716398197192303,0.045873558366579976,0.3741715976331361,1.3009641873278237,0.025150049269909523,48,36,33,0.4907749077490775,0.5092250922509225,0.2915129151291513,0
129,71,379,6758.0,6328.25,3173.5,243,0.11444732340937187,0.10716946942369897,0.05374350116005352,0.40610540231957215,1.2553560801428287,0.022093274204440235,36,35,20,0.5308641975308642,0.38271604938271603,0.20987654320987653,0
128,60,361,6145.0,6205.75,4106.5,219,0.1281249348428932,0.12939158899939535,0.08562165092470966,0.37506103515625,1.7238194444444443,0.03151065446090807,39,28,25,0.4246575342465753,0.3470319634703196,0.1141552511415525,0
129,63,227,5404.0,5217.75,5337.5,251,0.08577641624736115,0.08282011396644498,0.08472087744638974,0.32474009975362056,1.314625850340136,0.10358244871819752,19,19,46,0.1394422310756972,0.20318725099601595,0.350597609561753,0
128,68,207,9726.5,8199.75,8443.5,291,0.11486047637604657,0.096831048287101,0.09970949799837035,0.593658447265625,1.7733023356401385,0.1970524399635931,49,15,70,0.4742268041237113,0.07216494845360824,0.5223367697594502,0
130,68,238,4936.0,5784.75,3627.0,215,0.10678204434829637,0.12514332071389941,0.07846403461330449,0.2920710059171598,1.2510272491349481,0.06403149495092154,40,31,37,0.4558139534883721,0.3953488372093023,0.17209302325581396,1
129,63,211,7572.75,7160.25,5163.25,195,0.19915187376725837,0.18830374753451676,0.13578566732412886,0.45506580133405444,1.8040438397581255,0.11597336088587408,43,34,46,0.5435897435897435,0.5692307692307692,0.441025641025641,1
124,70,172,5434.5,5721.5,3959.0,191,0.1489679559222609,0.15683506482826676,0.1085222444560182,0.3534404266389178,1.1676530612244898,0.133822336398053,38,33,43,0.49214659685863876,0.5392670157068062,0.4031413612565445,0
128,60,364,4291.0,4746.0,5229.0,255,0.06599000384467513,0.07298731257208765,0.08041522491349481,0.26190185546875,1.3183333333333334,0.03946534234995774,38,29,48,0.3215686274509804,0.4666666666666667,0.396078431372549,1
129,52,284,6269.0,7069.0,3649.5,223,0.1260632628848358,0.14215045546864002,0.07338776166824187,0.37672014902950546,2.614275147928994,0.045247718706605836,42,40,32,0.48878923766816146,0.452914798206278,0.3811659192825112,0
126,75,192,5856.0,5797.5,4576.5,287,0.07109470796051913,0.07038448931029878,0.0555609513287766,0.3688586545729403,1.0306666666666666,0.1241455078125,30,25,44,0.3205574912891986,0.23344947735191637,0.27177700348432055,1
128,68,224,7371.0,4941.25,5883.75,259,0.10988208285505582,0.07366094721307076,0.087711125355913,0.44989013671875,1.068609429065744,0.1172622369260204,42,31,49,0.36293436293436293,0.36293436293436293,0.3667953667953668,1
129,70,251,6908.0,4249.5,3924.5,263,0.0998713296418916,0.06143648166085963,0.05673784498836184,0.4151192836968932,0.8672448979591837,0.06229266202123776,21,28,37,0.07984790874524715,0.18250950570342206,0.376425855513308,1
128,68,138,6331.0,5438.0,5506.0,283,0.07904955736742873,0.06789946184869333,0.06874851727453209,0.38641357421875,1.176038062283737,0.2891199327872296,52,28,46,0.18374558303886926,0.3392226148409894,0.3003533568904594,1
128,71,257,5066.0,4934.0,2928.5,255,0.07790849673202614,0.07587850826605153,0.045036524413687044,0.3092041015625,0.9787740527673081,0.04433829429665854,32,29,32,0.20784313725490197,0.20784313725490197,0.1843137254901961,1
129,71,225,6544.5,6655.0,4810.5,235,0.11850611136260751,0.12050701674966048,0.08710728836577637,0.3932756444925185,1.3201745685379884,0.09502222222222222,29,35,44,0.4808510638297872,0.425531914893617,0.3148936170212766,1
130,65,243,4416.25,5319.75,3326.5,243,0.07478958153398026,0.09009043336889702,0.056334569594743346,0.26131656804733727,1.2591124260355029,0.056334569594743346,30,24,34,0.4403292181069959,0.2674897119341564,0.13991769547325103,0
129,63,173,5381.0,6218.5,5570.5,219,0.1121953253685286,0.12965742999520444,0.11614645232584808,0.32335797127576466,1.5667674477198286,0.18612382638912092,32,36,46,0.4155251141552511,0.5844748858447488,0.5205479452054794,0
38,51,201,5121.25,6470.75,3547.5,259,0.07634427035971438,0.09646174028413411,0.052883827015101144,3.5465720221606647,2.4877931564782774,0.08780723249424519,44,40,39,0.44787644787644787,0.444015444015444,0.39768339768339767,0
128,50,252,4485.5,5169.25,3159.0,207,0.10468155616233751,0.1206387546967257,0.07372400756143667,0.273773193359375,2.0677,0.04974489795918367,29,35,0,0.5458937198067633,0.5458937198067633,0.0,0
129,70,327,7633.25,5513.25,4107.5,239,0.1336329896185291,0.09651879343849022,0.0719087550988253,0.4587014001562406,1.1251530612244898,0.03841333969269328,40,31,36,0.3807531380753138,0.3598326359832636,0.4351464435146444,1
130,62,249,5634.25,5455.5,4044.25,267,0.07903393230372147,0.07652653284517948,0.05673035110606124,0.33338757396449703,1.4192247658688866,0.06522878663247367,34,26,36,0.4044943820224719,0.44569288389513106,0.299625468164794,1
125,63,351,6375.0,5846.0,5163.0,275,0.08429752066115702,0.07730247933884297,0.06827107438016529,0.408,1.472915091962711,0.04190712737721285,44,26,30,0.4072727272727273,0.26545454545454544,0.12363636363636364,1
128,70,216,5889.5,5233.25,6767.5,243,0.09973919964775017,0.0886255482734678,0.11460820674355196,0.359466552734375,1.0680102040816326,0.14505101165980797,28,34,47,0.4156378600823045,0.4279835390946502,0.2674897119341564,1
128,63,346,5239.5,4901.0,5969.0,233,0.09651126379192838,0.09027611486673175,0.1099486083737037,0.319793701171875,1.2348198538674728,0.049859667880650875,26,27,48,0.44206008583690987,0.1630901287553648,0.4206008583690987,1
128,70,353,5143.75,5664.75,4614.25,231,0.09639530743426847,0.10615899252262889,0.08647232997882348,0.3139495849609375,1.1560714285714286,0.037029829306069385,28,25,41,0.4069264069264069,0.38961038961038963,0.4329004329004329,1
129,71,174,6507.5,5516.25,4555.5,239,0.11392482624603911,0.09657131352742424,0.07975175504630522,0.39105222041944593,1.0942769291807182,0.15046571541815298,40,28,41,0.502092050209205,0.401673640167364,0.41422594142259417,1
130,75,596,6280.0,5956.5,4116.0,263,0.09079211785626509,0.08611516719917882,0.05950642628923362,0.3715976331360947,1.0589333333333333,0.011587315886671772,41,28,28,0.23193916349809887,0.4866920152091255,0.34220532319391633,1
130,52,396,4299.5,5793.5,4391.5,243,0.07281241003234602,0.09811343121814087,0.07437043811072161,0.25440828402366866,2.142566568047337,0.028004157739006223,27,31,43,0.2757201646090535,0.2551440329218107,0.17695473251028807,1
128,52,249,7391.5,6158.0,5084.0,211,0.16602277576873836,0.13831674939915994,0.11419330203724085,0.451141357421875,2.2773668639053253,0.08199867744068644,42,33,46,0.4075829383886256,0.35545023696682465,0.3175355450236967,1
128,71,279,5472.5,6242.75,5861.0,279,0.07030356752868026,0.08019873845402808,0.07529451060495111,0.334014892578125,1.2383951596905376,0.07529451060495111,31,36,46,0.3906810035842294,0.36200716845878134,0.25806451612903225,1
129,50,371,6798.5,5193.0,3918.5,239,0.11901927487263879,0.09091227394478388,0.06859998949598221,0.4085391502914488,2.0772,0.02846898816486367,38,25,35,0.37656903765690375,0.20920502092050208,0.3472803347280335,1
130,74,227,4449.0,4578.0,2951.75,235,0.08056133997283839,0.08289723856948845,0.05344952467179719,0.2632544378698225,0.8360116873630388,0.05728327737778727,22,0,30,0.3276595744680851,0.0,0.30638297872340425,1
130,62,332,6181.5,6381.0,5135.5,251,0.09811749019856827,0.10128410660148252,0.08151457913366454,0.3657692307692308,1.6599895941727367,0.046591486427638266,29,33,42,0.30278884462151395,0.3147410358565737,0.35856573705179284,1
128,50,322,8119.0,7936.0,5877.0,257,0.12292388983936169,0.12015321957940317,0.08897939408620872,0.49554443359375,3.1744,0.056681840978357316,47,22,28,0.3852140077821012,0.1556420233463035,0.21011673151750973,1
128,63,288,7758.0,7045.5,5498.0,271,0.10563581650576653,0.09593415122343105,0.0748628150488147,0.4735107421875,1.7751322751322751,0.06628568672839506,32,39,43,0.42435424354243545,0.3210332103321033,0.39114391143911437,1
128,50,196,7229.5,6011.5,4574.0,239,0.12656466098282593,0.10524150487561493,0.08007562892806498,0.441253662109375,2.4046,0.11906497292794668,30,32,44,0.5439330543933054,0.4476987447698745,0.4811715481171548,1
129,51,184,10523.5,10990.0,8377.75,339,0.09157160136093491,0.09563091166975575,0.07290007918483132,0.6323838711615889,4.225297962322184,0.24745244565217392,45,51,68,0.28023598820059,0.44542772861356933,0.4749262536873156,1
130,66,209,12366.5,10141.5,10383.0,351,0.10037662031964026,0.08231670197482163,0.08427691333674239,0.7317455621301775,2.328168044077135,0.23770060209244293,50,13,68,0.26495726495726496,0.037037037037037035,0.396011396011396,1
130,70,252,6868.75,7913.5,4549.0,259,0.10239486590837943,0.11796932067202337,0.0678135388560099,0.40643491124260356,1.615,0.07163328294280676,43,39,39,0.5752895752895753,0.5328185328185329,0.40540540540540543,1
128,70,276,9578.5,7111.25,7026.0,271,0.13042442232540408,0.09682942770387114,0.0956686319630724,0.584625244140625,1.4512755102040817,0.09223377441713926,33,31,48,0.22509225092250923,0.2988929889298893,0.5830258302583026,1
128,70,233,11684.75,9336.25,8355.25,303,0.12727238070341687,0.10169209990305961,0.09100687296452417,0.7131805419921875,1.9053571428571427,0.15390318480723536,77,45,67,0.5742574257425742,0.28052805280528054,0.3927392739273927,1
131,71,295,11346.5,10627.5,9170.0,375,0.08068622222222223,0.07557333333333334,0.06520888888888889,0.6611794184488083,2.108212656219004,0.10537201953461649,44,38,60,0.38133333333333336,0.264,0.464,1
135,76,266,10760.0,8848.0,10225.5,323,0.10313527398901552,0.08480863422442465,0.09801205800879909,0.59039780521262,1.5318559556786704,0.14451777941093336,61,35,60,0.4458204334365325,0.2476780185758514,0.5201238390092879,1
129,71,457,9931.75,7673.0,5848.0,259,0.14805608145376487,0.11438410280109122,0.08717818756428795,0.5968241091280572,1.5221186272564968,0.028001091697829533,44,0,41,0.2972972972972973,0.0,0.3359073359073359,1
128,70,172,11509.0,10827.5,12283.5,343,0.09782488588938283,0.09203223146818078,0.10440802726755008,0.70245361328125,2.2096938775510204,0.41520754461871284,48,19,66,0.3498542274052478,0.05539358600583091,0.40816326530612246,1
128,63,331,9210.5,11074.5,10724.0,335,0.08207173089775005,0.09868122076186232,0.09555803074181332,0.562164306640625,2.790249433106576,0.09788154544043957,44,41,66,0.44477611940298506,0.23283582089552238,0.5104477611940299,0
128,71,284,8529.5,8350.0,11170.5,319,0.08381894832008334,0.08205501125185484,0.10977191654956221,0.520599365234375,1.6564173775044635,0.13849558619321564,48,32,61,0.329153605015674,0.1786833855799373,0.5141065830721003,1
128,63,209,8918.0,7069.5,7811.25,263,0.1289305902933395,0.10220619063453282,0.11292992525553355,0.5443115234375,1.7811791383219955,0.17882488954007464,42,41,56,0.4068441064638783,0.41064638783269963,0.3840304182509506,1
130,74,347,14043.0,11398.5,13959.5,319,0.1379998231149458,0.11201246056937333,0.13717927300242724,0.8309467455621302,2.0815376186997807,0.11593402486525094,42,50,72,0.19435736677115986,0.27899686520376177,0.5736677115987461,1
129,71,358,7282.5,6979.5,7704.5,303,0.07932228866451002,0.07602195863150671,0.0839187879183958,0.4376239408689382,1.3845467169212458,0.06011438469461003,46,38,51,0.38613861386138615,0.2838283828382838,0.48184818481848185,1
129,63,145,8012.75,9773.25,10525.75,279,0.10293739802931617,0.12555401395151655,0.13522115594609524,0.4815065200408629,2.4623960695389266,0.5006302021403092,40,24,58,0.27598566308243727,0.15053763440860216,0.4157706093189964,1
128,68,223,8326.0,8399.0,9603.0,335,0.07419024281577188,0.07484072176431276,0.08556916907997326,0.5081787109375,1.8163927335640138,0.1931066379778399,40,44,55,0.4,0.33432835820895523,0.4716417910447761,1
134,86,300,10666.25,10064.0,12092.25,323,0.10223667436666699,0.09646407039270001,0.11590497368900306,0.5940214969926487,1.3607355327203894,0.13435833333333333,33,44,79,0.3498452012383901,0.3281733746130031,0.3591331269349845,1
130,74,200,10739.0,9783.5,12208.0,343,0.09127999388010098,0.08315837788676486,0.10376628785625037,0.6354437869822486,1.7866143170197224,0.3052,48,49,73,0.40524781341107874,0.521865889212828,0.5422740524781341,1
129,71,624,10299.5,7330.5,6683.0,263,0.14890341048735706,0.10597955731613873,0.09661842733016236,0.6189231416381227,1.4541757587780202,0.017163358809993427,24,33,46,0.20152091254752852,0.23574144486692014,0.33460076045627374,1
128,50,227,13299.0,9830.0,12151.0,255,0.2045213379469435,0.15117262591311034,0.18686658977316417,0.81170654296875,3.932,0.23580896194375983,71,48,68,0.7372549019607844,0.18823529411764706,0.7294117647058823,1
128,52,190,9156.5,10386.5,10123.0,263,0.1323786667437725,0.15016119938122569,0.14635168934060055,0.558868408203125,3.84116124260355,0.28041551246537394,51,44,72,0.39923954372623577,0.4448669201520912,0.3155893536121673,1
128,50,292,8336.5,7823.25,7031.0,283,0.10409044937507024,0.09768195382636817,0.0877898338098865,0.508819580078125,3.1293,0.08246153124413586,46,27,53,0.5441696113074205,0.1625441696113074,0.31802120141342755,0
130,58,408,10660.0,7786.0,9067.5,287,0.1294176207068193,0.094525853172917,0.11008389078415423,0.6307692307692307,2.3145065398335314,0.05447123702422145,57,32,65,0.20557491289198607,0.11498257839721254,0.4181184668989547,1
130,61,483,8957.0,7599.5,9745.5,259,0.13352514124714898,0.11328841251621175,0.14527958736452945,0.53,2.0423273313625367,0.041774365700911746,51,33,57,0.5984555984555985,0.4362934362934363,0.6061776061776062,0
129,68,484,9617.5,9455.75,7518.75,283,0.12008515526476794,0.11806552710110002,0.09387993357389904,0.5779400276425696,2.0449286332179932,0.032096296359538284,52,47,59,0.607773851590106,0.4134275618374558,0.4452296819787986,0
128,71,155,11041.0,9307.5,9532.0,303,0.12026054090557571,0.10137894977616574,0.10382424381051966,0.67388916015625,1.8463598492362627,0.39675338189386056,45,31,61,0.5016501650165016,0.1782178217821782,0.5379537953795379,0
128,63,330,12155.5,10923.0,11861.25,263,0.17573624022322137,0.157917564226749,0.17148216686665993,0.741912841796875,2.752078609221466,0.10891873278236915,57,53,67,0.5475285171102662,0.6387832699619772,0.7034220532319392,1
128,52,205,10509.0,9003.0,13434.0,331,0.09591916831719316,0.08217340111901132,0.1226166245288013,0.64141845703125,3.3295118343195265,0.31966686496133256,52,37,72,0.4773413897280967,0.2598187311178248,0.5438066465256798,0
130,68,302,9178.25,7897.75,8481.5,319,0.09019418048171697,0.07761077426519,0.08334725484222835,0.5430917159763313,1.7079909169550174,0.09299482478838647,45,43,60,0.46394984326018807,0.48589341692789967,0.43573667711598746,0
129,71,281,10228.5,9691.75,9475.25,259,0.15247983780802313,0.14447831725824004,0.14125087580686035,0.6146565711195241,1.9225848046022616,0.11999911348640468,46,38,60,0.5521235521235521,0.5598455598455598,0.5714285714285714,1
128,68,342,9082.0,9009.5,10107.5,287,0.1102599278854909,0.10937974237880756,0.1227100001214049,0.5543212890625,1.9484212802768166,0.08641547826681714,35,37,61,0.4634146341463415,0.31010452961672474,0.3832752613240418,1
129,65,272,9285.0,10997.5,11190.5,311,0.09599776677246927,0.11370333226496832,0.11569876241974339,0.5579592572561745,2.602958579881657,0.1512556769031142,49,34,62,0.40836012861736337,0.2765273311897106,0.4758842443729904,1
128,71,311,10243.5,9467.75,9836.75,335,0.09127645355312987,0.08436400089106705,0.08765203831588327,0.625213623046875,1.8781491767506446,0.10170231904136641,44,44,54,0.4626865671641791,0.37910447761194027,0.23582089552238805,1
130,75,278,10522.5,9611.5,10571.0,311,0.10879229950062551,0.09937345560943332,0.10929374179340577,0.6226331360946745,1.708711111111111,0.13678122250401117,52,34,78,0.5112540192926045,0.29260450160771706,0.4437299035369775,1
129,57,225,7875.5,9082.0,7712.5,279,0.10117418840970696,0.11667373235184543,0.09908017625672846,0.47325881858061414,2.7953216374269005,0.1523456790123457,36,39,49,0.32616487455197135,0.2939068100358423,0.5663082437275986,1
129,50,239,7110.25,7457.25,7569.5,227,0.13798540627607755,0.14471947835199597,0.1468978633390906,0.4272730004206478,2.9829,0.13251693772868123,37,35,48,0.4933920704845815,0.5286343612334802,0.43171806167400884,1
128,52,186,8081.0,6751.5,5274.0,263,0.11682979369370672,0.09760875536728882,0.07624803018693345,0.49322509765625,2.4968565088757395,0.15244536940686784,35,36,42,0.3688212927756654,0.29277566539923955,0.41064638783269963,1
128,49,264,6617.5,6862.0,5649.0,247,0.10846760314052026,0.1124752085757839,0.09259289613007916,0.403900146484375,2.857975843398584,0.08105199724517906,38,43,57,0.27125506072874495,0.41700404858299595,0.38866396761133604,0
38,71,219,5944.0,7141.5,6078.5,291,0.07019284136937448,0.08433414815602083,0.07178115515877233,4.116343490304709,1.4166831977782186,0.12673839160984968,35,33,55,0.44673539518900346,0.49828178694158076,0.31958762886597936,0
130,70,264,6807.0,6665.5,5196.0,259,0.10147433699557251,0.09936494685529434,0.07745859483311221,0.4027810650887574,1.3603061224489796,0.07455234159779614,37,36,48,0.5444015444015444,0.40540540540540543,0.24324324324324326,0
129,68,223,5482.25,5901.75,4063.0,311,0.056681072362775406,0.06101828971991605,0.042007423413736415,0.3294423412054564,1.2763300173010381,0.08170282933499567,28,19,44,0.37942122186495175,0.12861736334405144,0.33762057877813506,1
128,63,287,5826.5,6028.5,3852.5,267,0.0817307017913002,0.08456423852207214,0.05404059532326165,0.355621337890625,1.518896447467876,0.046771236751690565,40,33,14,0.4868913857677903,0.37453183520599254,0.10861423220973783,1
128,71,203,5685.5,4997.5,5428.5,247,0.09319116851612057,0.08191414381484699,0.08897867527741808,0.347015380859375,0.991370759769887,0.131730932563275,11,23,49,0.044534412955465584,0.0931174089068826,0.4898785425101215,1
128,50,220,6849.5,5153.0,4439.0,251,0.10872049650005555,0.08179235250234124,0.07045919906033238,0.418060302734375,2.0612,0.09171487603305785,34,31,40,0.5856573705179283,0.4302788844621514,0.2749003984063745,1
130,75,361,6004.5,5306.0,4864.5,227,0.11652661608026549,0.10297114246346717,0.09440315162335772,0.35529585798816565,0.9432888888888888,0.03732706164010405,37,31,47,0.44933920704845814,0.4052863436123348,0.3876651982378855,1
130,54,162,5603.0,7217.5,5749.0,263,0.081004496233862,0.10434587748847027,0.08311526840058407,0.33153846153846156,2.4751371742112482,0.21905959457399787,37,34,54,0.4220532319391635,0.28517110266159695,0.2737642585551331,1
128,50,214,7177.0,7915.5,6553.5,319,0.07052800188677391,0.07778520258252179,0.06440090014838691,0.43804931640625,3.1662,0.1431020176434623,25,29,50,0.2006269592476489,0.18808777429467086,0.1974921630094044,1
128,71,274,6723.0,7528.5,6186.5,267,0.09430627446029542,0.10560535285948744,0.08678056923227988,0.41033935546875,1.4934536798254314,0.08240316479300976,36,8,51,0.45318352059925093,0.0299625468164794,0.2209737827715356,1
129,68,197,5001.25,5775.5,5497.0,255,0.07691272587466359,0.08881968473663976,0.08453671664744329,0.3005378282555135,1.2490268166089966,0.14164240253549434,28,31,46,0.4470588235294118,0.5372549019607843,0.1803921568627451,1
128,68,445,6081.75,4463.0,4041.5,215,0.13156841535965386,0.0965494862087615,0.0874310438074635,0.3712005615234375,0.965181660899654,0.020409039262719354,28,26,0,0.5395348837209303,0.3674418604651163,0.0,1
130,71,205,5601.25,5655.25,5916.0,251,0.08890731893144553,0.08976444818336217,0.09390327137664481,0.33143491124260355,1.1218508232493554,0.1407733491969066,33,24,55,0.4820717131474104,0.18725099601593626,0.3784860557768924,0
129,63,327,6880.5,6894.5,4840.0,299,0.07696222637330678,0.07711882417422623,0.05413809688929654,0.41346673877771767,1.7370874275636181,0.04526367963789056,32,28,40,0.38127090301003347,0.411371237458194,0.21070234113712374,1
128,71,351,6006.0,6920.0,6301.5,243,0.1017121373774323,0.11719080763433759,0.10671645582482345,0.3665771484375,1.37274350327316,0.05114812379769645,31,27,47,0.5185185185185185,0.1111111111111111,0.36213991769547327,1
128,65,624,8331.5,7243.0,5591.5,311,0.08613951468657272,0.07488549539396822,0.05781060989857425,0.508514404296875,1.7143195266272189,0.01436015573635766,38,31,46,0.4340836012861736,0.2508038585209003,0.24115755627009647,1
128,50,306,7752.75,7801.0,5869.0,271,0.10556433055105459,0.10622132051578818,0.07991448918179218,0.4731903076171875,3.1204,0.06267888418984151,29,45,51,0.24354243542435425,0.28413284132841327,0.2988929889298893,1
130,61,261,6311.0,6446.5,5319.5,267,0.08852698172228535,0.09042769571743187,0.07461880514525382,0.3734319526627219,1.7324643912926632,0.07808898871126378,33,24,40,0.46441947565543074,0.16853932584269662,0.25842696629213485,1
130,71,254,9427.0,7463.0,5454.5,303,0.1026805650862116,0.08128832685248723,0.05941138668322278,0.557810650887574,1.4804602261456061,0.08454491908983817,30,27,30,0.2079207920792079,0.24422442244224424,0.18151815181518152,0
125,70,270,12330.0,7525.0,6111.5,363,0.09357284338501469,0.057107513906912856,0.04638040813848477,0.78912,1.5357142857142858,0.08383401920438957,56,50,49,0.41046831955922863,0.4793388429752066,0.1349862258953168,0
128,62,234,17520.5,10559.0,9637.25,339,0.1524569051783399,0.0918805092193768,0.08385978193715683,1.069366455078125,2.7468782518210197,0.1760035429907225,64,64,62,0.6076696165191741,0.45722713864306785,0.18289085545722714,0
127,60,510,15315.0,8111.0,6234.25,287,0.1859316004807634,0.09847151234080782,0.07568684820745669,0.9495318990637981,2.2530555555555556,0.023968665897731643,68,66,66,0.47038327526132406,0.42160278745644597,0.40069686411149824,0
128,63,264,8594.0,8271.0,6589.5,271,0.1170191037703735,0.11262101550904809,0.08972508544273634,0.5245361328125,2.0839002267573696,0.09454631542699725,39,33,50,0.4833948339483395,0.24354243542435425,0.18450184501845018,1
130,73,264,7032.5,5752.5,5366.5,251,0.1116252122982175,0.09130807447500833,0.08518118760019683,0.4161242603550296,1.0794708200412835,0.07699867998163452,26,24,47,0.2749003984063745,0.17131474103585656,0.30677290836653387,1
130,51,368,6387.5,6722.5,5379.5,303,0.06957378906207452,0.07322266880153362,0.05859447330871701,0.3779585798816568,2.5845828527489427,0.03972338728733459,41,32,45,0.4884488448844885,0.1848184818481848,0.1485148514851485,1
128,64,272,7071.5,6019.0,3644.5,255,0.10875048058439062,0.09256439830834294,0.0560476739715494,0.431610107421875,1.469482421875,0.04926065095155709,36,21,34,0.2901960784313726,0.08235294117647059,0.13333333333333333,0
128,60,239,6146.0,6889.5,6618.5,291,0.07257826430958539,0.08135827399298544,0.07815802836527674,0.3751220703125,1.91375,0.11586806953659774,40,27,57,0.38144329896907214,0.3230240549828179,0.28865979381443296,0
129,68,294,4674.0,6516.5,4455.5,243,0.07915460041660316,0.11035749970363597,0.07545428373046115,0.2808725437173247,1.4092776816608996,0.051546809199870425,32,32,48,0.31275720164609055,0.35802469135802467,0.27983539094650206,0
130,61,170,6957.5,5780.0,5243.0,227,0.1350210561043296,0.1121698461060762,0.10174852995400648,0.41168639053254436,1.553345874764848,0.18141868512110726,34,28,51,0.5198237885462555,0.4185022026431718,0.28193832599118945,0
126,71,346,8196.75,7021.25,7099.75,271,0.11160999986383628,0.0956039541945235,0.09667283942212115,0.516298185941043,1.3928288038087682,0.05930493835410471,42,40,61,0.47601476014760147,0.3763837638376384,0.3210332103321033,1
128,71,230,5313.0,6619.5,7330.0,251,0.08433199473024237,0.10506976079744766,0.11634735956572118,0.32427978515625,1.3131323150168617,0.1385633270321361,35,20,55,0.38645418326693226,0.0796812749003984,0.46215139442231074,0
131,63,414,5822.0,6507.0,7647.5,235,0.1054232684472612,0.11782707107288366,0.13847894975101857,0.3392576190198706,1.6394557823129252,0.04461889425657541,32,24,56,0.5319148936170213,0.2978723404255319,0.2425531914893617,1
127,70,527,9311.25,6157.0,5438.25,251,0.14779527309090332,0.09772860748242092,0.08632005841177125,0.5772986545973092,1.256530612244898,0.019581138447911452,46,30,48,0.44621513944223107,0.38645418326693226,0.398406374501992,1
128,52,806,6393.75,6475.0,4223.25,243,0.10827871767515114,0.10965469355958611,0.07152110958695321,0.3902435302734375,2.3946005917159763,0.006500948223312747,37,33,43,0.5761316872427984,0.5720164609053497,0.27983539094650206,1
130,61,231,9023.5,6653.5,5365.5,275,0.1193190082644628,0.0879801652892562,0.07094876033057851,0.5339349112426035,1.7880945982262832,0.10055096418732783,44,29,6,0.3381818181818182,0.32727272727272727,0.03636363636363636,1
130,71,260,6091.5,6569.0,6040.5,243,0.1031600873850531,0.11124659181357856,0.10229639790682314,0.3604437869822485,1.3031144614163856,0.08935650887573965,30,32,53,0.35390946502057613,0.13168724279835392,0.21810699588477367,1
128,71,275,7585.5,5751.5,4833.0,299,0.08484804420532209,0.06433373228487377,0.05405979798883681,0.462982177734375,1.1409442570918469,0.06390743801652893,29,23,43,0.32441471571906355,0.3010033444816054,0.16722408026755853,0
127,68,190,9025.0,6647.0,7588.0,259,0.13453884110254766,0.09908916086522264,0.11311697798184285,0.5595511191022382,1.4375,0.2101939058171745,46,31,58,0.3552123552123552,0.44787644787644787,0.3127413127413127,1
133,68,293,8751.0,7664.25,7383.5,295,0.10055731111749497,0.08806952025280092,0.08484343579431199,0.4947142291819775,1.6574935121107266,0.08600566110263369,31,30,59,0.1864406779661017,0.18983050847457628,0.25084745762711863,0
130,62,341,6903.0,5928.0,4679.0,247,0.11314724057106329,0.09716599190283401,0.07669360258322543,0.4084615384615385,1.542143600416233,0.04023873203704818,23,26,27,0.1214574898785425,0.19838056680161945,0.1700404858299595,1
130,61,341,11456.5,10009.0,10794.0,311,0.11844894076777536,0.10348321460696229,0.1115993424385604,0.6778994082840236,2.6898683149690945,0.09282685907413937,61,56,63,0.2604501607717042,0.24115755627009647,0.5916398713826366,1
128,63,170,8018.5,4806.75,6161.25,275,0.1060297520661157,0.0635603305785124,0.08147107438016529,0.489410400390625,1.2110733182161753,0.21319204152249135,34,26,0,0.4072727272727273,0.2509090909090909,0.0,1
129,70,303,6403.5,4700.0,6422.0,295,0.07358230393565067,0.05400746911806952,0.0737948865268601,0.38480259599783667,0.9591836734693877,0.06994956921434718,21,19,47,0.14915254237288136,0.06440677966101695,0.3254237288135593,1
128,68,178,6485.0,6404.0,4347.0,283,0.08097241818476944,0.07996104333928504,0.05427711670766273,0.39581298828125,1.3849480968858132,0.13719858603711652,28,39,42,0.4381625441696113,0.3568904593639576,0.1519434628975265,1
128,51,278,5890.5,5337.0,5651.0,299,0.06588852473685977,0.059697318821937115,0.06320958378541627,0.359527587890625,2.0519031141868513,0.07311992132912375,27,37,47,0.28762541806020064,0.2140468227424749,0.27424749163879597,1
130,62,332,6891.0,5648.5,5136.5,287,0.083660114849033,0.06857555633794267,0.06235962558729619,0.4077514792899408,1.4694328824141518,0.04660055886195384,31,27,44,0.41114982578397213,0.34146341463414637,0.28222996515679444,1
130,63,450,8633.0,6590.25,5008.5,311,0.08925672811488715,0.0681367024741266,0.051782963368865086,0.5108284023668639,1.6604308390022675,0.024733333333333333,38,25,42,0.1864951768488746,0.1382636655948553,0.13504823151125403,1
128,51,333,8081.25,9019.5,3898.75,259,0.12047002877118707,0.1344568506730669,0.05812003398875986,0.4932403564453125,3.4677047289504035,0.03515903290678066,41,41,35,0.5868725868725869,0.35135135135135137,0.25096525096525096,0
128,71,327,6962.0,6381.0,6346.0,259,0.10378497637184896,0.09512380554851597,0.09460204827000193,0.4249267578125,1.2658202737552073,0.059347791525217665,44,30,48,0.29343629343629346,0.11969111969111969,0.43243243243243246,0
129,68,190,7366.5,6846.5,5242.5,271,0.1003050067401043,0.09322449313054017,0.07138383191950001,0.44267171444023795,1.48064446366782,0.14522160664819944,52,39,48,0.5977859778597786,0.3025830258302583,0.30996309963099633,0
130,75,277,6920.75,5704.75,5290.0,255,0.1064321414840446,0.08773164167627835,0.08135332564398308,0.40951183431952665,1.0141777777777778,0.06894394557468493,36,31,49,0.396078431372549,0.2235294117647059,0.403921568627451,0
129,63,379,4721.25,4527.5,3970.5,239,0.08265348995990966,0.07926156754958771,0.06951033770417185,0.2837119163511808,1.1407155454774502,0.027641829282725683,26,26,40,0.19665271966527198,0.3891213389121339,0.21338912133891214,1
45,70,515,4996.5,5634.5,3794.5,207,0.11660715535951831,0.13149665103036243,0.0885551588135079,2.4674074074074075,1.1498979591836735,0.014306720708832123,34,25,36,0.37681159420289856,0.3285024154589372,0.2898550724637681,0
128,70,259,4792.0,4896.5,3741.0,219,0.09991451387585747,0.10209336752778299,0.07800087571151561,0.29248046875,0.9992857142857143,0.05576839939774303,35,35,40,0.3561643835616438,0.5753424657534246,0.2831050228310502,0
128,52,272,5927.5,6637.0,4310.0,231,0.1110830006933903,0.12437922827533217,0.08077060025111973,0.361785888671875,2.4545118343195265,0.05825583910034602,31,30,46,0.2727272727272727,0.14285714285714285,0.2857142857142857,0
130,72,234,5106.25,6280.5,5299.25,231,0.0956925469912483,0.1176983189970203,0.09930942073799216,0.3021449704142012,1.2115162037037037,0.09677934838191249,33,34,51,0.6017316017316018,0.5238095238095238,0.3463203463203463,0
129,52,352,4685.5,5938.75,4838.75,271,0.06379951253387073,0.08086423115153661,0.06588622159284324,0.2815636079562526,2.196283284023669,0.03905241154442149,36,25,50,0.43911439114391143,0.3173431734317343,0.2878228782287823,0
130,60,245,6285.25,6632.5,4831.5,259,0.09369642670800972,0.09887300427840968,0.0720248654611589,0.37190828402366866,1.8423611111111111,0.0804914618908788,47,29,43,0.47876447876447875,0.11196911196911197,0.3552123552123552,0
128,60,140,7152.5,6280.5,4773.5,251,0.11352994396914334,0.09968889382708211,0.0757686385930382,0.436553955078125,1.7445833333333334,0.24354591836734693,43,30,52,0.4541832669322709,0.3426294820717131,0.3545816733067729,0
128,52,249,5191.75,5024.25,4921.0,207,0.12116385446568181,0.1172547784078975,0.11484515391257673,0.3168792724609375,1.858080621301775,0.0793696875856841,25,27,50,0.13043478260869565,0.45410628019323673,0.5314009661835749,0
128,51,323,4820.0,4994.0,3140.0,219,0.10049832155292843,0.10412626926044077,0.06546986092867121,0.294189453125,1.9200307574009996,0.030097096684526835,32,29,37,0.4977168949771689,0.502283105022831,0.3333333333333333,0
130,62,209,5198.0,5231.0,3673.5,219,0.10837972519338629,0.10906778424136278,0.07659348220429099,0.30757396449704144,1.3608220603537982,0.08409834939676289,31,31,43,0.2511415525114155,0.3698630136986301,0.3333333333333333,1
129,63,275,4919.0,5923.5,5796.5,235,0.08907197827071073,0.10726120416478044,0.10496152105024899,0.29559521663361576,1.4924414210128496,0.07664793388429753,31,26,54,0.5574468085106383,0.46808510638297873,0.4340425531914894,0
129,51,283,5612.5,6267.5,4539.0,211,0.1260641045798612,0.14077626288717685,0.10195188787313852,0.3372693948680969,2.409650134563629,0.05667444967473686,37,22,48,0.6255924170616114,0.10426540284360189,0.3080568720379147,1
124,71,264,5207.5,5369.5,4787.5,231,0.09759000018740278,0.10062592530124997,0.08971908322557673,0.33867715920915714,1.0651656417377504,0.06869117309458218,38,28,44,0.341991341991342,0.4155844155844156,0.42857142857142855,0
128,50,320,5126.25,5544.5,3616.25,239,0.089743701966002,0.09706587769821957,0.06330859053587998,0.3128814697265625,2.2178,0.03531494140625,36,30,43,0.5271966527196653,0.41841004184100417,0.3179916317991632,1
130,72,199,4340.0,4472.5,5383.0,235,0.07858759619737438,0.080986871887732,0.09747397012222725,0.25680473372781065,0.8627507716049383,0.13593091083558495,33,28,46,0.26382978723404255,0.3021276595744681,0.2680851063829787,0
130,58,272,5034.0,5765.25,5086.0,211,0.11307023651759844,0.12949506974236877,0.11423822465802655,0.2978698224852071,1.713807966706302,0.06874459342560553,36,28,50,0.4028436018957346,0.36018957345971564,0.5213270142180095,0
128,51,340,4990.0,5460.0,3745.5,255,0.07673971549404075,0.0839677047289504,0.05760092272202999,0.3045654296875,2.09919261822376,0.03240051903114187,24,26,37,0.20392156862745098,0.20392156862745098,0.3686274509803922,0
128,70,403,5708.5,6260.5,6028.5,251,0.09060967286233552,0.09937143854859447,0.09568895731813781,0.348419189453125,1.2776530612244898,0.03711924831751935,38,37,56,0.21115537848605578,0.3107569721115538,0.40239043824701193,1
129,52,214,5634.0,6288.5,3662.5,219,0.11747044473634828,0.13111694918788183,0.07636412918829882,0.33856138453217954,2.325628698224852,0.07997423355751594,37,45,20,0.4885844748858447,0.4885844748858447,0.1552511415525114,0
124,68,369,4920.25,4858.5,4578.75,205,0.11707911957168352,0.11560975609756098,0.10895300416418799,0.31999544745057235,1.0507136678200693,0.03362747042104568,39,27,47,0.5658536585365853,0.43902439024390244,0.5609756097560976,0
130,72,374,4791.75,5906.25,3990.5,311,0.04954198157587287,0.06106481529347298,0.041257844728652515,0.2835355029585799,1.1393229166666667,0.028528839829563328,40,32,37,0.2572347266881029,0.42765273311897106,0.2765273311897106,0
129,52,260,5467.0,6201.0,5002.5,235,0.09899502037120869,0.11228610230873698,0.09058397464916251,0.32852592993209545,2.293269230769231,0.07400147928994083,28,32,50,0.225531914893617,0.5872340425531914,0.37872340425531914,0
128,60,276,7211.0,5833.0,4222.5,295,0.08286124676817007,0.06702671646078713,0.04852054007469118,0.44012451171875,1.6202777777777777,0.05543084436042848,37,29,44,0.4,0.10508474576271186,0.2711864406779661,1
128,50,173,5967.5,6596.5,5133.5,203,0.14481059962629522,0.1600742556237715,0.12457230216700235,0.364227294921875,2.6386,0.17152260349493803,31,30,46,0.5960591133004927,0.2660098522167488,0.42857142857142855,0
138,65,362,9337.75,7948.75,8053.75,283,0.11659216621508571,0.0992489605314088,0.10056000199777747,0.4903250367569838,1.881360946745562,0.06145836512926956,49,45,52,0.3674911660777385,0.34275618374558303,0.48056537102473496,1
137,83,870,9453.5,7835.0,6048.0,295,0.10862970410801494,0.0900316001149095,0.06949727089916691,0.5036762747082956,1.1373203658005515,0.007990487514863257,33,33,44,0.3525423728813559,0.30847457627118646,0.24067796610169492,0
139,72,325,5984.0,6135.5,5726.5,223,0.12033220052685556,0.12337871262241348,0.11515413541394358,0.3097148180735987,1.183545524691358,0.05421538461538462,33,46,55,0.5919282511210763,0.6278026905829597,0.24663677130044842,1
135,81,301,5584.75,5606.25,4180.75,271,0.07604403534810256,0.07633678735311339,0.05692664860227938,0.3064334705075446,0.8544810242341107,0.04614463416518581,35,34,43,0.2952029520295203,0.4317343173431734,0.2140221402214022,0
129,77,340,4268.5,4761.5,6621.5,219,0.08899939534204875,0.09927858051333376,0.13806009049018994,0.25650501772730006,0.8030865238657446,0.057279411764705884,32,25,55,0.3698630136986301,0.3013698630136986,0.3287671232876712,0
147,75,249,5677.0,5967.5,6001.0,227,0.1101709716858468,0.11580857381280445,0.11645869316307322,0.26271460965338517,1.060888888888889,0.09678876147158917,35,28,51,0.3788546255506608,0.36123348017621143,0.3964757709251101,0
136,60,324,5212.0,6475.5,4887.0,219,0.10867162903192178,0.13501595045974854,0.10189528992306249,0.28179065743944637,1.79875,0.046553497942386834,35,27,49,0.5159817351598174,0.502283105022831,0.3515981735159817,0
129,71,336,6130.5,6778.0,6080.5,227,0.11897184109918686,0.13153758077975508,0.118001513710726,0.3683973318911123,1.344574489188653,0.053859304138321996,37,31,54,0.16299559471365638,0.5198237885462555,0.36123348017621143,0
135,63,275,6527.5,6170.75,7849.75,271,0.08888087035851909,0.0840232295311883,0.10688511866668482,0.358161865569273,1.5547367094986142,0.10379834710743802,35,30,55,0.4059040590405904,0.42066420664206644,0.2952029520295203,1
128,63,260,6264.0,5652.5,6623.5,247,0.10267337605926995,0.09265026471504205,0.10856594928617089,0.38232421875,1.4241622574955908,0.09798076923076923,45,30,55,0.2793522267206478,0.3643724696356275,0.4008097165991903,1
152,83,343,4687.0,5236.5,6093.75,219,0.09772523508684139,0.10918246074935885,0.12705635829111153,0.20286530470914127,0.7601248366961824,0.05179602036566397,33,31,55,0.3744292237442922,0.2328767123287671,0.4018264840182648,0
127,70,439,5350.75,5115.0,4525.0,207,0.12487455949963827,0.11937268080935377,0.10560339797894934,0.331747163494327,1.0438775510204081,0.023479537777408792,38,26,45,0.18357487922705315,0.41545893719806765,0.45893719806763283,0
136,74,313,5788.5,5738.25,4937.0,275,0.07654214876033058,0.07587768595041322,0.06528264462809917,0.31295955882352944,1.047890796201607,0.050393491818840654,36,29,49,0.24727272727272728,0.24727272727272728,0.2,0
130,52,280,6019.5,7529.0,5193.0,295,0.06916977879919563,0.0865153691467969,0.059672507900028725,0.3561834319526627,2.7843934911242605,0.06623724489795918,33,32,49,0.19661016949152543,0.1864406779661017,0.3220338983050847,0
136,93,271,4796.0,5165.75,5314.0,235,0.08684472612041648,0.09354006337709371,0.09622453598913536,0.2592993079584775,0.5972655798358192,0.07235740254081507,33,31,52,0.451063829787234,0.44680851063829785,0.3829787234042553,0
128,68,218,5466.5,5695.0,5334.0,247,0.08960153419987214,0.09334688324673408,0.08742972348342049,0.333648681640625,1.2316176470588236,0.11223802710209578,28,37,51,0.340080971659919,0.3441295546558704,0.31983805668016196,0
134,74,280,5313.5,6115.25,6115.5,255,0.08171472510572857,0.09404459823144944,0.0940484429065744,0.2959177990643796,1.116736669101534,0.07800382653061225,0,38,54,0.0,0.4392156862745098,0.35294117647058826,0
128,71,496,5754.0,5917.5,4874.5,251,0.09133188362089491,0.09392708052253139,0.0773717877494008,0.3511962890625,1.1738742313033128,0.019813751951092612,30,30,46,0.29880478087649404,0.4063745019920319,0.26294820717131473,0
130,74,181,4376.0,4298.5,3793.0,199,0.11050226004393829,0.10854523875659705,0.09578040958561652,0.25893491124260354,0.7849707815924032,0.11577790665730595,31,27,37,0.3768844221105528,0.45226130653266333,0.3165829145728643,0
129,52,311,5142.25,6258.25,6060.25,235,0.09311453146220008,0.11332277048438208,0.10973743775464011,0.3090108767501953,2.314441568047337,0.06265702381075465,39,31,48,0.41702127659574467,0.4297872340425532,0.3617021276595745,0
128,51,334,4774.5,5032.75,5313.75,271,0.06501136967089229,0.0685277978241037,0.07235399844773356,0.291412353515625,1.9349288735101884,0.04763302735845674,37,28,50,0.4907749077490775,0.3505535055350554,0.2915129151291513,0
128,70,249,5971.75,6953.25,7097.0,223,0.12008586539041606,0.13982283979167084,0.14271350720907316,0.3644866943359375,1.419030612244898,0.1144658957113595,36,23,51,0.5381165919282511,0.11210762331838565,0.5112107623318386,1
146,58,291,5028.25,5847.75,4779.25,215,0.10877771768523527,0.12650621957815036,0.1033910221741482,0.2358908800900732,1.738332342449465,0.05643828013367816,33,34,43,0.29767441860465116,0.16279069767441862,0.31627906976744186,0
130,66,228,4867.0,5007.5,6050.0,203,0.11810526826664078,0.12151471765876386,0.14681258948287995,0.28798816568047336,1.1495638200183655,0.11638196368113266,29,33,50,0.1625615763546798,0.3842364532019704,0.4433497536945813,0
129,68,228,4527.5,5027.5,5706.0,251,0.0718639386676402,0.07980032062983128,0.09056999095252456,0.27206898623880776,1.0872621107266436,0.1097645429362881,24,32,50,0.26294820717131473,0.2151394422310757,0.199203187250996,0
128,70,344,6320.25,7011.25,7286.5,211,0.14196109701039958,0.15748186249185778,0.16366433817748927,0.3857574462890625,1.4308673469387756,0.06157466873985938,39,38,61,0.5592417061611374,0.3080568720379147,0.4786729857819905,0
128,60,274,6824.75,5882.25,5513.25,251,0.1083276455929271,0.09336756559419691,0.0875105157060999,0.4165496826171875,1.6339583333333334,0.07343558527358943,40,27,50,0.40239043824701193,0.10756972111553785,0.30677290836653387,0
128,65,252,5849.0,7468.0,6170.5,239,0.10239666672502232,0.1307400080530803,0.10802506958911784,0.35699462890625,1.7675739644970414,0.09716710758377425,32,32,49,0.4476987447698745,0.38493723849372385,0.3723849372384937,1
128,71,362,6670.5,6241.5,3949.0,283,0.08328859144202075,0.0779320505937145,0.04930764524466531,0.407135009765625,1.2381471930172585,0.03013491651658985,35,31,36,0.38162544169611307,0.4840989399293286,0.1872791519434629,1
130,61,259,6782.0,7074.25,6740.5,299,0.07586044898826635,0.07912942808245993,0.07539624836411225,0.401301775147929,1.901169040580489,0.10048299816639585,33,0,52,0.20066889632107024,0.0,0.3110367892976589,1
130,52,530,5119.5,5735.5,3982.0,295,0.05882792301062913,0.0659063487503591,0.04575696638896869,0.30292899408284024,2.1211168639053253,0.014175863296546813,33,24,41,0.4406779661016949,0.2033898305084746,0.2271186440677966,0
128,71,218,5973.25,5833.0,6873.5,227,0.11592016146247744,0.1131983931378447,0.13339090609171533,0.3645782470703125,1.157111684189645,0.14463218584294252,41,37,55,0.6299559471365639,0.3436123348017621,0.3920704845814978,1
128,57,409,6464.5,8056.5,5550.0,271,0.08802303890197574,0.10970030364510287,0.0755708664097711,0.394561767578125,2.4796860572483843,0.03317770697210084,34,39,53,0.23985239852398524,0.2878228782287823,0.33210332103321033,0
129,49,370,8617.75,7138.0,5041.0,247,0.14125374944680294,0.11699913127571342,0.08262715337081414,0.5178625082627246,2.9729279466888796,0.03682249817384953,42,38,43,0.4331983805668016,0.29959514170040485,0.4048582995951417,1
130,65,349,6444.75,7286.75,5585.0,303,0.07019736627128059,0.07936858042239868,0.06083281595486281,0.38134615384615383,1.7246745562130177,0.04585348231952119,44,0,47,0.47854785478547857,0.0,0.31353135313531355,1
129,70,496,5543.0,7243.5,4811.0,207,0.12936124530327428,0.169047118952601,0.11227799948656912,0.3330929631632714,1.4782653061224489,0.019555638657648283,31,41,44,0.2753623188405797,0.5700483091787439,0.391304347826087,0
38,71,764,7117.5,8135.0,7042.25,239,0.12460391099595595,0.1424169744927435,0.12328653209852769,4.929016620498615,1.6137671097004562,0.012064927633562676,38,45,54,0.5523012552301255,0.5188284518828452,0.301255230125523,1
128,63,405,6813.5,6296.0,7628.5,271,0.09277515284377937,0.08572868016503044,0.10387249628953854,0.415863037109375,1.5862937767699672,0.04650815424477976,27,32,57,0.35424354243542433,0.2767527675276753,0.3505535055350554,1
128,62,483,5467.0,6296.0,4757.5,231,0.10245310245310245,0.11798879331346863,0.08915687487116059,0.33367919921875,1.6378772112382936,0.02039316041476452,29,32,51,0.5281385281385281,0.33766233766233766,0.4069264069264069,0
130,62,586,7796.25,7161.0,6242.5,267,0.10936119176871607,0.10045027984682069,0.08756610416754337,0.4613165680473373,1.8629032258064515,0.018178720777178536,33,28,56,0.26591760299625467,0.36329588014981273,0.21722846441947566,0
129,65,389,8275.5,8631.5,6257.5,295,0.095093363975869,0.09918414248779087,0.07190462510772766,0.4972958355868037,2.042958579881657,0.04135248907950648,45,31,56,0.4135593220338983,0.2576271186440678,0.3152542372881356,0
130,50,376,6250.5,7392.25,4964.75,223,0.12569124655633535,0.1486506867220334,0.0998361117255525,0.36985207100591716,2.9569,0.0351173466500679,39,31,49,0.4349775784753363,0.47085201793721976,0.4080717488789238,1
128,68,258,9646.75,6573.75,5289.25,231,0.18078278143213208,0.12319390566143813,0.09912201795318679,0.5887908935546875,1.4216587370242215,0.07946112012499248,44,42,60,0.33766233766233766,0.41125541125541126,0.4329004329004329,1
128,51,394,9959.0,10072.0,6687.0,303,0.10847520395603917,0.10970602010696119,0.07283599647093422,0.60784912109375,3.8723567858515957,0.043076348269731245,38,43,58,0.3333333333333333,0.5511551155115512,0.29372937293729373,0
128,71,301,8954.0,8583.0,7830.5,275,0.1184,0.11349421487603306,0.10354380165289256,0.5465087890625,1.7026383654036898,0.0864284058674849,51,43,67,0.36363636363636365,0.24727272727272728,0.24363636363636362,1
130,74,327,7910.5,7577.0,4536.5,243,0.13396501210858777,0.1283171603244763,0.076826025842944,0.46807692307692306,1.3836742147552958,0.04242534766059722,46,40,51,0.5720164609053497,0.4403292181069959,0.34156378600823045,1
129,51,259,7769.5,8741.5,5358.5,319,0.07635046825404625,0.08590226118060947,0.05265769793928912,0.4668890090739739,3.3608227604767396,0.0798810393404988,48,34,54,0.4106583072100313,0.25391849529780564,0.21630094043887146,0
125,70,576,6957.25,7348.75,4918.25,263,0.1005833538145701,0.106243403836979,0.07110483019849932,0.445264,1.4997448979591836,0.01482400776427469,33,34,55,0.24334600760456274,0.44106463878326996,0.376425855513308,0
127,52,349,8797.5,7615.75,4525.25,271,0.11979003553873177,0.10369888754238096,0.06161748886861562,0.5454460908921818,2.8164755917159763,0.037152814837316604,45,27,47,0.35793357933579334,0.11439114391143912,0.30996309963099633,0
128,62,184,7973.75,8291.0,5143.25,263,0.11527924359178245,0.11986583585132068,0.07435773251022858,0.4866790771484375,2.1568678459937565,0.15191546550094517,38,33,54,0.5133079847908745,0.3269961977186312,0.20532319391634982,0
130,73,205,6489.25,7700.5,7613.75,303,0.07068206820682069,0.08387521920508882,0.08293032273524382,0.3839792899408284,1.445017826984425,0.1811719214753123,45,43,61,0.33993399339933994,0.2508250825082508,0.4389438943894389,0
39,64,417,6080.75,7017.0,4096.25,263,0.08791149214243375,0.10144718009512932,0.059220893752981826,3.997863247863248,1.713134765625,0.023556694212974943,32,44,50,0.21673003802281368,0.44106463878326996,0.30038022813688214,0
128,52,195,6583.5,7916.0,6251.0,271,0.08964338720877983,0.10778720333328795,0.08511594341035661,0.401824951171875,2.9275147928994083,0.16439184746877056,28,51,56,0.2066420664206642,0.3874538745387454,0.4059040590405904,0
128,51,374,7359.0,7485.25,5137.0,275,0.09730909090909091,0.09897851239669421,0.06792727272727273,0.44915771484375,2.877835447904652,0.0367253853413023,33,37,56,0.2690909090909091,0.23272727272727273,0.31272727272727274,0
129,71,313,8343.5,9110.5,5429.5,227,0.16191853131246484,0.1768033534514545,0.10536785111296551,0.5013821284778559,1.8072803015274748,0.055420592228153806,43,46,48,0.7048458149779736,0.6916299559471366,0.43612334801762115,1
135,77,199,10113.0,8333.0,8921.5,287,0.12277677281501535,0.10116670106472095,0.10831137928104019,0.5548971193415638,1.405464665204925,0.22528471503244868,56,43,59,0.3344947735191638,0.3519163763066202,0.49825783972125437,0
130,65,518,7407.5,7347.0,6485.5,247,0.12141651231785475,0.12042485534921077,0.10630398793620613,0.4383136094674556,1.7389349112426036,0.024170405927162682,33,31,55,0.4898785425101215,0.3643724696356275,0.47368421052631576,1
128,63,266,6856.25,5730.75,5903.25,255,0.105440215301807,0.08813148788927336,0.0907843137254902,0.4184722900390625,1.4438775510204083,0.08343108711628695,31,33,54,0.34509803921568627,0.2901960784313726,0.42745098039215684,1
127,60,248,6336.75,6733.5,4739.5,231,0.11875245966155057,0.1261876651487041,0.0888195498585109,0.3928792857585715,1.8704166666666666,0.07706002861602497,33,35,47,0.5324675324675324,0.29004329004329005,0.33766233766233766,1
128,70,363,6092.0,7115.25,5668.0,239,0.10665079392867773,0.12456452092925543,0.09922795469266994,0.371826171875,1.4520918367346938,0.043014669611213564,28,31,49,0.4476987447698745,0.4225941422594142,0.38493723849372385,1
130,63,337,6934.5,7176.5,5847.25,263,0.10025444924749527,0.10375312640055516,0.08453570241003917,0.41032544378698227,1.808138070042832,0.05148632109114283,24,24,54,0.18250950570342206,0.27756653992395436,0.33460076045627374,1
40,62,431,8390.5,7042.0,6719.5,303,0.09139082225054189,0.07670271977692819,0.07318999226655339,5.2440625,1.831945889698231,0.03617282422036919,43,33,55,0.21782178217821782,0.21122112211221122,0.30033003300330036,1
127,52,272,6981.25,7745.75,7171.75,247,0.1144298382205904,0.12696077627890967,0.11755232834499828,0.43283836567673134,2.8645525147928996,0.09693649978373703,34,33,58,0.4534412955465587,0.13360323886639677,0.46558704453441296,1
129,70,307,6978.5,7885.0,6403.75,319,0.06857735281689449,0.07748548068513478,0.06292931476695394,0.4193558079442341,1.6091836734693878,0.0679450179842757,30,44,55,0.3166144200626959,0.3510971786833856,0.2852664576802508,0
128,52,435,7104.75,7518.25,5892.5,243,0.12031956510694508,0.127322223915731,0.09979000491117547,0.4336395263671875,2.780417899408284,0.031140177037917823,39,29,53,0.3662551440329218,0.12757201646090535,0.448559670781893,0
130,51,209,7589.0,7539.5,6147.0,263,0.10971678063872545,0.109001142130145,0.08886929115644292,0.4490532544378698,2.8986928104575163,0.14072480025640438,32,29,64,0.4144486692015209,0.3041825095057034,0.3231939163498099,0
128,50,487,6927.5,8939.0,8059.5,307,0.07350210612314188,0.09484450763403325,0.08551284363759827,0.422821044921875,3.5756,0.033982097154349855,35,42,64,0.32247557003257327,0.43322475570032576,0.4820846905537459,0
128,61,280,11414.5,11180.5,10276.5,295,0.13116345877621374,0.12847457627118644,0.1180867566791152,0.696685791015625,3.00470303681806,0.131077806122449,62,45,61,0.5423728813559322,0.2542372881355932,0.559322033898305,0
128,56,357,7543.75,6940.5,7485.0,215,0.16319632233639805,0.1501460248783126,0.1619253650621958,0.4604339599609375,2.213169642857143,0.05872937410258221,41,39,61,0.7348837209302326,0.5395348837209303,0.4790697674418605,0
128,68,563,6410.0,8916.0,5872.5,331,0.05850622027911392,0.0813793229342558,0.05360027747099789,0.3912353515625,1.9282006920415224,0.018527048386435267,36,39,53,0.1933534743202417,0.3716012084592145,0.28700906344410876,0
128,52,401,7799.5,7965.5,5559.5,255,0.11994617454825067,0.12249903883121877,0.08549788542868128,0.476043701171875,2.9458210059171597,0.03457378996399276,46,35,57,0.4627450980392157,0.5450980392156862,0.4196078431372549,0
152,83,391,7293.5,8613.0,6526.0,319,0.07167284126531775,0.08463949843260188,0.06413065909336582,0.3156812673130194,1.250254028160836,0.0426867956122736,51,37,56,0.3573667711598746,0.44200626959247646,0.322884012539185,0
130,62,315,8498.5,7811.5,5744.5,227,0.1649265462166935,0.1515942478992412,0.11148091366026898,0.5028698224852071,2.0321279916753383,0.05789367598891408,47,38,51,0.5198237885462555,0.5682819383259912,0.5462555066079295,0
172,83,412,5432.0,7787.0,6415.5,215,0.11751216873985938,0.1684586262844781,0.13878853434288804,0.1836127636560303,1.1303527362461896,0.037795150344047505,43,35,61,0.5441860465116279,0.24186046511627907,0.4883720930232558,0
127,58,585,6258.0,5697.5,4020.5,203,0.15186003057584507,0.13825863282292702,0.09756363901089568,0.387996775993552,1.6936682520808561,0.011748118927606107,35,21,43,0.4433497536945813,0.1921182266009852,0.2955665024630542,1
147,102,221,6998.0,7220.75,8647.5,199,0.1767127092750183,0.18233756723315067,0.21836569783591323,0.3238465454208894,0.6940359477124183,0.17705411437112262,34,32,59,0.6030150753768844,0.7185929648241206,0.5728643216080402,0
154,100,322,7565.0,7175.75,6728.75,279,0.09718528795878778,0.09218470985727316,0.08644223481198854,0.3189829650868612,0.717575,0.06489670537402106,42,33,49,0.4157706093189964,0.2007168458781362,0.3906810035842294,0
134,81,266,5984.0,5199.0,5009.5,223,0.12033220052685556,0.10454664280399767,0.10073598906070905,0.3332590777456004,0.7924096936442615,0.07079964949968907,32,35,48,0.3632286995515695,0.336322869955157,0.36771300448430494,1
130,74,268,5662.75,5940.5,5152.25,263,0.0818683225144212,0.08588384970145585,0.07448784860269773,0.3350739644970414,1.0848246895544194,0.07173437848073068,32,28,50,0.30798479087452474,0.34600760456273766,0.4524714828897338,0
129,60,258,4478.75,4524.0,4328.0,219,0.09338316548862617,0.0943266403953212,0.09023998665582453,0.2691394747911784,1.2566666666666666,0.06502013100174268,29,35,43,0.5662100456621004,0.4383561643835616,0.502283105022831,0
133,86,299,6524.25,6744.75,7210.0,287,0.07920759023419005,0.08188456822348214,0.08753293107843971,0.3688309118661315,0.9119456462952947,0.0806478674735182,39,32,57,0.4250871080139373,0.2857142857142857,0.4738675958188153,1
151,83,194,16148.5,15241.0,16711.5,303,0.17589234170941848,0.16600768987789868,0.1820246381073751,0.7082364808561028,2.212367542458993,0.44402965246041026,97,95,95,0.6039603960396039,0.31353135313531355,0.31353135313531355,1
138,65,272,13444.5,14211.75,11490.5,359,0.10431716079173811,0.11027032689069761,0.08915588798969593,0.7059703843730308,3.3637278106508877,0.15531060769896193,89,90,89,0.5598885793871866,0.5097493036211699,0.41225626740947074,0
134,85,226,7381.0,6731.75,6289.75,279,0.09482149509898383,0.0864807749129636,0.0808025333693041,0.4110603697928269,0.9317301038062283,0.12314492129375833,48,41,55,0.2616487455197133,0.46236559139784944,0.46953405017921146,0
128,79,318,7598.5,7581.5,6659.75,263,0.10985412540299845,0.1096083505616678,0.09628229409128367,0.463775634765625,1.2147892965870855,0.06585726434872038,34,45,54,0.41825095057034223,0.5817490494296578,0.5019011406844106,0
128,72,284,5950.0,7014.5,4715.5,315,0.059964726631393295,0.07069286974048879,0.04752330561854371,0.3631591796875,1.353105709876543,0.05846434239238246,32,34,46,0.37777777777777777,0.17777777777777778,0.39365079365079364,0
128,62,319,6339.0,6718.0,4597.0,251,0.10061745051665846,0.1066332280439993,0.07296709576038475,0.38690185546875,1.7476586888657648,0.04517447745206906,39,35,41,0.38247011952191234,0.24302788844621515,0.2549800796812749,0
142,73,259,7507.25,10082.75,7179.0,291,0.08865329885098192,0.11906744133867102,0.08477698657313919,0.3723095615949216,1.8920529179958716,0.10701987149863598,54,36,51,0.43986254295532645,0.33676975945017185,0.27835051546391754,0
144,78,283,7752.0,7624.0,7449.5,247,0.1270632201806291,0.1249651690734154,0.12210493533740924,0.3738425925925926,1.2531229454306378,0.09301527051155589,41,38,52,0.48582995951417,0.4979757085020243,0.4048582995951417,1
130,75,444,7076.75,6781.75,6292.0,323,0.0678310920261864,0.06500349854786301,0.06030921412071428,0.41874260355029586,1.2056444444444445,0.03191705218732246,43,44,50,0.3126934984520124,0.3622291021671827,0.22910216718266255,0
128,62,310,8133.0,8441.5,6886.5,303,0.08858608633140541,0.0919463233452058,0.07500898604711956,0.49639892578125,2.1960197710718004,0.07165972944849115,39,45,59,0.3564356435643564,0.24752475247524752,0.4158415841584158,0
137,57,435,8474.25,7755.0,7874.75,347,0.07037887533323921,0.0644054846398525,0.06540001162703785,0.4515024774894773,2.386888273314866,0.04161580129475492,36,28,59,0.29394812680115273,0.138328530259366,0.26512968299711814,1
129,52,213,5119.0,5760.25,5468.5,227,0.09934211803062354,0.11178656678763414,0.10612470647596499,0.30761372513671054,2.130269970414201,0.12053384469571735,31,15,41,0.3392070484581498,0.08370044052863436,0.32158590308370044,1
128,70,316,7007.0,8435.5,5304.5,255,0.10775855440215301,0.1297270280661284,0.0815763168012303,0.42767333984375,1.721530612244898,0.05312149495273193,43,37,48,0.5411764705882353,0.4823529411764706,0.4196078431372549,0
130,74,218,7885.5,7319.0,6613.5,279,0.10130265541295719,0.09402499967883249,0.08496165259952981,0.46659763313609465,1.3365595325054784,0.13916126588670988,47,28,52,0.4659498207885305,0.41935483870967744,0.34050179211469533,0
128,52,272,8370.0,6945.75,5090.5,271,0.11396903636933048,0.09457591808390409,0.06931414332593511,0.5108642578125,2.568694526627219,0.06880541738754326,52,34,33,0.4981549815498155,0.42066420664206644,0.33579335793357934,0
128,70,424,5108.5,5905.0,3887.5,247,0.08373354750938386,0.09678899834450655,0.06372010686947828,0.311798095703125,1.2051020408163264,0.021624132253470985,32,34,42,0.21862348178137653,0.24696356275303644,0.2874493927125506,0
128,50,180,7625.5,9639.0,9474.0,295,0.08762424590634875,0.11076127549554726,0.10886526860097673,0.465423583984375,3.8556,0.2924074074074074,48,36,56,0.48135593220338985,0.12203389830508475,0.6,0
129,71,489,6783.75,7822.5,6511.75,263,0.09807500469863667,0.11309257037112001,0.09414260723734622,0.40765278528934557,1.5517754413806784,0.02723202897277947,54,40,59,0.45627376425855515,0.2965779467680608,0.49429657794676807,1
130,66,163,8021.25,7956.5,5805.0,251,0.12731940762845034,0.1262916461643466,0.0921413945810384,0.4746301775147929,1.826561065197429,0.2184877112424254,38,38,53,0.398406374501992,0.5577689243027888,0.350597609561753,0
128,63,489,9222.5,8988.5,6425.5,251,0.1463865652926144,0.14267233853430897,0.10199044459611752,0.562896728515625,2.264676240866717,0.026871332923498983,46,28,39,0.6414342629482072,0.3745019920318725,0.2151394422310757,0
128,52,320,6955.0,7082.0,6657.0,247,0.11399957383336885,0.11608123391630742,0.10911504859938698,0.42449951171875,2.6190828402366866,0.065009765625,43,34,58,0.38461538461538464,0.22267206477732793,0.291497975708502,0
128,70,333,6807.75,7874.25,7096.25,315,0.06860922146636432,0.07935752078609222,0.07151675485008818,0.4155120849609375,1.6069897959183674,0.06399417435453471,42,32,60,0.3396825396825397,0.2857142857142857,0.3333333333333333,0
129,70,261,6914.75,7230.5,7160.5,243,0.11710189842334333,0.12244915239885519,0.12126369625226507,0.4155249083588727,1.4756122448979592,0.10511442873710015,0,40,55,0.0,0.42386831275720166,0.2345679012345679,1
128,71,166,7501.0,6189.5,7448.5,275,0.09918677685950414,0.08184462809917355,0.09849256198347107,0.45782470703125,1.2278317794088474,0.2703041079982581,35,21,55,0.52,0.14909090909090908,0.39636363636363636,1
130,72,424,6142.5,5783.5,6511.0,227,0.11920471967241747,0.11223776902326844,0.12635603252537406,0.36346153846153845,1.115644290123457,0.03621729263082948,33,33,55,0.4052863436123348,0.3436123348017621,0.4669603524229075,1
125,57,460,5465.25,7560.0,6568.0,271,0.07441687885513541,0.10293977478520172,0.08943233343772553,0.349776,2.326869806094183,0.031039697542533082,35,38,57,0.3247232472324723,0.5571955719557196,0.2177121771217712,0
127,68,329,7198.5,6831.0,7553.5,287,0.0873933154463451,0.08293168546419162,0.09170318930665664,0.44630789261578524,1.4772923875432526,0.069784092903798,28,30,58,0.0975609756097561,0.37282229965156793,0.37282229965156793,0
128,68,340,5509.0,6086.25,5159.0,227,0.1069106716606183,0.118113101360399,0.10011837994139222,0.33624267578125,1.31623053633218,0.0446280276816609,30,42,51,0.3700440528634361,0.3876651982378855,0.3832599118942731,0
125,65,390,5110.25,6934.0,3749.0,259,0.07618028950075283,0.10336757054903772,0.05588765820426052,0.327056,1.6411834319526628,0.0246482577251808,31,34,38,0.3166023166023166,0.21621621621621623,0.3667953667953668,0
130,72,230,5072.25,6026.25,7619.25,257,0.07679525806598132,0.0912390800769126,0.1153575375857318,0.30013313609467457,1.1624710648148149,0.144031190926276,23,23,61,0.19455252918287938,0.19066147859922178,0.42023346303501946,0
129,70,233,5910.25,6003.75,4441.0,251,0.09381200298407961,0.09529610641100934,0.07049094458818114,0.3551619494020792,1.2252551020408162,0.08180294350605095,35,27,39,0.549800796812749,0.4820717131474104,0.16733067729083664,1
128,71,311,6615.0,6816.5,5657.5,251,0.10499833335978793,0.10819669529055094,0.08980016190219203,0.40374755859375,1.3522118627256496,0.05849298497740925,33,30,37,0.26294820717131473,0.14741035856573706,0.1553784860557769,0
128,62,379,7131.0,7549.5,5619.0,295,0.08194197069807527,0.08675093363975869,0.06456765297328354,0.43524169921875,1.9639698231009366,0.039118357572002424,29,32,49,0.26101694915254237,0.288135593220339,0.2745762711864407,0
130,70,457,5785.5,6956.75,7978.5,255,0.08897347174163783,0.10698577470203768,0.12269896193771626,0.3423372781065089,1.4197448979591836,0.038202241811069244,34,41,58,0.2901960784313726,0.28627450980392155,0.3411764705882353,0
127,68,258,7750.25,7952.75,7111.25,211,0.1740807708721727,0.17862918622672447,0.15972799353114261,0.48051646103292206,1.7198853806228374,0.10683327324079082,43,58,60,0.5592417061611374,0.3981042654028436,0.2843601895734597,0
130,66,251,8447.0,8509.75,5601.0,271,0.11501749703843901,0.11587192440190085,0.07626530139840144,0.4998224852071006,1.9535697887970616,0.08890335074046443,42,35,55,0.44649446494464945,0.2915129151291513,0.34686346863468637,0
128,70,357,9257.0,9020.25,7833.0,271,0.12604675862256778,0.12282308247436718,0.1066570444302229,0.56500244140625,1.8408673469387755,0.06145987806887461,39,42,62,0.3948339483394834,0.33948339483394835,0.44649446494464945,0
128,71,302,8299.75,7575.75,5924.5,287,0.10076302978062135,0.09197331520353531,0.07192633150821304,0.5065765380859375,1.5028268200753818,0.06495877373799394,30,34,53,0.20209059233449478,0.1951219512195122,0.2787456445993031,1
128,71,405,6807.5,7046.0,7048.0,207,0.1588718523186072,0.16443790986954188,0.1644845854045602,0.415496826171875,1.3977385439396945,0.042969059594574,30,32,60,0.4106280193236715,0.15458937198067632,0.5748792270531401,0
130,68,221,10251.25,8118.5,6795.75,271,0.13958483680777767,0.11054451872932014,0.09253346223499136,0.6065828402366864,1.7557309688581315,0.13914027149321267,58,24,58,0.36162361623616235,0.1070110701107011,0.44280442804428044,0
130,75,192,8307.5,7895.5,6797.0,287,0.10085711857616336,0.09585523680025253,0.08251890881278151,0.4915680473372781,1.4036444444444445,0.1843804253472222,35,51,55,0.5679442508710801,0.5749128919860628,0.2961672473867596,0
128,71,232,6097.5,5904.25,3848.25,235,0.11041195110909914,0.10691263014938886,0.0696831145314622,0.372161865234375,1.1712457845665543,0.07149691587395957,34,29,24,0.39574468085106385,0.451063829787234,0.2553191489361702,0
128,68,340,6505.0,6667.0,5283.0,287,0.07897388580655344,0.08094064514562517,0.0641382073352839,0.39703369140625,1.441825259515571,0.04570069204152249,28,38,53,0.24738675958188153,0.3519163763066202,0.24738675958188153,0
131,64,508,6512.0,6014.0,6893.0,239,0.11400360637944014,0.10528527161639327,0.12067365767406033,0.3794650661383369,1.46826171875,0.02671042842085684,33,32,59,0.39748953974895396,0.28870292887029286,0.49372384937238495,0
129,70,216,9044.0,9516.5,9101.0,275,0.1195900826446281,0.12583801652892562,0.12034380165289256,0.5434769545099453,1.9421428571428572,0.19506601508916324,44,43,59,0.5345454545454545,0.4690909090909091,0.3781818181818182,0
128,70,407,8574.0,9365.5,4966.5,311,0.08864672615047405,0.09683005758832104,0.05134872468233372,0.5233154296875,1.911326530612245,0.02998207052261106,35,49,42,0.2829581993569132,0.3633440514469453,0.2733118971061093,0
128,80,362,9632.25,9172.0,7937.0,255,0.14813148788927336,0.14105344098423683,0.12206074586697424,0.5879058837890625,1.433125,0.06056744299624554,46,43,57,0.4588235294117647,0.6274509803921569,0.5647058823529412,1
129,63,360,5502.75,6557.25,6075.5,247,0.09019570882984478,0.10748004392794505,0.09958366798341228,0.33067423832702364,1.652116402116402,0.046878858024691356,28,31,53,0.29959514170040485,0.2145748987854251,0.29959514170040485,0
128,68,404,6931.0,7383.25,7137.75,311,0.07165972229402094,0.0763355424364926,0.0737973139235533,0.42303466796875,1.596723615916955,0.04373192579158906,36,32,60,0.28938906752411575,0.3183279742765273,0.37942122186495175,1
128,63,267,5528.0,5756.0,6105.5,207,0.1290111787906369,0.13433218978272538,0.14248873952717683,0.33740234375,1.4502393550012598,0.08564434905805945,18,31,57,0.08695652173913043,0.2995169082125604,0.5169082125603864,1
129,62,710,30368.0,27276.0,22753.0,375,0.2159502222222222,0.19396266666666667,0.16179911111111112,1.8248903311099092,7.0957336108220606,0.045135885736956954,143,141,144,0.672,0.456,0.512,1
130,75,462,7917.5,8235.5,8212.25,263,0.11446601801385013,0.11906345328109413,0.11872732004221544,0.46849112426035505,1.464088888888889,0.03847496298795,40,31,55,0.311787072243346,0.3269961977186312,0.4372623574144487,1
45,52,340,19011.0,17014.5,13489.0,271,0.25886085429119976,0.23167576694217126,0.183671246306559,9.388148148148149,6.292344674556213,0.11668685121107267,101,100,100,0.5239852398523985,0.6494464944649446,0.7195571955719557,1
128,71,430,145102.25,135311.0,119220.25,599,0.40440871123547595,0.377119907692565,0.3322740181883551,8.856338500976562,26.842094822455863,0.6447823147647377,370,356,350,0.7228714524207012,0.666110183639399,0.7445742904841403,1
128,50,252,102402.0,103015.5,90328.0,519,0.3801663937986568,0.3824440063706327,0.3353417903853936,6.2501220703125,41.2062,1.4223985890652557,298,297,294,0.7456647398843931,0.720616570327553,0.7880539499036608,1
129,52,241,75623.5,67165.0,59428.5,495,0.3086358534843383,0.27411488623609837,0.24254055708601163,4.544408388918935,24.839127218934912,1.0232003581205558,249,240,242,0.6787878787878788,0.5373737373737374,0.6101010101010101,1
130,72,259,133353.5,104398.0,102346.0,567,0.4147995732357872,0.3247327280249091,0.3183499279913154,7.890739644970414,20.138503086419753,1.5257077264799273,346,310,312,0.746031746031746,0.6790123456790124,0.7689594356261023,1
130,62,441,154313.25,112186.5,112404.0,607,0.4188184796267597,0.3044831170664054,0.30507342942985327,9.130961538461538,29.184833506763788,0.5779690561031668,369,324,326,0.6803953871499177,0.6227347611202636,0.8352553542009885,1
45,50,512,125006.5,100615.75,94947.25,575,0.3780914933837429,0.30431984877126655,0.2871750472589792,61.7316049382716,40.2463,0.3621950149536133,337,297,296,0.7617391304347826,0.64,0.7269565217391304,1
128,50,559,67230.5,50016.0,48850.0,463,0.31362043952250557,0.23331731733599542,0.22787809804589282,4.103424072265625,20.0064,0.1563295048338939,233,201,196,0.6047516198704104,0.652267818574514,0.7732181425485961,1
130,89,341,109306.0,82676.0,78603.5,591,0.3129457370999281,0.2367033992687836,0.22504373269659672,6.467810650887574,10.43757101376089,0.6759788787506127,311,274,270,0.6582064297800339,0.6091370558375635,0.739424703891709,1
128,72,390,101428.25,73188.5,68580.0,519,0.3765513567294449,0.27171156923236844,0.25460255939055765,6.1906890869140625,14.11815200617284,0.450887573964497,296,258,252,0.7148362235067437,0.6820809248554913,0.8111753371868978,1
130,62,455,64406.75,43747.25,43698.0,463,0.3004480591876624,0.2040745163713037,0.20384477233182036,3.811050295857988,11.380658168574401,0.21107595701002294,232,187,188,0.7300215982721382,0.6241900647948164,0.7386609071274298,1
135,52,627,25360.25,13710.0,16358.0,423,0.14173359265406948,0.07662257096390188,0.09142173711360373,1.391508916323731,5.070266272189349,0.04160975150650295,119,88,97,0.5319148936170213,0.3640661938534279,0.48226950354609927,1
128,72,434,26996.5,16303.0,18893.5,415,0.1567513427202787,0.0946610538539701,0.10970242415444913,1.647735595703125,3.1448688271604937,0.10030739663190978,116,85,107,0.38313253012048193,0.3759036144578313,0.5012048192771085,1
128,91,362,30612.0,19722.5,27373.0,423,0.17108462015659842,0.11022528488953719,0.1529824679062645,1.868408203125,2.3816568047337277,0.20888403894875004,131,85,135,0.5981087470449172,0.46335697399527187,0.5224586288416075,1
130,102,526,8822.5,7709.5,11058.0,287,0.10710947079605192,0.09359710570724424,0.13424953562626715,0.5220414201183432,0.7410130718954249,0.03996732640344663,19,37,91,0.1254355400696864,0.36585365853658536,0.4634146341463415,1
135,107,283,6130.0,6113.5,8532.0,271,0.08346836235890034,0.08324369221551994,0.11617488868615623,0.3363511659807956,0.533976766529828,0.10653148372435665,29,29,73,0.4612546125461255,0.42066420664206644,0.42066420664206644,1
147,98,279,8461.75,6705.25,11012.0,243,0.14330047926298498,0.11355399752747718,0.18648918694643432,0.3915845249664492,0.6981726364014994,0.14146786397913697,52,24,87,0.3045267489711934,0.3868312757201646,0.4897119341563786,1
128,65,209,9322.75,6004.25,8559.5,267,0.1307740324594257,0.08422407384028391,0.1200676121140709,0.5690155029296875,1.4211242603550296,0.19595476294040887,51,25,69,0.5692883895131086,0.1348314606741573,0.4419475655430712,1
138,94,151,5196.25,4983.5,6973.0,275,0.06871074380165289,0.06589752066115702,0.09220495867768595,0.2728549674438143,0.5639995473064735,0.3058199201789395,0,32,69,0.0,0.33090909090909093,0.39636363636363636,1
129,50,620,5859.0,6365.0,7728.25,295,0.06732548118356795,0.07313990232691756,0.08880494110887675,0.3520822065981612,2.546,0.020104708636836627,19,39,73,0.12542372881355932,0.3288135593220339,0.288135593220339,1
129,72,226,7428.0,6766.0,12406.5,239,0.13003974020062675,0.11845030724252026,0.21719682778662838,0.4463674058049396,1.3051697530864197,0.24290273318192498,36,32,92,0.4393305439330544,0.24686192468619247,0.5732217573221757,1
48,84,507,7417.0,7205.0,8159.0,319,0.07288646927604878,0.07080315641552265,0.08017806428789025,3.2191840277777777,1.0211167800453516,0.03174102992036538,30,33,67,0.29153605015673983,0.3761755485893417,0.32601880877742945,1
129,65,390,9020.0,9244.5,12966.5,287,0.1095072175211548,0.11223275746943631,0.15741966030909688,0.542034733489574,2.1880473372781064,0.08524983563445102,35,30,97,0.4878048780487805,0.3519163763066202,0.33797909407665505,1
128,50,302,8639.0,7710.0,13584.0,335,0.0769792826910225,0.06870126977055023,0.121042548451771,0.52728271484375,3.084,0.14894083592824875,39,35,99,0.3522388059701492,0.40298507462686567,0.29850746268656714,1
138,76,277,9411.5,8076.5,17274.0,307,0.09985782342518223,0.08569321690415814,0.1832804592091163,0.4941976475530351,1.3982860110803323,0.22513000299756286,37,38,113,0.3289902280130293,0.1791530944625407,0.3713355048859935,1
134,72,266,12077.5,9160.5,15371.5,271,0.1644517367682902,0.12473277869310058,0.2093040672104138,0.6726163956337714,1.7670717592592593,0.2172465939284301,39,36,104,0.3025830258302583,0.3173431734317343,0.45387453874538747,1
130,62,503,9077.0,6995.0,13366.5,319,0.08919920205186663,0.06873949744990714,0.13135189316142726,0.5371005917159763,1.8197190426638918,0.052830136477358514,36,30,95,0.28213166144200624,0.2664576802507837,0.3949843260188088,1
129,84,247,10342.75,8720.25,16510.75,343,0.08791192445324653,0.07412090200511691,0.1403390594055198,0.621522144101917,1.2358630952380953,0.2706281040502221,39,37,106,0.37317784256559766,0.1749271137026239,0.41690962099125367,1
128,64,308,15443.0,12710.75,31255.0,367,0.11465672772089777,0.09437110677189674,0.2320531001046856,0.94256591796875,3.10321044921875,0.3294716646989374,65,63,161,0.5177111716621253,0.4659400544959128,0.47411444141689374,1
128,72,347,13648.5,12359.0,31859.0,367,0.10133344222616546,0.09175953492861333,0.23653750491873873,0.833038330078125,2.3840663580246915,0.26458985623998205,65,64,161,0.5640326975476839,0.5340599455040872,0.5858310626702997,1
40,71,261,15165.0,10581.5,22639.0,343,0.12890037314384312,0.0899412659691115,0.19242832493263862,9.478125,2.0990874826423327,0.332335109584416,52,52,131,0.5451895043731778,0.18950437317784258,0.5626822157434402,1
129,76,239,12491.25,9516.25,21478.5,391,0.0817057057449912,0.06224612607191214,0.1404916242044466,0.7506309716964125,1.6475502077562327,0.3760175767230966,47,42,129,0.39641943734015345,0.18925831202046037,0.40664961636828645,1
130,76,378,9372.25,6764.0,12427.25,259,0.13971541867294762,0.100833320910541,0.18525737541181556,0.5545710059171598,1.1710526315789473,0.08697439881302316,36,25,92,0.5135135135135135,0.14671814671814673,0.44015444015444016,1
127,72,241,8412.75,6822.5,15065.75,299,0.09410129640608048,0.07631346405521192,0.16851880851444614,0.5215915431830863,1.3160686728395061,0.2593920559219022,39,32,101,0.44481605351170567,0.3010033444816054,0.568561872909699,1
129,72,447,5902.75,5817.25,8886.0,263,0.08533808498026572,0.08410198210180861,0.12846795529789357,0.3547112553332131,1.1221547067901234,0.044472471210005554,33,29,72,0.376425855513308,0.4714828897338403,0.376425855513308,1
128,72,405,6680.5,5884.25,12399.5,255,0.10273740868896578,0.09049211841599385,0.1906881968473664,0.407745361328125,1.1350790895061729,0.07559518366102728,30,21,90,0.2,0.22745098039215686,0.4588235294117647,1
129,72,359,7653.0,6852.5,9505.0,271,0.10420609741152762,0.09330619136449667,0.12942361895943683,0.4598882278709212,1.321855709876543,0.0737502036762595,28,26,77,0.34317343173431736,0.17343173431734318,0.30996309963099633,1
130,62,357,9759.75,11111.0,19015.75,307,0.10355282284162166,0.11788984498509268,0.20176076138738872,0.5775,2.89047866805411,0.14920281838225485,47,46,116,0.5635179153094463,0.5244299674267101,0.3973941368078176,1
128,53,330,7417.0,9299.5,15588.5,327,0.06936378344508973,0.08696892330424862,0.1457836508337308,0.45269775390625,3.3106087575649696,0.14314508723599634,36,32,107,0.3149847094801223,0.26299694189602446,0.45871559633027525,1
129,72,193,7484.0,7551.0,9719.0,291,0.08837873903236854,0.08916994367095334,0.11477190869262291,0.44973258818580614,1.4565972222222223,0.2609197562350667,41,34,80,0.3230240549828179,0.21649484536082475,0.3917525773195876,1
128,64,611,10127.25,8876.75,17265.25,267,0.14205908344905946,0.12451780779643423,0.24218673287603978,0.6181182861328125,2.16717529296875,0.04624773318404269,38,30,112,0.45318352059925093,0.3333333333333333,0.5355805243445693,1
129,71,196,14060.75,11539.75,34356.25,279,0.18063424159504632,0.14824771007566706,0.44136444804152053,0.8449462171744486,2.2891787343780994,0.8943213765097876,75,61,162,0.45161290322580644,0.45161290322580644,0.8853046594982079,1
128,64,290,11073.75,8874.0,16331.25,351,0.0898836048408698,0.07202863613120024,0.13255777144666034,0.6758880615234375,2.16650390625,0.1941884661117717,59,39,108,0.4444444444444444,0.36182336182336183,0.4131054131054131,1
130,62,238,8087.0,9241.5,17239.5,303,0.08808504612837521,0.10066006600660066,0.1877757082638957,0.4785207100591716,2.4041363163371487,0.3043482098721842,44,34,107,0.297029702970297,0.33663366336633666,0.5313531353135313,1
128,53,233,8977.5,7351.0,12499.0,303,0.09778453092834036,0.08006840287989195,0.13614133690596783,0.547943115234375,2.616945532217871,0.23023080181988984,31,29,94,0.44554455445544555,0.24092409240924093,0.38943894389438943,1
129,53,552,9029.5,7403.5,13222.0,279,0.1159992805847818,0.09511054585629682,0.16985907169743453,0.542605612643471,2.63563545745817,0.04339293215710985,49,31,92,0.5376344086021505,0.1971326164874552,0.4659498207885305,1
128,53,299,10543.0,7517.0,12901.5,367,0.0782766224413278,0.05581005130337296,0.09578733229885143,0.64349365234375,2.6760412958348168,0.14431046632588002,44,29,89,0.40599455040871935,0.3024523160762943,0.2888283378746594,1
129,72,562,8051.5,6934.0,9418.5,231,0.15088735218605348,0.12994509098405202,0.17650531286894924,0.4838351060633375,1.3375771604938271,0.029820101062549866,33,31,80,0.6017316017316018,0.45021645021645024,0.5584415584415584,1
130,62,277,8735.25,9943.5,14938.75,339,0.07601091184378835,0.08652465606808155,0.12999147240278103,0.5168786982248521,2.5867585848074923,0.1946949653976984,38,30,104,0.26548672566371684,0.18289085545722714,0.41297935103244837,1
128,63,239,7249.0,8598.0,15341.25,283,0.09051180561625193,0.10735556693178838,0.19155252281836457,0.44244384765625,2.1662887377173092,0.2685746047863308,36,38,104,0.42402826855123676,0.35335689045936397,0.4558303886925795,1
129,64,226,7712.5,6510.0,11453.0,287,0.0936335271764863,0.07903458825529022,0.13904502907647295,0.4634637341505919,1.58935546875,0.22423447411700212,36,27,89,0.42857142857142855,0.27526132404181186,0.40069686411149824,1
128,50,411,8192.5,7711.5,14199.0,279,0.10524659241273879,0.09906732955640343,0.18241029791498053,0.500030517578125,3.0846,0.08405704441721278,38,33,101,0.44086021505376344,0.3548387096774194,0.4910394265232975,1
129,72,390,9651.0,7459.0,14662.5,319,0.09483986989121569,0.07329920106917188,0.14408761706351156,0.5799531278168379,1.4388503086419753,0.09640039447731756,40,30,99,0.4263322884012539,0.29153605015673983,0.43573667711598746,1
128,72,317,7175.0,5926.25,9123.5,263,0.10373144038514363,0.08567783255504634,0.13190157440471886,0.43792724609375,1.1431809413580247,0.0907910318542328,32,27,72,0.12167300380228137,0.1634980988593156,0.5133079847908745,1
130,68,461,6530.75,5646.75,7656.25,313,0.06666139288958753,0.05763813042901326,0.07814972083005849,0.38643491124260354,1.2211829584775087,0.036025851562904374,38,31,69,0.329073482428115,0.2108626198083067,0.22364217252396165,1
128,64,269,9072.0,6854.25,10677.75,255,0.13951557093425607,0.10540945790080739,0.16420991926182238,0.5537109375,1.67340087890625,0.14756222274429595,30,31,82,0.11764705882352941,0.1411764705882353,0.4980392156862745,1
129,64,311,8081.5,5931.25,7423.25,319,0.07941647586010357,0.05828608209431904,0.07294788769764449,0.48563788233880173,1.44805908203125,0.07674910309033199,52,37,60,0.39184952978056425,0.18808777429467086,0.335423197492163,1
128,72,605,8450.0,7235.5,13799.5,351,0.06858710562414266,0.05872923109390346,0.11200801941542682,0.5157470703125,1.3957368827160495,0.03770097670924117,30,28,97,0.3190883190883191,0.15954415954415954,0.3504273504273504,1
129,64,265,8117.5,7343.0,10313.75,327,0.07591485939268112,0.06867173545062612,0.09645418922836649,0.4878012138693588,1.792724609375,0.14686721253114987,40,28,81,0.40672782874617736,0.3333333333333333,0.38837920489296635,1
130,74,222,8148.5,7699.5,11817.0,263,0.11780566438722549,0.11131431710737469,0.17084242941201983,0.4821597633136095,1.406044558071585,0.2397735573411249,31,33,92,0.4828897338403042,0.3840304182509506,0.3840304182509506,1
128,64,364,8505.0,6952.5,14224.5,327,0.07953875936368993,0.06501977947984176,0.13302752293577982,0.51910400390625,1.6973876953125,0.10735795797608984,42,22,96,0.44036697247706424,0.28134556574923547,0.3425076452599388,1
129,72,277,7354.5,6780.0,9706.25,311,0.07603829571654552,0.07009853082577723,0.10035307740821538,0.44195060393005225,1.3078703703703705,0.1265004105357818,36,30,79,0.4180064308681672,0.2797427652733119,0.2540192926045016,1
128,72,341,7637.5,7882.0,11943.5,355,0.0606030549494148,0.06254314620115056,0.0947708787938901,0.466156005859375,1.5204475308641976,0.10271239497424343,39,22,85,0.29295774647887324,0.14929577464788732,0.39154929577464787,1
129,72,266,8328.5,7648.0,14058.5,287,0.10111206886085784,0.09285046558778182,0.17067707511321006,0.5004807403401238,1.4753086419753085,0.1986898637571372,35,45,90,0.4634146341463415,0.5296167247386759,0.4634146341463415,1
128,72,221,7424.75,6643.5,6929.25,275,0.09817851239669421,0.08784793388429753,0.09162644628099173,0.4531707763671875,1.2815393518518519,0.14187363076104093,45,32,63,0.46545454545454545,0.17454545454545456,0.3781818181818182,1
130,76,235,7278.5,7092.0,9317.5,247,0.11930207018636595,0.1162451441590585,0.15272336868330902,0.4306804733727811,1.2278393351800554,0.16871887732005433,40,28,79,0.46558704453441296,0.4777327935222672,0.5141700404858299,1
128,53,233,10527.0,6885.0,10177.0,347,0.08742701957494872,0.0571801111212617,0.08452026011344667,0.64251708984375,2.451050195799217,0.18745970638619242,38,30,88,0.42939481268011526,0.2507204610951009,0.37752161383285304,1
128,58,282,8957.0,9230.0,11793.5,339,0.07794049825532322,0.0803160431948904,0.10262267122632068,0.54669189453125,2.743757431629013,0.14830114179367235,6,7,89,0.017699115044247787,0.029498525073746312,0.3864306784660767,1
130,72,582,8124.0,8495.5,13194.5,351,0.06594102320598047,0.06895642080827266,0.10709734498908288,0.48071005917159765,1.638792438271605,0.03895354329778817,36,23,104,0.3504273504273504,0.1111111111111111,0.39316239316239315,1
129,64,364,8562.5,8840.25,11037.25,359,0.06643725607343208,0.06859234487628121,0.08563907790907892,0.5145423952887447,2.15826416015625,0.08330251479289941,45,2,92,0.2618384401114206,0.005571030640668524,0.3565459610027855,1
130,74,363,7442.75,6909.5,8707.75,275,0.09841652892561983,0.09136528925619834,0.11514380165289256,0.4403994082840237,1.2617786705624543,0.06608344906616882,35,29,80,0.3490909090909091,0.2872727272727273,0.4109090909090909,1
38,50,419,7851.0,8160.75,9414.25,263,0.11350460466393905,0.11798276684641965,0.13610504705865345,5.436980609418282,3.2643,0.05362381166660021,40,37,75,0.43346007604562736,0.3916349809885932,0.4144486692015209,1
128,72,451,8079.5,6925.5,8061.5,243,0.1368270419482125,0.11728395061728394,0.13652221036766077,0.493133544921875,1.3359375,0.0396335317918791,32,22,71,0.5185185185185185,0.27983539094650206,0.4897119341563786,1
128,53,278,6623.0,6462.0,9136.5,255,0.10185313341022684,0.09937716262975778,0.14050749711649366,0.40423583984375,2.3004627981488075,0.11821981263909735,34,31,74,0.3843137254901961,0.43137254901960786,0.45098039215686275,1
130,58,312,9849.5,7215.0,9505.5,375,0.07004088888888889,0.05130666666666667,0.06759466666666666,0.582810650887574,2.144768133174792,0.09764854536489152,33,28,81,0.29333333333333333,0.21333333333333335,0.2853333333333333,1
128,53,1204,9042.5,6931.5,8151.0,295,0.1039069232979029,0.07964952599827636,0.09366274059178396,0.551910400390625,2.467604129583482,0.005622868401011026,31,31,68,0.3525423728813559,0.3423728813559322,0.3050847457627119,1
130,68,562,7654.5,6696.0,9619.0,287,0.09292937877113963,0.08129271934829851,0.11677937087982129,0.45292899408284026,1.4480968858131489,0.030454908119198085,28,27,78,0.39372822299651566,0.3797909407665505,0.4564459930313589,1
128,64,251,7973.5,6174.5,8390.0,303,0.08684878388828982,0.06725375507847814,0.09138537616137851,0.486663818359375,1.5074462890625,0.13317248932556627,30,34,78,0.3564356435643564,0.35973597359735976,0.40264026402640263,1
128,53,437,5976.5,6977.0,12814.0,327,0.05589222755286218,0.06524890347800877,0.11983652704130779,0.364776611328125,2.4838020647917407,0.0670998957946054,33,30,88,0.24464831804281345,0.3853211009174312,0.44954128440366975,1
130,53,306,6713.0,6231.0,9927.0,319,0.06596829826750916,0.0612317095940488,0.09755210738888179,0.3972189349112426,2.2182271270914917,0.10601691657054979,33,24,80,0.3667711598746082,0.14106583072100312,0.25391849529780564,1
128,72,277,11311.0,8336.5,11966.75,319,0.11115260266703354,0.08192234746120812,0.11759662346085435,0.69036865234375,1.6081211419753085,0.15596124020904742,30,28,82,0.28213166144200624,0.21316614420062696,0.25705329153605017,1
130,62,472,10395.0,9063.0,15379.5,343,0.08835604212530493,0.07703422893522256,0.1307235930607145,0.6150887573964497,2.357700312174818,0.06903323398448721,41,40,98,0.43731778425655976,0.36151603498542273,0.4606413994169096,1
128,53,356,8369.0,7729.0,8799.0,287,0.10160375869562578,0.09383384525731768,0.10682416928698904,0.51080322265625,2.7515129939480243,0.069427786895594,27,37,74,0.3205574912891986,0.2787456445993031,0.3240418118466899,1
129,53,262,7486.5,8623.0,10946.0,303,0.0815442930431657,0.09392325371150977,0.11922578396453506,0.4498828195420948,3.0697757208971166,0.15946040440533768,36,37,84,0.26732673267326734,0.12211221122112212,0.38283828382838286,1
128,72,308,8003.5,8517.75,9908.5,299,0.08952360711848861,0.09527577991297637,0.11083209360074273,0.488494873046875,1.6430844907407407,0.10444952774498228,38,33,79,0.45819397993311034,0.3712374581939799,0.30434782608695654,1
130,50,271,6884.5,6462.0,10504.0,303,0.07498720169046608,0.07038525634741692,0.11441144114411442,0.40736686390532545,2.5848,0.14302637491319561,26,20,80,0.2145214521452145,0.18151815181518152,0.3432343234323432,1
128,61,270,5321.0,6213.5,6546.0,239,0.09315313107263529,0.10877785753050542,0.11459883405402567,0.32476806640625,1.6698468153722117,0.08979423868312757,34,38,59,0.301255230125523,0.3807531380753138,0.39330543933054396,1
128,72,268,6498.5,8012.0,8279.75,215,0.1405840995132504,0.1733261222282315,0.179118442401298,0.396636962890625,1.5455246913580247,0.11527831922477166,32,36,71,0.34418604651162793,0.33488372093023255,0.5813953488372093,1
128,72,250,7531.5,6452.0,11376.0,279,0.09675492349789956,0.08288691049703883,0.1461440628974448,0.459686279296875,1.2445987654320987,0.182016,32,25,82,0.4336917562724014,0.2831541218637993,0.3010752688172043,1
128,72,282,6555.75,6175.75,8954.5,239,0.11476952434306122,0.10811697974475237,0.15676371211988585,0.4001312255859375,1.191309799382716,0.11260122730244958,29,25,71,0.19665271966527198,0.3723849372384937,0.35564853556485354,1
138,75,223,6010.0,5566.0,8200.0,247,0.09851005589339278,0.0912324411152453,0.134406399055877,0.3155849611426171,0.9895111111111111,0.16489372398399324,24,35,74,0.3117408906882591,0.21862348178137653,0.39271255060728744,1
129,72,265,6633.75,6734.0,5954.25,303,0.07225598797503513,0.07334792885229117,0.06485475280201287,0.3986389039120245,1.2989969135802468,0.08478818084727661,40,33,56,0.2739273927392739,0.27722772277227725,0.33993399339933994,1
139,89,600,6204.0,6497.0,8622.0,263,0.089693359742081,0.09392936141913284,0.12465121658546459,0.32110139226748097,0.8202247191011236,0.02395,38,19,67,0.44866920152091255,0.07224334600760456,0.2623574144486692,1
127,72,281,6767.75,6198.25,8573.25,295,0.07776788279230107,0.0712237862683137,0.0985147945992531,0.4196013392026784,1.1956500771604939,0.10857575258672003,37,27,73,0.3559322033898305,0.288135593220339,0.3288135593220339,1
138,72,280,6932.0,6327.5,7405.5,247,0.1136225802750414,0.10371420610073924,0.12138373026930453,0.3639991598403697,1.220582561728395,0.09445790816326531,23,31,62,0.3117408906882591,0.23481781376518218,0.46558704453441296,1
128,64,304,6935.0,6503.5,10036.25,271,0.09442954208139867,0.08855407742269304,0.13665731675766943,0.42327880859375,1.5877685546875,0.1085986192867036,42,33,77,0.4022140221402214,0.2915129151291513,0.4132841328413284,1
142,51,476,6988.25,7462.0,11568.25,275,0.09240661157024793,0.09867107438016529,0.15296859504132232,0.3465706209085499,2.8688965782391387,0.051056819786738226,27,34,86,0.38181818181818183,0.3054545454545455,0.4727272727272727,1
130,67,482,8950.5,8438.5,13555.5,311,0.09253936580473733,0.0872457894355931,0.14015053607799755,0.5296153846153846,1.8798173312541768,0.0583473941564367,33,39,97,0.3890675241157556,0.29260450160771706,0.3183279742765273,1
129,53,169,4911.5,6105.5,9760.0,271,0.06687681267956591,0.08313476123691126,0.13289579390258846,0.2951445225647497,2.173549305802777,0.3417247295262771,18,35,75,0.06642066420664207,0.4095940959409594,0.2988929889298893,1
128,51,399,8019.75,7736.25,14090.25,287,0.09736369265136155,0.09392186380798602,0.17106253566268864,0.4894866943359375,2.974336793540946,0.08850603953492754,32,34,94,0.4146341463414634,0.39372822299651566,0.5017421602787456,1
128,72,151,8672.0,8585.5,10737.5,303,0.0944569704495202,0.09351479702425688,0.11695476478340903,0.529296875,1.656153549382716,0.4709223279680716,35,37,84,0.297029702970297,0.38943894389438943,0.37293729372937295,1
137,72,476,8003.25,7440.75,13819.5,295,0.09196495259982763,0.08550129273197357,0.15879919563343867,0.42640790665459,1.4353298611111112,0.060992779464727066,36,33,101,0.2745762711864407,0.27796610169491526,0.376271186440678,1
128,72,311,7245.75,6536.5,13490.25,283,0.0904712257613405,0.08161545280875027,0.16844073468266554,0.4422454833984375,1.2608989197530864,0.13947591526142203,32,32,91,0.24381625441696114,0.27208480565371024,0.3498233215547703,1
137,75,589,7489.5,7046.0,8932.5,255,0.11517877739331027,0.10835832372164553,0.13737024221453287,0.3990356438808674,1.2526222222222223,0.025747936850176265,30,26,66,0.3843137254901961,0.34901960784313724,0.4745098039215686,1
128,72,245,10861.0,7108.0,12936.5,255,0.16702806612841214,0.1093118031526336,0.19894655901576316,0.66290283203125,1.371141975308642,0.21551853394418993,37,33,92,0.6078431372549019,0.20784313725490197,0.43529411764705883,1
140,106,322,9979.25,9172.25,14526.5,375,0.07096355555555556,0.06522488888888889,0.10329955555555556,0.5091454081632653,0.8163269846920612,0.14010358396666794,25,26,99,0.25066666666666665,0.184,0.2693333333333333,1
128,72,184,11831.25,8064.25,16708.75,319,0.11626507208065959,0.07924696101649945,0.16419600829394365,0.7221221923828125,1.5556037808641976,0.4935240430056711,41,33,112,0.3605015673981191,0.27586206896551724,0.3510971786833856,1
138,75,472,11894.0,10530.0,23962.5,335,0.10598351525952328,0.09382936065938961,0.2135219425261751,0.6245536651963873,1.872,0.10755933998850904,50,47,136,0.1582089552238806,0.41194029850746267,0.5761194029850746,1
137,64,331,7355.5,8484.0,14946.5,279,0.09449390424069577,0.10899140555748256,0.19201320640793412,0.3918962118386701,2.0712890625,0.13642171940745337,27,28,103,0.34767025089605735,0.2078853046594982,0.4910394265232975,1
135,88,519,10114.5,8032.0,13729.0,299,0.11313631838570039,0.08984239549893178,0.15356651491594053,0.5549794238683128,1.037190082644628,0.05096877424719985,38,28,96,0.451505016722408,0.24414715719063546,0.35451505016722407,1
128,72,228,9350.5,7494.25,11351.75,271,0.1273198894350567,0.10204449830476164,0.15456965455263408,0.570709228515625,1.4456500771604939,0.21837007540781778,48,33,83,0.3025830258302583,0.23985239852398524,0.5535055350553506,1
128,72,474,9673.5,6672.25,14993.0,359,0.07505761128482864,0.05177062561587821,0.11633212032805457,0.590423583984375,1.287085262345679,0.06673164913030319,37,21,95,0.36768802228412256,0.11420612813370473,0.43454038997214484,1
129,71,255,7413.0,6301.25,9614.5,259,0.11050819158927266,0.09393494432104471,0.1433267244078055,0.4454660176672075,1.25,0.14785851595540178,22,32,71,0.16216216216216217,0.4247104247104247,0.44015444015444016,1
129,60,447,7551.0,6492.0,8687.5,295,0.08676817006607297,0.07459925308819305,0.09982763573685723,0.45375878853434287,1.8033333333333332,0.043479022466455464,31,18,65,0.17627118644067796,0.12203389830508475,0.26440677966101694,1
130,76,202,8161.5,5586.25,17927.75,339,0.0710183517372804,0.04860947955552075,0.15600064392060634,0.48292899408284023,0.9671485457063712,0.4393625624938732,29,24,104,0.2831858407079646,0.12389380530973451,0.4896755162241888,1
128,72,241,9474.75,6663.0,19622.75,289,0.11344152967517152,0.07977634367404605,0.2349439063229607,0.5782928466796875,1.2853009259259258,0.3378514488386908,26,39,107,0.2491349480968858,0.4602076124567474,0.5190311418685121,1
128,72,211,7717.5,5557.0,12868.0,271,0.1050843534265601,0.0756661810160537,0.17521547909206028,0.471038818359375,1.0719521604938271,0.28903214213517214,28,25,85,0.41697416974169743,0.2029520295202952,0.4944649446494465,1
128,71,208,14497.5,10834.0,29902.0,331,0.1323235457872783,0.09888555234070517,0.2729255848340194,0.884857177734375,2.1491767506447133,0.6911519970414202,45,42,144,0.3595166163141994,0.2990936555891239,0.6797583081570997,1
129,53,267,12633.5,9870.5,27099.0,383,0.08612438560491925,0.06728861741507543,0.1847377785655366,0.7591791358692386,3.5138839444642223,0.38012877161974495,50,47,136,0.3133159268929504,0.2898172323759791,0.3733681462140992,1
130,74,137,16731.5,10028.25,23029.5,351,0.13580652754441927,0.08139747242311345,0.18692624248179804,0.9900295857988166,1.831309349890431,1.2269966434013533,53,38,124,0.4301994301994302,0.3903133903133903,0.5242165242165242,1
129,72,175,16548.5,13619.0,35427.75,495,0.06753800632588511,0.05558208346087134,0.14458830731558003,0.9944414398173187,2.627121913580247,1.1568244897959183,50,52,157,0.3474747474747475,0.19595959595959597,0.37575757575757573,1
128,72,231,13859.0,12224.0,28469.0,391,0.0906522066182194,0.0799576140920062,0.18621673065979422,0.84588623046875,2.3580246913580245,0.5335169880624426,54,51,133,0.3657289002557545,0.45524296675191817,0.45524296675191817,1
127,53,153,12084.5,9161.5,23534.5,379,0.0841298793519956,0.06378053619788222,0.16384249622322317,0.7492404984809969,3.2614809540761835,1.005361185868683,38,35,127,0.33509234828496043,0.24538258575197888,0.39050131926121373,1
129,71,191,11807.75,10320.25,24589.5,335,0.10521496992648696,0.09196034751615059,0.21910893294720427,0.7095577188870861,2.0472624479269985,0.6740357994572517,40,40,127,0.4298507462686567,0.4059701492537313,0.45671641791044776,1
128,72,354,11553.5,10843.0,22731.0,315,0.1164373897707231,0.10927689594356262,0.2290854119425548,0.705169677734375,2.091628086419753,0.1813894474767787,46,46,126,0.346031746031746,0.49206349206349204,0.4984126984126984,1
130,74,240,11515.5,9787.0,22197.5,319,0.11316221342164483,0.09617633474513812,0.21813366613928714,0.6813905325443786,1.7872534696859022,0.3853732638888889,46,42,126,0.14420062695924765,0.3072100313479624,0.5956112852664577,1
128,72,151,8518.0,8184.0,14177.5,359,0.06609197631924023,0.06350043838890139,0.11000457786640389,0.5198974609375,1.5787037037037037,0.6217929038200078,32,29,101,0.3983286908077994,0.2785515320334262,0.3871866295264624,1
129,64,169,10162.0,8857.0,13637.25,351,0.08248309672811098,0.07189065023822859,0.11069106581927095,0.610660417042245,2.162353515625,0.47747802948076046,33,30,101,0.32193732193732194,0.20797720797720798,0.3162393162393162,1
129,72,275,9565.5,8191.5,14945.5,319,0.09399966588378653,0.08049744008018789,0.14686864319336485,0.574815215431765,1.580150462962963,0.19762644628099174,38,35,106,0.4231974921630094,0.21316614420062696,0.4200626959247649,1
128,72,288,7725.75,7683.0,12532.75,307,0.08197169200734225,0.08151810629290497,0.13297488567517957,0.4715423583984375,1.4820601851851851,0.15109893422067902,39,37,85,0.2931596091205212,0.3517915309446254,0.5179153094462541,1
130,74,259,8750.5,7405.0,12915.5,287,0.10623535553424225,0.0899003265791742,0.1568004953319817,0.5177810650887574,1.352264426588751,0.19253588944708636,31,31,95,0.3310104529616725,0.33797909407665505,0.3832752613240418,1
128,72,205,8959.5,8366.5,16386.0,299,0.10021699980984553,0.09358396438518585,0.18328654041901096,0.546844482421875,1.6139081790123457,0.3899107674003569,30,41,106,0.29431438127090304,0.42474916387959866,0.5183946488294314,1
128,72,317,7874.0,6263.0,15141.0,287,0.09559421627068436,0.07603588728769319,0.18381915526472337,0.4805908203125,1.2081404320987654,0.15067320801281733,42,35,100,0.24738675958188153,0.397212543554007,0.49477351916376305,1
128,50,256,11549.0,10528.25,25166.25,303,0.12579376749556143,0.11467557646853795,0.27411528281541025,0.70489501953125,4.2113,0.3840065002441406,51,50,141,0.6204620462046204,0.5478547854785478,0.6864686468646864,1
129,53,245,13909.5,10203.75,28621.5,287,0.16886814214085397,0.12387852225958795,0.34747902730396146,0.8358572201189832,3.6325204699181204,0.47682632236568095,60,54,151,0.6236933797909407,0.34494773519163763,0.686411149825784,1
128,50,561,12843.5,13214.5,28251.0,335,0.11444419692581867,0.1177500556916908,0.2517353530853197,0.783905029296875,5.2858,0.08976522062398123,60,60,153,0.41492537313432837,0.1791044776119403,0.5582089552238806,1
128,67,283,12912.5,10552.5,25618.0,315,0.13013353489543966,0.10634920634920635,0.2581809019904258,0.788116455078125,2.3507462686567164,0.3198691455755472,56,54,148,0.5111111111111111,0.18412698412698414,0.6031746031746031,1
127,70,167,12875.5,12016.5,29958.0,323,0.1234124740005176,0.11517890519414545,0.28714930652071813,0.7982825965651932,2.45234693877551,1.0741869554304564,53,53,158,0.5758513931888545,0.44272445820433437,0.6006191950464397,1
128,72,166,11129.5,10460.0,26134.0,295,0.127888537776501,0.12019534616489515,0.3003045101982189,0.679290771484375,2.017746913580247,0.9483959936130062,43,43,146,0.5084745762711864,0.5288135593220339,0.6847457627118644,1
130,72,362,9138.0,7744.0,16167.5,283,0.11409806590168438,0.0966924296719899,0.2018691705477656,0.5407100591715976,1.4938271604938271,0.12337459174017887,41,38,110,0.49469964664310956,0.49469964664310956,0.49469964664310956,1
128,72,180,9415.0,6668.0,14609.0,319,0.09252071029176206,0.06552608563202013,0.14356187537465237,0.57464599609375,1.2862654320987654,0.45089506172839505,40,29,105,0.2727272727272727,0.219435736677116,0.5454545454545454,1
130,74,260,8095.5,6988.5,11770.0,283,0.10108129705702407,0.08725917416873728,0.14696150532532556,0.47902366863905327,1.2762052593133675,0.17411242603550295,34,31,89,0.47703180212014135,0.10954063604240283,0.4204946996466431,1
130,83,168,11038.5,10233.5,16424.0,303,0.12023331045975885,0.11146510690673028,0.17889313683843633,0.6531656804733728,1.485484105095079,0.5819160997732427,42,46,98,0.35973597359735976,0.36303630363036304,0.6633663366336634,1
143,81,352,9260.0,7009.0,10841.0,251,0.14698179393977873,0.1112522023459945,0.1720766337042269,0.45283387940730596,1.0682822740435909,0.08749515754132231,31,31,82,0.35856573705179284,0.12350597609561753,0.5537848605577689,1
135,83,330,11839.5,9860.0,20612.5,391,0.07744258606367044,0.0644946069164906,0.13482708773490493,0.6496296296296297,1.4312672376251996,0.1892791551882461,42,36,126,0.289002557544757,0.30179028132992325,0.37084398976982097,1
128,72,139,11172.5,8988.5,21073.5,335,0.09955446647360214,0.08009356204054355,0.18777901537090666,0.681915283203125,1.7338927469135803,1.090704414885358,55,49,131,0.5134328358208955,0.43283582089552236,0.5014925373134328,1
40,67,379,10899.0,8455.0,18725.0,271,0.14840484198199916,0.1151264280170477,0.25496657180593946,6.811875,1.8834929828469593,0.13035971623700754,44,39,121,0.5719557195571956,0.5129151291512916,0.6642066420664207,1
128,64,308,9223.75,10183.75,20726.0,277,0.12021204498950853,0.13272361167224908,0.2701195115275841,0.5629730224609375,2.48626708984375,0.2184811941305448,48,50,129,0.27075812274368233,0.26353790613718414,0.49458483754512633,1
129,64,233,9493.0,9716.5,24676.5,351,0.07705294599881495,0.07886705465053043,0.20029464046558063,0.5704585060993931,2.3721923828125,0.45453959365617347,49,46,138,0.3475783475783476,0.3162393162393162,0.5612535612535613,1
128,53,392,10497.5,9737.75,20896.5,303,0.11434064198499058,0.10606530950124715,0.2276084044047969,0.640716552734375,3.466625133499466,0.13598826009995835,56,53,130,0.46204620462046203,0.3234323432343234,0.5511551155115512,1
38,72,315,10625.5,8466.5,13142.0,263,0.15361650450346254,0.1224030996544695,0.18999840969220316,7.358379501385041,1.6331983024691359,0.13244646006550767,30,1,101,0.11406844106463879,0.0038022813688212928,0.39543726235741444,1
129,53,342,11813.5,9403.75,21402.75,319,0.1160906437633278,0.09241015713288982,0.21032369964917796,0.70990325100655,3.3477216091135635,0.18298579049964092,46,42,133,0.34796238244514105,0.14420062695924765,0.5517241379310345,1
130,75,313,6998.0,6933.0,14303.5,315,0.07052658100277148,0.06987150415721845,0.14415217939027464,0.4140828402366864,1.2325333333333333,0.14600026539007238,37,35,104,0.24126984126984127,0.3111111111111111,0.4507936507936508,1
130,72,241,10891.0,8613.75,15487.5,247,0.1785146453801898,0.1411881853497025,0.2538559884607189,0.6444378698224852,1.6616030092592593,0.2666534667102839,39,38,110,0.4898785425101215,0.5789473684210527,0.44534412955465585,1
38,53,220,10551.75,10465.0,16393.0,327,0.09867996521056027,0.09786867921705057,0.15330733477354133,7.307306094182826,3.7255250978996086,0.338698347107438,47,43,118,0.3241590214067278,0.3241590214067278,0.4617737003058104,1
128,64,544,11729.0,8267.5,16941.5,279,0.15067894811217739,0.1062100949371154,0.21764237355635205,0.71588134765625,2.0184326171875,0.05724717506487889,37,36,114,0.5089605734767025,0.4659498207885305,0.5627240143369175,1
127,58,430,12507.0,11528.0,18866.0,375,0.08893866666666667,0.08197688888888889,0.13415822222222223,0.7754355508711017,3.426872770511296,0.10203353163872364,50,44,119,0.4053333333333333,0.2826666666666667,0.528,1
130,61,287,13600.5,10301.0,20031.5,367,0.10097706568465131,0.07647989071119393,0.14872409773626652,0.8047633136094674,2.7683418435904326,0.2431922203741699,58,39,127,0.46321525885558584,0.2670299727520436,0.44959128065395093,1
130,72,288,9127.25,6944.5,14062.75,255,0.14036524413687043,0.10679738562091504,0.21626682045367165,0.5400739644970414,1.3396026234567902,0.16954511477623457,30,31,106,0.21568627450980393,0.2549019607843137,0.4392156862745098,1
128,53,168,8612.5,7719.75,15594.0,239,0.1507764219814079,0.1351473188494599,0.27299942227902174,0.525665283203125,2.7482200071199716,0.5525085034013606,43,44,111,0.45188284518828453,0.6192468619246861,0.5690376569037657,1
129,64,315,9806.5,8760.0,18005.0,287,0.11905571270745062,0.10635069018684214,0.21858951790115214,0.5892975181779941,2.138671875,0.181456286218191,47,43,122,0.5574912891986062,0.3205574912891986,0.5017421602787456,1
128,72,388,10305.5,8536.5,16081.0,231,0.19312793988118662,0.15997638724911453,0.3013624182455351,0.628997802734375,1.6467013888888888,0.10681926878520566,37,35,109,0.37662337662337664,0.5454545454545454,0.6363636363636364,1
128,64,216,8134.25,7892.5,15599.0,271,0.11075897659345597,0.10746721858362496,0.21240179191459813,0.4964752197265625,1.9268798828125,0.33434070644718794,43,43,114,0.2915129151291513,0.5571955719557196,0.5645756457564576,1
130,76,231,10493.75,10300.25,19617.0,295,0.12058316575696638,0.11835966676242458,0.22541798333812124,0.6209319526627219,1.7832842797783934,0.3676280429527183,47,47,128,0.3728813559322034,0.49491525423728816,0.6203389830508474,1
136,75,891,8589.5,11309.0,18157.5,327,0.08032900335736798,0.10576176715390587,0.1698089386415285,0.46439770761245674,2.0104888888888888,0.02287181580110873,45,44,122,0.3394495412844037,0.37920489296636084,0.5076452599388379,1
129,75,247,8736.0,10549.0,21539.0,271,0.11895262864067756,0.14363911166786944,0.29328304353154233,0.5249684514151793,1.8753777777777778,0.35304627186152865,49,46,134,0.33579335793357934,0.47232472324723246,0.5977859778597786,1
128,64,344,10887.5,9744.5,17872.0,347,0.09042098182029583,0.08092833592173343,0.14842744313132739,0.664520263671875,2.3790283203125,0.15102758247701462,36,36,123,0.4207492795389049,0.3285302593659942,0.4697406340057637,1
134,73,472,9680.25,8400.75,17049.5,291,0.11431430899493393,0.09920466220285543,0.20133796247092028,0.5391094898641122,1.576421467442297,0.07652928397012353,45,42,119,0.3848797250859107,0.3333333333333333,0.41237113402061853,1
151,82,861,8608.0,8380.75,14302.0,311,0.08899825270623753,0.08664871124161247,0.14786861178027522,0.37752730143414764,1.246393515764426,0.019292587151854595,27,37,108,0.24437299035369775,0.19935691318327975,0.3729903536977492,1
129,72,359,8928.0,8259.5,19471.75,299,0.09986465475777676,0.09238710976387289,0.21780237357523966,0.5365062195781504,1.5932677469135803,0.15108316974573444,46,30,121,0.31438127090301005,0.32441471571906355,0.5852842809364549,1
153,82,352,7707.5,6692.5,14945.5,287,0.09357282472774951,0.08125022763418276,0.1814456895191152,0.3292537058396343,0.9953152885187388,0.12062161027892562,30,35,104,0.3588850174216028,0.12195121951219512,0.5087108013937283,1
141,85,372,11004.5,9381.5,14123.0,311,0.1137757053793902,0.0969954818498568,0.14601792785434395,0.553518434686384,1.2984775086505191,0.10205659613828189,44,43,108,0.5080385852090032,0.3440514469453376,0.5080385852090032,1
128,72,418,12871.5,10461.5,20090.5,343,0.10940594480191076,0.08892128279883382,0.17076643235386615,0.785614013671875,2.018036265432099,0.11498420365834115,49,46,128,0.4489795918367347,0.3177842565597668,0.4314868804664723,1
135,83,460,8518.5,8715.5,16720.0,287,0.10341876191285557,0.10581043839308478,0.20298898857579914,0.4674074074074074,1.26513282043838,0.07901701323251417,17,30,116,0.059233449477351915,0.25435540069686413,0.5749128919860628,1
131,83,387,9460.0,8478.5,15340.0,287,0.11484903300999162,0.1029331423229613,0.18623511272444732,0.5512499271604219,1.2307301495137175,0.10242440024304095,42,41,108,0.40418118466898956,0.445993031358885,0.5261324041811847,1
129,53,372,7015.0,7525.0,10394.5,283,0.08759005606263032,0.09395797175642098,0.12978686211589607,0.42154918574604894,2.678889284442862,0.07511345242224535,38,25,82,0.38162544169611307,0.24028268551236748,0.36042402826855124,1
