SrcIPF0,DstIPF0,DstPortF0,SrcIPF2,DstIPF2,DstPortF2,Events_F1,SrcIP_BurstIndex,DstIP_BurstIndex,DstPort_BurstIndex,SrcIP_Concentration,DstIP_Concentration,DstPort_Concentration,SrcIP_MaxCount,DstIP_MaxCount,DstPort_MaxCount,SrcIP_FractionOfMass,DstIP_FractionOfMass,DstPort_FractionOfMass,Attack
19,24,18,591.0,811.0,5063.0,99,0.060299969390878484,0.08274665850423427,0.516579940822365,1.6371191135734071,1.4079861111111112,15.626543209876543,14,12,67,0.42424242424242425,0.3434343434343434,0.8787878787878788,1
18,24,12,441.5,728.0,5016.5,105,0.0400453514739229,0.06603174603174604,0.45501133786848075,1.3626543209876543,1.2638888888888888,34.83680555555556,12,0,65,0.2857142857142857,0.0,0.8,1
20,18,28,15116.0,21546.0,102241.0,543,0.05126691967752985,0.07307469246970483,0.3467571536617048,37.79,66.5,130.4094387755102,72,66,299,0.4567219152854512,0.3664825046040516,0.850828729281768,0
17,21,232,53109.0,64796.0,205304.0,831,0.07690703645297084,0.0938309577285714,0.29730031090663966,183.7681660899654,146.9297052154195,3.81435790725327,98,98,425,0.30685920577617326,0.3249097472924188,0.7545126353790613,0
17,22,75,9316.0,13189.5,32830.0,439,0.04833930915676029,0.06843831237903497,0.17034988402924434,32.23529411764706,27.251033057851238,5.836444444444444,58,70,158,0.13895216400911162,0.16173120728929385,0.6583143507972665,0
20,22,87,3651.0,2923.0,5049.0,267,0.05121407229726886,0.0410021181388433,0.07082439085973993,9.1275,6.039256198347108,0.667063020214031,33,39,50,0.3782771535580524,0.4681647940074906,0.23220973782771537,0
18,24,113,5632.0,5311.5,4781.0,287,0.0683752382571113,0.06448421129308356,0.05804368148211099,17.382716049382715,9.221354166666666,0.37442242932101183,39,45,49,0.49477351916376305,0.4146341463414634,0.24390243902439024,0
19,22,107,3440.0,5263.5,6151.5,295,0.039528871014076414,0.06048261993679977,0.07068658431485206,9.529085872576177,10.875,0.5372958336972662,40,34,43,0.3694915254237288,0.21694915254237288,0.14915254237288136,0
19,21,86,3898.5,4530.0,4470.0,255,0.059953863898500576,0.06966551326412918,0.06874279123414072,10.799168975069252,10.272108843537415,0.604380746349378,35,30,48,0.44313725490196076,0.19215686274509805,0.403921568627451,0
15,19,75,4312.0,5324.0,5322.0,263,0.06234006563633998,0.07697089736731773,0.07694198268010236,19.164444444444445,14.74792243767313,0.9461333333333334,36,39,47,0.3916349809885932,0.33840304182509506,0.4714828897338403,0
17,20,93,3615.0,5037.0,4949.0,259,0.0538900731950925,0.07508832605357701,0.07377647918188458,12.508650519031141,12.5925,0.5722048791767834,40,38,48,0.3861003861003861,0.49034749034749037,0.21235521235521235,0
20,28,118,4819.0,5950.0,5213.0,215,0.10425094645754462,0.12871822606814495,0.11277447268793943,12.0475,7.589285714285714,0.3743895432347027,48,36,33,0.6186046511627907,0.641860465116279,0.3674418604651163,1
18,22,140,3977.5,5773.5,4232.0,243,0.06735931175803146,0.09777472946197226,0.07166929160527698,12.276234567901234,11.928719008264462,0.21591836734693878,36,35,20,0.5308641975308642,0.38271604938271603,0.20987654320987653,0
19,19,130,4249.5,3960.5,3786.5,279,0.05459205303117894,0.05087935663724772,0.04864403078069398,11.771468144044322,10.970914127423823,0.22405325443786983,39,28,25,0.3333333333333333,0.2724014336917563,0.08960573476702509,0
19,23,91,2091.5,4651.0,5101.0,215,0.045246078961600864,0.10061654948620877,0.11035154137371553,5.793628808864266,8.792060491493384,0.6159884071971984,19,19,46,0.16279069767441862,0.2372093023255814,0.40930232558139534,1
17,20,71,5201.0,5044.5,9863.5,295,0.05976443550703821,0.057966101694915256,0.1133409939672508,17.996539792387544,12.61125,1.9566554255108113,49,15,70,0.46779661016949153,0.0711864406779661,0.5152542372881356,0
20,22,104,3582.5,2693.5,3873.0,215,0.0775013520822066,0.058269334775554356,0.08378583017847485,8.95625,5.565082644628099,0.35808062130177515,40,31,37,0.4558139534883721,0.3953488372093023,0.17209302325581396,1
18,29,108,5222.5,4725.0,5367.0,207,0.12188149081658849,0.11027095148078135,0.1252537982216621,16.118827160493826,5.618311533888228,0.4601337448559671,43,34,46,0.5120772946859904,0.5362318840579711,0.41545893719806765,1
15,18,85,3269.0,4210.0,3965.0,259,0.048732129813210893,0.0627599469298311,0.059107645980232854,14.528888888888888,12.993827160493828,0.5487889273356401,38,33,43,0.36293436293436293,0.39768339768339767,0.2972972972972973,0
20,21,86,2630.0,4679.0,4323.0,207,0.06137832854909099,0.10919741417535998,0.100889168942099,6.575,10.609977324263038,0.5845051379123851,38,29,48,0.3961352657004831,0.5748792270531401,0.48792270531400966,1
18,22,87,4857.0,3482.0,4442.0,267,0.06813112822455077,0.04884344008192007,0.06230975325786587,14.99074074074074,7.194214876033058,0.5868674857973312,42,40,32,0.40823970037453183,0.3782771535580524,0.31835205992509363,0
19,23,103,4278.0,4612.0,5287.0,311,0.044230311928123156,0.0476835433876821,0.05466237942122187,11.850415512465373,8.718336483931948,0.49835045715901594,30,25,44,0.2958199356913183,0.21543408360128619,0.2508038585209003,1
17,14,78,4231.5,6983.5,5981.5,279,0.05436081242532855,0.08971493171978777,0.07684253799411621,14.641868512110726,35.630102040816325,0.9831525312294543,42,31,49,0.33691756272401435,0.33691756272401435,0.34050179211469533,1
18,24,71,3597.0,7715.0,3721.0,243,0.06091551084692374,0.13065420244203965,0.0630154617351691,11.101851851851851,13.394097222222221,0.7381471930172585,21,28,37,0.08641975308641975,0.19753086419753085,0.4074074074074074,1
17,22,60,3261.0,4587.0,4439.0,211,0.07324633319107837,0.10303003077199524,0.09970575683385369,11.283737024221454,9.477272727272727,1.2330555555555556,52,28,46,0.24644549763033174,0.4549763033175355,0.4028436018957346,1
18,28,94,2790.0,4511.0,3662.0,203,0.06770365696813803,0.10946637870368124,0.08886408308864568,8.61111111111111,5.753826530612245,0.414440923494794,32,29,32,0.26108374384236455,0.26108374384236455,0.2315270935960591,1
19,25,96,4114.0,5738.0,4084.0,295,0.04727377190462511,0.06593507612754955,0.04692904337833956,11.39612188365651,9.1808,0.4431423611111111,29,35,44,0.38305084745762713,0.3389830508474576,0.25084745762711863,1
20,21,76,2134.5,3278.0,3693.5,227,0.0414232762133944,0.06361466358749442,0.07167808418560423,5.33625,7.433106575963719,0.6394563711911357,30,24,34,0.4713656387665198,0.28634361233480177,0.14977973568281938,1
18,20,75,3763.0,4458.0,4832.0,231,0.07051966792226533,0.08354416146623939,0.09055302561796068,11.614197530864198,11.145,0.8590222222222222,32,36,46,0.3939393939393939,0.5541125541125541,0.4935064935064935,0
17,18,93,3336.5,4619.0,3282.0,263,0.04823692694704275,0.06677847012389944,0.04744900172042389,11.544982698961938,14.256172839506172,0.37946583420048563,44,40,39,0.44106463878326996,0.4372623574144487,0.3916349809885932,0
17,19,89,2636.0,5778.0,3482.0,231,0.04939937407469875,0.10828132906054984,0.06525364966923408,9.121107266435986,16.005540166204987,0.43959096073728066,29,35,0,0.48917748917748916,0.48917748917748916,0.0,0
19,26,100,5488.0,3375.0,4645.5,295,0.06306233840850331,0.03878195920712439,0.053381212295317435,15.202216066481995,4.992603550295858,0.46455,40,31,36,0.30847457627118646,0.29152542372881357,0.3525423728813559,1
20,24,101,3829.5,6436.0,4339.5,219,0.07984612497654345,0.13419236462959488,0.09047976480890724,9.57375,11.17361111111111,0.42539947064013334,34,26,36,0.4931506849315068,0.54337899543379,0.365296803652968,1
17,26,102,5556.0,7198.0,4709.0,215,0.12019469983775014,0.15571660356949701,0.10187128177393186,19.224913494809687,10.64792899408284,0.4526143790849673,44,26,30,0.5209302325581395,0.3395348837209302,0.15813953488372093,1
17,22,77,4053.0,3208.5,4968.5,279,0.05206767641731221,0.04121863799283154,0.06382883056486942,14.024221453287197,6.6291322314049586,0.8379996626749874,28,34,47,0.36200716845878134,0.3727598566308244,0.23297491039426524,1
17,22,95,3818.0,2760.0,4757.0,271,0.05198730954099209,0.03758118761999428,0.06477308315518579,13.211072664359861,5.702479338842975,0.5270914127423822,26,27,48,0.3800738007380074,0.14022140221402213,0.36162361623616235,1
18,21,67,3817.5,3880.0,4244.0,255,0.05870818915801615,0.05966935793925413,0.06526720492118417,11.782407407407407,8.798185941043084,0.9454221430162619,28,25,41,0.3686274509803922,0.35294117647058826,0.39215686274509803,1
18,25,76,3597.5,3021.0,4539.5,227,0.06981505559975935,0.05862718081080556,0.08809602359836209,11.103395061728396,4.8336,0.785924515235457,40,28,41,0.5286343612334802,0.42290748898678415,0.43612334801762115,1
20,25,99,4226.0,5531.0,4309.0,279,0.05429015557354094,0.07105509949769402,0.055356431700517725,10.565,8.8496,0.4396490154065912,41,28,28,0.21863799283154123,0.45878136200716846,0.3225806451612903,1
19,22,87,3102.0,4368.0,4049.0,271,0.04223798695551531,0.05947631432033878,0.055132691548317694,8.592797783933518,9.024793388429751,0.5349451710926146,27,31,43,0.24723247232472326,0.22878228782287824,0.15867158671586715,1
17,19,85,5262.0,5214.0,4161.0,263,0.07607454206364123,0.07538058957047232,0.060157006751579464,18.207612456747405,14.443213296398891,0.575916955017301,42,33,46,0.3269961977186312,0.28517110266159695,0.25475285171102663,1
17,21,112,2952.0,6162.5,4740.0,247,0.04838630366011572,0.10100968709534659,0.07769345506400695,10.214532871972319,13.973922902494332,0.3778698979591837,31,36,46,0.44129554655870445,0.4089068825910931,0.291497975708502,1
19,17,102,3854.0,5370.0,4323.0,239,0.06747080758390084,0.0940109591918909,0.07568144815391888,10.67590027700831,18.581314878892734,0.4155132641291811,38,25,35,0.37656903765690375,0.20920502092050208,0.3472803347280335,1
20,23,97,2740.5,2380.0,3360.5,227,0.0531836441615401,0.046187583690737256,0.06521570377845486,6.85125,4.499054820415879,0.3571580401743012,22,0,30,0.3392070484581498,0.0,0.31718061674008813,1
19,30,83,3291.0,4157.0,5108.0,235,0.059592575826165686,0.07527387958352195,0.09249434133091897,9.11634349030471,4.618888888888889,0.741471911743359,29,33,42,0.32340425531914896,0.33617021276595743,0.3829787234042553,1
17,23,103,4562.5,4693.0,6730.0,283,0.056967873241019366,0.058597310492077566,0.08403151493962967,15.78719723183391,8.871455576559546,0.6343670468470167,47,22,28,0.3498233215547703,0.1413427561837456,0.19081272084805653,1
17,22,102,4360.0,6203.0,7114.0,267,0.061159505674087164,0.08701202148999145,0.09979099159758167,15.086505190311419,12.816115702479339,0.6837754709727029,32,39,43,0.4307116104868914,0.3258426966292135,0.3970037453183521,1
18,21,72,2412.0,6519.0,5186.0,279,0.030986241183951903,0.08374763941881527,0.06662298788556159,7.444444444444445,14.782312925170068,1.0003858024691359,30,32,44,0.4659498207885305,0.3835125448028674,0.4121863799283154,1
18,19,79,9151.5,5756.5,10487.5,259,0.13642462098060554,0.08581416496474412,0.156340841669027,28.24537037037037,15.945983379501385,1.6804198045185066,45,51,68,0.3667953667953668,0.583011583011583,0.6216216216216216,1
20,23,84,7888.0,7700.0,9535.0,323,0.07560697409157568,0.07380498231555943,0.0913935722569947,19.72,14.555765595463138,1.3513321995464853,50,13,68,0.28792569659442724,0.04024767801857585,0.43034055727554177,1
19,29,93,3847.0,3638.0,5848.5,287,0.046704464058080104,0.044167101700882616,0.07100365428741395,10.65650969529086,4.325802615933412,0.6762053416579952,43,39,39,0.519163763066202,0.4808362369337979,0.36585365853658536,1
17,24,71,3985.5,5426.0,6359.5,363,0.030246112515083214,0.041178122320120816,0.04826248965993519,13.790657439446367,9.42013888888889,1.2615552469748066,33,31,48,0.16804407713498623,0.2231404958677686,0.43526170798898073,1
17,21,90,7752.5,11055.0,8112.5,303,0.08444161247807949,0.12041303140215012,0.08836279667570718,26.825259515570934,25.068027210884352,1.001543209876543,77,45,67,0.5742574257425742,0.28052805280528054,0.3927392739273927,1
19,30,75,7283.0,6166.0,8523.0,351,0.05911477991250071,0.05004829506254008,0.06917963328219738,20.174515235457065,6.851111111111111,1.5152,44,38,60,0.4074074074074074,0.28205128205128205,0.49572649572649574,1
20,26,72,5584.0,8127.0,9467.0,367,0.041458470996146676,0.06033900318511534,0.07028784830238549,13.96,12.022189349112425,1.826195987654321,61,35,60,0.3923705722070845,0.21798365122615804,0.45776566757493187,1
18,25,77,5217.0,6690.5,5568.5,267,0.07318099566553045,0.09385038364965143,0.07811163012526477,16.10185185185185,10.7048,0.9391971664698937,44,0,41,0.2883895131086142,0.0,0.3258426966292135,1
19,24,63,6816.0,4072.0,11714.0,335,0.06073513031855647,0.036284250389841836,0.10437959456449097,18.8808864265928,7.069444444444445,2.9513731418493325,48,19,66,0.3582089552238806,0.056716417910447764,0.417910447761194,1
17,19,90,4837.0,7071.0,9733.0,303,0.05268546656645862,0.07701859294840376,0.10601357165419512,16.737024221453286,19.587257617728532,1.201604938271605,44,41,66,0.49174917491749176,0.25742574257425743,0.5643564356435643,1
17,24,83,4884.0,6625.0,10586.0,271,0.06650236244059858,0.09020846666031236,0.1441429174439346,16.899653979238753,11.50173611111111,1.5366526346349252,48,32,61,0.3874538745387454,0.21033210332103322,0.6051660516605166,1
18,26,89,6481.5,6253.5,7137.5,319,0.06369335993160445,0.06145281591179332,0.07013983746228909,20.00462962962963,9.250739644970414,0.9010857214998106,42,41,56,0.335423197492163,0.3385579937304075,0.3166144200626959,1
20,27,91,7453.0,13751.0,13743.0,391,0.04875033522805319,0.08994577481832275,0.08989344653684893,18.6325,18.862825788751714,1.6595821760656926,42,50,72,0.1585677749360614,0.22762148337595908,0.4680306905370844,1
18,26,92,4432.0,6597.0,5952.0,319,0.043553031121942594,0.06482837236269298,0.058489991254016764,13.679012345679013,9.75887573964497,0.7032136105860114,46,38,51,0.3667711598746082,0.26959247648902823,0.45768025078369906,1
19,25,80,5584.0,5540.0,10803.0,311,0.05773306727597936,0.05727815055675603,0.11169239358567426,15.46814404432133,8.864,1.68796875,40,24,58,0.24758842443729903,0.13504823151125403,0.3729903536977492,0
17,22,114,4392.0,9310.0,8729.0,303,0.04783844721105774,0.1014061802219826,0.09507782461414459,15.197231833910035,19.235537190082646,0.6716682056017236,40,44,55,0.44224422442244227,0.3696369636963696,0.5214521452145214,1
19,25,98,6833.5,8767.0,11895.0,259,0.10186938179216172,0.1306927445923585,0.17732293794069856,18.929362880886426,14.0272,1.2385464389837568,33,44,79,0.4362934362934363,0.4092664092664093,0.44787644787644787,1
20,24,93,5250.0,6856.0,10895.0,375,0.037333333333333336,0.04875377777777778,0.07747555555555556,13.125,11.902777777777779,1.259683200369985,48,49,73,0.37066666666666664,0.47733333333333333,0.496,0
18,26,111,5292.0,7348.0,7394.0,287,0.06424747174301011,0.08920831866357488,0.08976678119195328,16.333333333333332,10.8698224852071,0.6001136271406542,24,33,46,0.18466898954703834,0.21602787456445993,0.30662020905923343,1
17,23,79,7695.0,8135.0,9425.0,303,0.08381531222429174,0.0886078706880589,0.1026587807295581,26.62629757785467,15.378071833648393,1.5101746514981573,71,48,68,0.6204620462046204,0.15841584158415842,0.6138613861386139,1
17,23,85,5626.0,4889.0,9951.0,335,0.05013143239028737,0.043564268211182894,0.08867008242370239,19.46712802768166,9.241965973534972,1.3773010380622837,51,44,72,0.31343283582089554,0.3492537313432836,0.24776119402985075,0
19,20,99,5690.5,5032.5,6951.5,291,0.06719925366965435,0.059428915577284164,0.0820904335092878,15.763157894736842,12.58125,0.7092643607795123,46,27,53,0.5292096219931272,0.15807560137457044,0.30927835051546393,0
19,26,93,4072.0,5237.5,8799.0,295,0.04679115196782534,0.06018385521401896,0.10110887675955185,11.279778393351801,7.747781065088757,1.017343045438779,57,32,65,0.2,0.11186440677966102,0.4067796610169492,1
20,23,86,4871.0,6684.0,8744.0,303,0.053055800629567905,0.07280331993595399,0.09524120728904574,12.1775,12.635160680529301,1.182260681449432,51,33,57,0.5115511551155115,0.37293729372937295,0.5181518151815182,0
18,25,76,3976.5,6803.5,7010.0,271,0.054145504554676545,0.09263898912051852,0.09545077000585504,12.273148148148149,10.8856,1.2136426592797784,52,47,59,0.6346863468634686,0.4317343173431734,0.46494464944649444,0
17,24,87,5168.0,8491.0,9033.0,303,0.056290777592610745,0.09248548617237962,0.09838904682547463,17.88235294117647,14.741319444444445,1.1934205311137536,45,31,61,0.5016501650165016,0.1782178217821782,0.5379537953795379,0
20,24,80,6861.5,3546.5,10478.5,311,0.070941160657975,0.03666732147103525,0.10833738278140218,17.15375,6.157118055555555,1.637265625,57,53,67,0.4630225080385852,0.5401929260450161,0.594855305466238,0
19,22,75,4840.0,7695.0,13265.0,291,0.0571556783694099,0.09087044319268785,0.1566467094153352,13.407202216066482,15.898760330578513,2.3582222222222224,52,37,72,0.5429553264604811,0.29553264604810997,0.6185567010309279,0
20,25,130,4951.0,4407.0,7243.5,279,0.06360401330918154,0.05661540833236983,0.09305507380429337,12.3775,7.0512,0.4286094674556213,45,43,60,0.5304659498207885,0.5555555555555556,0.4982078853046595,0
18,25,57,5158.5,8678.0,9270.0,247,0.08455309872313921,0.14224130865937812,0.15194479503024144,15.921296296296296,13.8848,2.853185595567867,46,38,60,0.5789473684210527,0.5870445344129555,0.5991902834008097,1
17,22,86,4838.0,6085.0,8923.0,279,0.0621523361724541,0.07817217147775594,0.114631107000167,16.740484429065745,12.572314049586776,1.2064629529475392,35,37,61,0.4767025089605735,0.31899641577060933,0.3942652329749104,1
18,21,97,5151.0,5995.0,9972.0,323,0.049372657650317744,0.05746245051711413,0.09558224462996866,15.898148148148149,13.594104308390023,1.0598363269210331,49,34,62,0.3931888544891641,0.26625386996904027,0.4582043343653251,1
17,24,86,4991.5,8064.0,7871.5,279,0.06412430467234491,0.10359579142097353,0.10112280160840688,17.271626297577853,14.0,1.0642915089237426,44,44,54,0.5555555555555556,0.4551971326164875,0.2831541218637993,1
20,31,110,4740.0,6419.0,12068.0,375,0.03370666666666667,0.04564622222222222,0.08581688888888889,11.85,6.679500520291363,0.9973553719008265,52,34,78,0.424,0.24266666666666667,0.368,0
18,24,110,5466.0,8238.0,7219.0,311,0.05651306334715315,0.08517281665822314,0.07463735900166459,16.87037037037037,14.302083333333334,0.5966115702479339,36,39,49,0.29260450160771706,0.26366559485530544,0.5080385852090032,1
18,19,96,3556.0,6388.0,6621.0,239,0.06225381208312179,0.11183277603683409,0.1159118362773761,10.975308641975309,17.695290858725762,0.7184244791666666,37,35,48,0.4686192468619247,0.502092050209205,0.4100418410041841,1
17,23,110,4517.0,3396.0,5728.0,207,0.10541669583887606,0.07925505846110761,0.1336787322924689,15.629757785467127,6.4196597353497165,0.47338842975206613,35,36,42,0.46859903381642515,0.3719806763285024,0.5217391304347826,1
17,19,68,3611.0,7554.0,4849.0,263,0.05220546776735243,0.10921077361245644,0.0701036591536671,12.494809688581315,20.925207756232687,1.048659169550173,38,43,57,0.25475285171102663,0.3916349809885932,0.3650190114068441,1
17,22,75,6095.0,4098.0,3320.0,231,0.11422199733888046,0.07679766121324563,0.06221772455538689,21.089965397923876,8.46694214876033,0.5902222222222222,35,33,55,0.5627705627705628,0.6277056277056277,0.4025974025974026,1
20,26,114,5078.5,5029.0,4605.5,323,0.04867774060903488,0.04820328000843486,0.044144005981079086,12.69625,7.439349112426036,0.354378270236996,37,36,48,0.43653250773993807,0.32507739938080493,0.19504643962848298,0
18,25,84,3096.5,4093.0,3446.0,255,0.04762014609765475,0.06294502114571318,0.05299500192233756,9.557098765432098,6.5488,0.4883786848072562,28,19,44,0.4627450980392157,0.1568627450980392,0.4117647058823529,1
17,24,98,2169.0,3419.5,3464.5,243,0.03673220545648529,0.05790953276092736,0.058671611712306726,7.505190311418685,5.936631944444445,0.3607351103706789,40,33,14,0.5349794238683128,0.411522633744856,0.11934156378600823,1
17,25,116,2914.0,4181.0,4571.0,235,0.05276595744680851,0.07570846536894522,0.08277048438207334,10.083044982698961,6.6896,0.33969976218787157,11,23,49,0.04680851063829787,0.09787234042553192,0.5148936170212766,1
17,23,109,3618.0,4692.0,4319.0,275,0.047841322314049584,0.06204297520661157,0.057110743801652895,12.519031141868512,8.869565217391305,0.3635215890918273,34,31,40,0.5345454545454545,0.3927272727272727,0.2509090909090909,1
20,27,106,2546.0,3187.0,5910.0,271,0.034667283942212114,0.043395378603232525,0.08047276044716167,6.365,4.3717421124828535,0.5259878960484158,37,31,47,0.3763837638376384,0.33948339483394835,0.3247232472324723,1
21,27,71,2579.0,6752.0,3887.0,263,0.03728548916422097,0.09761598403909266,0.05619569460307363,5.8480725623582765,9.262002743484224,0.7710771672287244,37,34,54,0.4220532319391635,0.28517110266159695,0.2737642585551331,1
17,24,75,3662.5,4032.0,5658.5,323,0.035105291913082655,0.03864697255796567,0.0542370769392978,12.673010380622838,7.0,1.0059555555555555,25,29,50,0.19814241486068113,0.18575851393188855,0.19504643962848298,1
17,24,93,4191.0,4157.0,3282.0,307,0.04446731530308014,0.04410656876996042,0.034822650638203057,14.501730103806228,7.217013888888889,0.37946583420048563,36,8,51,0.3941368078175896,0.026058631921824105,0.19218241042345277,1
18,22,75,2899.0,4890.0,5321.5,251,0.04601514261678386,0.07761781559022872,0.08446691322359963,8.947530864197532,10.103305785123966,0.9460444444444445,28,31,46,0.4541832669322709,0.545816733067729,0.18326693227091634,1
17,23,96,3410.0,3478.0,3518.0,259,0.05083406627808172,0.05184776613348042,0.05244406016606789,11.799307958477508,6.574669187145558,0.3817274305555556,28,26,0,0.44787644787644787,0.305019305019305,0.0,1
20,28,93,2911.5,4084.5,5163.5,219,0.060705573278288606,0.08516294489272534,0.10766039073413815,7.27875,5.209821428571429,0.5970054341542375,33,24,55,0.5525114155251142,0.2146118721461187,0.4337899543378995,0
18,27,129,3421.0,3489.0,4008.0,271,0.04658160972753639,0.04750752304571016,0.05457442028294822,10.558641975308642,4.7860082304526745,0.2408509104020191,32,28,40,0.42066420664206644,0.45387453874538747,0.23247232472324722,0
17,24,106,4141.0,3617.0,5758.0,207,0.09664169525543187,0.08441270508063199,0.1343788653177437,14.328719723183392,6.279513888888889,0.5124599501601994,31,27,47,0.6086956521739131,0.13043478260869565,0.4251207729468599,1
18,24,96,4986.0,5642.0,4671.0,327,0.046629071626967424,0.052763983577888134,0.04368319165053447,15.38888888888889,9.79513888888889,0.5068359375,38,31,46,0.41284403669724773,0.23853211009174313,0.22935779816513763,0
17,19,157,4417.5,4312.0,5286.0,311,0.04567260470838804,0.044581838483886645,0.05465204040487588,15.285467128027681,11.944598337950138,0.2144508905026573,29,45,51,0.21221864951768488,0.24758842443729903,0.2604501607717042,1
20,25,83,4015.0,3602.0,4647.0,319,0.039455194033077505,0.03539666473403367,0.04566582482483466,10.0375,5.7632,0.6745536362316736,33,24,40,0.3887147335423197,0.14106583072100312,0.21630094043887146,1
19,29,78,5096.0,6025.0,5962.0,291,0.060178788630271256,0.07114937235035014,0.07040540380959129,14.11634349030471,7.164090368608799,0.9799474030243261,30,27,30,0.21649484536082475,0.2542955326460481,0.18900343642611683,1
19,24,137,6951.0,6196.0,7300.0,407,0.04196222132340068,0.03740439121274502,0.04406908583812761,19.25484764542936,10.756944444444445,0.3889392082689541,56,50,49,0.36609336609336607,0.4275184275184275,0.12039312039312039,0
17,21,71,9853.5,7329.0,9774.0,343,0.08375336806942685,0.06229547212470994,0.08307762921911789,34.09515570934256,16.61904761904762,1.938901011704027,64,64,62,0.6005830903790087,0.4518950437317784,0.18075801749271136,0
17,21,111,5415.5,11635.0,7090.0,287,0.06574682222680862,0.1412545982104918,0.08607607230875694,18.738754325259517,26.383219954648528,0.5754403051700349,68,66,66,0.47038327526132406,0.42160278745644597,0.40069686411149824,0
17,24,85,4590.0,3366.0,4522.0,359,0.035614248803159505,0.026117115788983635,0.035086630302371954,15.882352941176471,5.84375,0.6258823529411764,39,33,50,0.3649025069637883,0.18384401114206128,0.1392757660167131,1
20,28,84,3664.0,5949.0,6407.0,247,0.06005671294399187,0.09751020341261125,0.10501729253061023,9.16,7.588010204081633,0.9080215419501134,26,24,47,0.2793522267206478,0.17408906882591094,0.3117408906882591,1
19,22,78,3427.0,4658.0,4068.0,259,0.0510874912419314,0.06943844009481075,0.060643103114145586,9.493074792243767,9.62396694214876,0.6686390532544378,41,32,45,0.5714285714285714,0.21621621621621623,0.17374517374517376,1
17,21,111,2732.0,4476.0,3371.0,263,0.03949746273619685,0.0647110699880004,0.0487357053015079,9.453287197231834,10.149659863945578,0.27359792224657087,36,21,34,0.2813688212927757,0.07984790874524715,0.12927756653992395,0
17,21,68,3586.0,3717.0,4685.0,251,0.0569197314328344,0.05899906350692846,0.07436389898573038,12.408304498269896,8.428571428571429,1.0131920415224913,40,27,57,0.44223107569721115,0.3745019920318725,0.3346613545816733,0
18,23,103,3835.0,4898.0,3551.0,263,0.055443912735473985,0.07081206899044369,0.051338027150891294,11.83641975308642,9.25897920604915,0.3347158073333962,32,32,48,0.2889733840304182,0.33079847908745247,0.2585551330798479,0
20,21,78,3713.0,4623.0,4825.0,287,0.045077638431934346,0.056125484102028673,0.05857786303099467,9.2825,10.482993197278912,0.7930637738330046,34,28,51,0.41114982578397213,0.3310104529616725,0.2229965156794425,0
19,27,98,5033.5,7578.5,5634.5,283,0.06284883067587309,0.09462597859880882,0.07035298230718326,13.943213296398891,10.395747599451303,0.5866826322365681,42,40,61,0.4558303886925795,0.36042402826855124,0.30742049469964666,1
19,26,78,3834.0,3618.0,6460.0,243,0.06492912665752172,0.06127114769090078,0.10940066724245966,10.620498614958448,5.35207100591716,1.061801446416831,35,20,55,0.3991769547325103,0.0823045267489712,0.4773662551440329,0
18,25,84,3350.0,3981.0,6690.0,255,0.05151864667435602,0.06122260668973472,0.10288350634371396,10.339506172839506,6.3696,0.9481292517006803,32,24,56,0.49019607843137253,0.27450980392156865,0.2235294117647059,1
17,22,122,3351.0,4224.5,5821.5,271,0.04562846366471045,0.057522364891545594,0.07926771149630316,11.59515570934256,8.728305785123966,0.3911246976619188,46,30,48,0.4132841328413284,0.35793357933579334,0.36900369003690037,1
17,22,123,2842.5,3592.0,6012.5,263,0.0410949992048461,0.0519307782388064,0.08692477844120922,9.835640138408305,7.421487603305785,0.39741555952144886,37,33,43,0.532319391634981,0.5285171102661597,0.2585551330798479,1
20,25,153,3704.0,5663.0,6461.0,267,0.05195752500385754,0.07943722032852193,0.09063109315602688,9.26,9.0608,0.27600495535904995,44,29,6,0.34831460674157305,0.33707865168539325,0.03745318352059925,1
20,29,111,3727.0,4727.0,5756.0,251,0.059157791146172284,0.07503055507055444,0.09136362914874367,9.3175,5.620689655172414,0.467169872575278,30,32,53,0.3426294820717131,0.12749003984063745,0.21115537848605578,0
17,24,106,3131.0,4635.0,5732.0,227,0.060761901065419475,0.08994934891032234,0.11123833181315376,10.833910034602075,8.046875,0.5101459594161624,29,23,43,0.42731277533039647,0.3964757709251101,0.22026431718061673,0
17,21,101,4352.0,4709.0,6452.0,275,0.057547107438016526,0.06226776859504132,0.08531570247933884,15.058823529411764,10.678004535147393,0.6324870110773454,46,31,58,0.33454545454545453,0.4218181818181818,0.29454545454545455,1
18,21,102,4308.0,4676.0,6350.0,335,0.03838716863443974,0.041666295388728,0.0565827578525284,13.296296296296296,10.603174603174603,0.6103421760861207,31,30,59,0.16417910447761194,0.16716417910447762,0.2208955223880597,0
20,25,99,3039.0,5056.0,4153.0,239,0.05320285009015949,0.08851385655013043,0.07270530978099123,7.5975,8.0896,0.4237322722171207,23,26,27,0.12552301255230125,0.20502092050209206,0.17573221757322174,1
19,22,74,5939.0,8838.0,10154.0,311,0.061403418078803985,0.09137622646581404,0.10498237197713009,16.451523545706372,18.260330578512395,1.85427319211103,61,56,63,0.2604501607717042,0.24115755627009647,0.5916398713826366,1
17,24,118,3300.0,4070.5,5649.0,195,0.08678500986193294,0.10704799474030244,0.14856015779092702,11.418685121107266,7.066840277777778,0.4057023843723068,34,26,0,0.5743589743589743,0.35384615384615387,0.0,1
19,23,109,2922.0,3036.0,4902.0,243,0.0494843265762333,0.05141492658639435,0.08301580043692526,8.094182825484765,5.739130434782608,0.41259153269926774,21,19,47,0.18106995884773663,0.07818930041152264,0.3950617283950617,1
17,23,107,3086.0,7404.0,5256.0,287,0.037465551360341874,0.08988818608942685,0.06381041411210528,10.678200692041523,13.996219281663516,0.45907939558040006,28,39,42,0.43205574912891986,0.3519163763066202,0.14982578397212543,1
17,21,85,2898.0,6773.0,5471.0,263,0.04189738177507265,0.09791958825485406,0.0790961268776475,10.027681660899654,15.35827664399093,0.7572318339100346,27,37,47,0.3269961977186312,0.24334600760456274,0.311787072243346,1
20,25,105,1757.0,3794.0,4638.0,231,0.03292666929030565,0.071100616555162,0.08691741159273626,4.3925,6.0704,0.4206802721088435,31,27,44,0.5108225108225108,0.42424242424242425,0.35064935064935066,1
19,28,97,3332.5,3239.5,4463.0,279,0.04281162883313421,0.04161688570290721,0.05733482355057103,9.231301939058172,4.132015306122449,0.47433308534381974,38,25,42,0.2078853046594982,0.15412186379928317,0.15053763440860216,1
17,18,107,5031.5,4451.5,3724.5,255,0.07737793156478277,0.06845828527489427,0.05727797001153403,17.410034602076124,13.739197530864198,0.32531225434535765,41,41,35,0.596078431372549,0.3568627450980392,0.2549019607843137,1
19,25,90,3097.0,3004.0,3772.0,235,0.05607967406066093,0.05439565414214577,0.06830239927569036,8.578947368421053,4.8064,0.465679012345679,44,30,48,0.32340425531914896,0.13191489361702127,0.4765957446808511,0
18,20,96,5583.0,3698.0,3944.0,271,0.07602020669653191,0.0503533448618619,0.05370297245407878,17.23148148148148,9.245,0.4279513888888889,52,39,48,0.5977859778597786,0.3025830258302583,0.30996309963099633,1
20,25,103,3682.0,5472.5,3974.0,223,0.07404130386695892,0.11004645176858574,0.07991312916004746,9.205,8.756,0.37458761428975396,36,31,49,0.452914798206278,0.2556053811659193,0.4618834080717489,0
18,25,99,2815.0,3823.5,3878.0,231,0.05275388392271509,0.07165345477033788,0.07267479994752722,8.688271604938272,6.1176,0.39567391082542597,26,26,40,0.20346320346320346,0.4025974025974026,0.22077922077922077,1
18,24,98,4071.0,4183.0,3628.0,239,0.07126976068346143,0.0732305106703314,0.06351429421753821,12.564814814814815,7.262152777777778,0.37775926697209494,34,25,36,0.3263598326359833,0.28451882845188287,0.2510460251046025,0
19,25,97,4045.0,4650.0,3183.0,227,0.07849948572648412,0.0902404471268606,0.06177104154941877,11.204986149584487,7.44,0.338293123605059,35,35,40,0.3436123348017621,0.5550660792951542,0.27312775330396477,0
17,18,80,3461.0,4249.0,3093.0,175,0.11301224489795918,0.13874285714285714,0.10099591836734693,11.975778546712803,13.114197530864198,0.48328125,31,30,46,0.36,0.18857142857142858,0.37714285714285717,1
20,23,82,4893.0,7561.5,4318.5,239,0.08566026505138215,0.13237688415819052,0.07560266802051785,12.2325,14.293950850661625,0.6422516359309934,33,34,51,0.5815899581589958,0.5062761506276151,0.33472803347280333,0
18,23,75,2220.0,4201.5,3287.5,275,0.029355371900826446,0.05555702479338843,0.04347107438016529,6.851851851851852,7.94234404536862,0.5844444444444444,36,25,50,0.43272727272727274,0.31272727272727274,0.28363636363636363,0
19,24,127,3227.0,4499.0,3912.5,259,0.04810602107899405,0.06706817131527557,0.0583250100624618,8.939058171745152,7.810763888888889,0.2425754851509703,47,29,43,0.47876447876447875,0.11196911196911197,0.3552123552123552,0
17,21,75,5250.0,2734.0,3323.0,315,0.05291005291005291,0.027553539934492315,0.03348954396573444,18.166089965397923,6.199546485260771,0.5907555555555556,43,30,52,0.3619047619047619,0.273015873015873,0.28253968253968254,0
17,21,114,2913.5,5052.5,3252.0,227,0.0565409769256147,0.09805158260397058,0.06311009334549476,10.081314878892734,11.456916099773242,0.2502308402585411,25,27,50,0.11894273127753303,0.41409691629955947,0.4845814977973568,0
19,19,105,2757.0,4161.0,3958.0,219,0.05748420591730781,0.0867579908675799,0.0825253852088155,7.637119113573407,11.526315789473685,0.35900226757369613,32,29,37,0.4977168949771689,0.502283105022831,0.3333333333333333,0
20,22,109,3433.0,2867.0,3396.0,219,0.07157899126373511,0.059777736077229415,0.07080753111903422,8.5825,5.9235537190082646,0.2858345257133238,31,31,43,0.2511415525114155,0.3698630136986301,0.3333333333333333,0
18,27,87,2940.0,3665.0,3957.0,239,0.05146968715533692,0.06416204198105775,0.06927399730396877,9.074074074074074,5.027434842249657,0.5227903289734444,31,26,54,0.5481171548117155,0.4602510460251046,0.42677824267782427,0
19,17,103,3387.0,5195.0,3662.0,203,0.0821907835666966,0.12606469460554734,0.08886408308864568,9.382271468144044,17.975778546712803,0.3451786219247808,37,22,48,0.6502463054187192,0.10837438423645321,0.32019704433497537,0
15,24,103,2785.0,3743.0,3303.0,231,0.05219167556829894,0.07014486235265456,0.061899139821217745,12.377777777777778,6.498263888888889,0.3113394287868791,38,28,44,0.341991341991342,0.4155844155844156,0.42857142857142855,0
17,20,124,3639.5,2542.5,4326.0,223,0.07318667176094432,0.05112710893040278,0.08699149389692132,12.593425605536332,6.35625,0.28134755463059313,36,30,43,0.5650224215246636,0.4484304932735426,0.34080717488789236,1
20,22,71,2024.0,3082.0,4702.0,243,0.0342766177242629,0.05219394062558214,0.07962878287523921,5.06,6.367768595041323,0.932751438206705,33,28,46,0.2551440329218107,0.29218106995884774,0.25925925925925924,0
19,27,121,3376.5,2985.0,3821.0,263,0.04881522069135017,0.04315517066894129,0.05524150992496639,9.353185595567867,4.094650205761317,0.2609794412949935,36,28,50,0.3231939163498099,0.2889733840304182,0.41825095057034223,0
17,17,117,3353.5,3571.0,3414.0,191,0.09192456347139608,0.09788657109180121,0.09358296099339382,11.603806228373703,12.356401384083044,0.24939732632040323,24,26,37,0.27225130890052357,0.27225130890052357,0.49214659685863876,0
18,24,80,3452.0,3016.0,3404.0,239,0.06043311566674253,0.05280019607499869,0.05959279424379825,10.654320987654321,5.236111111111111,0.531875,38,37,56,0.2217573221757322,0.3263598326359833,0.4225941422594142,1
18,23,94,3267.5,5848.0,2325.5,255,0.05024990388312187,0.08993464052287582,0.03576316801230296,10.084876543209877,11.054820415879018,0.26318469895880486,37,45,20,0.4196078431372549,0.4196078431372549,0.13333333333333333,0
15,23,75,3686.0,5331.5,3927.0,251,0.058507007825272614,0.08462564086284345,0.062332343931048716,16.38222222222222,10.078449905482042,0.6981333333333334,39,27,47,0.46215139442231074,0.35856573705179284,0.4581673306772908,0
20,22,107,4680.0,4723.0,3397.0,243,0.07925621094345374,0.07998441971921624,0.05752849328523768,11.7,9.758264462809917,0.29670713599441,40,32,37,0.3292181069958848,0.5473251028806584,0.35390946502057613,0
18,24,98,4835.0,4924.0,3545.0,267,0.06782252521426868,0.06907096466495533,0.04972716688409151,14.92283950617284,8.54861111111111,0.36911703456892964,28,32,50,0.19850187265917604,0.5168539325842697,0.3333333333333333,0
20,22,111,3066.0,5591.0,4291.0,263,0.044326215501163814,0.08083100811056976,0.06203646142057858,7.665,11.551652892561984,0.34826718610502394,37,29,44,0.44866920152091255,0.11787072243346007,0.3041825095057034,1
17,21,126,4074.0,4149.0,4213.0,279,0.05233745712413766,0.05330095964851428,0.05412314846931566,14.09688581314879,9.408163265306122,0.26536911060720586,31,30,46,0.4336917562724014,0.1935483870967742,0.3118279569892473,0
20,25,107,5335.0,8945.5,4524.0,271,0.07264334635966285,0.12180525864299234,0.061600468403208014,13.3375,14.3128,0.39514368067080097,49,45,52,0.3837638376383764,0.35793357933579334,0.5018450184501845,1
23,25,122,3081.0,5766.0,4419.0,291,0.03638360435044461,0.06809083501611932,0.05218407907322776,5.824196597353497,9.2256,0.29689599570008063,33,33,44,0.35738831615120276,0.3127147766323024,0.24398625429553264,0
21,27,100,4499.0,6580.0,6998.0,271,0.06126005909505589,0.08959572990563854,0.09528737353794202,10.201814058956916,9.026063100137174,0.6998,33,46,55,0.4870848708487085,0.5166051660516605,0.2029520295202952,0
19,22,89,2604.0,5193.5,4268.0,219,0.05429411396759867,0.10828589895957132,0.08898897020495819,7.213296398891967,10.730371900826446,0.5388208559525313,35,34,43,0.365296803652968,0.5342465753424658,0.2648401826484018,0
24,24,85,2874.0,5067.0,6002.0,235,0.052041647804436396,0.09175192394748755,0.10868266183793572,4.989583333333333,8.796875,0.8307266435986159,32,25,55,0.3446808510638298,0.28085106382978725,0.30638297872340425,0
21,25,98,3583.0,5394.0,6257.0,247,0.05872903997770821,0.08841318493992689,0.10255863888934419,8.124716553287982,8.6304,0.6514993752603082,35,28,51,0.3481781376518219,0.3319838056680162,0.3643724696356275,0
20,24,95,4190.0,3065.0,4267.0,191,0.1148543077218278,0.08401633727145637,0.11696499547709767,10.475,5.321180555555555,0.472797783933518,35,27,49,0.5916230366492147,0.5759162303664922,0.4031413612565445,0
18,25,81,5595.0,4288.0,5334.0,295,0.0642918701522551,0.0492731973570813,0.06129273197357081,17.26851851851852,6.8608,0.8129858253315043,37,31,54,0.12542372881355932,0.4,0.27796610169491526,0
18,27,99,5118.5,3260.0,5784.5,223,0.10292786905025236,0.06555530977900219,0.11632045687626938,15.79783950617284,4.471879286694102,0.590194878073666,35,30,55,0.49327354260089684,0.5112107623318386,0.35874439461883406,1
19,26,105,4291.0,3730.0,5714.5,227,0.08327349647771158,0.07238642317918066,0.11089871722719245,11.886426592797784,5.517751479289941,0.5183219954648526,45,30,55,0.3039647577092511,0.3964757709251101,0.43612334801762115,1
22,25,70,2773.5,3948.0,5993.5,227,0.05382406023792428,0.07661705059287004,0.11631314405480409,5.730371900826446,6.3168,1.2231632653061224,33,31,55,0.36123348017621143,0.22466960352422907,0.3876651982378855,0
17,23,83,3635.0,2981.5,5106.0,239,0.06363684109171758,0.05219621505225749,0.08938919136569738,12.577854671280276,5.636105860113422,0.7411815938452606,38,26,45,0.1589958158995816,0.3598326359832636,0.39748953974895396,0
24,22,115,2780.5,6288.0,4863.0,259,0.04144988894023643,0.09373742192275011,0.07249444701182153,4.827256944444445,12.991735537190083,0.3677126654064272,36,29,49,0.2625482625482625,0.2625482625482625,0.21235521235521235,0
19,25,92,3590.0,3068.0,5089.0,271,0.048882776650644735,0.04177503029642843,0.06929371876744597,9.944598337950138,4.9088,0.6012523629489603,33,32,49,0.2140221402214022,0.2029520295202952,0.3505535055350554,0
18,21,96,3986.5,4449.5,4932.0,239,0.06979044484515327,0.07789604523730327,0.08634302620752438,12.304012345679013,10.089569160997732,0.53515625,33,31,52,0.4435146443514644,0.4393305439330544,0.37656903765690375,0
19,20,91,3972.0,5358.0,5157.0,291,0.04690544514117689,0.06327275303787154,0.06089913912211712,11.002770083102494,13.395,0.6227508754981282,28,37,51,0.28865979381443296,0.2920962199312715,0.27147766323024053,0
18,25,107,4094.0,5275.5,5715.0,235,0.07413309189678588,0.0955273879583522,0.1034857401539158,12.635802469135802,8.4408,0.49917023320814047,0,38,54,0.0,0.4765957446808511,0.3829787234042553,0
19,22,97,3050.0,3537.0,5526.0,239,0.05339542374958422,0.06192118485320635,0.0967420038164598,8.448753462603879,7.3078512396694215,0.5873100223190563,30,30,46,0.3138075313807531,0.42677824267782427,0.27615062761506276,0
20,26,117,3528.0,3555.0,4083.0,171,0.12065250846414281,0.12157586949830718,0.13963270749974352,8.82,5.258875739644971,0.2982686828840675,31,27,37,0.43859649122807015,0.5263157894736842,0.3684210526315789,1
18,24,113,3616.5,4290.5,5778.0,295,0.04155702384372307,0.04930192473427176,0.06639471416259696,11.162037037037036,7.448784722222222,0.45250215365337926,39,31,48,0.33220338983050846,0.3423728813559322,0.288135593220339,0
17,17,93,4320.5,4459.0,5247.0,255,0.06644367550941946,0.06857362552864282,0.08069204152249135,14.949826989619377,15.429065743944637,0.6066597294484911,37,28,50,0.5215686274509804,0.37254901960784315,0.30980392156862746,0
18,20,96,4345.5,5494.5,6469.5,227,0.08433115333113392,0.10662927671796464,0.12555066079295155,13.412037037037036,13.73625,0.7019856770833334,36,23,51,0.5286343612334802,0.11013215859030837,0.5022026431718062,0
18,24,128,4192.0,3822.0,5023.5,219,0.08740434936719418,0.07968974792018516,0.10474135234878339,12.938271604938272,6.635416666666667,0.306610107421875,33,34,43,0.2922374429223744,0.1598173515981735,0.3105022831050228,0
20,22,99,3499.0,3313.0,5909.0,275,0.04626776859504132,0.043808264462809915,0.07813553719008265,8.7475,6.845041322314049,0.6028976635037241,29,33,50,0.12,0.28363636363636363,0.32727272727272727,0
18,25,79,3363.0,3989.0,6282.0,235,0.060896333182435494,0.07223177908555907,0.11375282933454052,10.37962962962963,6.3824,1.0065694600224322,24,32,50,0.28085106382978725,0.2297872340425532,0.2127659574468085,0
17,23,104,3311.0,4285.0,7485.0,235,0.05995473064735174,0.07759167043911272,0.13553644182888186,11.456747404844291,8.100189035916824,0.692030325443787,39,38,61,0.502127659574468,0.2765957446808511,0.4297872340425532,0
18,19,112,3626.0,4602.0,5464.0,235,0.06565866908103214,0.08333182435491172,0.09894069714803079,11.191358024691358,12.74792243767313,0.43558673469387754,40,27,50,0.4297872340425532,0.1148936170212766,0.3276595744680851,0
17,21,109,2494.0,5362.0,5130.0,251,0.03958667322740909,0.0851097601625371,0.08142727893208045,8.629757785467127,12.158730158730158,0.4317818365457453,32,32,49,0.4262948207171315,0.3665338645418327,0.3545816733067729,1
17,22,146,4042.0,5852.0,5389.0,235,0.07319148936170213,0.10596650067904029,0.09758261656858307,13.986159169550174,12.090909090909092,0.25281478701444926,35,31,36,0.4595744680851064,0.5829787234042553,0.225531914893617,1
20,23,89,4730.0,5309.5,5556.0,255,0.07274125336409074,0.08165321030372934,0.08544405997693195,11.825,10.036862003780719,0.7014265875520768,33,0,52,0.23529411764705882,0.0,0.36470588235294116,1
19,24,102,3127.5,4845.5,4580.0,303,0.0340652877168905,0.05277805008223595,0.04988617673648553,8.663434903047092,8.41232638888889,0.4402153018069973,33,24,41,0.429042904290429,0.19801980198019803,0.22112211221122113,0
17,24,74,4188.0,4816.0,6958.0,251,0.06647513531531246,0.07644323105982445,0.11044269138585101,14.491349480968859,8.36111111111111,1.27063550036523,41,37,55,0.5697211155378487,0.3107569721115538,0.3545816733067729,0
18,21,77,4522.0,4659.0,7069.0,243,0.07658046706972176,0.0789005740994767,0.1197141357177937,13.95679012345679,10.564625850340136,1.1922752572103221,34,39,53,0.2674897119341564,0.32098765432098764,0.37037037037037035,0
18,18,81,4136.0,3605.5,5445.5,273,0.05549517637429725,0.04837714178373519,0.07306551812046318,12.765432098765432,11.128086419753087,0.8299801859472641,42,38,43,0.39194139194139194,0.27106227106227104,0.3663003663003663,1
20,24,121,2787.5,3687.5,6087.5,295,0.0320310255673657,0.0423728813559322,0.06995116345877621,6.96875,6.401909722222222,0.41578444095348677,44,0,47,0.4915254237288136,0.0,0.3220338983050847,1
18,28,114,4202.0,5294.0,4499.0,247,0.06887508400399941,0.0867740825124162,0.07374321821370618,12.969135802469136,6.752551020408164,0.34618344105878734,31,41,44,0.23076923076923078,0.4777327935222672,0.32793522267206476,0
19,25,121,4742.5,4472.0,5916.5,271,0.06457564575645756,0.0608924170422516,0.08056126686728123,13.137119113573407,7.1552,0.40410491086674405,38,45,54,0.4870848708487085,0.4575645756457565,0.2656826568265683,1
17,22,126,3110.0,5975.0,6532.0,287,0.03775692311427843,0.07253942624045454,0.07930167902973206,10.761245674740485,12.34504132231405,0.41143864953388765,27,32,57,0.3344947735191638,0.2613240418118467,0.3310104529616725,0
18,19,109,3396.0,6020.0,4482.0,271,0.04624120041938427,0.08197056140303101,0.06102858076551245,10.481481481481481,16.67590027700831,0.3772409729820722,29,32,51,0.45018450184501846,0.2878228782287823,0.34686346863468637,0
20,20,121,4661.0,4971.0,5346.0,243,0.07893444427509357,0.08418432149570695,0.09053497942386832,11.6525,12.4275,0.3651389932381668,33,28,56,0.29218106995884774,0.3991769547325103,0.23868312757201646,0
18,21,105,6575.0,7221.0,7168.0,263,0.09505703422053231,0.10439647819109717,0.10363023897988984,20.29320987654321,16.374149659863946,0.6501587301587302,45,31,56,0.46387832699619774,0.2889733840304182,0.35361216730038025,0
19,22,122,4603.5,3160.0,4508.5,227,0.08933804265559199,0.061324690950726776,0.08749442061751635,12.75207756232687,6.528925619834711,0.3029091642031712,39,31,49,0.42731277533039647,0.46255506607929514,0.4008810572687225,1
17,21,111,3639.0,6592.5,4487.5,263,0.05261027338836762,0.09531003773366682,0.06487732943948879,12.591695501730104,14.948979591836734,0.3642155669182696,44,42,60,0.2965779467680608,0.3612167300380228,0.38022813688212925,1
18,24,126,8525.0,8065.0,7649.0,287,0.10349767509621338,0.09791304981242943,0.09286260607752916,26.311728395061728,14.00173611111111,0.48179642227261277,38,43,58,0.3519163763066202,0.5818815331010453,0.31010452961672474,1
17,24,116,4700.0,6940.0,7001.0,267,0.0659288249239013,0.0973502223344415,0.09820589431749639,16.262975778546714,12.04861111111111,0.5202883472057075,51,43,67,0.37453183520599254,0.2546816479400749,0.250936329588015,1
20,24,140,4951.0,5656.0,3905.0,227,0.09608181800539502,0.10976343418269324,0.07578256903879368,12.3775,9.819444444444445,0.19923469387755102,46,40,51,0.6123348017621145,0.4713656387665198,0.3656387665198238,1
18,19,87,6110.0,5629.0,4003.0,315,0.06157722348198539,0.05672965482489292,0.04034265558075082,18.858024691358025,15.592797783933518,0.5288677500330294,48,34,54,0.4158730158730159,0.2571428571428571,0.21904761904761905,0
16,24,116,5832.0,6267.0,4698.5,219,0.12159879902420717,0.13066866829298807,0.09796501323992411,22.78125,10.880208333333334,0.34917508917954815,33,34,55,0.2922374429223744,0.5296803652968036,0.4520547945205479,0
19,22,132,3766.0,6183.0,5214.0,279,0.04838067342403104,0.07943114810960805,0.0669826954946622,10.43213296398892,12.774793388429751,0.29924242424242425,45,27,47,0.34767025089605735,0.1111111111111111,0.3010752688172043,0
18,19,150,4265.5,5456.0,5412.5,243,0.0722366170468594,0.09239783908279564,0.09166116276312893,13.165123456790123,15.113573407202216,0.24055555555555555,38,33,54,0.5555555555555556,0.35390946502057613,0.2222222222222222,0
20,25,104,5589.5,4158.5,6768.0,295,0.06422866992243609,0.04778511921861534,0.07777075553002011,13.97375,6.6536,0.6257396449704142,45,43,61,0.34915254237288135,0.2576271186440678,0.45084745762711864,0
18,22,112,3910.5,5039.0,3054.5,219,0.08153499718521298,0.10506453159859053,0.0636871624861867,12.069444444444445,10.411157024793388,0.2435028698979592,32,44,50,0.2602739726027397,0.5296803652968036,0.3607305936073059,0
17,19,136,4203.0,4739.0,4869.0,227,0.08156572027402045,0.09196762987832094,0.0944904810883192,14.543252595155709,13.12742382271468,0.263246107266436,28,51,56,0.24669603524229075,0.46255506607929514,0.4845814977973568,1
19,22,164,6466.5,5251.0,4594.0,331,0.05902191473243216,0.04792763848449722,0.04193097908927447,17.912742382271468,10.849173553719009,0.17080606781677574,33,37,56,0.22356495468277945,0.1933534743202417,0.2598187311178248,0
18,24,148,3715.0,4393.0,4339.0,327,0.034742679722058564,0.041083335671333314,0.04057832767537338,11.466049382716049,7.626736111111111,0.1980916727538349,43,46,48,0.4892966360856269,0.4801223241590214,0.30275229357798167,0
19,24,113,6862.0,6396.0,6909.0,287,0.08330804064635967,0.07765057242409158,0.08387864366448543,19.008310249307478,11.104166666666666,0.5410760435429556,56,43,59,0.3344947735191638,0.3519163763066202,0.49825783972125437,0
20,23,113,4381.0,4950.0,4768.0,331,0.03998685663694198,0.045180310511952246,0.04351913545878552,10.9525,9.357277882797732,0.3734043386326259,33,31,55,0.36555891238670696,0.2719033232628399,0.35347432024169184,1
17,22,126,3471.0,4154.0,4339.5,251,0.05509436358153045,0.06593546134188347,0.06887985904985636,12.01038062283737,8.582644628099173,0.2733371126228269,31,33,54,0.350597609561753,0.2948207171314741,0.4342629482071713,1
17,21,124,2582.0,4032.5,4370.5,215,0.05585722011898323,0.08723634396971336,0.09454840454299622,8.934256055363322,9.143990929705215,0.2842416753381894,33,35,47,0.5720930232558139,0.3116279069767442,0.3627906976744186,1
17,19,106,4184.5,5082.0,4024.0,243,0.07086487493437653,0.08606411624244271,0.06814679334112347,14.479238754325259,14.077562326869806,0.35813456746173017,28,31,49,0.4403292181069959,0.4156378600823045,0.3786008230452675,1
20,29,127,5364.5,5591.5,3994.0,271,0.07304502934328236,0.07613594586130364,0.05438379107038303,13.41125,6.6486325802615935,0.24762849525699052,24,24,54,0.17712177121771217,0.2693726937269373,0.3247232472324723,1
19,23,109,4313.0,7417.0,4882.0,283,0.05385258899474335,0.09260947196244178,0.060957185131541164,11.947368421052632,14.020793950850662,0.4109081727127346,43,33,55,0.2332155477031802,0.22614840989399293,0.3215547703180212,1
17,19,166,2757.0,4386.0,5091.5,287,0.03347133023346162,0.05324818803190521,0.061813303548665155,9.539792387543253,12.149584487534627,0.18476919727101176,34,33,58,0.3902439024390244,0.11498257839721254,0.40069686411149824,0
18,24,126,3567.5,3521.0,3906.0,315,0.03595364071554548,0.03548500881834215,0.03936507936507937,11.010802469135802,6.112847222222222,0.24603174603174602,30,44,55,0.32063492063492066,0.35555555555555557,0.28888888888888886,0
17,23,160,4571.5,5235.5,5058.0,287,0.05550024888003982,0.06356153407228447,0.06140659714212871,15.818339100346021,9.896975425330814,0.197578125,39,29,53,0.31010452961672474,0.10801393728222997,0.3797909407665505,0
19,23,85,4494.0,6352.0,5296.0,279,0.0577330712606467,0.08160224046453668,0.06803612492131396,12.448753462603879,12.007561436672967,0.7330103806228374,32,29,64,0.3906810035842294,0.2867383512544803,0.3046594982078853,0
18,24,125,5392.0,4911.0,7171.0,299,0.060312524468406396,0.054932271451102334,0.08021163074238544,16.641975308641975,8.526041666666666,0.458944,35,42,64,0.3311036789297659,0.44481605351170567,0.49498327759197325,0
19,16,121,7247.0,7453.0,9422.0,327,0.06777394345780845,0.06970045544239635,0.08811454329508366,20.074792243767313,29.11328125,0.6435352776449696,62,45,61,0.4892966360856269,0.22935779816513763,0.5045871559633027,0
17,17,111,3567.0,5083.0,7555.5,275,0.047166942148760334,0.06721322314049587,0.09990743801652893,12.342560553633218,17.58823529411765,0.6132213294375457,41,39,61,0.5745454545454546,0.4218181818181818,0.37454545454545457,0
17,20,137,3668.0,6475.5,4298.0,271,0.049944853692079356,0.08817281899756267,0.05852316825751283,12.69204152249135,16.18875,0.22899461878629657,36,39,53,0.23616236162361623,0.45387453874538747,0.3505535055350554,0
17,21,133,5398.0,7532.0,4565.0,259,0.08046987969767892,0.11228216633622039,0.06805205646904489,18.67820069204152,17.07936507936508,0.2580699869975691,46,35,57,0.4555984555984556,0.5366795366795367,0.41312741312741313,0
24,29,111,8071.0,5395.0,4029.0,303,0.08791077127514732,0.058763302072781534,0.043884586478449825,14.012152777777779,6.414982164090369,0.3270026783540297,51,37,56,0.37623762376237624,0.46534653465346537,0.33993399339933994,0
20,23,92,4296.0,5356.0,5756.0,299,0.04805315376785495,0.05990984440889923,0.06438406729231216,10.74,10.12476370510397,0.6800567107750473,47,38,51,0.39464882943143814,0.431438127090301,0.41471571906354515,0
21,19,137,2896.0,3085.0,4984.0,243,0.04904401429321411,0.05224474588900743,0.08440447763721655,6.566893424036281,8.545706371191136,0.2655442484948585,43,35,61,0.48148148148148145,0.2139917695473251,0.43209876543209874,0
17,24,129,4367.0,4625.0,4506.0,255,0.06715878508266052,0.07112648981161092,0.0692964244521338,15.110726643598616,8.02951388888889,0.2707769965747251,35,21,43,0.35294117647058826,0.15294117647058825,0.23529411764705882,0
22,23,96,5704.5,5108.0,8024.5,271,0.07767459593415123,0.06955242984164159,0.10926457973066815,11.786157024793388,9.655954631379963,0.8707139756944444,34,32,59,0.44280442804428044,0.5276752767527675,0.42066420664206644,0
25,28,103,3051.5,5096.0,7173.0,271,0.04155036015304803,0.06938903337372856,0.09767023869500688,4.8824,6.5,0.676124045621642,42,33,49,0.4280442804428044,0.2066420664206642,0.4022140221402214,0
19,23,79,4536.0,3684.0,5444.0,251,0.07199885716099745,0.05847526229742385,0.08641132680433644,12.565096952908588,6.9640831758034025,0.8722961063932062,32,35,48,0.32270916334661354,0.29880478087649404,0.32669322709163345,0
20,25,89,5542.5,4814.5,4955.5,235,0.10036215482118606,0.08717971933001357,0.08973291081937529,13.85625,7.7032,0.6256154525943693,32,28,50,0.3446808510638298,0.3872340425531915,0.5063829787234042,0
17,21,73,1885.5,3672.5,4949.5,219,0.03931319196847439,0.07657263193010988,0.10319843205938158,6.524221453287197,8.32766439909297,0.9287858885344342,29,35,43,0.5662100456621004,0.4383561643835616,0.502283105022831,0
17,20,97,2742.0,4391.0,6957.5,255,0.0421683967704729,0.06752787389465591,0.10699730872741253,9.487889273356402,10.9775,0.7394515889042407,39,32,57,0.47843137254901963,0.3215686274509804,0.5333333333333333,1
20,30,89,10196.0,14134.0,16922.0,339,0.08872181759643581,0.12298883580894701,0.14724897973390416,25.49,15.704444444444444,2.136346420906451,97,95,95,0.5398230088495575,0.28023598820059,0.28023598820059,1
20,30,125,9847.0,9222.0,12172.0,415,0.057175206851502396,0.05354623312527217,0.07067498911307882,24.6175,10.246666666666666,0.779008,89,90,89,0.4843373493975904,0.44096385542168676,0.3566265060240964,0
22,23,83,6806.5,7887.5,7413.0,271,0.09267983823749677,0.10739913672199453,0.10093816805326725,14.063016528925619,14.910207939508506,1.0760632893017854,48,41,55,0.2693726937269373,0.47601476014760147,0.4833948339483395,0
19,22,95,4358.0,5133.5,6519.5,251,0.06917350518245742,0.08148283360581578,0.10348248440500944,12.07202216066482,10.606404958677686,0.722382271468144,34,45,54,0.43824701195219123,0.6095617529880478,0.5258964143426295,0
18,25,107,4567.0,5015.0,6067.0,255,0.07023452518262206,0.07712418300653595,0.09330257593233372,14.095679012345679,8.024,0.5299152764433575,32,34,46,0.4666666666666667,0.2196078431372549,0.48627450980392156,0
17,19,120,4082.0,3344.0,5262.0,255,0.0627758554402153,0.05142637447135717,0.08092272202998847,14.124567474048442,9.263157894736842,0.36541666666666667,39,35,41,0.3764705882352941,0.23921568627450981,0.25098039215686274,0
21,25,107,4680.5,5457.0,9734.5,319,0.045995027564587614,0.053625652263637344,0.09566042000373425,10.613378684807257,8.7312,0.8502489300375579,54,36,51,0.4012539184952978,0.3072100313479624,0.25391849529780564,0
25,24,118,5334.0,6466.0,9596.0,319,0.05241693772663398,0.0635410422460471,0.09429938778117354,8.5344,11.225694444444445,0.6891697787991956,41,38,52,0.3761755485893417,0.38557993730407525,0.31347962382445144,0
20,25,110,5352.5,5667.5,5909.5,271,0.07288163287536935,0.07717079015808609,0.08046595226099862,13.38125,9.068,0.4883884297520661,43,44,50,0.3726937269372694,0.4317343173431734,0.2730627306273063,0
17,21,75,4284.0,3733.0,7871.0,255,0.06588235294117648,0.05740868896578239,0.12104575163398693,14.823529411764707,8.464852607709751,1.3992888888888888,39,45,59,0.4235294117647059,0.29411764705882354,0.49411764705882355,1
18,20,83,4055.0,5496.5,7048.5,279,0.052093369817962254,0.07061188833648077,0.09054996724091417,12.515432098765432,13.74125,1.0231528523733489,36,28,59,0.3655913978494624,0.17204301075268819,0.32974910394265233,1
18,24,102,3144.0,5616.5,5466.5,243,0.05324391606970482,0.09511592067604871,0.09257565750478416,9.703703703703704,9.750868055555555,0.5254229142637448,31,15,41,0.3168724279835391,0.07818930041152264,0.3004115226337449,1
17,20,119,4546.0,4685.0,5357.0,255,0.06991157247212611,0.07204921184159939,0.0823836985774702,15.730103806228374,11.7125,0.37829249346797544,43,37,48,0.5411764705882353,0.4823529411764706,0.4196078431372549,0
20,22,112,5307.0,4794.0,7844.0,235,0.09609778180172024,0.08680851063829788,0.14203712086917156,13.2675,9.90495867768595,0.6253188775510204,47,28,52,0.5531914893617021,0.4978723404255319,0.40425531914893614,1
17,22,127,5079.5,7142.5,5971.5,239,0.08892526391344689,0.12504157840373942,0.10454123702316136,17.57612456747405,14.757231404958677,0.3702337404674809,52,34,33,0.5648535564853556,0.4769874476987448,0.3807531380753138,1
19,24,81,4364.0,4294.0,5047.0,239,0.07639922270268378,0.07517375396089004,0.08835629628332838,12.088642659279778,7.454861111111111,0.7692424935223289,32,34,42,0.22594142259414227,0.25523012552301255,0.29707112970711297,0
17,21,80,5578.0,6227.0,9915.0,271,0.07595212483490149,0.08478915047453058,0.13500633161313164,19.301038062283737,14.120181405895691,1.54921875,48,36,56,0.5239852398523985,0.13284132841328414,0.6531365313653137,1
18,30,102,6363.0,4094.0,6861.0,247,0.10429608746250553,0.06710485338228786,0.1124588175515088,19.63888888888889,4.5488888888888885,0.6594579008073818,54,40,59,0.48582995951417,0.3157894736842105,0.5263157894736842,1
20,26,95,4859.5,4821.0,5331.5,267,0.06816619674844647,0.0676261414804528,0.07478713405995314,12.14875,7.131656804733728,0.5907479224376732,38,38,53,0.37453183520599254,0.5243445692883895,0.3295880149812734,0
18,24,102,4716.0,4678.0,6391.0,259,0.07030306644206258,0.06973658711110449,0.09527287905666285,14.555555555555555,8.121527777777779,0.6142829680891965,46,28,39,0.6216216216216216,0.36293436293436293,0.2084942084942085,0
17,18,100,3984.0,3947.0,7567.0,279,0.05118125409488573,0.050705926182859934,0.09721098135943783,13.785467128027681,12.182098765432098,0.7567,43,34,58,0.34050179211469533,0.1971326164874552,0.25806451612903225,0
19,24,86,3977.0,4640.5,7738.0,263,0.05749685552776533,0.06708930301146468,0.11187092483627058,11.016620498614959,8.05642361111111,1.0462412114656572,42,32,60,0.4068441064638783,0.34220532319391633,0.39923954372623577,0
18,24,110,4175.0,6155.5,7938.0,271,0.05684835446140439,0.0838155798532155,0.10808676352446181,12.885802469135802,10.686631944444445,0.6560330578512397,0,40,55,0.0,0.3800738007380074,0.21033210332103322,1
17,22,77,4830.0,6794.0,6884.0,259,0.07200250443493687,0.1012805414349816,0.1026222030083034,16.71280276816609,14.037190082644628,1.161072693540226,35,21,55,0.5521235521235521,0.1583011583011583,0.42084942084942084,1
20,23,81,3421.0,5853.0,5612.0,287,0.04153261542570627,0.07105828649127706,0.06813242846216416,8.5525,11.064272211720226,0.855357415028197,33,33,55,0.3205574912891986,0.27177700348432055,0.3693379790940767,1
16,18,116,3486.0,2898.5,6007.5,227,0.06765122552349162,0.05624987870907644,0.11658483572357313,13.6171875,8.945987654320987,0.446455112960761,35,38,57,0.3876651982378855,0.6651982378854625,0.2599118942731278,0
17,20,91,5981.0,4928.0,7104.0,275,0.07908760330578513,0.06516363636363637,0.09393719008264463,20.695501730103807,12.32,0.8578674073179567,28,30,58,0.10181818181818182,0.3890909090909091,0.3890909090909091,0
19,24,82,3154.5,5402.5,4600.0,227,0.06121795493799608,0.10484387432319664,0.08927011973839974,8.738227146814404,9.379340277777779,0.6841165972635336,30,42,51,0.3700440528634361,0.3876651982378855,0.3832599118942731,0
17,22,111,3605.5,4472.5,4230.5,239,0.06312039355053307,0.07829869925246406,0.07406207874512001,12.475778546712803,9.240702479338843,0.3433568703838974,31,34,38,0.34309623430962344,0.23430962343096234,0.39748953974895396,0
20,24,85,3120.5,4393.0,6216.5,223,0.06275010557220133,0.08833879627581492,0.12500754087152366,7.80125,7.626736111111111,0.8604152249134948,23,23,61,0.2242152466367713,0.21973094170403587,0.484304932735426,1
19,22,112,3437.5,4803.5,4624.0,259,0.05124401842548561,0.07160745963834766,0.06893159016711141,9.522160664819944,9.924586776859504,0.36862244897959184,35,27,39,0.5328185328185329,0.4671814671814672,0.16216216216216217,1
17,24,113,3809.0,6868.0,5060.0,275,0.05036694214876033,0.09081652892561984,0.0669090909090909,13.179930795847751,11.92361111111111,0.3962722217871407,33,30,37,0.24,0.13454545454545455,0.14181818181818182,0
17,18,102,5334.0,4632.0,5693.0,271,0.07262972998733677,0.06307103661442519,0.07751800765240124,18.45674740484429,14.296296296296296,0.5471933871587851,29,32,49,0.28413284132841327,0.31365313653136534,0.2988929889298893,0
19,28,98,3178.5,5296.5,6374.0,299,0.03555329358732005,0.059244303754991554,0.07129674164718515,8.804709141274238,6.755739795918367,0.6636817992503123,34,41,58,0.24749163879598662,0.24414715719063546,0.2909698996655518,0
17,21,86,4455.5,6912.5,5090.5,275,0.05891570247933884,0.09140495867768594,0.06731239669421488,15.416955017301039,15.674603174603174,0.6882774472687939,43,58,60,0.4290909090909091,0.3054545454545455,0.21818181818181817,0
20,21,128,5544.0,5310.0,4233.5,303,0.060386236643466325,0.05783746691500833,0.046112036946268885,13.86,12.040816326530612,0.258392333984375,42,35,55,0.39933993399339934,0.2607260726072607,0.3102310231023102,0
18,25,128,5155.5,8203.5,5515.5,279,0.06623116352564844,0.10538790611631403,0.07085597564265618,15.912037037037036,13.1256,0.336639404296875,39,42,62,0.3835125448028674,0.32974910394265233,0.4336917562724014,0
17,24,122,5328.5,6268.0,4038.5,275,0.0704595041322314,0.08288264462809918,0.053401652892561983,18.43771626297578,10.881944444444445,0.27133163128191345,30,34,53,0.2109090909090909,0.20363636363636364,0.2909090909090909,1
17,22,121,3887.0,6072.0,5327.0,303,0.04233789715605224,0.06613730679998693,0.05802263394656297,13.449826989619377,12.545454545454545,0.36384126767297315,30,32,60,0.28052805280528054,0.10561056105610561,0.3927392739273927,0
19,22,137,7274.5,7389.5,5463.0,271,0.09905230048610449,0.10061818330360425,0.07438624201740172,20.150969529085874,15.267561983471074,0.2910650540785337,58,24,58,0.36162361623616235,0.1070110701107011,0.44280442804428044,0
20,21,84,5126.0,6686.0,4923.0,203,0.12439030308913102,0.16224611128636948,0.11946419471474679,12.815,15.160997732426305,0.6977040816326531,35,51,55,0.8029556650246306,0.812807881773399,0.4187192118226601,0
18,25,131,3066.5,5480.5,3010.5,247,0.050263075939615466,0.08983100853972364,0.049345178580209474,9.464506172839506,8.7688,0.17542683992774313,34,29,24,0.3765182186234818,0.4291497975708502,0.242914979757085,0
17,22,130,4274.0,5403.0,4108.0,239,0.07482362003466325,0.09458868017016508,0.07191750844698097,14.788927335640139,11.163223140495868,0.24307692307692308,28,38,53,0.29707112970711297,0.4225941422594142,0.29707112970711297,0
18,19,113,5780.0,8719.0,5243.0,319,0.056799756291703106,0.08568115486286494,0.051522685508200584,17.839506172839506,24.15235457063712,0.4106038060928812,33,32,59,0.29780564263322884,0.21630094043887146,0.36990595611285265,0
18,17,103,6804.0,4944.0,6763.0,255,0.10463667820069204,0.0760322952710496,0.10400615148019993,21.0,17.10726643598616,0.637477613347158,44,43,59,0.5764705882352941,0.5058823529411764,0.40784313725490196,1
19,22,136,4189.0,6644.0,4461.0,311,0.043310139473330504,0.0686924246027233,0.046122351919438385,11.60387811634349,13.727272727272727,0.24118728373702422,35,49,42,0.2829581993569132,0.3633440514469453,0.2733118971061093,0
17,21,114,5713.5,7133.5,5018.5,279,0.07339962230701044,0.091641936768541,0.0644711655811205,19.769896193771626,16.175736961451246,0.38615727916281933,46,43,57,0.41935483870967744,0.5734767025089605,0.5161290322580645,1
19,25,105,4533.5,4427.0,4015.5,255,0.06971933871587851,0.06808150711264899,0.06175317185697809,12.558171745152354,7.0832,0.36421768707482993,28,31,53,0.2901960784313726,0.20784313725490197,0.2901960784313726,0
17,22,90,3533.5,5483.0,4937.5,267,0.04956585167417133,0.0769122866080321,0.06926033469399206,12.226643598615917,11.328512396694215,0.6095679012345679,36,32,60,0.33707865168539325,0.3707865168539326,0.4419475655430712,1
19,26,119,3444.0,6385.0,4621.0,295,0.03957483481758115,0.07336972134444125,0.053099683998850906,9.54016620498615,9.445266272189349,0.3263187627992373,18,31,57,0.061016949152542375,0.21016949152542372,0.36271186440677966,1
18,21,106,19598.0,28543.0,20709.0,383,0.13360238327345608,0.1945817341450279,0.14117622998316165,60.48765432098765,64.7233560090703,1.8430936276254895,143,141,144,0.6579634464751958,0.4464751958224543,0.5013054830287206,1
20,28,128,6398.5,5346.5,6391.0,299,0.0715707877987942,0.05980358161541817,0.0714868961197302,15.99625,6.819515306122449,0.39007568359375,40,31,55,0.27424749163879597,0.28762541806020064,0.38461538461538464,1
18,23,103,9732.0,13317.0,10237.0,335,0.08671864557807975,0.11866339942080642,0.09121853419469815,30.037037037037038,25.17391304347826,0.9649354321802244,101,100,100,0.42388059701492536,0.5253731343283582,0.582089552238806,1
17,21,100,127590.5,134673.5,113675.5,655,0.29739642211992307,0.3139059495367403,0.2649624147776936,441.4896193771626,305.3820861678005,11.36755,370,356,350,0.6610687022900763,0.6091603053435114,0.6809160305343511,1
17,16,75,77692.0,92884.0,76080.0,495,0.31707784919906135,0.3790796857463524,0.31049892868074686,268.8304498269896,362.828125,13.525333333333334,298,297,294,0.7818181818181819,0.7555555555555555,0.8262626262626263,1
18,25,130,50173.5,62258.5,50931.5,503,0.19830717484358265,0.24607227410882618,0.2013031156994415,154.8564814814815,99.6136,3.013698224852071,249,240,242,0.6679920477137177,0.5288270377733598,0.6003976143141153,1
19,29,104,105574.0,124865.0,87097.0,599,0.2942410974328388,0.3480062764596531,0.2427445854387251,292.44875346260386,148.47205707491082,8.05260724852071,346,310,312,0.7061769616026711,0.6427378964941569,0.7278797996661102,1
20,25,115,122305.0,143643.5,99028.5,607,0.33194553384593256,0.3898599263398734,0.2687712546376839,305.7625,229.8296,7.487977315689981,369,324,326,0.6803953871499177,0.6227347611202636,0.8352553542009885,1
19,25,96,102299.5,119152.5,83126.0,575,0.3094124763705104,0.36038563327032136,0.25142079395085065,283.3781163434903,190.644,9.01974826388889,337,297,296,0.7617391304347826,0.64,0.7269565217391304,1
18,23,113,44705.0,55754.0,39653.0,503,0.17669331920998857,0.22036370247698697,0.156725650075689,137.9783950617284,105.39508506616257,3.105411543582113,233,201,196,0.5566600397614314,0.6003976143141153,0.7117296222664016,1
21,29,125,83968.0,96571.0,66647.0,599,0.23402387395798785,0.26914919412153254,0.18574920359753735,190.40362811791383,114.82877526753865,4.265408,311,274,270,0.6494156928213689,0.6010016694490818,0.7295492487479132,1
18,25,89,76880.5,90383.5,62844.5,687,0.16289311374263987,0.19150304363210296,0.1331538723941615,237.2854938271605,144.6136,7.933909859866178,296,258,252,0.5400291120815138,0.5152838427947598,0.6128093158660844,1
23,25,87,47175.0,57089.5,36908.5,415,0.27391493685585716,0.3314820728697924,0.21430396283930905,89.17769376181475,91.3432,4.876271634297794,232,187,188,0.8144578313253013,0.6963855421686747,0.8240963855421687,1
21,23,113,8875.5,19272.0,13095.0,415,0.051534330091450135,0.11190013064305414,0.07603425751197561,20.125850340136054,36.43100189035917,1.0255305818779858,119,88,97,0.5421686746987951,0.3710843373493976,0.491566265060241,1
20,28,125,9607.0,18184.0,15560.0,359,0.07454163142744082,0.14109139438707025,0.12073152753315074,24.0175,23.193877551020407,0.99584,116,85,107,0.4428969359331476,0.43454038997214484,0.5793871866295265,1
18,25,89,15790.0,22177.0,21174.0,423,0.0882472936192568,0.12394301650375289,0.11833744110792549,48.73456790123457,35.4832,2.6731473298825907,131,85,135,0.5981087470449172,0.46335697399527187,0.5224586288416075,1
25,29,143,3386.0,7226.0,11203.0,271,0.04610503669612342,0.09839190642828938,0.15254421916912897,5.4176,8.592152199762188,0.5478507506479534,19,37,91,0.13284132841328414,0.3874538745387454,0.4907749077490775,1
21,28,148,3238.0,3753.0,8216.0,283,0.040430021600968924,0.046860367840777135,0.10258587321604715,7.342403628117914,4.786989795918367,0.37509130752374,29,29,73,0.4416961130742049,0.4028268551236749,0.4028268551236749,1
25,29,120,3022.0,6038.0,9970.0,299,0.03380275388418474,0.06753839442511829,0.11152000536906746,4.8352,7.179548156956005,0.6923611111111111,52,24,87,0.24749163879598662,0.31438127090301005,0.3979933110367893,1
22,26,87,3695.5,6180.0,7937.0,263,0.05342711330220185,0.08934638349549653,0.1147479362142,7.635330578512397,9.142011834319527,1.0486193684766811,51,25,69,0.5779467680608364,0.13688212927756654,0.44866920152091255,1
22,25,86,3267.0,4529.0,5700.0,231,0.061224489795918366,0.0848747212383576,0.10681958733906786,6.75,7.2464,0.7706868577609519,0,32,69,0.0,0.3939393939393939,0.47186147186147187,1
18,24,102,2960.5,2894.0,6898.5,263,0.04280096575055299,0.041839552400641904,0.09973398487761859,9.137345679012345,5.024305555555555,0.6630622837370242,19,39,73,0.14068441064638784,0.3688212927756654,0.3231939163498099,1
18,25,88,3202.0,5173.0,10342.0,279,0.0411351344407189,0.06645598078133631,0.13286057476137253,9.882716049382717,8.2768,1.3354855371900827,36,32,92,0.3763440860215054,0.2114695340501792,0.4910394265232975,1
19,24,143,4191.0,4327.0,7942.0,335,0.03734462018266874,0.03855647137447093,0.07076854533303631,11.609418282548477,7.512152777777778,0.38838084991931143,30,33,67,0.27761194029850744,0.3582089552238806,0.31044776119402984,1
24,26,124,3739.0,5131.0,12431.0,307,0.03967150845101805,0.05444089592462519,0.13189529862385807,6.491319444444445,7.590236686390533,0.8084677419354839,35,30,97,0.4560260586319218,0.3289902280130293,0.31596091205211724,1
19,25,141,2336.0,5529.0,13785.0,299,0.026129461639131553,0.06184494580597533,0.15419290611961836,6.470914127423823,8.8464,0.6933755847291384,39,35,99,0.39464882943143814,0.451505016722408,0.33444816053511706,1
22,27,78,3005.0,6039.0,16727.0,299,0.03361259941163969,0.06754957998232682,0.1871008154271205,6.208677685950414,8.283950617283951,2.7493425378040763,37,38,113,0.3377926421404682,0.18394648829431437,0.38127090301003347,1
21,31,140,5173.0,6096.0,14642.0,335,0.04609489864112275,0.05431944753842727,0.13047003787034975,11.73015873015873,6.343392299687825,0.7470408163265306,39,36,104,0.24477611940298508,0.25671641791044775,0.36716417910447763,1
24,27,105,2704.0,7260.0,13608.0,319,0.02657206591916353,0.0713436385255648,0.1337251009718851,4.694444444444445,9.958847736625515,1.2342857142857142,36,30,95,0.28213166144200624,0.2664576802507837,0.3949843260188088,1
23,23,111,4810.0,6463.5,14481.0,311,0.0497306686241871,0.06682623215227303,0.1497192957062065,9.092627599243857,12.218336483931948,1.175310445580716,39,37,106,0.4115755627009646,0.19292604501607716,0.45980707395498394,1
18,24,105,6366.0,13333.5,29521.5,319,0.06255834750051592,0.13102760389540197,0.2901062293019919,19.64814814814815,23.1484375,2.677687074829932,65,63,161,0.5956112852664577,0.5360501567398119,0.5454545454545454,1
19,29,106,5584.5,12010.5,29620.0,351,0.04532836584118635,0.09748703338446928,0.2404201264600125,15.469529085872576,14.281212841854934,2.636169455322179,65,64,161,0.5897435897435898,0.5584045584045584,0.6125356125356125,1
18,23,101,5298.0,9073.0,15834.0,295,0.060879057742028155,0.10425739729962655,0.18194771617351335,16.35185185185185,17.15122873345936,1.5522007646309186,52,52,131,0.6338983050847458,0.22033898305084745,0.6542372881355932,1
20,25,108,7781.5,13351.0,21104.0,399,0.04887846181870717,0.08386253855189352,0.13256198139458922,19.45375,21.3616,1.8093278463648834,47,42,129,0.38847117794486213,0.18546365914786966,0.39849624060150374,1
20,25,122,4439.0,8354.0,9265.5,295,0.051008330939385234,0.09599540361964952,0.10646940534329216,11.0975,13.3664,0.6225141091104541,36,25,92,0.45084745762711864,0.1288135593220339,0.3864406779661017,1
18,25,105,3187.5,8307.5,13597.0,287,0.03869781106969855,0.10085711857616336,0.1650742390948051,9.837962962962964,13.292,1.2332879818594105,39,32,101,0.4634146341463415,0.313588850174216,0.5923344947735192,1
19,26,106,2639.5,6113.5,9280.5,263,0.03816015845248594,0.08838497014558545,0.1341713773511255,7.311634349030471,9.043639053254438,0.8259611961552153,33,29,72,0.376425855513308,0.4714828897338403,0.376425855513308,1
18,25,120,2514.5,7189.5,10251.5,255,0.03866974240676663,0.11056516724336793,0.1576547481737793,7.760802469135802,11.5032,0.7119097222222223,30,21,90,0.2,0.22745098039215686,0.4588235294117647,1
18,24,118,2551.0,4501.0,8207.0,271,0.03473536580384254,0.06128729183970807,0.11174956768017864,7.8734567901234565,7.814236111111111,0.5894139615053146,28,26,77,0.34317343173431736,0.17343173431734318,0.30996309963099633,1
20,20,104,5336.5,5183.5,17519.5,351,0.04331539516724702,0.04207352213050219,0.14220257952451684,13.34125,12.95875,1.6197762573964498,47,46,116,0.4928774928774929,0.4586894586894587,0.3475783475783476,1
18,23,105,4012.0,6294.0,14747.0,331,0.03661886985332372,0.05744744936610655,0.13460081598378984,12.382716049382717,11.897920604914933,1.3375963718820862,36,32,107,0.311178247734139,0.2598187311178248,0.45317220543806647,1
18,25,93,4869.0,4276.0,9558.0,311,0.0503406705886002,0.044209633895431186,0.09882031823492313,15.027777777777779,6.8416,1.105098855359001,41,34,80,0.3022508038585209,0.20257234726688103,0.3665594855305466,1
19,21,79,5454.0,5525.0,16219.0,303,0.0594059405940594,0.0601792852552582,0.17666024028145388,15.10803324099723,12.528344671201815,2.598782246434866,38,30,112,0.39933993399339934,0.29372937293729373,0.47194719471947194,1
18,24,70,6652.5,11212.5,29386.0,359,0.05161738347778183,0.08699885941294683,0.228008783296219,20.53240740740741,19.466145833333332,5.997142857142857,75,61,162,0.35097493036211697,0.35097493036211697,0.6880222841225627,1
18,25,112,4536.0,6472.5,14094.5,271,0.06176386487112104,0.08813196988058442,0.19191595975000342,14.0,10.356,1.1236049107142858,59,39,108,0.5756457564575646,0.46863468634686345,0.5350553505535055,1
20,23,126,3975.0,4497.0,14048.0,271,0.05412507999618742,0.061232826350403724,0.19128279843684046,9.9375,8.500945179584122,0.8848576467624086,44,34,107,0.33210332103321033,0.3763837638376384,0.5940959409594095,1
18,19,137,4091.0,5499.0,12986.0,303,0.04455990153470793,0.05989608861876287,0.14144582775109193,12.626543209876543,15.232686980609419,0.6918855559699505,31,29,94,0.44554455445544555,0.24092409240924093,0.38943894389438943,1
18,22,106,3885.0,3910.0,12012.0,307,0.041220596505002705,0.0414858513087672,0.1274496281127651,11.99074074074074,8.078512396694215,1.069063723745105,49,31,92,0.48859934853420195,0.1791530944625407,0.4234527687296417,1
19,24,159,3394.0,6562.0,12473.0,271,0.0462139676747321,0.08935063520376901,0.16983701202325677,9.401662049861496,11.39236111111111,0.4933744709465607,44,29,89,0.5498154981549815,0.4095940959409594,0.39114391143911437,1
18,25,125,2787.0,5590.0,10602.0,287,0.03383554492588231,0.06786533768772232,0.12871347230147265,8.601851851851851,8.944,0.678528,33,31,80,0.4843205574912892,0.3623693379790941,0.44947735191637633,1
20,23,124,4266.0,6057.5,15941.0,363,0.032374837784304354,0.04597060006526573,0.12097686102193991,10.665,11.45085066162571,1.0367455775234131,38,30,104,0.24793388429752067,0.17079889807162535,0.3856749311294766,1
18,20,75,4058.5,5263.5,14464.5,259,0.06050148328140606,0.07846484101310357,0.2156273758590361,12.526234567901234,13.15875,2.571466666666667,36,38,104,0.46332046332046334,0.3861003861003861,0.4980694980694981,1
18,23,96,2998.0,8792.0,11306.0,275,0.03964297520661157,0.11625785123966942,0.149500826446281,9.253086419753087,16.620037807183365,1.2267795138888888,36,27,89,0.44727272727272727,0.2872727272727273,0.41818181818181815,1
19,23,107,4395.0,5148.0,14617.0,251,0.06976079744765956,0.08171298868271933,0.23201219028269393,12.174515235457063,9.73156899810964,1.2767053891169535,38,33,101,0.4900398406374502,0.3944223107569721,0.545816733067729,1
18,27,89,2085.0,7574.0,14847.0,279,0.026785370177669864,0.09730090826171298,0.19073495972559448,6.435185185185185,10.38957475994513,1.8743845474056307,40,30,99,0.4874551971326165,0.3333333333333333,0.4982078853046595,1
18,25,92,3124.0,7301.0,9476.0,263,0.04516474143040958,0.10555306567971201,0.13699778802642804,9.641975308641975,11.6816,1.1195652173913044,32,27,72,0.12167300380228137,0.1634980988593156,0.5133079847908745,1
20,25,89,4682.5,6987.5,7859.5,351,0.03800699669645539,0.056716260419964123,0.0637941250476863,11.70625,11.18,0.9922358288094938,38,31,69,0.2934472934472934,0.18803418803418803,0.19943019943019943,1
18,24,92,5063.0,9334.5,10792.5,275,0.06694876033057852,0.12343140495867769,0.14271074380165288,15.626543209876543,16.205729166666668,1.2751063327032137,30,31,82,0.10909090909090909,0.13090909090909092,0.4618181818181818,1
18,24,95,2911.5,9152.0,7037.5,263,0.042092555913776405,0.13231360869753792,0.10174355563908688,8.98611111111111,15.88888888888889,0.7797783933518005,52,37,60,0.4752851711026616,0.22813688212927757,0.4068441064638783,1
19,26,104,3556.0,9508.0,13820.0,335,0.031686344397415904,0.08472265537981734,0.1231454666963689,9.850415512465373,14.065088757396449,1.2777366863905326,30,28,97,0.33432835820895523,0.16716417910447762,0.36716417910447763,1
18,25,101,3883.0,7762.5,9276.0,295,0.044619362252226374,0.0891985061763861,0.1065900603274921,11.984567901234568,12.42,0.9093226154298598,40,28,81,0.45084745762711864,0.3694915254237288,0.43050847457627117,1
20,21,80,3799.0,7951.0,11978.0,355,0.030144812537195,0.06309065661575085,0.09504463400119025,9.4975,18.029478458049887,1.8715625,31,33,92,0.35774647887323946,0.28450704225352114,0.28450704225352114,1
18,23,78,2854.0,7987.0,13446.0,263,0.04126125865633448,0.11547080339458428,0.19439344214893955,8.808641975308642,15.098298676748582,2.210059171597633,42,22,96,0.5475285171102662,0.34980988593155893,0.42585551330798477,1
18,25,98,3727.5,5716.5,8848.5,255,0.05732410611303345,0.0879123414071511,0.13607843137254902,11.50462962962963,9.1464,0.9213348604748022,36,30,79,0.5098039215686274,0.3411764705882353,0.30980392156862746,1
19,29,190,4127.0,5988.0,10135.0,299,0.04616279459961298,0.06697911656469167,0.1133656223084753,11.43213296398892,7.1200951248513675,0.2807479224376731,39,22,85,0.34782608695652173,0.17725752508361203,0.46488294314381273,1
18,26,89,3643.0,7737.0,10150.0,335,0.03246157273334818,0.06894185787480508,0.09044330585876587,11.243827160493828,11.445266272189349,1.2814038631485924,35,45,90,0.3970149253731343,0.4537313432835821,0.3970149253731343,1
18,23,116,2712.0,5429.0,6013.5,259,0.04042873540943039,0.08093200757293421,0.0896453541241186,8.37037037037037,10.262759924385634,0.44690101070154575,45,32,63,0.4942084942084942,0.18532818532818532,0.4015444015444015,1
20,28,78,4601.0,4966.0,8658.0,239,0.08054830972847114,0.0869382538821099,0.1515729766635738,11.5025,6.334183673469388,1.4230769230769231,40,28,79,0.4811715481171548,0.49372384937238495,0.5313807531380753,1
18,23,102,6057.0,6827.0,9736.0,287,0.07353494639973776,0.0828831235052022,0.11819980818026199,18.694444444444443,12.905482041587902,0.9357939254133025,38,30,88,0.519163763066202,0.30313588850174217,0.4564459930313589,1
18,24,103,3484.0,5112.0,9205.0,319,0.034237084934306855,0.05023535539155472,0.09045705132614656,10.753086419753087,8.875,0.8676595343576209,6,7,89,0.018808777429467086,0.03134796238244514,0.4106583072100313,1
19,29,104,3825.0,9445.0,12141.0,355,0.03035112080936322,0.07494544733187859,0.09633802816901409,10.595567867036012,11.230677764565993,1.122503698224852,36,23,104,0.3464788732394366,0.10985915492957747,0.38873239436619716,1
18,25,135,6452.0,5195.5,9624.5,279,0.08288691049703883,0.0667450315386493,0.12364306727816961,19.91358024691358,8.3128,0.5280932784636488,45,2,92,0.33691756272401435,0.007168458781362007,0.45878136200716846,1
20,25,118,2888.5,5605.0,7911.5,315,0.029110607205845303,0.056487780297304106,0.07973293020912069,7.22125,8.968,0.5681916116058604,35,29,80,0.3047619047619048,0.2507936507936508,0.35873015873015873,1
18,23,90,3987.5,4831.5,7548.0,311,0.04122682767961456,0.04995295747562577,0.0780388953794936,12.307098765432098,9.133270321361058,0.9318518518518518,40,37,75,0.3665594855305466,0.3311897106109325,0.3504823151125402,1
18,25,150,2885.0,3607.0,7573.0,311,0.02982806215816627,0.037292831959967326,0.07829737078814322,8.904320987654321,5.7712,0.33657777777777775,32,22,71,0.40514469453376206,0.21864951768488747,0.38263665594855306,1
18,23,110,3191.0,4358.0,7585.0,275,0.04219504132231405,0.057626446280991735,0.10029752066115702,9.848765432098766,8.238185255198488,0.6268595041322315,34,31,74,0.3563636363636364,0.4,0.41818181818181815,1
19,25,166,3580.0,5556.0,7986.0,319,0.0351804718900168,0.05459852006171323,0.07847800237812129,9.916897506925208,8.8896,0.2898098417767455,33,28,81,0.3448275862068966,0.2507836990595611,0.335423197492163,1
18,23,112,4356.0,5123.0,6290.0,303,0.04744632879129497,0.05580062956790729,0.06851180167521703,13.444444444444445,9.684310018903592,0.5014349489795918,31,31,68,0.3432343234323432,0.3333333333333333,0.297029702970297,1
20,27,129,3037.0,5690.0,7881.0,295,0.03489801781097386,0.06538351048549268,0.09056018385521401,7.5925,7.805212620027435,0.47358932756444927,28,27,78,0.38305084745762713,0.3694915254237288,0.4440677966101695,1
18,25,85,3808.0,6383.0,6381.0,287,0.0462309849579332,0.07749274605737595,0.07746846507788124,11.753086419753087,10.2128,0.8831833910034602,30,34,78,0.37630662020905925,0.3797909407665505,0.4250871080139373,1
18,22,76,3254.0,3612.0,10674.0,239,0.05696678979709739,0.06323418707655679,0.18686647642723342,10.04320987654321,7.462809917355372,1.8479916897506925,33,30,88,0.33472803347280333,0.5271966527196653,0.6150627615062761,1
19,25,138,4056.0,7744.5,8338.5,279,0.05210621651828728,0.09949127066712915,0.10712221066019192,11.23545706371191,12.3912,0.43785444234404536,33,24,80,0.41935483870967744,0.16129032258064516,0.2903225806451613,1
18,25,98,3557.0,6769.0,11182.5,375,0.02529422222222222,0.04813511111111111,0.07952,10.978395061728396,10.8304,1.1643586005830904,30,28,82,0.24,0.18133333333333335,0.21866666666666668,1
20,27,100,4082.0,4481.0,10155.0,275,0.05397685950413223,0.05925289256198347,0.1342809917355372,10.205,6.1467764060356656,1.0155,41,40,98,0.5454545454545454,0.4509090909090909,0.5745454545454546,1
18,23,116,3842.0,5343.0,5963.0,323,0.03682581065667264,0.05121298967688754,0.05715572851268583,11.858024691358025,10.100189035916824,0.4431480380499406,27,37,74,0.2848297213622291,0.2476780185758514,0.28792569659442724,1
18,22,99,3582.0,8096.0,8049.0,311,0.037034356551317704,0.08370467633709329,0.08321874256883201,11.055555555555555,16.727272727272727,0.8212427303336394,36,37,84,0.2604501607717042,0.1189710610932476,0.3729903536977492,1
18,22,101,2886.5,6168.0,6888.0,287,0.03504352365574427,0.07488254076169433,0.08362369337979095,8.908950617283951,12.743801652892563,0.6752279188314871,38,33,79,0.47735191637630664,0.3867595818815331,0.3170731707317073,1
19,21,108,3394.0,4803.0,7879.0,283,0.04237785463671665,0.059970782504463784,0.09837805441446391,9.401662049861496,10.891156462585034,0.6754972565157751,26,20,80,0.22968197879858657,0.19434628975265017,0.3674911660777385,1
19,25,107,2242.0,3798.0,5678.0,243,0.037968466866500704,0.06431946349641823,0.09615742857626716,6.2105263157894735,6.0768,0.49593850991352956,34,38,59,0.2962962962962963,0.37448559670781895,0.3868312757201646,1
18,25,93,3868.5,3218.5,7479.0,275,0.051153719008264466,0.04255867768595041,0.09889586776859505,11.939814814814815,5.1496,0.8647242455775234,32,36,71,0.2690909090909091,0.26181818181818184,0.45454545454545453,1
18,25,92,4265.0,8138.0,8341.0,327,0.03988627968090976,0.0761065753911474,0.07800503137595975,13.16358024691358,13.0208,0.9854678638941399,32,25,82,0.37003058103975534,0.2415902140672783,0.25688073394495414,1
20,25,84,2045.0,4606.0,7629.0,267,0.028686052546676204,0.06461024842542328,0.10701510752009426,5.1125,7.3696,1.0812074829931972,29,25,71,0.1760299625468165,0.3333333333333333,0.31835205992509363,1
21,26,76,1887.0,4792.0,7994.0,231,0.035362905492775626,0.08980341447873916,0.14980978617342253,4.27891156462585,7.088757396449704,1.3840027700831026,24,35,74,0.3333333333333333,0.23376623376623376,0.4199134199134199,1
19,26,129,2582.5,7092.0,6433.5,319,0.025378091803343127,0.0696927113530724,0.06322166645374948,7.153739612188366,10.49112426035503,0.3866053722733009,40,33,56,0.2601880877742947,0.26332288401253917,0.322884012539185,1
25,32,98,4067.0,3773.0,6936.0,247,0.06666229572685997,0.06184333458997853,0.11368814437214181,6.5072,3.6845703125,0.7221990837151187,38,19,67,0.4777327935222672,0.07692307692307693,0.2793522267206478,1
18,24,123,3055.0,5969.5,7811.5,343,0.025967071543319536,0.05073991279143894,0.06639665445520149,9.429012345679013,10.363715277777779,0.5163262608235838,37,27,73,0.30612244897959184,0.2478134110787172,0.282798833819242,1
18,26,91,2576.0,4765.0,8057.0,255,0.03961553248750481,0.07327950788158401,0.12390618992695117,7.950617283950617,7.048816568047338,0.9729501267962807,23,31,62,0.30196078431372547,0.22745098039215686,0.45098039215686275,1
18,20,109,3981.5,6377.0,9799.0,267,0.05585013115627937,0.08945279075313162,0.13745458626155507,12.28858024691358,15.9425,0.8247622254019022,42,33,77,0.40823970037453183,0.2958801498127341,0.41947565543071164,1
21,26,94,4441.0,5541.5,11081.0,311,0.04591557159251869,0.057293659081275004,0.11456664012985805,10.070294784580499,8.197485207100591,1.254074241738343,27,34,86,0.33762057877813506,0.27009646302250806,0.4180064308681672,1
20,25,101,2985.0,5631.0,11851.0,287,0.03623936189585888,0.06836309776736393,0.1438769439959208,7.4625,9.0096,1.1617488481521419,33,39,97,0.42160278745644597,0.3170731707317073,0.34494773519163763,1
18,22,89,2298.0,5259.0,7941.0,235,0.04161158895427795,0.0952286102308737,0.14379357175192395,7.092592592592593,10.865702479338843,1.0025249337204898,18,35,75,0.07659574468085106,0.4723404255319149,0.3446808510638298,1
20,22,120,3394.0,5445.0,13045.5,279,0.043601700903123035,0.06995028326974216,0.16759162909006822,8.485,11.25,0.9059375,32,34,94,0.4265232974910394,0.4050179211469534,0.5161290322580645,1
21,22,140,4125.0,4737.0,9599.0,287,0.05007952020784519,0.05750949993322731,0.11653656108487416,9.353741496598639,9.787190082644628,0.4897448979591837,35,37,84,0.313588850174216,0.41114982578397213,0.39372822299651566,1
24,28,92,2716.0,6069.5,13366.5,279,0.03489163808275844,0.0779730476227181,0.17171541989440012,4.715277777777778,7.7417091836734695,1.5792178638941399,36,33,101,0.2903225806451613,0.2939068100358423,0.3978494623655914,1
19,26,85,3624.0,6212.5,11625.0,287,0.043997134844419625,0.07542279255545169,0.14113319331301824,10.038781163434903,9.190088757396449,1.6089965397923875,32,32,91,0.24041811846689895,0.2682926829268293,0.34494773519163763,1
20,25,124,2777.0,4841.0,8941.0,303,0.03024757921336688,0.0527290352797656,0.09738696641941422,6.9425,7.7456,0.581490634755463,30,26,66,0.3234323432343234,0.29372937293729373,0.39933993399339934,1
18,25,142,2950.0,8997.0,13929.0,343,0.025074586269326557,0.07647323819156984,0.11839454648998292,9.104938271604938,14.3952,0.6907855584209482,37,33,92,0.4518950437317784,0.15451895043731778,0.3236151603498542,1
24,28,83,3163.5,9740.0,14473.5,367,0.023487441439167266,0.07231473988224725,0.10745866403344,5.4921875,12.423469387755102,2.100958049063725,25,26,99,0.2561307901907357,0.1880108991825613,0.27520435967302453,1
18,21,89,3422.5,10445.5,16089.5,339,0.029781328042742406,0.09089287423534428,0.14000487291269656,10.563271604938272,23.6859410430839,2.031246054791062,41,33,112,0.3392330383480826,0.25958702064896755,0.3303834808259587,1
22,30,107,3768.0,10894.0,22505.0,359,0.029236272220110025,0.08452758746440515,0.174618446473879,7.785123966942149,12.104444444444445,1.9656738579788628,50,47,136,0.14763231197771587,0.38440111420612816,0.5376044568245125,1
23,23,80,4113.0,4864.0,13302.0,271,0.05600413937718713,0.06623003499407688,0.18112498468158114,7.775047258979206,9.194706994328923,2.0784375,27,28,103,0.35793357933579334,0.2140221402214022,0.5055350553505535,1
20,24,107,2900.0,7469.0,12401.0,263,0.04192629646228802,0.10798189940580318,0.1792855180789082,7.25,12.96701388888889,1.0831513669316097,38,28,96,0.5133079847908745,0.27756653992395436,0.40304182509505704,1
19,26,116,2152.0,4587.5,11688.0,259,0.032080618953205825,0.06838747186237534,0.1742371163220584,5.961218836565097,6.786242603550296,0.8686087990487514,48,33,83,0.3166023166023166,0.25096525096525096,0.5791505791505791,1
18,25,98,2652.5,8006.0,11935.5,267,0.03720770385332941,0.11230344092356465,0.16742414678281362,8.186728395061728,12.8096,1.2427634319033736,37,21,95,0.4943820224719101,0.15355805243445692,0.5842696629213483,1
18,23,135,3183.0,8322.5,8623.5,315,0.03207860922146637,0.08387503149407911,0.08690854119425548,9.824074074074074,15.732514177693762,0.4731687242798354,22,32,71,0.13333333333333333,0.3492063492063492,0.3619047619047619,1
22,20,135,2770.5,7442.5,8381.0,311,0.028644244786551008,0.07694812915499219,0.08665129599569897,5.724173553719008,18.60625,0.4598628257887517,31,18,65,0.16720257234726688,0.1157556270096463,0.2508038585209003,1
20,31,77,3998.5,7701.0,16042.5,315,0.040297304106827914,0.07761148904006047,0.16167800453514738,9.99625,8.013527575442248,2.7057682577163096,29,24,104,0.3047619047619048,0.13333333333333333,0.526984126984127,1
18,21,78,2964.5,10252.0,17426.0,303,0.0322898626496313,0.11166661220577503,0.18980709952183336,9.149691358024691,23.24716553287982,2.864234056541749,26,39,107,0.2376237623762376,0.4389438943894389,0.49504950495049505,1
19,26,77,2238.0,6178.0,13026.0,271,0.030473441265777973,0.08412194823055241,0.1773668659195817,6.199445983379501,9.13905325443787,2.196997807387418,28,25,85,0.41697416974169743,0.2029520295202952,0.4944649446494465,1
18,19,66,5184.0,11360.0,29929.0,367,0.03848866648352872,0.08434244815834997,0.22220819814535708,16.0,31.46814404432133,6.870752984389348,45,42,144,0.3242506811989101,0.26975476839237056,0.6130790190735694,1
18,25,92,4502.0,14970.0,28486.0,327,0.04210270366317837,0.1399994388800045,0.2664010698687914,13.895061728395062,23.952,3.3655482041587903,50,47,136,0.3669724770642202,0.3394495412844037,0.43730886850152906,1
20,24,81,5321.0,13911.0,24156.5,343,0.045227753742063254,0.11824154901444126,0.20532686210677523,13.3025,24.151041666666668,3.681832037799116,53,38,124,0.4402332361516035,0.39941690962099125,0.5364431486880467,1
18,25,87,3534.5,16640.5,32712.0,407,0.021337285465049594,0.10045638669717294,0.1974777994434014,10.908950617283951,26.6248,4.32183908045977,50,52,157,0.4226044226044226,0.23832923832923833,0.457002457002457,1
18,25,79,5307.0,15176.0,29916.0,399,0.03333521774360714,0.09532603438420613,0.18791339250381592,16.37962962962963,24.2816,4.7934625861240185,54,51,133,0.3583959899749373,0.44611528822055135,0.44611528822055135,1
19,25,87,5359.0,11175.0,23211.0,399,0.03366184885773331,0.07019428269922928,0.14579682288427837,14.844875346260388,17.88,3.066587395957194,38,35,127,0.3182957393483709,0.23308270676691728,0.37092731829573933,1
18,19,77,4899.5,10438.5,22758.0,391,0.03204780188512634,0.06827859577056665,0.14886087872266665,15.121913580246913,28.91551246537396,3.8384213189407994,40,40,127,0.36828644501278773,0.34782608695652173,0.391304347826087,1
18,24,103,5296.0,11156.0,20904.0,351,0.042986664069285155,0.09055121305833556,0.16967394745172523,16.34567901234568,19.368055555555557,1.9704024884532,46,46,126,0.31054131054131057,0.4415954415954416,0.4472934472934473,1
20,25,78,5316.0,9050.0,18181.0,327,0.04971523160227815,0.0846355993229152,0.17002871063977032,13.29,14.48,2.988330046022354,46,42,126,0.14067278287461774,0.2996941896024465,0.581039755351682,1
18,21,89,3679.0,7733.0,12655.0,271,0.05009463378766629,0.10529540719761442,0.1723151917866042,11.354938271604938,17.53514739229025,1.5976518116399445,32,29,101,0.5276752767527675,0.36900369003690037,0.5129151291512916,1
19,24,64,4156.5,5986.0,10212.5,307,0.04410126367388514,0.06351261021337097,0.10835658733779668,11.513850415512465,10.39236111111111,2.4932861328125,33,30,101,0.36807817589576547,0.23778501628664495,0.36156351791530944,1
18,25,96,3537.0,7729.0,14728.0,291,0.04176851950260389,0.0912719500242085,0.17392331219517956,10.916666666666666,12.3664,1.5980902777777777,38,35,106,0.4639175257731959,0.23367697594501718,0.46048109965635736,1
18,25,114,2611.0,6835.5,11721.5,283,0.03260123113036747,0.08534879946060009,0.14635592902895528,8.058641975308642,10.9368,0.9019313634964604,39,37,85,0.31802120141342755,0.38162544169611307,0.5618374558303887,1
20,25,111,3770.0,6998.0,11117.0,311,0.03897809162436286,0.07235243638920193,0.1149388447183135,9.425,11.1968,0.9022806590374158,31,31,95,0.3054662379421222,0.31189710610932475,0.3536977491961415,1
18,25,83,3893.0,9034.0,14646.0,315,0.03923406399596876,0.09104560342655581,0.1476039304610733,12.015432098765432,14.4544,2.125997967774713,30,41,106,0.27936507936507937,0.4031746031746032,0.49206349206349204,1
18,24,105,3764.0,8276.0,13597.5,271,0.05125202543538351,0.1126890973706785,0.18514862270393923,11.617283950617283,14.368055555555555,1.2333333333333334,42,35,100,0.26199261992619927,0.42066420664206644,0.5239852398523985,1
19,25,90,6356.0,8023.0,23030.5,307,0.06743838130908551,0.08512557162410211,0.24435803032392917,17.606648199445985,12.8368,2.8432716049382716,51,50,141,0.6123778501628665,0.5407166123778502,0.6775244299674267,1
18,21,74,4679.0,9765.0,23088.0,295,0.05376615914966963,0.11220913530594656,0.26530307382935936,14.441358024691358,22.142857142857142,4.216216216216216,60,54,151,0.6067796610169491,0.33559322033898303,0.6677966101694915,1
18,23,120,6375.0,10938.0,26427.0,331,0.058186763538120315,0.09983479522822902,0.24120809412108324,19.675925925925927,20.676748582230623,1.8352083333333333,60,60,153,0.4199395770392749,0.18126888217522658,0.5649546827794562,1
19,23,91,6149.0,10595.0,23334.0,303,0.06697600453114619,0.11540262937184807,0.2541580890762344,17.033240997229917,20.02835538752363,2.817775630962444,56,54,148,0.5313531353135313,0.19141914191419143,0.6270627062706271,1
18,22,66,5072.0,9131.0,26902.0,303,0.055245128473243366,0.0994564803014955,0.2930213813460554,15.654320987654321,18.865702479338843,6.175849403122131,53,53,158,0.6138613861386139,0.47194719471947194,0.6402640264026402,1
18,24,67,5753.0,5742.0,24950.0,295,0.06610744039069233,0.0659810399310543,0.28669922436081585,17.756172839506174,9.96875,5.5580307418133215,43,43,146,0.5084745762711864,0.5288135593220339,0.6847457627118644,1
19,22,82,4751.0,8321.0,14508.0,299,0.05314258229773716,0.09307502153219763,0.16228006398138722,13.160664819944598,17.19214876033058,2.157644259369423,41,38,110,0.4682274247491639,0.4682274247491639,0.4682274247491639,1
18,21,71,3355.0,6291.0,14008.0,251,0.05325312296630212,0.09985555784828812,0.2223456770527452,10.354938271604938,14.26530612244898,2.7788137274350326,40,29,105,0.3466135458167331,0.2788844621513944,0.6932270916334662,1
20,29,81,4031.0,8058.0,11943.0,339,0.035076269785330794,0.07011773305140052,0.10392356488370272,10.0775,9.581450653983353,1.8203017832647461,34,31,89,0.39823008849557523,0.09144542772861357,0.35103244837758113,1
20,31,74,5402.0,8881.0,18074.0,327,0.05051950359584397,0.08305511133555911,0.16902804664777563,13.505,9.241415192507805,3.300584368151936,42,46,98,0.3333333333333333,0.3363914373088685,0.6146788990825688,1
21,24,92,3626.0,7629.0,9913.0,359,0.028134480644936025,0.059194140331003016,0.07691591468098478,8.222222222222221,13.244791666666666,1.171195652173913,31,31,82,0.25069637883008355,0.08635097493036212,0.3871866295264624,1
21,25,90,7412.0,8694.0,21102.0,303,0.08073282575782331,0.09469659837270855,0.2298467470509427,16.807256235827666,13.9104,2.605185185185185,42,36,126,0.37293729372937295,0.38943894389438943,0.47854785478547857,1
18,21,70,3841.5,7803.0,19547.0,319,0.03775021864958088,0.0766796709937992,0.1920873419089828,11.856481481481481,17.693877551020407,3.989183673469388,55,49,131,0.5391849529780565,0.45454545454545453,0.5266457680250783,1
19,24,97,3659.0,8884.0,16502.0,335,0.0326041434617955,0.07916239697037201,0.1470438850523502,10.13573407202216,15.42361111111111,1.7538526942289296,44,39,121,0.4626865671641791,0.41492537313432837,0.5373134328358209,1
19,26,120,4279.5,9129.5,20232.0,295,0.049175524274633724,0.104906636024131,0.232484918126975,11.854570637119114,13.5051775147929,1.405,48,50,129,0.2542372881355932,0.24745762711864408,0.46440677966101696,1
18,28,78,3765.0,6050.0,24037.0,383,0.02566654623046036,0.04124371970631745,0.16386368439351282,11.62037037037037,7.716836734693878,3.950854700854701,49,46,138,0.3185378590078329,0.2898172323759791,0.5143603133159269,1
18,22,112,6586.5,9192.0,18855.0,327,0.06159694750722442,0.08596358331229133,0.17633195858934433,20.328703703703702,18.99173553719008,1.503109056122449,56,53,130,0.42813455657492355,0.2996941896024465,0.5107033639143731,1
18,24,81,5215.0,7561.0,11419.0,311,0.053917970244310956,0.0781733025919914,0.11806122765480093,16.09567901234568,13.12673611111111,1.740435909160189,30,1,101,0.09646302250803858,0.003215434083601286,0.33440514469453375,1
18,23,108,4053.0,9434.0,18465.5,319,0.03982861803637936,0.092707422293413,0.18145949823606294,12.50925925925926,17.833648393194707,1.583118998628258,46,42,133,0.34796238244514105,0.14420062695924765,0.5517241379310345,1
20,22,103,3486.0,6391.0,12453.0,283,0.04352657668343967,0.0797987239196394,0.15548951791132365,8.715,13.204545454545455,1.1738146856442644,37,35,104,0.26855123674911663,0.3462897526501767,0.5017667844522968,1
19,28,101,3814.5,4055.0,13632.0,263,0.05514753719151643,0.0586245283291648,0.19708250805996907,10.566481994459833,5.17219387755102,1.3363395745515145,39,38,110,0.4600760456273764,0.5437262357414449,0.41825095057034223,1
18,22,88,4973.5,7198.0,13680.0,287,0.0603807257584771,0.08738724520147143,0.16608189974383566,15.350308641975309,14.87190082644628,1.7665289256198347,47,43,118,0.3693379790940767,0.3693379790940767,0.5261324041811847,1
18,19,109,4415.0,8825.0,13016.0,259,0.06581595384684187,0.1315573709396103,0.19403407820396237,13.626543209876543,24.445983379501385,1.0955306792357546,37,36,114,0.5482625482625483,0.5019305019305019,0.6061776061776062,1
18,19,125,3422.0,5398.0,13710.0,407,0.02065813859425653,0.032586976075919566,0.08276536532064788,10.561728395061728,14.952908587257618,0.87744,50,44,119,0.37346437346437344,0.26044226044226043,0.4864864864864865,1
20,25,95,3405.0,7925.0,15624.0,307,0.03612770427272438,0.08408577279334528,0.16577364216065954,8.5125,12.68,1.7311911357340721,58,39,127,0.5537459283387622,0.31921824104234525,0.5374592833876222,1
19,24,142,3190.0,10581.0,11053.5,307,0.03384651296034971,0.11226644314528536,0.11727975893643434,8.836565096952908,18.369791666666668,0.5481799246181314,30,31,106,0.1791530944625407,0.21172638436482086,0.36482084690553745,1
18,22,92,3746.5,8592.0,15524.5,303,0.040807546101144766,0.09358559618338072,0.1690956224335305,11.563271604938272,17.75206611570248,1.834180056710775,43,44,111,0.3564356435643564,0.4884488448844885,0.44884488448844884,1
18,21,124,4143.0,9687.0,16237.0,375,0.029461333333333332,0.06888533333333334,0.11546311111111111,12.787037037037036,21.965986394557824,1.0559963579604579,47,43,122,0.4266666666666667,0.24533333333333332,0.384,1
18,25,161,3863.0,7014.0,15055.0,371,0.028065765287959257,0.05095865330824391,0.10937874615848475,11.92283950617284,11.2224,0.5808032097527102,37,35,109,0.23450134770889489,0.33962264150943394,0.39622641509433965,1
18,25,126,4137.0,8335.0,14119.0,271,0.056330932313013164,0.11349246333791752,0.1922495608719925,12.768518518518519,13.336,0.8893298059964727,43,43,114,0.2915129151291513,0.5571955719557196,0.5645756457564576,1
20,25,120,4196.5,8072.0,18056.0,307,0.04452567135990833,0.08564547103948053,0.1915776294708697,10.49125,12.9152,1.2538888888888888,47,47,128,0.3583061889250814,0.4755700325732899,0.5960912052117264,1
20,22,144,5923.0,6845.0,15427.0,311,0.06123799381726822,0.07077056688826625,0.15950000516950819,14.8075,14.142561983471074,0.7439718364197531,45,44,122,0.35691318327974275,0.3987138263665595,0.5337620578778135,1
18,24,116,6980.0,8337.0,19979.0,279,0.0896699682686502,0.10710294060970439,0.2566642257936049,21.54320987654321,14.473958333333334,1.4847651605231866,49,46,134,0.32616487455197135,0.45878136200716846,0.5806451612903226,1
18,23,88,5472.0,11345.0,14315.0,335,0.04875918912898196,0.10109155713967476,0.12755624860770773,16.88888888888889,21.446124763705104,1.8485278925619835,36,36,123,0.43582089552238806,0.3402985074626866,0.48656716417910445,1
21,21,116,3955.5,8824.5,13144.5,319,0.038870490659486445,0.08671789781940036,0.129170310826348,8.96938775510204,20.010204081632654,0.9768504756242569,45,42,119,0.3510971786833856,0.30407523510971785,0.3761755485893417,1
26,27,98,3421.5,6729.5,12095.0,327,0.031997867744017056,0.06293428349652573,0.11311243909510049,5.061390532544379,9.23113854595336,1.2593710953769264,27,37,108,0.2324159021406728,0.18960244648318042,0.3547400611620795,1
18,25,96,5880.0,5396.5,15079.0,295,0.06756679115196783,0.062010916403332374,0.1732720482619937,18.14814814814815,8.6344,1.6361762152777777,46,30,121,0.31864406779661014,0.3288135593220339,0.5932203389830508,1
21,26,98,3985.0,9864.0,11749.0,291,0.04705896245911125,0.1164842172388139,0.1387442283392969,9.036281179138323,14.591715976331361,1.223344439816743,30,35,104,0.3539518900343643,0.12027491408934708,0.5017182130584192,1
21,25,133,5084.0,5353.0,11195.0,307,0.053942216893547945,0.056796358582053924,0.11878110112574139,11.528344671201815,8.5648,0.6328791904573464,44,43,108,0.5146579804560261,0.3485342019543974,0.5146579804560261,1
19,21,80,4146.0,6795.0,12284.0,343,0.0352404185330942,0.05775654701697422,0.10441227719742624,11.484764542936288,15.408163265306122,1.919375,49,46,128,0.4489795918367347,0.3177842565597668,0.4314868804664723,1
20,21,112,3137.0,5735.0,13914.0,275,0.04148099173553719,0.07583471074380166,0.18398677685950413,7.8425,13.004535147392291,1.1092155612244898,17,30,116,0.06181818181818182,0.26545454545454544,0.6,1
21,24,92,2831.0,6204.0,11723.0,319,0.02782008824598815,0.06096638201275538,0.11520130501862207,6.419501133786848,10.770833333333334,1.3850425330812854,42,41,108,0.36363636363636365,0.4012539184952978,0.47335423197492166,1
18,24,142,3471.0,5761.0,5553.0,303,0.037806750972126914,0.06274983934036968,0.06048426624840702,10.712962962962964,10.00173611111111,0.275391787343781,38,25,82,0.3564356435643564,0.22442244224422442,0.33663366336633666,1
