SrcIPF0,DstIPF0,DstPortF0,SrcIPF2,DstIPF2,DstPortF2,Events_F1,SrcIP_BurstIndex,DstIP_BurstIndex,DstPort_BurstIndex,SrcIP_Concentration,DstIP_Concentration,DstPort_Concentration,SrcIP_MaxCount,DstIP_MaxCount,DstPort_MaxCount,SrcIP_FractionOfMass,DstIP_FractionOfMass,DstPort_FractionOfMass,Attack
15,23,17,1305.0,422.0,3765.0,99,0.13314967860422405,0.043056830935618816,0.38414447505356597,5.8,0.7977315689981096,13.027681660899654,14,12,67,0.42424242424242425,0.3434343434343434,0.8787878787878788,1
15,24,12,910.5,325.5,3560.5,73,0.17085757177706887,0.06108087821354851,0.6681366109964346,4.046666666666667,0.5651041666666666,24.725694444444443,12,0,65,0.410958904109589,0.0,1.1506849315068493,1
18,18,30,35965.0,15496.0,115508.0,431,0.19360899219965438,0.08341901690882371,0.6218097447795824,111.00308641975309,47.82716049382716,128.34222222222223,72,66,299,0.5754060324825986,0.4617169373549884,1.0719257540603249,0
13,18,204,113617.0,47165.0,226564.0,847,0.15837130562900661,0.06574352984141543,0.3158086949006773,672.2899408284023,145.570987654321,5.444156093810073,98,98,425,0.3010625737898465,0.3187721369539551,0.7402597402597403,0
13,25,70,26354.0,17542.0,32192.5,495,0.10755637179879604,0.07159269462299765,0.1313845525966738,155.94082840236686,28.0672,6.569897959183673,58,70,158,0.12323232323232323,0.14343434343434344,0.5838383838383838,0
17,18,77,8548.0,3883.0,2487.0,251,0.13568038602561863,0.0616339423183759,0.03947556387993841,29.577854671280278,11.984567901234568,0.419463653229887,33,39,50,0.40239043824701193,0.49800796812749004,0.24701195219123506,0
15,15,96,11139.5,5294.0,1826.5,239,0.19501584356016177,0.09268045027222913,0.03197598081266084,49.50888888888889,23.52888888888889,0.1981879340277778,39,45,49,0.5941422594142259,0.497907949790795,0.2928870292887029,1
13,15,93,9195.0,4893.0,2582.0,239,0.16097407258276292,0.08566026505138215,0.04520228987587752,54.40828402366864,21.746666666666666,0.29853162215285006,40,34,43,0.4560669456066946,0.26778242677824265,0.18410041841004185,0
18,22,78,6445.5,4450.0,1821.0,211,0.14477437613710384,0.09995283124817501,0.04090204622537679,19.89351851851852,9.194214876033058,0.29930966469428005,35,30,48,0.5355450236966824,0.23222748815165878,0.4881516587677725,0
9,16,90,7222.5,3974.5,2546.0,263,0.10441816420650869,0.05746071216874611,0.036808396825167344,89.16666666666667,15.525390625,0.314320987654321,36,39,47,0.3916349809885932,0.33840304182509506,0.4714828897338403,0
11,13,94,8510.0,4371.0,2990.0,255,0.1308727412533641,0.06722029988465975,0.04598231449442522,70.3305785123967,25.86390532544379,0.33838841104572204,40,38,48,0.39215686274509803,0.4980392156862745,0.21568627450980393,0
17,30,104,8341.0,4229.0,2925.0,279,0.10715432741100449,0.054328695674516,0.03757659845068794,28.86159169550173,4.698888888888889,0.2704326923076923,48,36,33,0.4767025089605735,0.4946236559139785,0.2831541218637993,0
15,14,95,6413.0,3400.5,2160.5,203,0.15562134485185275,0.082518381906865,0.05242786769880366,28.502222222222223,17.349489795918366,0.23939058171745153,36,35,20,0.6354679802955665,0.458128078817734,0.2512315270935961,0
13,18,85,7611.5,3621.5,2267.5,247,0.12476028126997656,0.05936009441229982,0.03716664754380501,45.03846153846154,11.177469135802468,0.31384083044982697,39,28,25,0.3765182186234818,0.3076923076923077,0.10121457489878542,0
18,24,97,6578.0,4216.0,3040.5,219,0.13715310356331187,0.08790475594754071,0.06339525864765122,20.30246913580247,7.319444444444445,0.32314804973961103,19,19,46,0.1598173515981735,0.2328767123287671,0.4018264840182648,0
13,20,110,5123.0,5135.5,5095.5,271,0.06975667542653287,0.06992688008060892,0.06938222518756552,30.31360946745562,12.83875,0.4211157024793388,49,15,70,0.5092250922509225,0.07749077490774908,0.5608856088560885,0
17,19,89,5236.5,4118.0,2380.0,247,0.08583159861659755,0.06749823796489042,0.039010637774754546,18.119377162629757,11.407202216066482,0.30046711273829063,40,31,37,0.3967611336032389,0.3441295546558704,0.14979757085020243,0
15,15,68,7499.0,5417.5,2052.5,207,0.17500991855119138,0.1264323554808747,0.04790076781255105,33.32888888888889,24.07777777777778,0.4438797577854671,43,34,46,0.5120772946859904,0.5362318840579711,0.41545893719806765,0
9,19,85,6985.0,4576.0,1292.0,195,0.1836949375410914,0.12034188034188034,0.03397764628533859,86.23456790123457,12.67590027700831,0.17882352941176471,38,33,43,0.48205128205128206,0.5282051282051282,0.39487179487179486,0
15,16,95,6929.0,2665.0,2044.0,255,0.10655901576316801,0.040984236831987694,0.03143406382160707,30.795555555555556,10.41015625,0.2264819944598338,38,29,48,0.3215686274509804,0.4666666666666667,0.396078431372549,1
15,23,78,6290.0,4233.0,2232.0,207,0.14679455763261687,0.09878876986627459,0.052089897080445285,27.955555555555556,8.001890359168241,0.3668639053254438,42,40,32,0.5265700483091788,0.48792270531400966,0.4106280193236715,1
15,26,105,6966.0,4183.0,3677.0,235,0.12613852421910365,0.07574468085106383,0.06658216387505658,30.96,6.187869822485207,0.33351473922902497,30,25,44,0.39148936170212767,0.2851063829787234,0.33191489361702126,1
13,12,86,8409.5,5455.5,3509.0,211,0.18888838974865793,0.122537678848184,0.07881673816850475,49.760355029585796,37.885416666666664,0.47444564629529473,42,31,49,0.44549763033175355,0.44549763033175355,0.45023696682464454,1
15,26,84,5681.5,4659.0,2982.5,279,0.07298852789660976,0.059852776814275255,0.038315283719376675,25.25111111111111,6.8920118343195265,0.42268990929705214,21,28,37,0.07526881720430108,0.17204301075268819,0.3548387096774194,1
13,21,60,9372.0,3869.0,2643.0,259,0.13971169183524396,0.057676540302022926,0.039400128203217005,55.455621301775146,8.773242630385488,0.7341666666666666,52,28,46,0.20077220077220076,0.37065637065637064,0.3281853281853282,1
15,25,118,5623.0,3050.0,1389.0,239,0.09844015335865969,0.05339542374958422,0.024316801176449993,24.99111111111111,4.88,0.09975581729388107,32,29,32,0.2217573221757322,0.2217573221757322,0.19665271966527198,1
15,26,80,9620.0,5756.0,2182.0,255,0.1479430988081507,0.0885198000768935,0.03355632449058055,42.75555555555555,8.514792899408285,0.3409375,29,35,44,0.44313725490196076,0.39215686274509803,0.2901960784313726,1
17,19,95,6797.5,4249.0,3074.0,271,0.092557290886562,0.057855966013534675,0.04185672853038493,23.52076124567474,11.770083102493075,0.3406094182825485,30,24,34,0.3948339483394834,0.23985239852398524,0.12546125461254612,0
15,14,71,7916.0,4407.0,2476.0,279,0.10169447977287034,0.05661540833236983,0.03180843000475328,35.18222222222222,22.48469387755102,0.49117238643126365,32,36,46,0.32616487455197135,0.45878136200716846,0.40860215053763443,0
11,19,79,8146.5,3478.0,1378.5,207,0.19012112301337253,0.08116875539685874,0.032171112511377165,67.32644628099173,9.634349030470915,0.22087806441275437,44,40,39,0.5603864734299517,0.5555555555555556,0.4975845410628019,0
13,12,75,6436.5,4071.5,1184.5,199,0.16253377439963637,0.10281306027625566,0.029910860836847554,38.085798816568044,28.274305555555557,0.21057777777777778,29,35,0,0.5678391959798995,0.5678391959798995,0.0,0
18,25,99,4531.5,3752.0,3346.0,255,0.06968858131487889,0.05770088427527874,0.05145713187235679,13.98611111111111,6.0032,0.3413937353331293,40,31,36,0.3568627450980392,0.33725490196078434,0.40784313725490196,1
18,25,79,4934.5,2784.0,2021.5,231,0.09247390416221585,0.05217293528981841,0.03788347294840801,15.229938271604938,4.4544,0.3239064252523634,34,26,36,0.4675324675324675,0.5151515151515151,0.3463203463203463,1
13,23,65,5853.0,2608.0,2948.0,243,0.09912106894274247,0.044166709004386184,0.04992463885925248,34.633136094674555,4.930056710775047,0.6977514792899409,44,26,30,0.4609053497942387,0.3004115226337449,0.13991769547325103,1
13,21,78,4673.0,1933.5,3054.0,263,0.06755916667871445,0.02795327386545996,0.04415272737787159,27.650887573964496,4.384353741496598,0.5019723865877712,28,34,47,0.3840304182509506,0.39543726235741444,0.24714828897338403,1
13,18,79,5674.0,2181.0,2876.0,243,0.09608968822503344,0.036935426510186456,0.048705312537045506,33.57396449704142,6.731481481481482,0.46082358596378786,26,27,48,0.42386831275720166,0.15637860082304528,0.40329218106995884,1
16,30,104,4743.0,2704.0,2971.5,211,0.10653399519327958,0.06073538330226185,0.06674378383234877,18.52734375,3.0044444444444443,0.27473187869822485,28,25,41,0.44549763033175355,0.4265402843601896,0.47393364928909953,1
15,26,108,4591.0,2802.0,2308.0,219,0.09572360876545527,0.058422468255457556,0.04812243280999145,20.404444444444444,4.144970414201183,0.19787379972565158,40,28,41,0.547945205479452,0.4383561643835616,0.4520547945205479,1
17,26,88,5288.0,2760.0,2977.0,247,0.08667573636676557,0.04523922699929519,0.04879607926699339,18.29757785467128,4.0828402366863905,0.384426652892562,41,28,28,0.24696356275303644,0.5182186234817814,0.3643724696356275,1
15,20,72,8179.0,4526.0,2261.0,255,0.1257823913879277,0.06960399846212995,0.03477124183006536,36.35111111111111,11.315,0.43614969135802467,27,31,43,0.2627450980392157,0.24313725490196078,0.16862745098039217,1
13,20,73,6248.0,3423.0,2171.0,271,0.08507509429337835,0.04660884247218856,0.029561144319930285,36.97041420118343,8.5575,0.40739350722462,42,33,46,0.3173431734317343,0.2767527675276753,0.24723247232472326,1
13,21,58,6640.5,4119.5,3094.5,219,0.13845624569963094,0.08589270448906403,0.06452117345343092,39.29289940828402,9.341269841269842,0.9198870392390012,31,36,46,0.4977168949771689,0.4611872146118721,0.3287671232876712,1
18,19,82,6034.0,3891.0,2183.0,235,0.10926210955183341,0.07045722046174739,0.03952919873245812,18.623456790123456,10.778393351800554,0.32465794170136825,38,25,35,0.3829787234042553,0.2127659574468085,0.35319148936170214,1
17,24,99,5162.5,3628.5,1820.5,179,0.16112168783745826,0.11324552916575638,0.056817827158952595,17.863321799307958,6.299479166666667,0.18574635241301907,22,0,30,0.4301675977653631,0.0,0.4022346368715084,1
15,25,75,8097.0,3474.0,2882.0,247,0.132718123555541,0.05694241833172155,0.04723893196085823,35.986666666666665,5.5584,0.5123555555555556,29,33,42,0.3076923076923077,0.31983805668016196,0.3643724696356275,1
13,23,83,13207.5,4647.0,4781.0,287,0.16034551833820976,0.05641685585596523,0.05804368148211099,78.1508875739645,8.784499054820415,0.6940049354042677,47,22,28,0.34494773519163763,0.13937282229965156,0.18815331010452963,1
13,18,85,10069.0,4235.0,5076.0,271,0.1371032529513487,0.05766533680096948,0.06911670592720687,59.57988165680474,13.070987654320987,0.702560553633218,32,39,43,0.42435424354243545,0.3210332103321033,0.39114391143911437,1
15,21,78,7514.0,4851.0,3611.0,275,0.09935867768595041,0.06414545454545455,0.04774876033057851,33.39555555555555,11.0,0.5935239973701513,30,32,44,0.4727272727272727,0.3890909090909091,0.41818181818181815,1
15,23,87,13141.0,9824.5,9920.0,303,0.1431341153917372,0.10701020597109216,0.10805040900129617,58.404444444444444,18.571833648393195,1.3106090632844498,45,51,68,0.31353135313531355,0.49834983498349833,0.5313531353135313,1
17,27,76,12248.0,5658.0,9686.0,315,0.12343663391282439,0.05702191987906274,0.09761652809271856,42.38062283737024,7.761316872427984,1.6769390581717452,50,13,68,0.29523809523809524,0.04126984126984127,0.44126984126984126,1
15,25,68,11383.5,5608.5,4738.5,303,0.12399111198248537,0.06108878214554129,0.051612587001274385,50.593333333333334,8.9736,1.0247621107266436,43,39,39,0.49174917491749176,0.45544554455445546,0.3465346534653465,1
13,23,86,8113.5,4456.5,5583.0,267,0.11381138745107941,0.06251315069646088,0.07831502756385979,48.00887573964497,8.42438563327032,0.7548674959437534,33,31,48,0.22846441947565543,0.30337078651685395,0.5917602996254682,1
13,27,89,13670.0,3664.5,7423.0,303,0.14889607772658453,0.0399143874783518,0.08085263971941749,80.88757396449704,5.026748971193416,0.937129150359803,77,45,67,0.5742574257425742,0.28052805280528054,0.3927392739273927,1
15,26,75,9705.0,6296.0,7143.0,335,0.0864780574738249,0.05610158164401871,0.06364891958119849,43.13333333333333,9.31360946745562,1.2698666666666667,44,38,60,0.42686567164179107,0.2955223880597015,0.5194029850746269,1
20,28,72,13719.0,5510.0,9006.0,335,0.12224548897304523,0.04909779460904433,0.0802494987747828,34.2975,7.028061224489796,1.7372685185185186,61,35,60,0.4298507462686567,0.23880597014925373,0.5014925373134328,1
15,24,83,6762.5,4181.5,4445.0,311,0.0699175980397225,0.04323259685073562,0.04595692765790263,30.055555555555557,7.259548611111111,0.6452315285237334,44,0,41,0.24758842443729903,0.0,0.2797427652733119,1
13,23,91,11429.0,7767.0,11050.0,351,0.09276710416311557,0.06304331945357586,0.08969083043157117,67.62721893491124,14.68241965973535,1.3343799058084773,48,19,66,0.3418803418803419,0.05413105413105413,0.39886039886039887,1
13,16,99,14466.0,4364.0,9512.0,367,0.10740298019882841,0.03240056723266191,0.07062195131005501,85.59763313609467,17.046875,0.9705132129374554,44,41,66,0.40599455040871935,0.2125340599455041,0.4659400544959128,0
13,24,66,12227.0,5710.0,10297.0,311,0.1264151528623567,0.05903578333557345,0.10646085131460593,72.3491124260355,9.913194444444445,2.36386593204775,48,32,61,0.33762057877813506,0.1832797427652733,0.5273311897106109,1
16,30,94,6783.0,5600.0,3586.0,283,0.08469327872741575,0.06992221153966213,0.04477518760379078,26.49609375,6.222222222222222,0.4058397464916252,42,41,56,0.37809187279151946,0.38162544169611307,0.3568904593639576,1
17,24,79,12575.0,6372.0,11201.0,327,0.1176013990591888,0.059590943523272454,0.10475175116198598,43.5121107266436,11.0625,1.7947444319820542,42,50,72,0.18960244648318042,0.27217125382262997,0.5596330275229358,1
15,23,110,9959.0,5574.0,5736.0,271,0.13560545199547935,0.07589765934559714,0.0781035116624229,44.26222222222222,10.536862003780719,0.4740495867768595,46,38,51,0.4317343173431734,0.3173431734317343,0.5387453874538746,1
15,28,74,10260.0,7314.5,8622.5,287,0.12456142480787676,0.08880161225703845,0.10468137284658063,45.6,9.329719387755102,1.5745982468955442,40,24,58,0.2682926829268293,0.14634146341463414,0.40418118466898956,1
13,21,85,9183.0,5731.0,7350.0,311,0.09494318710517881,0.059252902678839134,0.0759917701429886,54.337278106508876,12.995464852607709,1.0173010380622838,40,44,55,0.43086816720257237,0.36012861736334406,0.5080385852090032,0
16,23,70,9865.5,9257.0,12315.5,291,0.11650193077549864,0.10931613939372468,0.1454340406938983,38.537109375,17.49905482041588,2.5133673469387756,33,44,79,0.38831615120274915,0.3642611683848797,0.39862542955326463,1
17,29,92,11861.0,7608.0,10817.0,327,0.11092407111260744,0.07115001543079988,0.10116058319071533,41.04152249134948,9.046373365041617,1.2780009451795842,48,49,73,0.42507645259938837,0.5474006116207951,0.5688073394495413,1
15,23,132,7327.0,6772.0,4961.0,291,0.08652472219269966,0.0799707136193479,0.05858457032864515,32.56444444444445,12.801512287334594,0.2847222222222222,24,33,46,0.18213058419243985,0.21305841924398625,0.3024054982817869,1
13,23,86,15389.0,7134.0,9948.0,359,0.11940472218558205,0.05535338800909366,0.07718748302697838,91.05917159763314,13.485822306238186,1.3450513791238508,71,48,68,0.5236768802228412,0.13370473537604458,0.5181058495821727,1
13,24,89,10581.0,5799.0,11409.0,287,0.12845852201677815,0.07040270004491982,0.13851084752758927,62.6094674556213,10.067708333333334,1.4403484408534275,51,44,72,0.36585365853658536,0.4076655052264808,0.289198606271777,1
13,14,88,9251.5,6191.5,4689.0,283,0.11551523929628288,0.07730774513353894,0.05854736605526352,54.74260355029586,31.589285714285715,0.6055010330578512,46,27,53,0.5441696113074205,0.1625441696113074,0.31802120141342755,0
18,38,113,11418.5,5759.5,11234.0,303,0.12437233822392141,0.06273350107287956,0.12236273132263721,35.242283950617285,3.988573407202216,0.8797869841021223,57,32,65,0.19471947194719472,0.10891089108910891,0.39603960396039606,1
17,18,109,10391.0,5781.0,5713.0,311,0.1074327188511285,0.05976985349613838,0.05906680038461141,35.95501730103806,17.84259259259259,0.48085178015318575,51,33,57,0.4983922829581994,0.3633440514469453,0.5048231511254019,0
15,15,115,10947.0,6101.5,8066.0,279,0.14063282845801056,0.07838414203311879,0.10362148482162356,48.653333333333336,27.11777777777778,0.6099054820415879,52,47,59,0.6164874551971327,0.41935483870967744,0.45161290322580644,0
13,22,94,10258.0,6746.0,7316.0,311,0.10605762967711252,0.06974700427001375,0.07564024358722511,60.69822485207101,13.938016528925619,0.8279764599366229,45,31,61,0.4887459807073955,0.17363344051446947,0.5241157556270096,0
14,17,77,11368.5,5164.5,9593.5,291,0.1342508945336026,0.060987706805540796,0.11328987612333345,58.00255102040816,17.870242214532873,1.6180637544273908,57,53,67,0.4948453608247423,0.5773195876288659,0.6357388316151202,1
13,24,80,12202.0,7732.0,10115.0,271,0.16614697512288776,0.10528179082528832,0.1377296060783486,72.20118343195266,13.42361111111111,1.58046875,52,37,72,0.5830258302583026,0.3173431734317343,0.6642066420664207,0
18,25,78,11294.0,5948.0,8717.0,271,0.15378330905080267,0.08099018259555289,0.11869391756648194,34.858024691358025,9.5168,1.432774490466798,45,43,60,0.5461254612546126,0.5719557195571956,0.5129151291512916,0
15,15,99,13694.0,6341.5,9912.5,327,0.1280662869754697,0.05930570752555434,0.09270169925838641,60.86222222222222,28.184444444444445,1.011376390164269,46,38,60,0.43730886850152906,0.4434250764525994,0.4525993883792049,1
13,14,83,10678.0,7537.0,7868.0,407,0.06446160254514063,0.045499821912598326,0.04749802292799836,63.18343195266272,38.454081632653065,1.1421106111191754,35,37,61,0.32678132678132676,0.21867321867321868,0.2702702702702703,0
15,18,78,15261.0,6144.0,9580.0,351,0.12387074780237173,0.0498697250834003,0.07775910909814043,67.82666666666667,18.962962962962962,1.5746219592373438,49,34,62,0.36182336182336183,0.245014245014245,0.42165242165242167,0
13,15,73,8578.0,5719.0,7428.5,299,0.09594970973479044,0.06397020167559647,0.0830919117235825,50.75739644970414,25.41777777777778,1.3939763557890785,44,44,54,0.5183946488294314,0.42474916387959866,0.26421404682274247,1
18,29,118,14537.0,4980.0,10196.0,359,0.11279397273453806,0.03864029608708809,0.07911173873573296,44.867283950617285,5.921521997621879,0.7322608445848894,52,34,78,0.4428969359331476,0.25348189415041783,0.38440111420612816,0
15,28,127,10052.0,5585.0,7304.0,319,0.09878047582079579,0.054883501537917274,0.07177602421359854,44.675555555555555,7.123724489795919,0.4528489056978114,36,39,49,0.2852664576802508,0.25705329153605017,0.4952978056426332,1
15,18,105,8935.0,5035.0,5056.0,223,0.17967383217036337,0.1012487683243178,0.10167105712964267,39.71111111111111,15.540123456790123,0.45859410430839004,37,35,48,0.5022421524663677,0.5381165919282511,0.43946188340807174,1
13,23,102,7590.0,4218.5,4098.5,235,0.13743775464010866,0.07638750565866909,0.07421457673155274,44.9112426035503,7.974480151228733,0.3939350249903883,35,36,42,0.4127659574468085,0.3276595744680851,0.4595744680851064,1
13,13,76,10143.0,5624.0,3704.0,271,0.13811086450347898,0.07657847796190138,0.050435043095818415,60.01775147928994,33.27810650887574,0.6412742382271468,38,43,57,0.24723247232472326,0.3800738007380074,0.35424354243542433,0
11,21,70,8241.0,4632.0,2697.0,271,0.11221252433926553,0.06307103661442519,0.03672335616345093,68.10743801652893,10.503401360544217,0.5504081632653062,35,33,55,0.4797047970479705,0.5350553505535055,0.34317343173431736,1
18,25,101,8327.0,6176.5,2691.5,259,0.12413351023389634,0.09207525230691253,0.04012313471772931,25.700617283950617,9.8824,0.26384668169787273,37,36,48,0.5444015444015444,0.40540540540540543,0.24324324324324326,1
15,25,104,7403.5,3707.0,2000.0,239,0.12961082614099892,0.064897323226134,0.03501339262267818,32.904444444444444,5.9312,0.1849112426035503,28,19,44,0.49372384937238495,0.16736401673640167,0.4393305439330544,1
13,23,113,8174.0,4273.0,2175.5,227,0.1586291214655825,0.08292417861786566,0.04221894467193231,48.366863905325445,8.07750472589792,0.1703735609679693,40,33,14,0.5726872246696035,0.44052863436123346,0.1277533039647577,1
13,29,137,8049.0,3675.0,2277.0,227,0.15620330299443033,0.0713190630518737,0.04418870927050787,47.62721893491124,4.369797859690844,0.1213170653737546,11,23,49,0.048458149779735685,0.1013215859030837,0.5330396475770925,1
13,22,81,8098.0,3212.0,1653.0,235,0.14663648709823449,0.05816206428248076,0.029932095971027615,47.917159763313606,6.636363636363637,0.2519433013260174,34,31,40,0.625531914893617,0.4595744680851064,0.2936170212765957,1
17,27,104,6285.0,4296.0,3257.0,255,0.09665513264129182,0.06606689734717416,0.050088427527873895,21.747404844290656,5.893004115226337,0.30112795857988167,37,31,47,0.4,0.3607843137254902,0.34509803921568627,1
18,22,78,10501.0,5872.0,5448.0,247,0.1721221459128981,0.09624809454342802,0.08929830025078267,32.410493827160494,12.132231404958677,0.8954635108481263,37,34,54,0.4493927125506073,0.30364372469635625,0.291497975708502,1
13,23,78,9643.0,6540.5,3590.5,279,0.1238807312341825,0.08402384347580324,0.04612607751698976,57.05917159763314,12.363894139886579,0.590154503616042,25,29,50,0.22939068100358423,0.21505376344086022,0.22580645161290322,1
13,23,112,10050.0,4665.0,4102.0,275,0.13289256198347107,0.06168595041322314,0.054241322314049586,59.467455621301774,8.818525519848771,0.32700892857142855,36,8,51,0.44,0.02909090909090909,0.21454545454545454,1
15,24,94,7510.5,4416.5,2850.0,307,0.07968784814692995,0.0468599136330359,0.030239047629152565,33.38,7.667534722222222,0.32254413761883205,28,31,46,0.3713355048859935,0.44625407166123776,0.1498371335504886,1
13,21,101,4911.5,3265.0,1598.5,231,0.09204287775716347,0.06118700923895729,0.029956335151140347,29.062130177514792,7.403628117913832,0.1567003234976963,28,26,0,0.5021645021645021,0.341991341991342,0.0,1
18,22,83,6401.5,3632.5,2035.5,243,0.10840996460566649,0.061516706464123015,0.03447137123405985,19.757716049382715,7.505165289256198,0.2954710407896647,33,24,55,0.49794238683127573,0.1934156378600823,0.39094650205761317,0
15,24,113,8093.0,4495.0,2542.0,215,0.1750784207679827,0.09724175229853975,0.05499188750676041,35.96888888888889,7.803819444444445,0.1990758869136189,32,28,40,0.5302325581395348,0.5720930232558139,0.2930232558139535,1
13,24,100,10219.0,4435.0,3564.0,263,0.14773959432693837,0.06411831890008529,0.05152597261779121,60.467455621301774,7.699652777777778,0.3564,31,27,47,0.4790874524714829,0.10266159695817491,0.33460076045627374,1
15,24,104,8095.0,5644.0,3411.0,279,0.1039940391310492,0.07250677663442145,0.0438200948086484,35.977777777777774,9.79861111111111,0.31536612426035504,38,31,46,0.4838709677419355,0.27956989247311825,0.26881720430107525,1
13,16,97,9636.5,5708.0,3754.5,303,0.10496247644566437,0.062172553889052275,0.04089468352775872,57.0207100591716,22.296875,0.3990328408970135,29,45,51,0.21782178217821782,0.25412541254125415,0.26732673267326734,1
17,27,122,8883.0,4535.0,2643.0,247,0.14560146863577506,0.07433329508761002,0.043321477159107676,30.737024221453286,6.220850480109739,0.17757323300188121,33,24,40,0.5020242914979757,0.18218623481781376,0.2793522267206478,1
18,17,70,7517.0,6113.0,4920.0,355,0.05964689545725055,0.04850624876016663,0.03903987304106328,23.200617283950617,21.152249134948097,1.0040816326530613,30,27,30,0.17746478873239438,0.2084507042253521,0.15492957746478872,0
13,16,115,8779.0,7977.0,7504.0,275,0.11608595041322314,0.1054809917355372,0.09922644628099174,51.946745562130175,31.16015625,0.5674102079395085,56,50,49,0.5418181818181819,0.6327272727272727,0.1781818181818182,1
13,20,96,12274.5,11079.5,10848.5,359,0.09523901893995236,0.08596689969817119,0.08417454861461349,72.6301775147929,27.69875,1.1771375868055556,64,64,62,0.5738161559888579,0.43175487465181056,0.17270194986072424,0
12,21,110,7725.0,7334.5,8649.5,327,0.0722441994220464,0.06859224345126205,0.08089012335287901,53.645833333333336,16.631519274376416,0.7148347107438017,68,66,66,0.41284403669724773,0.37003058103975534,0.3516819571865443,0
13,14,73,8036.0,5742.0,1719.0,271,0.10942116801241814,0.0781852098963794,0.023406544028539915,47.55029585798817,29.29591836734694,0.3225745918558829,39,33,50,0.4833948339483395,0.24354243542435425,0.18450184501845018,1
18,23,103,5993.0,6225.0,2244.0,291,0.07077148356774247,0.07351117724164807,0.026499450880362773,18.496913580246915,11.767485822306238,0.2115185220096145,26,24,47,0.23711340206185566,0.14776632302405499,0.2646048109965636,1
15,22,103,12593.0,6274.0,2810.0,287,0.15288518738845924,0.0761694326749141,0.03411477619007151,55.96888888888889,12.962809917355372,0.264869450466585,41,32,45,0.5156794425087108,0.1951219512195122,0.156794425087108,1
13,21,119,8113.0,5018.0,1794.0,275,0.1072793388429752,0.06635371900826446,0.023722314049586777,48.005917159763314,11.378684807256235,0.12668596850504907,36,21,34,0.2690909090909091,0.07636363636363637,0.12363636363636364,0
13,13,85,10281.0,5219.0,3249.0,243,0.17410963775847177,0.08838422327219767,0.05502210028959,60.83431952662722,30.881656804733726,0.4496885813148789,40,27,57,0.4567901234567901,0.3868312757201646,0.345679012345679,1
15,24,105,9147.0,4960.0,1985.0,223,0.18393693820507148,0.09974059401958615,0.03991634659856422,40.653333333333336,8.61111111111111,0.1800453514739229,32,32,48,0.34080717488789236,0.3901345291479821,0.30493273542600896,1
17,25,119,5664.0,4100.0,3048.0,227,0.10991868656484698,0.07956684585379106,0.05915115760057443,19.598615916955016,6.56,0.21523903679118706,34,28,51,0.5198237885462555,0.4185022026431718,0.28193832599118945,0
15,16,96,10010.5,4338.5,6555.5,339,0.08710766526570426,0.0377520209535246,0.057043534253965765,44.49111111111111,16.947265625,0.7113172743055556,42,40,61,0.3805309734513274,0.3008849557522124,0.25663716814159293,1
13,21,96,8454.0,4059.0,3382.0,279,0.10860600454773192,0.05214475661926234,0.043447540499222774,50.023668639053255,9.204081632653061,0.3669704861111111,35,20,55,0.34767025089605735,0.07168458781362007,0.4157706093189964,0
13,31,64,8258.5,4926.0,3567.0,231,0.1547665898315249,0.09231461179513127,0.06684657334007983,48.866863905325445,5.125910509885536,0.870849609375,32,24,56,0.5411255411255411,0.30303030303030304,0.24675324675324675,1
12,19,71,9694.5,4106.5,3905.5,255,0.1490888119953864,0.0631526336024606,0.060061514801999234,67.32291666666667,11.375346260387811,0.7747470739932553,46,30,48,0.4392156862745098,0.3803921568627451,0.39215686274509803,1
13,23,98,11558.5,4054.5,2868.5,271,0.15738483953105215,0.055207581596111166,0.03905856401737449,68.39349112426035,7.664461247637051,0.2986776343190337,37,33,43,0.5166051660516605,0.5129151291512916,0.25092250922509224,1
19,27,85,9149.0,4209.0,3662.0,275,0.12097851239669422,0.05565619834710744,0.04842314049586777,25.343490304709142,5.773662551440329,0.5068512110726644,44,29,6,0.3381818181818182,0.32727272727272727,0.03636363636363636,1
18,24,89,8611.0,4718.0,3851.0,291,0.10168750959483237,0.055714977385718165,0.04547655318194164,26.57716049382716,8.190972222222221,0.48617598788031813,30,32,53,0.29553264604810997,0.10996563573883161,0.18213058419243985,0
13,24,98,7269.0,3792.0,3795.0,255,0.11178777393310266,0.05831603229527105,0.05836216839677047,43.01183431952663,6.583333333333333,0.3951478550603915,29,23,43,0.3803921568627451,0.35294117647058826,0.19607843137254902,0
12,21,102,11401.0,4982.0,4350.0,247,0.18687406776049437,0.08166008293858283,0.07130095559671523,79.17361111111111,11.297052154195011,0.41810841983852365,46,31,58,0.3724696356275304,0.46963562753036436,0.32793522267206476,1
13,25,99,8704.5,4892.5,3861.5,271,0.11852371291240588,0.0666181016053703,0.05257962173717678,51.505917159763314,7.828,0.3939904091419243,31,30,59,0.2029520295202952,0.2066420664206642,0.2730627306273063,1
17,27,94,8104.0,4830.0,2740.0,251,0.12863287884319297,0.0766654497547658,0.0434913731528071,28.041522491349482,6.625514403292181,0.31009506564056133,23,26,27,0.11952191235059761,0.1952191235059761,0.16733067729083664,1
18,28,73,6200.0,8941.0,11708.0,311,0.06410190134510603,0.09244114514945048,0.12104920337879055,19.135802469135804,11.404336734693878,2.197035091011447,61,56,63,0.2604501607717042,0.24115755627009647,0.5916398713826366,1
13,24,93,6848.5,3440.0,3586.5,259,0.10209299205438202,0.05128128680252232,0.05346521369687393,40.523668639053255,5.972222222222222,0.41467221644120705,34,26,0,0.43243243243243246,0.26640926640926643,0.0,1
15,27,80,6982.0,3735.0,3787.0,271,0.09506951158072466,0.05085715063792704,0.05156520199888346,31.031111111111112,5.1234567901234565,0.59171875,21,19,47,0.16236162361623616,0.07011070110701106,0.35424354243542433,1
13,21,128,7252.0,3912.0,3133.0,243,0.12281325678673644,0.06625006350657928,0.053057630103812085,42.9112426035503,8.870748299319727,0.19122314453125,28,39,42,0.5102880658436214,0.4156378600823045,0.17695473251028807,1
13,19,87,8554.0,3572.0,3226.0,247,0.14020882164926488,0.05854873871068203,0.05287744431149503,50.61538461538461,9.894736842105264,0.426212181265689,27,37,47,0.3481781376518219,0.2591093117408907,0.3319838056680162,1
17,27,124,8281.0,3640.0,2982.0,251,0.1314423580578086,0.05777686068475103,0.04733258202250758,28.653979238754324,4.9931412894375855,0.19393860561914672,31,27,44,0.4701195219123506,0.3904382470119522,0.32270916334661354,1
18,29,102,6837.0,7116.0,3512.0,279,0.08783289012217212,0.09141711951285313,0.045117611541475575,21.10185185185185,8.461355529131986,0.3375624759707805,38,25,42,0.2078853046594982,0.15412186379928317,0.15053763440860216,1
13,19,101,8253.5,5587.5,2185.0,223,0.16596955498803515,0.11235898570250759,0.043938144744515274,48.837278106508876,15.477839335180056,0.2141946867954122,41,41,35,0.6816143497757847,0.4080717488789238,0.2914798206278027,1
13,16,89,7146.0,3814.0,3047.0,247,0.11713025946991427,0.06251536658525791,0.04994345096625088,42.28402366863905,14.8984375,0.3846736523166267,44,30,48,0.3076923076923077,0.12550607287449392,0.4534412955465587,0
15,23,76,6637.0,4293.0,3082.0,231,0.12437922827533217,0.08045201551695058,0.057757538277018794,29.497777777777777,8.11531190926276,0.5335872576177285,52,39,48,0.7012987012987013,0.354978354978355,0.36363636363636365,1
17,27,93,7537.5,3362.0,1840.0,247,0.12354734547361865,0.05510662361290957,0.03015948466619679,26.081314878892734,4.611796982167353,0.21274135738235633,36,31,49,0.4089068825910931,0.23076923076923078,0.41700404858299595,0
14,19,90,5708.5,2505.0,1465.5,171,0.19522246161211998,0.08566738483635991,0.05011798502103211,29.125,6.9390581717451525,0.18092592592592593,26,26,40,0.27485380116959063,0.543859649122807,0.2982456140350877,1
14,24,103,6555.0,4511.0,1197.0,215,0.14180638182801514,0.09758788534342888,0.02589507842076798,33.44387755102041,7.831597222222222,0.1128287303233104,34,25,36,0.3627906976744186,0.31627906976744186,0.27906976744186046,0
13,16,90,6235.0,3404.0,1004.0,227,0.12099982534107008,0.0660598886064158,0.019484173960294202,36.89349112426036,13.296875,0.12395061728395061,35,35,40,0.3436123348017621,0.5550660792951542,0.27312775330396477,0
13,20,95,8576.0,3654.0,1683.0,235,0.15529198732458127,0.06616568583069263,0.0304753282028067,50.74556213017752,9.135,0.1864819944598338,31,30,46,0.2680851063829787,0.14042553191489363,0.28085106382978725,0
17,26,72,7042.5,4055.5,2176.5,279,0.09047288703896404,0.05209979316812477,0.027960843257409336,24.368512110726645,5.999260355029586,0.41984953703703703,33,34,51,0.4982078853046595,0.4336917562724014,0.2867383512544803,0
15,27,113,10127.5,4083.0,1820.5,239,0.1772990668930866,0.0714798410391975,0.03187094063479281,45.01111111111111,5.600823045267489,0.14257185370819955,36,25,50,0.497907949790795,0.3598326359832636,0.3263598326359833,0
18,21,76,10183.5,3927.0,2302.0,255,0.15660899653979238,0.0603921568627451,0.035401768550557475,31.430555555555557,8.904761904761905,0.39854570637119113,47,29,43,0.48627450980392156,0.11372549019607843,0.3607843137254902,0
13,21,99,7690.0,4710.0,1978.0,259,0.11463752776494089,0.07021362233717446,0.029486739911450337,45.50295857988166,10.680272108843537,0.2018161412100806,43,30,52,0.44015444015444016,0.33204633204633205,0.3436293436293436,0
13,24,100,6692.0,3657.5,1816.5,239,0.11715481171548117,0.06403074175872271,0.03180091384954745,39.59763313609467,6.349826388888889,0.18165,25,27,50,0.11297071129707113,0.39330543933054396,0.4602510460251046,0
13,19,120,6692.5,3844.0,996.0,219,0.13954045995704845,0.08014845395216948,0.02076687308438106,39.60059171597633,10.64819944598338,0.06916666666666667,32,29,37,0.4977168949771689,0.502283105022831,0.3333333333333333,0
17,27,81,6467.0,3262.0,1626.0,223,0.13004484304932734,0.06559552776046171,0.032697218926582075,22.377162629757784,4.474622770919067,0.24782807498856882,31,31,43,0.24663677130044842,0.3632286995515695,0.3273542600896861,0
15,24,118,7047.0,3058.0,1978.0,223,0.1417080576725854,0.061493293651591625,0.03977558366345593,31.32,5.309027777777778,0.14205688020683713,31,26,54,0.5874439461883408,0.49327354260089684,0.45739910313901344,0
18,22,67,5940.0,3980.0,1472.0,211,0.13342018373351902,0.08939601536353631,0.033063048898272725,18.333333333333332,8.223140495867769,0.327912675428826,37,22,48,0.6255924170616114,0.10426540284360189,0.3080568720379147,1
9,23,96,6282.0,3364.0,1414.0,263,0.09082103254348046,0.0486345038962541,0.02044268386126733,77.55555555555556,6.359168241965974,0.15342881944444445,38,28,44,0.30038022813688214,0.3650190114068441,0.376425855513308,0
13,13,102,6539.0,3019.0,1237.0,231,0.12254268098423943,0.05657690073274489,0.02318172448042578,38.69230769230769,17.86390532544379,0.1188965782391388,36,30,43,0.5454545454545454,0.4329004329004329,0.329004329004329,0
17,22,64,7302.0,3144.0,1693.0,235,0.13222272521502942,0.05693073789044817,0.030656405613399728,25.26643598615917,6.4958677685950414,0.413330078125,33,28,46,0.26382978723404255,0.3021276595744681,0.2680851063829787,0
15,28,119,7479.5,2847.5,2653.5,207,0.17455483208476277,0.06645429298233331,0.06192676608555626,33.242222222222225,3.632015306122449,0.1873808346868159,36,28,50,0.4106280193236715,0.3671497584541063,0.5314009661835749,0
13,18,102,4860.0,3505.5,1148.0,215,0.10513791238507302,0.07583558680367766,0.024835045970795024,28.757396449704142,10.819444444444445,0.11034217608612072,24,26,37,0.24186046511627907,0.24186046511627907,0.4372093023255814,0
15,23,82,5971.0,5187.0,3063.0,255,0.09182622068435217,0.07976931949250288,0.047104959630911186,26.537777777777777,9.805293005671077,0.4555324211778703,38,37,56,0.20784313725490197,0.3058823529411765,0.396078431372549,1
15,27,105,7596.0,4342.0,1246.0,267,0.10655220300467112,0.06090701230203818,0.017478152309612985,33.76,5.956104252400548,0.11301587301587301,37,45,20,0.40074906367041196,0.40074906367041196,0.12734082397003746,0
9,20,94,5945.5,3941.5,2120.0,235,0.1076595744680851,0.07137166138524219,0.03838841104572205,73.40123456790124,9.85375,0.2399275690357628,39,27,47,0.49361702127659574,0.3829787234042553,0.48936170212765956,0
17,25,96,7715.5,3188.0,1680.0,235,0.13971027614305115,0.05772747849705749,0.030421004979628793,26.697231833910035,5.1008,0.18229166666666666,40,32,37,0.3404255319148936,0.5659574468085107,0.3659574468085106,0
15,15,94,6729.0,4057.0,2486.0,263,0.0972834651361159,0.05865344301638017,0.035940956208706215,29.906666666666666,18.031111111111112,0.28134902670891804,28,32,50,0.20152091254752852,0.5247148288973384,0.33840304182509506,0
15,19,108,6958.0,3628.0,2172.0,263,0.10059419682227587,0.05245124260868308,0.03140135031589296,30.924444444444443,10.049861495844876,0.18621399176954734,37,29,44,0.44866920152091255,0.11787072243346007,0.3041825095057034,1
13,23,99,6658.0,4520.0,2181.0,203,0.1615666480623165,0.10968477759712685,0.05292533184498532,39.396449704142015,8.544423440453686,0.22252831343740434,31,30,46,0.5960591133004927,0.2660098522167488,0.42857142857142855,0
19,26,100,9196.5,5693.5,3025.5,319,0.09037352227277641,0.05594972533681863,0.029731429526046325,25.475069252077564,8.42233727810651,0.30255,49,45,52,0.32601880877742945,0.30407523510971785,0.4263322884012539,1
18,26,146,10103.0,5393.0,2366.0,251,0.1603625339280329,0.08560181584419295,0.037554959445088174,31.182098765432098,7.977810650887574,0.11099643460311504,33,33,44,0.41434262948207173,0.36254980079681276,0.28286852589641437,0
19,25,78,7706.0,6439.0,2906.0,251,0.12231551880128887,0.10220472690909668,0.04612625196425454,21.346260387811633,10.3024,0.47764628533859305,33,46,55,0.5258964143426295,0.5577689243027888,0.21912350597609562,0
17,26,108,9153.0,2339.0,2353.5,231,0.17152976893236632,0.0438335113659789,0.044105245403946704,31.67128027681661,3.460059171597633,0.2017746913580247,35,34,43,0.3463203463203463,0.5064935064935064,0.2510822510822511,1
16,24,107,7578.0,3700.0,2705.0,223,0.15238593175008547,0.0744032657000945,0.054394819923988015,29.6015625,6.423611111111111,0.23626517599790375,32,25,55,0.3632286995515695,0.29596412556053814,0.32286995515695066,0
15,16,87,7328.0,3427.0,2049.0,271,0.09978077640555004,0.0466633079614929,0.02789994689614793,32.568888888888885,13.38671875,0.27070947284978203,35,28,51,0.3173431734317343,0.3025830258302583,0.33210332103321033,0
15,25,87,7003.0,4012.0,2285.0,251,0.11115696576244821,0.0636815288646212,0.036269265567213216,31.124444444444446,6.4192,0.30188928524243624,35,27,49,0.450199203187251,0.43824701195219123,0.30677290836653387,0
15,29,124,7481.0,3908.0,2886.0,275,0.09892231404958678,0.05167603305785124,0.03816198347107438,33.24888888888889,4.646848989298454,0.18769510926118627,37,31,54,0.13454545454545455,0.4290909090909091,0.29818181818181816,0
20,25,97,4970.5,2561.0,2803.0,271,0.06768017864680492,0.03487152952710339,0.03816669163001593,12.42625,4.0976,0.2979062599638644,35,30,55,0.4059040590405904,0.42066420664206644,0.2952029520295203,1
16,30,89,6574.5,3052.5,2939.0,287,0.07981764984399471,0.03705884495380544,0.035680899367480486,25.681640625,3.3916666666666666,0.37103901022598157,45,30,55,0.24041811846689895,0.313588850174216,0.34494773519163763,1
17,21,105,6357.0,3386.0,3165.5,267,0.08917224256196608,0.04749680876432549,0.04440376495672544,21.996539792387544,7.678004535147393,0.2871201814058957,33,31,55,0.30711610486891383,0.19101123595505617,0.3295880149812734,0
13,23,92,7114.5,3196.5,2116.0,219,0.14833927566147495,0.06664790141990368,0.0441191801672192,42.09763313609467,6.042533081285444,0.25,38,26,45,0.1735159817351598,0.3926940639269406,0.4337899543378995,0
19,23,111,12082.5,3330.0,2227.0,247,0.19804455080397973,0.054582110836106146,0.03650281106066318,33.46952908587257,6.294896030245747,0.18074831588345103,36,29,49,0.27530364372469635,0.27530364372469635,0.22267206477732793,0
17,29,122,7335.0,4317.0,1674.0,203,0.17799509815816933,0.1047586692227426,0.040622194180882816,25.380622837370243,5.133174791914388,0.1124697661918839,33,32,49,0.2857142857142857,0.270935960591133,0.46798029556650245,0
16,22,100,7180.0,3111.0,1917.5,223,0.14438255343964287,0.06255907016026865,0.038558989724305735,28.046875,6.427685950413223,0.19175,33,31,52,0.47533632286995514,0.47085201793721976,0.40358744394618834,0
15,20,104,7803.0,3595.0,1653.0,247,0.12789916241865953,0.05892573226900949,0.02709436312675179,34.68,8.9875,0.1528291420118343,28,37,51,0.340080971659919,0.3441295546558704,0.31983805668016196,0
16,29,105,8841.5,3142.0,2530.5,255,0.13597078046905037,0.048319876970396004,0.03891580161476355,34.537109375,3.73602853745541,0.22952380952380952,0,38,54,0.0,0.4392156862745098,0.35294117647058826,0
13,20,85,7989.0,3535.0,1882.0,251,0.12680751099188903,0.05611022047269091,0.029872541705687213,47.27218934911242,8.8375,0.2604844290657439,30,30,46,0.29880478087649404,0.4063745019920319,0.26294820717131473,0
17,27,113,6187.0,2546.0,1812.0,219,0.12900064635849962,0.05308479806509456,0.03778069681616313,21.408304498269896,3.4924554183813443,0.14190617902733182,31,27,37,0.3424657534246575,0.410958904109589,0.2876712328767123,0
15,23,107,7321.0,3561.0,2735.0,201,0.1812083859310413,0.08814138263904359,0.06769634414989728,32.53777777777778,6.7315689981096405,0.23888549218272337,39,31,48,0.48756218905472637,0.5024875621890548,0.4228855721393035,0
13,18,96,7267.0,3700.5,2719.5,227,0.14102738263890235,0.07181393001998874,0.05277610665838654,43.0,11.421296296296296,0.2950846354166667,37,28,50,0.5859030837004405,0.4185022026431718,0.34801762114537443,0
15,22,91,7884.0,4170.5,3508.5,247,0.1292268353849432,0.06835876673933354,0.05750790866921274,35.04,8.616735537190083,0.4236807148895061,36,23,51,0.48582995951417,0.10121457489878542,0.46153846153846156,1
14,23,84,7277.0,3388.0,2448.5,247,0.11927748364995329,0.05553279024406235,0.04013342293759937,37.12755102040816,6.404536862003781,0.3470096371882086,33,34,43,0.2591093117408907,0.1417004048582996,0.27530364372469635,0
18,27,92,6899.0,3352.0,3227.0,205,0.16416418798334326,0.07976204640095182,0.07678762641284949,21.29320987654321,4.598079561042524,0.38126181474480153,29,33,50,0.16097560975609757,0.3804878048780488,0.43902439024390244,0
15,26,82,5684.0,3960.0,2399.0,247,0.09316658197970791,0.06490845612942353,0.03932206723598158,25.26222222222222,5.8579881656804735,0.35678167757287327,24,32,50,0.26720647773279355,0.21862348178137653,0.20242914979757085,0
13,14,74,7214.0,2887.5,2703.5,271,0.09822850996037635,0.039317275091570104,0.036811862583570484,42.68639053254438,14.732142857142858,0.49369978086194305,39,38,61,0.4354243542435424,0.23985239852398524,0.3726937269372694,0
15,12,106,6853.0,3647.5,2512.5,251,0.1087760511737909,0.0578959064141839,0.03988031936001016,30.45777777777778,25.32986111111111,0.22361160555357779,40,27,50,0.40239043824701193,0.10756972111553785,0.30677290836653387,0
13,14,91,9121.0,5052.0,2388.0,235,0.16516070620190132,0.09148030783159801,0.04324128564961521,53.97041420118343,25.775510204081634,0.28837096968965104,32,32,49,0.4553191489361702,0.39148936170212767,0.37872340425531914,1
13,26,98,8515.0,5394.0,2214.0,239,0.14906951909105232,0.09443111990336303,0.03875982563330474,50.38461538461539,7.979289940828402,0.23052894627238651,35,31,36,0.45188284518828453,0.5732217573221757,0.2217573221757322,1
17,16,101,8187.0,4800.0,3080.5,287,0.09939418956160692,0.05827435078731076,0.037398778666731414,28.32871972318339,18.75,0.30198019801980197,33,0,52,0.20905923344947736,0.0,0.3240418118466899,1
15,23,142,7291.5,3410.5,1731.5,271,0.09928377881564794,0.0464386378181125,0.02357674868261598,32.406666666666666,6.447069943289225,0.08587085895655625,33,24,41,0.4797047970479705,0.22140221402214022,0.24723247232472326,0
13,23,83,9701.0,3695.5,2207.5,235,0.17566319601629696,0.06691715708465369,0.03997283838841104,57.40236686390533,6.985822306238186,0.3204383800261286,41,37,55,0.6085106382978723,0.33191489361702126,0.37872340425531914,0
15,19,82,8231.0,3922.0,2345.0,279,0.10574119037525212,0.050384758674734395,0.03012551226217546,36.58222222222222,10.86426592797784,0.348750743604997,34,39,53,0.23297491039426524,0.27956989247311825,0.3225806451612903,0
15,19,174,8610.5,5686.0,2153.5,247,0.1411349145208084,0.09319936402825812,0.03529807077644282,38.26888888888889,15.750692520775623,0.0711289470207425,42,38,43,0.4331983805668016,0.29959514170040485,0.4048582995951417,1
17,21,109,9967.0,4376.5,2971.5,243,0.16879202018662467,0.07411641179359515,0.050322613422750594,34.4878892733564,9.924036281179138,0.2501052099991583,44,0,47,0.5967078189300411,0.0,0.39094650205761317,1
15,21,152,7409.0,4287.0,1638.0,255,0.11394079200307573,0.0659284890426759,0.02519031141868512,32.92888888888889,9.72108843537415,0.07089681440443213,31,41,44,0.2235294117647059,0.4627450980392157,0.3176470588235294,0
11,16,123,8597.5,4990.5,2985.5,271,0.1170667610735148,0.06795250609332662,0.04065167957952642,71.05371900826447,19.494140625,0.19733624165509947,38,45,54,0.4870848708487085,0.4575645756457565,0.2656826568265683,1
13,18,120,7289.0,2630.0,2498.0,235,0.13198732458125847,0.0476233589859665,0.045233137166138526,43.1301775147929,8.117283950617283,0.17347222222222222,27,32,57,0.4085106382978723,0.3191489361702128,0.40425531914893614,1
15,15,124,8892.0,3439.5,2053.0,263,0.12855469935953967,0.04972603333863436,0.02968092642657838,39.52,15.286666666666667,0.13351977107180021,29,32,51,0.46387832699619774,0.2965779467680608,0.3574144486692015,0
17,25,125,8915.5,5319.0,2604.0,263,0.12889444693432028,0.0768986106492793,0.0376469227544131,30.84948096885813,8.5104,0.166656,33,28,56,0.26996197718631176,0.3688212927756654,0.22053231939163498,0
15,24,113,10476.0,4095.0,3078.0,299,0.11717989731658482,0.045804856768939944,0.03442914508786255,46.56,7.109375,0.2410525491424544,45,31,56,0.4080267558528428,0.25418060200668896,0.3110367892976589,0
15,20,113,8613.5,3415.0,2011.5,247,0.14118408759363374,0.05597534789949024,0.03297054532937763,38.282222222222224,8.5375,0.15752995536063905,39,31,49,0.39271255060728744,0.4251012145748988,0.3684210526315789,0
13,24,77,8609.0,3482.5,2034.5,239,0.1507151485443182,0.06096706990423837,0.03561737364541937,50.94082840236686,6.046006944444445,0.3431438691178951,44,42,60,0.3263598326359833,0.39748953974895396,0.41841004184100417,1
15,19,107,10301.0,7005.0,3389.0,267,0.14449634585981008,0.0982620039557295,0.04753889099300032,45.782222222222224,19.40443213296399,0.29600838501179144,38,43,58,0.3782771535580524,0.6254681647940075,0.3333333333333333,0
13,24,74,11437.0,4115.0,3900.0,383,0.07796767310432275,0.028052546544048974,0.026586860637130255,67.67455621301775,7.144097222222222,0.7121986851716582,51,43,67,0.26109660574412535,0.17754569190600522,0.17493472584856398,0
17,26,134,11357.0,3691.0,1931.0,303,0.12370246925682667,0.0402030302040105,0.021032796348941826,39.29757785467128,5.460059171597633,0.1075406549342838,46,40,51,0.45874587458745875,0.35313531353135313,0.2739273927392739,1
15,18,115,9695.0,4709.0,3189.0,255,0.1490965013456363,0.07241830065359477,0.049042675893886965,43.08888888888889,14.533950617283951,0.2411342155009452,48,34,54,0.5137254901960784,0.3176470588235294,0.27058823529411763,0
13,27,126,10250.5,5146.0,2065.5,275,0.13554380165289256,0.06804628099173554,0.027312396694214876,60.65384615384615,7.058984910836763,0.13010204081632654,33,34,55,0.23272727272727273,0.4218181818181818,0.36,0
12,24,109,7375.0,5222.5,1206.5,255,0.11341791618608228,0.08031526336024605,0.01855440215301807,51.21527777777778,9.066840277777779,0.10154869118761047,45,27,47,0.3803921568627451,0.12156862745098039,0.32941176470588235,0
16,25,111,8488.0,5171.5,2893.5,271,0.1155757683038085,0.07041706948434798,0.039398973325526616,33.15625,8.2744,0.23484295105916728,38,33,54,0.4981549815498155,0.3173431734317343,0.1992619926199262,0
17,19,113,10255.0,4306.5,2876.0,247,0.16808995394122178,0.07058794604074808,0.047140585815207595,35.484429065743946,11.929362880886426,0.2252329861383037,45,43,61,0.41700404858299595,0.3076923076923077,0.5384615384615384,1
13,19,133,7398.0,5321.0,1688.0,259,0.11028458132705236,0.07932201368494805,0.02516360817519119,43.77514792899408,14.739612188365651,0.09542653626547572,32,44,50,0.22007722007722008,0.44787644787644787,0.305019305019305,0
13,22,90,9357.0,5670.0,2569.0,251,0.1485214520404438,0.0899985714512468,0.04077713052173775,55.366863905325445,11.714876033057852,0.3171604938271605,28,51,56,0.22310756972111553,0.41832669322709165,0.43824701195219123,0
13,24,109,9031.5,5845.5,2354.0,271,0.12297626666303563,0.07959450443212919,0.03205294045560382,53.44082840236686,10.1484375,0.19813147041494825,33,37,56,0.2730627306273063,0.23616236162361623,0.3173431734317343,0
15,22,121,11251.0,6779.0,2089.0,287,0.13659265014750696,0.08230037999732909,0.025361483082227538,50.004444444444445,14.006198347107437,0.14268151082576327,43,46,48,0.5574912891986062,0.5470383275261324,0.34494773519163763,0
17,24,109,11026.0,6607.0,4631.0,323,0.10568490065082575,0.06332850885180534,0.044388425078357885,38.1522491349481,11.47048611111111,0.38978200488174397,56,43,59,0.29721362229102166,0.3126934984520124,0.44272445820433437,0
17,21,144,6947.0,3940.0,2455.0,303,0.07566796283588755,0.04291518260736965,0.026740297792155452,24.038062283737023,8.934240362811792,0.11839313271604938,33,31,55,0.39933993399339934,0.297029702970297,0.38613861386138615,1
13,18,115,6951.5,4689.5,2839.0,247,0.11394220524840597,0.07686570833811406,0.04653411791702863,41.133136094674555,14.473765432098766,0.21466918714555766,31,33,54,0.3562753036437247,0.29959514170040485,0.44129554655870445,1
13,21,126,8398.0,4420.0,1630.0,211,0.1886300846791402,0.09927899193638957,0.03661193594034276,49.69230769230769,10.022675736961451,0.10267069790879314,33,35,47,0.5829383886255924,0.3175355450236967,0.3696682464454976,1
13,21,117,7639.5,5538.5,1978.0,283,0.095387631260223,0.06915431582364619,0.024697524004544943,45.20414201183432,12.558956916099774,0.1444955803930163,28,31,49,0.37809187279151946,0.3568904593639576,0.3250883392226148,1
17,29,114,8638.5,4049.5,2713.0,283,0.10786125435453059,0.050562499219618175,0.0338748142691256,29.891003460207614,4.815101070154578,0.208756540473992,24,24,54,0.1696113074204947,0.2579505300353357,0.31095406360424027,1
15,27,125,8927.0,5063.0,2807.0,271,0.12155335575495976,0.06893969308696778,0.03822115711932027,39.675555555555555,6.945130315500686,0.179648,43,33,55,0.24354243542435425,0.23616236162361623,0.33579335793357934,1
12,20,102,10252.0,6771.0,2864.0,271,0.13959504908702225,0.09219645701992076,0.03899729034190711,71.19444444444444,16.9275,0.275278738946559,34,33,58,0.4132841328413284,0.12177121771217712,0.42435424354243545,0
15,24,136,9201.5,5245.0,2209.5,263,0.13302924720611833,0.07582876722231058,0.03194350070118117,40.89555555555555,9.105902777777779,0.11945826124567474,30,44,55,0.3840304182509506,0.42585551330798477,0.34600760456273766,0
13,24,100,8327.5,5796.0,2991.0,279,0.1069808969566167,0.07445947508382472,0.03842448067213936,49.27514792899408,10.0625,0.2991,39,29,53,0.31899641577060933,0.1111111111111111,0.3906810035842294,0
15,22,90,8538.0,5012.0,3962.0,287,0.10365550146292901,0.06084813461375032,0.04810062037902609,37.946666666666665,10.355371900826446,0.4891358024691358,32,29,64,0.3797909407665505,0.2787456445993031,0.2961672473867596,0
15,13,106,9166.0,6033.0,4595.0,235,0.16597555454956994,0.10924400181077411,0.0832050701674966,40.73777777777778,35.69822485207101,0.40895336418654327,35,42,64,0.42127659574468085,0.5659574468085107,0.6297872340425532,1
16,20,120,15593.0,8016.0,7704.0,267,0.21872939724221127,0.11244371501914742,0.10806716323696502,60.91015625,20.04,0.535,62,45,61,0.599250936329588,0.2808988764044944,0.6179775280898876,0
13,11,131,9015.5,3800.0,2520.5,259,0.13439722126980813,0.056647933095809545,0.03757397772841788,53.34615384615385,31.40495867768595,0.14687372530738302,41,39,61,0.61003861003861,0.44787644787644787,0.39768339768339767,0
13,19,119,12824.5,5068.0,3371.5,263,0.185408203096763,0.07326981740375023,0.048742933973311746,75.88461538461539,14.038781163434903,0.23808346868159028,36,39,53,0.24334600760456274,0.467680608365019,0.3612167300380228,0
13,22,112,11743.0,4731.0,3376.0,303,0.12790685009094968,0.05153089566382381,0.036771994031086275,69.48520710059172,9.774793388429751,0.26913265306122447,46,35,57,0.38943894389438943,0.45874587458745875,0.35313531353135313,0
20,30,118,10343.0,4739.0,2874.0,275,0.13676694214876034,0.06266446280991736,0.03800330578512397,25.8575,5.265555555555555,0.20640620511347313,51,37,56,0.41454545454545455,0.5127272727272727,0.37454545454545457,0
17,20,128,8854.0,4640.0,2679.0,279,0.11374468467774053,0.059608689508099846,0.03441631017073265,30.636678200692042,11.6,0.16351318359375,47,38,51,0.4229390681003584,0.46236559139784944,0.4444444444444444,0
19,18,115,9744.0,3582.0,3040.0,247,0.15971414053664212,0.0587126489534331,0.049828713796325134,26.991689750692522,11.055555555555555,0.22986767485822307,43,35,61,0.47368421052631576,0.21052631578947367,0.4251012145748988,0
12,29,121,7435.0,4387.0,1277.0,259,0.11083615330719578,0.06539854802403065,0.019036686990354944,51.63194444444444,5.21640903686088,0.08722081825011953,35,21,43,0.3474903474903475,0.15057915057915058,0.23166023166023167,0
19,28,86,10767.0,5148.0,6719.0,259,0.16050744622173194,0.07674304199400725,0.10016249012388008,29.825484764542935,6.566326530612245,0.9084640346133045,34,32,59,0.46332046332046334,0.5521235521235521,0.44015444015444016,0
17,28,118,11125.5,5398.5,3651.5,255,0.1710957324106113,0.08302191464821222,0.05615532487504806,38.496539792387544,6.885841836734694,0.26224504452743463,42,33,49,0.4549019607843137,0.2196078431372549,0.42745098039215684,0
16,21,75,6480.0,4160.0,2754.0,227,0.1257544295445283,0.08073123871994412,0.05344563255642454,25.3125,9.433106575963718,0.4896,32,35,48,0.3568281938325991,0.3303964757709251,0.36123348017621143,1
18,24,90,7667.0,3999.0,2619.0,283,0.09573099926331956,0.04993195070484086,0.032701120003995554,23.66358024691358,6.942708333333333,0.3233333333333333,32,28,50,0.2862190812720848,0.3215547703180212,0.4204946996466431,0
15,22,87,6800.0,2614.5,2135.5,217,0.144407398755548,0.055522521183291214,0.045350294123893055,30.22222222222222,5.401859504132231,0.2821376667987845,29,35,43,0.5714285714285714,0.4423963133640553,0.5069124423963134,0
15,26,92,10495.5,4147.5,5898.5,335,0.0935219425261751,0.03695700601470261,0.052559590109155715,46.64666666666667,6.135355029585799,0.6968927221172023,39,32,57,0.3641791044776119,0.24477611940298508,0.4059701492537313,1
20,28,115,24175.0,11309.0,13766.0,403,0.1488525882186332,0.0696328405445511,0.0847613124888399,60.4375,14.424744897959183,1.040907372400756,97,95,95,0.45409429280397023,0.23573200992555832,0.23573200992555832,0
19,25,132,22445.5,8195.0,12427.5,319,0.2205707491082045,0.08053183439628148,0.12212438950088934,62.17590027700831,13.112,0.7132403581267218,89,90,89,0.6300940438871473,0.5736677115987461,0.46394984326018807,0
18,31,83,10954.0,2915.5,4211.5,291,0.12935605389638763,0.03442921080289557,0.049733706498506156,33.80864197530864,3.033818938605619,0.6113369139207432,48,41,55,0.2508591065292096,0.44329896907216493,0.45017182130584193,0
15,26,95,7901.5,4867.5,3639.5,239,0.1383291609040458,0.085213844295443,0.0637156212251186,35.117777777777775,7.200443786982248,0.40326869806094184,34,45,54,0.4602510460251046,0.6401673640167364,0.5523012552301255,0
15,31,95,8502.0,3841.0,3387.0,219,0.1772690310877588,0.08008590312962616,0.07061987865140426,37.78666666666667,3.9968782518210197,0.3752908587257618,32,34,46,0.54337899543379,0.2557077625570776,0.5662100456621004,0
13,17,132,7885.0,4664.0,1587.0,263,0.11399615434660036,0.06742905058624528,0.022943804305396925,46.65680473372781,16.13840830449827,0.09108126721763085,39,35,41,0.3650190114068441,0.23193916349809887,0.24334600760456274,0
19,27,102,18008.0,6000.5,4917.0,351,0.1461676447431433,0.04870496181037492,0.03991039033774076,49.88365650969529,8.23113854595336,0.4726066897347174,54,36,51,0.3646723646723647,0.2792022792022792,0.23076923076923078,0
17,24,80,9123.0,3907.0,5818.0,303,0.09936934287488154,0.04255574072258711,0.06337069350499407,31.567474048442907,6.782986111111111,0.9090625,41,38,52,0.39603960396039606,0.40594059405940597,0.33003300330033003,0
18,28,94,7628.5,4100.0,2580.5,277,0.09942134004092325,0.053434816040871115,0.03363135190084583,23.544753086419753,5.229591836734694,0.2920439112720688,43,44,50,0.36462093862815886,0.4223826714801444,0.26714801444043323,0
13,17,88,8356.0,4595.0,3612.0,291,0.09867620835842751,0.05426246737756994,0.042654196336840616,49.44378698224852,15.899653979238755,0.46642561983471076,39,45,59,0.3711340206185567,0.25773195876288657,0.4329896907216495,0
15,19,79,9442.5,4750.5,3757.5,311,0.09762616184696188,0.049115497151601,0.03884885392003805,41.96666666666667,13.159279778393351,0.6020669764460823,36,28,59,0.3279742765273312,0.15434083601286175,0.2958199356913183,1
15,23,104,9152.0,3309.5,3171.0,255,0.14074586697424069,0.050895809304113804,0.048765859284890425,40.675555555555555,6.2561436672967865,0.293176775147929,31,15,41,0.30196078431372547,0.07450980392156863,0.28627450980392155,1
13,14,91,10467.0,5023.0,2054.0,283,0.13069210503315062,0.06271772652923623,0.025646468304011787,61.93491124260355,25.627551020408163,0.24803767660910517,43,37,48,0.4876325088339223,0.43462897526501765,0.37809187279151946,0
18,26,94,6851.0,3236.0,4176.0,295,0.07872450445274347,0.03718471703533467,0.04798621085894858,21.145061728395063,4.78698224852071,0.47261204164780446,47,28,52,0.4406779661016949,0.39661016949152544,0.3220338983050847,0
13,14,115,8085.5,3752.5,2951.5,303,0.0880687078608851,0.04087289917110523,0.03214826433138363,47.84319526627219,19.145408163265305,0.2231758034026465,52,34,33,0.44554455445544555,0.37623762376237624,0.30033003300330036,0
13,18,77,7436.0,4480.0,1913.0,279,0.09552806361686,0.0575532174560964,0.024575737721766164,44.0,13.82716049382716,0.32265137459942655,32,34,42,0.1935483870967742,0.21863799283154123,0.25448028673835127,0
13,22,76,10624.0,6935.0,5764.0,327,0.09935564720515483,0.06485611948115104,0.05390492756876058,62.86390532544379,14.328512396694215,0.9979224376731302,48,36,56,0.43425076452599387,0.11009174311926606,0.5412844036697247,0
15,29,80,10865.5,5365.5,4346.0,227,0.21086184478643094,0.10412583205573561,0.08434085660501853,48.291111111111114,6.3799048751486325,0.6790625,54,40,59,0.5286343612334802,0.3436123348017621,0.5726872246696035,1
17,27,92,10337.5,5459.0,2725.5,269,0.14286010419977613,0.07544119069664598,0.03766531695250204,35.76989619377163,7.4883401920438954,0.3220108695652174,38,38,53,0.37174721189591076,0.5204460966542751,0.3271375464684015,0
15,15,105,11868.0,5182.0,2163.0,275,0.15693223140495868,0.06852231404958678,0.028601652892561984,52.74666666666667,23.031111111111112,0.1961904761904762,46,28,39,0.5854545454545454,0.3418181818181818,0.19636363636363635,0
13,13,81,7932.0,5383.0,2532.0,227,0.15393273690543188,0.10446544664169691,0.04913737895165829,46.93491124260355,31.85207100591716,0.3859167809785094,43,34,58,0.4185022026431718,0.2422907488986784,0.31718061674008813,0
13,22,58,11331.5,4547.5,3854.5,279,0.14557238473298134,0.058420369728035354,0.04951760640279544,67.05029585798816,9.395661157024794,1.1458085612366231,42,32,60,0.3835125448028674,0.3225806451612903,0.3763440860215054,0
15,15,127,10829.0,2632.0,4593.0,223,0.21776026061251985,0.05292686360071588,0.09236059442176597,48.12888888888889,11.697777777777778,0.28476656953313906,0,40,55,0.0,0.4618834080717489,0.2556053811659193,1
13,26,99,7258.0,4239.0,4567.0,297,0.08228185332562436,0.04805632078359351,0.05177476221247265,42.946745562130175,6.270710059171598,0.46597285991225385,35,21,55,0.48148148148148145,0.13804713804713806,0.367003367003367,1
18,25,97,7538.0,2632.0,2555.0,255,0.11592464436755094,0.040476739715494044,0.03929257977700884,23.265432098765434,4.2112,0.2715485173769795,33,33,55,0.3607843137254902,0.3058823529411765,0.41568627450980394,1
13,21,64,9728.5,4790.5,3039.5,247,0.15946007966037798,0.07852120178989985,0.04982051828418758,57.56508875739645,10.86281179138322,0.7420654296875,35,38,57,0.3562753036437247,0.611336032388664,0.2388663967611336,0
13,19,82,8498.0,4773.0,3328.0,263,0.12285850597811158,0.06900490103948301,0.048114039526377425,50.28402366863905,13.221606648199446,0.49494348602022603,28,30,58,0.10646387832699619,0.4068441064638783,0.4068441064638783,0
13,20,109,8727.5,4535.5,1400.0,255,0.13421760861207227,0.06975009611687813,0.021530180699730873,51.642011834319526,11.33875,0.1178351990573184,30,42,51,0.32941176470588235,0.34509803921568627,0.3411764705882353,0
13,20,98,7287.5,3458.0,1733.5,231,0.13656977942692228,0.06480388298570117,0.032486272746013005,43.12130177514793,8.645,0.18049770928779676,31,34,38,0.354978354978355,0.24242424242424243,0.41125541125541126,0
17,23,98,6328.5,3942.5,3646.0,287,0.07683108936614504,0.04786388082895264,0.044264225618861466,21.897923875432525,7.452741020793951,0.3796334860474802,23,23,61,0.17421602787456447,0.17073170731707318,0.37630662020905925,0
18,19,121,7665.5,2979.5,1383.5,239,0.13419758057456976,0.05216120165963481,0.024220514346737627,23.65895061728395,8.253462603878116,0.09449491154975753,35,27,39,0.5774058577405857,0.5062761506276151,0.17573221757322174,1
13,15,113,9443.0,2944.0,1926.0,239,0.165315733267975,0.05153971394058227,0.033717897095639084,55.875739644970416,13.084444444444445,0.15083405121779309,33,30,37,0.27615062761506276,0.15481171548117154,0.16317991631799164,0
13,15,136,8364.0,3432.0,1827.0,275,0.11059834710743802,0.04538181818181818,0.024158677685950414,49.49112426035503,15.253333333333334,0.09877811418685122,29,32,49,0.28,0.3090909090909091,0.29454545454545455,0
15,24,111,11554.0,3580.5,3812.0,303,0.12584822838719514,0.038999444498905335,0.04152098378154647,51.35111111111111,6.216145833333333,0.3093904715526337,34,41,58,0.24422442244224424,0.24092409240924093,0.2871287128712871,0
12,14,96,8911.5,4473.5,2965.5,279,0.11448336994642926,0.05746971390398376,0.038096889813851315,61.885416666666664,22.823979591836736,0.32177734375,43,58,60,0.4229390681003584,0.3010752688172043,0.21505376344086022,0
17,23,176,8420.0,4135.0,2688.5,271,0.11464985498563472,0.056303699568360996,0.03660761699867921,29.134948096885815,7.816635160680529,0.08679300103305786,42,35,55,0.44649446494464945,0.2915129151291513,0.34686346863468637,0
15,25,106,10810.0,7037.0,3389.5,287,0.13123869416892278,0.08543262635214705,0.041150189998664544,48.044444444444444,11.2592,0.30166429334282663,39,42,62,0.37282229965156793,0.3205574912891986,0.42160278745644597,0
13,23,106,7851.5,5744.5,2314.5,335,0.06996212965025618,0.0511873468478503,0.020623746936957007,46.4585798816568,10.859168241965973,0.20598967604129584,30,34,53,0.17313432835820897,0.16716417910447762,0.23880597014925373,1
13,28,132,8915.0,5049.0,2806.0,259,0.1328990325129321,0.07526721426335325,0.041830026386010945,52.751479289940825,6.440051020408164,0.16104224058769515,30,32,60,0.3281853281853282,0.12355212355212356,0.4594594594594595,0
15,27,83,10362.0,5124.0,3338.5,251,0.16447357978444788,0.08133204234853415,0.052991222361549815,46.053333333333335,7.02880658436214,0.48461315140078387,58,24,58,0.3904382470119522,0.11553784860557768,0.47808764940239046,1
17,23,106,8774.0,5119.0,2847.0,287,0.10652065704330513,0.06214716701671746,0.034563974310723694,30.359861591695502,9.676748582230625,0.2533819864720541,35,51,55,0.5679442508710801,0.5749128919860628,0.2961672473867596,0
15,24,125,7599.5,3832.0,968.5,251,0.12062506944334217,0.06082443135823241,0.015372771860764115,33.775555555555556,6.652777777777778,0.061984,34,29,24,0.3705179282868526,0.42231075697211157,0.23904382470119523,0
13,20,87,6605.0,3861.0,2436.0,267,0.09265104013241875,0.05415982830450701,0.03417076968396246,39.082840236686394,9.6525,0.3218390804597701,28,38,53,0.26591760299625467,0.3782771535580524,0.26591760299625467,0
13,26,104,8924.0,2851.0,3027.0,263,0.1290173343549856,0.04121788662551143,0.04376237910046408,52.80473372781065,4.2174556213017755,0.27986316568047337,33,32,59,0.3612167300380228,0.2623574144486692,0.44866920152091255,0
15,18,92,9868.0,6927.0,5642.0,251,0.15663243440580307,0.10995063570419517,0.0895541340613641,43.85777777777778,21.37962962962963,0.6665879017013232,44,43,59,0.5856573705179283,0.5139442231075697,0.41434262948207173,1
13,19,115,8018.0,6985.0,2397.0,295,0.09213444412525136,0.08026429187015226,0.027543809250215455,47.44378698224852,19.349030470914126,0.1812476370510397,35,49,42,0.2983050847457627,0.38305084745762713,0.288135593220339,0
13,19,96,8128.0,6660.5,6271.5,303,0.0885316254397717,0.07254735374527552,0.06831029637617227,48.094674556213015,18.450138504155124,0.6805013020833334,46,43,57,0.38613861386138615,0.528052805280528,0.4752475247524752,1
18,17,115,8148.0,3934.5,1744.5,255,0.12530565167243368,0.060507497116493655,0.02682814302191465,25.14814814814815,13.614186851211073,0.13190926275992437,28,31,53,0.2901960784313726,0.20784313725490197,0.2901960784313726,0
13,20,108,9559.0,4425.5,4030.0,311,0.09883065725126912,0.04575531683915592,0.04166623587431892,56.562130177514796,11.06375,0.34550754458161864,36,32,60,0.28938906752411575,0.3183279742765273,0.37942122186495175,1
13,24,90,8787.0,3306.0,2257.0,219,0.18321135922937387,0.06893100644273473,0.04705906882675507,51.994082840236686,5.739583333333333,0.278641975308642,18,31,57,0.0821917808219178,0.2831050228310502,0.4885844748858447,1
15,16,109,26472.0,22613.0,29195.0,415,0.1537059079692263,0.13129917259399043,0.16951662069966614,117.65333333333334,88.33203125,2.457284740341722,143,141,144,0.6072289156626506,0.41204819277108434,0.46265060240963857,1
17,25,127,5427.0,5277.0,4335.0,271,0.07389605261366267,0.07185359676474994,0.05902697403357798,18.77854671280277,8.4432,0.2687705375410751,40,31,55,0.3025830258302583,0.3173431734317343,0.42435424354243545,1
14,17,86,19433.0,13276.0,15479.0,359,0.15078250479124153,0.10300975318316898,0.12010304078956557,99.14795918367346,45.937716262975776,2.0928880475932936,101,100,100,0.3955431754874652,0.49025069637883006,0.5431754874651811,1
13,14,104,150298.0,140267.0,140076.0,639,0.36808785244942094,0.3435213961564553,0.3430536269258745,889.3372781065088,715.6479591836735,12.950813609467456,370,356,350,0.6776212832550861,0.6244131455399061,0.6979655712050078,1
13,13,98,99679.0,91989.0,98379.0,495,0.40681154984185286,0.3754269972451791,0.40150596877869604,589.8165680473372,544.3136094674556,10.243544356518118,298,297,294,0.7818181818181819,0.7555555555555555,0.8262626262626263,1
15,26,127,74113.5,62392.5,71959.0,471,0.3340838708804955,0.2812487322000893,0.3243719600975473,329.3933333333333,92.29659763313609,4.4614669229338455,249,240,242,0.7133757961783439,0.564755838641189,0.6411889596602972,1
15,30,80,142900.0,88042.0,141326.0,703,0.2891489228241493,0.17814730205237056,0.2859640354586825,635.1111111111111,97.82444444444444,22.0821875,346,310,312,0.6017069701280228,0.5476529160739687,0.620199146514936,1
18,27,118,159297.0,93945.0,150064.0,679,0.34551590856344666,0.20376712700172003,0.32548949008873396,491.6574074074074,128.86831275720164,10.777362826773915,369,324,326,0.6082474226804123,0.5567010309278351,0.7466863033873343,1
14,24,111,127545.0,80049.5,122378.5,559,0.4081688166640532,0.256173975377703,0.39163501140869367,650.7397959183673,138.97482638888889,9.932513594675758,337,297,296,0.7835420393559929,0.6583184257602862,0.7477638640429338,1
13,17,104,62131.0,33118.0,63180.0,463,0.28983201862209557,0.15449062131185012,0.29472545004175044,367.6390532544379,114.59515570934256,5.841346153846154,233,201,196,0.6047516198704104,0.652267818574514,0.7732181425485961,1
20,29,121,115212.0,66615.0,105546.0,535,0.402522491047253,0.23273648353567997,0.3687518560572976,288.03,79.20927467300832,7.2089338159961756,311,274,270,0.7271028037383177,0.6728971962616822,0.8168224299065421,1
13,19,130,100732.0,61530.5,101407.5,551,0.33179073850217883,0.2026689635409633,0.3340156982355131,596.0473372781065,170.44459833795014,6.000443786982249,296,258,252,0.6733212341197822,0.6424682395644283,0.764065335753176,1
18,25,92,63589.0,30798.0,63287.0,511,0.24352311763511936,0.11794532036871795,0.24236656569176743,196.26234567901236,49.2768,7.477197542533081,232,187,188,0.6614481409001957,0.5655577299412916,0.6692759295499021,1
17,20,161,24314.0,9114.5,22024.0,375,0.17289955555555556,0.06481422222222222,0.15661511111111112,84.13148788927336,22.78625,0.8496585779869604,119,88,97,0.6,0.4106666666666667,0.544,1
17,29,110,24415.0,8971.0,24715.0,363,0.18528637236375778,0.06808126342311166,0.18756308388164136,84.48096885813149,10.66706302021403,2.0425619834710744,116,85,107,0.4380165289256198,0.4297520661157025,0.5730027548209367,1
15,27,120,29672.0,6224.0,31063.0,415,0.17228625344752505,0.03613877195529104,0.180362897372623,131.87555555555556,8.53772290809328,2.1571527777777777,131,85,135,0.6096385542168675,0.472289156626506,0.5325301204819277,1
21,38,166,8018.5,3571.0,6962.0,343,0.0681561254239305,0.030352999175513606,0.05917602359561067,18.182539682539684,2.4729916897506925,0.25264915082014805,19,37,91,0.10495626822157435,0.30612244897959184,0.3877551020408163,1
18,28,94,7759.0,3618.0,4247.0,359,0.060202822758979216,0.02807240788013749,0.03295287901242231,23.94753086419753,4.614795918367347,0.4806473517428701,29,29,73,0.34818941504178275,0.31754874651810583,0.31754874651810583,1
23,26,113,9603.5,2515.0,6081.0,311,0.09929074347866544,0.02600262611015188,0.06287155839993383,18.15406427221172,3.720414201183432,0.4762314981596053,52,24,87,0.2379421221864952,0.3022508038585209,0.38263665594855306,1
16,25,77,7339.5,4369.5,4635.5,279,0.09428835703549543,0.056133657070181524,0.05955087935663725,28.669921875,6.9912,0.7818350480688143,51,25,69,0.5448028673835126,0.12903225806451613,0.4229390681003584,1
18,32,94,7449.5,3331.5,4032.5,271,0.10143516564316934,0.04536294440435179,0.05490802140493729,22.992283950617285,3.25341796875,0.4563716613852422,0,32,69,0.0,0.33579335793357934,0.4022140221402214,1
15,26,89,5887.5,3750.0,4200.5,299,0.06585496806523417,0.041945839531996286,0.046984933054440105,26.166666666666668,5.547337278106509,0.5302992046458781,19,39,73,0.12374581939799331,0.32441471571906355,0.2842809364548495,1
15,26,82,7178.0,2993.0,7384.0,263,0.10377481241596669,0.043270829417802775,0.1067530251991499,31.90222222222222,4.427514792899408,1.0981558596073766,36,32,92,0.39923954372623577,0.22433460076045628,0.5209125475285171,1
18,26,180,8793.0,3880.0,4247.0,239,0.15393638066560458,0.06792598168799566,0.0743509392342571,27.13888888888889,5.739644970414201,0.13108024691358025,30,33,67,0.3891213389121339,0.502092050209205,0.4351464435146444,1
16,30,123,10621.0,5135.0,8307.0,291,0.12542364875237658,0.06063934058407435,0.09809756616005952,41.48828125,5.705555555555556,0.5490779298036883,35,30,97,0.48109965635738833,0.3470790378006873,0.3333333333333333,1
16,23,123,7754.0,3008.0,8227.0,287,0.09413735750100159,0.036518593160048074,0.09987980915150117,30.2890625,5.686200378071834,0.543790072047062,39,35,99,0.41114982578397213,0.47038327526132406,0.34843205574912894,1
19,21,90,9241.0,4670.0,11321.0,283,0.11538413514964602,0.05831012998039681,0.1413552422929491,25.598337950138504,10.589569160997732,1.3976543209876544,37,38,113,0.3568904593639576,0.19434628975265017,0.4028268551236749,1
17,23,143,10406.0,4180.0,10067.0,331,0.09497905276512628,0.038152262210093005,0.09188488604521682,36.00692041522491,7.901701323251418,0.49229791187833144,39,36,104,0.24773413897280966,0.2598187311178248,0.3716012084592145,1
18,29,94,7961.0,3016.0,7110.0,335,0.0709378480730675,0.026874582312319,0.0633548674537759,24.570987654320987,3.586206896551724,0.8046627433227704,36,30,95,0.26865671641791045,0.2537313432835821,0.3761194029850746,1
17,25,130,10678.5,3353.5,10356.5,307,0.1133009368799669,0.03558127937696952,0.10988445500748019,36.949826989619375,5.3656,0.6128106508875739,39,37,106,0.4169381107491857,0.19543973941368079,0.46579804560260585,1
13,23,97,15273.5,6708.0,20814.0,351,0.12397220801779206,0.05444761000316556,0.16894343390069885,90.37573964497041,12.680529300567107,2.21213731533638,65,63,161,0.5413105413105413,0.48717948717948717,0.49572649572649574,1
16,25,114,15426.5,5936.5,22554.5,359,0.11969568827057518,0.04606187102831294,0.17500252170606995,60.259765625,9.4984,1.735495537088335,65,64,161,0.5766016713091922,0.5459610027855153,0.5988857938718662,1
13,23,89,12055.0,7900.0,12273.0,359,0.09353589745579255,0.0612968552385534,0.09522738029655263,71.33136094674556,14.93383742911153,1.5494255775785886,52,52,131,0.520891364902507,0.181058495821727,0.5376044568245125,1
16,29,92,14438.5,4506.5,15484.0,319,0.14188638083352167,0.04428513870736333,0.15216045439805034,56.400390625,5.358501783590963,1.8293950850661627,47,42,129,0.48589341692789967,0.23197492163009403,0.49843260188087773,1
18,24,104,8927.5,3107.5,9353.5,311,0.09230156842877969,0.0321284932951479,0.09670598939216923,27.554012345679013,5.394965277777778,0.8647836538461539,36,25,92,0.42765273311897106,0.12218649517684887,0.3665594855305466,1
12,21,92,13742.5,5533.5,8818.0,367,0.10203134628663069,0.04108353317642866,0.06546934048066286,95.43402777777777,12.547619047619047,1.0418241965973536,39,32,101,0.36239782016348776,0.2452316076294278,0.46321525885558584,1
19,26,108,6508.0,2373.5,4411.0,299,0.0727956063131285,0.026548920034451515,0.04933949284683616,18.02770083102493,3.511094674556213,0.3781721536351166,33,29,72,0.3311036789297659,0.41471571906354515,0.3311036789297659,1
13,24,86,7285.5,2995.5,7013.5,279,0.09359463521794427,0.03848229082360196,0.09010033272953842,43.1094674556213,5.200520833333333,0.9482828555976204,30,21,90,0.1827956989247312,0.2078853046594982,0.41935483870967744,1
15,24,110,7646.0,3065.0,4131.0,279,0.09822587068511453,0.039375136496190954,0.053069719042663895,33.98222222222222,5.321180555555555,0.34140495867768594,28,26,77,0.3333333333333333,0.16845878136200718,0.3010752688172043,1
18,25,105,8812.5,3471.5,10148.5,359,0.06837702997338631,0.026935700374764317,0.07874318169474166,27.199074074074073,5.5544,0.9204988662131519,47,46,116,0.4818941504178273,0.44846796657381616,0.3398328690807799,1
13,23,132,10772.0,1792.0,10393.0,295,0.12378052283826486,0.02059178397012353,0.11942545245619075,63.739644970414204,3.387523629489603,0.5964761248852158,36,32,107,0.34915254237288135,0.29152542372881357,0.5084745762711864,1
15,24,100,7557.0,2336.0,4443.0,311,0.07813194652660746,0.024151942184220593,0.04593624962521066,33.586666666666666,4.055555555555555,0.4443,41,34,80,0.3022508038585209,0.20257234726688103,0.3665594855305466,1
16,19,96,8464.5,2681.0,10559.0,271,0.11525578355414551,0.03650549420623358,0.1437752753911303,33.064453125,7.426592797783933,1.1457248263888888,38,30,112,0.44649446494464945,0.3284132841328413,0.5276752767527675,1
15,28,97,12372.5,5316.0,23037.5,367,0.09185976583091418,0.03946870197269265,0.17104217864859045,54.98888888888889,6.780612244897959,2.448453608247423,75,61,162,0.34332425068119893,0.34332425068119893,0.6730245231607629,1
13,26,86,10661.0,1815.5,9420.0,327,0.09970167120238663,0.016978555864171553,0.08809583929523329,63.082840236686394,2.6856508875739644,1.2736614386154679,59,39,108,0.47706422018348627,0.38837920489296635,0.4434250764525994,1
18,25,86,10570.0,1837.0,9584.0,327,0.09885063920919489,0.01717962386256301,0.08962956728296347,32.623456790123456,2.9392,1.2958355868036777,44,34,107,0.27522935779816515,0.3119266055045872,0.4923547400611621,1
13,20,70,8437.0,3843.0,6717.0,243,0.14288133583972634,0.0650815424477976,0.11375298480922623,49.92307692307692,9.6075,1.3708163265306121,31,29,94,0.5555555555555556,0.3004115226337449,0.48559670781893005,1
15,26,102,8795.0,1576.0,7454.0,279,0.11298672935856426,0.020246399712233912,0.0957593042227104,39.08888888888889,2.331360946745562,0.7164552095347944,49,31,92,0.5376344086021505,0.1971326164874552,0.4659498207885305,1
16,22,120,11172.0,2214.0,6270.0,319,0.10978665697074518,0.02175686166606067,0.06161496054480597,43.640625,4.574380165289257,0.4354166666666667,44,29,89,0.4670846394984326,0.34796238244514105,0.3322884012539185,1
15,24,139,8908.0,2847.0,5071.0,259,0.13279468105722933,0.0424412277694131,0.07559517598127637,39.59111111111111,4.942708333333333,0.2624605351689871,33,31,80,0.5366795366795367,0.4015444015444015,0.4980694980694981,1
18,27,99,8562.0,2498.0,6739.5,255,0.1316724336793541,0.0384159938485198,0.10364475201845444,26.425925925925927,3.4266117969821672,0.6876339149066422,38,30,104,0.35294117647058826,0.24313725490196078,0.5490196078431373,1
13,16,92,9768.0,2389.0,8970.0,319,0.09598962274348719,0.023476577470740265,0.08814771867414825,57.798816568047336,9.33203125,1.059782608695652,36,38,104,0.3761755485893417,0.31347962382445144,0.4043887147335423,1
15,25,90,8877.0,2929.0,4771.0,311,0.09177944810330745,0.030282978877389604,0.04932744698669369,39.45333333333333,4.6864,0.5890123456790124,36,27,89,0.3954983922829582,0.2540192926045016,0.36977491961414793,1
16,23,114,8123.0,2199.0,6820.0,315,0.08186444948349711,0.022161753590325017,0.06873267825648778,31.73046875,4.156899810964084,0.5247768544167436,38,33,101,0.3904761904761905,0.3142857142857143,0.43492063492063493,1
15,20,110,7922.0,3986.0,6429.0,295,0.09103131284113761,0.045802930192473425,0.07387532318299339,35.208888888888886,9.965,0.5313223140495867,40,30,99,0.4610169491525424,0.3152542372881356,0.4711864406779661,1
13,26,94,7748.0,3062.0,3818.5,235,0.1402987777274785,0.055445903123585334,0.06914440923494794,45.84615384615385,4.529585798816568,0.43215255771842465,32,27,72,0.13617021276595745,0.1829787234042553,0.574468085106383,1
18,29,86,7500.5,2153.0,3916.0,243,0.12702162610713136,0.03646124405155041,0.06631780385781301,23.14969135802469,2.5600475624256838,0.5294753921038399,38,31,69,0.42386831275720166,0.2716049382716049,0.2880658436213992,1
13,17,68,9216.0,2403.5,5823.0,299,0.10308609523383408,0.026884486750707485,0.06513349962528384,54.532544378698226,8.316608996539792,1.2592993079584776,30,31,82,0.10033444816053512,0.12040133779264214,0.42474916387959866,1
15,26,103,8693.0,2004.0,3869.0,311,0.08987706909564624,0.020719388757353626,0.040001654242615356,38.635555555555555,2.964497041420118,0.36469035724384957,52,37,60,0.40192926045016075,0.19292604501607716,0.3440514469453376,1
16,18,109,8615.0,5236.0,6822.0,303,0.09383611628489581,0.05703144571882931,0.07430644054504461,33.65234375,16.160493827160494,0.5741940914064473,30,28,97,0.3696369636963696,0.1848184818481848,0.40594059405940597,1
15,25,139,11324.5,2948.5,5616.5,287,0.13748497614393765,0.03579623402008037,0.06818706066602727,50.33111111111111,4.7176,0.29069406345427257,40,28,81,0.4634146341463415,0.3797909407665505,0.4425087108013937,1
18,23,104,8445.0,3983.0,7034.0,299,0.09446203062605564,0.04455207436158432,0.0786792094048165,26.064814814814813,7.52930056710775,0.6503328402366864,31,33,92,0.42474916387959866,0.3377926421404682,0.3377926421404682,1
13,17,109,12044.0,4241.0,8220.0,383,0.08210567936246072,0.028911506656940873,0.05603692165056685,71.26627218934911,14.674740484429066,0.6918609544651123,42,22,96,0.37597911227154046,0.2402088772845953,0.2924281984334204,1
15,26,86,9755.5,3620.0,5234.0,251,0.1548467484643101,0.057459405406263396,0.08307804638021618,43.35777777777778,5.355029585798817,0.7076798269334775,36,30,79,0.5179282868525896,0.3466135458167331,0.3147410358565737,1
16,25,119,8674.0,4248.0,4834.0,311,0.08968062778507253,0.043920141437743615,0.049978805016490734,33.8828125,6.7968,0.34136007344114117,39,22,85,0.33440514469453375,0.17041800643086816,0.44694533762057875,1
15,20,99,8541.0,2409.0,6650.0,275,0.11293884297520661,0.031854545454545455,0.08793388429752066,37.96,6.0225,0.6785021936537088,35,45,90,0.48363636363636364,0.5527272727272727,0.48363636363636364,1
13,23,122,6596.0,2888.5,2733.5,311,0.06819615181811603,0.02986424871537722,0.028261701181749567,39.02958579881657,5.460302457466919,0.18365358774522977,45,32,63,0.4115755627009646,0.15434083601286175,0.33440514469453375,1
18,27,90,7208.0,3736.0,5757.0,315,0.0726429831191736,0.03765180146132527,0.05801965230536659,22.246913580246915,5.12482853223594,0.7107407407407408,40,28,79,0.36507936507936506,0.3746031746031746,0.4031746031746032,1
13,24,104,7957.0,4414.0,8065.0,271,0.10834547459865743,0.06010266744733868,0.10981604280987459,47.082840236686394,7.663194444444445,0.7456545857988166,38,30,88,0.5498154981549815,0.3210332103321033,0.4833948339483395,1
13,24,87,10893.0,4129.5,6937.0,311,0.1126229050568129,0.04269496800074441,0.07172175639209685,64.45562130177515,7.169270833333333,0.9165015193552649,6,7,89,0.01929260450160772,0.03215434083601286,0.4212218649517685,1
20,20,112,11069.0,4976.0,7442.0,343,0.09408494759836462,0.042295302127514894,0.06325595627672144,27.6725,12.44,0.5932716836734694,36,23,104,0.358600583090379,0.11370262390670553,0.40233236151603496,1
15,24,111,11348.5,4742.0,6682.5,303,0.12360988574104935,0.051650709625417984,0.07278698166846388,50.437777777777775,8.23263888888889,0.5423666910153396,45,2,92,0.3102310231023102,0.006600660066006601,0.42244224422442245,1
18,23,137,10164.5,4962.5,5967.5,267,0.1425816044551053,0.06961101993294898,0.08370856653901725,31.371913580246915,9.380907372400756,0.3179444829239704,35,29,80,0.3595505617977528,0.2958801498127341,0.4232209737827715,1
11,16,86,10907.5,4005.0,4806.5,327,0.10200693918394449,0.037454759700361925,0.0449503876403969,90.14462809917356,15.64453125,0.6498783126014062,40,37,75,0.3486238532110092,0.3149847094801223,0.3333333333333333,0
13,18,158,8012.0,4046.0,4174.0,255,0.12321414840445982,0.06222222222222222,0.06419069588619762,47.40828402366864,12.487654320987655,0.16720076910751483,32,22,71,0.49411764705882355,0.26666666666666666,0.4666666666666667,1
13,23,127,7969.0,4914.0,2374.0,247,0.1306200724483273,0.08054549328787555,0.0389122916291039,47.15384615384615,9.289224952741021,0.14718829437658876,34,31,74,0.3967611336032389,0.44534412955465585,0.46558704453441296,1
20,30,132,7691.0,4827.0,7617.0,375,0.054691555555555556,0.03432533333333333,0.054165333333333336,19.2275,5.363333333333333,0.4371556473829201,33,28,81,0.29333333333333333,0.21333333333333335,0.2853333333333333,1
13,19,89,6684.0,3572.0,2219.0,359,0.05186179498917606,0.027715489482545916,0.01721743313599367,39.55029585798817,9.894736842105264,0.28014139628834744,31,31,68,0.28969359331476324,0.28133704735376047,0.25069637883008355,1
20,25,108,7381.0,3845.0,5261.0,287,0.08960895482523765,0.04668018307858539,0.06387111656084206,18.4525,6.152,0.4510459533607682,28,27,78,0.39372822299651566,0.3797909407665505,0.4564459930313589,1
13,24,108,6580.0,3894.0,5368.0,227,0.12769508432145005,0.0755690970133323,0.10417434842515864,38.93491124260355,6.760416666666667,0.46021947873799723,30,34,78,0.47577092511013214,0.4801762114537445,0.5374449339207048,1
13,23,119,7389.0,3403.0,5371.0,219,0.1540626759241884,0.07095348303830196,0.11198682262671754,43.72189349112426,6.43289224952741,0.37928112421439164,33,30,88,0.365296803652968,0.5753424657534246,0.6712328767123288,1
20,26,115,8371.0,4529.0,4130.0,279,0.10753972842075513,0.058182705772022454,0.05305687234233887,20.9275,6.699704142011834,0.3122873345935728,33,24,80,0.41935483870967744,0.16129032258064516,0.2903225806451613,1
13,19,113,11496.5,5071.0,3394.0,359,0.08920244256329482,0.039346373786671426,0.02633437046577851,68.0266272189349,14.047091412742382,0.2657999843370663,30,28,82,0.25069637883008355,0.1894150417827298,0.22841225626740946,1
18,27,92,10794.0,4951.0,9314.0,311,0.1115993424385604,0.051188469928970956,0.09629759824650283,33.31481481481482,6.791495198902607,1.1004253308128544,41,40,98,0.48231511254019294,0.3987138263665595,0.5080385852090032,1
13,23,147,8114.0,3242.0,3665.0,271,0.11048324505385275,0.04414427908116719,0.0499040045751011,48.01183431952663,6.128544423440454,0.1696052570688139,27,37,74,0.33948339483394835,0.2952029520295203,0.34317343173431736,1
15,23,85,9182.0,4224.0,5373.0,295,0.10550991094513071,0.04853777650100546,0.061740879057742025,40.80888888888889,7.984877126654064,0.7436678200692042,36,37,84,0.2745762711864407,0.12542372881355932,0.39322033898305087,1
13,21,145,11087.5,5273.0,4675.5,255,0.17051134179161861,0.08109188773548635,0.0719031141868512,65.60650887573965,11.956916099773242,0.2223781212841855,38,33,79,0.5372549019607843,0.43529411764705883,0.3568627450980392,1
20,20,117,5803.0,4001.0,4556.0,255,0.08924259900038446,0.061530180699730874,0.07006535947712418,14.5075,10.0025,0.33282197384761486,26,20,80,0.2549019607843137,0.21568627450980393,0.40784313725490196,1
17,26,112,6987.0,2905.0,2973.0,271,0.09513759344235509,0.039555561607276586,0.04048147492545036,24.176470588235293,4.297337278106509,0.23700573979591838,34,38,59,0.2656826568265683,0.33579335793357934,0.34686346863468637,1
13,24,97,8158.5,3943.0,3247.0,291,0.0963439260282708,0.04656298343193869,0.03834390241022189,48.27514792899408,6.845486111111111,0.345095121691997,32,36,71,0.2542955326460481,0.24742268041237114,0.42955326460481097,1
13,28,86,8985.0,2837.0,6207.0,295,0.10324619362252227,0.03259982763573686,0.07132433208848032,53.16568047337278,3.618622448979592,0.8392374256354787,32,25,82,0.4101694915254237,0.2677966101694915,0.2847457627118644,1
13,22,105,6244.5,2366.5,4345.5,275,0.08257190082644628,0.03129256198347107,0.05746115702479339,36.94970414201183,4.889462809917355,0.39414965986394557,29,25,71,0.1709090909090909,0.3236363636363636,0.3090909090909091,1
22,26,89,5518.0,3575.0,4076.0,247,0.09044567195004016,0.05859791178350735,0.06680981494533593,11.400826446280991,5.288461538461538,0.5145814922358288,24,35,74,0.3117408906882591,0.21862348178137653,0.39271255060728744,1
19,24,128,7642.0,2993.5,3490.5,263,0.11048301984993278,0.043278058089606615,0.05046335786262632,21.168975069252078,5.197048611111111,0.213043212890625,40,33,56,0.3155893536121673,0.3193916349809886,0.3916349809885932,1
23,38,105,10358.0,2486.0,4675.0,263,0.14974916508840666,0.035940956208706215,0.06758808136592982,19.580340264650285,1.721606648199446,0.42403628117913833,38,19,67,0.44866920152091255,0.07224334600760456,0.2623574144486692,1
12,24,127,9673.5,3070.0,4275.0,223,0.19452432182428764,0.06173460154034869,0.08596593536970379,67.17708333333333,5.329861111111111,0.2650505301010602,37,27,73,0.47085201793721976,0.3811659192825112,0.4349775784753363,1
14,28,100,7176.0,3256.0,3204.0,247,0.11762199019816748,0.05336917503974824,0.052516841777442674,36.61224489795919,4.153061224489796,0.3204,23,31,62,0.3117408906882591,0.23481781376518218,0.46558704453441296,1
13,18,78,7982.0,2423.5,4317.5,287,0.09690538916339886,0.029422476902718257,0.052416564484211295,47.23076923076923,7.479938271604938,0.7096482577251808,42,33,77,0.3797909407665505,0.27526132404181186,0.3902439024390244,1
20,32,92,8554.0,4768.0,4725.5,255,0.13154940407535562,0.07332564398308343,0.0726720492118416,21.385,4.65625,0.5583057655954632,27,34,86,0.4117647058823529,0.32941176470588235,0.5098039215686274,1
18,21,131,10096.0,4212.0,8040.0,319,0.0992128615088295,0.04139110268177396,0.07900865754070813,31.160493827160494,9.551020408163266,0.46850416642386805,33,39,97,0.3793103448275862,0.2852664576802508,0.3103448275862069,1
15,28,80,7100.0,2705.0,4108.0,251,0.11269662386311328,0.04293582641545372,0.06520531420136189,31.555555555555557,3.4502551020408165,0.641875,18,35,75,0.07171314741035857,0.44223107569721115,0.32270916334661354,1
15,29,126,7122.5,3009.5,5843.5,223,0.14322628647268193,0.06051800760119849,0.11750688732932495,31.655555555555555,3.5784780023781213,0.3680713025951121,32,34,94,0.5336322869955157,0.5067264573991032,0.6457399103139013,1
14,21,105,7624.0,4489.0,5165.0,311,0.07882466062178844,0.04641184437712596,0.05340101942701171,38.89795918367347,10.179138321995465,0.4684807256235828,35,37,84,0.28938906752411575,0.37942122186495175,0.3633440514469453,1
16,27,92,9997.5,5217.0,8812.5,359,0.07757155825916931,0.04047920174424469,0.06837702997338631,39.052734375,7.156378600823046,1.0411743856332702,36,33,101,0.22562674094707522,0.22841225626740946,0.30919220055710306,1
16,25,91,7492.0,4616.5,6203.0,311,0.07745991046411844,0.047730068961239026,0.06413291839414398,29.265625,7.3864,0.7490641226904963,32,32,91,0.22186495176848875,0.24758842443729903,0.3183279742765273,1
18,24,129,8395.0,5791.0,3804.0,295,0.09646653260557311,0.06654409652398736,0.04371157713300776,25.910493827160494,10.053819444444445,0.22859203172886244,30,26,66,0.33220338983050846,0.3016949152542373,0.4101694915254237,1
13,22,129,9238.0,5153.0,7270.0,351,0.07498315760424022,0.041825959204876584,0.059009261288463566,54.662721893491124,10.646694214876034,0.43687278408749475,37,33,92,0.4415954415954416,0.150997150997151,0.3162393162393162,1
22,35,104,9410.5,7244.5,8365.5,279,0.120893873408615,0.09306792050461839,0.10746907156896751,19.443181818181817,5.913877551020408,0.7734375,25,26,99,0.33691756272401435,0.24731182795698925,0.36200716845878134,1
13,15,66,10645.5,6802.0,10107.5,303,0.11595268437734862,0.07408859697850974,0.11009269243756059,62.99112426035503,30.23111111111111,2.320362718089991,41,33,112,0.3795379537953795,0.29042904290429045,0.3696369636963696,1
23,29,72,10994.0,5840.0,13189.0,351,0.0892362886664881,0.047402212644377884,0.10705270249429794,20.782608695652176,6.944114149821641,2.5441743827160495,50,47,136,0.150997150997151,0.39316239316239315,0.5498575498575499,1
22,27,113,7257.0,2430.0,8205.0,287,0.08810353409656546,0.029501390086076072,0.09961271837705933,14.993801652892563,3.3333333333333335,0.6425718537081996,27,28,103,0.33797909407665505,0.20209059233449478,0.47735191637630664,1
16,25,92,7814.0,4283.0,6841.0,343,0.06641790410458227,0.03640489931916124,0.05814754056558067,30.5234375,6.8528,0.8082466918714556,38,28,96,0.3935860058309038,0.21282798833819241,0.30903790087463556,1
16,24,137,7571.5,3604.0,4716.5,271,0.1030963630669517,0.04907340586320992,0.06422162007597935,29.576171875,6.256944444444445,0.2512920240822633,48,33,83,0.3025830258302583,0.23985239852398524,0.5535055350553506,1
16,23,94,7682.0,3732.0,5869.0,295,0.0882734846308532,0.04288422866992243,0.0674403906923298,30.0078125,7.054820415879017,0.6642145767315527,37,21,95,0.44745762711864406,0.13898305084745763,0.5288135593220339,1
15,23,87,8996.0,3030.0,3571.0,303,0.09798603622738511,0.033003300330033,0.03889596880480127,39.98222222222222,5.727788279773157,0.47179283921257764,22,32,71,0.13861386138613863,0.36303630363036304,0.37623762376237624,1
17,27,131,8988.0,3071.5,3559.0,299,0.1005357881902887,0.03435643896600709,0.03980939810516661,31.100346020761247,4.213305898491083,0.20738884680379932,31,18,65,0.17391304347826086,0.12040133779264214,0.2608695652173913,1
19,35,82,8503.5,4160.0,8461.5,283,0.1061756296120566,0.05194221428660615,0.10565121302550912,23.55540166204986,3.3959183673469386,1.258402736466389,29,24,104,0.3392226148409894,0.14840989399293286,0.5865724381625441,1
13,15,77,10433.0,4197.5,8400.5,395,0.06686748918442557,0.026902739945521552,0.05384073065213908,61.73372781065089,18.655555555555555,1.416849384381852,26,39,107,0.18227848101265823,0.3367088607594937,0.379746835443038,1
16,25,80,6831.0,3841.0,4891.0,279,0.08775580992022199,0.04934417594840765,0.06283321128968025,26.68359375,6.1456,0.76421875,28,25,85,0.4050179211469534,0.1971326164874552,0.48028673835125446,1
13,21,70,10486.0,6994.0,14443.0,311,0.10841492540399707,0.07231108032381799,0.1493264130850591,62.04733727810651,15.859410430839002,2.9475510204081634,45,42,144,0.38263665594855306,0.3183279742765273,0.7234726688102894,1
15,20,71,13350.0,7158.0,12305.0,343,0.11347312769339306,0.060841996107064235,0.10459077425222484,59.333333333333336,17.895,2.4409839317595714,50,47,136,0.3498542274052478,0.3236151603498542,0.41690962099125367,1
18,21,81,9998.0,5159.0,13676.5,375,0.07109688888888889,0.036686222222222224,0.09725511111111111,30.858024691358025,11.698412698412698,2.084514555707971,53,38,124,0.4026666666666667,0.36533333333333334,0.49066666666666664,1
15,23,96,14918.5,9898.0,19281.0,463,0.06959261833567354,0.04617272086915552,0.08994304213762251,66.30444444444444,18.71077504725898,2.0921223958333335,50,52,157,0.3714902807775378,0.20950323974082075,0.4017278617710583,1
13,18,102,19736.0,9257.0,14491.0,423,0.11030073381061761,0.051735604625298304,0.0809874307686289,116.7810650887574,28.570987654320987,1.3928296808919647,54,51,133,0.3380614657210402,0.42080378250591016,0.42080378250591016,1
15,19,84,10177.0,4973.0,10149.0,327,0.09517530323859758,0.046507495627940036,0.09491344724069242,45.23111111111111,13.77562326869806,1.4383503401360545,38,35,127,0.38837920489296635,0.28440366972477066,0.4525993883792049,1
15,24,65,14940.5,6159.0,10994.5,407,0.09019372287185555,0.03718102735301752,0.06637226907497178,66.40222222222222,10.692708333333334,2.602248520710059,40,40,127,0.3538083538083538,0.33415233415233414,0.3759213759213759,1
13,22,88,12082.0,5460.0,10919.0,323,0.11580672679695962,0.052334442005578505,0.10465929894851862,71.49112426035504,11.28099173553719,1.4099948347107438,46,46,126,0.33746130030959753,0.47987616099071206,0.48606811145510836,1
18,23,85,8673.0,5576.0,11557.0,431,0.046689025145213475,0.03001706493828091,0.062214350697939826,26.76851851851852,10.540642722117202,1.599584775086505,46,42,126,0.10672853828306264,0.2273781902552204,0.4408352668213457,1
13,19,81,9821.0,3014.0,8442.0,311,0.10153947953391715,0.031161795266798315,0.08728197599280405,58.112426035502956,8.349030470914128,1.2866941015089164,32,29,101,0.45980707395498394,0.3215434083601286,0.44694533762057875,1
19,23,59,9155.0,5086.5,7589.0,295,0.10519965527147371,0.05844872163171502,0.087204826199368,25.3601108033241,9.61531190926276,2.1801206549842,33,30,101,0.38305084745762713,0.24745762711864408,0.376271186440678,1
15,26,110,9203.0,4427.0,8888.0,299,0.10294068299012316,0.049518461762172686,0.09941723246943547,40.90222222222222,6.548816568047338,0.7345454545454545,38,35,106,0.451505016722408,0.22742474916387959,0.44816053511705684,1
13,20,106,8758.0,3456.5,5912.5,255,0.1346866589773164,0.053156478277585545,0.09092656670511341,51.82248520710059,8.64125,0.5262103951584194,39,37,85,0.35294117647058826,0.4235294117647059,0.6235294117647059,1
18,21,88,8186.0,2967.0,6923.0,303,0.08916337178272282,0.03231709309544816,0.0754065505560457,25.265432098765434,6.727891156462585,0.8939824380165289,31,31,95,0.31353135313531355,0.3201320132013201,0.36303630363036304,1
13,18,86,7179.0,4370.0,9286.0,327,0.06713800746289594,0.040868239673054085,0.08684267130525863,42.4792899408284,13.487654320987655,1.2555435370470525,30,41,106,0.2691131498470948,0.38837920489296635,0.4740061162079511,1
13,27,81,8826.5,4112.0,7183.0,275,0.11671404958677686,0.05437355371900827,0.09498181818181818,52.22781065088758,5.640603566529492,1.0948026215515927,42,35,100,0.2581818181818182,0.41454545454545455,0.5163636363636364,1
16,24,83,12165.5,3873.5,15776.0,335,0.10840276230786366,0.034515482290042324,0.14057473824905325,47.521484375,6.724826388888889,2.290027580200319,51,50,141,0.5611940298507463,0.4955223880597015,0.6208955223880597,1
15,26,84,10496.0,4959.5,15510.0,343,0.08921452796028866,0.04215505444160171,0.13183282475839148,46.64888888888889,7.336538461538462,2.19812925170068,60,54,151,0.521865889212828,0.2886297376093295,0.5743440233236151,1
13,23,68,12057.0,5815.0,18208.0,351,0.0978644653858329,0.047199292213537226,0.1477910081898686,71.34319526627219,10.992438563327033,3.9377162629757785,60,60,153,0.396011396011396,0.17094017094017094,0.5327635327635327,1
17,27,66,12936.0,4286.0,18010.0,327,0.12097747103218023,0.04008267167933863,0.16842951865256386,44.761245674740486,5.879286694101509,4.134527089072543,56,54,148,0.4923547400611621,0.17737003058103976,0.581039755351682,1
13,19,62,11936.0,5108.0,17598.0,391,0.07807379595894846,0.033411607721037934,0.11510913717204885,70.62721893491124,14.149584487534627,4.5780437044745055,53,53,158,0.47570332480818417,0.3657289002557545,0.4961636828644501,1
13,23,76,10633.0,3939.0,15993.0,271,0.14478288694326058,0.05363489059244836,0.21776664261107556,62.917159763313606,7.446124763705104,2.768871191135734,43,43,146,0.5535055350553506,0.5756457564575646,0.7453874538745388,1
19,23,96,11961.0,2201.0,10887.0,271,0.1628654293923013,0.02996963548971283,0.14824144551408613,33.13296398891967,4.160680529300567,1.1813151041666667,41,38,110,0.5166051660516605,0.5166051660516605,0.5166051660516605,1
13,15,56,9620.0,4593.0,9093.0,339,0.08370967882284353,0.03996658574150939,0.07912391991019918,56.92307692307692,20.413333333333334,2.8995535714285716,40,29,105,0.25663716814159293,0.20648967551622419,0.5132743362831859,1
19,29,90,8106.0,2579.0,7916.0,367,0.060183088448202894,0.019147814595104277,0.05877243130470937,22.454293628808863,3.066587395957194,0.9772839506172839,34,31,89,0.3678474114441417,0.08446866485013624,0.3242506811989101,1
15,22,81,10833.0,5799.0,11604.0,343,0.0920789806968185,0.04929068670366939,0.09863237256585267,48.14666666666667,11.981404958677686,1.7686328303612253,42,46,98,0.3177842565597668,0.3206997084548105,0.5860058309037901,1
16,24,96,7748.0,3606.0,5730.0,343,0.06585691336092954,0.030650494266844595,0.04870419638075972,30.265625,6.260416666666667,0.6217447916666666,31,31,82,0.26239067055393583,0.09037900874635568,0.40524781341107874,1
15,23,82,14276.0,4172.0,14256.0,291,0.16858563314084624,0.04926725003247482,0.16834945265171644,63.44888888888889,7.886578449905482,2.1201665675193335,42,36,126,0.38831615120274915,0.4054982817869416,0.49828178694158076,1
13,15,77,11665.0,6266.5,14557.5,251,0.1851557911779178,0.09946667513214076,0.2310677608291932,69.02366863905326,27.851111111111113,2.4553044358239164,55,49,131,0.6852589641434262,0.5776892430278885,0.6693227091633466,1
15,21,78,10144.0,3334.0,11744.0,351,0.0823369940179057,0.027061468656910254,0.09532390159170787,45.08444444444444,7.5600907029478455,1.930309007232084,44,39,121,0.4415954415954416,0.396011396011396,0.5128205128205128,1
16,24,90,11775.0,4520.5,13186.0,339,0.10246169107473829,0.039335717579902715,0.11473969074407636,45.99609375,7.848090277777778,1.6279012345679011,48,50,129,0.22123893805309736,0.2153392330383481,0.40412979351032446,1
15,26,68,11380.0,4414.0,14702.0,323,0.10907801282481382,0.042308466485828485,0.1409195909095266,50.577777777777776,6.529585798816568,3.1794982698961936,49,46,138,0.37770897832817335,0.34365325077399383,0.6099071207430341,1
13,16,104,11055.0,3987.5,12724.5,407,0.0667374991699316,0.024071983531442992,0.07681603873250065,65.41420118343196,15.576171875,1.176451553254438,56,53,130,0.343980343980344,0.24078624078624078,0.4103194103194103,1
11,28,138,10197.0,2902.0,8225.0,327,0.09536234323710126,0.02713950378288397,0.0769201993846384,84.27272727272727,3.701530612244898,0.4318945599663936,30,1,101,0.09174311926605505,0.0030581039755351682,0.3180428134556575,1
15,22,87,10879.0,4759.0,14625.0,347,0.09035038909051649,0.039523623649394976,0.12146102035562126,48.35111111111111,9.832644628099173,1.9322235434007133,46,42,133,0.31988472622478387,0.13256484149855907,0.5072046109510087,1
18,24,104,9918.0,3685.0,9127.0,307,0.10523188574945093,0.039098558074886734,0.09683922375834227,30.61111111111111,6.397569444444445,0.8438424556213018,37,35,104,0.247557003257329,0.31921824104234525,0.46254071661237783,1
20,25,82,9166.0,3923.5,9761.5,287,0.11127972902426884,0.04763321152375287,0.11850939066881958,22.915,6.2776,1.4517400356930399,39,38,110,0.42160278745644597,0.49825783972125437,0.3832752613240418,1
11,17,97,11375.0,4258.5,10626.5,319,0.11178152730417351,0.041848055738445966,0.1044260571338725,94.00826446280992,14.735294117647058,1.1293973854819854,47,43,118,0.3322884012539185,0.3322884012539185,0.47335423197492166,1
13,16,121,9359.0,4582.0,10530.0,287,0.11362284354550863,0.05562772402238706,0.12783935703966298,55.37869822485207,17.8984375,0.7192131684994194,37,36,114,0.49477351916376305,0.4529616724738676,0.5470383275261324,1
12,16,108,12693.0,1885.0,9045.0,415,0.07370010161126433,0.01094498475831035,0.05251850776600377,88.14583333333333,7.36328125,0.7754629629629629,50,44,119,0.36626506024096384,0.25542168674698795,0.4771084337349398,1
18,27,75,9532.0,2725.0,10800.0,351,0.07736950187092637,0.022118326961631806,0.08766162612316458,29.419753086419753,3.737997256515775,1.92,58,39,127,0.4843304843304843,0.2792022792022792,0.4700854700854701,1
20,18,109,8546.5,2570.0,9021.5,263,0.12355968714308432,0.0371553730717518,0.13042692535673495,21.36625,7.932098765432099,0.7593216059254272,30,31,106,0.20912547528517111,0.24714828897338403,0.42585551330798477,1
13,23,97,7959.5,3405.0,8754.5,299,0.08903144260131318,0.03808682229505263,0.0979239605820964,47.09763313609467,6.4366729678638945,0.9304389414390477,43,44,111,0.3612040133779264,0.49498327759197325,0.45484949832775917,1
15,22,98,8717.0,5182.0,11761.0,279,0.11198468673321257,0.06657160108426151,0.15109004252257807,38.742222222222225,10.706611570247935,1.2245939192003332,47,43,122,0.5734767025089605,0.32974910394265233,0.5161290322580645,1
13,24,119,8280.0,3518.0,8972.0,271,0.11274356285998284,0.047902397843166626,0.12216609250963359,48.994082840236686,6.107638888888889,0.6335710754890191,37,35,109,0.3210332103321033,0.46494464944649444,0.5424354243542435,1
13,22,123,9225.0,2881.5,9761.0,295,0.10600402183280666,0.03311117494972709,0.11216317150244183,54.585798816568044,5.953512396694215,0.6451847445303721,43,43,114,0.2677966101694915,0.511864406779661,0.5186440677966102,1
18,26,108,10868.5,7230.5,13360.5,275,0.14371570247933885,0.0956099173553719,0.17666776859504132,33.54475308641975,10.696005917159763,1.1454475308641976,47,47,128,0.4,0.5309090909090909,0.6654545454545454,1
23,26,117,11414.0,6910.0,11937.0,359,0.08856231717630993,0.05361535059473468,0.09262032417501416,21.5765595463138,10.221893491124261,0.8720140258601797,45,44,122,0.30919220055710306,0.34540389972144847,0.4623955431754875,1
15,22,78,13521.0,4035.0,16209.0,343,0.11492660371103877,0.03429693410058734,0.13777422672525905,60.093333333333334,8.336776859504132,2.6642011834319526,49,46,134,0.2653061224489796,0.37317784256559766,0.47230320699708456,1
13,17,100,12391.0,4700.0,11799.0,343,0.10532176219092385,0.03994934083587621,0.10028984521755391,73.31952662721893,16.262975778546714,1.1799,36,36,123,0.42565597667638483,0.3323615160349854,0.4752186588921283,1
15,27,86,10861.0,3767.5,10652.5,295,0.12480321746624533,0.043292157426027,0.12240735420856076,48.27111111111111,5.168038408779149,1.4403055705786911,45,42,119,0.37966101694915255,0.3288135593220339,0.4067796610169492,1
23,31,121,9831.0,4950.0,10979.5,335,0.08760080196034752,0.044107819113388284,0.0978347070617064,18.584120982986768,5.150884495317378,0.7499146233180793,27,37,108,0.22686567164179106,0.18507462686567164,0.34626865671641793,1
15,20,99,10059.0,4683.0,10796.0,279,0.12922495856939145,0.06016109762207577,0.1386929767089323,44.70666666666666,11.7075,1.1015202530354045,46,30,121,0.33691756272401435,0.34767025089605735,0.6272401433691757,1
20,28,96,10823.0,3456.0,8389.0,263,0.15647182986598043,0.04996457950816117,0.12128265552487386,27.0575,4.408163265306122,0.9102647569444444,30,35,104,0.3916349809885932,0.13307984790874525,0.5551330798479087,1
16,34,109,11146.0,3312.0,8409.0,311,0.11523867619234705,0.0342428221379018,0.08694078845338654,43.5390625,2.865051903114187,0.7077687063378504,44,43,108,0.5080385852090032,0.3440514469453376,0.5080385852090032,1
16,22,99,10611.0,4143.0,12562.0,295,0.12193047974719907,0.047607009480034476,0.14434932490663602,41.44921875,8.559917355371901,1.281705948372615,49,46,128,0.5220338983050847,0.3694915254237288,0.5016949152542373,1
17,23,102,8187.0,3654.0,9888.0,215,0.17711195240670632,0.0790481341265549,0.2139102217414819,28.32871972318339,6.9073724007561434,0.9504036908881199,17,30,116,0.07906976744186046,0.3395348837209302,0.7674418604651163,1
24,26,145,7950.0,3753.0,8364.0,319,0.07812423226973006,0.03688053379978577,0.08219258851622921,13.802083333333334,5.5517751479289945,0.39781212841854935,42,41,108,0.36363636363636365,0.4012539184952978,0.47335423197492166,1
15,25,74,10195.0,4777.0,5356.0,283,0.1272958833297956,0.05964614366517249,0.06687560089400542,45.31111111111111,7.6432,0.9780861943024105,38,25,82,0.38162544169611307,0.24028268551236748,0.36042402826855124,1
