SrcIPF0,DstIPF0,DstPortF0,SrcIPF2,DstIPF2,DstPortF2,Events_F1,SrcIP_BurstIndex,DstIP_BurstIndex,DstPort_BurstIndex,SrcIP_Concentration,DstIP_Concentration,DstPort_Concentration,SrcIP_MaxCount,DstIP_MaxCount,DstPort_MaxCount,SrcIP_FractionOfMass,DstIP_FractionOfMass,DstPort_FractionOfMass,Attack
18,19,18,641.0,844.0,4667.0,83,0.0930468863405429,0.1225141529975323,0.6774568152126579,1.978395061728395,2.337950138504155,14.404320987654321,14,12,67,0.5060240963855421,0.40963855421686746,1.0481927710843373,1
18,21,11,469.0,1285.5,4387.5,99,0.047852259973472096,0.13116008570554025,0.4476584022038568,1.4475308641975309,2.9149659863945576,36.260330578512395,12,0,65,0.30303030303030304,0.0,0.8484848484848485,1
18,21,29,16153.0,34759.0,131565.0,503,0.06384357868692418,0.13738246465540752,0.5200012647771424,49.85493827160494,78.81859410430839,156.43876337693223,72,66,299,0.49304174950298213,0.3956262425447316,0.9184890656063618,0
18,19,193,57065.0,103235.0,224531.0,767,0.09700164374992563,0.17548347835842587,0.38166785372495493,176.12654320987653,285.9695290858726,6.027839673548283,98,98,425,0.3324641460234681,0.3520208604954368,0.817470664928292,0
18,21,87,12584.5,27229.0,38624.5,399,0.07904787030232222,0.17103535781810417,0.24261468206857997,38.84104938271605,61.7437641723356,5.102985863390144,58,70,158,0.15288220551378445,0.17794486215538846,0.7243107769423559,0
20,19,103,4881.0,8782.0,6413.0,255,0.0750634371395617,0.13505574778931181,0.0986236063052672,12.2025,24.326869806094184,0.6044867565274766,33,39,50,0.396078431372549,0.49019607843137253,0.24313725490196078,0
18,19,91,6238.5,9467.5,5798.5,243,0.10564954529289235,0.16033294382631375,0.09819810665718302,19.25462962962963,26.225761772853186,0.7002173650525298,39,45,49,0.5843621399176955,0.4897119341563786,0.2880658436213992,0
18,17,94,5025.0,5561.5,5375.5,287,0.06100596098046595,0.06751933372992266,0.06526120263691437,15.50925925925926,19.2439446366782,0.6083635129017655,40,34,43,0.3797909407665505,0.2229965156794425,0.15331010452961671,0
18,21,110,4514.5,5798.0,5582.0,247,0.07399727908997034,0.09503515874707011,0.091494697503647,13.933641975308642,13.147392290249433,0.4613223140495868,35,30,48,0.4574898785425101,0.19838056680161945,0.41700404858299595,0
16,18,103,4851.5,7099.0,6674.5,259,0.07232301247745263,0.10582728343346104,0.09949911301262652,18.951171875,21.910493827160494,0.6291356395513243,36,39,47,0.39768339768339767,0.3436293436293436,0.47876447876447875,0
18,19,82,4075.0,7703.0,5202.0,235,0.07378904481665913,0.13948392937980986,0.09419646899049344,12.57716049382716,21.337950138504155,0.7736466389054134,40,38,48,0.425531914893617,0.5404255319148936,0.23404255319148937,0
21,19,87,5158.0,6349.0,4129.0,255,0.07932333717800846,0.0976393694732795,0.06349865436370626,11.696145124716553,17.587257617728532,0.5455145990223279,48,36,33,0.5215686274509804,0.5411764705882353,0.30980392156862746,0
18,18,122,5022.0,9269.5,4143.0,215,0.10864250946457545,0.20053001622498648,0.0896268253109789,15.5,28.609567901234566,0.27835259338887397,36,35,20,0.6,0.4325581395348837,0.2372093023255814,0
18,17,70,4815.5,9431.5,5217.0,211,0.10816244019676108,0.2118438489701489,0.11718065631948968,14.862654320987655,32.634948096885815,1.0646938775510204,39,28,25,0.44075829383886256,0.36018957345971564,0.11848341232227488,0
18,20,103,4064.5,5424.5,5087.0,227,0.07887791340798385,0.10527081837411943,0.09872110850200858,12.544753086419753,13.56125,0.4794985389763408,19,19,46,0.15418502202643172,0.22466960352422907,0.3876651982378855,0
18,18,72,7010.0,5002.5,9719.5,251,0.11126807510991889,0.07940350153172172,0.15427532896303234,21.635802469135804,15.439814814814815,1.874903549382716,49,15,70,0.549800796812749,0.08366533864541832,0.6055776892430279,0
20,20,73,3230.5,4751.5,3521.0,263,0.04670444852462809,0.06869406815191777,0.05090430684266073,8.07625,11.87875,0.6607243385250516,40,31,37,0.3726235741444867,0.3231939163498099,0.14068441064638784,0
18,20,54,5240.5,6723.5,5671.0,251,0.08318121934572467,0.10672052824558341,0.09001444421517119,16.174382716049383,16.80875,1.9447873799725652,43,34,46,0.42231075697211157,0.44223107569721115,0.3426294820717131,0
16,18,94,2987.0,6627.0,3588.0,183,0.0891934665113918,0.19788587297321508,0.10713965779808295,11.66796875,20.453703703703702,0.4060660932548665,38,33,43,0.5136612021857924,0.5628415300546448,0.4207650273224044,0
18,19,86,4692.0,4912.0,3854.0,203,0.11385862311630954,0.11919726273386881,0.09352325948215195,14.481481481481481,13.606648199445983,0.5210924824229313,38,29,48,0.4039408866995074,0.5862068965517241,0.4975369458128079,1
18,20,76,5178.0,6326.0,5716.0,239,0.0906496735001138,0.11074736086553107,0.10006827611561422,15.981481481481481,15.815,0.989612188365651,42,40,32,0.4560669456066946,0.4225941422594142,0.35564853556485354,0
18,20,93,6639.0,8693.0,5147.0,275,0.08778842975206612,0.1149487603305785,0.0680595041322314,20.49074074074074,21.7325,0.5950976991559718,30,25,44,0.33454545454545453,0.24363636363636362,0.28363636363636363,1
18,17,100,4988.5,9569.0,5905.0,283,0.06228695576171509,0.11947957896839766,0.07373047484673301,15.396604938271604,33.11072664359862,0.5905,42,31,49,0.3321554770318021,0.3321554770318021,0.33568904593639576,1
18,23,66,4606.5,8708.5,4673.0,263,0.06659775332880337,0.1259017768075294,0.06755916667871445,14.217592592592593,16.46219281663516,1.07277318640955,21,28,37,0.07984790874524715,0.18250950570342206,0.376425855513308,1
18,19,52,5164.0,7529.0,4645.0,219,0.1076708158712287,0.15698171430954316,0.09684952357123496,15.938271604938272,20.85595567867036,1.7178254437869822,52,28,46,0.2374429223744292,0.4383561643835616,0.3881278538812785,1
18,21,113,4614.0,7021.0,3149.0,291,0.05448683884224324,0.08291116070901383,0.037186618013485905,14.24074074074074,15.920634920634921,0.24661289059440833,32,29,32,0.18213058419243985,0.18213058419243985,0.16151202749140894,1
18,21,97,4808.0,7715.0,6713.0,287,0.05837147470528961,0.09366387840085469,0.08149910767400356,14.839506172839506,17.49433106575964,0.7134658305877352,29,35,44,0.39372822299651566,0.34843205574912894,0.2578397212543554,1
20,19,74,2736.0,5068.5,5527.5,275,0.036178512396694215,0.06702148760330578,0.0730909090909091,6.84,14.04016620498615,1.0094046749452155,30,24,34,0.3890909090909091,0.23636363636363636,0.12363636363636364,0
18,19,57,4604.0,6182.0,4371.0,239,0.08060082981740516,0.10822639659669823,0.07652176957686314,14.209876543209877,17.12465373961219,1.34533702677747,32,36,46,0.3807531380753138,0.5355648535564853,0.4769874476987448,0
18,17,75,5206.5,9020.0,3810.5,203,0.1263437598582834,0.2188842243199301,0.09246766483049819,16.069444444444443,31.21107266435986,0.6774222222222223,44,40,39,0.5714285714285714,0.5665024630541872,0.5073891625615764,0
18,19,111,3422.0,7366.5,4292.5,231,0.0641292329604018,0.1380502614268848,0.08044264537771031,10.561728395061728,20.405817174515235,0.34838892947001054,29,35,0,0.48917748917748916,0.48917748917748916,0.0,0
18,21,81,5207.0,8553.0,4186.5,235,0.09428700769578995,0.1548755092802173,0.07580805794477138,16.070987654320987,19.39455782312925,0.6380887059899406,40,31,36,0.3872340425531915,0.3659574468085106,0.4425531914893617,1
20,21,77,4007.0,7872.5,3507.5,311,0.04142843849836127,0.08139390618376567,0.036264099833541834,10.0175,17.851473922902493,0.5915837409343903,34,26,36,0.34726688102893893,0.38263665594855306,0.2572347266881029,1
17,21,113,5041.0,9361.0,3451.0,287,0.06120020881642366,0.11364712452500333,0.04189683011812696,17.442906574394463,21.226757369614514,0.27026392043229697,44,26,30,0.3902439024390244,0.25435540069686413,0.11846689895470383,1
18,19,86,4789.0,9020.5,4385.0,239,0.08383956863500289,0.15791915407643423,0.0767668633252219,14.780864197530864,24.98753462603878,0.5928880475932937,28,34,47,0.4225941422594142,0.4351464435146444,0.2719665271966527,1
18,17,65,3455.0,6642.0,2899.0,227,0.06704962254264589,0.12889829028314154,0.05625958198296105,10.66358024691358,22.982698961937718,0.6861538461538461,26,27,48,0.45374449339207046,0.16740088105726872,0.43171806167400884,1
18,20,79,4119.5,5726.5,4136.5,247,0.06752282450130309,0.09386320051139996,0.06780147191397991,12.714506172839506,14.31625,0.6627944239705176,28,25,41,0.3805668016194332,0.3643724696356275,0.4048582995951417,1
18,21,57,5866.5,5849.5,3325.0,223,0.11796939411610931,0.11762754127370348,0.06686239417643629,18.10648148148148,13.264172335600907,1.023391812865497,40,28,41,0.5381165919282511,0.4304932735426009,0.4439461883408072,1
20,19,92,5332.0,7153.0,4011.0,303,0.05807709483819669,0.07791175157119673,0.04368852726856844,13.33,19.814404432132964,0.47388941398865786,41,28,28,0.20132013201320131,0.42244224422442245,0.297029702970297,1
18,21,90,4912.0,4550.0,4968.0,259,0.07322490720174119,0.06782844620682459,0.07405971884736363,15.160493827160494,10.317460317460318,0.6133333333333333,27,31,43,0.25868725868725867,0.23938223938223938,0.16602316602316602,1
18,19,73,5333.0,8251.0,4894.0,237,0.09494561056810696,0.14689597464793747,0.08712991151702897,16.459876543209877,22.85595567867036,0.918371176580972,42,33,46,0.3628691983122363,0.31645569620253167,0.28270042194092826,1
18,19,73,4479.0,8212.0,5323.5,247,0.07341539772820403,0.1346030913471783,0.08725761772853186,13.824074074074074,22.74792243767313,0.9989679114280353,31,36,46,0.44129554655870445,0.4089068825910931,0.291497975708502,1
18,20,73,4840.0,7046.0,3821.0,239,0.08473241014688118,0.12335218220969521,0.06689308660562665,14.938271604938272,17.615,0.7170200788140364,38,25,35,0.37656903765690375,0.20920502092050208,0.3472803347280335,0
20,20,107,2774.5,5481.5,3573.5,219,0.05784908571547716,0.1142907779237297,0.07450845478618044,6.93625,13.70375,0.3121233295484322,22,0,30,0.3515981735159817,0.0,0.3287671232876712,1
18,22,77,3788.0,8415.0,4888.0,287,0.045988175162986075,0.10216222122400417,0.05934271388507813,11.691358024691358,17.386363636363637,0.8244223309158374,29,33,42,0.26480836236933797,0.27526132404181186,0.313588850174216,1
18,19,85,6326.5,9077.5,7847.5,271,0.08614397952097602,0.12360261979003553,0.10685448182895113,19.526234567901234,25.145429362880886,1.086159169550173,47,22,28,0.36531365313653136,0.14760147601476015,0.1992619926199262,1
18,18,80,3523.0,6140.0,8313.0,287,0.04277094537993663,0.07454260704876835,0.10092389126977382,10.873456790123457,18.950617283950617,1.29890625,32,39,43,0.40069686411149824,0.30313588850174217,0.3693379790940767,1
18,19,82,4099.0,8588.0,6876.0,255,0.06303729334871204,0.1320722798923491,0.1057439446366782,12.651234567901234,23.789473684210527,1.0226055919095776,30,32,44,0.5098039215686274,0.4196078431372549,0.45098039215686275,1
18,20,102,7777.0,12451.5,13259.0,339,0.06767257507331123,0.10834834364476466,0.11537490972059067,24.003086419753085,31.12875,1.2744136870434448,45,51,68,0.28023598820059,0.44542772861356933,0.4749262536873156,1
20,20,74,6153.0,10125.0,11311.0,295,0.07070382074116634,0.11634587762137318,0.1299741453605286,15.3825,25.3125,2.0655588020452886,50,13,68,0.3152542372881356,0.04406779661016949,0.4711864406779661,1
18,22,105,4621.0,10668.0,6515.5,299,0.05168845986062796,0.11932752430062303,0.07287949799219248,14.262345679012345,22.041322314049587,0.5909750566893424,43,39,39,0.4983277591973244,0.46153846153846156,0.3511705685618729,1
18,20,82,6287.0,8492.0,8769.0,291,0.07424333675795043,0.1002822356845101,0.10355333545895773,19.40432098765432,21.23,1.3041344437834623,33,31,48,0.20962199312714777,0.27835051546391754,0.5429553264604811,1
18,19,79,5800.5,13824.0,11169.0,311,0.05997146431488508,0.14292656196689446,0.1154764735683047,17.90277777777778,38.29362880886426,1.7896170485499119,77,45,67,0.5594855305466238,0.2733118971061093,0.38263665594855306,1
18,21,85,7992.0,11159.0,10809.0,311,0.08262941863711086,0.11537308340484487,0.11175442768375017,24.666666666666668,25.303854875283445,1.4960553633217992,44,38,60,0.45980707395498394,0.3183279742765273,0.5594855305466238,1
20,21,67,6399.0,10379.0,11702.0,315,0.06448979591836734,0.10460065507684556,0.11793398841017888,15.9975,23.53514739229025,2.606816662953887,61,35,60,0.45714285714285713,0.25396825396825395,0.5333333333333333,1
18,22,109,6688.5,11348.0,5062.0,271,0.09107310630301875,0.15451859315641128,0.06892607671464168,20.64351851851852,23.446280991735538,0.4260584125915327,44,0,41,0.28413284132841327,0.0,0.3210332103321033,1
18,20,74,9423.0,11420.0,11775.0,331,0.08600688201093455,0.10423417091848376,0.10747437500570459,29.083333333333332,28.55,2.1502921840759677,48,19,66,0.36253776435045315,0.05740181268882175,0.4229607250755287,1
18,18,87,5426.0,14288.0,11975.0,335,0.048349298284695925,0.1273156605034529,0.10670527957228781,16.746913580246915,44.098765432098766,1.5821112432289601,44,41,66,0.44477611940298506,0.23283582089552238,0.5104477611940299,1
18,20,93,7642.0,8509.0,11895.0,327,0.07146798342825614,0.07957616736339067,0.11124203911006368,23.58641975308642,21.2725,1.3753035032951786,48,32,61,0.3211009174311927,0.1743119266055046,0.5015290519877675,1
18,22,84,7872.0,9779.0,6566.0,267,0.11042376804275554,0.13717403807038955,0.09210397115964594,24.296296296296298,20.204545454545453,0.9305555555555556,42,41,56,0.40074906367041196,0.4044943820224719,0.3782771535580524,1
20,20,110,7570.0,15027.0,13913.0,351,0.06144430645855147,0.12197141256970317,0.11292927817144341,18.925,37.5675,1.1498347107438016,42,50,72,0.17663817663817663,0.2535612535612536,0.5213675213675214,1
18,22,98,6480.0,6720.0,7741.0,247,0.10621383730269304,0.11014768312871871,0.1268829189136029,20.0,13.884297520661157,0.806018325697626,46,38,51,0.47368421052631576,0.3481781376518219,0.5910931174089069,1
18,21,87,7408.5,8240.0,10569.0,287,0.08994281829328996,0.1000376355182168,0.12831283613980987,22.86574074074074,18.68480725623583,1.396353547364249,40,24,58,0.2682926829268293,0.14634146341463414,0.40418118466898956,1
18,19,110,4450.0,10976.0,9633.0,275,0.05884297520661157,0.14513719008264464,0.1273785123966942,13.734567901234568,30.40443213296399,0.7961157024793388,40,44,55,0.48727272727272725,0.4072727272727273,0.5745454545454546,1
21,22,92,6123.0,11223.5,14916.0,391,0.04005075843302961,0.07341330839018582,0.09756608080794867,13.884353741496598,23.18904958677686,1.7622873345935728,33,44,79,0.289002557544757,0.2710997442455243,0.2966751918158568,0
21,22,114,5814.0,8725.0,14157.0,323,0.05572755417956656,0.08362967151990339,0.13569573177160713,13.183673469387756,18.026859504132233,1.0893351800554016,48,49,73,0.43034055727554177,0.5541795665634675,0.5758513931888545,1
18,22,118,6660.0,7166.0,7442.0,287,0.08085566171739368,0.08699874952955602,0.09034952469982639,20.555555555555557,14.805785123966942,0.534472852628555,24,33,46,0.18466898954703834,0.21602787456445993,0.30662020905923343,1
18,17,96,10327.0,10392.0,12319.0,327,0.09657810322737517,0.09718598322251214,0.1152072870783417,31.873456790123456,35.95847750865052,1.3366970486111112,71,48,68,0.5749235474006116,0.14678899082568808,0.5688073394495413,0
18,20,83,8609.0,8971.0,13306.0,267,0.1207619688872056,0.12583989114730182,0.18664871158243207,26.570987654320987,22.4275,1.9314849760487733,51,44,72,0.39325842696629215,0.43820224719101125,0.31086142322097376,1
18,18,101,5390.5,7334.0,8381.5,279,0.0692501381020285,0.09421770018370781,0.10767461877416785,16.637345679012345,22.635802469135804,0.8216351338104108,46,27,53,0.5519713261648745,0.16487455197132617,0.3225806451612903,0
18,23,81,3199.0,8433.5,11846.0,327,0.029917047760663618,0.07887009136903927,0.11078379111372967,9.873456790123457,15.94234404536862,1.8055174516079866,57,32,65,0.18042813455657492,0.10091743119266056,0.3669724770642202,1
20,21,93,5004.0,7826.0,7465.0,335,0.04458899532189797,0.06973490755179328,0.06651815549120071,12.51,17.746031746031747,0.8631055613365707,51,33,57,0.4626865671641791,0.3373134328358209,0.46865671641791046,0
18,18,83,7663.0,10107.5,10181.5,327,0.071664375426685,0.09452533924379729,0.0952173872382609,23.651234567901234,31.195987654320987,1.4779358397445201,52,47,59,0.5259938837920489,0.3577981651376147,0.3853211009174312,0
18,19,94,6210.0,12362.0,11236.0,303,0.06764042740907754,0.13464910847520395,0.1223845156792907,19.166666666666668,34.24376731301939,1.2716161158895427,45,31,61,0.5016501650165016,0.1782178217821782,0.5379537953795379,0
19,19,120,7936.0,11676.5,11087.0,343,0.0674548869943646,0.09924861239789544,0.09423794507390629,21.98337950138504,32.34487534626039,0.7699305555555556,57,53,67,0.4198250728862974,0.4897959183673469,0.5393586005830904,1
18,17,79,6948.0,7798.0,14190.0,327,0.06497769548017844,0.07292689541658484,0.13270487893836097,21.444444444444443,26.982698961937718,2.2736740906905943,52,37,72,0.4831804281345566,0.26299694189602446,0.5504587155963303,0
21,22,71,6388.5,10507.0,10242.0,291,0.07544195274028412,0.12407741996433674,0.12094802848336698,14.486394557823129,21.708677685950413,2.0317397341797263,45,43,60,0.5085910652920962,0.5326460481099656,0.47766323024054985,0
18,21,97,4535.0,13776.5,9909.5,327,0.04241131966070944,0.12883782696929738,0.09267364325861085,13.996913580246913,31.23922902494331,1.0531937506642577,46,38,60,0.43730886850152906,0.4434250764525994,0.4525993883792049,1
18,18,82,6134.0,11109.0,7404.0,343,0.05213813972069461,0.09442494198845719,0.0629329616061335,18.932098765432098,34.28703703703704,1.101130279595479,35,37,61,0.3877551020408163,0.2594752186588921,0.3206997084548105,1
18,20,105,8884.0,10730.0,12882.0,319,0.08730260119299142,0.10544314619549729,0.1265907371193286,27.419753086419753,26.825,1.1684353741496598,49,34,62,0.3981191222570533,0.26959247648902823,0.46394984326018807,1
18,19,84,7119.5,8612.0,8066.5,247,0.11669589732662394,0.14115950105722105,0.13221819731515022,21.973765432098766,23.85595567867036,1.1432114512471656,44,44,54,0.6275303643724697,0.5141700404858299,0.31983805668016196,1
20,21,115,7901.0,11418.0,13384.0,351,0.0641309729628818,0.09267781917354567,0.10863548185485507,19.7525,25.891156462585034,1.0120226843100188,52,34,78,0.452991452991453,0.25925925925925924,0.39316239316239315,0
18,22,126,6059.0,10372.0,8383.0,291,0.07155087918187078,0.12248320166271065,0.09899505201875274,18.700617283950617,21.429752066115704,0.5280297304106828,36,39,49,0.3127147766323024,0.281786941580756,0.5429553264604811,1
18,19,81,4088.5,9980.5,8149.5,271,0.05567053825519805,0.13589820400049019,0.11096662627142877,12.618827160493828,27.64681440443213,1.2421124828532235,37,35,48,0.4132841328413284,0.44280442804428044,0.36162361623616235,1
18,19,143,5746.0,5895.0,7251.0,271,0.07823967538568374,0.0802685148622704,0.09873231573644149,17.734567901234566,16.329639889196677,0.3545894664775784,35,36,42,0.35793357933579334,0.28413284132841327,0.3985239852398524,1
18,17,81,4551.0,7511.0,6999.0,315,0.04586545729402872,0.07569664902998237,0.07053665910808768,14.046296296296296,25.98961937716263,1.0667581161408322,38,43,57,0.2126984126984127,0.326984126984127,0.3047619047619048,0
18,18,71,4795.0,7517.0,5528.0,263,0.06932296259885208,0.10867585189897208,0.07992019546328558,14.799382716049383,23.200617283950617,1.0966078159095418,35,33,55,0.49429657794676807,0.5513307984790875,0.35361216730038025,1
20,20,109,4449.0,6637.0,4876.5,307,0.04720474487792974,0.07041984530339844,0.05174060202230262,11.1225,16.5925,0.410445248716438,37,36,48,0.4592833876221498,0.34201954397394135,0.20521172638436483,0
18,21,108,2701.0,6894.5,3511.0,235,0.048909008601177,0.12484382073336352,0.06357627885921231,8.33641975308642,15.633786848072562,0.3010116598079561,28,19,44,0.502127659574468,0.1702127659574468,0.44680851063829785,1
18,19,103,2830.5,7704.5,2970.0,223,0.056918498260572305,0.1549297190773995,0.059723702467373165,8.73611111111111,21.342105263157894,0.27995098501272503,40,33,14,0.5829596412556054,0.4484304932735426,0.13004484304932734,1
18,22,97,2466.0,5938.0,4492.0,255,0.03792387543252595,0.09131872356785851,0.06908112264513648,7.611111111111111,12.268595041322314,0.47741524072696356,11,23,49,0.043137254901960784,0.09019607843137255,0.4745098039215686,1
18,19,131,4933.0,5856.0,3929.0,231,0.09244579374449505,0.10974307078203183,0.07363055415003467,15.225308641975309,16.221606648199447,0.22894936192529572,34,31,40,0.6363636363636364,0.4675324675324675,0.2987012987012987,1
20,20,116,3886.0,5186.0,4827.0,231,0.07282472217537153,0.09718708420007122,0.090459324225558,9.715,12.965,0.35872473246135556,37,31,47,0.44155844155844154,0.39826839826839827,0.38095238095238093,1
18,23,78,5765.0,7730.0,5709.0,247,0.09449425494599158,0.12670261764657673,0.09357635758658558,17.79320987654321,14.612476370510397,0.9383629191321499,37,34,54,0.4493927125506073,0.30364372469635625,0.291497975708502,1
18,19,89,5840.5,9180.0,5695.5,307,0.061968827255461593,0.097401563942323,0.06043034939362752,18.026234567901234,25.429362880886426,0.7190380002524934,25,29,50,0.20846905537459284,0.19543973941368079,0.20521172638436483,1
18,19,112,6349.0,10936.0,5522.0,303,0.0691544401964949,0.11911686218126763,0.060146608720277966,19.59567901234568,30.293628808864266,0.44021045918367346,36,8,51,0.39933993399339934,0.026402640264026403,0.19471947194719472,1
18,20,70,3780.5,3807.0,4759.5,267,0.05303062183506572,0.05340234818836006,0.06676345579261878,11.66820987654321,9.5175,0.9713265306122449,28,31,46,0.42696629213483145,0.5131086142322098,0.17228464419475656,1
18,20,132,5220.0,6281.0,3512.5,247,0.08556114671605829,0.10295202347194676,0.057573472766313166,16.11111111111111,15.7025,0.20158976124885217,28,26,0,0.46963562753036436,0.31983805668016196,0.0,1
20,21,112,4224.0,6008.0,4841.0,227,0.08197325777717401,0.11659453899745774,0.09394709775078111,10.56,13.62358276643991,0.385921556122449,33,24,55,0.5330396475770925,0.20704845814977973,0.4185022026431718,1
18,22,115,5881.0,7274.0,3645.0,295,0.06757828210284401,0.08358517667336972,0.04188451594369434,18.151234567901234,15.02892561983471,0.27561436672967865,32,28,40,0.3864406779661017,0.41694915254237286,0.2135593220338983,1
18,19,90,6178.0,6741.0,6076.0,295,0.07099109451307095,0.07746049985636311,0.06981901752370008,19.067901234567902,18.673130193905816,0.7501234567901235,31,27,47,0.4271186440677966,0.09152542372881356,0.2983050847457627,1
19,20,103,8209.0,7203.0,6179.0,239,0.14371247001978257,0.12610073353057544,0.10817387650776422,22.73961218836565,18.0075,0.5824300122537468,38,31,46,0.5648535564853556,0.3263598326359833,0.3138075313807531,1
18,19,96,6089.0,8188.0,5371.0,315,0.06136558327034518,0.08251952632905014,0.05412950365331318,18.79320987654321,22.681440443213297,0.5827907986111112,29,45,51,0.20952380952380953,0.24444444444444444,0.2571428571428571,1
20,20,102,6706.0,6191.0,5103.0,215,0.1450730124391563,0.13393185505678745,0.11039480800432666,16.765,15.4775,0.49048442906574397,33,24,40,0.5767441860465117,0.20930232558139536,0.3209302325581395,1
18,22,90,8978.0,7945.0,4394.0,367,0.06665726228571005,0.05898774213187417,0.03262330257110826,27.709876543209877,16.415289256198346,0.5424691358024691,30,27,30,0.17166212534059946,0.2016348773841962,0.14986376021798364,0
18,21,109,13402.0,10738.0,6802.0,383,0.09136336057918454,0.07320248962089863,0.04637021180865641,41.364197530864196,24.349206349206348,0.5725107314199142,56,50,49,0.38903394255874674,0.45430809399477806,0.1279373368146214,0
18,17,65,15814.5,10327.5,10501.5,343,0.13442103205297112,0.08778230159202373,0.08926127718892639,48.81018518518518,35.73529411764706,2.485562130177515,64,64,62,0.6005830903790087,0.4518950437317784,0.18075801749271136,0
16,20,99,11595.5,9961.5,7490.5,255,0.17832372164552096,0.15319492502883506,0.11519415609381008,45.294921875,24.90375,0.7642587491072339,68,66,66,0.5294117647058824,0.4745098039215686,0.45098039215686275,0
18,19,109,7663.0,6739.0,5758.0,319,0.07530389835005552,0.06622379890134727,0.056583563447686246,23.651234567901234,18.667590027700832,0.4846393401228853,39,33,50,0.4106583072100313,0.20689655172413793,0.15673981191222572,1
20,21,104,4596.0,5427.0,4598.0,279,0.0590434346937989,0.06971904266389178,0.05906912809444894,11.49,12.306122448979592,0.42511094674556216,26,24,47,0.24731182795698925,0.15412186379928317,0.27598566308243727,1
18,17,104,6169.0,6955.0,4885.0,291,0.07284987187208465,0.08213176509488551,0.05768708446995194,19.040123456790123,24.06574394463668,0.4516457100591716,41,32,45,0.5085910652920962,0.19243986254295534,0.15463917525773196,1
18,19,102,5553.0,5888.0,2451.0,271,0.07561171552674936,0.0801732002559878,0.03337372857123405,17.13888888888889,16.310249307479225,0.23558246828143023,36,21,34,0.2730627306273063,0.07749077490774908,0.12546125461254612,0
18,19,80,5591.0,6764.0,5467.0,271,0.0761291376751406,0.09210114241363816,0.07444070750670606,17.256172839506174,18.736842105263158,0.85421875,40,27,57,0.4095940959409594,0.34686346863468637,0.30996309963099633,0
18,21,115,4804.0,6761.0,4145.0,275,0.06352396694214876,0.08940165289256198,0.0548099173553719,14.82716049382716,15.331065759637188,0.31342155009451794,32,32,48,0.27636363636363637,0.31636363636363635,0.24727272727272728,0
20,20,105,4554.0,6389.0,5743.0,295,0.05232979029014651,0.073415685147946,0.06599253088193048,11.385,15.9725,0.520907029478458,34,28,51,0.4,0.3220338983050847,0.21694915254237288,0
17,20,97,9060.5,9790.5,7223.0,259,0.13506805205646905,0.14595041815119036,0.10767579493448219,31.35121107266436,24.47625,0.7676692528430227,42,40,61,0.4980694980694981,0.3938223938223938,0.3359073359073359,1
18,21,113,4987.0,5857.0,4445.0,215,0.10788534342888048,0.12670632774472687,0.09616008653326122,15.391975308641975,13.281179138321995,0.3481087007596523,35,20,55,0.4511627906976744,0.09302325581395349,0.5395348837209303,0
18,19,89,5558.0,5837.5,3818.5,227,0.10786159250130994,0.11328572260280619,0.07410390265675638,17.15432098765432,16.170360110803323,0.48207297058452214,32,24,56,0.5506607929515418,0.30837004405286345,0.2511013215859031,1
16,18,107,5746.5,8298.5,2592.0,291,0.06786055903921777,0.09799718945217936,0.030608991391221172,22.447265625,25.612654320987655,0.22639531836841645,46,30,48,0.3848797250859107,0.3333333333333333,0.3436426116838488,1
18,20,96,5934.5,5822.0,4423.0,295,0.06819304797471991,0.0669003160011491,0.050824475725366275,18.316358024691358,14.555,0.4799262152777778,37,33,43,0.4745762711864407,0.4711864406779661,0.2305084745762712,1
20,20,115,4958.0,8091.0,2674.0,283,0.061906129431008004,0.10102510956560826,0.03338785601018866,12.395,20.2275,0.20219281663516067,44,29,6,0.3286219081272085,0.31802120141342755,0.0353356890459364,1
18,22,110,3776.0,8990.0,3344.0,295,0.04338983050847458,0.10330364837690319,0.03842573972996265,11.654320987654321,18.574380165289256,0.27636363636363637,30,32,53,0.29152542372881357,0.10847457627118644,0.17966101694915254,0
18,19,91,4214.0,6690.0,4187.0,263,0.060923245962786796,0.09671962873541616,0.06053289768537929,13.006172839506172,18.53185595567867,0.505615263857022,29,23,43,0.3688212927756654,0.34220532319391633,0.19011406844106463,0
16,20,107,3851.0,8666.0,2916.0,247,0.06312183448343688,0.14204461636807683,0.04779622678621187,15.04296875,21.665,0.2546947331644685,46,31,58,0.3724696356275304,0.46963562753036436,0.32793522267206476,1
18,22,72,3956.5,9268.5,4603.0,287,0.04803384768541563,0.11252412922337288,0.05588267430708155,12.21141975308642,19.149793388429753,0.8879243827160493,31,30,59,0.1916376306620209,0.1951219512195122,0.2578397212543554,1
20,21,111,3595.0,6216.0,2462.0,255,0.055286428296808916,0.09559400230680508,0.03786236063052672,8.9875,14.095238095238095,0.1998214430646863,23,26,27,0.11764705882352941,0.19215686274509805,0.16470588235294117,1
18,22,77,14604.0,6406.0,7073.0,335,0.13013143239028738,0.05708175540209401,0.06302517264424148,45.074074074074076,13.235537190082646,1.1929499072356216,61,56,63,0.2417910447761194,0.22388059701492538,0.5492537313432836,1
18,19,99,3924.5,6458.5,2886.5,255,0.06035371011149558,0.09932333717800845,0.04439061899269512,12.112654320987655,17.890581717451525,0.2945107642077339,34,26,0,0.4392156862745098,0.27058823529411763,0.0,1
18,20,106,2784.0,6143.0,2574.0,223,0.055983430191638685,0.12352953005288665,0.05176054213839008,8.592592592592593,15.3575,0.22908508365966537,21,19,47,0.19730941704035873,0.08520179372197309,0.4304932735426009,1
18,20,114,2268.0,9045.0,2534.0,207,0.052930056710775046,0.21109010712035287,0.05913790286821163,7.0,22.6125,0.19498307171437365,28,39,42,0.5990338164251208,0.48792270531400966,0.20772946859903382,1
18,19,94,3653.0,8354.0,3215.0,263,0.05281267619887522,0.12077664849860487,0.04648035969870896,11.274691358024691,23.141274238227147,0.3638524219103667,27,37,47,0.3269961977186312,0.24334600760456274,0.311787072243346,1
20,21,107,2759.0,8317.0,2701.0,263,0.03988781101360436,0.1202417267851205,0.0390492850843586,6.8975,18.859410430839002,0.23591580050659447,31,27,44,0.44866920152091255,0.3726235741444867,0.30798479087452474,1
18,24,134,4584.0,6973.5,2837.5,257,0.06940301897076413,0.10558070523399295,0.04296052930400157,14.148148148148149,12.106770833333334,0.15802517264424149,38,25,42,0.22568093385214008,0.16731517509727625,0.16342412451361868,1
18,17,106,4354.0,9467.0,2635.5,235,0.07884110457220461,0.1714259846084201,0.04772295156179267,13.438271604938272,32.75778546712803,0.23455856176575293,41,41,35,0.6468085106382979,0.3872340425531915,0.2765957446808511,0
18,18,107,3724.0,5784.0,4176.0,227,0.07226998389256535,0.11224747229715305,0.08104174348425158,11.493827160493828,17.85185185185185,0.3647480129268932,44,30,48,0.33480176211453744,0.13656387665198239,0.4933920704845815,0
18,20,81,5488.0,6713.0,3856.0,263,0.07934190171897816,0.09705214763839293,0.05574751695123538,16.938271604938272,16.7825,0.5877152873037647,52,39,48,0.6159695817490495,0.311787072243346,0.3193916349809886,1
20,21,69,3661.0,7612.5,3782.0,255,0.05630142252979623,0.11707035755478662,0.058162245290272974,9.1525,17.261904761904763,0.7943709304767906,36,31,49,0.396078431372549,0.2235294117647059,0.403921568627451,0
16,18,82,3188.0,6153.0,3788.0,189,0.0892472215223538,0.17225161669606115,0.10604406371602139,12.453125,18.99074074074074,0.5633551457465794,26,26,40,0.24867724867724866,0.49206349206349204,0.2698412698412698,0
18,20,96,4539.0,5909.0,3246.0,191,0.12442093144376525,0.16197472656999534,0.08897782407280502,14.00925925925926,14.7725,0.3522135416666667,34,25,36,0.4083769633507853,0.35602094240837695,0.31413612565445026,0
18,19,102,3529.0,5910.0,2755.0,227,0.06848570707756797,0.11469269731607444,0.05346503910419376,10.891975308641975,16.371191135734072,0.26480199923106496,35,35,40,0.3436123348017621,0.5550660792951542,0.27312775330396477,0
18,17,105,3646.0,7559.0,3013.0,271,0.04964529350090549,0.10292615841287564,0.04102612981849376,11.253086419753087,26.155709342560552,0.27328798185941044,31,30,46,0.23247232472324722,0.12177121771217712,0.24354243542435425,0
21,22,83,5388.5,7459.5,5317.5,239,0.09433483307365068,0.13059120113443393,0.0930918576355456,12.218820861678005,15.412190082644628,0.7718827115691682,33,34,51,0.5815899581589958,0.5062761506276151,0.33472803347280333,0
18,20,100,4949.0,5702.5,4203.0,231,0.09274563820018365,0.1068664380352692,0.07876539045370214,15.274691358024691,14.25625,0.4203,36,25,50,0.5151515151515151,0.3722943722943723,0.33766233766233766,0
18,21,115,5221.5,6848.5,5225.5,247,0.08558573325247094,0.11225392974806996,0.08565129734957137,16.11574074074074,15.529478458049887,0.3951228733459357,47,29,43,0.5020242914979757,0.11740890688259109,0.3724696356275304,0
18,19,74,3851.0,5725.0,2881.0,255,0.05922337562475971,0.08804306036139946,0.04430603613994617,11.885802469135802,15.858725761772853,0.5261139517896275,43,30,52,0.4470588235294118,0.33725490196078434,0.34901960784313724,0
18,19,133,2772.5,5768.0,3628.5,251,0.04400723798034952,0.09155410231583626,0.05759432389962064,8.557098765432098,15.977839335180056,0.2051274803550229,25,27,50,0.10756972111553785,0.3745019920318725,0.43824701195219123,0
18,17,105,3089.5,5795.5,2731.0,215,0.0668361276365603,0.1253758788534343,0.05908058409951325,9.535493827160494,20.05363321799308,0.24770975056689343,32,29,37,0.5069767441860465,0.5116279069767442,0.3395348837209302,0
22,20,89,3979.0,6305.0,3727.0,199,0.10047726067523548,0.15921315118305093,0.09411378500542916,8.22107438016529,15.7625,0.47052139881328114,31,31,43,0.27638190954773867,0.40703517587939697,0.36683417085427134,1
18,21,75,3972.0,6792.0,5351.0,235,0.07192394748755093,0.12298777727478497,0.09689452240832956,12.25925925925926,15.401360544217686,0.9512888888888889,31,26,54,0.5574468085106383,0.46808510638297873,0.4340425531914894,0
18,19,86,4666.0,7988.0,4718.0,223,0.09382855074503811,0.16063061794928513,0.09487421826298538,14.401234567901234,22.127423822714682,0.6379123850730124,37,22,48,0.5919282511210763,0.09865470852017937,0.2914798206278027,0
16,20,90,3317.0,4867.0,4512.0,243,0.05617368626056326,0.08242307236363021,0.07641111619163746,12.95703125,12.1675,0.557037037037037,38,28,44,0.32510288065843623,0.3950617283950617,0.4074074074074074,0
18,19,99,4591.5,4947.5,3356.0,227,0.08910516408236138,0.09601389508820277,0.06512837431349337,14.171296296296296,13.704986149584487,0.3424140393837364,36,30,43,0.5550660792951542,0.44052863436123346,0.33480176211453744,0
20,19,79,3284.0,5115.0,4616.0,231,0.06154307453008752,0.095856524427953,0.08650512546616443,8.21,14.168975069252078,0.7396250600865246,33,28,46,0.2683982683982684,0.30735930735930733,0.2727272727272727,0
18,22,89,4279.5,6445.5,3927.5,227,0.08305032117836558,0.12508490364649033,0.07621921636360107,13.208333333333334,13.317148760330578,0.4958338593611918,36,28,50,0.3744493392070485,0.33480176211453744,0.4845814977973568,0
18,18,104,4297.5,7122.0,3003.5,251,0.0682132029650323,0.1130458246694497,0.047673846446881794,13.26388888888889,21.98148148148148,0.27769045857988167,24,26,37,0.20717131474103587,0.20717131474103587,0.3745019920318725,0
18,20,100,5112.0,4827.0,3462.0,247,0.08379091609434673,0.07911947417594126,0.05674572604042027,15.777777777777779,12.0675,0.3462,38,37,56,0.2145748987854251,0.3157894736842105,0.4089068825910931,1
18,21,135,4914.5,6590.5,2729.5,263,0.0710506151599705,0.09528112304645145,0.03946131937717764,15.16820987654321,14.944444444444445,0.14976680384087793,37,45,20,0.4068441064638783,0.4068441064638783,0.12927756653992395,0
16,20,82,4078.0,7222.0,4580.0,203,0.09895896527457594,0.17525297871824116,0.11114077022009755,15.9296875,18.055,0.6811421772754312,39,27,47,0.5714285714285714,0.4433497536945813,0.5665024630541872,0
21,21,116,4965.0,6843.5,3220.0,211,0.11152040610049191,0.15371397767345746,0.07232541946497159,11.258503401360544,15.51814058956916,0.23929845422116527,40,32,37,0.3791469194312796,0.6303317535545023,0.4075829383886256,0
18,19,89,5269.0,7449.0,3746.0,271,0.07174466578614126,0.1014283574570063,0.05100693073351398,16.262345679012345,20.634349030470915,0.4729200858477465,28,32,50,0.19557195571955718,0.5092250922509225,0.3284132841328413,0
18,19,90,5479.0,9014.0,2859.0,247,0.08980642200331099,0.14774869281581407,0.04686193840253077,16.910493827160494,24.969529085872576,0.352962962962963,37,29,44,0.4777327935222672,0.12550607287449392,0.32388663967611336,1
18,19,99,4384.0,7433.0,3405.0,239,0.07674935662891055,0.13012727368218344,0.05961030094010959,13.530864197530864,20.590027700831026,0.34741352923171104,31,30,46,0.5062761506276151,0.22594142259414227,0.36401673640167365,0
19,21,106,5285.0,5436.0,8929.5,335,0.04709289374025395,0.048438404989975495,0.07956783247939407,14.6398891966759,12.326530612244898,0.7947223211107155,49,45,52,0.31044776119402984,0.28955223880597014,0.4059701492537313,1
21,23,131,4396.0,7783.0,7319.0,251,0.06977667021158394,0.1235377216234663,0.11617275916255297,9.968253968253968,14.712665406427222,0.4264902977681953,33,33,44,0.41434262948207173,0.36254980079681276,0.28286852589641437,0
22,24,99,5010.0,6504.0,7095.0,263,0.07243129147450447,0.09403056282438664,0.10257485289652879,10.351239669421487,11.291666666666666,0.7239057239057239,33,46,55,0.5019011406844106,0.532319391634981,0.20912547528517111,0
20,23,124,2970.5,7508.0,4902.0,223,0.05973375696273804,0.1509783023990026,0.09857427255726035,7.42625,14.19281663516068,0.31880853277835586,35,34,43,0.35874439461883406,0.5246636771300448,0.2600896860986547,1
19,21,100,3934.0,6230.0,4773.0,215,0.08510546241211465,0.1347755543537047,0.10325581395348837,10.897506925207756,14.126984126984127,0.4773,32,25,55,0.3767441860465116,0.30697674418604654,0.33488372093023255,0
20,23,138,4359.0,7944.0,5103.0,211,0.09790885200242583,0.17843264976078704,0.11462006693470497,10.8975,15.017013232514177,0.2679584120982987,35,28,51,0.4075829383886256,0.3886255924170616,0.4265402843601896,0
19,19,90,4114.0,5789.0,4671.0,255,0.06326797385620915,0.08902729719338716,0.07183391003460207,11.39612188365651,16.03601108033241,0.5766666666666667,35,27,49,0.44313725490196076,0.43137254901960786,0.30196078431372547,0
18,20,107,6727.0,5907.0,5680.0,259,0.10028174893039758,0.08805772126235446,0.08467375262742058,20.762345679012345,14.7675,0.4961131976591842,37,31,54,0.14285714285714285,0.4555984555984556,0.3166023166023166,0
21,21,83,6816.5,10078.0,5779.0,255,0.10482891195693964,0.15498654363706266,0.08887351018838908,15.456916099773242,22.85260770975057,0.8388735665553781,35,30,55,0.43137254901960786,0.4470588235294118,0.3137254901960784,1
22,22,81,4914.5,6412.0,5181.5,255,0.07557862360630527,0.0986082276047674,0.07968473663975394,10.15392561983471,13.24793388429752,0.7897424173144337,45,30,55,0.27058823529411763,0.35294117647058826,0.38823529411764707,1
25,23,115,4032.0,6034.5,4583.0,251,0.06399898414310884,0.0957841939016841,0.0727448770654434,6.4512,11.407372400756143,0.3465406427221172,33,31,55,0.32669322709163345,0.20318725099601595,0.350597609561753,0
18,19,112,2877.0,5467.5,3495.5,211,0.06462119000022461,0.12280721457289819,0.07851351047820129,8.87962962962963,15.145429362880886,0.27865911989795916,38,26,45,0.18009478672985782,0.4075829383886256,0.45023696682464454,0
21,23,94,4123.5,7021.0,5008.0,275,0.05452561983471074,0.09283966942148761,0.06622148760330579,9.350340136054422,13.272211720226844,0.5667722951561792,36,29,49,0.24727272727272728,0.24727272727272728,0.2,0
19,22,90,3864.0,6649.0,4036.0,243,0.06543717929177463,0.11260139883825297,0.06835001439482463,10.703601108033242,13.737603305785123,0.4982716049382716,33,32,49,0.23868312757201646,0.22633744855967078,0.39094650205761317,0
21,20,107,3354.0,6981.0,4354.0,201,0.08301774708546818,0.17279275265463725,0.10776960966312715,7.605442176870748,17.4525,0.38029522229015633,33,31,52,0.527363184079602,0.5223880597014925,0.44776119402985076,0
19,22,106,3931.0,7935.0,4423.0,243,0.06657183017493945,0.13437992175989433,0.07490389337668715,10.889196675900276,16.394628099173552,0.39364542541829833,28,37,51,0.345679012345679,0.3497942386831276,0.32510288065843623,0
22,22,139,4714.0,6791.5,5050.0,259,0.07027325174043321,0.10124327305794487,0.07528212161416795,9.739669421487603,14.03202479338843,0.26137363490502563,0,38,54,0.0,0.43243243243243246,0.3474903474903475,0
18,19,130,4651.0,7845.0,4155.0,223,0.09352691588409177,0.15775503227493012,0.08355285648213316,14.354938271604938,21.73130193905817,0.24585798816568047,30,30,46,0.336322869955157,0.45739910313901344,0.29596412556053814,0
20,19,84,2742.0,4735.0,3064.0,211,0.06158891309719009,0.1063543047101368,0.06882145504368725,6.855,13.11634349030471,0.4342403628117914,31,27,37,0.35545023696682465,0.4265402843601896,0.2985781990521327,0
18,21,93,5353.0,7671.5,4445.5,227,0.1038832502086204,0.14887733121155078,0.08627180810805565,16.521604938271604,17.395691609977323,0.5139900566539485,39,31,48,0.43171806167400884,0.44493392070484583,0.3744493392070485,0
18,18,98,5006.5,6146.0,4312.5,231,0.0938232042128146,0.1151777515413879,0.08081745094732108,15.45216049382716,18.969135802469136,0.4490316534777176,37,28,50,0.5757575757575758,0.41125541125541126,0.341991341991342,0
18,20,81,5298.5,9256.5,6440.5,299,0.05926667486940862,0.10353911030077963,0.07204058120155256,16.353395061728396,23.14125,0.9816338972717573,36,23,51,0.4013377926421405,0.08361204013377926,0.38127090301003347,0
18,22,124,3752.0,6148.5,3818.0,239,0.06568512456014426,0.10763992227026838,0.06684056651669264,11.580246913580247,12.703512396694215,0.24830905306971904,33,34,43,0.26778242677824265,0.14644351464435146,0.28451882845188287,0
20,21,104,3700.0,5921.0,4453.0,227,0.07180422674610414,0.11490616934153583,0.08641735721632479,9.25,13.426303854875284,0.41170488165680474,29,33,50,0.14537444933920704,0.3436123348017621,0.3964757709251101,0
18,21,102,3302.0,5312.0,5261.0,247,0.05412316215640316,0.08706912094936813,0.08623317871133768,10.191358024691358,12.045351473922903,0.5056708958093041,24,32,50,0.26720647773279355,0.21862348178137653,0.20242914979757085,0
18,18,72,4661.5,8035.0,5670.0,219,0.0971935530952232,0.16753195304518254,0.11822105460686808,14.387345679012345,24.799382716049383,1.09375,39,38,61,0.5388127853881278,0.2968036529680365,0.4611872146118721,0
18,18,126,5103.0,7266.5,5271.5,231,0.09563164108618655,0.136176233578831,0.09878937801015723,15.75,22.42746913580247,0.33204207608969516,40,27,50,0.43722943722943725,0.11688311688311688,0.3333333333333333,0
18,18,126,2775.0,9239.0,4522.0,215,0.060032449972958354,0.19987020010816658,0.09782585181179015,8.564814814814815,28.515432098765434,0.2848324514991182,32,32,49,0.49767441860465117,0.42790697674418604,0.413953488372093,1
18,19,151,3472.0,10766.0,3257.0,255,0.053394848135332566,0.16556708958093042,0.050088427527873895,10.716049382716049,29.822714681440445,0.14284461207841762,35,31,36,0.4235294117647059,0.5372549019607843,0.20784313725490197,1
20,21,85,4099.0,7938.0,4618.0,263,0.05926065144790296,0.1147623935578077,0.06676401278029175,10.2475,18.0,0.6391695501730104,33,0,52,0.22813688212927757,0.0,0.35361216730038025,1
18,19,116,3982.0,8064.5,3156.0,295,0.04575696638896869,0.09266877334099397,0.03626544096523987,12.290123456790123,22.3393351800554,0.2345422116527943,33,24,41,0.4406779661016949,0.2033898305084746,0.2271186440677966,0
18,19,89,6533.0,6982.5,6049.5,235,0.11829787234042553,0.12643730194658218,0.1095427795382526,20.16358024691358,19.342105263157894,0.7637293271051635,41,37,55,0.6085106382978723,0.33191489361702126,0.37872340425531914,0
18,20,67,4824.0,8665.0,6596.0,251,0.07657021317121951,0.13753749940477136,0.10469675084522467,14.88888888888889,21.6625,1.469369570060147,34,39,53,0.2589641434262948,0.3107569721115538,0.35856573705179284,0
18,16,133,4664.0,7202.5,4282.0,251,0.07403057094331836,0.11432358216536245,0.06796717512420437,14.395061728395062,28.134765625,0.24207134377296624,42,38,43,0.4262948207171315,0.2948207171314741,0.398406374501992,1
20,20,92,2821.0,7994.0,5775.5,255,0.04338331410995771,0.12293733179546329,0.08881968473663976,7.0525,19.985,0.6823605860113422,44,0,47,0.5686274509803921,0.0,0.37254901960784315,1
18,19,122,4761.0,8593.0,5143.0,255,0.07321799307958478,0.13214917339484814,0.07909265667051134,14.694444444444445,23.803324099722992,0.3455388336468691,31,41,44,0.2235294117647059,0.4627450980392157,0.3176470588235294,0
18,18,123,4446.5,7370.0,5019.0,331,0.04058469710937286,0.06726846231779557,0.04581009665848249,13.723765432098766,22.746913580246915,0.33174697600634545,38,45,54,0.3987915407854985,0.37462235649546827,0.2175226586102719,1
18,18,131,4781.0,7961.0,3709.0,275,0.0632198347107438,0.1052694214876033,0.04904462809917355,14.756172839506172,24.570987654320987,0.21612959617737895,27,32,57,0.3490909090909091,0.2727272727272727,0.34545454545454546,1
18,19,128,5307.0,9084.0,3637.5,295,0.06098247629991382,0.10438379775926458,0.04179833381212295,16.37962962962963,25.16343490304709,0.222015380859375,29,32,51,0.4135593220338983,0.26440677966101694,0.31864406779661014,0
20,20,112,5340.5,7882.5,5573.5,283,0.066682066201351,0.0984217557966762,0.06959132964576908,13.35125,19.70625,0.44431600765306123,33,28,56,0.2508833922261484,0.34275618374558303,0.2049469964664311,0
18,19,124,7372.0,11311.0,6169.0,243,0.12484546732374807,0.19155277820115496,0.10447255669020644,22.753086419753085,31.332409972299168,0.4012096774193548,45,31,56,0.5020576131687243,0.31275720164609055,0.38271604938271603,0
18,19,147,5067.0,9304.5,5442.0,279,0.06509423054688403,0.11953212317416272,0.0699117431687671,15.63888888888889,25.774238227146814,0.25183951131473,39,31,49,0.34767025089605735,0.3763440860215054,0.32616487455197135,0
18,21,105,5155.0,12521.5,7954.0,273,0.06916770653034389,0.1680084262501845,0.10672355727300782,15.910493827160494,28.39342403628118,0.7214512471655329,44,42,60,0.2857142857142857,0.34798534798534797,0.3663003663003663,1
18,21,130,9490.0,10364.0,8165.0,287,0.11521324770241231,0.1258240357416018,0.09912709878716508,29.290123456790123,23.501133786848072,0.4831360946745562,38,43,58,0.3519163763066202,0.5818815331010453,0.31010452961672474,1
18,20,119,5555.0,11925.0,8315.0,295,0.0638322321172077,0.13702958919850616,0.09554725653547831,17.145061728395063,29.8125,0.587176046889344,51,43,67,0.3389830508474576,0.2305084745762712,0.2271186440677966,1
20,21,134,6173.0,11487.0,6622.0,287,0.07494324321043111,0.13945780572788305,0.08039432310699414,15.4325,26.047619047619047,0.3687903764758298,46,40,51,0.4843205574912892,0.37282229965156793,0.289198606271777,1
18,19,130,5553.0,10219.0,6226.0,295,0.06380925021545533,0.11742602700373456,0.07154266015512784,17.13888888888889,28.30747922437673,0.3684023668639053,48,34,54,0.4440677966101695,0.2745762711864407,0.23389830508474577,0
17,19,128,5673.5,7758.5,6458.5,223,0.11408835890526654,0.1560156045768063,0.12987391662812445,19.631487889273355,21.491689750692522,0.394195556640625,33,34,55,0.28699551569506726,0.5201793721973094,0.4439461883408072,0
16,19,148,4650.5,8921.5,4432.0,243,0.07875662585310504,0.1510863858829108,0.07505630916696303,18.166015625,24.713296398891966,0.20233747260774287,45,27,47,0.3991769547325103,0.12757201646090535,0.345679012345679,0
18,18,118,5841.0,9139.0,4392.5,291,0.06897651185035604,0.1079226745078589,0.05187113992513079,18.02777777777778,28.20679012345679,0.31546251077276644,38,33,54,0.4639175257731959,0.29553264604810997,0.18556701030927836,0
20,20,73,5453.0,7077.5,7084.0,227,0.10582390498554212,0.13734984183663568,0.1374759843971356,13.6325,17.69375,1.329330080690561,45,43,61,0.45374449339207046,0.33480176211453744,0.5859030837004405,0
18,18,109,4222.5,6279.5,4732.0,235,0.07645993662290629,0.11370755998189226,0.08568583069262109,13.032407407407407,19.381172839506174,0.3982829728137362,32,44,50,0.2425531914893617,0.49361702127659574,0.33617021276595743,0
18,19,110,4635.0,8260.0,6195.0,247,0.07597239751512072,0.13538986051238341,0.10154239538428757,14.305555555555555,22.8808864265928,0.5119834710743801,28,51,56,0.22672064777327935,0.4251012145748988,0.44534412955465585,0
18,21,144,6804.0,7153.0,5275.5,283,0.08495548702068949,0.08931313913271485,0.06587046910312278,21.0,16.219954648526077,0.25441261574074076,33,37,56,0.26148409893992935,0.22614840989399293,0.303886925795053,0
18,19,113,5416.0,10647.0,5332.0,239,0.0948162672222125,0.18639379562682726,0.09334570473206001,16.71604938271605,29.493074792243767,0.41757381157490797,43,46,48,0.6694560669456067,0.6569037656903766,0.41422594142259417,0
21,19,130,8477.0,9640.0,7316.0,291,0.10010510031766276,0.11383899576056022,0.08639482292367827,19.22222222222222,26.70360110803324,0.4328994082840237,56,43,59,0.32989690721649484,0.3470790378006873,0.49140893470790376,0
20,19,100,4856.0,8662.0,4423.0,259,0.07239009555611872,0.12912747275681638,0.06593521265335937,12.14,23.994459833795013,0.4423,33,31,55,0.4671814671814672,0.3474903474903475,0.4517374517374517,1
18,17,124,3374.0,5618.5,4323.0,239,0.05906759335445808,0.09836137322525866,0.07568144815391888,10.41358024691358,19.441176470588236,0.28115244536940687,31,33,54,0.3682008368200837,0.30962343096234307,0.4560669456066946,1
18,19,124,3994.0,7515.5,4151.5,251,0.06339581911398232,0.11929175727369407,0.0658957794320725,12.32716049382716,20.818559556786703,0.2699986992715921,33,35,47,0.4900398406374502,0.26693227091633465,0.3107569721115538,1
18,18,139,3973.0,7011.0,5055.5,247,0.06512153944499992,0.11491747119277483,0.0828648232228032,12.262345679012345,21.63888888888889,0.26165829925987266,28,31,49,0.4331983805668016,0.4089068825910931,0.3724696356275304,1
16,24,155,4923.5,8680.5,4189.0,255,0.07571703191080353,0.13349480968858132,0.06442137639369473,19.232421875,15.0703125,0.17436004162330906,24,24,54,0.18823529411764706,0.28627450980392155,0.34509803921568627,1
18,20,135,4635.0,7476.0,4646.0,259,0.06909557102607296,0.11144735469059794,0.0692595518850345,14.305555555555555,18.69,0.25492455418381343,43,33,55,0.2548262548262548,0.2471042471042471,0.35135135135135137,1
16,19,124,3814.0,7272.5,3795.0,255,0.058654363706266824,0.11184159938485198,0.05836216839677047,14.8984375,20.145429362880886,0.24681321540062434,34,33,58,0.4392156862745098,0.12941176470588237,0.45098039215686275,0
18,20,121,3813.0,6900.5,4145.5,231,0.07145668184629224,0.12931729165495398,0.0776878244410712,11.768518518518519,17.25125,0.2831432279215901,30,44,55,0.43722943722943725,0.48484848484848486,0.3939393939393939,0
18,20,140,5388.0,8111.5,5745.5,287,0.06541295875875633,0.09847758258568151,0.06975318384343625,16.62962962962963,20.27875,0.2931377551020408,39,29,53,0.31010452961672474,0.10801393728222997,0.3797909407665505,0
18,20,107,5257.0,9082.0,7722.0,271,0.07158126931822824,0.12366389346550292,0.10514562710202748,16.22530864197531,22.705,0.674469385972574,32,29,64,0.4022140221402214,0.2952029520295203,0.31365313653136534,0
18,19,93,5782.0,11119.0,8588.0,319,0.05681941018661373,0.10926582875561365,0.08439382474621908,17.84567901234568,30.8005540166205,0.9929471615215631,35,42,64,0.3103448275862069,0.4169278996865204,0.46394984326018807,0
18,19,81,6032.0,10082.0,10184.0,319,0.05927614705044172,0.09907528424445515,0.10007763288489696,18.617283950617285,27.92797783933518,1.5522024081694863,62,45,61,0.5015673981191222,0.23510971786833856,0.5172413793103449,0
18,15,104,3813.5,8853.0,7871.0,247,0.06250717107312036,0.14510973790752185,0.12901375206936683,11.770061728395062,39.346666666666664,0.7277181952662722,41,39,61,0.6396761133603239,0.46963562753036436,0.41700404858299595,0
18,19,99,7374.5,10195.5,6864.5,319,0.07246882400919802,0.10019064278063305,0.06745708080698892,22.760802469135804,28.242382271468145,0.7003877155392307,36,39,53,0.2006269592476489,0.38557993730407525,0.29780564263322884,0
18,19,130,6801.0,10461.0,6064.0,303,0.07407770480018298,0.11394307747606444,0.06605016937337298,20.99074074074074,28.977839335180054,0.3588165680473373,46,35,57,0.38943894389438943,0.45874587458745875,0.35313531353135313,0
28,21,110,8548.0,10071.0,6051.0,271,0.1163927506433736,0.13713048569600086,0.08239266894513964,10.903061224489797,22.836734693877553,0.5000826446280991,51,37,56,0.42066420664206644,0.5202952029520295,0.3800738007380074,0
20,20,132,5340.0,6338.0,5795.0,243,0.09043336889701774,0.10733458652983116,0.09813883384985352,13.35,15.845,0.3325872359963269,47,38,51,0.48559670781893005,0.5308641975308642,0.5102880658436214,0
21,20,101,5755.0,7737.0,5918.0,259,0.08579180393852208,0.11533817325323117,0.08822170212131603,13.049886621315192,19.3425,0.5801392020390158,43,35,61,0.4517374517374517,0.20077220077220076,0.40540540540540543,0
16,20,118,4611.0,7138.0,4119.0,235,0.08349479402444546,0.12925305568130377,0.07458578542326845,18.01171875,17.845,0.2958201666187877,35,21,43,0.3829787234042553,0.16595744680851063,0.2553191489361702,1
23,25,97,4316.0,8133.5,10761.0,289,0.05167562648914644,0.09738269417272302,0.1288418481579483,8.158790170132326,13.0136,1.143692209586566,34,32,59,0.41522491349480967,0.49480968858131485,0.3944636678200692,0
29,27,89,5886.5,7238.0,8281.5,251,0.09343502484087554,0.11488706528467803,0.1314502944397708,6.999405469678954,9.928669410150892,1.0455119303118292,42,33,49,0.46215139442231074,0.22310756972111553,0.4342629482071713,0
21,19,76,3970.0,6364.0,5056.0,235,0.07188773200543232,0.11523766410140335,0.09155273879583523,9.002267573696145,17.628808864265928,0.8753462603878116,32,35,48,0.3446808510638298,0.3191489361702128,0.34893617021276596,0
21,20,88,4077.0,5675.5,5924.5,243,0.06904435299497028,0.09611509085674609,0.10033192772104524,9.244897959183673,14.18875,0.7650439049586777,32,28,50,0.3333333333333333,0.37448559670781895,0.4897119341563786,0
19,19,71,3403.5,6314.0,3705.5,187,0.09732906288426893,0.18055992450456118,0.10596528353684692,9.42797783933518,17.490304709141274,0.7350724062685975,29,35,43,0.6631016042780749,0.5133689839572193,0.5882352941176471,1
21,19,59,3896.0,11354.0,7074.0,279,0.05005074446628383,0.14586143549029432,0.09087755809920221,8.834467120181406,31.451523545706372,2.032174662453318,39,32,57,0.43727598566308246,0.2939068100358423,0.4874551971326165,1
22,23,98,12560.0,29285.0,16208.0,407,0.07582297508587435,0.1767894765437763,0.09784544428279073,25.950413223140497,55.359168241965975,1.6876301541024572,97,95,95,0.44963144963144963,0.2334152334152334,0.2334152334152334,0
20,22,125,10764.5,29421.0,9348.5,343,0.09149674030378499,0.25007437377283276,0.07946093889450824,26.91125,60.78719008264463,0.598304,89,90,89,0.5860058309037901,0.5335276967930029,0.4314868804664723,0
22,21,88,6403.5,11947.5,8352.0,271,0.08719244019008456,0.16268160836589915,0.11372394166746096,13.230371900826446,27.091836734693878,1.078512396694215,48,41,55,0.2693726937269373,0.47601476014760147,0.4833948339483395,0
19,18,123,5214.5,6631.5,7462.0,287,0.06330658378758999,0.08050965775959402,0.09059233449477352,14.444598337950138,20.46759259259259,0.4932249322493225,34,45,54,0.3832752613240418,0.5331010452961672,0.45993031358885017,0
19,20,80,4960.0,9163.0,7860.0,271,0.06753720673738103,0.1247668196239158,0.1070246864830272,13.739612188365651,22.9075,1.228125,32,34,46,0.43911439114391143,0.2066420664206642,0.4575645756457565,0
18,17,119,4563.0,6492.0,4144.0,247,0.07479224376731301,0.10641052959399433,0.06792440459604321,14.083333333333334,22.463667820069205,0.2926347009391992,39,35,41,0.38866396761133604,0.24696356275303644,0.2591093117408907,0
24,23,79,10082.5,11243.5,9121.5,335,0.08984183559812876,0.1001871240810871,0.08127868122076186,17.50434027777778,21.254253308128543,1.461544624258933,54,36,51,0.382089552238806,0.29253731343283584,0.2417910447761194,0
21,21,118,4359.0,7844.0,9283.0,243,0.07382004775694762,0.13283882876932718,0.15720842012565836,9.884353741496598,17.786848072562357,0.6666906061476587,41,38,52,0.49382716049382713,0.5061728395061729,0.411522633744856,0
20,21,87,6208.0,8415.0,6138.5,263,0.08975118911651173,0.12165854645867369,0.0887464037357776,15.52,19.081632653061224,0.8110054168318139,43,44,50,0.3840304182509506,0.4448669201520912,0.2813688212927757,0
18,17,100,5097.0,9301.0,6907.0,247,0.08354505073022013,0.15245291678276976,0.11321280466816372,15.731481481481481,32.18339100346021,0.6907,39,45,59,0.43724696356275305,0.30364372469635625,0.5101214574898786,0
20,20,85,4633.0,9154.0,5964.0,259,0.06906575632444359,0.13646188935764225,0.0889074402587916,11.5825,22.885,0.8254671280276816,36,28,59,0.3938223938223938,0.18532818532818532,0.3552123552123552,1
18,21,110,3875.5,9675.5,6273.5,251,0.06151489658894303,0.15357692735035952,0.09957778447961144,11.96141975308642,21.939909297052154,0.5184710743801653,31,15,41,0.30677290836653387,0.07569721115537849,0.2908366533864542,1
18,17,91,3942.0,8355.0,5694.0,335,0.03512586322120739,0.07444865226108265,0.05073735798618846,12.166666666666666,28.910034602076124,0.6875981161695447,43,37,48,0.41194029850746267,0.36716417910447763,0.3194029850746269,0
20,21,73,5892.0,10030.0,6821.0,307,0.06251525215121646,0.10642022727031586,0.07237212065910513,14.73,22.743764172335602,1.2799774817038845,47,28,52,0.4234527687296417,0.3811074918566775,0.30944625407166126,0
18,19,136,5908.0,7159.5,5407.5,235,0.10698053417836124,0.12964237211407878,0.09791760977818018,18.234567901234566,19.832409972299168,0.29236051038062283,52,34,33,0.574468085106383,0.4851063829787234,0.3872340425531915,1
18,19,80,4073.0,7431.0,4103.0,255,0.06263744713571703,0.11427912341407151,0.06309880815071127,12.570987654320987,20.58448753462604,0.64109375,32,34,42,0.21176470588235294,0.23921568627450981,0.2784313725490196,0
18,19,77,7441.0,9449.0,12297.0,275,0.09839338842975207,0.12494545454545454,0.16260495867768596,22.96604938271605,26.174515235457065,2.0740428402766065,48,36,56,0.5163636363636364,0.13090909090909092,0.6436363636363637,0
18,22,83,7670.5,8722.5,7172.0,303,0.08354845385528652,0.09500702545502075,0.07811870295940485,23.674382716049383,18.02169421487603,1.041079982580926,54,40,59,0.39603960396039606,0.25742574257425743,0.429042904290429,1
20,20,94,6262.5,7754.5,8603.5,257,0.0948159699616951,0.11740525973141153,0.1302593529046617,15.65625,19.38625,0.9736871887732006,38,38,53,0.38910505836575876,0.5447470817120622,0.3424124513618677,0
18,19,100,6160.0,8822.0,6765.0,251,0.09777622577419406,0.14002952334089935,0.10737924794844526,19.012345679012345,24.437673130193907,0.6765,46,28,39,0.6414342629482072,0.3745019920318725,0.2151394422310757,0
18,17,81,4418.0,6263.0,6430.0,283,0.055163630461112015,0.07820050194158998,0.08028568217857633,13.635802469135802,21.67128027681661,0.9800335314738607,43,34,58,0.33568904593639576,0.19434628975265017,0.254416961130742,0
18,19,92,6390.0,9767.0,7084.0,219,0.13323325201726402,0.20364462792685722,0.14770334229895124,19.72222222222222,27.05540166204986,0.8369565217391305,42,32,60,0.4885844748858447,0.410958904109589,0.4794520547945205,0
18,18,87,7638.0,8689.5,7330.0,247,0.1251946434132669,0.14242980543854186,0.12014620793653395,23.574074074074073,26.819444444444443,0.9684238340599816,0,40,55,0.0,0.41700404858299595,0.23076923076923078,1
18,21,71,8020.0,8230.0,6293.0,259,0.11955695353378751,0.12268749720487172,0.09381195867682354,24.753086419753085,18.662131519274375,1.2483634199563578,35,21,55,0.5521235521235521,0.1583011583011583,0.42084942084942084,1
20,21,93,4900.0,7443.0,4888.0,295,0.05630565929330652,0.08552714737144498,0.0561677678827923,12.25,16.877551020408163,0.5651520406983467,33,33,55,0.31186440677966104,0.26440677966101694,0.3593220338983051,1
17,18,80,4713.0,8232.0,5391.0,271,0.06417396277283806,0.11208997698833077,0.07340586320992361,16.30795847750865,25.40740740740741,0.84234375,35,38,57,0.3247232472324723,0.5571955719557196,0.2177121771217712,0
18,18,99,5425.0,9087.0,7036.0,255,0.08342945021145713,0.13974625144175318,0.10820453671664744,16.743827160493826,28.046296296296298,0.7178859300071422,28,30,58,0.10980392156862745,0.4196078431372549,0.4196078431372549,1
18,20,126,4651.0,7169.0,3876.5,219,0.0969746252163216,0.1494756156043452,0.0808260878630554,14.354938271604938,17.9225,0.24417359536407154,30,42,51,0.3835616438356164,0.4018264840182648,0.3972602739726027,0
17,19,93,4131.0,9141.0,3636.5,215,0.08936722552731206,0.19775013520822066,0.07866955110870741,14.294117647058824,25.321329639889196,0.4204532315874668,31,34,38,0.3813953488372093,0.26046511627906976,0.4418604651162791,0
20,21,99,3727.0,6538.0,5493.0,247,0.061089347473323605,0.10716451671064925,0.09003589634316249,9.3175,14.825396825396826,0.5604530149984696,23,23,61,0.20242914979757085,0.19838056680161945,0.43724696356275305,1
18,20,114,7289.5,6576.0,3039.0,251,0.1157045126267837,0.10437929556673703,0.04823732956619736,22.498456790123456,16.44,0.23384118190212372,35,27,39,0.549800796812749,0.4820717131474104,0.16733067729083664,1
18,19,147,5181.0,8451.0,3572.0,247,0.08492189676932911,0.13852054614892884,0.05854873871068203,15.99074074074074,23.409972299168974,0.1653014947475589,33,30,37,0.26720647773279355,0.14979757085020243,0.15789473684210525,0
18,17,131,4679.0,8352.0,3684.0,339,0.040714925905622125,0.07267601221708826,0.03205680423943404,14.441358024691358,28.899653979238753,0.21467280461511568,29,32,49,0.22713864306784662,0.25073746312684364,0.23893805309734514,0
18,20,151,4381.0,10497.5,4759.0,295,0.0503418557885665,0.12062625682275208,0.05468543521976443,13.521604938271604,26.24375,0.2087189158370247,34,41,58,0.25084745762711863,0.24745762711864408,0.29491525423728815,0
16,18,126,5939.0,8275.5,4646.0,251,0.0942683449469056,0.1313550578562245,0.07374486119267948,23.19921875,25.541666666666668,0.2926429831191736,43,58,60,0.4701195219123506,0.3346613545816733,0.23904382470119523,0
20,20,101,7002.5,9535.0,4806.5,263,0.10123754861281788,0.13785077129928147,0.06948922205034047,17.50625,23.8375,0.47117929614743653,42,35,55,0.4600760456273764,0.30038022813688214,0.3574144486692015,0
18,21,99,9544.5,10442.5,4727.0,303,0.10396039603960396,0.11374157217701968,0.05148732695051683,29.458333333333332,23.679138321995463,0.48229772472196714,39,42,62,0.35313531353135313,0.30363036303630364,0.39933993399339934,0
18,20,114,6879.0,10484.5,4977.0,367,0.05107321310574731,0.07784228853135743,0.03695179264824893,21.23148148148148,26.21125,0.3829639889196676,30,34,53,0.15803814713896458,0.15258855585831063,0.21798365122615804,1
18,21,94,5043.0,8235.0,4620.0,243,0.08540364781791393,0.13946044810242342,0.07824010567494792,15.564814814814815,18.6734693877551,0.5228610230873698,30,32,60,0.3497942386831276,0.13168724279835392,0.4897119341563786,0
18,20,142,6253.5,8807.5,4790.0,251,0.09926032920112379,0.1397993682639958,0.07603053919779051,19.300925925925927,22.01875,0.23755207300138861,58,24,58,0.3904382470119522,0.11553784860557768,0.47808764940239046,0
20,19,120,6217.0,9008.0,4690.0,283,0.07762614091822848,0.11247487170522794,0.05855985216446703,15.5425,24.952908587257618,0.32569444444444445,35,51,55,0.5759717314487632,0.5830388692579506,0.3003533568904594,0
18,21,114,3541.0,6089.0,2768.5,263,0.05119345371481444,0.08803076522719716,0.04002515577787737,10.929012345679013,13.807256235827664,0.21302708525700215,34,29,24,0.35361216730038025,0.40304182509505704,0.22813688212927757,0
18,19,81,5769.0,6433.0,4710.0,271,0.0785528519491837,0.08759412317370406,0.0641331136558598,17.805555555555557,17.81994459833795,0.7178783721993599,28,38,53,0.26199261992619927,0.3726937269372694,0.26199261992619927,0
18,18,111,7263.0,9262.0,5110.0,259,0.10827208896706966,0.1380718832456284,0.07617656266304915,22.416666666666668,28.58641975308642,0.41473906338771205,33,32,59,0.3667953667953668,0.26640926640926643,0.4555984555984556,0
18,19,108,8803.0,9823.0,6157.0,303,0.09588384581032361,0.10699386770360204,0.06706314195776013,27.169753086419753,27.210526315789473,0.5278635116598079,44,43,59,0.48514851485148514,0.42574257425742573,0.3432343234323432,1
18,19,132,5819.0,9146.0,3808.0,319,0.057183007242460275,0.08987726142628315,0.03742101590982793,17.959876543209877,25.33518005540166,0.21854912764003673,35,49,42,0.27586206896551724,0.3542319749216301,0.2664576802507837,0
18,17,94,3951.0,4134.5,6969.0,275,0.05224462809917355,0.05467107438016529,0.09215206611570248,12.194444444444445,14.306228373702423,0.7887052965142598,46,43,57,0.4254545454545455,0.5818181818181818,0.5236363636363637,1
18,21,125,4821.0,8393.5,4846.0,223,0.09694544430815018,0.1687848136902009,0.09744816907639406,14.87962962962963,19.032879818594104,0.310144,28,31,53,0.33183856502242154,0.23766816143497757,0.33183856502242154,1
18,19,79,5139.0,6665.5,5660.5,295,0.05905199655271474,0.07659293306521114,0.06504452743464521,15.86111111111111,18.46398891966759,0.9069860599262939,36,32,60,0.3050847457627119,0.33559322033898303,0.4,1
18,21,113,3808.0,6669.0,5835.0,247,0.06241702043960727,0.10931174089068826,0.09564162664524906,11.753086419753087,15.122448979591837,0.4569660897486099,18,31,57,0.0728744939271255,0.25101214574898784,0.4331983805668016,1
18,17,140,26607.0,15382.0,22508.0,351,0.2159641561350963,0.12485288268764053,0.1826933222944619,82.12037037037037,53.22491349480969,1.1483673469387754,143,141,144,0.717948717948718,0.48717948717948717,0.5470085470085471,1
20,21,143,6163.0,7863.0,3330.0,219,0.12850023977815309,0.1639457058860324,0.06943141302308126,15.4075,17.829931972789115,0.16284414885813486,40,31,55,0.3744292237442922,0.3926940639269406,0.5251141552511416,1
18,18,100,8697.0,11324.0,13386.0,335,0.07749610158164402,0.10090443305858766,0.11927823568723546,26.84259259259259,34.95061728395062,1.3386,101,100,100,0.42388059701492536,0.5253731343283582,0.582089552238806,1
18,18,159,127975.0,116318.5,126722.0,559,0.40954490032994006,0.3722418323034041,0.4055350565314371,394.9845679012346,359.00771604938274,5.012539060954867,370,356,350,0.774597495527728,0.7137745974955277,0.7978533094812165,1
18,17,98,87361.0,74004.0,83992.0,431,0.47028708932445457,0.3983828683092791,0.4521508820473619,269.63271604938274,256.06920415224914,8.745522698875469,298,297,294,0.8979118329466357,0.8677494199535963,0.9489559164733179,1
19,21,106,67442.5,51888.0,61232.5,527,0.24283564193872445,0.1868296072790382,0.22047571553564807,186.8213296398892,117.65986394557824,5.449670701317195,249,240,242,0.6375711574952562,0.5047438330170778,0.573055028462998,1
19,23,146,121682.0,89005.0,103826.0,671,0.27025970535779725,0.1976830186500119,0.23060094482732582,337.06925207756234,168.2514177693762,4.87080127603678,346,310,312,0.6304023845007451,0.5737704918032787,0.6497764530551415,1
20,21,132,129277.0,98972.0,116684.5,599,0.36030278622411865,0.27584092574992825,0.3252067301930597,323.1925,224.42630385487527,6.696768824609734,369,324,326,0.6894824707846411,0.6310517529215359,0.8464106844741235,1
18,20,117,101182.0,78853.5,96624.5,631,0.25412333201895715,0.19804425847835425,0.24267695731123842,312.2901234567901,197.13375,7.058550661114763,337,297,296,0.694136291600634,0.5832012678288431,0.6624405705229794,1
18,20,101,47909.0,40390.0,50448.0,551,0.15780251053191524,0.13303645244910262,0.1661654605880745,147.8672839506173,100.975,4.945397510048035,233,201,196,0.5081669691470054,0.5480943738656987,0.6497277676950998,1
24,25,121,101708.0,75619.0,74301.0,495,0.4150923375165799,0.3086174880114274,0.3032384450566269,176.57638888888889,120.9904,5.074858274708012,311,274,270,0.7858585858585858,0.7272727272727273,0.8828282828282829,1
18,22,92,85443.0,66913.5,71360.5,535,0.2985169010393921,0.2337793693772382,0.24931609747576208,263.712962962963,138.25103305785123,8.431060964083176,296,258,252,0.6934579439252336,0.6616822429906543,0.7869158878504673,1
23,22,127,58631.5,35834.0,46024.0,479,0.2555406400774055,0.1561795842940015,0.2005918732920446,110.83459357277883,74.03719008264463,2.853493706987414,232,187,188,0.7056367432150313,0.6033402922755741,0.7139874739039666,1
20,21,125,21914.0,13895.5,19374.5,383,0.1493908882056596,0.09472762102134448,0.13207875164463592,54.785,31.509070294784582,1.239968,119,88,97,0.587467362924282,0.402088772845953,0.5326370757180157,1
18,22,106,17482.0,10630.0,21618.0,367,0.12979530622396782,0.0789225549228222,0.16050308488443749,53.95679012345679,21.962809917355372,1.9239943040227838,116,85,107,0.4332425068119891,0.4250681198910082,0.5667574931880109,1
18,23,142,25017.0,14946.0,28920.0,391,0.16363707720383827,0.09776231186347552,0.18916673752788116,77.21296296296296,28.253308128544422,1.4342392382463798,131,85,135,0.6470588235294118,0.5012787723785166,0.5652173913043478,1
28,27,117,8941.0,8541.5,11489.5,383,0.060952082296559386,0.058228633367191814,0.07832557315136104,11.404336734693878,11.71673525377229,0.8393235444517496,19,37,91,0.09399477806788512,0.2741514360313316,0.3472584856396867,1
20,27,135,5858.0,6908.0,8010.0,271,0.07976470908620525,0.09406190002859438,0.10906714233193993,14.645,9.47599451303155,0.43950617283950616,29,29,73,0.4612546125461255,0.42066420664206644,0.42066420664206644,1
21,29,102,7527.0,6189.0,10464.0,287,0.09138146632835169,0.07513749104638881,0.12703808471633746,17.068027210884352,7.359096313912009,1.0057670126874279,52,24,87,0.2578397212543554,0.32752613240418116,0.4146341463414634,1
19,24,98,7576.5,7811.5,6704.0,251,0.12025999587308138,0.12399009539531118,0.10641100934905795,20.98753462603878,13.561631944444445,0.6980424822990421,51,25,69,0.6055776892430279,0.14342629482071714,0.4701195219123506,1
26,22,85,4160.0,7329.5,6518.0,227,0.08073123871994412,0.14224029187447845,0.12649187835975859,6.153846153846154,15.143595041322314,0.9021453287197232,0,32,69,0.0,0.4008810572687225,0.4801762114537445,1
19,20,135,5267.5,7103.0,7816.0,319,0.05176344572085573,0.06980080777508083,0.07680742131071826,14.591412742382271,17.7575,0.4288614540466392,19,39,73,0.11598746081504702,0.30407523510971785,0.2664576802507837,1
18,23,89,10031.0,7115.0,11890.0,299,0.11220232435878794,0.07958523953870762,0.13299627520944957,30.959876543209877,13.449905482041588,1.5010730968312083,36,32,92,0.3511705685618729,0.19732441471571907,0.45819397993311034,1
21,22,104,5942.0,5630.0,7027.0,287,0.07213879007879177,0.06835095727761657,0.08531122145467349,13.473922902494332,11.632231404958677,0.649685650887574,30,33,67,0.3240418118466899,0.4181184668989547,0.3623693379790941,1
19,21,109,7491.0,9182.0,13601.0,287,0.09094440869744685,0.11147397686022655,0.1651228010537945,20.750692520775623,20.820861678004537,1.1447689588418484,35,30,97,0.4878048780487805,0.3519163763066202,0.33797909407665505,1
18,20,144,4999.0,7314.0,12328.0,311,0.05168474271357823,0.07561956555453314,0.12745939351330116,15.429012345679013,18.285,0.5945216049382716,39,35,99,0.37942122186495175,0.4340836012861736,0.3215434083601286,1
19,22,122,8821.0,7757.0,16784.0,283,0.11013996928417136,0.09685474909163555,0.2095668568717302,24.434903047091414,16.026859504132233,1.1276538564901908,37,38,113,0.3568904593639576,0.19434628975265017,0.4028268551236749,1
23,25,131,11614.0,8066.0,14438.0,383,0.07917430754862327,0.054987081512587854,0.09842592150740682,21.954631379962194,12.9056,0.8413262630382845,39,36,104,0.21409921671018275,0.2245430809399478,0.32114882506527415,1
21,22,110,8037.0,5385.0,11348.0,303,0.08754043721203804,0.0586543802895141,0.12360443965188599,18.224489795918366,11.12603305785124,0.9378512396694215,36,30,95,0.297029702970297,0.28052805280528054,0.4158415841584158,1
19,22,139,8234.0,7873.5,13500.5,355,0.06533624280896648,0.06247569926601865,0.10712557032334855,22.808864265927976,16.267561983471076,0.698747476838673,39,37,106,0.36056338028169016,0.16901408450704225,0.4028169014084507,1
18,20,108,14914.0,15266.0,26965.5,383,0.10167088193388733,0.10407051653498217,0.18382768987449638,46.03086419753087,38.165,2.3118569958847734,65,63,161,0.4960835509138381,0.4464751958224543,0.45430809399477806,1
18,23,156,14098.0,13826.5,30673.5,371,0.10242587601078167,0.10045335328862766,0.22285147594103502,43.51234567901235,26.137051039697543,1.2604166666666667,65,64,161,0.5579514824797843,0.5283018867924528,0.5795148247978437,1
19,22,128,6281.0,12144.0,19857.0,359,0.04873487946244986,0.09422645696417625,0.1540723613255639,17.398891966759003,25.09090909090909,1.21197509765625,52,52,131,0.520891364902507,0.181058495821727,0.5376044568245125,1
19,23,81,11611.0,11463.5,22398.0,327,0.10858607113131143,0.10720665114234679,0.20946609432427124,32.16343490304709,21.670132325141775,3.413808870598994,47,42,129,0.4740061162079511,0.22629969418960244,0.48623853211009177,1
20,22,147,4307.5,7248.5,11481.5,335,0.038382713299175766,0.06458899532189798,0.10230786366674093,10.76875,14.976239669421487,0.5313295386181683,36,25,92,0.3970149253731343,0.11343283582089553,0.3402985074626866,1
18,22,142,8045.0,9180.5,12464.5,327,0.07523683939810528,0.08585603531315172,0.11656800306745597,24.830246913580247,18.96797520661157,0.6181561198174965,39,32,101,0.40672782874617736,0.27522935779816515,0.5198776758409785,1
18,24,123,3114.5,6665.0,7953.0,271,0.042408191609591375,0.09075312155335576,0.10829100910935309,9.612654320987655,11.571180555555555,0.5256791592306167,33,29,72,0.36531365313653136,0.4575645756457565,0.36531365313653136,1
18,22,111,4541.0,6179.0,11809.5,255,0.06983467896962707,0.09502499038831219,0.18161476355247982,14.015432098765432,12.766528925619834,0.9584855125395666,30,21,90,0.2,0.22745098039215686,0.4588235294117647,1
19,23,115,4619.0,6925.0,8966.0,247,0.075710141126719,0.11350784310511564,0.14696192365060892,12.795013850415513,13.090737240075615,0.6779584120982987,28,26,77,0.3765182186234818,0.1902834008097166,0.340080971659919,1
20,21,79,8742.0,11147.5,14812.5,271,0.11903432687463406,0.15178851050503125,0.20169251508013236,21.855,25.27777777777778,2.3734177215189876,47,46,116,0.6383763837638377,0.5940959409594095,0.45018450184501846,1
18,21,141,5951.0,9420.0,11688.0,287,0.07224805448651798,0.11436341342009737,0.1418980441671017,18.367283950617285,21.360544217687075,0.5878979930586993,36,32,107,0.3588850174216028,0.29965156794425085,0.5226480836236934,1
18,21,151,3053.0,9227.0,7236.0,299,0.034149506157649244,0.10320913636312792,0.08093869196094003,9.42283950617284,20.922902494331066,0.3173545019955265,41,34,80,0.31438127090301005,0.21070234113712374,0.38127090301003347,1
18,21,111,10361.5,8590.5,12471.5,311,0.10712771786892195,0.0888173199201828,0.12894304235894996,31.979938271604937,19.479591836734695,1.012214917620323,38,30,112,0.3890675241157556,0.2861736334405145,0.45980707395498394,1
19,23,84,13046.5,13086.0,27477.5,419,0.07431320167918844,0.07453819470155672,0.15651255119303262,36.1398891966759,24.737240075614366,3.894203514739229,75,61,162,0.30071599045346065,0.30071599045346065,0.5894988066825776,1
18,21,119,8299.5,8357.0,13515.0,319,0.08155875040536158,0.08212379988404202,0.1328111948585411,25.61574074074074,18.950113378684808,0.9543817527010804,59,39,108,0.4890282131661442,0.3981191222570533,0.45454545454545453,1
20,21,93,7116.0,6205.0,12359.0,323,0.06820730573474297,0.05947531367117484,0.11846178914779208,17.79,14.070294784580499,1.4289513238524685,44,34,107,0.2786377708978328,0.3157894736842105,0.4984520123839009,1
18,20,104,4541.0,8194.0,11829.0,279,0.058336866175922715,0.10526586246322632,0.15196361814467954,14.015432098765432,20.485,1.0936575443786982,31,29,94,0.4838709677419355,0.2616487455197133,0.4229390681003584,1
18,21,116,6897.0,6590.0,9358.0,295,0.07925308819304798,0.07572536627405918,0.10753231829933926,21.287037037037038,14.943310657596372,0.6954518430439952,49,31,92,0.5084745762711864,0.1864406779661017,0.4406779661016949,1
18,21,94,6048.0,7658.0,11193.0,255,0.09301038062283737,0.11777008842752787,0.17213379469434834,18.666666666666668,17.365079365079364,1.2667496604798552,44,29,89,0.5843137254901961,0.43529411764705883,0.41568627450980394,1
19,23,134,6851.0,7158.0,7822.0,243,0.1160222865755559,0.12122135853274399,0.1324662568375417,18.977839335180054,13.531190926275993,0.435620405435509,33,31,80,0.5720164609053497,0.4279835390946502,0.5308641975308642,1
20,21,144,3972.0,8737.0,16009.0,303,0.043263732313825444,0.09516496204075853,0.17437288283283775,9.93,19.811791383219955,0.7720389660493827,38,30,104,0.297029702970297,0.20462046204620463,0.46204620462046203,1
19,19,99,3031.5,8226.5,12694.0,243,0.05133871869125641,0.13931649985605174,0.21497400464021407,8.397506925207756,22.78808864265928,1.2951739618406286,36,38,104,0.49382716049382713,0.411522633744856,0.5308641975308642,1
18,20,96,5748.0,6628.0,9760.0,247,0.09421560753331476,0.10863970889540887,0.15997639692504384,17.74074074074074,16.57,1.0590277777777777,36,27,89,0.4979757085020243,0.31983805668016196,0.46558704453441296,1
18,20,152,4109.0,7134.0,11660.0,247,0.06735071874641446,0.11693356717861299,0.19111934304774705,12.682098765432098,17.835,0.504674515235457,38,33,101,0.4979757085020243,0.4008097165991903,0.5546558704453441,1
19,22,70,7023.0,6736.0,12422.0,303,0.07649576838872006,0.07336971320894466,0.13530263917480856,19.454293628808863,13.917355371900827,2.5351020408163265,40,30,99,0.44884488448844884,0.3069306930693069,0.45874587458745875,1
18,21,90,4114.5,6762.0,7970.0,279,0.052857748487301036,0.0868693875977955,0.1023882015904215,12.699074074074074,15.333333333333334,0.9839506172839506,32,27,72,0.11469534050179211,0.15412186379928317,0.4838709677419355,1
21,21,149,4126.0,5717.0,5528.0,267,0.05787709183745038,0.08019470044466888,0.07754352003815455,9.356009070294785,12.963718820861677,0.24899779289221205,38,31,69,0.3857677902621723,0.24719101123595505,0.26217228464419473,1
18,21,95,2717.0,6755.5,10070.0,299,0.030391158935582377,0.07556403172224024,0.1126385610899207,8.385802469135802,15.31859410430839,1.1157894736842104,30,31,82,0.10033444816053512,0.12040133779264214,0.42474916387959866,1
18,22,129,4878.5,8180.0,6458.0,279,0.06267262753561748,0.10508600865867603,0.08296399069898897,15.057098765432098,16.90082644628099,0.38807763956492997,52,37,60,0.44802867383512546,0.21505376344086022,0.3835125448028674,1
18,22,128,5740.0,7488.0,13013.0,303,0.06252110359550807,0.08156063131065582,0.141739916565914,17.71604938271605,15.47107438016529,0.79425048828125,30,28,97,0.3696369636963696,0.1848184818481848,0.40594059405940597,1
19,21,109,5998.0,8196.5,7975.0,271,0.08167100121185714,0.11160659577075475,0.10859056930052695,16.614958448753463,18.586167800453516,0.6712397946300817,40,28,81,0.4907749077490775,0.4022140221402214,0.46863468634686345,1
20,22,108,4619.0,6893.0,11565.0,271,0.06289402377418608,0.09385765444370311,0.15747334595117168,11.5475,14.241735537190083,0.9915123456790124,31,33,92,0.46863468634686345,0.3726937269372694,0.3726937269372694,1
19,21,96,6891.0,7406.0,12812.0,279,0.08852661193972328,0.09514266260710937,0.16459192456417568,19.088642659279778,16.793650793650794,1.3901909722222223,42,22,96,0.5161290322580645,0.32974910394265233,0.4014336917562724,1
18,23,114,5556.0,5832.5,8522.0,311,0.057443574818291786,0.0603023128379566,0.08810909730048283,17.14814814814815,11.025519848771266,0.6557402277623884,36,30,79,0.4180064308681672,0.2797427652733119,0.2540192926045016,1
18,23,141,5680.0,8767.0,8946.0,299,0.06353396494446371,0.09806378004720305,0.10006599478753034,17.530864197530864,16.572778827977316,0.4499773653236759,39,22,85,0.34782608695652173,0.17725752508361203,0.46488294314381273,1
19,22,95,6636.0,9278.0,10968.0,287,0.08056428996345713,0.11263946387597276,0.1331568915490051,18.382271468144044,19.169421487603305,1.2152908587257618,35,45,90,0.4634146341463415,0.5296167247386759,0.4634146341463415,1
18,20,120,5498.5,5788.5,6351.5,271,0.07486962323497774,0.07881837120954235,0.08648438882912815,16.97067901234568,14.47125,0.4410763888888889,45,32,63,0.47232472324723246,0.17712177121771217,0.3837638376383764,1
20,22,84,4428.0,5535.0,8013.0,275,0.05855206611570248,0.0731900826446281,0.10595702479338844,11.07,11.435950413223141,1.1356292517006803,40,28,79,0.41818181818181815,0.4290909090909091,0.4618181818181818,1
18,21,122,7623.0,7101.0,9903.0,415,0.04426186674408477,0.04123094788793729,0.05750036289737262,23.52777777777778,16.102040816326532,0.6653453372749261,38,30,88,0.35903614457831323,0.20963855421686747,0.3156626506024096,1
19,21,95,7333.0,8879.5,10642.0,315,0.07390274628369867,0.08948853615520282,0.1072511967750063,20.31301939058172,20.134920634920636,1.179168975069252,6,7,89,0.01904761904761905,0.031746031746031744,0.4158730158730159,1
20,22,100,6875.0,9516.0,15775.0,303,0.07488372599636202,0.10364996895729177,0.17182411310437976,17.1875,19.66115702479339,1.5775,36,23,104,0.40594059405940597,0.12871287128712872,0.45544554455445546,1
18,22,123,5863.5,10230.0,12433.5,271,0.07983959913399873,0.13929548889584836,0.1692991653163764,18.09722222222222,21.136363636363637,0.8218322427126711,45,2,92,0.34686346863468637,0.007380073800738007,0.47232472324723246,1
20,21,139,4654.5,8434.5,11506.5,351,0.037779725813913846,0.06846129495702145,0.0933961574987216,11.63625,19.125850340136054,0.5955437089177579,35,29,80,0.27350427350427353,0.22507122507122507,0.32193732193732194,1
18,19,111,3512.0,9954.5,8852.0,311,0.03631062540709877,0.10291973821610612,0.09152097269465782,10.839506172839506,27.574792243767313,0.7184481779076374,40,37,75,0.3665594855305466,0.3311897106109325,0.3504823151125402,1
18,22,107,4971.0,7415.0,8168.0,263,0.07186745507380474,0.10720120285098816,0.11808758258757536,15.342592592592593,15.320247933884298,0.7134247532535593,32,22,71,0.4790874524714829,0.2585551330798479,0.4524714828897338,1
18,22,145,3476.0,7776.0,7870.0,279,0.0446551303297748,0.09989594172736732,0.10110353155791935,10.728395061728396,16.06611570247934,0.37431629013079665,34,31,74,0.35125448028673834,0.3942652329749104,0.4121863799283154,1
20,22,143,4978.0,6571.0,9562.0,367,0.036959217159530475,0.048786463631031486,0.07099317687413226,12.445,13.576446280991735,0.4676023277421879,33,28,81,0.2997275204359673,0.21798365122615804,0.29155313351498635,1
18,22,136,5428.0,8084.0,6607.0,287,0.06589857834865058,0.0981437191176292,0.08021221576078379,16.753086419753085,16.702479338842974,0.3572123702422145,31,31,68,0.3623693379790941,0.3519163763066202,0.313588850174216,1
20,22,138,4515.0,5692.0,9798.0,335,0.04023167743372689,0.05071953664513255,0.08730674983292493,11.2875,11.760330578512397,0.5144927536231884,28,27,78,0.3373134328358209,0.3253731343283582,0.39104477611940297,1
18,21,120,4218.0,5194.0,8738.0,251,0.06695131823304391,0.0824431358232409,0.13869621117125125,13.018518518518519,11.777777777777779,0.6068055555555556,30,34,78,0.4302788844621514,0.4342629482071713,0.4860557768924303,1
18,21,113,2421.0,4890.0,9928.0,303,0.02636996372904617,0.053262752017776034,0.10813754642791011,7.472222222222222,11.08843537414966,0.7775080272535045,33,30,88,0.264026402640264,0.4158415841584158,0.48514851485148514,1
20,24,102,3378.5,7280.5,8063.5,255,0.05195693963860054,0.11196462898885044,0.12400615148019992,8.44625,12.639756944444445,0.7750384467512496,33,24,80,0.4588235294117647,0.17647058823529413,0.3176470588235294,1
18,22,136,4883.0,8344.5,7668.0,327,0.04566581563467347,0.0780377633756979,0.07171113542631091,15.070987654320987,17.240702479338843,0.41457612456747406,30,28,82,0.27522935779816515,0.20795107033639143,0.25076452599388377,1
21,22,107,5835.0,8195.0,11434.0,351,0.04736162855820975,0.06651731722956794,0.09280768824928369,13.231292517006803,16.931818181818183,0.9986898419075901,41,40,98,0.42735042735042733,0.35327635327635326,0.45014245014245013,1
18,20,114,3897.0,8026.0,7103.0,295,0.04478023556449296,0.09222637173226085,0.08162022407354208,12.027777777777779,20.065,0.5465527854724531,27,37,74,0.31186440677966104,0.2711864406779661,0.3152542372881356,1
18,20,107,4515.0,7478.0,7585.0,363,0.034264508344147716,0.05675082910244443,0.057562856210489566,13.935185185185185,18.695,0.662503275395231,36,37,84,0.2231404958677686,0.10192837465564739,0.31955922865013775,1
18,21,124,5683.5,7511.0,8145.0,271,0.07738865211530344,0.10227257254122357,0.11090535259596139,17.541666666666668,17.03174603174603,0.5297216441207075,38,33,79,0.5055350553505535,0.4095940959409594,0.33579335793357934,1
20,20,102,4694.0,5528.0,6072.0,255,0.07218762014609766,0.08501345636293733,0.09337946943483276,11.735,13.82,0.5836216839677048,26,20,80,0.2549019607843137,0.21568627450980393,0.40784313725490196,1
17,19,104,3330.0,5508.0,5300.0,235,0.0602987777274785,0.09973743775464011,0.09597102761430512,11.522491349480969,15.257617728531857,0.4900147928994083,34,38,59,0.30638297872340425,0.3872340425531915,0.4,1
18,22,111,4674.0,7312.0,8656.0,263,0.06757362402232214,0.10571209645939655,0.1251427662681259,14.425925925925926,15.107438016528926,0.7025403782160539,32,36,71,0.2813688212927757,0.2737642585551331,0.4752851711026616,1
19,23,104,3996.0,7090.0,10218.0,299,0.044697486605295246,0.07930560060849431,0.11429402355678348,11.069252077562327,13.40264650283554,0.9447115384615384,32,25,82,0.40468227424749165,0.26421404682274247,0.2809364548494983,1
18,21,89,3203.5,5904.0,6253.0,267,0.04493680651993996,0.08281782603206665,0.08771339196790529,9.887345679012345,13.387755102040817,0.7894205277111476,29,25,71,0.1760299625468165,0.3333333333333333,0.31835205992509363,1
23,21,89,2652.0,5562.0,7076.0,259,0.039534294360549185,0.08291468523128755,0.10548441436472325,5.013232514177694,12.612244897959183,0.8933215503093044,24,35,74,0.2972972972972973,0.2084942084942085,0.3745173745173745,1
18,23,102,3693.5,7758.0,4575.5,259,0.05506030023404541,0.1156512276203396,0.0682085836525991,11.399691358024691,14.665406427221171,0.43978277585544023,40,33,56,0.3204633204633205,0.32432432432432434,0.39768339768339767,1
25,27,100,5071.0,6458.0,6211.0,323,0.048605852639247,0.06190033451868608,0.05953282404700515,8.1136,8.858710562414267,0.6211,38,19,67,0.3653250773993808,0.058823529411764705,0.21362229102167182,1
16,21,127,3475.0,4853.5,7570.0,231,0.06512246771987032,0.09095594160529226,0.14186390809767432,13.57421875,11.005668934240363,0.4693409386818774,37,27,73,0.45454545454545453,0.36796536796536794,0.4199134199134199,1
21,23,119,2848.0,6242.0,6701.0,255,0.043798539023452515,0.09599384851980007,0.10305267204921184,6.458049886621315,11.799621928166351,0.4732010451239319,23,31,62,0.30196078431372547,0.22745098039215686,0.45098039215686275,1
18,20,95,2531.5,5912.0,7485.5,287,0.03073364979543275,0.07177457538637108,0.0908776360038364,7.813271604938271,14.78,0.8294182825484765,42,33,77,0.3797909407665505,0.27526132404181186,0.3902439024390244,1
26,22,107,4546.0,7474.5,10836.5,299,0.05084954306998803,0.083606447355175,0.12121229069026074,6.724852071005917,15.443181818181818,0.9465018778932658,27,34,86,0.3511705685618729,0.2809364548494983,0.43478260869565216,1
20,22,132,6114.0,9645.0,12065.0,319,0.060081956741777305,0.09478090820648381,0.11856212104833876,15.285,19.927685950413224,0.6924357208448118,33,39,97,0.3793103448275862,0.2852664576802508,0.3103448275862069,1
19,23,90,3020.0,6884.0,8085.0,259,0.0450201994603539,0.1026222030083034,0.12052593133674215,8.365650969529085,13.013232514177695,0.9981481481481481,18,35,75,0.0694980694980695,0.42857142857142855,0.3127413127413127,1
19,20,139,3710.0,8714.5,9775.0,295,0.042631427750646364,0.10013789141051423,0.11232404481470842,10.277008310249307,21.78625,0.5059261942963614,32,34,94,0.4033898305084746,0.38305084745762713,0.488135593220339,1
19,22,109,6952.0,7729.0,7752.0,295,0.07988509049123815,0.0888135593220339,0.08907785119218616,19.257617728531855,15.96900826446281,0.6524703307802373,35,37,84,0.3050847457627119,0.4,0.38305084745762713,1
22,23,98,4987.5,6498.0,11344.5,295,0.05731111749497271,0.07466819879345016,0.1303590922148808,10.304752066115702,12.283553875236295,1.1812265722615576,36,33,101,0.2745762711864407,0.27796610169491526,0.376271186440678,1
18,22,76,3738.0,5432.5,10844.0,327,0.03495777572033779,0.05080473959356208,0.10141308718869531,11.537037037037036,11.224173553719009,1.8774238227146813,32,32,91,0.21100917431192662,0.23547400611620795,0.30275229357798167,1
21,22,117,4890.0,5122.0,5808.0,271,0.06658406067455508,0.06974305905420677,0.07908389046990101,11.08843537414966,10.582644628099173,0.4242822704361166,30,26,66,0.36162361623616235,0.3284132841328413,0.44649446494464945,1
19,22,104,7989.0,8229.0,8901.0,311,0.08259840158807291,0.08507976551110927,0.09202758449561109,22.130193905817176,17.00206611570248,0.8229474852071006,37,33,92,0.4983922829581994,0.17041800643086816,0.35691318327974275,1
25,26,100,9238.5,8914.0,13266.5,291,0.10909767244127963,0.10526564400514873,0.15666442295201993,14.7816,13.18639053254438,1.32665,25,26,99,0.3230240549828179,0.23711340206185566,0.3470790378006873,1
18,22,81,9924.5,9294.0,13563.5,303,0.10809942380376651,0.10123190536875469,0.14773606073478635,30.631172839506174,19.202479338842974,2.067291571406798,41,33,112,0.3795379537953795,0.29042904290429045,0.3696369636963696,1
23,24,118,9046.0,12402.0,22030.0,367,0.0671621290528551,0.09207878891371976,0.16356198353243398,17.100189035916824,21.53125,1.5821602987647228,50,47,136,0.1444141689373297,0.3760217983651226,0.5258855585831063,1
25,26,98,5113.0,7942.0,13707.0,255,0.0786312956555171,0.12213763936947328,0.21079584775086505,8.1808,11.748520710059172,1.4272178259058725,27,28,103,0.3803921568627451,0.22745098039215686,0.5372549019607843,1
21,23,104,5674.0,8921.0,12625.0,283,0.07084618362072195,0.11138858020452247,0.15763712869432756,12.866213151927438,16.86389413988658,1.1672522189349113,38,28,96,0.47703180212014135,0.2579505300353357,0.3745583038869258,1
18,23,108,5253.5,7415.5,8981.5,315,0.05294532627865961,0.07473418997228522,0.09051650289745528,16.214506172839506,14.017958412098299,0.7700188614540466,48,33,83,0.26031746031746034,0.20634920634920634,0.47619047619047616,1
19,22,82,7551.0,7542.0,10234.0,295,0.08676817006607297,0.0866647515081873,0.11759839126687734,20.916897506925206,15.582644628099173,1.5220107079119571,37,21,95,0.44745762711864406,0.13898305084745763,0.5288135593220339,1
19,22,95,5849.5,8590.0,7357.0,311,0.06047807611583834,0.08881215041200981,0.0760641432574105,16.20360110803324,17.74793388429752,0.815180055401662,22,32,71,0.13504823151125403,0.3536977491961415,0.3665594855305466,1
19,30,131,5270.0,9979.0,7477.5,291,0.06223355888570045,0.11784225505131021,0.08830198037340135,14.598337950138504,11.087777777777777,0.4357263562729445,31,18,65,0.17869415807560138,0.12371134020618557,0.26804123711340205,1
24,25,55,4142.5,7492.5,14325.5,279,0.05321745609640164,0.09625390218522373,0.18403540550609576,7.191840277777778,11.988,4.735702479338843,29,24,104,0.34408602150537637,0.15053763440860216,0.5949820788530465,1
18,22,94,5511.5,7644.0,12713.0,291,0.0650854382919427,0.09026818294540688,0.1501281279153529,17.010802469135804,15.793388429752065,1.4387732005432323,26,39,107,0.24742268041237114,0.4570446735395189,0.5154639175257731,1
18,22,97,5320.0,7934.0,9277.0,271,0.07243910077477159,0.10803229803515747,0.12631908606908948,16.419753086419753,16.392561983471076,0.9859708789456902,28,25,85,0.41697416974169743,0.2029520295202952,0.4944649446494465,1
18,19,69,10101.0,10609.0,22459.0,335,0.09000668300289597,0.09453330363109824,0.2001247493873914,31.175925925925927,29.38781163434903,4.717286284394035,45,42,144,0.35522388059701493,0.2955223880597015,0.6716417910447762,1
18,21,95,11475.0,12845.0,19634.0,375,0.0816,0.09134222222222223,0.13961955555555555,35.416666666666664,29.126984126984127,2.175512465373961,50,47,136,0.32,0.296,0.38133333333333336,1
20,23,83,9690.5,12400.0,20492.5,343,0.08236789092979965,0.10539826092869467,0.17418337597429642,24.22625,23.440453686200378,2.974669763390913,53,38,124,0.4402332361516035,0.39941690962099125,0.5364431486880467,1
18,23,104,15440.5,16077.0,26514.5,351,0.12532771649580765,0.13049407066501084,0.21521335054098586,47.65586419753087,30.391304347826086,2.451414571005917,50,52,157,0.49002849002849,0.27635327635327633,0.5299145299145299,1
18,22,90,9427.0,14852.0,22396.0,299,0.1054462478048344,0.16612789566112235,0.25051173924229037,29.09567901234568,30.68595041322314,2.7649382716049384,54,51,133,0.4782608695652174,0.5953177257525084,0.5953177257525084,1
18,22,88,8355.0,12748.0,18104.0,275,0.1104793388429752,0.16856859504132232,0.2393917355371901,25.787037037037038,26.33884297520661,2.3378099173553717,38,35,127,0.4618181818181818,0.3381818181818182,0.5381818181818182,1
19,20,81,7663.5,11596.0,20669.0,351,0.06220322886989554,0.09412261264113116,0.16776649540182303,21.22853185595568,28.99,3.1502819692120103,40,40,127,0.41025641025641024,0.38746438746438744,0.4358974358974359,1
18,22,129,9943.0,11950.0,20822.0,359,0.07714868754897929,0.09272119241781178,0.1615598885793872,30.688271604938272,24.6900826446281,1.251246920257196,46,46,126,0.30362116991643456,0.43175487465181056,0.4373259052924791,1
20,23,86,8814.0,11053.0,19559.0,307,0.09351823361521078,0.11727445384035905,0.20752474827319123,22.035,20.89413988657845,2.644537587885343,46,42,126,0.1498371335504886,0.31921824104234525,0.6188925081433225,1
18,22,94,4867.0,7367.0,14023.0,299,0.05444010693392692,0.08240399995525777,0.15685506873524904,15.021604938271604,15.22107438016529,1.5870303304662743,32,29,101,0.4782608695652174,0.33444816053511706,0.46488294314381273,1
18,19,64,6860.0,8076.5,12538.0,359,0.05322739581474383,0.06266633561192107,0.09728354063050411,21.17283950617284,22.372576177285318,3.06103515625,33,30,101,0.3147632311977716,0.20334261838440112,0.30919220055710306,1
19,23,93,8368.0,7635.0,16661.0,351,0.0679215266109853,0.06197189957873719,0.13523429192944864,23.18005540166205,14.432892249527411,1.9263498670366517,38,35,106,0.38461538461538464,0.19373219373219372,0.3817663817663818,1
18,21,120,4388.5,9080.5,10960.5,303,0.047800324586914134,0.09890642529599494,0.11938372055027285,13.544753086419753,20.590702947845806,0.7611458333333333,39,37,85,0.297029702970297,0.3564356435643564,0.5247524752475248,1
20,23,100,3790.0,7382.0,11232.0,303,0.04128135585835811,0.080406060408021,0.12234094696598373,9.475,13.954631379962192,1.1232,31,31,95,0.31353135313531355,0.3201320132013201,0.36303630363036304,1
18,22,71,4584.0,6529.0,13922.0,335,0.040846513700155934,0.05817776787703274,0.12405435509022054,14.148148148148149,13.489669421487603,2.76175362031343,30,41,106,0.2626865671641791,0.37910447761194027,0.4626865671641791,1
19,22,83,6131.5,7490.5,10275.5,223,0.12329827665949446,0.15062639506123188,0.20662993424360032,16.984764542936286,15.476239669421487,1.4915807809551458,42,35,100,0.3183856502242152,0.5112107623318386,0.6367713004484304,1
18,20,79,8749.5,10900.0,22128.5,375,0.062218666666666665,0.07751111111111111,0.15735822222222223,27.00462962962963,27.25,3.5456657586925173,51,50,141,0.5013333333333333,0.44266666666666665,0.5546666666666666,1
19,23,95,10745.0,10963.0,26324.0,407,0.0648660722370796,0.06618210795114972,0.15891433090450288,29.764542936288088,20.72400756143667,2.916786703601108,60,54,151,0.4398034398034398,0.24324324324324326,0.48402948402948404,1
18,20,83,10827.0,12372.0,27850.0,347,0.08991852768480761,0.10274979445058094,0.23129500286523433,33.416666666666664,30.93,4.042676731020467,60,60,153,0.40057636887608067,0.1729106628242075,0.5389048991354467,1
17,22,67,7993.0,10501.0,24623.0,339,0.06955212711340834,0.09137581469009146,0.2142602309412553,27.657439446366784,21.696280991735538,5.485186010247271,56,54,148,0.4749262536873156,0.1710914454277286,0.56047197640118,1
18,21,81,10387.0,12857.0,27994.0,343,0.08828804324728642,0.10928269683550221,0.23794507390628056,32.05864197530864,29.15419501133787,4.266727632982777,53,53,158,0.5422740524781341,0.41690962099125367,0.565597667638484,1
18,21,87,9283.0,9424.0,24272.0,303,0.10111209140716051,0.10264788855123136,0.2643749523467198,28.651234567901234,21.369614512471657,3.2067644338750165,43,43,146,0.49504950495049505,0.5148514851485149,0.6666666666666666,1
18,23,83,7374.0,9228.0,17033.0,303,0.08031892298140705,0.10051302159918962,0.18552647343942316,22.75925925925926,17.44423440453686,2.4724923791551747,41,38,110,0.46204620462046203,0.46204620462046203,0.46204620462046203,1
18,21,61,6073.0,7272.0,15515.0,279,0.07801801107385568,0.09342120476355648,0.19931655554270886,18.743827160493826,16.489795918367346,4.16957807041118,40,29,105,0.3118279569892473,0.25089605734767023,0.6236559139784946,1
22,25,71,5924.0,7702.0,12708.0,311,0.06124833283361421,0.07963110389677526,0.13138821972477538,12.239669421487603,12.3232,2.520928387224757,34,31,89,0.4340836012861736,0.09967845659163987,0.38263665594855306,1
22,25,81,6674.0,11985.0,17451.0,335,0.059469815103586544,0.10679438627756739,0.1555001113833816,13.789256198347108,19.176,2.6598079561042525,42,46,98,0.3253731343283582,0.3283582089552239,0.6,1
21,23,94,6339.0,9231.0,12468.0,315,0.06388510959939532,0.09303099017384732,0.1256538170823885,14.374149659863946,17.449905482041586,1.4110457220461747,31,31,82,0.2857142857142857,0.09841269841269841,0.44126984126984126,1
19,23,80,4522.0,9774.0,22463.0,355,0.03588176949018052,0.07755604046816109,0.17824241221979767,12.526315789473685,18.476370510396976,3.50984375,42,36,126,0.3183098591549296,0.3323943661971831,0.4084507042253521,1
18,22,67,9014.5,12142.0,20664.5,287,0.10944044482754434,0.1474098265124015,0.2508771503842465,27.82253086419753,25.08677685950413,4.6033637781243035,55,49,131,0.5993031358885017,0.5052264808362369,0.5853658536585366,1
18,22,99,8924.0,9758.0,17682.0,303,0.09720179938785958,0.10628587611236372,0.19259549717347973,27.54320987654321,20.16115702479339,1.8041016222834405,44,39,121,0.5115511551155115,0.45874587458745875,0.594059405940594,1
18,21,112,6099.5,11526.0,20176.0,343,0.051844894559239775,0.09796938350517216,0.17149317036268902,18.825617283950617,26.13605442176871,1.6084183673469388,48,50,129,0.21865889212827988,0.21282798833819241,0.39941690962099125,1
19,22,72,6183.0,9589.0,22046.0,367,0.04590575325379207,0.07119363867873398,0.1636807757129387,17.127423822714682,19.81198347107438,4.252700617283951,49,46,138,0.33242506811989103,0.3024523160762943,0.5367847411444142,1
18,20,119,8182.5,11054.5,19055.5,319,0.08040899755309008,0.10863199064474602,0.18725739723469698,25.25462962962963,27.63625,1.3456323705952968,56,53,130,0.438871473354232,0.3072100313479624,0.5235109717868338,1
19,22,124,9148.0,8852.0,11701.0,247,0.1499450900686784,0.14509334688324674,0.19179137504302643,25.34072022160665,18.289256198347108,0.7609911550468262,30,1,101,0.1214574898785425,0.004048582995951417,0.42105263157894735,1
18,21,128,7085.5,10716.0,18921.5,351,0.057511708508859505,0.08697981347553997,0.15358235728606098,21.868827160493826,24.299319727891156,1.154876708984375,46,42,133,0.3162393162393162,0.13105413105413105,0.5014245014245015,1
20,18,103,7384.0,7179.0,12146.0,287,0.08964537629447972,0.08715657589627165,0.14745838847139092,18.46,22.15740740740741,1.144876991233858,37,35,104,0.26480836236933797,0.34146341463414637,0.49477351916376305,1
20,23,116,9395.5,8171.0,13675.0,287,0.11406597142128713,0.09919994172564921,0.16602119729509887,23.48875,15.446124763705104,1.0162752675386444,39,38,110,0.42160278745644597,0.49825783972125437,0.3832752613240418,1
18,21,89,8412.0,10076.5,15041.0,255,0.12936562860438294,0.15496347558631296,0.23131103421760862,25.962962962962962,22.849206349206348,1.898876404494382,47,43,118,0.41568627450980394,0.41568627450980394,0.592156862745098,1
18,19,120,5904.0,9514.0,13538.0,311,0.06104155250669451,0.0983654015156998,0.1399696032919428,18.22222222222222,26.354570637119114,0.9401388888888889,37,36,114,0.4565916398713826,0.4180064308681672,0.5048231511254019,1
18,17,105,9713.0,10714.0,20592.0,359,0.0753640955610214,0.08313095025643812,0.1597752965914293,29.978395061728396,37.07266435986159,1.8677551020408163,50,44,119,0.4233983286908078,0.29526462395543174,0.5515320334261838,1
19,21,77,8990.0,9843.0,20143.0,415,0.05219915807809551,0.057151981419654524,0.11695746842792858,24.90304709141274,22.31972789115646,3.3973688649013325,58,39,127,0.40963855421686746,0.236144578313253,0.39759036144578314,1
20,23,164,7212.5,8247.0,12407.5,287,0.08756328230280809,0.1001226189464483,0.15063312654032462,18.03125,15.589792060491494,0.4613139500297442,30,31,106,0.1916376306620209,0.2264808362369338,0.3902439024390244,1
18,21,132,6906.0,8102.5,12527.0,279,0.0887193124445986,0.10409038938348684,0.16093061497154457,21.314814814814813,18.373015873015873,0.7189508723599632,43,44,111,0.3870967741935484,0.5304659498207885,0.4874551971326165,1
18,19,125,7276.0,11261.0,19086.0,367,0.054020744084520636,0.08360742154147703,0.1417042223195658,22.45679012345679,31.193905817174514,1.221504,47,43,122,0.4359673024523161,0.2506811989100817,0.3923705722070845,1
18,22,99,7450.0,9620.0,13628.0,339,0.06482714212371977,0.08370967882284353,0.11858581112242322,22.993827160493826,19.876033057851238,1.3904703601673298,37,35,109,0.25663716814159293,0.37168141592920356,0.4336283185840708,1
19,20,110,9387.0,8494.5,13911.0,291,0.11085131257306834,0.10031175824565133,0.16427533921422752,26.002770083102494,21.23625,1.1496694214876033,43,43,114,0.27147766323024053,0.5189003436426117,0.5257731958762887,1
20,22,106,9158.5,11823.0,17631.5,307,0.09717344481108553,0.12544430179630553,0.18707360290294858,22.89625,24.427685950413224,1.569197223211107,47,47,128,0.3583061889250814,0.4755700325732899,0.5960912052117264,1
23,25,104,5751.0,12462.0,17392.0,351,0.04667981591058514,0.10115177636545158,0.14116768532722948,10.871455576559546,19.9392,1.6079881656804733,45,44,122,0.3162393162393162,0.35327635327635326,0.47293447293447294,1
19,22,99,5004.0,10984.0,20104.0,283,0.062480490454369514,0.13714742349136586,0.251020739427387,13.861495844875346,22.694214876033058,2.0512192633404753,49,46,134,0.3215547703180212,0.45229681978798586,0.5724381625441696,1
18,20,88,8524.0,11399.0,17840.0,295,0.09794886526860097,0.13098534903763287,0.20499856363114047,26.308641975308642,28.4975,2.303719008264463,36,36,123,0.49491525423728816,0.3864406779661017,0.5525423728813559,1
22,21,100,9123.0,9989.5,16993.0,291,0.10773373011655507,0.11796624980810336,0.20067075258912861,18.84917355371901,22.651927437641724,1.6993,45,42,119,0.3848797250859107,0.3333333333333333,0.41237113402061853,1
26,29,112,5934.5,9569.5,13476.5,287,0.07204773640568661,0.11617841663732716,0.16361131008024865,8.778846153846153,11.37871581450654,1.0743383290816326,27,37,108,0.26480836236933797,0.21602787456445993,0.40418118466898956,1
19,22,74,6868.0,9107.0,16323.0,303,0.0748074807480748,0.09919506802165365,0.17779302682743522,19.024930747922436,18.81611570247934,2.980825420014609,46,30,121,0.3102310231023102,0.3201320132013201,0.5775577557755776,1
21,22,89,6473.0,7831.0,11948.0,375,0.04603022222222222,0.05568711111111111,0.08496355555555556,14.678004535147393,16.179752066115704,1.5083954046206287,30,35,104,0.27466666666666667,0.09333333333333334,0.3893333333333333,1
21,22,126,8808.0,8814.0,13246.0,335,0.07848518601024727,0.07853865003341501,0.11803074181332145,19.972789115646258,18.210743801652892,0.8343411438649534,44,43,108,0.4716417910447761,0.3194029850746269,0.4716417910447761,1
18,23,104,10077.0,11691.0,18231.0,315,0.10155706727135298,0.11782312925170069,0.1837339380196523,31.10185185185185,22.100189035916824,1.6855584319526626,49,46,128,0.4888888888888889,0.346031746031746,0.46984126984126984,1
17,19,74,6272.0,8979.0,14965.0,287,0.0761451516954194,0.10900945744151319,0.18168242906918866,21.70242214532872,24.872576177285318,2.732834185536888,17,30,116,0.059233449477351915,0.25435540069686413,0.5749128919860628,1
24,24,92,8655.0,8261.0,11746.0,319,0.08505223022572499,0.08118041292833207,0.11542732481009424,15.026041666666666,14.34201388888889,1.3877599243856333,42,41,108,0.36363636363636365,0.4012539184952978,0.47335423197492166,1
19,22,113,5157.0,6599.0,6822.0,275,0.06819173553719009,0.08725950413223141,0.09020826446280991,14.285318559556787,13.634297520661157,0.5342626673976035,38,25,82,0.3927272727272727,0.24727272727272728,0.3709090909090909,1
