SrcIPF0,DstIPF0,DstPortF0,SrcIPF2,DstIPF2,DstPortF2,Events_F1,SrcIP_BurstIndex,DstIP_BurstIndex,DstPort_BurstIndex,SrcIP_Concentration,DstIP_Concentration,DstPort_Concentration,SrcIP_MaxCount,DstIP_MaxCount,DstPort_MaxCount,SrcIP_FractionOfMass,DstIP_FractionOfMass,DstPort_FractionOfMass,Attack
62,62,96,841.0,762.0,4008.0,101,0.08244289775512205,0.07469855896480737,0.3929026566022939,0.2187825182101977,0.19823100936524454,0.4348958333333333,14,12,67,0.4158415841584158,0.33663366336633666,0.8613861386138614,1
62,44,58,789.5,655.0,4105.0,93,0.0912822291594404,0.07573129841600185,0.47462134350792,0.2053850156087409,0.33832644628099173,1.2202734839476814,12,0,65,0.3225806451612903,0.0,0.9032258064516129,1
73,43,147,27801.0,25722.0,150534.0,455,0.13428812945296462,0.12424586402608381,0.7271295737229804,5.216926252580222,13.91130340724716,6.966264056643065,72,66,299,0.545054945054945,0.43736263736263736,1.0153846153846153,0
62,39,500,75028.0,68312.0,230933.0,799,0.11752487856378671,0.10700484491722287,0.36173658875847625,19.51821019771072,44.91255752794214,0.923732,98,98,425,0.3191489361702128,0.3379224030037547,0.7847309136420526,0
62,42,182,26128.5,17726.5,46826.0,487,0.11016827662974503,0.0747420615679115,0.19743727046958076,6.797216441207076,10.049036281179138,1.413657770800628,58,70,158,0.12525667351129363,0.1457905544147844,0.5934291581108829,0
64,52,175,7966.0,4724.0,5078.0,271,0.1084680219495922,0.06432374286842499,0.06914393867185904,1.94482421875,1.7470414201183433,0.16581224489795918,33,39,50,0.3726937269372694,0.4612546125461255,0.22878228782287824,0
62,38,338,6493.5,6005.5,3367.5,259,0.09680088251516823,0.08952609531760111,0.050200503868457536,1.6892559833506764,4.15893351800554,0.029476383880116242,39,45,49,0.5482625482625483,0.4594594594594595,0.2702702702702703,1
71,42,359,5906.0,5998.0,4195.0,239,0.10339454841476865,0.10500516447541185,0.07344059102606747,1.171592937909145,3.4002267573696145,0.03254940604123183,40,34,43,0.4560669456066946,0.26778242677824265,0.18410041841004185,0
64,45,463,5699.0,6252.5,3345.5,235,0.10319601629696695,0.11321865097329108,0.06057944771389769,1.391357421875,3.0876543209876544,0.015606267697288321,35,30,48,0.4808510638297872,0.20851063829787234,0.43829787234042555,0
62,37,291,6359.0,5078.0,3695.0,227,0.12340623726445303,0.09854644957208562,0.07170719400725804,1.6542663891779397,3.7092768444119795,0.043634345366729256,36,39,47,0.45374449339207046,0.3920704845814978,0.5462555066079295,0
61,40,276,7953.0,6869.0,4889.0,271,0.10829100910935309,0.09353086150787707,0.066570444302229,2.137328675087342,4.293125,0.06418031926065952,40,38,48,0.36900369003690037,0.46863468634686345,0.2029520295202952,0
64,60,358,6452.0,5997.0,2498.0,207,0.1505752759691008,0.13995659175243297,0.058297743237881866,1.5751953125,1.6658333333333333,0.019490652601354515,48,36,33,0.642512077294686,0.6666666666666666,0.38164251207729466,0
62,38,395,5728.5,4915.0,2635.0,239,0.10028710981950596,0.08604541237023161,0.046130144780378496,1.4902445369406867,3.4037396121883656,0.016888319179618652,36,35,20,0.5397489539748954,0.3891213389121339,0.21338912133891214,0
71,41,495,6794.5,4962.0,3447.0,235,0.12303304662743322,0.08985061113626075,0.06241738343141693,1.3478476492759373,2.9518143961927423,0.014067952249770432,39,28,25,0.39574468085106385,0.32340425531914896,0.10638297872340426,0
64,43,239,7335.0,5387.0,2886.0,223,0.14749944700275494,0.10832713306119165,0.05803454724607372,1.790771484375,2.913466738777718,0.05052432555452461,19,19,46,0.15695067264573992,0.22869955156950672,0.39461883408071746,0
62,38,261,11996.0,4920.5,5835.0,251,0.1904096760368883,0.07810193488992238,0.09261757749876987,3.120707596253902,3.4075484764542936,0.08565640551371824,49,15,70,0.549800796812749,0.08366533864541832,0.6055776892430279,0
64,48,255,3840.0,3412.0,4063.5,179,0.11984644674011423,0.106488561530539,0.12682188446053494,0.9375,1.4809027777777777,0.06249134948096886,40,31,37,0.547486033519553,0.4748603351955307,0.20670391061452514,1
62,41,182,7600.0,6072.5,4508.0,279,0.09763492247016353,0.07801158772369317,0.057912925065197005,1.9771071800208118,3.6124330755502676,0.13609467455621302,43,34,46,0.37992831541218636,0.3978494623655914,0.30824372759856633,0
62,38,350,6351.0,5971.0,3252.0,191,0.17409062251583016,0.16367424138592693,0.08914229324854034,1.652185223725286,4.1350415512465375,0.026546938775510204,38,33,43,0.49214659685863876,0.5392670157068062,0.4031413612565445,0
72,44,254,6436.0,3648.0,3960.0,191,0.17642060250541378,0.09999725884707107,0.10854965598530741,1.2415123456790123,1.884297520661157,0.06138012276024552,38,29,48,0.4293193717277487,0.6230366492146597,0.5287958115183246,1
62,42,249,8263.0,5955.0,3227.0,231,0.15485092108468732,0.1115983583516051,0.06047487865669684,2.1495837669094695,3.3758503401360542,0.052047547620199676,42,40,32,0.47186147186147187,0.43722943722943725,0.36796536796536794,0
62,58,328,8107.0,4873.0,4669.0,295,0.09315713875323182,0.055995403619649525,0.05365124964090778,2.109001040582726,1.4485731272294886,0.043398646638905414,30,25,44,0.31186440677966104,0.2271186440677966,0.26440677966101694,1
62,31,559,5112.5,5227.0,4686.5,251,0.08114950556340375,0.0829669370327455,0.07438770813161696,1.3299947970863684,5.439125910509886,0.014997711860881141,42,31,49,0.3745019920318725,0.3745019920318725,0.3784860557768924,1
62,41,333,6899.5,3408.5,5288.0,239,0.12078745120008404,0.05967157437719928,0.0925754100943611,1.7948751300728407,2.0276621058893514,0.04768732696660625,21,28,37,0.08786610878661087,0.200836820083682,0.41422594142259417,1
62,42,263,8426.0,4424.0,4943.0,227,0.16351957150342525,0.08585456733101748,0.09592656562324128,2.191987513007284,2.507936507936508,0.07146264945278955,52,28,46,0.2290748898678414,0.42290748898678415,0.3744493392070485,1
64,45,279,7705.0,3019.0,2233.0,223,0.1549397735727644,0.060709043013131174,0.044903376299543524,1.881103515625,1.4908641975308643,0.02868668182577305,32,29,32,0.23766816143497757,0.23766816143497757,0.21076233183856502,1
72,44,421,9883.0,4286.0,4249.0,271,0.13457060769869691,0.058359771789599814,0.057855966013534675,1.9064429012345678,2.2138429752066116,0.02397300850254738,29,35,44,0.41697416974169743,0.36900369003690037,0.2730627306273063,1
64,54,348,5756.5,5070.0,5128.0,235,0.10423721140787687,0.09180624717066546,0.09285649615210502,1.4053955078125,1.7386831275720165,0.04234377064341392,30,24,34,0.4553191489361702,0.2765957446808511,0.14468085106382977,1
62,39,263,5732.0,5769.0,5182.0,303,0.062433966168894114,0.06283697676698363,0.05644326808918516,1.4911550468262227,3.7928994082840237,0.07491795457502638,32,36,46,0.30033003300330036,0.42244224422442245,0.37623762376237624,0
61,36,291,5084.0,3681.0,3993.5,219,0.10600279393674027,0.07674985926064928,0.08326556994224474,1.3662993818865896,2.8402777777777777,0.047159339166991415,44,40,39,0.5296803652968036,0.5251141552511416,0.4703196347031963,0
62,41,291,6392.0,5494.5,2994.0,227,0.1240466533408372,0.10662927671796464,0.0581032040210367,1.6628511966701354,3.2685901249256397,0.03535621922273001,29,35,0,0.4977973568281938,0.4977973568281938,0.0,0
64,46,280,6143.0,4461.0,3348.0,271,0.08364537519913945,0.06074263694666467,0.04558761454773219,1.499755859375,2.1082230623818528,0.04270408163265306,40,31,36,0.33579335793357934,0.3173431734317343,0.3837638376383764,1
87,79,240,6115.5,4703.5,1788.5,283,0.0763588008340721,0.05872841463871443,0.02233140631047959,0.8079667063020214,0.7536452491587886,0.031050347222222222,34,26,36,0.38162544169611307,0.4204946996466431,0.2826855123674912,1
62,42,280,5560.0,5326.0,3114.0,283,0.06942276717152168,0.06650101761790009,0.03888174405973355,1.4464099895941727,3.0192743764172336,0.03971938775510204,44,26,30,0.3957597173144876,0.2579505300353357,0.12014134275618374,1
62,40,185,6312.5,4714.0,5195.5,251,0.10019682227266234,0.07482420913953747,0.08246694496912747,1.6421696149843912,2.94625,0.15180423666910153,28,34,47,0.40239043824701193,0.41434262948207173,0.2589641434262948,1
62,36,285,4989.0,3894.0,3599.0,247,0.08177482010850858,0.06382664852726647,0.05899129636610992,1.2978668054110303,3.0046296296296298,0.04430901815943367,26,27,48,0.41700404858299595,0.15384615384615385,0.3967611336032389,1
64,38,439,6697.0,4634.5,4832.5,251,0.10629990000158727,0.07356232440754909,0.07670513166457675,1.635009765625,3.2094875346260388,0.02507510857664707,28,25,41,0.3745019920318725,0.35856573705179284,0.398406374501992,1
62,44,326,7056.5,4716.5,3127.0,239,0.12353600252096426,0.0825703331524308,0.054743439365557325,1.8357180020811654,2.4362086776859506,0.029423388159132823,40,28,41,0.502092050209205,0.401673640167364,0.41422594142259417,1
64,63,244,6784.0,4019.0,3431.0,251,0.10768083046300853,0.06379263821209187,0.05445945302455517,1.65625,1.0125976316452507,0.05762899758129535,41,28,28,0.24302788844621515,0.5099601593625498,0.35856573705179284,1
72,39,250,7433.0,3836.0,2718.0,235,0.1345948392937981,0.06946129470348573,0.04921684019918515,1.4338348765432098,2.522024983563445,0.043488,27,31,43,0.2851063829787234,0.26382978723404255,0.1829787234042553,1
62,37,223,6937.0,3992.0,3842.0,295,0.07971272622809537,0.045871875897730535,0.04414823326630279,1.804630593132154,2.9159970781592404,0.07725874238371976,42,33,46,0.29152542372881357,0.2542372881355932,0.2271186440677966,1
62,38,193,8295.0,3086.0,3285.0,271,0.11294780844487412,0.04202012499829795,0.04472978309118884,2.1579084287200834,2.1371191135734073,0.08819028698757013,31,36,46,0.4022140221402214,0.3726937269372694,0.2656826568265683,1
64,39,537,6917.0,5388.0,2389.0,251,0.10979190806495134,0.08552245202457104,0.037920033015348964,1.688720703125,3.5424063116370808,0.008284524342075604,38,25,35,0.35856573705179284,0.199203187250996,0.33067729083665337,0
64,63,213,5295.0,4309.5,1398.0,207,0.12357347896100258,0.10057410908072534,0.03262619897780578,1.292724609375,1.0857898715041572,0.03081399193281756,22,0,30,0.3719806763285024,0.0,0.34782608695652173,1
72,43,315,8031.0,5057.0,2312.0,255,0.12350634371395618,0.07777008842752788,0.035555555555555556,1.5491898148148149,2.7349918875067605,0.02330057949105568,29,33,42,0.2980392156862745,0.30980392156862746,0.35294117647058826,1
62,43,361,10272.5,5770.0,4814.0,279,0.13196772908878354,0.07412546087537417,0.06184401536465359,2.6723465140478666,3.120605732828556,0.03693955694017081,47,22,28,0.3548387096774194,0.14336917562724014,0.1935483870967742,1
62,38,499,8489.0,6024.0,5597.0,271,0.11558938467613458,0.08202502689233535,0.0762108359090971,2.2083766909469302,4.17174515235457,0.022477821374211348,32,39,43,0.42435424354243545,0.3210332103321033,0.39114391143911437,1
64,43,297,8530.0,5241.0,4411.0,275,0.11279338842975206,0.06930247933884298,0.05832727272727273,2.08251953125,2.834505137912385,0.050006235191420376,30,32,44,0.4727272727272727,0.3890909090909091,0.41818181818181815,1
62,38,295,12825.0,10130.5,11461.5,339,0.11159840238076592,0.08815186084353599,0.09973373012765291,3.33636836628512,7.015581717451523,0.13170353346739444,45,51,68,0.28023598820059,0.44542772861356933,0.4749262536873156,1
64,57,185,11187.0,7285.0,12994.0,311,0.11566257586253244,0.07531973408049958,0.13434517839972704,2.731201171875,2.24222837796245,0.379663988312637,50,13,68,0.2990353697749196,0.04180064308681672,0.44694533762057875,1
72,43,308,8408.0,5829.0,4698.5,319,0.08262497420426293,0.05728127671701339,0.04617191261878323,1.6219135802469136,3.1525148729042725,0.049528799122954964,43,39,39,0.4670846394984326,0.43260188087774293,0.329153605015674,1
62,43,204,13183.5,6338.0,7364.0,255,0.2027450980392157,0.09747020376778162,0.11324875048058439,3.429630593132154,3.427798810167658,0.17695117262591312,33,31,48,0.23921568627450981,0.3176470588235294,0.6196078431372549,1
62,36,323,12582.5,6169.0,12227.5,327,0.11767153905862769,0.0576924875384601,0.11435157908518737,3.2732830385015608,4.760030864197531,0.11720135341084453,77,45,67,0.5321100917431193,0.2599388379204893,0.363914373088685,1
64,48,258,16377.0,8378.0,10565.0,295,0.1881873024992818,0.09627118644067796,0.12140189600689458,3.998291015625,3.6362847222222223,0.15871942791899527,44,38,60,0.4847457627118644,0.33559322033898303,0.5898305084745763,1
64,63,336,15485.0,11010.0,15347.0,415,0.08991145304107999,0.06392800116127159,0.08911017564232834,3.780517578125,2.7739984882842026,0.13593927154195012,61,35,60,0.3469879518072289,0.1927710843373494,0.40481927710843374,1
62,42,420,10828.0,6431.0,5808.0,287,0.13145722298437518,0.07807548956524907,0.07051196445264601,2.816857440166493,3.6456916099773244,0.03292517006802721,44,0,41,0.2682926829268293,0.0,0.30313588850174217,1
71,43,212,13927.0,7375.0,14590.0,383,0.09494236104956745,0.050276435179188624,0.0994621273578796,2.7627454870065464,3.9886425094645754,0.324626201495194,48,19,66,0.3133159268929504,0.04960835509138381,0.36553524804177545,1
62,37,345,11927.0,7283.0,12002.0,263,0.17243273720886523,0.10529283349477367,0.17351703797944165,3.1027575442247657,5.319941563184806,0.10083595883217811,44,41,66,0.5665399239543726,0.2965779467680608,0.6501901140684411,1
62,44,278,11804.0,5618.0,12304.0,351,0.09581091062572544,0.04560027921851283,0.09986931924253861,3.0707596253902185,2.9018595041322315,0.15920501009264532,48,32,61,0.29914529914529914,0.1623931623931624,0.4672364672364672,1
64,46,422,7913.5,7784.0,6843.0,307,0.08396375558361362,0.08258973570011353,0.07260554488641789,1.9320068359375,3.678638941398866,0.03842568675456526,42,41,56,0.3485342019543974,0.3517915309446254,0.3289902280130293,1
64,64,278,15849.0,7652.0,14562.0,383,0.10804491134304549,0.05216478399880018,0.09927124733279251,3.869384765625,1.8681640625,0.18842192433103877,42,50,72,0.1618798955613577,0.23237597911227154,0.47780678851174935,1
62,42,388,10048.0,6121.0,6777.0,303,0.10944460782711934,0.06667102353799736,0.07381629252034114,2.6139438085327784,3.4699546485260773,0.045016739292167075,46,38,51,0.38613861386138615,0.2838283828382838,0.48184818481848185,1
72,44,337,10467.5,7227.0,10121.5,259,0.15604269465273327,0.10773542433774094,0.15088475127085166,2.0191936728395063,3.7329545454545454,0.08912203154029709,40,24,58,0.2972972972972973,0.16216216216216217,0.44787644787644787,1
62,42,410,11334.0,4750.0,8294.0,279,0.1456045014837939,0.061021826543852214,0.10655053249572848,2.9484911550468262,2.6927437641723357,0.04933967876264129,40,44,55,0.48028673835125446,0.4014336917562724,0.5663082437275986,1
72,48,254,12084.0,7883.5,13392.0,351,0.09808361945114082,0.06398892866129334,0.10870041639272408,2.3310185185185186,3.421657986111111,0.20757641515283032,33,44,79,0.32193732193732194,0.301994301994302,0.33048433048433046,0
64,63,429,12442.0,10119.0,13533.0,279,0.15983864544391774,0.12999576058889276,0.1738543954985162,3.03759765625,2.549508692365835,0.07353252807798262,48,49,73,0.4982078853046595,0.6415770609318996,0.6666666666666666,1
62,42,322,10329.0,7582.0,7103.0,279,0.13269356765714727,0.09740368186431315,0.09125011240862785,2.687044745057232,4.298185941043084,0.06850623046950349,24,33,46,0.18996415770609318,0.2222222222222222,0.3154121863799283,1
62,41,148,16681.0,6180.0,12704.0,351,0.13539662827412116,0.05016193050381085,0.10311604613598915,4.3394901144641,3.6763831052944678,0.5799853907962016,71,48,68,0.5356125356125356,0.13675213675213677,0.5299145299145299,1
62,44,274,10031.0,9288.0,10987.0,359,0.07783148796176317,0.07206647993109923,0.08524918335518812,2.60952133194589,4.797520661157025,0.1463450370291438,51,44,72,0.2924791086350975,0.32590529247910865,0.23119777158774374,0
71,40,370,8205.5,5658.5,7050.5,299,0.09178308967461214,0.06329347546448026,0.07886377109875728,1.627752430073398,3.5365625,0.05150109569028488,46,27,53,0.5150501672240803,0.15384615384615385,0.3010033444816054,0
64,45,237,12771.5,8983.5,12049.0,319,0.12550485942551665,0.08828038246479496,0.11840488988905376,3.1180419921875,4.436296296296296,0.21451334365931385,57,32,65,0.18495297805642633,0.10344827586206896,0.3761755485893417,1
64,51,698,10829.0,9061.0,9162.0,307,0.11489777079862916,0.096138951076404,0.09721058048361256,2.643798828125,3.4836601307189543,0.018805264324595037,51,33,57,0.504885993485342,0.36807817589576547,0.511400651465798,0
62,42,354,9841.0,6483.5,9053.0,347,0.0817297710304047,0.05384564276756721,0.07518540972850866,2.5600936524453695,3.675453514739229,0.07224137380701587,52,47,59,0.4956772334293948,0.3371757925072046,0.3631123919308357,0
62,42,197,10855.0,8162.0,11426.0,263,0.15693446486142637,0.11800083852592924,0.1651896080614148,2.8238813735691988,4.626984126984127,0.29441624365482233,45,31,61,0.5779467680608364,0.20532319391634982,0.6197718631178707,0
62,41,202,10113.5,10116.5,14986.0,251,0.1605291979492389,0.16057681624101205,0.23786924017079095,2.6309833506763787,6.018143961927424,0.3672679149103029,57,53,67,0.5737051792828686,0.6693227091633466,0.7370517928286853,1
71,42,163,10212.0,9230.0,15073.0,319,0.1003527874136457,0.09070272501252936,0.14812157899391712,2.0257885340210278,5.232426303854876,0.5673152922578946,52,37,72,0.4952978056426332,0.26959247648902823,0.5642633228840125,0
65,51,355,8454.5,10736.5,9431.0,275,0.11179504132231405,0.1419702479338843,0.12470743801652892,2.0010650887573966,4.127835447904652,0.07483435826224956,45,43,60,0.5381818181818182,0.5636363636363636,0.5054545454545455,0
62,41,409,13145.5,9633.0,11630.0,323,0.12600044091288137,0.09233290839555637,0.1114742784844099,3.41974505723205,5.73051754907793,0.06952373551090679,46,38,60,0.44272445820433437,0.44891640866873067,0.4582043343653251,1
62,42,257,10617.0,9758.0,11101.0,359,0.08237831798325587,0.07571325486301317,0.08613372025356725,2.7619667013527573,5.531746031746032,0.16807218882950536,35,37,61,0.37047353760445684,0.2479108635097493,0.3064066852367688,1
62,42,166,13611.0,7696.0,13153.0,291,0.16073263187728062,0.09088225221714434,0.15532409867620836,3.5408428720083247,4.36281179138322,0.4773189142110611,49,34,62,0.436426116838488,0.29553264604810997,0.5085910652920962,1
62,42,185,11548.5,4404.0,11140.0,295,0.13270324619362253,0.05060614765871876,0.12800919276070094,3.004292403746098,2.496598639455782,0.3254930606281958,44,44,54,0.5254237288135594,0.43050847457627117,0.2677966101694915,1
88,85,284,10735.0,9897.0,13426.0,335,0.09565604811762085,0.0881889062151927,0.11963466250835375,1.3862345041322315,1.369826989619377,0.1664600277722674,52,34,78,0.4746268656716418,0.2716417910447761,0.41194029850746267,0
62,39,441,10392.0,7325.0,8013.0,279,0.1335029097776236,0.09410207988078262,0.10294060970439743,2.7034339229968785,4.815910585141355,0.04120196831567094,36,39,49,0.32616487455197135,0.2939068100358423,0.5663082437275986,1
62,37,261,8354.5,6373.0,8158.0,319,0.08209923251540374,0.0626271361327031,0.08016823734043495,2.1733870967741935,4.655222790357925,0.11975749034805713,37,35,48,0.3510971786833856,0.3761755485893417,0.3072100313479624,0
62,39,349,7260.0,5949.5,5064.5,239,0.1270986152203218,0.1041560897043119,0.08866266346877681,1.8886576482830384,3.911571334648258,0.041580118389832596,35,36,42,0.40585774058577406,0.32217573221757323,0.45188284518828453,1
62,40,218,7182.0,7176.0,5126.0,239,0.12573309290803733,0.12562805273016928,0.08973932529192416,1.868366285119667,4.485,0.10786129113710967,38,43,57,0.2803347280334728,0.4309623430962343,0.401673640167364,0
61,38,203,5868.0,5589.0,3728.0,219,0.12234940889472697,0.11653218239819854,0.07772982214716123,1.5769954313356624,3.8704986149584486,0.09046567497391346,35,33,55,0.593607305936073,0.6621004566210046,0.4246575342465753,1
88,79,278,7005.0,7191.5,3232.0,259,0.10442599245688049,0.10720621338381957,0.04818055783306749,0.9045712809917356,1.1522993110078512,0.0418197815848041,37,36,48,0.5444015444015444,0.40540540540540543,0.24324324324324326,0
62,43,401,5910.5,5460.0,3669.0,271,0.08047956863332471,0.07434539290042347,0.049958470064405444,1.5375910509885535,2.952947539210384,0.02281702228219974,28,19,44,0.4354243542435424,0.14760147601476015,0.3874538745387454,1
62,41,209,6129.5,2772.5,1919.0,219,0.12780175559308604,0.05780738516711495,0.04001167615354142,1.5945629552549427,1.6493158834027364,0.043932144410613314,40,33,14,0.593607305936073,0.45662100456621,0.1324200913242009,1
62,44,246,6465.0,5622.0,3568.0,247,0.10596797193856644,0.09215033847465127,0.0584831746135816,1.6818418314255983,2.9039256198347108,0.05895961398638377,11,23,49,0.044534412955465584,0.0931174089068826,0.4898785425101215,1
62,38,481,6358.0,4649.0,1682.0,207,0.14838152582323974,0.10849728115008518,0.03925412495040725,1.654006243496358,3.2195290858725762,0.007270023902040534,34,31,40,0.7101449275362319,0.5217391304347826,0.3333333333333333,1
64,63,835,8092.0,5108.0,3331.0,231,0.15164633346451528,0.09572534247858923,0.062423867618672815,1.9755859375,1.2869740488788108,0.0047775108465703325,37,31,47,0.44155844155844154,0.39826839826839827,0.38095238095238093,1
75,58,327,9588.0,3847.0,4751.0,295,0.11017523700086182,0.04420568802068371,0.05459350761275496,1.7045333333333332,1.143579072532699,0.044431351644549186,37,34,54,0.376271186440678,0.2542372881355932,0.2440677966101695,1
62,43,212,9682.5,8294.0,4633.5,255,0.14890426758938868,0.12755094194540562,0.07125720876585928,2.5188605619146722,4.485667928610059,0.10309496262014951,25,29,50,0.25098039215686274,0.23529411764705882,0.24705882352941178,1
62,42,316,10805.0,6098.0,3615.0,251,0.17150521420294915,0.09679211441088237,0.057380041586641485,2.8108740894901145,3.4569160997732427,0.036202131068738985,36,8,51,0.4820717131474104,0.03187250996015936,0.2350597609561753,1
62,44,205,6847.0,4826.5,2967.5,223,0.13768625952663435,0.09705604375716383,0.059673429990548775,1.7812174817898023,2.4930268595041323,0.07061273051754907,28,31,46,0.5112107623318386,0.6143497757847534,0.2062780269058296,1
62,44,231,8652.5,4306.0,1567.5,235,0.15667722951561794,0.07797193300135809,0.02838388411045722,2.2509105098855358,2.2241735537190084,0.02937538651824366,28,26,0,0.49361702127659574,0.33617021276595743,0.0,1
88,79,369,7612.5,4181.0,3742.0,311,0.07870576193380961,0.04322742734256263,0.03868859916667528,0.9830191115702479,0.6699246915558404,0.0274821718406886,33,24,55,0.3890675241157556,0.15112540192926044,0.3054662379421222,0
62,41,311,11239.0,5592.0,2875.0,267,0.15765405602547378,0.07844127424988427,0.04032880248004601,2.923777315296566,3.326591314693635,0.029724671994706423,32,28,40,0.42696629213483145,0.4606741573033708,0.23595505617977527,1
62,42,314,13516.0,3960.0,3825.0,267,0.18959446758967022,0.055548541850776414,0.05365484156040904,3.5161290322580645,2.2448979591836733,0.03879467726885472,31,27,47,0.47191011235955055,0.10112359550561797,0.3295880149812734,1
62,47,353,12389.0,6642.0,5120.0,327,0.11586192707310458,0.06211598350307213,0.04788223961694208,3.2229448491155046,3.0067904028972388,0.04108852490590567,38,31,46,0.41284403669724773,0.23853211009174313,0.22935779816513763,0
62,38,260,9716.5,5605.0,4368.5,331,0.08868575496755232,0.05115871523626108,0.039872764943729974,2.5277055150884493,3.8815789473684212,0.06462278106508876,29,45,51,0.19939577039274925,0.2326283987915408,0.24471299093655588,0
64,62,472,10329.0,6495.0,3132.0,263,0.14932990212378378,0.09390044673191748,0.04528040017927106,2.521728515625,1.689646201873049,0.01405846021258259,33,24,40,0.4714828897338403,0.17110266159695817,0.2623574144486692,1
64,45,324,13002.0,7917.0,5488.0,259,0.19382537529255675,0.11802149639987478,0.08181154127100074,3.17431640625,3.9096296296296296,0.05227861606462429,30,27,30,0.24324324324324326,0.2857142857142857,0.21235521235521235,1
68,42,380,14451.0,9920.0,3976.0,335,0.1287680997995099,0.08839385163733571,0.03542882601915794,3.1252162629757785,5.62358276643991,0.027534626038781162,56,50,49,0.44477611940298506,0.5194029850746269,0.14626865671641792,1
62,38,158,20716.5,14596.0,12000.5,375,0.14731733333333333,0.10379377777777778,0.08533688888888889,5.3893080124869925,10.10803324099723,0.48071222560487104,64,64,62,0.5493333333333333,0.41333333333333333,0.16533333333333333,0
62,43,465,20119.5,13650.5,9338.0,323,0.19284666775297377,0.13084089754526546,0.08950531491723299,5.234001040582727,7.382639264467279,0.04318649554861834,68,66,66,0.4179566563467492,0.3746130030959752,0.3560371517027864,0
62,41,469,13863.0,7835.0,4235.0,287,0.1683036093676019,0.09512073717053746,0.05141497408005439,3.6063995837669096,4.660916121356336,0.01925341310505044,39,33,50,0.4564459930313589,0.22996515679442509,0.17421602787456447,1
65,55,322,7167.0,6762.0,4447.0,255,0.11021914648212226,0.10399077277970012,0.06838908112264513,1.6963313609467456,2.235371900826446,0.04288993480189807,26,24,47,0.27058823529411763,0.16862745098039217,0.30196078431372547,1
72,42,434,10540.0,6248.0,3303.0,275,0.1393719008264463,0.08261818181818181,0.04367603305785124,2.033179012345679,3.5419501133786846,0.017535942576822613,41,32,45,0.5381818181818182,0.20363636363636364,0.16363636363636364,1
62,43,350,11806.0,5405.0,2264.0,215,0.25540292049756624,0.11692806922660898,0.04897782585181179,3.0712799167533817,2.9232017306652245,0.018481632653061224,36,21,34,0.34418604651162793,0.09767441860465116,0.15813953488372093,0
62,41,267,10610.0,7789.0,4648.0,307,0.11257413871765218,0.08264278666086643,0.04931617311589513,2.760145681581686,4.633551457465794,0.06519939962687091,40,27,57,0.36156351791530944,0.30618892508143325,0.2736156351791531,0
62,44,356,6758.0,5434.0,2710.0,223,0.13589655935168615,0.10927225562549016,0.054495364877636794,1.7580645161290323,2.8068181818181817,0.021383032445398308,32,32,48,0.34080717488789236,0.3901345291479821,0.30493273542600896,1
64,62,382,8481.0,6750.0,5069.0,227,0.1645869316307322,0.130994197442217,0.09837179064216267,2.070556640625,1.7559833506763787,0.03473726049176284,34,28,51,0.5198237885462555,0.4185022026431718,0.28193832599118945,0
64,43,187,14231.5,6320.0,6499.0,291,0.16806013155253244,0.07463303456501458,0.07674684994272624,3.4744873046875,3.4180638182801513,0.1858503245731934,42,40,61,0.44329896907216493,0.35051546391752575,0.29896907216494845,1
71,44,521,5514.0,5494.0,4694.0,307,0.05850459951829728,0.05829239567528568,0.049804241954821804,1.0938305891688158,2.8378099173553717,0.017292892378085845,35,20,55,0.31596091205211724,0.06514657980456026,0.3778501628664495,0
62,46,523,8088.0,5627.0,5599.0,239,0.14159415976611053,0.09851018014390504,0.09801999264718755,2.1040582726326744,2.6592627599243857,0.020469493179882205,32,24,56,0.5230125523012552,0.2928870292887029,0.2384937238493724,1
62,38,471,10106.0,5150.5,4289.0,223,0.2032214603149068,0.10357135675360454,0.08624746123992037,2.629032258064516,3.5668282548476453,0.019333666905576516,46,30,48,0.5022421524663677,0.4349775784753363,0.4484304932735426,1
62,43,190,7447.0,6086.0,2621.5,267,0.10446211898048788,0.08537081457167305,0.036772854157022826,1.9373048907388137,3.2915089237425637,0.07261772853185595,37,33,43,0.5243445692883895,0.5205992509363296,0.2546816479400749,1
64,62,261,11579.0,5750.0,3166.0,271,0.15766397516373687,0.07829414087498808,0.04310943478438475,2.826904296875,1.495837669094693,0.046476123368711555,44,29,6,0.34317343173431736,0.33210332103321033,0.03690036900369004,1
73,47,284,8625.0,4857.0,4712.0,267,0.12098640744013803,0.06813112822455077,0.06609715383860063,1.618502533308313,2.198732458125849,0.05842094822455862,30,32,53,0.32209737827715357,0.1198501872659176,0.19850187265917604,0
62,42,283,8387.0,4909.0,3563.0,239,0.14682866196320093,0.08594037219236358,0.06237635895730117,2.1818418314255985,2.7828798185941044,0.04448800709211003,29,23,43,0.40585774058577406,0.37656903765690375,0.20920502092050208,0
62,43,206,10401.0,6459.0,5119.0,287,0.126273233862254,0.07841542327817504,0.06214716701671746,2.705775234131113,3.4932395889670094,0.12062871147139222,46,31,58,0.3205574912891986,0.40418118466898956,0.28222996515679444,1
71,45,241,9777.0,6812.0,6317.5,319,0.096078065270585,0.06694116606558505,0.062081740548933284,1.9394961317198969,3.3639506172839506,0.10877051014961864,31,30,59,0.1724137931034483,0.1755485893416928,0.23197492163009403,0
64,63,356,9311.0,5245.0,3121.0,263,0.1346123263311599,0.07582876722231058,0.04512136939958652,2.273193359375,1.3214915595867978,0.024625994192652444,23,26,27,0.11406844106463879,0.18631178707224336,0.1596958174904943,1
64,58,422,10068.0,3051.0,11684.0,319,0.09893770698008078,0.029982016686156777,0.1148180540678649,2.4580078125,0.9069560047562426,0.06560948765750994,61,56,63,0.25391849529780564,0.23510971786833856,0.5768025078369906,1
62,44,332,7943.5,4532.0,3715.5,211,0.17842141910559062,0.10179465870038858,0.08345499876462793,2.0664672216441207,2.340909090909091,0.03370862969952097,34,26,0,0.5308056872037915,0.32701421800947866,0.0,1
72,43,309,8257.0,4833.0,4058.0,219,0.17216071391338797,0.10076937511728279,0.08461041262692605,1.5927854938271604,2.6138453217955653,0.04250060221405306,21,19,47,0.2009132420091324,0.0867579908675799,0.4383561643835616,1
62,44,235,8080.0,4205.0,3034.0,271,0.11002028839476587,0.05725684563118694,0.04131207363734154,2.1019771071800206,2.1720041322314048,0.054938886373924856,28,39,42,0.4575645756457565,0.3726937269372694,0.15867158671586715,1
62,42,344,7384.0,4260.0,2758.0,231,0.13837821630029423,0.07983358632709282,0.05168568804932441,1.9209157127991676,2.4149659863945576,0.023306517036235805,27,37,47,0.3722943722943723,0.27705627705627706,0.354978354978355,1
64,63,264,9204.0,3805.0,2952.0,307,0.09765620855393692,0.040371781132956315,0.031321287228511706,2.2470703125,0.9586797682035777,0.042355371900826444,31,27,44,0.38436482084690554,0.31921824104234525,0.26384364820846906,1
64,47,905,11346.0,6909.5,2750.0,287,0.13774599667350582,0.0838847139093591,0.03338634680523012,2.77001953125,3.1278859212313264,0.0033576508653582002,38,25,42,0.20209059233449478,0.14982578397212543,0.14634146341463414,1
62,36,241,9940.5,4226.0,2002.0,287,0.12068253833359638,0.051305709672328184,0.02430526047420753,2.5859781477627473,3.2608024691358026,0.03446910349339715,41,41,35,0.5296167247386759,0.3170731707317073,0.2264808362369338,0
71,42,218,7363.0,3386.0,4805.0,243,0.1246930515334722,0.05734220731934495,0.08137309691950753,1.4606228922832771,1.9195011337868482,0.10110680919114552,44,30,48,0.31275720164609055,0.12757201646090535,0.4609053497942387,1
62,39,402,7164.0,4408.0,3504.0,287,0.08697446855006132,0.05351527880634705,0.04254027607473686,1.8636836628511966,2.898093359631821,0.021682631618029257,52,39,48,0.5644599303135889,0.2857142857142857,0.2926829268292683,1
64,58,278,5811.0,4342.5,4194.0,255,0.08936562860438294,0.06678200692041522,0.06449826989619377,1.418701171875,1.290873959571938,0.05426737746493453,36,31,49,0.396078431372549,0.2235294117647059,0.403921568627451,0
62,36,400,4939.5,3853.5,2750.5,219,0.10298992931757052,0.08034653155688998,0.05734867913513063,1.2849895941727367,2.9733796296296298,0.017190625,26,26,40,0.2146118721461187,0.4246575342465753,0.2328767123287671,1
63,44,435,6289.0,5163.0,2002.0,223,0.1264654426994309,0.10382271913772648,0.04025819944097006,1.5845301083396321,2.666838842975207,0.010579997357643018,34,25,36,0.34977578475336324,0.30493273542600896,0.26905829596412556,0
71,43,240,4936.0,5544.0,2246.0,223,0.09925797824207203,0.11148424460576324,0.04516479317903035,0.9791707994445547,2.998377501352082,0.03899305555555556,35,35,40,0.34977578475336324,0.5650224215246636,0.27802690582959644,0
62,36,299,6492.0,4912.0,3157.0,251,0.10304598339708894,0.07796701639656513,0.050110315709274454,1.6888657648283039,3.7901234567901234,0.03531280410733661,31,30,46,0.250996015936255,0.13147410358565736,0.26294820717131473,0
64,59,320,6951.5,5091.5,3826.5,263,0.10050022408882592,0.07360956497853084,0.055321025314808654,1.6971435546875,1.4626544096523988,0.0373681640625,33,34,51,0.5285171102661597,0.4600760456273764,0.3041825095057034,0
62,43,507,6793.0,5145.0,2816.0,239,0.11892298804292642,0.09007195252183961,0.04929885681273087,1.7671696149843912,2.782585181179016,0.01095510972616116,36,25,50,0.497907949790795,0.3598326359832636,0.3263598326359833,0
64,45,593,7491.0,4919.0,3483.5,299,0.08379100904911578,0.05502175590877059,0.038964888535922414,1.828857421875,2.4291358024691356,0.009906184860471663,47,29,43,0.41471571906354515,0.09698996655518395,0.3076923076923077,0
62,42,357,7342.0,5803.0,3676.0,231,0.13759112460411163,0.1087498360225633,0.0688892636944585,1.9099895941727367,3.2896825396825395,0.02884290971290477,43,30,52,0.4935064935064935,0.3722943722943723,0.3852813852813853,0
62,42,330,5620.0,5983.5,3235.5,223,0.11301252790122464,0.12032214603149068,0.06506263950612319,1.462018730489074,3.3920068027210886,0.02971074380165289,25,27,50,0.1210762331838565,0.42152466367713004,0.49327354260089684,1
71,39,376,6332.5,4559.0,2200.0,175,0.20677551020408164,0.14886530612244897,0.07183673469387755,1.2561991668319779,2.997370151216305,0.015561339972838388,32,29,37,0.6228571428571429,0.6285714285714286,0.41714285714285715,0
66,86,344,5509.0,5740.0,2980.0,239,0.09644438997916703,0.10048843682708636,0.05216995500779048,1.264692378328742,0.7760951865873446,0.025182531097890752,31,31,43,0.2301255230125523,0.3389121338912134,0.3054393305439331,0
62,42,445,5889.0,4259.0,3241.0,215,0.12739859383450514,0.0921362898864251,0.07011357490535425,1.5319979188345474,2.4143990929705215,0.016366620376215123,31,26,54,0.6093023255813953,0.5116279069767442,0.4744186046511628,0
64,38,244,7825.0,4373.0,3980.0,231,0.1466426791102116,0.08195123779539364,0.07458630835254212,1.910400390625,3.028393351800554,0.06685030905670519,37,22,48,0.5714285714285714,0.09523809523809523,0.2813852813852814,0
62,42,333,5820.0,4752.0,2947.0,259,0.08676078174147672,0.0708397310713913,0.04393196285088177,1.514047866805411,2.693877551020408,0.026576125675224774,38,28,44,0.305019305019305,0.37065637065637064,0.38223938223938225,0
62,39,806,5524.5,4447.0,2752.0,219,0.11518733971351723,0.09272116928337608,0.05737995454640229,1.4371748178980228,2.923734385272847,0.00423621843617041,36,30,43,0.5753424657534246,0.45662100456621,0.3470319634703196,1
64,59,336,5531.0,4348.0,3060.0,207,0.12908119209316438,0.101472613129828,0.07141356857802983,1.350341796875,1.24906636024131,0.027104591836734693,33,28,46,0.2995169082125604,0.34299516908212563,0.30434782608695654,1
72,40,403,4832.0,4050.5,3970.5,247,0.07920142929731679,0.06639184382632071,0.06508056188431215,0.9320987654320988,2.5315625,0.02444753677443984,36,28,50,0.3441295546558704,0.3076923076923077,0.44534412955465585,0
62,35,343,6558.0,5516.0,1745.0,203,0.15913999369069864,0.13385425513844063,0.04234511878473149,1.706035379812695,4.502857142857143,0.01483225526778808,24,26,37,0.2561576354679803,0.2561576354679803,0.4630541871921182,0
64,46,631,5841.0,4163.0,4828.0,263,0.08444534401249114,0.06018592143879484,0.06980005493790571,1.426025390625,1.9673913043478262,0.012125748127013947,38,37,56,0.20152091254752852,0.2965779467680608,0.3840304182509506,1
62,44,507,5813.5,4008.5,1425.0,243,0.09845213297430948,0.06788429948009281,0.024132500127013158,1.51235691987513,2.0705061983471076,0.005543690113558116,37,45,20,0.4403292181069959,0.4403292181069959,0.13991769547325103,0
62,42,316,6417.0,6302.0,2902.0,255,0.09868512110726643,0.09691657054978854,0.044628988850442135,1.6693548387096775,3.572562358276644,0.029061849062650216,39,27,47,0.4549019607843137,0.35294117647058826,0.45098039215686275,0
64,59,339,6604.0,4279.5,2508.0,251,0.10482373295661973,0.06792749321439343,0.03980889192235044,1.6123046875,1.2293881068658432,0.021823687576683112,40,32,37,0.3187250996015936,0.5298804780876494,0.3426294820717131,0
62,38,253,5419.0,5573.0,2444.0,231,0.10155356908603662,0.1044395719720395,0.04580124060643541,1.4097294484911551,3.8594182825484764,0.03818213063787905,28,32,50,0.22943722943722944,0.5974025974025974,0.3852813852813853,0
72,45,306,8774.0,3346.0,2815.0,335,0.07818222321229673,0.029815103586544888,0.025083537536199598,1.6925154320987654,1.6523456790123456,0.03006322354649921,37,29,44,0.3522388059701492,0.09253731343283582,0.23880597014925373,1
62,41,234,6811.0,4991.0,2687.0,215,0.1473445105462412,0.10797187669010276,0.058128718226068146,1.7718522372528616,2.969066032123736,0.049072247790196505,31,30,46,0.5627906976744186,0.25116279069767444,0.4046511627906977,0
65,47,817,11598.5,4467.5,5318.5,295,0.13327779373743176,0.05133582303935651,0.061114622234989945,2.745207100591716,2.0224083295608875,0.007967921568744953,49,45,52,0.3525423728813559,0.3288135593220339,0.4610169491525424,1
79,67,433,11401.0,4487.0,4566.0,283,0.14235413102922997,0.056025171996154276,0.057011574623231656,1.8267905784329435,0.9995544664736021,0.024353428734485757,33,33,44,0.3674911660777385,0.3215547703180212,0.2508833922261484,0
80,43,272,6484.0,8714.0,5195.0,299,0.07252715294012371,0.09747094551515084,0.05810896969832552,1.013125,4.712817739318551,0.07021788494809689,33,46,55,0.4414715719063545,0.4682274247491639,0.18394648829431437,0
83,41,282,6869.0,4639.0,3109.5,223,0.13812865732268897,0.09328560799533471,0.06252890667417402,0.9970968210190159,2.7596668649613325,0.0391014033499321,35,34,43,0.35874439461883406,0.5246636771300448,0.2600896860986547,1
79,43,309,6053.0,4981.0,3420.0,239,0.1059680327725355,0.08720085432678,0.05987290138477968,0.9698766223361641,2.6938885884261765,0.03581864454708267,32,25,55,0.3389121338912134,0.27615062761506276,0.301255230125523,0
74,48,210,6883.0,5489.0,3270.0,235,0.12463558171118153,0.09939339067451336,0.059212313263920326,1.2569393718042368,2.3823784722222223,0.07414965986394557,35,28,51,0.3659574468085106,0.34893617021276596,0.3829787234042553,0
64,42,318,5998.0,5349.0,3014.0,259,0.08941429018649096,0.07973941950775927,0.04493075535546578,1.46435546875,3.0323129251700682,0.029804991891143547,35,27,49,0.4362934362934363,0.4247104247104247,0.2972972972972973,0
62,46,320,6582.0,6255.0,4141.0,267,0.09232840971257837,0.08774144678702184,0.05808750298082453,1.7122788761706556,2.9560491493383743,0.040439453125,37,31,54,0.13857677902621723,0.4419475655430712,0.30711610486891383,0
79,49,238,6682.0,4848.0,6621.5,259,0.09961091814373668,0.07227083674960123,0.09870902341944814,1.0706617529242108,2.019158683881716,0.11689675870348139,35,30,55,0.4247104247104247,0.44015444015444016,0.3088803088803089,1
64,49,265,5852.0,4897.5,4671.0,239,0.10244918681395634,0.08573904518478317,0.08177377847026487,1.4287109375,2.039775093710954,0.06651477394090424,45,30,55,0.28870292887029286,0.37656903765690375,0.41422594142259417,1
112,51,346,6310.0,5367.0,4046.0,223,0.12688773150475577,0.10792495324659655,0.08136097649258983,0.5030293367346939,2.063437139561707,0.033796652076581245,33,31,55,0.36771300448430494,0.22869955156950672,0.39461883408071746,0
61,41,469,7116.5,4996.0,2403.5,235,0.12886373924852876,0.09046627433227705,0.04352195563603441,1.9125235151840903,2.972040452111838,0.010926937047931224,38,26,45,0.16170212765957448,0.3659574468085106,0.40425531914893614,0
85,71,529,9580.5,5715.5,3627.5,227,0.18592443090298666,0.11091812377496167,0.07039725203283588,1.3260207612456747,1.1338028169014085,0.01296271811492955,36,29,49,0.29955947136563876,0.29955947136563876,0.2422907488986784,0
64,51,250,7024.0,4807.0,3757.0,251,0.11149029380486024,0.07630037618450501,0.05963397406390375,1.71484375,1.8481353325643983,0.060112,33,32,49,0.23107569721115537,0.21912350597609562,0.3784860557768924,0
75,40,321,5671.5,4246.5,3722.0,243,0.09604735050551237,0.0719148503784992,0.06303239682297752,1.0082666666666666,2.6540625,0.0361215438514766,33,31,52,0.43621399176954734,0.43209876543209874,0.37037037037037035,0
64,42,280,6984.0,5843.0,3632.0,223,0.14044119125661084,0.11749683283396006,0.07303585433047115,1.705078125,3.312358276643991,0.0463265306122449,28,37,51,0.37668161434977576,0.3811659192825112,0.3542600896860987,0
72,42,441,6154.0,5262.5,4719.0,275,0.08137520661157024,0.06958677685950414,0.0624,1.1871141975308641,2.9832766439909295,0.02426458111589307,0,38,54,0.0,0.4072727272727273,0.32727272727272727,0
71,41,216,5160.0,4402.0,2771.0,263,0.07459989301565731,0.06364122656103167,0.040061299136896586,1.0236064272961714,2.6186793575252825,0.059392146776406037,30,30,46,0.28517110266159695,0.38783269961977185,0.2509505703422053,0
64,61,337,4408.0,3893.0,2603.0,203,0.10696692470091484,0.09446965468708292,0.06316581329321265,1.076171875,1.0462241332975006,0.022919986968274794,31,27,37,0.3694581280788177,0.4433497536945813,0.3103448275862069,0
62,42,430,6944.5,5446.5,2810.5,239,0.12157525253409429,0.09535022145970834,0.0492025699830185,1.8065816857440167,3.0875850340136055,0.015200108166576527,39,31,48,0.4100418410041841,0.4225941422594142,0.35564853556485354,0
62,35,409,4937.5,5886.0,3685.5,247,0.08093068235834057,0.09647756888327952,0.06040911996590667,1.2844693028095733,4.804897959183673,0.022031790819041015,37,28,50,0.5384615384615384,0.38461538461538464,0.31983805668016196,0
64,40,357,7509.5,5316.0,4529.5,295,0.08629129560471129,0.061085894857799486,0.05204826199367998,1.8333740234375,3.3225,0.035539706078509835,36,23,51,0.4067796610169492,0.0847457627118644,0.3864406779661017,0
63,42,250,5545.0,3888.0,3253.0,227,0.10760930738031012,0.075452657726717,0.06312949989326398,1.3970773494583018,2.204081632653061,0.052048,33,34,43,0.28193832599118945,0.15418502202643172,0.29955947136563876,0
87,81,275,5451.0,5228.0,4207.0,227,0.1057850918900037,0.10145743173746823,0.08164334646509733,0.7201743955608403,0.7968297515622619,0.0556297520661157,29,33,50,0.14537444933920704,0.3436123348017621,0.3964757709251101,0
62,44,313,5248.0,5075.0,2778.0,215,0.11353163872363439,0.10978907517577069,0.06009734991887507,1.3652445369406867,2.6213842975206614,0.028355908501668897,24,32,50,0.30697674418604654,0.25116279069767444,0.23255813953488372,0
62,36,192,8098.0,5505.5,4977.5,255,0.12453671664744329,0.08466743560169165,0.07654748173779316,2.106659729448491,4.248070987654321,0.13502332899305555,39,38,61,0.4627450980392157,0.2549019607843137,0.396078431372549,0
64,40,306,7023.0,4600.0,4376.0,227,0.13629218498321333,0.08927011973839974,0.08492305303809505,1.714599609375,2.875,0.04673416207441582,40,27,50,0.44493392070484583,0.11894273127753303,0.3392070484581498,0
62,41,608,6335.0,4661.0,4197.0,223,0.12739045627299966,0.09372800579138933,0.08439743409278289,1.6480228928199792,2.7727543129089827,0.011353553497229918,32,32,49,0.4798206278026906,0.4125560538116592,0.3991031390134529,1
62,38,429,5520.0,5271.0,2211.0,223,0.11100162882824911,0.10599449013654005,0.04446097850348891,1.4360041623309052,3.6502770083102494,0.012013627398242783,35,31,36,0.484304932735426,0.6143497757847534,0.23766816143497757,1
64,50,269,6942.0,7404.0,3736.5,295,0.0797701809824763,0.08507900028727378,0.04293593794886527,1.69482421875,2.9616,0.05163693149624798,33,0,52,0.2033898305084746,0.0,0.3152542372881356,1
72,42,315,5780.5,4525.5,2242.0,255,0.0888965782391388,0.06959630911188004,0.03447904652056901,1.1150655864197532,2.5654761904761907,0.022595112118921644,33,24,41,0.5098039215686274,0.23529411764705882,0.2627450980392157,0
62,42,205,5558.0,5432.5,4183.0,219,0.11588582389858426,0.11326911448885553,0.08721669689956422,1.4458896982310094,3.0796485260770976,0.09953599048185603,41,37,55,0.6529680365296804,0.3561643835616438,0.4063926940639269,0
64,42,295,7456.0,6347.0,4453.0,279,0.09578499762336044,0.08153800696291158,0.05720635654732082,1.8203125,3.5980725623582765,0.05116920425165183,34,39,53,0.23297491039426524,0.27956989247311825,0.3225806451612903,0
62,36,422,6599.0,8365.0,3123.0,307,0.0700166580016764,0.08875425733960042,0.03313563008626086,1.7167013527575443,6.4544753086419755,0.017536668089216324,42,38,43,0.3485342019543974,0.24104234527687296,0.3257328990228013,1
64,51,444,8583.5,6890.5,4769.5,271,0.11687613186094961,0.0938236135128879,0.06494328780926185,2.0955810546875,2.6491733948481353,0.024193957470984497,44,0,47,0.5350553505535055,0.0,0.3505535055350554,1
62,42,450,6948.0,6997.0,2586.0,247,0.1138848366634431,0.11468799685292334,0.042387188775426576,1.8074921956295527,3.9665532879818595,0.012770370370370371,31,41,44,0.23076923076923078,0.4777327935222672,0.32793522267206476,0
70,42,359,9990.0,6564.0,4853.5,287,0.12128349257609052,0.07969017470164746,0.05892386698879433,2.0387755102040814,3.7210884353741496,0.037658770493711254,38,45,54,0.45993031358885017,0.43205574912891986,0.2508710801393728,1
62,38,324,7896.0,6477.0,4928.0,251,0.12533134394692147,0.1028078919382232,0.07822098061935524,2.054110301768991,4.4854570637119116,0.046944063404968754,27,32,57,0.38247011952191234,0.29880478087649404,0.3784860557768924,1
64,42,1127,6375.0,5936.0,4201.0,255,0.09803921568627451,0.0912879661668589,0.06460592079969242,1.556396484375,3.365079365079365,0.0033075380532213657,29,32,51,0.47843137254901963,0.3058823529411765,0.3686274509803922,0
64,63,333,7320.0,7153.5,4674.0,287,0.08886838495064892,0.08684699340771407,0.05674464907914385,1.787109375,1.8023431594860166,0.04215025836647458,33,28,56,0.24738675958188153,0.33797909407665505,0.20209059233449478,0
62,42,708,8076.0,7562.0,6517.0,319,0.07936242764909936,0.07431137665706901,0.06404221656626802,2.100936524453694,4.286848072562358,0.013001133135433624,45,31,56,0.3824451410658307,0.23824451410658307,0.29153605015673983,0
72,37,273,5470.0,5313.0,4812.0,247,0.08965890278483503,0.08708551197364324,0.07887360881181465,1.0551697530864197,3.880934989043097,0.06456547115887776,39,31,49,0.39271255060728744,0.4251012145748988,0.3684210526315789,0
62,42,438,10448.5,5199.5,6590.0,271,0.14227066624909793,0.07079832790947836,0.08973189362889938,2.7181321540062435,2.947562358276644,0.03435082671337128,44,42,60,0.2878228782287823,0.3505535055350554,0.36900369003690037,1
64,45,445,10427.0,10116.0,5957.0,279,0.13395254428899936,0.1299572204879177,0.07652779383615319,2.545654296875,4.995555555555556,0.030082060345915918,38,43,58,0.36200716845878134,0.5985663082437276,0.31899641577060933,0
62,44,205,9890.0,8846.0,9342.0,335,0.08812653152149699,0.07882379149030964,0.08324348407217644,2.572840790842872,4.569214876033058,0.22229625223081498,51,43,67,0.29850746268656714,0.20298507462686566,0.2,0
64,63,420,8147.0,8405.0,6261.0,255,0.12529027297193387,0.12925797770088426,0.09628604382929642,1.989013671875,2.1176618795666413,0.035493197278911565,46,40,51,0.5450980392156862,0.4196078431372549,0.3254901960784314,1
62,38,254,7828.0,6066.0,6485.0,287,0.09503575374230597,0.07364421080746397,0.07873107601160631,2.036420395421436,4.200831024930748,0.10051770103540207,48,34,54,0.4564459930313589,0.28222996515679444,0.24041811846689895,0
62,42,245,8130.0,7020.5,5079.0,227,0.15777523336373692,0.13624366861379028,0.09856585611985484,2.1149843912591053,3.979875283446712,0.08461474385672636,33,34,55,0.28193832599118945,0.5110132158590308,0.43612334801762115,0
71,44,581,7825.5,6246.0,4417.5,279,0.1005318533934559,0.08024049023008441,0.05675029868578255,1.5523705613965484,3.2262396694214877,0.013086523620915924,45,27,47,0.34767025089605735,0.1111111111111111,0.3010752688172043,0
64,38,468,10279.5,6944.5,6045.5,239,0.17996008473241015,0.12157525253409429,0.10583673255020046,2.5096435546875,4.809210526315789,0.027601997954562058,38,33,54,0.5648535564853556,0.3598326359832636,0.22594142259414227,0
64,53,489,5702.0,6253.0,7242.0,255,0.08768935024990389,0.09616301422529797,0.11137254901960784,1.39208984375,2.226059095763617,0.03028592219002095,45,43,61,0.403921568627451,0.2980392156862745,0.5215686274509804,0
61,42,266,6152.5,6319.5,4148.5,267,0.08630363730729847,0.08864621470353069,0.05819270855251161,1.6534533727492609,3.582482993197279,0.058631070156594495,32,44,50,0.21348314606741572,0.4344569288389513,0.2958801498127341,0
62,42,346,7225.0,7629.0,7057.0,239,0.12648588084942491,0.1335585861592059,0.12354475586911993,1.8795525494276795,4.324829931972789,0.05894784322897524,28,51,56,0.23430962343096234,0.4393305439330544,0.4602510460251046,0
71,40,709,7404.0,6561.5,5136.0,239,0.1296195794891546,0.11487018784685142,0.08991439225503756,1.468756199166832,4.1009375,0.010217215291606406,33,37,56,0.30962343096234307,0.26778242677824265,0.3598326359832636,0
62,35,347,8688.0,8456.0,4459.0,263,0.12560540126357184,0.12225129754658878,0.06446529514666975,2.260145681581686,6.902857142857143,0.03703211553953608,43,46,48,0.6083650190114068,0.596958174904943,0.376425855513308,1
69,43,340,10244.0,8830.0,10193.0,287,0.12436717697191904,0.10720052446915708,0.12374801199480387,2.151648813274522,4.775554353704705,0.08817474048442907,56,43,59,0.3344947735191638,0.3519163763066202,0.49825783972125437,0
64,53,414,8542.0,5639.0,5746.0,283,0.10665634481639176,0.07040916979859906,0.07174518348337475,2.08544921875,2.0074759700961198,0.033524703026908444,33,31,55,0.4275618374558304,0.31802120141342755,0.4134275618374558,1
62,36,350,7111.5,5677.5,4263.0,243,0.12043387694965198,0.09614896103236295,0.07219427932733831,1.8500260145681582,4.380787037037037,0.0348,31,33,54,0.36213991769547327,0.3045267489711934,0.448559670781893,1
61,44,377,8061.0,5583.5,3145.0,315,0.08123960695389267,0.056271101033005796,0.031695641219450746,2.166353130878796,2.884039256198347,0.022127785321785137,33,35,47,0.3904761904761905,0.2126984126984127,0.24761904761904763,1
62,38,540,6563.5,6220.5,3411.0,211,0.14742481076345995,0.13972058129871295,0.07661552975000561,1.7074661810613945,4.3078254847645425,0.01169753086419753,28,31,49,0.5071090047393365,0.4786729857819905,0.43601895734597157,1
73,47,310,8228.0,6110.0,4890.5,279,0.10570265027427705,0.07849333898588147,0.06282678793951774,1.5440045036592231,2.765957446808511,0.05088969823100937,24,24,54,0.17204301075268819,0.2616487455197133,0.3154121863799283,1
62,56,361,7969.0,8298.0,6169.0,319,0.07831094427138098,0.08154400998417861,0.060622438851819456,2.0731009365244537,2.646045918367347,0.04733696027501324,43,33,55,0.20689655172413793,0.2006269592476489,0.2852664576802508,0
62,37,198,9310.0,7240.5,5155.0,231,0.17447199265381083,0.13568898633833698,0.09660613556717453,2.421956295525494,5.288897005113221,0.13149168452198756,34,33,58,0.48484848484848486,0.14285714285714285,0.49783549783549785,1
62,43,588,7169.0,5761.0,3899.0,263,0.10364469632349751,0.08328875652387631,0.05636918272636586,1.864984391259105,3.115738236884803,0.011277129899578879,30,44,55,0.3840304182509506,0.42585551330798477,0.34600760456273766,0
62,44,658,9072.0,6623.0,4985.0,259,0.13523948659083795,0.09873138444567016,0.0743131438112133,2.360041623309053,3.4209710743801653,0.011513659334263357,39,29,53,0.3436293436293436,0.11969111969111969,0.42084942084942084,0
72,43,222,7787.0,6264.0,6939.0,239,0.13632464417639747,0.10966194569422805,0.12147896570438192,1.5021219135802468,3.3877771768523526,0.14079620160701242,32,29,64,0.4560669456066946,0.33472803347280333,0.35564853556485354,0
64,42,391,7180.0,6513.0,8609.0,271,0.09776555330128947,0.08868343295979085,0.11722334935526477,1.7529296875,3.692176870748299,0.05631177190102105,35,42,64,0.36531365313653136,0.4907749077490775,0.5461254612546126,0
64,47,318,12568.0,8025.0,15049.0,263,0.18169989446139168,0.11602018245167633,0.21756856395205945,3.068359375,3.632865550022635,0.1488172936197144,62,45,61,0.6083650190114068,0.28517110266159695,0.6273764258555133,0
62,35,242,7114.5,6953.5,5348.0,223,0.1430654145468439,0.1398278670393533,0.1075428824227312,1.8508064516129032,5.676326530612245,0.09131889898230995,41,39,61,0.7085201793721974,0.5201793721973094,0.4618834080717489,0
62,42,359,7369.5,5161.5,7676.0,311,0.0761933809617353,0.05336483286980077,0.07936228947177966,1.917143600416233,2.9260204081632653,0.059558817824194414,36,39,53,0.2057877813504823,0.3954983922829582,0.3054662379421222,0
62,42,270,7545.0,6980.0,5755.0,287,0.0915999951438041,0.08474061843654773,0.06986851849603613,1.962799167533819,3.9569160997732427,0.0789437585733882,46,35,57,0.41114982578397213,0.4843205574912892,0.37282229965156793,0
78,51,308,7455.0,7346.0,6215.0,263,0.10777949659529558,0.10620364614205786,0.08985239052176552,1.22534516765286,2.8242983467896963,0.06551484230055658,51,37,56,0.43346007604562736,0.5361216730038023,0.3916349809885932,0
64,59,324,9862.0,6217.0,5920.0,279,0.1266941586053622,0.07986793592065877,0.07605246592412739,2.40771484375,1.7859810399310543,0.056393842402072854,47,38,51,0.4229390681003584,0.46236559139784944,0.4444444444444444,0
81,39,527,7501.0,5530.0,5223.0,295,0.08619362252226372,0.06354495834530308,0.06001723642631428,1.1432708428593201,3.635765943458251,0.018806102351572936,43,35,61,0.39661016949152544,0.17627118644067796,0.3559322033898305,0
62,42,249,7088.0,6449.0,2887.0,269,0.0979533173947292,0.08912259366233193,0.03989718218377303,1.8439125910509886,3.6558956916099774,0.04656376510056289,35,21,43,0.3345724907063197,0.1449814126394052,0.22304832713754646,0
88,53,236,8088.5,7330.0,9376.5,279,0.10391053557893655,0.09416631338240773,0.12045708559756427,1.0444860537190082,2.6094695621217516,0.16835140764148232,34,32,59,0.43010752688172044,0.5125448028673835,0.40860215053763443,0
75,60,245,10610.5,7205.5,6917.0,255,0.1631757016532103,0.11081122645136486,0.10637447135717032,1.886311111111111,2.0015277777777776,0.11523531861724282,42,33,49,0.4549019607843137,0.2196078431372549,0.42745098039215684,1
69,43,312,5735.0,5291.0,3194.0,251,0.09103030110633165,0.08398279392390597,0.050697607974476595,1.2045788699852973,2.861546782044348,0.03281147271531887,32,35,48,0.32270916334661354,0.29880478087649404,0.32669322709163345,0
87,79,354,6084.0,4693.0,4334.5,251,0.09656989571594102,0.07449088109712544,0.06880049523023445,0.8038049940546967,0.7519628264701169,0.0345885601200166,32,28,50,0.32270916334661354,0.36254980079681276,0.47410358565737054,0
64,40,279,4097.5,2772.5,2015.5,223,0.08239658951517223,0.0557521767982465,0.040529670815821754,1.0003662109375,1.7328125,0.02589252450508087,29,35,43,0.5560538116591929,0.4304932735426009,0.49327354260089684,0
68,41,466,7878.5,6215.0,7017.5,259,0.11744756339350934,0.09264918531327798,0.10461233434206407,1.7038278546712802,3.697204045211184,0.03231547827368343,39,32,57,0.47104247104247104,0.3166023166023166,0.525096525096525,1
83,48,364,15246.0,15191.0,13095.0,331,0.13915535637681292,0.1386533529266801,0.11952245780889185,2.2130933372042385,6.593315972222222,0.0988331723221833,97,95,95,0.552870090634441,0.28700906344410876,0.28700906344410876,1
66,62,651,16772.0,14050.0,10950.5,367,0.12452390321407093,0.10431438350570574,0.08130211078855734,3.850321395775941,3.6550468262226845,0.025838778105761902,89,90,89,0.547683923705722,0.4986376021798365,0.4032697547683924,0
78,44,223,7746.0,5707.5,7711.0,263,0.11198658358513207,0.08251528864086513,0.11148057655886308,1.2731755424063116,2.948088842975207,0.1550604275171429,48,41,55,0.27756653992395436,0.49049429657794674,0.49809885931558934,0
72,57,265,9940.0,9952.0,7666.0,223,0.19988336785376742,0.2001246757425245,0.15415552293430393,1.9174382716049383,3.0630963373345645,0.10916340334638662,34,45,54,0.49327354260089684,0.6860986547085202,0.5919282511210763,0
64,45,336,6083.0,6841.0,3540.0,239,0.10649323366187567,0.1197633094658707,0.06197370494214037,1.485107421875,3.3782716049382717,0.0313562925170068,32,34,46,0.497907949790795,0.23430962343096234,0.5188284518828452,0
62,36,508,7293.0,6072.0,1821.0,307,0.07738013135417883,0.06442508673832083,0.019321159906205903,1.897242455775234,4.685185185185185,0.007056389112778226,39,35,41,0.3127035830618892,0.1986970684039088,0.20846905537459284,0
74,42,259,12036.0,8287.0,5891.5,323,0.11536581391559393,0.07943141408429104,0.05647039653404135,2.197954711468225,4.697845804988662,0.08782665732472682,54,36,51,0.39628482972136225,0.30340557275541796,0.25077399380804954,0
87,49,386,8780.0,5736.0,7241.0,231,0.16453964505912558,0.10749423736436724,0.13569835647757725,1.159994715286035,2.3890045814244063,0.04859862009718382,41,38,52,0.5194805194805194,0.5324675324675324,0.4329004329004329,0
87,79,218,7109.5,7228.5,6424.5,295,0.08169491525423729,0.0830623384085033,0.07382361390405057,0.9392918483287092,1.1582278481012658,0.1351843279185254,43,44,50,0.3423728813559322,0.39661016949152544,0.25084745762711863,0
62,38,235,7785.0,6500.0,5393.0,275,0.10294214876033057,0.0859504132231405,0.07131239669421488,2.0252341311134234,4.501385041551247,0.09765504753282028,39,45,59,0.3927272727272727,0.2727272727272727,0.4581818181818182,0
68,36,197,8996.0,7244.0,7520.0,327,0.08413059132695527,0.0677458874580329,0.07032703943738368,1.9455017301038062,5.589506172839506,0.19376948645932646,36,28,59,0.3119266055045872,0.14678899082568808,0.28134556574923547,1
62,43,325,5071.5,5264.5,3222.0,239,0.08878521034295618,0.09216400273104462,0.05640657551513454,1.3193288241415193,2.847214710654408,0.03050414201183432,31,15,41,0.32217573221757323,0.0794979079497908,0.3054393305439331,1
62,32,382,7707.0,7415.0,4717.0,231,0.14443132624950808,0.1389591649331909,0.08839789359269878,2.004942767950052,7.2412109375,0.03232504591431156,43,37,48,0.5974025974025974,0.5324675324675324,0.46320346320346323,1
65,57,275,7657.0,5906.0,6539.0,243,0.1296719673491507,0.10001862859658928,0.11073853917932565,1.8123076923076924,1.8177900892582333,0.08646611570247933,47,28,52,0.5349794238683128,0.48148148148148145,0.39094650205761317,1
62,33,544,6004.5,5364.0,3001.5,211,0.13486893825385773,0.12048246894723838,0.06741762314413423,1.5620447450572321,4.925619834710743,0.010142395653114186,52,34,33,0.6398104265402843,0.5402843601895735,0.4312796208530806,1
71,41,374,5301.0,6015.0,2599.0,219,0.11052730343404016,0.12541439919934946,0.054189862596693145,1.051577068042055,3.578227245687091,0.01858074294375018,32,34,42,0.2465753424657534,0.2785388127853881,0.3242009132420091,0
62,42,465,9664.0,6194.0,9638.0,251,0.15339439056522913,0.09831589974762306,0.1529816987031952,2.514047866805411,3.5113378684807257,0.044573939183720664,48,36,56,0.5657370517928287,0.14342629482071714,0.7051792828685259,0
62,44,271,6842.0,7398.5,7380.0,279,0.08789712362379723,0.0950463123546717,0.09480864839865881,1.7799167533818938,3.821539256198347,0.10048882776650644,54,40,59,0.43010752688172044,0.27956989247311825,0.4659498207885305,1
64,62,245,8547.5,8034.5,7992.5,307,0.09069061740708124,0.08524758883383378,0.08480196076350943,2.0867919921875,2.090140478668054,0.13315285297792587,38,38,53,0.3257328990228013,0.4560260586319218,0.28664495114006516,0
64,38,440,9409.0,6723.0,3276.0,271,0.1281164472161327,0.09154287114826867,0.04460723574025408,2.297119140625,4.655817174515235,0.016921487603305786,46,28,39,0.5940959409594095,0.34686346863468637,0.1992619926199262,0
62,36,228,7427.0,5840.0,5597.0,239,0.1300222335043154,0.10223910645822026,0.09798497925456487,1.9321019771071801,4.506172839506172,0.10766774392120652,43,34,58,0.39748953974895396,0.2301255230125523,0.301255230125523,0
71,42,253,7010.0,8178.5,8753.5,303,0.07635417007047239,0.08908168044527225,0.0953446829831498,1.3905971037492562,4.636337868480726,0.13675420643971942,42,32,60,0.35313531353135313,0.297029702970297,0.3465346534653465,0
62,39,432,6594.0,5914.0,7362.0,239,0.11543915547696994,0.10353460198525936,0.12888429824407835,1.7154006243496358,3.888231426692965,0.039448302469135804,0,40,55,0.0,0.4309623430962343,0.2384937238493724,1
62,38,232,11100.0,7468.0,5653.0,247,0.18194036945368716,0.12240816928649871,0.09265846022717959,2.8876170655567117,5.17174515235457,0.1050274970273484,35,21,55,0.5789473684210527,0.1659919028340081,0.44129554655870445,1
65,60,391,9612.0,4848.0,3889.0,279,0.12348248352410683,0.06228080317570432,0.049960817564008685,2.2750295857988165,1.3466666666666667,0.02543808583146369,33,33,55,0.32974910394265233,0.27956989247311825,0.37992831541218636,1
62,41,344,7243.5,6834.5,4700.0,211,0.1626985018305968,0.15351182587992185,0.1055681588463871,1.8843652445369408,4.065734681737061,0.03971741481882098,35,38,57,0.41706161137440756,0.7156398104265402,0.2796208530805687,0
61,35,280,8151.0,5898.0,5071.0,259,0.12150981649051147,0.08792355510502228,0.07559517598127637,2.190540177371674,4.81469387755102,0.0646811224489796,28,30,58,0.10810810810810811,0.41312741312741313,0.41312741312741313,1
71,42,457,6120.0,7774.0,3734.5,243,0.10364273738759336,0.13165337262273705,0.06324408542058291,1.2140448323745288,4.40702947845805,0.017881340106967236,30,42,51,0.345679012345679,0.36213991769547327,0.35802469135802467,0
62,42,259,6129.5,5200.5,2600.0,235,0.11099139882299683,0.09416930737890448,0.047080126754187414,1.5945629552549427,2.94812925170068,0.03875911211818548,31,34,38,0.34893617021276596,0.23829787234042554,0.40425531914893614,0
64,59,253,6394.0,4606.5,4959.5,255,0.09833141099577086,0.07084198385236448,0.07627066512879661,1.56103515625,1.3233266302786555,0.07748129169335562,23,23,61,0.19607843137254902,0.19215686274509805,0.4235294117647059,1
64,41,506,8344.0,4090.5,2097.0,243,0.14130637267354232,0.06927297668038408,0.03551287913427831,2.037109375,2.433372992266508,0.008190254495461576,35,27,39,0.5679012345679012,0.49794238683127573,0.1728395061728395,1
62,42,362,10572.0,6091.0,2676.0,251,0.1678068602085681,0.09668100506341169,0.04247551626164664,2.750260145681582,3.4529478458049887,0.020420622081133055,33,30,37,0.26294820717131473,0.14741035856573706,0.1553784860557769,0
62,33,402,8416.0,5439.0,4356.0,271,0.11459538949633039,0.07405944908157569,0.059312917852425755,2.1893860561914673,4.994490358126722,0.026954778347070617,29,32,49,0.28413284132841327,0.31365313653136534,0.2988929889298893,0
72,42,588,7739.5,6319.5,6258.0,247,0.12685833237719024,0.10358307790653838,0.1025750299136193,1.4929591049382716,3.582482993197279,0.018100097181729835,34,41,58,0.29959514170040485,0.29554655870445345,0.3522267206477733,0
62,42,234,9908.0,4910.5,4653.5,223,0.19923988015041524,0.09874519897846327,0.09357718836091616,2.5775234131113423,2.7837301587301586,0.0849861202425305,43,58,60,0.5291479820627802,0.37668161434977576,0.26905829596412556,0
64,55,572,9442.5,7662.5,4855.0,287,0.11463657443941289,0.09302650268911848,0.058942077723415365,2.3052978515625,2.5330578512396693,0.014838745170913003,42,35,55,0.42160278745644597,0.27526132404181186,0.32752613240418116,0
64,43,466,10062.0,10282.0,6930.0,303,0.10959709832369376,0.11199337755557734,0.07548279580433291,2.45654296875,5.5608436992969175,0.03191254213560758,39,42,62,0.35313531353135313,0.30363036303630364,0.39933993399339934,0
62,44,454,10279.5,4956.0,5585.5,271,0.13996949932598957,0.06748274124807668,0.07605424762734712,2.6741675338189386,2.559917355371901,0.027098818141240856,30,34,53,0.2140221402214022,0.2066420664206642,0.2952029520295203,1
62,39,254,9677.0,6248.0,5607.0,223,0.19459470329184178,0.12564097407951094,0.11275111102173782,2.517429760665973,4.107823800131492,0.08690867381734764,30,32,60,0.3811659192825112,0.14349775784753363,0.5336322869955157,0
72,41,379,9336.5,5339.5,5874.5,279,0.1199432175845634,0.06859495638545239,0.0754679410593389,1.8010223765432098,3.1763831052944678,0.040897097625329816,58,24,58,0.35125448028673834,0.1039426523297491,0.43010752688172044,0
64,58,649,7254.0,8188.0,4986.0,247,0.11890049009162583,0.13420970676457572,0.08172564703568326,1.77099609375,2.4340071343638527,0.01183757873319389,35,51,55,0.659919028340081,0.6680161943319838,0.3441295546558704,0
64,47,391,7565.5,4814.5,3105.0,247,0.12400629415332164,0.07891458637250241,0.050894130374207085,1.8470458984375,2.1794929832503396,0.020309914247028736,34,29,24,0.3765182186234818,0.4291497975708502,0.242914979757085,1
62,42,426,9296.0,5359.0,4857.0,271,0.1265777971432851,0.0729701392954889,0.06613472038779429,2.4183142559833506,3.0379818594104306,0.02676386960259208,28,38,53,0.26199261992619927,0.3726937269372694,0.26199261992619927,0
62,38,322,7643.0,6494.0,5633.0,275,0.10106446280991735,0.0858710743801653,0.07448595041322315,1.988293444328824,4.497229916897507,0.054328536707688745,33,32,59,0.34545454545454546,0.2509090909090909,0.4290909090909091,0
62,33,359,10582.0,8083.0,6369.0,299,0.11836556638068925,0.09041285891656693,0.07124081386114249,2.7528616024973984,7.4224058769513315,0.049417679875233746,44,43,59,0.4916387959866221,0.431438127090301,0.34782608695652173,0
71,41,462,10666.0,9555.0,3490.0,315,0.10749307130259511,0.0962962962962963,0.035172587553539934,2.115850029756001,5.684116597263533,0.016350892974269598,35,49,42,0.27936507936507937,0.35873015873015873,0.2698412698412698,0
62,37,358,11166.0,5571.5,7589.0,259,0.16645547919679193,0.08305630506402707,0.11313188533265753,2.904786680541103,4.069758948137326,0.05921319559314628,46,43,57,0.4517374517374517,0.6177606177606177,0.555984555984556,1
64,43,850,6123.0,6430.5,5204.0,263,0.08852231490985846,0.09296794806922176,0.07523601613439547,1.494873046875,3.47782585181179,0.007202768166089966,28,31,53,0.2813688212927757,0.20152091254752852,0.2813688212927757,0
62,42,372,9995.5,5265.5,5860.0,239,0.17498818297998986,0.09218150942735596,0.10258924038444706,2.60028616024974,2.9849773242630384,0.04234593594635218,36,32,60,0.37656903765690375,0.41422594142259417,0.49372384937238495,1
71,43,413,4889.0,5238.0,4640.0,247,0.08013571768099789,0.08585618515301022,0.07605435263649625,0.9698472525292601,2.8328826392644673,0.027203067380356338,18,31,57,0.0728744939271255,0.25101214574898784,0.4331983805668016,1
62,34,444,36486.0,26309.0,23210.0,343,0.31012588292293175,0.2236228102236313,0.19728174485120994,9.491675338189387,22.758650519031143,0.1177359792224657,143,141,144,0.7346938775510204,0.49854227405247814,0.5597667638483965,1
64,63,409,7029.0,7446.5,5574.5,291,0.08300563290466574,0.08793590061525017,0.06582940683270155,1.716064453125,1.8761652809271856,0.033324167119995696,40,31,55,0.281786941580756,0.29553264604810997,0.3951890034364261,1
63,40,442,20234.0,11799.0,18631.0,267,0.2838306050021743,0.16550940537810882,0.2613446674802564,5.09800957420005,7.374375,0.09536557400544625,101,100,100,0.5318352059925093,0.6591760299625468,0.7303370786516854,1
62,39,663,165568.5,116374.0,139377.5,623,0.4265811109193078,0.29983330284518805,0.3591009690077268,43.07193028095734,76.51150558842866,0.31707763741301137,370,356,350,0.695024077046549,0.6404494382022472,0.7158908507223114,1
62,35,321,108969.0,93905.0,109019.0,527,0.3923572979415185,0.3381173734107709,0.39253732955506987,28.347814776274713,76.65714285714286,1.0580157413068585,298,297,294,0.7343453510436433,0.7096774193548387,0.7760910815939279,1
62,44,452,79477.5,57924.0,69961.5,567,0.24721685656429926,0.18017412726407436,0.21761708798745835,20.67572840790843,29.919421487603305,0.3424382293053489,249,240,242,0.5925925925925926,0.4691358024691358,0.5326278659611993,1
72,44,643,151306.0,99859.0,127154.0,655,0.35267408659169047,0.23275799778567682,0.2963789988928384,29.187114197530864,51.580061983471076,0.3075445822822162,346,310,312,0.6458015267175573,0.5877862595419847,0.665648854961832,1
64,64,403,177324.0,108580.0,131675.5,647,0.42360293256953385,0.25938286085583445,0.3145548710132845,43.2919921875,26.5087890625,0.810764797517379,369,324,326,0.6383307573415765,0.5842349304482226,0.7836166924265843,1
63,45,342,138276.0,99726.0,111505.0,671,0.30711552257568725,0.22149471061053969,0.24765625520554546,34.8390022675737,49.24740740740741,0.9533275195786738,337,297,296,0.6527570789865872,0.5484351713859911,0.6229508196721312,1
62,41,413,81868.0,47648.0,57546.0,495,0.334121008060402,0.19446178961330476,0.2348576675849403,21.29760665972945,28.34503271861987,0.3373766628168073,233,201,196,0.5656565656565656,0.6101010101010101,0.7232323232323232,1
74,63,450,120168.0,77442.0,103114.0,591,0.3440439073410807,0.2217183299406495,0.2952178904664153,21.944485025566106,19.51171579743008,0.509204938271605,311,274,270,0.6582064297800339,0.6091370558375635,0.739424703891709,1
62,43,393,115487.5,69779.5,79896.5,591,0.3306435219780062,0.19978040603411007,0.2287456231515599,30.043574401664934,37.739048134126556,0.5173002091305221,296,258,252,0.6277495769881557,0.5989847715736041,0.7123519458544839,1
64,57,344,64832.0,42333.5,57717.0,495,0.2645934088358331,0.17277216610549945,0.23555555555555555,15.828125,13.029701446598953,0.4877383044889129,232,187,188,0.6828282828282828,0.5838383838383838,0.6909090909090909,1
63,45,348,25173.5,13811.0,17886.0,431,0.13551552801718336,0.07434822163963373,0.09628501138559763,6.342529604434366,6.820246913580247,0.14769124058660324,119,88,97,0.5220417633410673,0.35730858468677495,0.4733178654292343,1
74,44,362,34131.0,13295.0,21652.0,431,0.1837360909986488,0.07157045881535952,0.11655837339376941,6.2328341855368885,6.867252066115703,0.16522694667439944,116,85,107,0.3689095127610209,0.3619489559164733,0.48259860788863107,1
64,44,312,36731.0,13751.0,29146.0,383,0.2504005071954952,0.09374254374902004,0.19869247182815344,8.967529296875,7.1027892561983474,0.29941239316239315,131,85,135,0.660574412532637,0.5117493472584856,0.577023498694517,1
67,54,357,12594.0,5938.0,9040.5,263,0.18207578539519148,0.08584770634243664,0.13070161488528098,2.8055246157273337,2.0363511659807956,0.07093425605536333,19,37,91,0.13688212927756654,0.39923954372623577,0.5057034220532319,1
86,64,467,7986.0,4938.0,5857.0,271,0.10874034939611389,0.06723764654620716,0.07975109271387917,1.0797728501892916,1.20556640625,0.026856008326875725,29,29,73,0.4612546125461255,0.42066420664206644,0.42066420664206644,1
90,80,868,12444.5,5288.5,7786.0,291,0.14695740484878544,0.06245202583814551,0.0919450644182284,1.536358024691358,0.826328125,0.010334154473443904,52,24,87,0.2542955326460481,0.3230240549828179,0.40893470790378006,1
64,46,302,14384.0,5273.0,6235.0,255,0.22120722798923492,0.08109188773548635,0.09588619761630142,3.51171875,2.4919659735349717,0.06836322968290864,51,25,69,0.596078431372549,0.1411764705882353,0.4627450980392157,1
68,61,407,8206.0,5137.5,5821.5,255,0.12619761630142254,0.0790080738177624,0.08952710495963091,1.7746539792387543,1.3806772373018006,0.03514358674063834,0,32,69,0.0,0.3568627450980392,0.42745098039215684,1
62,41,547,10480.0,4241.5,5954.5,295,0.12042516518241884,0.048738868141338695,0.0684228669922436,2.7263267429760667,2.523200475907198,0.019900805122840558,19,39,73,0.12542372881355932,0.3288135593220339,0.288135593220339,1
62,42,195,9083.0,5761.0,8295.0,323,0.08706112394444497,0.05521954585973219,0.07950809458539812,2.3629032258064515,3.265873015873016,0.21814595660749506,36,32,92,0.32507739938080493,0.1826625386996904,0.4241486068111455,1
68,66,372,9463.0,7584.0,4475.0,327,0.0884979752920162,0.07092556743259545,0.0418501996651984,2.0464965397923875,1.741046831955923,0.0323375534743901,30,33,67,0.28440366972477066,0.3669724770642202,0.3180428134556575,1
101,44,240,12893.0,7328.0,8742.0,303,0.14043285516670478,0.07981788277837684,0.09521942293239224,1.2638956965003432,3.7851239669421486,0.15177083333333333,35,30,97,0.46204620462046203,0.3333333333333333,0.3201320132013201,1
64,44,330,12781.0,5690.0,10341.0,247,0.20949368126014195,0.09326492812535855,0.169499582028881,3.120361328125,2.9390495867768593,0.09495867768595041,39,35,99,0.4777327935222672,0.5465587044534413,0.4048582995951417,1
66,51,213,14003.0,7497.0,15412.0,271,0.19067006168216663,0.10208194332865837,0.20985553028962023,3.2146464646464645,2.8823529411764706,0.3397033216513478,37,38,113,0.3726937269372694,0.2029520295202952,0.42066420664206644,1
66,46,1186,13022.0,6908.0,10808.0,351,0.10569719401628233,0.05607097344989083,0.0877265606610336,2.9894398530762167,3.264650283553875,0.007683798332996823,39,36,104,0.2336182336182336,0.245014245014245,0.3504273504273504,1
87,82,568,12896.0,6458.0,9864.0,295,0.1481873024992818,0.07420856075840276,0.11334673944268889,1.7037917822697846,0.9604402141582391,0.03057429081531442,36,30,95,0.3050847457627119,0.288135593220339,0.4271186440677966,1
62,40,310,12506.0,6848.0,12042.0,327,0.11695611106435111,0.06404249548766004,0.11261678309906574,3.253381893860562,4.28,0.1253069719042664,39,37,106,0.39143730886850153,0.1834862385321101,0.43730886850152906,1
62,43,287,17317.5,10379.5,27165.0,359,0.13436813804982892,0.08053553277829936,0.2107758319690257,4.5050728407908425,5.613574905354246,0.3297964039869368,65,63,161,0.5292479108635098,0.4763231197771588,0.48467966573816157,1
64,45,464,20784.0,10734.0,27176.0,359,0.16126504294659413,0.08328613216843445,0.21086118202062368,5.07421875,5.300740740740741,0.12622621878715815,65,64,161,0.5766016713091922,0.5459610027855153,0.5988857938718662,1
61,40,518,18080.0,8364.0,16681.0,359,0.1402844484446893,0.06489707559686843,0.12942947370054547,4.85890889545821,5.2275,0.0621673797349473,52,52,131,0.520891364902507,0.181058495821727,0.5376044568245125,1
73,61,204,11765.0,9379.5,17137.0,351,0.09549435475361401,0.07613168724279835,0.13909789693265476,2.207731281666354,2.5206933619994625,0.4117887351018839,47,42,129,0.4415954415954416,0.21082621082621084,0.452991452991453,1
64,60,396,11004.5,5925.5,10148.5,343,0.09353670664434037,0.05036591896233712,0.08626082669635951,2.6866455078125,1.6459722222222222,0.06471597285991225,36,25,92,0.3877551020408163,0.11078717201166181,0.3323615160349854,1
62,42,278,15001.0,5635.0,10933.0,359,0.1163941930928531,0.04372250370496815,0.08483019219279801,3.902445369406868,3.1944444444444446,0.14146524507013095,39,32,101,0.37047353760445684,0.25069637883008355,0.4735376044568245,1
64,42,197,7141.0,4929.0,5347.5,271,0.09723451478057216,0.06711509919527239,0.07281355101373892,1.743408203125,2.79421768707483,0.13779020330335748,33,29,72,0.36531365313653136,0.4575645756457565,0.36531365313653136,1
62,44,279,9707.0,6331.0,9999.0,287,0.11784773397758866,0.07686144059051342,0.12139275698381673,2.5252341311134234,3.2701446280991737,0.12845415654989015,30,21,90,0.17770034843205576,0.20209059233449478,0.4076655052264808,1
62,42,338,9415.0,5293.0,6391.0,331,0.08593386332727887,0.04831098657368954,0.05833280090543168,2.4492715920915713,3.000566893424036,0.055941668709078816,28,26,77,0.2809667673716012,0.1419939577039275,0.2537764350453172,1
64,64,337,10489.0,7162.0,12989.0,335,0.09346402316774337,0.06381822232122968,0.11574069948763645,2.560791015625,1.74853515625,0.11437099912828325,47,46,116,0.5164179104477612,0.48059701492537316,0.3641791044776119,1
62,39,345,12542.0,6969.0,13202.0,263,0.18132400352759184,0.10075322760196041,0.1908658503086643,3.2627471383975024,4.581854043392505,0.11091787439613526,36,32,107,0.3916349809885932,0.3269961977186312,0.5703422053231939,1
62,42,383,7631.0,5454.0,7082.0,303,0.08311821281138015,0.0594059405940594,0.07713840690999793,1.985171696149844,3.0918367346938775,0.048279012059527296,41,34,80,0.3102310231023102,0.2079207920792079,0.37623762376237624,1
64,39,419,11332.5,7213.5,13591.0,335,0.10098017375807529,0.06427712185341947,0.1211049231454667,2.7667236328125,4.742603550295858,0.07741468777234124,38,30,112,0.3611940298507463,0.2656716417910448,0.42686567164179107,1
62,40,391,19696.5,11267.5,27406.0,359,0.15282702648179328,0.08742560967093675,0.21264577400858156,5.1239594172736735,7.0421875,0.1792636102589596,75,61,162,0.35097493036211697,0.35097493036211697,0.6880222841225627,1
62,45,348,14141.0,7376.0,11648.0,299,0.15817496448585586,0.08250466997013456,0.13028937036498472,3.6787200832466183,3.642469135802469,0.09618179416039106,59,39,108,0.5217391304347826,0.42474916387959866,0.48494983277591974,1
64,63,288,12923.0,5641.0,12353.0,319,0.1269936419649964,0.055433810595414745,0.1213922819154686,3.155029296875,1.4212648022171832,0.14893180941358025,44,34,107,0.28213166144200624,0.31974921630094044,0.5047021943573667,1
62,36,223,9087.0,6885.0,9576.0,287,0.11032063033422768,0.08358727191054888,0.11625732982068497,2.3639438085327784,5.3125,0.1925636952281365,31,29,94,0.47038327526132406,0.25435540069686413,0.41114982578397213,1
62,39,354,11798.0,6193.0,8724.0,335,0.10512809088883938,0.055183782579639115,0.07773668968589886,3.0691987513007284,4.071663379355687,0.06961601072488749,49,31,92,0.44776119402985076,0.16417910447761194,0.3880597014925373,1
64,43,990,14501.0,6637.0,8296.0,303,0.15794747791610844,0.07229138755459705,0.09036151139866462,3.540283203125,3.5895078420767983,0.008464442403836344,44,29,89,0.49174917491749176,0.36633663366336633,0.34983498349834985,1
62,42,334,9790.0,6193.0,6635.0,247,0.16046812765329704,0.10150961333573735,0.10875444606533462,2.5468262226847034,3.5107709750566896,0.05947685467388576,33,31,80,0.562753036437247,0.42105263157894735,0.5222672064777328,1
64,63,289,11296.5,6686.0,12982.5,303,0.1230434924680587,0.07282510429260748,0.14140770512694834,2.7579345703125,1.6845553036029226,0.1554399492343243,38,30,104,0.297029702970297,0.20462046204620463,0.46204620462046203,1
62,36,858,10709.5,6998.0,10820.5,259,0.15965027354988745,0.10432164100117768,0.16130498949031769,2.7860301768990636,5.3996913580246915,0.014698491097092497,36,38,104,0.46332046332046334,0.3861003861003861,0.4980694980694981,1
62,40,433,10712.0,6561.0,7167.0,255,0.1647366397539408,0.10089965397923875,0.11021914648212226,2.7866805411030175,4.100625,0.0382262426062329,36,27,89,0.4823529411764706,0.30980392156862746,0.45098039215686275,1
64,44,652,10100.0,4906.0,10457.0,287,0.12261894644829972,0.05956124270053054,0.12695310128810597,2.4658203125,2.534090909090909,0.024598686439083143,38,33,101,0.42857142857142855,0.34494773519163763,0.47735191637630664,1
62,42,408,11596.0,6185.0,11479.0,239,0.20300765042628804,0.10827891668563225,0.20095936695786137,3.0166493236212277,3.506235827664399,0.06895785274894271,40,30,99,0.5690376569037657,0.3891213389121339,0.5815899581589958,1
62,45,201,9153.0,5159.0,5516.0,239,0.16023879133768668,0.09031704627019835,0.0965669368533464,2.38111342351717,2.5476543209876543,0.13653127397836687,32,27,72,0.13389121338912133,0.1799163179916318,0.5648535564853556,1
64,59,167,8339.0,4506.0,4834.5,215,0.18040021633315306,0.09747971876690102,0.10458626284478097,2.035888671875,1.2944556162022407,0.173347914948546,38,31,69,0.4790697674418605,0.30697674418604654,0.32558139534883723,1
62,40,467,8485.0,5531.0,7089.0,295,0.09750071818442976,0.06355644929617926,0.0814593507612755,2.2073361082206033,3.456875,0.03250507820201844,30,31,82,0.1016949152542373,0.12203389830508475,0.43050847457627117,1
62,44,464,11106.0,7181.0,4950.0,299,0.1242267983579602,0.08032348631447075,0.0553685081822351,2.889177939646202,3.709194214876033,0.02299160225921522,52,37,60,0.4180602006688963,0.20066889632107024,0.35785953177257523,1
64,45,542,10653.0,8898.0,10064.0,371,0.07739699653446284,0.06464643529180986,0.07311774834533315,2.600830078125,4.394074074074074,0.03425879277242957,30,28,97,0.3018867924528302,0.1509433962264151,0.33153638814016173,1
62,41,272,13499.0,4387.5,7951.0,287,0.16388447109956417,0.053266398766526245,0.0965290339812308,3.511706555671176,2.610053539559786,0.10746918252595156,40,28,81,0.4634146341463415,0.3797909407665505,0.4425087108013937,1
64,52,346,11792.0,6565.0,10273.0,399,0.07406988649568784,0.04123717815842865,0.06452848914265615,2.87890625,2.4278846153846154,0.08581142036152227,31,33,92,0.3182957393483709,0.2531328320802005,0.2531328320802005,1
62,41,308,11936.0,6842.0,12987.0,323,0.11440730765175551,0.06558099857182567,0.12448120848469744,3.105098855359001,4.070196311719215,0.1369012481025468,42,22,96,0.4458204334365325,0.2848297213622291,0.34674922600619196,1
62,44,461,10944.0,5595.5,8521.5,323,0.10489892551447824,0.05363321799307959,0.08167911127299217,2.847034339229969,2.8902376033057853,0.040097213922388845,36,30,79,0.4024767801857585,0.2693498452012384,0.24458204334365324,1
64,45,359,11988.0,7112.0,8317.0,311,0.1239441279556663,0.07353108425264421,0.08598959894955593,2.9267578125,3.512098765432099,0.06453239810367703,39,22,85,0.33440514469453375,0.17041800643086816,0.44694533762057875,1
62,42,361,10029.0,6172.0,10623.0,323,0.09612859320035656,0.05915900660410816,0.10182212040755687,2.609001040582726,3.4988662131519273,0.08151410747308568,35,45,90,0.4117647058823529,0.47058823529411764,0.4117647058823529,1
62,43,524,5554.0,4440.0,5253.5,239,0.09723219131317729,0.07772973162234555,0.0919714290716199,1.4448491155046825,2.4012979989183343,0.01913313618087524,45,32,63,0.5355648535564853,0.200836820083682,0.4351464435146444,1
64,63,334,8707.0,6685.0,6951.0,367,0.06464521972841138,0.049632857917127605,0.051607777918018544,2.125732421875,1.6843033509700176,0.062309512711104735,40,28,79,0.3133514986376022,0.3215258855585831,0.3460490463215259,1
62,42,671,11807.0,4359.0,10116.0,287,0.14334276244703711,0.05292039480872658,0.12281319428425742,3.0715400624349636,2.4710884353741496,0.022467967155367904,38,30,88,0.519163763066202,0.30313588850174217,0.4564459930313589,1
62,41,778,12985.0,6832.5,10217.0,367,0.09640727899086042,0.050727973331155474,0.07585623176354417,3.3779916753381896,4.064544913741821,0.01687967962146695,6,7,89,0.01634877384196185,0.027247956403269755,0.3569482288828338,1
64,45,608,11893.0,7195.0,12972.0,295,0.13666187877046826,0.0826773915541511,0.14906061476587187,2.903564453125,3.5530864197530865,0.03509132617728532,36,23,104,0.41694915254237286,0.13220338983050847,0.46779661016949153,1
62,43,555,9548.0,8056.5,10987.0,319,0.09382769430331855,0.07917080217372077,0.10796867169151246,2.4838709677419355,4.357220118983234,0.03566918269620972,45,2,92,0.2946708463949843,0.006269592476489028,0.4012539184952978,1
64,52,405,10472.0,8883.0,8028.5,303,0.11406289143765862,0.09675522007646309,0.08744785369626072,2.556640625,3.2851331360946747,0.04894680688919372,35,29,80,0.31683168316831684,0.2607260726072607,0.37293729372937295,1
61,41,319,9523.5,7166.0,7400.5,295,0.10943407066934789,0.08234415397874174,0.08503878195920712,2.559392636388068,4.262938726948245,0.07272432464303613,40,37,75,0.3864406779661017,0.34915254237288135,0.3694915254237288,1
62,42,559,10750.0,6900.0,7006.0,279,0.13810202849398132,0.08864223224264847,0.09000398247710076,2.7965660770031215,3.9115646258503403,0.02242056317024075,32,22,71,0.45161290322580644,0.24372759856630824,0.4265232974910394,1
62,43,530,10235.0,5288.0,8049.0,255,0.1574009996155325,0.08132256824298346,0.12378316032295271,2.6625910509885538,2.8599242833964307,0.028654325382698468,34,31,74,0.3843137254901961,0.43137254901960786,0.45098039215686275,1
64,45,575,12845.0,7714.0,8990.0,303,0.1399100306070211,0.08402226361249987,0.09792068315742465,3.135986328125,3.8093827160493827,0.027190926275992438,33,28,81,0.36303630363036304,0.264026402640264,0.35313531353135313,1
62,43,328,10638.0,6070.0,6141.0,255,0.16359861591695501,0.09334871203383314,0.0944405997693195,2.767429760665973,3.2828555976203355,0.05708097858417609,31,31,68,0.40784313725490196,0.396078431372549,0.35294117647058826,1
64,63,867,10910.0,8008.0,8357.0,295,0.12536627405917838,0.09201953461648951,0.09602987647227808,2.66357421875,2.017636684303351,0.011117629764437155,28,27,78,0.38305084745762713,0.3694915254237288,0.4440677966101695,1
62,44,183,9500.0,6125.0,9238.0,263,0.13734476427301248,0.08855122959707383,0.13355694024779888,2.4713839750260145,3.1637396694214877,0.27585177222371526,30,34,78,0.41064638783269963,0.4144486692015209,0.46387832699619774,1
62,38,308,7808.0,5559.0,9651.0,211,0.17537791154735968,0.1248624244738438,0.21677410660137914,2.031217481789802,3.8497229916897506,0.10173511553381684,33,30,88,0.3791469194312796,0.5971563981042654,0.6966824644549763,1
64,44,506,7024.0,8429.5,7264.5,279,0.09023522308295115,0.10829126038976888,0.09332485451111881,1.71484375,4.354080578512397,0.028372963177053227,33,24,80,0.41935483870967744,0.16129032258064516,0.2903225806451613,1
62,44,346,15272.5,6618.5,9310.0,279,0.19620123071389114,0.08502588610115491,0.11960278002595033,3.9730749219562957,3.418646694214876,0.07776738280597414,30,28,82,0.3225806451612903,0.24372759856630824,0.2939068100358423,1
64,64,398,11641.0,6013.0,13755.0,311,0.12035648928360956,0.06216850528840686,0.14221316983902152,2.842041015625,1.468017578125,0.08683492841089871,41,40,98,0.48231511254019294,0.3987138263665595,0.5080385852090032,1
62,39,503,9865.0,5356.0,6574.0,331,0.0900411642829109,0.04888600870747803,0.060003103294055365,2.56633714880333,3.5213675213675213,0.025983265417435744,27,37,74,0.27794561933534745,0.24169184290030213,0.2809667673716012,1
62,41,441,11110.0,7837.0,9382.0,343,0.09443344184820951,0.0666134008788855,0.07974568419621077,2.8902185223725287,4.662105889351577,0.04824121636560898,36,37,84,0.23615160349854228,0.10787172011661808,0.33819241982507287,1
62,38,314,12591.5,9907.0,7776.5,287,0.15286697665383822,0.12027583192705994,0.09441051852031711,3.275624349635796,6.860803324099723,0.07887236804738529,38,33,79,0.47735191637630664,0.3867595818815331,0.3170731707317073,1
64,42,400,7632.0,6111.0,8134.0,239,0.1336111062481399,0.10698342115859316,0.14239946779643214,1.86328125,3.4642857142857144,0.0508375,26,20,80,0.2719665271966527,0.2301255230125523,0.4351464435146444,1
64,66,221,6407.0,5103.0,4350.0,271,0.08724009749322585,0.06948434798001117,0.05923121961846925,1.564208984375,1.171487603305785,0.08906451546856126,34,38,59,0.2656826568265683,0.33579335793357934,0.34686346863468637,1
62,44,280,7324.5,5866.5,6790.5,267,0.10274376130959896,0.08229179817363128,0.0952531246054791,1.9054370447450573,3.03021694214876,0.08661352040816327,32,36,71,0.27715355805243447,0.2696629213483146,0.4681647940074906,1
62,42,530,8564.0,8142.0,6522.0,283,0.10693103921886901,0.10166190113498733,0.08143440422529935,2.227887617065557,4.615646258503402,0.02321822712709149,32,25,82,0.4275618374558304,0.2791519434628975,0.2968197879858657,1
72,42,327,8617.0,5204.0,4299.5,267,0.12087418816367182,0.07299863934127285,0.06031084739581141,1.662229938271605,2.950113378684807,0.04020892367832861,29,25,71,0.1760299625468165,0.3333333333333333,0.31835205992509363,1
74,42,422,6556.0,5618.0,5925.0,255,0.10082276047673971,0.08639753940792003,0.09111880046136102,1.1972242512783053,3.184807256235828,0.033270816019406575,24,35,74,0.30196078431372547,0.21176470588235294,0.3803921568627451,1
64,46,695,8709.5,5492.0,3215.5,259,0.129835571920514,0.08187117067425947,0.04793458654462515,2.1263427734375,2.5954631379962194,0.006657005330987009,40,33,56,0.3204633204633205,0.32432432432432434,0.39768339768339767,1
80,87,387,8199.0,5225.0,5347.0,263,0.1185357602394136,0.07553962035015686,0.0773034162702945,1.28109375,0.6903157616594002,0.03570164720335984,38,19,67,0.44866920152091255,0.07224334600760456,0.2623574144486692,1
62,39,212,9366.0,6936.0,5948.0,335,0.0834573401648474,0.06180441078191134,0.0530006683002896,2.436524453694069,4.560157790927022,0.13234247063011748,37,27,73,0.31343283582089554,0.2537313432835821,0.28955223880597014,1
68,43,200,8350.0,6296.0,4585.0,247,0.13686505269714305,0.10319788883607336,0.07515284630136537,1.805795847750865,3.4050838290968093,0.114625,23,31,62,0.3117408906882591,0.23481781376518218,0.46558704453441296,1
62,37,356,8177.5,5857.0,6578.0,331,0.0746387856992908,0.05345880377141501,0.060039612635883206,2.127341311134235,4.278305332359387,0.051903168791819214,42,33,77,0.3293051359516616,0.23867069486404835,0.338368580060423,1
78,46,383,7852.5,7540.5,9688.0,287,0.09533319574111619,0.09154536293994099,0.11761706467238889,1.290680473372781,3.5635633270321363,0.0660444886801328,27,34,86,0.36585365853658536,0.2926829268292683,0.4529616724738676,1
64,64,322,13055.0,7840.0,8986.0,343,0.11096566906646041,0.06663890045814244,0.07637973973429438,3.187255859375,1.9140625,0.08666718105011381,33,39,97,0.35276967930029157,0.2653061224489796,0.2886297376093295,1
62,39,489,8472.0,5846.0,6973.0,255,0.13028835063437139,0.08990388312187621,0.10723567858515956,2.2039542143600417,3.843523997370151,0.02916096871458383,18,35,75,0.07058823529411765,0.43529411764705883,0.3176470588235294,1
62,41,259,10979.0,8012.5,9643.0,295,0.12615914966963515,0.09207124389543235,0.110807239299052,2.8561394380853278,4.766508030933968,0.14375158390602405,32,34,94,0.4033898305084746,0.38305084745762713,0.488135593220339,1
62,39,458,9741.0,6101.0,7918.0,247,0.1596649674638168,0.10000163910242751,0.12978413021029683,2.534079084287201,4.011176857330703,0.03774718254800633,35,37,84,0.3643724696356275,0.4777327935222672,0.4574898785425101,1
62,41,280,11275.5,6427.5,10611.0,343,0.09584016863721749,0.05463284855799879,0.09019201183180478,2.9332726326742975,3.8236168947055322,0.13534438775510205,36,33,101,0.23615160349854228,0.239067055393586,0.3236151603498542,1
64,48,608,9678.0,6888.5,10000.0,303,0.10541450184622422,0.07503077040377305,0.10892178326743565,2.36279296875,2.9898003472222223,0.027051592797783932,32,32,91,0.22772277227722773,0.25412541254125415,0.32673267326732675,1
74,57,327,11960.0,6425.0,3034.0,343,0.10165832263767648,0.054611598908618005,0.02578857448852094,2.1840759678597514,1.9775315481686673,0.028373967773008258,30,26,66,0.2857142857142857,0.2594752186588921,0.35276967930029157,1
62,45,506,16665.0,5552.0,8603.0,311,0.17229970740583742,0.057402218752907845,0.08894655762450761,4.335327783558793,2.7417283950617284,0.03360074364542486,37,33,92,0.4983922829581994,0.17041800643086816,0.35691318327974275,1
78,47,411,17174.0,9271.5,10204.0,287,0.20850077092109895,0.11256055069261495,0.12388155738202479,2.8228139381985535,4.1971480307831595,0.06040693578655111,25,26,99,0.32752613240418116,0.24041811846689895,0.3519163763066202,1
62,39,265,20740.5,7868.0,15389.0,283,0.25896814793542183,0.09824070721322528,0.1921487345328322,5.395551508844953,5.172912557527942,0.2191384834460662,41,33,112,0.40636042402826855,0.31095406360424027,0.3957597173144876,1
76,47,268,17999.0,7161.0,20540.0,311,0.1860919552113812,0.07403769605359746,0.21236339574652868,3.1161703601108033,3.241738343141693,0.2859768322566273,50,47,136,0.17041800643086816,0.4437299035369775,0.6205787781350482,1
91,76,303,10084.0,5277.0,13770.0,327,0.09430556724555546,0.049350503605195974,0.12877703896978368,1.2177273276174374,0.9136080332409973,0.1499852955592589,27,28,103,0.2966360856269113,0.17737003058103976,0.41896024464831805,1
68,43,307,12731.0,8810.0,10529.0,303,0.13866832227777234,0.09596009105861081,0.114683745602283,2.753243944636678,4.76473769605192,0.11171471315345521,38,28,96,0.44554455445544555,0.24092409240924093,0.34983498349834985,1
64,46,439,8996.0,5811.0,7213.5,295,0.1033725940821603,0.06677391554151106,0.08288997414536053,2.1962890625,2.746219281663516,0.03742975596847256,48,33,83,0.27796610169491526,0.22033898305084745,0.5084745762711864,1
64,46,388,12975.5,7314.0,11556.5,275,0.17157685950413223,0.09671404958677686,0.15281322314049586,3.1678466796875,3.4565217391304346,0.07676493251142523,37,21,95,0.48,0.14909090909090908,0.5672727272727273,1
62,40,381,10954.5,6366.5,4430.0,335,0.09761194029850746,0.056729783916239694,0.039474270438850524,2.8497658688865766,3.9790625,0.030517838813455406,22,32,71,0.1253731343283582,0.3283582089552239,0.3402985074626866,1
64,43,419,12533.0,5100.0,4982.5,303,0.1365116709690771,0.05555010946639218,0.054270278512999814,3.059814453125,2.758247701460249,0.028380448960760078,31,18,65,0.1716171617161716,0.1188118811881188,0.25742574257425743,1
79,77,370,11894.0,6959.0,11592.0,279,0.15279865366580594,0.08940018756182475,0.14891895016764944,1.9057843294343855,1.1737223815145894,0.08467494521548576,29,24,104,0.34408602150537637,0.15053763440860216,0.5949820788530465,1
62,39,402,17159.5,9161.0,11228.0,287,0.2083247338197623,0.11121902657553205,0.13631341888331774,4.463969823100936,6.023011176857331,0.06947847825548872,26,39,107,0.2508710801393728,0.4634146341463415,0.5226480836236934,1
64,46,417,11323.0,5178.0,9307.0,279,0.14546318778021866,0.06652021428296143,0.11956423992497527,2.764404296875,2.447069943289225,0.05352264950629425,28,25,85,0.4050179211469534,0.1971326164874552,0.48028673835125446,1
62,38,266,20689.0,8785.0,25689.0,367,0.15360571390388228,0.06522433160837188,0.19072827031160675,5.382154006243496,6.083795013850415,0.36306461642828874,45,42,144,0.3242506811989101,0.26975476839237056,0.6130790190735694,1
62,35,336,24415.0,7650.0,20237.0,367,0.18126944293891856,0.056797511303818424,0.15024983480462398,6.351456815816857,6.244897959183674,0.1792534722222222,50,47,136,0.32697547683923706,0.3024523160762943,0.3896457765667575,1
64,52,331,21966.5,6383.0,21659.5,399,0.13797966093177808,0.04009396925898707,0.13605128108491782,5.3629150390625,2.360576923076923,0.19769352233002618,53,38,124,0.37844611528822053,0.3433583959899749,0.46115288220551376,1
62,42,399,31591.0,10664.5,27734.0,415,0.18342865437654232,0.06192190448541152,0.16103353171723037,8.218262226847035,6.045634920634921,0.1742074484456756,50,52,157,0.41445783132530123,0.23373493975903614,0.44819277108433736,1
62,42,287,28119.0,10230.0,21311.0,383,0.19169126519370913,0.0697393805943186,0.14528015052253407,7.315036420395422,5.799319727891157,0.25872597700591243,54,51,133,0.3733681462140992,0.46475195822454307,0.46475195822454307,1
62,45,250,19826.0,4995.0,17169.0,359,0.15383182936196957,0.03875668252108534,0.1332159123532561,5.157648283038502,2.466666666666667,0.274704,38,35,127,0.35376044568245124,0.2590529247910863,0.41225626740947074,1
62,39,331,19577.5,6221.0,19537.0,487,0.08254662287229782,0.026230240883083372,0.08237585856498952,5.093002081165452,4.090072320841552,0.1783207528226285,40,40,127,0.29568788501026694,0.2792607802874743,0.3141683778234086,1
62,43,304,16846.0,8018.0,18518.0,327,0.15754379073964966,0.07498433540012532,0.1731803346145573,4.382414151925078,4.336398053001623,0.20037655817174516,46,46,126,0.3333333333333333,0.4740061162079511,0.4801223241590214,1
64,52,228,14754.0,8038.0,17544.0,351,0.11975552146492317,0.0652429769238886,0.1424014415467407,3.60205078125,2.9726331360946747,0.33748845798707294,46,42,126,0.13105413105413105,0.2792022792022792,0.5413105413105413,1
62,38,386,13310.0,6489.0,11218.0,307,0.14122165752421775,0.06884953686511262,0.11902513554520472,3.4625390218522374,4.493767313019391,0.07529061182850547,32,29,101,0.46579804560260585,0.3257328990228013,0.4527687296416938,1
64,38,290,13016.5,7292.0,12561.5,303,0.14177803919005763,0.07942576435861408,0.13682209805138928,3.1778564453125,5.049861495844875,0.14936385255648038,33,30,101,0.37293729372937295,0.24092409240924093,0.36633663366336633,1
62,42,449,12990.0,7577.0,14484.0,279,0.16687863722202953,0.09733944836268804,0.18607160750761167,3.379292403746098,4.295351473922903,0.07184488172181686,38,35,106,0.4838709677419355,0.24372759856630824,0.48028673835125446,1
62,42,435,11657.5,5383.0,8607.5,283,0.1455568180399306,0.06721272584250022,0.10747418496922174,3.0326482830385015,3.0515873015873014,0.04548817545250363,39,37,85,0.31802120141342755,0.38162544169611307,0.5618374558303887,1
64,55,470,10529.0,4914.0,11190.0,287,0.12782721654991563,0.059658366618509394,0.1358520802729182,2.570556640625,1.6244628099173555,0.05065640561339973,31,31,95,0.3310104529616725,0.33797909407665505,0.3832752613240418,1
62,42,227,11946.0,5985.0,12616.0,315,0.12039304610733183,0.06031746031746032,0.12714537666918618,3.107700312174818,3.392857142857143,0.2448330066564459,30,41,106,0.27936507936507937,0.4031746031746032,0.49206349206349204,1
62,42,190,13060.5,6839.5,11061.0,315,0.13162509448223733,0.06892920131015369,0.11147392290249433,3.397632674297607,3.877267573696145,0.306398891966759,42,35,100,0.2253968253968254,0.3619047619047619,0.4507936507936508,1
64,43,739,13974.5,8397.0,21000.0,343,0.1187812901087132,0.07137332234018139,0.17849705479859582,3.4117431640625,4.541373715521904,0.038453016822279314,51,50,141,0.5481049562682215,0.4839650145772595,0.6064139941690962,1
62,38,202,16457.0,5832.0,24034.5,383,0.11218973474493657,0.039757582368139394,0.16384664153413003,4.2812174817898025,4.038781163434903,0.589023134986766,60,54,151,0.46736292428198434,0.2584856396866841,0.5143603133159269,1
62,42,178,17745.0,8156.0,27257.0,343,0.15083001130481347,0.06932485613987369,0.23168067726882507,4.616285119667014,4.62358276643991,0.8602764802423937,60,60,153,0.40524781341107874,0.1749271137026239,0.5451895043731778,1
64,57,246,12263.0,7756.0,23181.0,267,0.1720181234131493,0.10879658853399543,0.3251693809704162,2.993896484375,2.387196060326254,0.38305572080111044,56,54,148,0.602996254681648,0.21722846441947566,0.7116104868913857,1
61,38,192,15042.0,8640.0,27105.0,303,0.1638401463908767,0.0941084207430644,0.29523249354638437,4.042461703843053,5.983379501385041,0.7352701822916666,53,53,158,0.6138613861386139,0.47194719471947194,0.6402640264026402,1
62,42,197,10564.0,8077.0,21559.0,311,0.10922136867898388,0.08350823502651958,0.22289885340308724,2.748178980228928,4.578798185941043,0.5555154732149759,43,43,146,0.48231511254019294,0.5016077170418006,0.6495176848874598,1
63,43,595,10873.0,5170.0,12802.0,335,0.09688572065047894,0.04606816662953887,0.11407440409890844,2.739480977576216,2.796106003244997,0.03616128804462962,41,38,110,0.417910447761194,0.417910447761194,0.417910447761194,1
62,38,221,12716.0,7247.0,12764.0,291,0.1501635549887224,0.0855800002361805,0.15073038816263387,3.308012486992716,5.018698060941828,0.26133781044614157,40,29,105,0.29896907216494845,0.24054982817869416,0.5979381443298969,1
65,55,483,12119.0,4535.0,8745.0,287,0.14713059524821231,0.055057121004261314,0.1061685828406318,2.868402366863905,1.4991735537190083,0.0374856937103764,34,31,89,0.47038327526132406,0.10801393728222997,0.4146341463414634,1
63,44,413,14173.0,8313.0,12900.0,327,0.13254589493963284,0.0777431753780546,0.12064079903487361,3.5709246661627616,4.293904958677686,0.07562921750142171,42,46,98,0.3333333333333333,0.3363914373088685,0.6146788990825688,1
71,50,169,10804.0,6084.0,7498.0,287,0.13116585123043864,0.07386273962291638,0.09102939212567834,2.1432255504860147,2.4336,0.2625258219250026,31,31,82,0.313588850174216,0.10801393728222997,0.4843205574912892,1
80,50,202,14068.0,9290.0,18614.0,351,0.1141873848426555,0.0754052321003888,0.1510864359867209,2.198125,3.716,0.45618076659151063,42,36,126,0.32193732193732194,0.33618233618233617,0.4131054131054131,1
62,39,153,12145.5,8162.5,18457.5,303,0.13229095186746398,0.08890740559204435,0.20104238146586936,3.159599375650364,5.366535174227482,0.788478790208894,55,49,131,0.5676567656765676,0.47854785478547857,0.5544554455445545,1
62,51,472,9153.0,7464.0,16015.0,271,0.12463065590065495,0.10163260304189758,0.21806620280224942,2.38111342351717,2.8696655132641293,0.07188577276644642,44,39,121,0.5719557195571956,0.5129151291512916,0.6642066420664207,1
64,44,358,12687.0,7249.0,16864.5,359,0.09843964587487683,0.0562456840030726,0.13085326774311187,3.097412109375,3.7443181818181817,0.1315853125682719,48,50,129,0.20891364902506965,0.20334261838440112,0.3816155988857939,1
62,44,153,17080.0,5150.0,19084.0,311,0.17659039918942113,0.05324593418182194,0.19730978794677476,4.443288241415193,2.6601239669421486,0.8152420009398095,49,46,138,0.39228295819935693,0.35691318327974275,0.6334405144694534,1
62,39,407,13427.0,8215.0,17754.0,299,0.15018847663896376,0.0918893524680932,0.19858838268028323,3.4929760665972944,5.401051939513478,0.10717843150275583,56,53,130,0.4682274247491639,0.3277591973244147,0.5585284280936454,1
61,43,302,11714.0,6664.0,11102.0,287,0.14221369690053295,0.0809042236763831,0.13478371717515084,3.148078473528621,3.6041103299080586,0.12172711723170036,30,1,101,0.10452961672473868,0.003484320557491289,0.3623693379790941,1
62,42,498,15025.5,7159.0,20546.5,343,0.1277146427083953,0.06085049596681655,0.17464236840092137,3.908818938605619,4.058390022675737,0.08284745407332139,46,42,133,0.3236151603498542,0.13411078717201166,0.5131195335276968,1
64,63,312,11022.0,7249.0,12266.0,271,0.15007965577810758,0.09870508299178933,0.1670184229517572,2.69091796875,1.8264046359284454,0.12600673898750822,37,35,104,0.28044280442804426,0.36162361623616235,0.5239852398523985,1
64,47,255,9397.0,6617.0,12735.5,303,0.10235379973640929,0.07207354398806218,0.13871733708024267,2.294189453125,2.995473064735174,0.1958554402153018,39,38,110,0.39933993399339934,0.47194719471947194,0.36303630363036304,1
61,38,387,11241.5,8045.5,16612.5,271,0.15306844950368323,0.10955052354951594,0.22620198526708515,3.0210964794410105,5.571675900277008,0.1109208180598121,47,43,118,0.39114391143911437,0.39114391143911437,0.5571955719557196,1
62,34,361,15894.0,7464.0,14437.0,283,0.19845421968060534,0.09319631909500681,0.18026195857108968,4.134755463059313,6.4567474048442905,0.11078030401853883,37,36,114,0.5017667844522968,0.45936395759717313,0.5547703180212014,1
62,36,415,25179.0,10853.0,16400.0,311,0.26032609257555234,0.1122093444029735,0.16955986807415144,6.5502081165452655,8.374228395061728,0.09522427057628102,50,44,119,0.4887459807073955,0.3408360128617363,0.6366559485530546,1
64,63,306,26065.0,12476.0,17959.0,303,0.283904628086571,0.13589081680445272,0.1956126305699877,6.363525390625,3.143361048122953,0.19179589046947756,58,39,127,0.5610561056105611,0.3234323432343234,0.5445544554455446,1
64,43,303,10629.0,6343.5,13066.5,275,0.1405487603305785,0.08388099173553719,0.1727801652892562,2.594970703125,3.430773391022174,0.1423226481063948,30,31,106,0.2,0.23636363636363636,0.4072727272727273,1
62,38,242,13393.5,8047.0,12073.5,279,0.1720622808031757,0.10337739751544815,0.1551046363741473,3.484261186264308,5.572714681440443,0.20615907383375454,43,44,111,0.3870967741935484,0.5304659498207885,0.4874551971326165,1
62,36,362,14140.0,9594.0,16080.0,355,0.11219996032533228,0.0761277524300734,0.1275937314024995,3.6784599375650364,7.402777777777778,0.12270687707945423,47,43,122,0.4507042253521127,0.2591549295774648,0.4056338028169014,1
62,44,322,12542.0,6750.0,13466.0,303,0.1366097005740178,0.07352220370551907,0.14667407334792884,3.2627471383975024,3.4865702479338845,0.12987539060993017,37,35,109,0.2871287128712871,0.4158415841584158,0.48514851485148514,1
62,42,554,11020.0,6654.5,14059.0,315,0.1110607205845301,0.06706475182665658,0.1416880826404636,2.866805411030177,3.772392290249433,0.045807321873085796,43,43,114,0.2507936507936508,0.4793650793650794,0.4857142857142857,1
64,64,527,13980.0,9714.0,17335.5,295,0.16064349324906635,0.11162309681126113,0.19920137891410514,3.4130859375,2.37158203125,0.06241876073438496,47,47,128,0.3728813559322034,0.49491525423728816,0.6203389830508474,1
73,44,317,12466.0,9240.0,16398.0,395,0.07989745233135716,0.059221278641243394,0.10509854190033649,2.3392756614749484,4.7727272727272725,0.1631820398252545,45,44,122,0.2810126582278481,0.3139240506329114,0.42025316455696204,1
64,42,538,11266.0,8876.0,18586.0,323,0.10798531568403799,0.08507701597829942,0.17814797419701137,2.75048828125,5.031746031746032,0.06421276654551485,49,46,134,0.28173374613003094,0.39628482972136225,0.5015479876160991,1
62,41,291,11801.0,9334.0,16231.0,319,0.1159678069201364,0.0917247275478818,0.15950118414716838,3.0699791883454735,5.552647233789411,0.1916722759532835,36,36,123,0.45768025078369906,0.3573667711598746,0.5109717868338558,1
71,36,329,13294.0,7343.5,14918.0,283,0.16599033575147648,0.09169174293598371,0.1862677770979785,2.6371751636580045,5.666280864197531,0.13782208220544895,45,42,119,0.3957597173144876,0.34275618374558303,0.42402826855123676,1
78,75,467,13645.5,8451.5,12745.5,323,0.13079297223207353,0.08100815688830526,0.12216641585752763,2.2428500986193294,1.502488888888889,0.0584417370889866,27,37,108,0.23529411764705882,0.19195046439628483,0.3591331269349845,1
62,37,275,9353.0,7938.5,16635.0,295,0.10747486354495835,0.09122091353059465,0.19115196782533755,2.433142559833507,5.798758217677136,0.21996694214876034,46,30,121,0.31864406779661014,0.3288135593220339,0.5932203389830508,1
65,44,278,11352.0,8982.0,11795.0,287,0.13781883961198996,0.10904587891075526,0.14319707657006883,2.6868639053254437,4.639462809917355,0.15261891206459294,30,35,104,0.3588850174216028,0.12195121951219512,0.5087108013937283,1
71,43,276,10399.0,6330.0,14270.0,279,0.13359283667989877,0.0813196130573862,0.18332241363805707,2.062884348343583,3.423472147106544,0.18732934257508926,44,43,108,0.5663082437275986,0.3835125448028674,0.5663082437275986,1
64,41,213,13978.0,9526.0,16571.0,331,0.12758189501738756,0.08694699756300144,0.15124907585728498,3.41259765625,5.66686496133254,0.3652493993696136,49,46,128,0.4652567975830816,0.3293051359516616,0.4471299093655589,1
62,39,243,11191.0,7284.0,14647.0,311,0.11570393192791638,0.0753093950641536,0.15143557241964,2.911290322580645,4.788954635108481,0.2480482311300784,17,30,116,0.05466237942122187,0.2347266881028939,0.5305466237942122,1
66,68,834,16147.0,6832.0,15010.0,271,0.21986356394929263,0.09302705573181193,0.20438174861453412,3.7068411386593203,1.4775086505190311,0.021579858415425934,42,41,108,0.4280442804428044,0.47232472324723246,0.5571955719557196,1
62,43,375,10805.0,7607.0,9127.0,255,0.1661668589004229,0.11698577470203768,0.14036139946174547,2.8108740894901145,4.114115738236885,0.0649031111111111,38,25,82,0.4235294117647059,0.26666666666666666,0.4,1
