SrcIPF0,DstIPF0,DstPortF0,SrcIPF2,DstIPF2,DstPortF2,Events_F1,SrcIP_BurstIndex,DstIP_BurstIndex,DstPort_BurstIndex,SrcIP_Concentration,DstIP_Concentration,DstPort_Concentration,SrcIP_MaxCount,DstIP_MaxCount,DstPort_MaxCount,SrcIP_FractionOfMass,DstIP_FractionOfMass,DstPort_FractionOfMass,Attack
99,67,41,887.5,784.0,4885.25,95,0.09833795013850416,0.08686980609418282,0.5413019390581717,0.09055198449137843,0.1746491423479617,2.9061570493753717,14,12,67,0.4421052631578947,0.35789473684210527,0.9157894736842105,1
37,87,59,707.125,886.625,4479.75,87,0.0934238340599815,0.11713898797727573,0.5918549346016647,0.5165266617969321,0.11713898797727573,1.2869146796897444,12,0,65,0.3448275862068966,0.0,0.9655172413793104,1
48,67,145,26141.25,26090.5,108816.75,455,0.12627098176548726,0.12602584228957855,0.5256213017751479,11.346028645833334,5.812096235241702,5.175588585017836,72,66,299,0.545054945054945,0.43736263736263736,1.0153846153846153,0
28,59,502,77673.25,80240.75,196144.75,879,0.10052954735769912,0.1038525654217159,0.2538627253795747,99.07302295918367,23.05106291295605,0.7783398279392391,98,98,425,0.2901023890784983,0.30716723549488056,0.7133105802047781,0
36,63,335,21026.25,19891.5,34183.75,479,0.09164120623602581,0.08669549034392283,0.1489871034383567,16.223958333333332,5.011715797430083,0.3046001336600579,58,70,158,0.12734864300626306,0.14822546972860126,0.6033402922755741,0
99,49,214,6138.75,6715.5,4191.0,247,0.1006204002688128,0.11007392351948073,0.06869478273697323,0.6263391490664217,2.796959600166597,0.09151454275482575,33,39,50,0.4089068825910931,0.5060728744939271,0.25101214574898784,0
37,57,552,8895.875,7522.5,4206.5,287,0.10800027923126419,0.09132683412448858,0.05106897012225473,6.498082542001461,2.3153277931671283,0.013805201113211511,39,45,49,0.49477351916376305,0.4146341463414634,0.24390243902439024,0
36,66,576,6929.25,6403.75,3969.375,259,0.10329676063266797,0.0954629477795501,0.05917286564004711,5.346643518518518,1.4700987144168962,0.011964020905671295,40,34,43,0.42084942084942084,0.2471042471042471,0.16988416988416988,0
43,73,301,5867.25,5033.375,3691.75,267,0.08230231873079999,0.07060521258539186,0.05178568923676865,3.1732017306652245,0.9445252392568962,0.04074734274456132,35,30,48,0.4232209737827715,0.18352059925093633,0.3857677902621723,0
28,45,480,5787.125,6188.375,4392.375,251,0.09185766892589006,0.09822661545054841,0.06971913144235806,7.381536989795919,3.0559876543209876,0.019064127604166668,36,39,47,0.4103585657370518,0.3545816733067729,0.4940239043824701,0
28,49,516,6968.25,6482.75,4302.75,199,0.17596146561955506,0.16370167420014647,0.10865255927880609,8.888073979591837,2.7000208246563933,0.016160199206778438,40,38,48,0.5025125628140703,0.6381909547738693,0.27638190954773867,0
99,72,433,6006.75,6022.25,2936.5,255,0.0923760092272203,0.09261437908496732,0.0451595540176855,0.6128711355984083,1.161699459876543,0.015662252185461547,48,36,33,0.5215686274509804,0.5411764705882353,0.30980392156862746,0
37,54,392,6445.375,5887.125,2801.125,211,0.14477156847330475,0.13223254194649717,0.06291693807416725,4.70808984660336,2.0189043209876543,0.01822889551228655,36,35,20,0.6113744075829384,0.44075829383886256,0.24170616113744076,1
36,64,167,6342.5,5811.875,3592.75,271,0.08636184147819338,0.07913665391266458,0.04892022167454147,4.893904320987654,1.418914794921875,0.12882319193947434,39,28,25,0.34317343173431736,0.28044280442804426,0.09225092250922509,0
43,60,255,4912.375,4810.75,4982.5,239,0.08599945729241434,0.08422033927977451,0.087227114371247,2.656773931855057,1.3363194444444444,0.0766243752402922,19,19,46,0.14644351464435146,0.21338912133891214,0.3682008368200837,0
28,59,348,7186.875,7236.875,7675.0,235,0.1301380715255772,0.13104345857854233,0.13897691263014939,9.166932397959183,2.0789643780522837,0.06337528075042938,49,15,70,0.5872340425531914,0.08936170212765958,0.6468085106382979,0
99,72,284,4879.375,4639.0,3166.25,207,0.11387371934000794,0.10826390347499358,0.07389320637587808,0.4978446076930925,0.8948688271604939,0.03925622396349931,40,31,37,0.47342995169082125,0.4106280193236715,0.178743961352657,1
37,70,1739,6664.75,6112.625,4171.0,255,0.10249519415609382,0.09400422914263745,0.0641445597846982,4.868334550766983,1.2474744897959185,0.0013792437538048246,43,34,46,0.41568627450980394,0.43529411764705883,0.33725490196078434,0
28,55,269,5197.75,5361.5,2932.5,219,0.10837451262484102,0.11178874502199704,0.06114342903609182,6.629783163265306,1.7723966942148761,0.04052597393623637,38,33,43,0.4292237442922374,0.4703196347031963,0.3515981735159817,0
48,61,337,4406.75,5224.0,4091.0,231,0.08258372219411181,0.09789921478233167,0.07666647926388186,1.9126519097222223,1.403923676431067,0.036022153932851395,38,29,48,0.354978354978355,0.5151515151515151,0.43722943722943725,1
28,69,313,6425.25,6185.0,3018.5,243,0.1088121729411167,0.10474351809514132,0.051118562549746824,8.19547193877551,1.2990968283973956,0.030810766671089833,42,40,32,0.448559670781893,0.4156378600823045,0.3497942386831276,0
99,52,276,6173.5,6681.25,3856.75,295,0.07093938523412813,0.07677391554151106,0.044317724791726514,0.6298847056422814,2.4708764792899407,0.05062946334803613,30,25,44,0.31186440677966104,0.2271186440677966,0.26440677966101694,1
28,38,483,5750.375,6238.625,5353.875,251,0.09127434485166902,0.0990242218377486,0.0849807939556515,7.334661989795919,4.320377423822714,0.0229495389838355,42,31,49,0.3745019920318725,0.3745019920318725,0.3784860557768924,1
37,52,288,5765.25,5735.5,4533.25,275,0.07623471074380166,0.07584132231404958,0.059943801652892564,4.211285609934259,2.1211168639053253,0.05465434510030864,21,28,37,0.07636363636363637,0.17454545454545456,0.36,1
28,64,282,6333.5,6154.0,3838.25,235,0.11468537799909462,0.11143503847894976,0.06950203712086918,8.07844387755102,1.50244140625,0.04826530355615915,52,28,46,0.22127659574468084,0.4085106382978723,0.3617021276595745,1
42,65,233,4026.75,5339.75,2443.0,243,0.06819336483259665,0.09042913512506562,0.04137241951599519,2.2827380952380953,1.2638461538461538,0.044999907900311296,32,29,32,0.21810699588477367,0.21810699588477367,0.1934156378600823,1
37,53,263,6858.25,6569.25,4259.75,275,0.09068760330578512,0.08686611570247933,0.056327272727272726,5.0096785975164355,2.3386436454254182,0.06158466943283841,29,35,44,0.4109090909090909,0.36363636363636365,0.2690909090909091,1
99,49,274,4661.125,5113.875,3572.5,271,0.0634676134584224,0.06963242602905734,0.04864449013493825,0.475576471788593,2.129893794252395,0.04758511375139858,30,24,34,0.3948339483394834,0.23985239852398524,0.12546125461254612,0
37,56,287,5576.25,5507.75,3912.25,263,0.0806177622923564,0.07962743425522995,0.05656074252916769,4.073228634039445,1.756297831632653,0.04749663101409511,32,36,46,0.34600760456273766,0.4866920152091255,0.43346007604562736,0
28,58,331,5763.5,5323.125,3359.875,203,0.1398602247081948,0.1291738455191827,0.08153255356839526,7.35140306122449,1.582379607609988,0.030666706218453646,44,40,39,0.5714285714285714,0.5665024630541872,0.5073891625615764,0
28,58,407,4623.5,4945.75,2580.375,223,0.0929739186390235,0.09945404090168715,0.05188873695429226,5.897321428571429,1.4701991676575505,0.015577365393090209,29,35,0,0.5067264573991032,0.5067264573991032,0.0,0
43,73,399,6778.375,6438.875,4188.5,299,0.07581990134338543,0.0720224046710887,0.04685070636793772,3.6659680908599244,1.2082707825107901,0.02630950810610486,40,31,36,0.30434782608695654,0.28762541806020064,0.34782608695652173,1
99,49,333,5663.25,5424.875,3105.375,263,0.08187555118622504,0.078429281903743,0.04489547340571643,0.5778236914600551,2.2594231570179093,0.02800435570705841,34,26,36,0.41064638783269963,0.4524714828897338,0.3041825095057034,1
37,48,546,7080.0,5910.25,3978.5,263,0.10235799274241351,0.08544651505732337,0.05751854154317686,5.171658144631118,2.565212673611111,0.01334547625756417,44,26,30,0.42585551330798477,0.27756653992395436,0.12927756653992395,1
28,41,492,5364.5,5616.875,4255.0,215,0.11605191995673336,0.12151162790697674,0.09204975662520282,6.842474489795919,3.341389054134444,0.01757799590191024,28,34,47,0.4697674418604651,0.48372093023255813,0.3023255813953488,1
28,58,686,5131.25,4535.0,4141.75,203,0.12451770244364095,0.11004877575286952,0.10050595743648232,6.544961734693878,1.3480975029726516,0.008801073532286718,26,27,48,0.5073891625615764,0.18719211822660098,0.4827586206896552,1
48,59,339,4916.125,5099.5,4171.875,247,0.08058032421446017,0.0835860282909079,0.06838130439771181,2.1337348090277777,1.4649525998276358,0.03630211188555617,28,25,41,0.3805668016194332,0.3643724696356275,0.4048582995951417,1
28,51,252,4936.75,4884.375,3696.5,211,0.11088587408189393,0.1097094629500685,0.0830282338671638,6.296875,1.877883506343714,0.058208931720836486,40,28,41,0.5687203791469194,0.4549763033175355,0.46919431279620855,1
99,67,297,5935.0,5799.0,3498.25,259,0.0884751270851657,0.0864477273743683,0.052149639987477826,0.6055504540353025,1.2918244597905992,0.039658651611513565,41,28,28,0.23552123552123552,0.4942084942084942,0.3474903474903475,1
43,80,216,5467.25,5500.5,3587.0,279,0.07023612235197389,0.07066327513778087,0.046081114065852184,2.9568685776095185,0.859453125,0.07688185871056241,27,31,43,0.24014336917562723,0.2222222222222222,0.15412186379928317,1
28,42,222,6261.5,5657.0,3973.5,267,0.08783262494915064,0.07935305587117227,0.055737911879813154,7.986607142857143,3.2069160997732427,0.0806245434623813,42,33,46,0.32209737827715357,0.2808988764044944,0.250936329588015,1
28,46,353,5778.75,5856.625,4198.5,263,0.08354537437291272,0.08467124000636123,0.060699157136867674,7.370854591836735,2.767781190926276,0.03369339293309472,31,36,46,0.4144486692015209,0.3840304182509506,0.2737642585551331,1
43,67,362,5305.5,5522.5,3339.5,287,0.06441136835459943,0.06704585462977576,0.040543165511296726,2.8693888588426177,1.2302294497660948,0.02548380696559934,38,25,35,0.313588850174216,0.17421602787456447,0.289198606271777,1
99,63,701,4214.875,4429.25,2446.625,251,0.06690171584578022,0.07030443961206966,0.03883470103649148,0.430045403530252,1.1159611992945326,0.004978876721862593,22,0,30,0.30677290836653387,0.0,0.2868525896414343,1
43,97,730,6025.0,5906.0,4029.5,279,0.07740136945825465,0.07587261211957709,0.05176577895967421,3.2585181179015685,0.6276968859602509,0.007561456183148808,29,33,42,0.2724014336917563,0.2831541218637993,0.3225806451612903,1
28,64,401,8374.625,8145.25,5424.375,287,0.10167204895045466,0.09888732411465478,0.06585456907331642,10.681919642857142,1.98858642578125,0.03373346558790057,47,22,28,0.34494773519163763,0.13937282229965156,0.18815331010452963,1
28,59,192,7238.25,6924.25,5397.0,311,0.07483638506632478,0.07158993393368555,0.0557996712192802,9.232461734693878,1.9891554151106003,0.14640299479166666,32,39,43,0.36977491961414793,0.2797427652733119,0.3408360128617363,1
42,66,281,5859.75,6204.25,4329.75,311,0.060584051033384684,0.06414584216457646,0.044765356024027876,3.3218537414965987,1.424299816345271,0.05483403199047631,30,32,44,0.4180064308681672,0.3440514469453376,0.36977491961414793,1
28,63,357,10561.125,9204.375,8574.125,287,0.12821722978304945,0.11174562031832364,0.10409407665505227,13.470822704081632,2.319066515495087,0.06727494919536442,45,51,68,0.3310104529616725,0.5261324041811847,0.5609756097560976,1
99,53,479,10743.25,10201.25,9060.0,319,0.10557335324928017,0.1002471477285011,0.08903214394512632,1.096138149168452,3.631630473478106,0.03948727559590483,50,13,68,0.29153605015673983,0.04075235109717868,0.43573667711598746,1
43,94,331,7459.875,6750.5,4109.125,359,0.05788188328768399,0.05237777484656388,0.03188309370659756,4.034545700378583,0.7639769126301494,0.037505362309580965,43,39,39,0.415041782729805,0.38440111420612816,0.2924791086350975,1
28,66,229,6901.0,6587.875,6352.75,295,0.07929905199655271,0.07570094800344729,0.07299913817868428,8.802295918367347,1.5123679981634528,0.12114090120325699,33,31,48,0.20677966101694914,0.2745762711864407,0.535593220338983,1
36,49,297,11626.5,9896.25,7970.25,319,0.11425300458918446,0.09724992875463095,0.07832322795570013,8.971064814814815,4.121720116618076,0.09035642621501207,77,45,67,0.5454545454545454,0.2664576802507837,0.3730407523510972,1
47,56,344,8984.25,8651.75,8302.5,343,0.07636486497972783,0.0735386616120834,0.07057008559358771,4.0671118153010415,2.7588488520408165,0.0701603907517577,44,38,60,0.41690962099125367,0.2886297376093295,0.5072886297376094,1
108,70,273,9584.75,8817.0,9064.75,263,0.13857002414376382,0.12747039858896325,0.13105220546776736,0.8217378257887518,1.7993877551020407,0.12162715184693207,61,35,60,0.5475285171102662,0.3041825095057034,0.6387832699619772,1
37,79,378,7568.625,7442.875,4878.75,271,0.10305721599651421,0.10134495717650903,0.06643087648588664,5.528579254930606,1.1925773113283127,0.0341448307718149,44,0,41,0.28413284132841327,0.0,0.3210332103321033,1
36,52,221,9444.75,9170.5,10289.25,423,0.05278490350921315,0.051252172649486664,0.05750465268346663,7.2876157407407405,3.391457100591716,0.21066829098503306,48,19,66,0.28368794326241137,0.04491725768321513,0.3309692671394799,1
28,45,414,9417.25,10184.0,9343.0,407,0.05685062994645304,0.06147939317472487,0.05640239301172962,12.011798469387756,5.029135802469136,0.054511190459520645,44,41,66,0.36609336609336607,0.19164619164619165,0.4201474201474201,0
28,66,449,7744.75,8057.0,10414.0,263,0.11196851190562246,0.11648281744712227,0.15055877633043704,9.878507653061224,1.8496326905417815,0.05165648979915774,48,32,61,0.39923954372623577,0.21673003802281368,0.623574144486692,1
48,71,363,8253.375,6963.375,6151.875,255,0.1269261822376009,0.10708765859284891,0.0946078431372549,3.5821940104166665,1.3813479468359453,0.04668681556359994,42,41,56,0.4196078431372549,0.4235294117647059,0.396078431372549,1
99,75,409,11236.75,11833.5,11419.75,351,0.09120664604995089,0.09605035673411742,0.09269202360370452,1.1464901540659116,2.1037333333333335,0.0682668683233601,42,50,72,0.17663817663817663,0.2535612535612536,0.5213675213675214,1
37,48,438,6485.5,7212.75,6985.25,271,0.08830898272082352,0.09821148949496875,0.09511376479078444,4.737399561723886,3.1305338541666665,0.036411094430891765,46,38,51,0.4317343173431734,0.3173431734317343,0.5387453874538746,1
37,73,262,7882.75,8813.0,8723.25,343,0.06700226946255387,0.07490926399714405,0.07414640158437386,5.7580350620891165,1.6537811972227434,0.1270795699551308,40,24,58,0.22448979591836735,0.12244897959183673,0.33819241982507287,1
28,64,256,7328.75,8231.75,7355.5,295,0.08421430623384085,0.09459063487503591,0.0845216891697788,9.347895408163266,2.00970458984375,0.11223602294921875,40,44,55,0.4542372881355932,0.37966101694915255,0.535593220338983,1
43,70,293,8921.875,9225.5,10550.125,331,0.08143294603006544,0.08420423325818494,0.09629452998786064,4.8252433747971875,1.8827551020408164,0.12289164696152546,33,44,79,0.3413897280966767,0.3202416918429003,0.3504531722054381,1
99,71,285,9902.25,9388.25,11177.5,367,0.07351936683767792,0.06970316803896384,0.08298747484946803,1.0103305785123966,1.8623784963300933,0.1376115727916282,48,49,73,0.3787465940054496,0.4877384196185286,0.5068119891008175,0
37,48,306,7074.5,7164.5,6332.5,291,0.08354294351743602,0.0846057557185201,0.07478064737072071,5.16764061358656,3.109592013888889,0.06762890341321715,24,33,46,0.18213058419243985,0.21305841924398625,0.3024054982817869,1
28,63,503,11433.75,10424.25,10319.25,343,0.09718527144302119,0.08860466302306012,0.08771217774906714,14.583864795918368,2.626417233560091,0.04078609851823453,71,48,68,0.5481049562682215,0.13994169096209913,0.5422740524781341,1
28,66,365,9820.25,9239.5,9356.5,287,0.11922264444147677,0.11217205502069953,0.11359249232114023,12.525829081632653,2.121097337006428,0.07023081253518484,51,44,72,0.36585365853658536,0.4076655052264808,0.289198606271777,1
36,41,275,7878.875,7005.375,6263.625,259,0.11745315365006485,0.104431582713436,0.09337405524664212,6.0793788580246915,4.167385484830458,0.08282479338842975,46,27,53,0.5945945945945946,0.1776061776061776,0.3474903474903475,0
48,76,633,9374.625,8415.625,8289.625,287,0.11381253869781106,0.10216980903009627,0.10064010732192936,4.06884765625,1.4569987880886426,0.020688426685035028,57,32,65,0.20557491289198607,0.11498257839721254,0.4181184668989547,1
99,70,533,8485.0,8016.75,8112.0,287,0.10301205550631913,0.09732727118211949,0.09848365283055519,0.8657279869401081,1.6360714285714286,0.028554431885782272,51,33,57,0.5400696864111498,0.39372822299651566,0.5470383275261324,0
37,68,361,8570.75,9153.25,6960.375,327,0.08015365335877077,0.08560119331519045,0.06509342647925259,6.260591672753835,1.9795090830449826,0.053409465857382925,52,47,59,0.5259938837920489,0.3577981651376147,0.3853211009174312,0
28,41,292,8691.5,9179.75,8703.0,287,0.10551906663914823,0.11144666075829499,0.10565868227124282,11.08609693877551,5.460886377156455,0.10207121411146557,45,31,61,0.5296167247386759,0.18815331010452963,0.5679442508710801,0
48,41,241,9853.125,9907.75,11226.875,327,0.09214642426282861,0.09265727725874179,0.10499373416005013,4.276529947916667,5.893961927424153,0.19329686127993664,57,53,67,0.44036697247706424,0.5137614678899083,0.5657492354740061,1
36,70,299,7935.25,8285.5,12001.25,263,0.11472263586288656,0.11978632046147841,0.1735061949717359,6.122878086419753,1.6909183673469388,0.1342406684488988,52,37,72,0.6007604562737643,0.3269961977186312,0.6844106463878327,0
99,74,334,8528.375,8686.5,7447.375,287,0.10353864924911071,0.10545836419041144,0.09041477983221843,0.8701535557596164,1.5862856099342586,0.06675907167700527,45,43,60,0.5156794425087108,0.5400696864111498,0.4843205574912892,0
37,57,304,10094.625,9819.625,9583.0,311,0.10436849288158724,0.10152526338644141,0.09907879364357275,7.3737216946676405,3.022353031702062,0.10369416551246538,46,38,60,0.45980707395498394,0.4662379421221865,0.4758842443729904,1
28,60,468,7658.75,7677.0,8215.0,271,0.10428439155240261,0.10453289034735366,0.11185849865878733,9.768813775510203,2.1325,0.03750730513551026,35,37,61,0.4907749077490775,0.3284132841328413,0.4059040590405904,1
28,48,309,10901.0,10134.5,10093.5,287,0.13234347873593222,0.12303779334458352,0.12254003326494191,13.904336734693878,4.398654513888889,0.10571213120935055,49,34,62,0.4425087108013937,0.29965156794425085,0.5156794425087108,1
28,61,748,7893.125,9125.0,9048.625,359,0.061243511456304654,0.07080174734832907,0.07020914642189306,10.067761479591837,2.4522977694168233,0.01617258321656324,44,44,54,0.43175487465181056,0.35376044568245124,0.2200557103064067,1
99,77,442,11407.5,9825.75,10557.0,331,0.10412007922527176,0.0896829163662252,0.09635728041912725,1.1639118457300275,1.6572356215213357,0.05403759136790811,52,34,78,0.48036253776435045,0.27492447129909364,0.4169184290030212,0
37,81,317,7709.75,8237.75,7373.0,267,0.10814782084192512,0.11555429308869532,0.10342409067317539,5.631665449233017,1.2555631763450694,0.07337121475982446,36,39,49,0.3408239700374532,0.30711610486891383,0.5917602996254682,1
28,78,228,6629.0,7102.0,6830.0,311,0.06853733935753352,0.07342769408918436,0.07061548164307647,8.455357142857142,1.1673241288625904,0.13138658048630347,37,35,48,0.36012861736334406,0.3858520900321543,0.31511254019292606,0
28,61,334,6378.0,6487.5,4965.25,239,0.1116577090737207,0.11357469231981233,0.0869251238598764,8.135204081632653,1.7434829346949745,0.04450903582057442,35,36,42,0.40585774058577406,0.32217573221757323,0.45188284518828453,1
28,59,382,7167.5,7107.5,5297.75,271,0.0975953486472134,0.09677836630764831,0.0721361364905162,9.142219387755102,2.041798333812123,0.03630485732299005,38,43,57,0.24723247232472326,0.3800738007380074,0.35424354243542433,0
28,59,208,6851.75,6265.75,4856.25,239,0.11995150645121759,0.10969258241277288,0.08501689396194044,8.739477040816327,1.7999856363114048,0.11224690273668639,35,33,55,0.5439330543933054,0.606694560669456,0.3891213389121339,1
99,75,358,5963.125,6387.25,4472.25,279,0.07660647987564394,0.08205508665099369,0.05745365552857749,0.608420059177635,1.1355111111111111,0.03489474423395025,37,36,48,0.5053763440860215,0.3763440860215054,0.22580645161290322,1
37,90,327,5481.375,5933.125,3839.25,215,0.11858031368307193,0.12835316387236345,0.08305570578691185,4.003926223520818,0.7324845679012346,0.03590466571276268,28,19,44,0.5488372093023256,0.18604651162790697,0.4883720930232558,1
28,61,311,5366.5,5657.5,3045.875,227,0.10414523860350482,0.10979254400434707,0.059109918686564844,6.845025510204081,1.5204246170384306,0.031491351412826586,40,33,14,0.5726872246696035,0.44052863436123346,0.1277533039647577,1
36,69,569,5634.75,5805.5,4165.75,227,0.10935104504259738,0.11266471307419124,0.08084282636961711,4.347800925925926,1.2193866834698592,0.0128667442959467,11,23,49,0.048458149779735685,0.1013215859030837,0.5330396475770925,1
28,61,440,5532.0,5591.25,3591.25,267,0.07759962967638766,0.07843075369271557,0.05037593457616182,7.0561224489795915,1.5026202633700618,0.018549845041322312,34,31,40,0.550561797752809,0.4044943820224719,0.25842696629213485,1
99,72,590,5377.75,5340.0,4153.5,279,0.06908634267288447,0.0686013797356149,0.05335876979997688,0.548694010815223,1.0300925925925926,0.011931916116058604,37,31,47,0.3655913978494624,0.32974910394265233,0.3154121863799283,1
77,99,293,6458.5,7463.5,5357.25,281,0.08179354364813009,0.09452134598092729,0.06784678512176898,1.089306797099005,0.7615039281705949,0.062403173013081105,37,34,54,0.39501779359430605,0.2669039145907473,0.25622775800711745,1
28,69,315,6513.375,7166.625,5054.5,323,0.06243110736228661,0.06869254953081118,0.04844769910571366,8.307876275510203,1.5052772526780087,0.050939783320735704,25,29,50,0.19814241486068113,0.18575851393188855,0.19504643962848298,1
28,60,1409,6920.75,7251.75,4743.5,295,0.07952599827635737,0.08332950301637461,0.05450732548118357,8.82748724489796,2.014375,0.0023893343058237096,36,8,51,0.4101694915254237,0.02711864406779661,0.2,1
28,72,257,5253.75,5869.75,4917.75,279,0.0674933518325818,0.07540691923279505,0.06317686052337457,6.701211734693878,1.1322820216049383,0.07445608563339338,28,31,46,0.40860215053763443,0.4910394265232975,0.16487455197132617,1
28,66,343,4712.0,4972.125,3193.25,239,0.08249155301902977,0.08704548239701686,0.05590325799618354,6.010204081632653,1.1414428374655647,0.027142177154076956,28,26,0,0.48535564853556484,0.3305439330543933,0.0,1
99,73,1125,5147.375,5433.5,5252.5,227,0.09989277882357507,0.10544547730404238,0.10193289215781405,0.5251887562493623,1.0196096828673298,0.0041501234567901234,33,24,55,0.5330396475770925,0.20704845814977973,0.4185022026431718,0
37,81,709,5519.5,6208.5,4111.5,255,0.08488273740868897,0.09547866205305652,0.06322952710495963,4.031775018261505,0.9462734339277549,0.008179143432912721,32,28,40,0.4470588235294118,0.4823529411764706,0.24705882352941178,1
28,64,250,5847.0,6212.25,4392.75,247,0.09583831893655034,0.10182514055303316,0.07200167188447607,7.457908163265306,1.51666259765625,0.070284,31,27,47,0.5101214574898786,0.10931174089068826,0.3562753036437247,1
28,66,1132,6900.0,7098.0,4677.5,247,0.11309806749823796,0.11634349030470914,0.07666901604681277,8.801020408163266,1.6294765840220387,0.0036502359874639465,38,31,46,0.5465587044534413,0.3157894736842105,0.30364372469635625,1
28,59,914,6668.125,7974.25,4798.5,303,0.07263040660501693,0.08685695302203487,0.052266117700879,8.505261479591837,2.2907928756104567,0.0057439824945295405,29,45,51,0.21782178217821782,0.25412541254125415,0.26732673267326734,0
99,73,862,5773.5,5973.25,4349.25,271,0.07861412562465107,0.08133399599678653,0.05922100733922468,0.5890725436179982,1.1208951022705949,0.005853287288505122,33,24,40,0.4575645756457565,0.16605166051660517,0.25461254612546125,1
48,68,329,7634.0,8010.25,5211.5,295,0.08772191898879632,0.09204538925596092,0.05988509049123815,3.3133680555555554,1.7323205017301038,0.04814719006661062,30,27,30,0.2135593220338983,0.25084745762711863,0.1864406779661017,1
37,56,258,8562.75,9175.75,7395.75,339,0.07450988070065523,0.07984397977741231,0.06435507870624167,6.254747991234478,2.92594068877551,0.1111073553272039,56,50,49,0.43952802359882004,0.5132743362831859,0.14454277286135694,0
28,58,254,11770.625,11377.75,11351.375,311,0.12169668427745785,0.11763474323052905,0.1173620516744037,15.013552295918368,3.3822086801426874,0.1759466643933288,64,64,62,0.662379421221865,0.4983922829581994,0.19935691318327975,0
35,67,390,10605.75,11577.5,8278.0,319,0.10422214797417478,0.11377148416387417,0.08134747103507238,8.657755102040817,2.5790822009356202,0.05442472057856673,68,66,66,0.4231974921630094,0.3793103448275862,0.3605015673981191,0
28,61,352,6780.5,7750.75,4892.25,279,0.0871070515538084,0.09957156254416054,0.06284926966508653,8.64859693877551,2.082975006718624,0.039484197443181816,39,33,50,0.46953405017921146,0.23655913978494625,0.17921146953405018,1
99,73,329,5852.25,5952.5,4548.25,267,0.08209190758742584,0.08349815539564309,0.06380016552343279,0.5971074380165289,1.1170013135672734,0.0420196598331501,26,24,47,0.25842696629213485,0.16104868913857678,0.2883895131086142,1
43,90,530,6081.75,6750.0,3718.5,223,0.12229785437068913,0.1357356874258481,0.07477528202859499,3.2892103839913465,0.8333333333333334,0.013237807048771805,41,32,45,0.6636771300448431,0.25112107623318386,0.20179372197309417,1
28,65,440,5688.75,5687.0,3133.5,255,0.08748558246828143,0.08745866974240676,0.048189158016147635,7.256058673469388,1.34603550295858,0.01618543388429752,36,21,34,0.2901960784313726,0.08235294117647059,0.13333333333333333,0
28,61,233,6143.25,6251.25,5129.5,287,0.07458206364044725,0.07589323653316175,0.0622746421590647,7.83577806122449,1.679991937651169,0.09448507064046123,40,27,57,0.3867595818815331,0.32752613240418116,0.2926829268292683,0
28,48,459,5701.25,5657.0,3781.0,255,0.08767781622452903,0.08699730872741253,0.058146866589773166,7.2720025510204085,2.455295138888889,0.01794656376227567,32,32,48,0.2980392156862745,0.3411764705882353,0.26666666666666666,0
99,69,308,5474.0,5992.25,4486.75,227,0.10623144248869569,0.11628888587009258,0.08707232820353587,0.5585144373023161,1.2586116362108801,0.04729665626581211,34,28,51,0.5198237885462555,0.4185022026431718,0.28193832599118945,0
48,55,300,7219.875,7707.875,6565.125,303,0.0786401659967977,0.08395554902024856,0.07150851223736235,3.1336263020833335,2.5480578512396694,0.07294583333333333,42,40,61,0.42574257425742573,0.33663366336633666,0.2871287128712871,1
43,71,851,5329.0,5941.75,5331.75,231,0.09986694402278817,0.11135004966173798,0.09991847978860965,2.8820984315846405,1.1786847847649276,0.007362251640083347,35,20,55,0.4199134199134199,0.08658008658008658,0.5021645021645021,0
33,64,343,6833.25,5898.125,5430.375,327,0.06390455348876357,0.055159264558725885,0.05078486659372107,6.274793388429752,1.439971923828125,0.04615742590247261,32,24,56,0.382262996941896,0.21406727828746178,0.1743119266055046,1
27,58,375,8437.5,6921.375,4390.0,267,0.11835626814796112,0.09708896183141859,0.06158032796083547,11.574074074074074,2.057483650416171,0.03121777777777778,46,30,48,0.41947565543071164,0.36329588014981273,0.37453183520599254,1
28,66,415,6920.25,6330.25,3871.5,279,0.08890237792423016,0.08132282473246746,0.04973600030832081,8.826849489795919,1.4532254361799817,0.022479314849760488,37,33,43,0.5017921146953405,0.4982078853046595,0.24372759856630824,1
104,73,699,6864.5,6842.25,4565.25,359,0.05326231174494301,0.053089671867847084,0.03542221118706403,0.6346616124260355,1.2839650966410208,0.009343513418924644,44,29,6,0.2590529247910863,0.25069637883008355,0.027855153203342618,1
49,64,306,6040.25,6068.0,5029.75,331,0.05513138799390294,0.05538467155283358,0.04590821551464481,2.515722615576843,1.4814453125,0.0537159853047973,30,32,53,0.2598187311178248,0.09667673716012085,0.16012084592145015,0
28,64,329,6358.5,5908.75,3989.25,275,0.08407933884297521,0.07813223140495867,0.052750413223140495,8.110331632653061,1.44256591796875,0.036855258173889745,29,23,43,0.3527272727272727,0.32727272727272727,0.18181818181818182,0
27,66,519,7290.75,7111.0,5996.5,287,0.08851327562553873,0.08633102259345142,0.0728004467700227,10.001028806584362,1.6324609733700643,0.022261945864471843,46,31,58,0.3205574912891986,0.40418118466898956,0.28222996515679444,1
52,47,443,7015.0,6986.125,6191.875,311,0.07252819966708367,0.07222966057009336,0.0640178968372949,2.5943047337278107,3.1625735626980536,0.03155111618403151,31,30,59,0.17684887459807075,0.18006430868167203,0.2379421221864952,1
99,73,447,5731.25,5892.75,3632.0,267,0.08039459103087433,0.08266001767453604,0.050947551515661604,0.5847617590041833,1.105789078626384,0.018177359378206186,23,26,27,0.11235955056179775,0.18352059925093633,0.15730337078651685,0
48,85,249,10286.5,9684.25,9489.0,311,0.10635229164297309,0.10012561904860372,0.09810692610705017,4.464626736111111,1.3403806228373703,0.1530459186142159,61,56,63,0.2604501607717042,0.24115755627009647,0.5916398713826366,1
28,64,592,5343.25,5589.375,3875.5,271,0.07275568143135305,0.0761070110701107,0.05277025094974197,6.815369897959184,1.364593505859375,0.011058197132943754,34,26,0,0.4132841328413284,0.25461254612546125,0.0,1
37,73,431,5046.0,5341.0,4855.25,263,0.07295175584438116,0.07721667220864838,0.07019401755121514,3.6859021183345506,1.0022518296115595,0.02613707936542116,21,19,47,0.16730038022813687,0.07224334600760456,0.3650190114068441,1
28,66,698,5893.25,6469.5,3591.25,267,0.08266703137931518,0.09075032613727223,0.05037593457616182,7.516900510204081,1.4851928374655647,0.0073711422730519454,28,39,42,0.46441947565543074,0.3782771535580524,0.16104868913857678,1
28,64,449,5833.25,6150.0,4712.25,259,0.08695830413977132,0.09168020751032334,0.0702471638765075,7.440369897959184,1.50146484375,0.023374140009226146,27,37,47,0.33204633204633205,0.2471042471042471,0.3166023166023166,1
99,73,424,5841.75,5743.0,4318.25,347,0.04851589166922738,0.047695770249732164,0.03586318298466062,0.5960361187633915,1.077688121598799,0.02402016954432182,31,27,44,0.3400576368876081,0.2824207492795389,0.2334293948126801,1
48,61,388,6089.25,6442.0,4900.5,287,0.07392647719409001,0.07820903495246999,0.059494470006920076,2.6429036458333335,1.7312550389680192,0.03255194494632798,38,25,42,0.20209059233449478,0.14982578397212543,0.14634146341463414,1
28,58,713,8174.75,7158.75,3047.875,279,0.10501856348196965,0.0919663159517478,0.03915513675312496,10.426977040816327,2.128046967895363,0.005995399011348056,41,41,35,0.5448028673835126,0.32616487455197135,0.23297491039426524,0
36,66,311,5817.0,5640.75,4383.5,271,0.07920643782083578,0.07680655219836331,0.05968736809139309,4.488425925925926,1.2949380165289257,0.04532107815262456,44,30,48,0.28044280442804426,0.11439114391143912,0.4132841328413284,1
28,63,284,7986.0,5434.5,4306.0,231,0.14965986394557823,0.10184404340248496,0.08069563913719757,10.186224489795919,1.3692365835222977,0.05338722475699266,52,39,48,0.7012987012987013,0.354978354978355,0.36363636363636365,1
99,53,253,5505.125,5411.375,4449.125,239,0.09637655153096059,0.09473529875177256,0.07788948022618651,0.5616901336598307,1.9264417942328231,0.06950780359012014,36,31,49,0.4225941422594142,0.2384937238493724,0.4309623430962343,0
36,81,317,4058.75,4567.0,3419.0,239,0.07105530365364753,0.07995308205388561,0.05985539468846834,3.1317515432098766,0.6960829141899101,0.03402362447631084,26,26,40,0.19665271966527198,0.3891213389121339,0.21338912133891214,0
42,56,550,5724.0,4942.0,2592.25,227,0.11108307943100001,0.09590715907547206,0.05030662345475363,3.2448979591836733,1.5758928571428572,0.008569421487603306,34,25,36,0.3436123348017621,0.29955947136563876,0.2643171806167401,0
36,67,409,4574.25,5266.5,3010.0,211,0.10274364906448642,0.11829249118393567,0.06760854428247344,3.529513888888889,1.1732011583871687,0.01799367531279703,35,35,40,0.3696682464454976,0.5971563981042654,0.2938388625592417,0
28,59,415,5375.25,5958.0,3809.25,191,0.14734382281187466,0.16331789150516707,0.10441736794495765,6.856186224489796,1.7115771330077565,0.02211786906662796,31,30,46,0.3298429319371728,0.17277486910994763,0.34554973821989526,1
99,69,274,5442.375,6309.875,4725.5,255,0.0836966551326413,0.09703767781622454,0.0726720492118416,0.5552877257422711,1.3253255618567528,0.06294288454366243,33,34,51,0.5450980392156862,0.4745098039215686,0.3137254901960784,0
28,72,247,5731.5,5746.25,4060.125,251,0.0909747464325963,0.09120886970048095,0.06444540562848208,7.310586734693878,1.1084587191358024,0.06654960743496861,36,25,50,0.47410358565737054,0.3426294820717131,0.3107569721115538,0
48,55,308,6698.625,5991.125,4119.0,239,0.1172707935785438,0.10488480593827139,0.0721100821064057,2.9073893229166665,1.9805371900826447,0.04342005397200202,47,29,43,0.5188284518828452,0.12133891213389121,0.38493723849372385,0
28,42,222,6343.5,6165.5,4629.25,223,0.12756138269420259,0.12398198234430614,0.0930895453357196,8.091198979591837,3.495181405895692,0.09393007872737602,43,30,52,0.5112107623318386,0.38565022421524664,0.3991031390134529,0
28,65,294,4921.25,5536.875,4077.0,219,0.10260941181376534,0.11544536185650842,0.08500656783636705,6.277104591836735,1.3105029585798817,0.04716784673052895,25,27,50,0.1232876712328767,0.4292237442922374,0.502283105022831,0
36,65,276,5743.25,5101.875,2792.625,207,0.1340346332469836,0.11906637261079606,0.06517363299026815,4.431520061728395,1.207544378698225,0.036660168557025835,32,29,37,0.5265700483091788,0.5314009661835749,0.3526570048309179,0
105,70,534,4760.75,4592.0,3248.75,183,0.14215861924811132,0.13711965122876169,0.09700946579473857,0.4318140589569161,0.9371428571428572,0.011392886700612998,31,31,43,0.3005464480874317,0.4426229508196721,0.3989071038251366,1
37,87,450,5166.5,5427.75,5119.25,215,0.1117685235262304,0.11742022714981071,0.11074634937804219,3.7739225712198685,0.7171026555687673,0.025280246913580245,31,26,54,0.6093023255813953,0.5116279069767442,0.4744186046511628,0
43,66,169,5676.5,5536.75,4073.0,219,0.11835658138904527,0.11544275557223578,0.08492316673964263,3.070037858301785,1.27106290174472,0.14260705157382444,37,22,48,0.6027397260273972,0.1004566210045662,0.2968036529680365,0
28,61,345,5337.25,5111.0,3857.5,205,0.12700178465199286,0.12161808447352766,0.09179060083283759,6.807716836734694,1.3735554958344531,0.03240915773997059,38,28,44,0.3853658536585366,0.4682926829268293,0.48292682926829267,1
28,34,578,4632.875,5140.125,3367.5,255,0.0712475970780469,0.0790484429065744,0.05178777393310265,5.909279336734694,4.44647491349481,0.010079800289747488,36,30,43,0.49411764705882355,0.39215686274509803,0.2980392156862745,0
99,63,336,4613.5,4213.5,3734.25,223,0.09277282873172596,0.08472923243982385,0.07509199863258863,0.47071727374757677,1.061602418745276,0.03307690263605442,33,28,46,0.27802690582959644,0.3183856502242152,0.2825112107623318,1
43,86,276,4922.5,5018.625,4296.375,231,0.09224902082044939,0.09405043008939112,0.0805152639568224,2.662249864791779,0.6785593564088697,0.056400637996219284,36,28,50,0.36796536796536794,0.329004329004329,0.47619047619047616,0
28,54,326,4325.75,4880.125,3139.25,243,0.07325695608731732,0.08264534539111586,0.05316347440261478,5.517538265306122,1.673568244170096,0.029538654070533327,24,26,37,0.2139917695473251,0.2139917695473251,0.3868312757201646,0
42,68,525,5487.5,5102.5,5147.5,255,0.08439061899269512,0.07846981930026913,0.07916186082276047,3.110827664399093,1.1034818339100345,0.018675736961451247,38,37,56,0.20784313725490197,0.3058823529411765,0.396078431372549,1
28,72,294,5768.875,6368.625,3025.25,207,0.1346326635394058,0.14862948960302458,0.07060258115708651,7.358258928571429,1.228515625,0.03499988430746448,37,45,20,0.5169082125603864,0.5169082125603864,0.1642512077294686,0
28,61,418,5331.0,5200.875,3993.0,195,0.14019723865877712,0.1367751479289941,0.10500986193293886,6.799744897959184,1.3977089492072023,0.022853185595567867,39,27,47,0.5948717948717949,0.46153846153846156,0.5897435897435898,1
99,69,766,6577.625,5816.0,2974.375,223,0.13226940014880653,0.11695389008425668,0.05981167930181584,0.6711177430874401,1.221592102499475,0.005069185487664378,40,32,37,0.35874439461883406,0.5964125560538116,0.38565022421524664,0
37,57,392,5255.25,5631.25,3735.25,211,0.11803980144201613,0.12648525414972708,0.08389860964488668,3.8387509130752373,1.7332256078793475,0.02430790556018326,28,32,50,0.25118483412322273,0.6540284360189573,0.4218009478672986,0
48,69,480,6539.5,6330.25,3869.0,275,0.08647272727272727,0.08370578512396694,0.051160330578512395,2.8383246527777777,1.329605124973745,0.01679253472222222,37,29,44,0.4290909090909091,0.11272727272727273,0.2909090909090909,1
28,64,389,5799.5,6354.25,4271.25,235,0.10501584427342689,0.11506111362607514,0.07734268899954731,7.397321428571429,1.55133056640625,0.028226419333734248,31,30,46,0.5148936170212766,0.2297872340425532,0.3702127659574468,0
29,51,375,7493.375,8106.25,6835.5,263,0.10833429715624052,0.11719484161980077,0.0988231722303344,8.910077288941736,3.1165897731641676,0.048608,49,45,52,0.39543726235741444,0.3688212927756654,0.5171102661596958,1
118,67,345,7153.75,7807.75,4479.25,271,0.09740812352772975,0.10631323102898926,0.06099113574161572,0.513771186440678,1.7393071953664514,0.0376328502415459,33,33,44,0.3837638376383764,0.33579335793357934,0.26199261992619927,0
113,47,470,5740.75,6801.5,4927.25,255,0.08828527489427143,0.10459823144944252,0.07577470203767782,0.4495849322578119,3.0789950203712086,0.022305341783612494,33,46,55,0.5176470588235295,0.5490196078431373,0.21568627450980393,0
68,66,392,5618.75,5896.25,3546.125,219,0.11715247805508643,0.1229384291403432,0.07393767853047267,1.2151275951557095,1.3535927456382002,0.023077135828821326,35,34,43,0.365296803652968,0.5342465753424658,0.2648401826484018,1
68,64,505,5699.75,4711.0,4759.75,243,0.09652576673610053,0.07978119866551509,0.08060678419617606,1.2326448961937717,1.150146484375,0.01866385648465837,32,25,55,0.3333333333333333,0.2716049382716049,0.2962962962962963,0
41,67,348,4916.75,5827.0,4536.5,295,0.05649813272048262,0.06695777075553001,0.052128698649813274,2.9248958953004163,1.2980619291601694,0.03745953890870657,35,28,51,0.29152542372881357,0.27796610169491526,0.3050847457627119,0
28,55,435,5307.5,5412.5,3855.0,223,0.10672846829817612,0.10883991232480042,0.07752015926320657,6.769770408163265,1.7892561983471074,0.020372572334522394,35,27,49,0.5067264573991032,0.49327354260089684,0.3452914798206278,0
37,51,384,6337.25,6526.75,4325.25,231,0.11876182980079084,0.12231311257285284,0.08105638949794794,4.629108838568298,2.5093233371780084,0.029332478841145832,37,31,54,0.16017316017316016,0.5108225108225108,0.354978354978355,0
51,47,638,5841.75,6409.125,5683.125,271,0.07954344303590638,0.08726903228441879,0.07738354597568116,2.2459630911188007,2.90136939791761,0.01396194268924244,35,30,55,0.4059040590405904,0.42066420664206644,0.2952029520295203,1
49,71,261,5844.0,5431.375,4717.75,195,0.15368836291913215,0.14283694937541092,0.12406969099276792,2.4339858392336526,1.0774399920650664,0.06925544252139575,45,30,55,0.35384615384615387,0.46153846153846156,0.5076923076923077,1
68,73,509,4931.625,5132.25,4739.625,295,0.05666906061476587,0.05897443263430049,0.05446279804653835,1.0665278979238755,0.9630793769938075,0.018293989138531964,33,31,55,0.27796610169491526,0.17288135593220338,0.2983050847457627,0
27,61,219,5250.375,5101.875,3584.875,223,0.10557974220273884,0.10259355707937019,0.07208821814233143,7.202160493827161,1.3711031980650363,0.07474562665499052,38,26,45,0.17040358744394618,0.38565022421524664,0.4260089686098655,0
101,57,458,6150.25,5700.375,4200.875,247,0.10080889704797653,0.09343498500221278,0.06885664410168992,0.6029065777864915,1.7545013850415512,0.020026672832325853,36,29,49,0.27530364372469635,0.27530364372469635,0.22267206477732793,0
37,96,548,5898.0,6033.5,4164.75,243,0.09988314789412184,0.10217785229216414,0.07053040695016004,4.308254200146092,0.6546766493055556,0.013868446640737386,33,32,49,0.23868312757201646,0.22633744855967078,0.39094650205761317,0
75,59,337,4971.75,5120.0,4243.625,215,0.10755543537047052,0.11076257436452136,0.09180367766360195,0.8838666666666667,1.4708417121516806,0.037366050594792595,33,31,52,0.4930232558139535,0.4883720930232558,0.4186046511627907,0
42,56,368,6010.75,6188.0,4275.5,231,0.11264312887689511,0.11596484323757052,0.08012406064354116,3.4074546485260773,1.9732142857142858,0.03157121337429111,28,37,51,0.36363636363636365,0.36796536796536794,0.341991341991342,0
38,60,309,6737.0,6600.125,4593.75,231,0.126253256123386,0.12368818050636232,0.08608815426997245,4.665512465373961,1.8333680555555556,0.04811166619536871,0,38,54,0.0,0.48484848484848486,0.38961038961038963,0
36,60,435,5170.75,5695.25,3719.0,187,0.14786668191827046,0.162865681031771,0.10635133975807143,3.989776234567901,1.5820138888888888,0.01965385123530189,30,30,46,0.40106951871657753,0.5454545454545454,0.35294117647058826,1
99,72,360,5059.25,4602.75,2632.75,203,0.12277051129607609,0.11169283408964062,0.06388774296876895,0.5161973268033874,0.8878761574074074,0.02031442901234568,31,27,37,0.3694581280788177,0.4433497536945813,0.3103448275862069,0
37,45,375,5316.5,6237.625,4495.75,243,0.09003539433351962,0.10563472709105996,0.07613592101475046,3.883491599707816,3.0803086419753085,0.03196977777777778,39,31,48,0.40329218106995884,0.4156378600823045,0.3497942386831276,0
28,54,353,4797.5,5272.375,4155.375,219,0.10002919038385355,0.109930464335606,0.08664070807531118,6.119260204081633,1.8080847050754458,0.03334731038689019,37,28,50,0.6073059360730594,0.4337899543378995,0.3607305936073059,0
42,63,257,6126.625,5992.875,5458.125,223,0.1232002453296869,0.12051066781958214,0.1097573850268455,3.473143424036281,1.5099206349206349,0.08263751154445942,36,23,51,0.5381165919282511,0.11210762331838565,0.5112107623318386,0
36,68,714,5387.0,4937.0,3492.5,191,0.147665908281023,0.13533072010087444,0.09573476604259752,4.156635802469136,1.067690311418685,0.006850779527497274,33,34,43,0.33507853403141363,0.18324607329842932,0.35602094240837695,0
99,72,669,5107.5,4651.0,4574.75,231,0.09571597233934896,0.08716103521298327,0.08573208897884223,0.5211202938475665,0.8971836419753086,0.01022151170454977,29,33,50,0.14285714285714285,0.33766233766233766,0.38961038961038963,0
37,94,351,4486.75,5004.5,3987.5,243,0.07598350522447458,0.08475164693728937,0.06752866263611577,3.2773922571219867,0.5663761883205071,0.03236580871908507,24,32,50,0.2716049382716049,0.2222222222222222,0.205761316872428,0
28,52,330,6475.625,6629.875,5679.125,263,0.09362033569951857,0.09585038095100407,0.08210506151599706,8.259725765306122,2.451876849112426,0.05214990817263544,39,38,61,0.44866920152091255,0.24714828897338403,0.3840304182509506,0
42,58,481,5667.0,5545.75,4107.5,215,0.12259599783666847,0.11997295835586803,0.08885884261763115,3.2125850340136055,1.6485582639714624,0.017753640414763076,40,27,50,0.4697674418604651,0.12558139534883722,0.3581395348837209,0
28,59,370,5867.0,6236.5,4171.0,271,0.07988725643714002,0.08491850601162838,0.056793888972100054,7.483418367346939,1.7915828784831944,0.030467494521548576,32,32,49,0.3948339483394834,0.33948339483394835,0.3284132841328413,1
36,56,856,5646.0,6009.75,3355.0,259,0.08416690269972123,0.08958945155856353,0.05001416198327395,4.356481481481482,1.9163743622448979,0.004578729583369727,35,31,36,0.416988416988417,0.528957528957529,0.20463320463320464,1
99,58,283,6308.5,7443.0,4792.625,263,0.09120415214908413,0.10760600847200336,0.06928862640778384,0.643658810325477,2.2125445897740783,0.05984123912147735,33,0,52,0.22813688212927757,0.0,0.35361216730038025,1
43,53,538,4989.625,5679.375,2882.125,251,0.0791991396961953,0.09014737861303788,0.045747289725559914,2.69855327203894,2.0218494126023496,0.00995745290971656,33,24,41,0.5179282868525896,0.23904382470119523,0.26693227091633465,0
28,46,272,6097.625,6093.125,5341.875,231,0.11427119056989186,0.11418685931672945,0.1001082251082251,7.777582908163265,2.8795486767485823,0.07220311148356401,41,37,55,0.6190476190476191,0.33766233766233766,0.3852813852813853,0
42,63,270,6379.25,7058.25,5107.5,251,0.10125632926461485,0.11203393596927033,0.08107014174378184,3.616354875283447,1.778344671201814,0.07006172839506172,34,39,53,0.2589641434262948,0.3107569721115538,0.35856573705179284,0
28,66,459,6358.75,6702.875,3857.25,239,0.11132070516972742,0.11734519703786699,0.0675277043469127,8.110650510204081,1.538768365472911,0.018308485340396145,42,38,43,0.4476987447698745,0.30962343096234307,0.41841004184100417,1
99,72,847,7297.375,5962.75,4782.0,259,0.10878452915132451,0.08888880607027325,0.0712869515958319,0.7445541271298847,1.1502218364197532,0.0066656537623587106,44,0,47,0.5598455598455598,0.0,0.3667953667953668,1
37,70,419,5312.5,6326.25,3723.75,219,0.11076708158712287,0.13190404703821856,0.07764120848189154,3.880569758948137,1.2910714285714286,0.021210576380859075,31,41,44,0.2602739726027397,0.5388127853881278,0.3698630136986301,0
36,66,446,6681.375,7252.875,4890.375,279,0.08583362238409065,0.09317551161984045,0.0628251821019771,5.155381944444445,1.6650309917355373,0.024585126385006737,38,45,54,0.4731182795698925,0.4444444444444444,0.25806451612903225,1
28,59,491,5959.75,5736.25,5820.25,243,0.1009288895662924,0.09714389744110823,0.09856644481701637,7.60172193877551,1.6478741740879057,0.024142300720504727,27,32,57,0.3950617283950617,0.30864197530864196,0.39094650205761317,1
42,49,362,5829.875,6017.125,4201.25,227,0.11313774767606591,0.11677162374585184,0.08153175881542432,3.3049178004535147,2.506091211995002,0.03205984249565032,29,32,51,0.5374449339207048,0.3436123348017621,0.41409691629955947,0
99,67,656,6467.875,6393.5,5190.125,251,0.10266305296741321,0.1014825161505373,0.08238162886303392,0.6599199061320273,1.4242593005123636,0.012060634016210589,33,28,56,0.28286852589641437,0.38645418326693226,0.23107569721115537,0
28,71,432,8299.75,8146.0,5547.75,283,0.10363158486184121,0.10171184557180137,0.06926981233377867,10.58641581632653,1.6159492164253124,0.029726884002057613,45,31,56,0.43109540636042404,0.26855123674911663,0.3286219081272085,0
43,47,354,6228.25,6776.0,4900.625,279,0.08001246129931527,0.08704924140234581,0.06295686078030857,3.3684424012979988,3.067451335445903,0.03910613967889176,39,31,49,0.34767025089605735,0.3763440860215054,0.32616487455197135,0
36,40,487,7135.625,7484.125,6558.5,223,0.14349021697600997,0.1504982002453297,0.13188481570109997,5.505883487654321,4.677578125,0.027653276777319127,44,42,60,0.34977578475336324,0.4260089686098655,0.4484304932735426,1
42,52,618,9483.0,9606.25,6152.25,287,0.11512826427418082,0.1166245796355425,0.07469132804817347,5.375850340136054,3.55260724852071,0.01610857133880039,38,43,58,0.3519163763066202,0.5818815331010453,0.31010452961672474,1
28,66,232,8431.75,9397.0,7361.5,283,0.10527975127670466,0.11733196818539375,0.09191649290164691,10.754783163265307,2.1572543617998163,0.1367698424494649,51,43,67,0.35335689045936397,0.24028268551236748,0.23674911660777384,1
99,69,517,7885.25,7360.75,5655.5,295,0.09060902039643781,0.08458201666187877,0.0649870726802643,0.8045352515049484,1.5460512497374501,0.021158745777042826,46,40,51,0.4711864406779661,0.36271186440677966,0.28135593220338984,1
37,82,607,8612.25,8303.25,5590.5,295,0.0989629416834243,0.09541223786268313,0.06424016087331226,6.290905770635501,1.2348676383105295,0.015173063300483921,48,34,54,0.4440677966101695,0.2745762711864407,0.23389830508474577,0
28,72,494,7732.375,7239.375,4845.875,247,0.12674154632923013,0.11866077136160239,0.0794288547591339,9.862723214285714,1.396484375,0.019857213689783475,33,34,55,0.2591093117408907,0.46963562753036436,0.4008097165991903,0
36,71,478,7972.125,6846.625,3742.375,243,0.1350086368947823,0.115948195566394,0.0633774492370743,6.151331018518518,1.3581878595516763,0.016379155652036903,45,27,47,0.3991769547325103,0.12757201646090535,0.345679012345679,0
48,66,450,7926.625,6961.125,5087.125,275,0.10481487603305785,0.09204793388429752,0.06726776859504133,3.4403754340277777,1.5980544077134986,0.025121604938271605,38,33,54,0.4909090909090909,0.31272727272727274,0.19636363636363635,0
99,62,282,7105.75,6505.75,6153.875,223,0.14288946087795854,0.13082406644010536,0.12374821532707274,0.7250025507601265,1.692442767950052,0.07738387153563704,45,43,61,0.4618834080717489,0.34080717488789236,0.5964125560538116,0
37,73,584,5869.875,6819.875,4196.375,239,0.10276211901052153,0.11939348050629366,0.07346466273349556,4.287710007304602,1.2797663726778008,0.012304064435166073,32,44,50,0.2384937238493724,0.48535564853556484,0.3305439330543933,0
28,42,649,6616.75,7279.5,5608.25,235,0.11981439565414215,0.1318153010411951,0.10155273879583522,8.439732142857142,4.1267006802721085,0.013314901911438956,28,51,56,0.23829787234042554,0.44680851063829785,0.46808510638297873,0
43,69,278,6978.25,7017.375,4952.375,223,0.14032556455991474,0.14111232882221642,0.09958726296527178,3.7740670632774473,1.4739287964713295,0.06408021065162259,33,37,56,0.33183856502242154,0.28699551569506726,0.38565022421524664,0
37,55,441,7578.75,8134.75,4565.0,247,0.12422347522496681,0.13333688472192629,0.07482502581586323,5.535975164353543,2.6891735537190082,0.02347272998390588,43,46,48,0.6477732793522267,0.6356275303643725,0.4008097165991903,1
49,63,744,9331.75,8586.5,7883.0,347,0.07750043601391922,0.07131111461767808,0.06546852810005896,3.886609745939192,2.1633912824389014,0.014241169499364088,56,43,59,0.276657060518732,0.2910662824207493,0.41210374639769454,0
99,72,366,6491.5,6491.75,5210.5,287,0.07880998919496413,0.07881302431740096,0.06325802182860056,0.6623303744515866,1.2522665895061729,0.03889710054047598,33,31,55,0.42160278745644597,0.313588850174216,0.4076655052264808,1
28,58,839,5932.875,5315.25,4930.5,251,0.09417112426786876,0.08436770844907224,0.0782606625291662,7.567442602040816,1.580038644470868,0.007004337134422754,31,33,54,0.350597609561753,0.2948207171314741,0.4342629482071713,1
27,42,419,6156.25,6405.625,4009.5,255,0.09467512495194157,0.09851018838908113,0.06166089965397924,8.444787379972565,3.6313066893424035,0.02283821577685249,33,35,47,0.4823529411764706,0.2627450980392157,0.3058823529411765,1
28,59,637,6111.375,6517.625,4806.5,271,0.083214757424327,0.08874640868179899,0.06544709358532699,7.795121173469388,1.8723427176098821,0.011845409580327723,28,31,49,0.3948339483394834,0.3726937269372694,0.33948339483394835,1
49,67,866,6846.125,6994.125,4617.125,355,0.054323546915294584,0.055497917079944455,0.036636580043642133,2.8513640149937527,1.5580585876587214,0.006156527849633845,24,24,54,0.1352112676056338,0.2056338028169014,0.24788732394366197,1
96,49,376,7465.25,7164.0,5133.25,231,0.13990086392683795,0.1342553550345758,0.09619853451022282,0.8100314670138888,2.9837567680133277,0.036309203825260296,43,33,55,0.2857142857142857,0.27705627705627706,0.3939393939393939,1
27,60,339,6843.5,8085.75,5499.0,255,0.10524413687043445,0.12434832756632065,0.0845674740484429,9.387517146776407,2.2460416666666667,0.04785026235413893,34,33,58,0.4392156862745098,0.12941176470588237,0.45098039215686275,0
28,69,660,6920.875,6242.0,5232.375,275,0.09151570247933884,0.08253884297520661,0.06918842975206611,8.82764668367347,1.3110691031295947,0.012011880165289257,30,44,55,0.36727272727272725,0.4072727272727273,0.33090909090909093,0
28,66,622,7201.5,7185.625,5394.375,247,0.11803996131718271,0.1177797538068154,0.08841933157403006,9.185586734693878,1.6495925160697889,0.013943132825342998,39,29,53,0.3603238866396761,0.12550607287449392,0.44129554655870445,0
43,53,516,7179.25,7248.5,6558.0,247,0.11767526102706158,0.11881033945811274,0.1074923371961514,3.8827744726879394,2.5804556781772874,0.024630430863529836,32,29,64,0.44129554655870445,0.32388663967611336,0.3441295546558704,0
42,50,163,6909.75,7615.25,7486.75,247,0.11325787998492026,0.12482174761100821,0.12271550099165697,3.917091836734694,3.0461,0.2817851631600738,35,42,64,0.4008097165991903,0.5384615384615384,0.5991902834008097,0
98,56,488,12237.0,9607.0,9772.75,287,0.14856317303840036,0.11663368500285301,0.11864597117847733,1.2741566014160766,3.063456632653061,0.04103714559258264,62,45,61,0.5574912891986062,0.2613240418118467,0.5749128919860628,0
28,53,570,7148.75,6621.875,6559.0,263,0.10335193511544188,0.09573472220214257,0.09482571672280934,9.118303571428571,2.357378070487718,0.020187750076946752,41,39,61,0.6007604562737643,0.44106463878326996,0.3916349809885932,0
28,43,430,8162.375,8577.875,5988.875,335,0.07273223435063489,0.07643461795500112,0.05336489195811985,10.411192602040817,4.639196863169281,0.03238980530016225,36,39,53,0.191044776119403,0.36716417910447763,0.2835820895522388,0
28,42,329,8043.5,8148.25,5761.25,243,0.13621737878710902,0.1379913292350421,0.09756727463631899,10.259566326530612,4.6191893424036286,0.05322613427444314,46,35,57,0.48559670781893005,0.5720164609053497,0.4403292181069959,1
86,106,326,8685.0,7778.75,5523.75,327,0.08122211935022304,0.07274686941802505,0.051658109586735126,1.174283396430503,0.6923059807760769,0.05197551657947232,51,37,56,0.3486238532110092,0.43119266055045874,0.3149847094801223,0
99,70,668,7083.0,7574.25,5297.5,279,0.09099317840212741,0.09730411993679423,0.06805539497180149,0.7226813590449954,1.545765306122449,0.011871840152031268,47,38,51,0.4229390681003584,0.46236559139784944,0.4444444444444444,0
68,59,393,6198.75,6340.5,5924.75,239,0.10851963375991316,0.11100120796204548,0.10372279897060625,1.3405601211072664,1.8214593507612755,0.038360559148974745,43,35,61,0.4895397489539749,0.2175732217573222,0.4393305439330544,0
35,68,403,6230.75,5802.25,3329.75,215,0.13479177934018388,0.1255219037317469,0.07203353163872364,5.0863265306122445,1.2548118512110726,0.020502250491044215,35,21,43,0.4186046511627907,0.1813953488372093,0.27906976744186046,0
97,58,223,9264.5,7112.125,8241.75,255,0.14247597078046906,0.10937524029219531,0.12674740484429065,0.9846423636943352,2.114186979785969,0.16573327434696053,34,32,59,0.47058823529411764,0.5607843137254902,0.4470588235294118,0
43,52,313,6896.375,7559.5,6327.0,323,0.06610218635278782,0.07245828101486643,0.06064469131305773,3.7297863710113575,2.795673076923077,0.06458165338015086,42,33,49,0.3591331269349845,0.17337461300309598,0.33746130030959753,0
49,60,204,5168.5,4855.25,4317.25,219,0.10776464210504368,0.1012332937178124,0.09001584620837765,2.1526447313619324,1.3486805555555557,0.1037401480199923,32,35,48,0.3698630136986301,0.3424657534246575,0.3744292237442922,1
99,72,542,6590.75,5883.5,4754.125,255,0.10135717031910804,0.090480584390619,0.07311226451364859,0.6724568921538618,1.1349344135802468,0.016183484021187074,32,28,50,0.3176470588235294,0.3568627450980392,0.4666666666666667,0
28,38,223,4045.375,4596.0,3208.0,239,0.07082115159048336,0.08046077624691444,0.056161481766775795,5.159917091836735,3.182825484764543,0.06450964226105492,29,35,43,0.5188284518828452,0.401673640167364,0.4602510460251046,0
37,58,360,6815.5,7493.625,7493.125,291,0.08048440618320521,0.08849240089276225,0.088486496380534,4.97845142439737,2.227593638525565,0.0578173225308642,39,32,57,0.41924398625429554,0.281786941580756,0.46735395189003437,1
84,61,357,12405.75,15289.25,14472.75,407,0.07489178926525364,0.09229907817131404,0.08736998110462484,1.7581845238095237,4.10890889545821,0.11355718758091472,97,95,95,0.44963144963144963,0.2334152334152334,0.2334152334152334,0
29,77,434,11266.75,13084.375,11721.25,339,0.09803908772113017,0.11385538761410012,0.10199397847216783,13.396848989298455,2.2068434811941304,0.062229236127333346,89,90,89,0.5929203539823009,0.5398230088495575,0.4365781710914454,0
47,58,402,8233.25,8189.625,5828.375,239,0.14413700740533253,0.14337327777875036,0.10203559111360096,3.72713897691263,2.434490190249703,0.03606578426276577,48,41,55,0.3054393305439331,0.5397489539748954,0.5481171548117155,0
37,60,486,6016.125,7155.875,5644.375,315,0.06063114134542706,0.07211766187956664,0.0568846056941295,4.39453981008035,1.9877430555555555,0.023896996562177177,34,45,54,0.3492063492063492,0.4857142857142857,0.41904761904761906,0
33,66,344,6019.25,6902.25,4398.75,291,0.07108147045972532,0.08150883905480569,0.05194494632798385,5.527318640955005,1.584538567493113,0.03717169753921038,32,34,46,0.40893470790378006,0.19243986254295534,0.4261168384879725,0
28,58,307,4974.0,5765.75,3092.25,255,0.07649365628604383,0.08866974240676663,0.047554786620530566,6.344387755102041,1.7139565992865635,0.032809366677630535,39,35,41,0.3764705882352941,0.23921568627450981,0.25098039215686274,0
39,85,261,9923.125,8304.375,6523.5,323,0.09511377469351762,0.07959795454763297,0.06252815612150026,6.5240795529257065,1.1493944636678202,0.09576342097150659,54,36,51,0.39628482972136225,0.30340557275541796,0.25077399380804954,0
77,67,179,6766.5,6887.75,6827.75,279,0.0869271977492581,0.08848486016366697,0.08771405814416568,1.1412548490470569,1.5343617732234351,0.21309416060672265,41,38,52,0.43010752688172044,0.44086021505376344,0.35842293906810035,0
99,53,408,6850.0,6753.375,4979.875,287,0.08316235476939139,0.08198927994755309,0.06045812138061649,0.6989082746658504,2.404191883232467,0.029915627402921953,43,44,50,0.3519163763066202,0.4076655052264808,0.2578397212543554,0
28,58,235,6809.75,6395.5,6291.5,247,0.11161877755740957,0.1048287957514465,0.10312412922683538,8.685905612244898,1.9011593341260404,0.1139248528746039,39,45,59,0.43724696356275305,0.30364372469635625,0.5101214574898786,1
38,55,366,7321.375,7177.375,6329.625,311,0.07569581580008478,0.07420699744626297,0.06544209633895431,5.070204293628809,2.372685950413223,0.04725152288811251,36,28,59,0.3279742765273312,0.15434083601286175,0.2958199356913183,1
37,45,326,5730.5,5918.375,3932.0,251,0.09095887366867192,0.09394096919096523,0.06241170775067063,4.185902118334551,2.9226543209876543,0.03699800519402311,31,15,41,0.30677290836653387,0.07569721115537849,0.2908366533864542,1
28,41,508,7624.25,7483.75,4734.25,275,0.10081652892561983,0.09895867768595042,0.06260165289256199,9.724808673469388,4.451963117192148,0.018345255440510883,43,37,48,0.5018181818181818,0.44727272727272727,0.3890909090909091,1
99,62,241,6786.0,6988.5,5596.25,223,0.1364596110921193,0.14053168171489472,0.11253493937139294,0.6923783287419651,1.8180280957336108,0.09635250770475715,47,28,52,0.5829596412556054,0.5246636771300448,0.4260089686098655,0
28,37,325,8013.5,7358.875,3926.625,255,0.12323721645520953,0.11316993464052287,0.06038638985005767,10.221301020408163,5.3753652300949595,0.03717514792899408,52,34,33,0.5294117647058824,0.4470588235294118,0.3568627450980392,0
43,51,248,4695.5,5309.75,3429.0,251,0.0745305630069364,0.08428040824748813,0.054427707496706404,2.539480800432666,2.041426374471357,0.05575247138397502,32,34,42,0.2151394422310757,0.24302788844621515,0.28286852589641437,0
28,64,1084,7832.75,8088.5,8095.25,263,0.1132407581430988,0.11693822377076436,0.11703581084011623,9.990752551020408,1.9747314453125,0.006889246129546166,48,36,56,0.5399239543726235,0.13688212927756654,0.6730038022813688,0
37,94,350,7752.5,7999.75,6552.375,271,0.10556092645797306,0.10892757451559755,0.08921957762013044,5.662892622352082,0.9053587596197374,0.05348877551020408,54,40,59,0.44280442804428044,0.2878228782287823,0.4797047970479705,1
99,73,318,7005.5,7280.125,5313.0,315,0.07060216679264299,0.07336986646510456,0.05354497354497355,0.7147740026527906,1.3661334209044849,0.052539456508840635,38,38,53,0.31746031746031744,0.4444444444444444,0.27936507936507937,0
42,52,323,10267.75,7034.0,4917.25,251,0.16297757178457484,0.11164902144410406,0.07805034840716814,5.820719954648526,2.6013313609467454,0.04713214925859541,46,28,39,0.6414342629482072,0.3745019920318725,0.2151394422310757,0
28,50,228,6514.75,6664.25,5320.5,299,0.07287110882428609,0.07454334962696167,0.05951275712799633,8.309630102040817,2.6657,0.10234879963065559,43,34,58,0.3177257525083612,0.18394648829431437,0.2408026755852843,0
36,46,377,8443.625,6927.875,6295.875,263,0.12207238791944368,0.10015866934609435,0.0910216281860371,6.51514274691358,3.2740430056710776,0.044296906331572024,42,32,60,0.4068441064638783,0.34220532319391633,0.39923954372623577,0
37,56,409,6291.125,7279.75,5608.625,223,0.12650817430473166,0.14638842526493595,0.11278378813167367,4.595416362308254,2.3213488520408165,0.033528165183134964,0,40,55,0.0,0.4618834080717489,0.2556053811659193,1
36,57,313,7121.75,5979.75,6070.25,255,0.10952326028450596,0.0919607843137255,0.09335255670895809,5.495177469135802,1.8404893813481071,0.06196092641549878,35,21,55,0.5607843137254902,0.1607843137254902,0.42745098039215684,1
99,73,631,6581.75,5827.0,5093.75,239,0.11522469844715603,0.10201151940617285,0.08917473433588348,0.6715386185083155,1.0934509288797147,0.012793191698835396,33,33,55,0.38493723849372385,0.3263598326359833,0.4435146443514644,1
28,44,303,6250.25,6682.0,5173.875,323,0.05990903775556173,0.06404738854968417,0.049591915958170786,7.972257653061225,3.4514462809917354,0.05635476914028036,35,38,57,0.2724458204334365,0.4674922600619195,0.1826625386996904,0
27,46,665,6807.5,6435.0,5617.0,251,0.1080538404152315,0.10214123585339915,0.08915731496325455,9.338134430727024,3.041115311909263,0.01270167900955396,28,30,58,0.11155378486055777,0.4262948207171315,0.4262948207171315,1
36,65,352,6321.5,5857.5,4398.375,287,0.07674610593791353,0.07111291869514016,0.05339842659252874,4.877700617283951,1.3863905325443786,0.03549824864411157,30,42,51,0.2926829268292683,0.30662020905923343,0.30313588850174217,0
37,43,350,5353.875,6222.625,3222.625,271,0.0729003553873177,0.08472957884560395,0.0438804618673493,3.9107925493060627,3.365400216333153,0.02630714285714286,31,34,38,0.3025830258302583,0.2066420664206642,0.3505535055350554,0
99,72,301,5090.5,5072.25,5969.125,239,0.08911783757287162,0.08879834036518969,0.10449965861942193,0.5193857769615345,0.9784432870370371,0.06588365470579795,23,23,61,0.20920502092050208,0.20502092050209206,0.45188284518828453,1
43,66,643,5420.875,5535.625,3156.875,251,0.08604426913858511,0.08786566879890795,0.05010833161378391,2.931787452677123,1.27080463728191,0.007635464108027834,35,27,39,0.549800796812749,0.4820717131474104,0.16733067729083664,1
28,61,592,6418.25,6996.5,3963.25,335,0.057190911116061484,0.06234350634885275,0.035315214969926484,8.186543367346939,1.8802741198602526,0.011308579483199415,33,30,37,0.19701492537313434,0.11044776119402985,0.11641791044776119,0
36,48,375,6983.0,6110.25,4320.25,235,0.1264463558171118,0.11064282480760525,0.07822996831145315,5.388117283950617,2.6520182291666665,0.03072177777777778,29,32,49,0.3276595744680851,0.3617021276595745,0.3446808510638298,0
43,54,259,7396.625,7673.875,5841.0,319,0.0726862452216468,0.07541076640363203,0.057399200086477135,4.000338020551649,2.6316443758573387,0.08707383610858514,34,41,58,0.23197492163009403,0.22884012539184953,0.2727272727272727,0
27,38,422,6585.25,8437.75,5467.0,263,0.0952052219925111,0.12198745102574853,0.07903829750321675,9.03326474622771,5.843317174515235,0.03069899597942544,43,58,60,0.44866920152091255,0.3193916349809886,0.22813688212927757,0
99,69,328,6714.875,7254.875,5085.125,275,0.08879173553719008,0.09593223140495868,0.06724132231404958,0.6851214161820223,1.5238132745221593,0.04726655450624628,42,35,55,0.44,0.2872727272727273,0.3418181818181818,0
42,64,436,8429.125,8130.375,6045.75,267,0.11823878859291055,0.11404809998737533,0.0848062113369524,4.778415532879818,1.984954833984375,0.03180366762057066,39,42,62,0.40074906367041196,0.3445692883895131,0.45318352059925093,0
28,46,376,7867.25,7547.0,4988.5,327,0.07357452141140383,0.07057954343536366,0.04665245162678039,10.034757653061224,3.566635160680529,0.035285338388411046,30,34,53,0.17737003058103976,0.1712538226299694,0.24464831804281345,1
36,63,449,6384.5,6629.0,5590.0,263,0.09230291026326823,0.09583773077534734,0.08081655076696208,4.926311728395062,1.6701940035273368,0.027728037063308217,30,32,60,0.3231939163498099,0.12167300380228137,0.4524714828897338,0
43,59,458,8340.125,7006.625,5610.125,271,0.1135622472460887,0.09540481474925451,0.07638955079587696,4.510613845321796,2.012819592071244,0.026744937167483458,58,24,58,0.36162361623616235,0.1070110701107011,0.44280442804428044,0
99,52,908,7418.25,7849.25,5032.0,291,0.08760229567435435,0.09269198521510139,0.05942301106505592,0.7568870523415978,2.9028291420118344,0.006103359273418852,35,51,55,0.5601374570446735,0.5670103092783505,0.2920962199312715,0
42,56,662,6046.375,6075.75,3480.75,247,0.0991062794013998,0.09958776573948105,0.05705305774557852,3.4276502267573696,1.937420280612245,0.007942493222953423,34,29,24,0.3765182186234818,0.4291497975708502,0.242914979757085,0
28,60,324,6163.0,6459.25,4607.5,247,0.10101788260748414,0.10587372354898458,0.07552164434755528,7.860969387755102,1.7942361111111111,0.043890984606005184,28,38,53,0.2874493927125506,0.4089068825910931,0.2874493927125506,0
33,59,370,7467.25,6846.75,5533.0,239,0.1307268780308468,0.11986397296966089,0.09686455069063916,6.856978879706152,1.966891697787992,0.0404163623082542,33,32,59,0.39748953974895396,0.28870292887029286,0.49372384937238495,0
37,46,280,8414.5,7717.5,7347.5,271,0.11457496493784126,0.1050843534265601,0.10004629566590868,6.14645726807889,3.647211720226843,0.09371811224489796,44,43,59,0.5424354243542435,0.47601476014760147,0.3837638376383764,1
36,60,364,7444.5,7557.25,3870.0,263,0.10762769448741488,0.10925775997918143,0.055949919761742975,5.744212962962963,2.0992361111111113,0.029208428933703658,35,49,42,0.33460076045627374,0.4296577946768061,0.3231939163498099,1
28,57,553,8136.5,8854.75,6783.875,279,0.10452717719453758,0.11375431970298429,0.08715040916740535,10.378188775510203,2.7253770390889502,0.02218337262801291,46,43,57,0.41935483870967744,0.5734767025089605,0.5161290322580645,1
43,62,315,5718.5,6169.625,5174.25,251,0.09076840050157935,0.09792900112696624,0.08212964873573435,3.092752839372634,1.6050013007284079,0.05214663643235072,28,31,53,0.2948207171314741,0.21115537848605578,0.2948207171314741,0
28,60,583,6912.625,7501.875,6124.875,263,0.09993819485607715,0.10845718457690584,0.08854942242912288,8.817123724489797,2.083854166666667,0.01802022130754452,36,32,60,0.34220532319391633,0.376425855513308,0.44866920152091255,1
43,74,353,5220.25,6183.5,5473.75,275,0.06902809917355372,0.08176528925619835,0.0723801652892562,2.82328285559762,1.129200146092038,0.04392740492259788,18,31,57,0.06545454545454546,0.22545454545454546,0.3890909090909091,1
37,48,415,24505.5,26800.5,25693.0,511,0.09384729684705558,0.10263632568809096,0.09839499695543445,17.90029218407597,11.632161458333334,0.14918275511685294,143,141,144,0.4931506849315068,0.33463796477495106,0.37573385518590996,1
99,73,451,7423.375,7027.625,5774.5,287,0.09012340807828188,0.08531880926076559,0.07010525804610958,0.7574099581675339,1.3187511728279226,0.028389732597184872,40,31,55,0.2857142857142857,0.29965156794425085,0.40069686411149824,1
42,63,407,14851.75,15010.75,14911.25,287,0.18030751860530053,0.18223785647513022,0.18102987774526824,8.41935941043084,3.7819979843789366,0.09001714468544936,101,100,100,0.49477351916376305,0.6132404181184669,0.6794425087108014,1
28,55,460,137730.625,133439.25,130731.125,567,0.428414735807446,0.41506630086877,0.4066426067454874,175.6768176020408,44.11214876033058,0.6178219517958412,370,356,350,0.763668430335097,0.7037037037037037,0.7865961199294532,1
28,54,527,89342.0,95699.75,91889.0,579,0.2665008158309992,0.28546553076741804,0.27409833522749305,113.95663265306122,32.81884430727023,0.33085849875238094,298,297,294,0.6683937823834197,0.6459412780656304,0.7063903281519862,1
37,87,464,66300.875,64138.75,62879.75,559,0.21217570028257718,0.20525647959395932,0.2012274346280254,48.430149744338934,8.47387369533624,0.2920618590219976,249,240,242,0.6010733452593918,0.47584973166368516,0.5402504472271914,1
43,81,758,124645.0,106897.75,118177.0,559,0.39888825240574627,0.3420935992908369,0.37818939391515005,67.41211465657112,16.29290504496266,0.2056811773797175,346,310,312,0.7567084078711985,0.6887298747763864,0.7799642218246869,1
99,75,563,140080.875,119890.75,128566.625,655,0.32650981877512963,0.2794493327894645,0.29967163918186585,14.292508417508417,21.31391111111111,0.40561261511378083,369,324,326,0.6305343511450382,0.5770992366412214,0.7740458015267175,1
42,72,343,113334.875,101793.375,108423.25,639,0.277563179459298,0.2492974277590425,0.2655343467516978,64.24879535147392,19.636067708333332,0.9215824188900883,337,297,296,0.6854460093896714,0.5758998435054773,0.6541471048513302,1
28,64,589,56422.5,50594.5,55076.5,511,0.21607798683369012,0.19375883211231576,0.21092328843716132,71.96747448979592,12.3521728515625,0.15875804577987496,233,201,196,0.547945205479452,0.5909980430528375,0.700587084148728,1
92,106,318,103731.25,88341.0,91174.0,607,0.2815348935673594,0.23976452643378052,0.24745351459767836,12.255582466918714,7.862317550729797,0.9016059491317591,311,274,270,0.6408566721581549,0.5930807248764415,0.7199341021416804,1
28,54,291,95411.25,78340.5,83343.125,527,0.343540825769005,0.2820753324283744,0.3000879454432198,121.69802295918367,26.86574074074074,0.9842010014052739,296,258,252,0.7039848197343453,0.6717267552182163,0.7988614800759013,1
99,75,534,58009.0,45506.75,51785.75,455,0.2802028740490279,0.21981282453809925,0.25014249486776957,5.918681767166616,8.09008888888889,0.18160498113313414,232,187,188,0.7428571428571429,0.6351648351648351,0.7516483516483516,1
30,74,673,18556.875,15249.0,17898.875,399,0.11656255299903895,0.09578457421749863,0.11242941313182706,20.61875,2.7846968590211834,0.03951805912184912,119,88,97,0.5639097744360902,0.38596491228070173,0.5112781954887218,1
70,72,449,19801.5,15253.5,20887.75,471,0.08925987531610478,0.06875870555938712,0.09415640030472275,4.041122448979592,2.9424189814814814,0.10360935709644298,116,85,107,0.3375796178343949,0.33121019108280253,0.4416135881104034,1
29,75,623,24544.25,17575.5,28667.75,423,0.13717312453543026,0.09822611203326459,0.16021857831877448,29.184601664684898,3.1245333333333334,0.07386139659752299,131,85,135,0.5981087470449172,0.46335697399527187,0.5224586288416075,1
40,63,350,6387.375,6403.125,9998.25,295,0.0733970123527722,0.07357799482907211,0.11488939959781672,3.992109375,1.6132842025699168,0.08161836734693878,19,37,91,0.12203389830508475,0.3559322033898305,0.45084745762711864,1
42,75,476,5603.25,4677.25,7186.75,327,0.05240159358078725,0.043741641650066866,0.06721048546231612,3.1764455782312924,0.8315111111111111,0.03171893757503001,29,29,73,0.382262996941896,0.3486238532110092,0.3486238532110092,1
123,74,361,6960.75,5627.375,9512.0,271,0.09478016366879535,0.07662443321850193,0.12951893356571942,0.46009319849296054,1.0276433528122717,0.07298900407455437,52,24,87,0.2730627306273063,0.34686346863468637,0.43911439114391143,1
43,73,326,7244.375,5561.875,7140.0,291,0.08554900154698221,0.06568031789893837,0.08431643461933609,3.9179962141698215,1.0436995683993244,0.06718355978772253,51,25,69,0.5223367697594502,0.12371134020618557,0.4054982817869416,1
47,78,285,5242.375,4436.75,6300.0,263,0.0757908166953404,0.06414361925139875,0.0910812647284188,2.3731892258940697,0.7292488494411571,0.07756232686980609,0,32,69,0.0,0.34600760456273766,0.4144486692015209,1
37,89,877,4905.0,5221.25,6711.75,219,0.10227059485832239,0.10886449406809699,0.13994182773503472,3.5829072315558803,0.6591655094053781,0.008726429506623726,19,39,73,0.1689497716894977,0.4429223744292237,0.3881278538812785,1
28,69,317,6215.5,5114.0,10057.5,279,0.07984866587017124,0.06569802546216004,0.12920568851890393,7.927933673469388,1.0741440873766015,0.10008558150643354,36,32,92,0.3763440860215054,0.2114695340501792,0.4910394265232975,1
96,74,454,6516.25,5290.25,6145.25,239,0.11407800983876333,0.0926148001610616,0.10758302550725653,0.7070583767361112,0.9660792549306063,0.029814521919695705,30,33,67,0.3891213389121339,0.502092050209205,0.4351464435146444,1
75,71,340,7524.25,6710.5,11241.25,311,0.07779334374127646,0.06937996918973129,0.11622346749930211,1.3376444444444444,1.331184288831581,0.09724264705882353,35,30,97,0.45016077170418006,0.3247588424437299,0.31189710610932475,1
42,71,647,7835.5,6160.5,10773.5,303,0.08534566327919921,0.06710126458190374,0.1173468832031718,4.441893424036281,1.222078952588772,0.025736427071563203,39,35,99,0.38943894389438943,0.44554455445544555,0.33003300330033003,1
33,58,221,7386.25,5977.0,14264.5,323,0.07079766891276634,0.05728991938962321,0.13672612600523346,6.782598714416896,1.7767538644470868,0.2920599496324809,37,38,113,0.3126934984520124,0.17027863777089783,0.35294117647058826,1
38,74,331,9017.25,6872.0,12381.0,303,0.09821749501682842,0.07485104946138178,0.1348560598634121,6.24463296398892,1.2549306062819576,0.11300554029262237,39,36,104,0.2706270627062706,0.2838283828382838,0.40594059405940597,1
100,75,330,7352.75,6159.25,10727.25,287,0.08926598598987483,0.07477631147640496,0.13023406864232903,0.735275,1.0949777777777778,0.09850550964187328,36,30,95,0.313588850174216,0.2961672473867596,0.43902439024390244,1
30,68,579,7851.875,6766.625,12813.125,343,0.06673983629270117,0.057515363496502304,0.10890976548886944,8.724305555555556,1.4633704584775087,0.038220638287083025,39,37,106,0.37317784256559766,0.1749271137026239,0.41690962099125367,1
28,67,901,12564.25,11205.375,26695.375,343,0.10679436289301227,0.09524411597208646,0.22690694353543167,16.025829081632654,2.4961851191802182,0.032884136629543446,65,63,161,0.5539358600583091,0.49854227405247814,0.5072886297376094,1
42,68,471,12000.75,11264.625,28921.625,351,0.09740789441644143,0.09143290233033823,0.2347515442244787,6.803146258503402,2.4361213235294117,0.13037096388855082,65,64,161,0.5897435897435898,0.5584045584045584,0.6125356125356125,1
37,51,829,10226.0,8678.5,18690.0,311,0.10572678115404101,0.08972715335862946,0.19323621550645673,7.469685902118335,3.3366013071895426,0.027195699907310536,52,52,131,0.6012861736334405,0.2090032154340836,0.6205787781350482,1
80,59,451,10203.875,8161.125,18208.5,331,0.09313419008588823,0.07448932558118308,0.16619508766805707,1.59435546875,2.3444771617351337,0.08952020884853074,47,42,129,0.46827794561933533,0.22356495468277945,0.48036253776435045,1
99,51,503,6687.5,6229.625,10135.625,303,0.0728414425600976,0.06785418640873989,0.11039903495300026,0.6823283338434853,2.395088427527874,0.040060333822117,36,25,92,0.4389438943894389,0.1254125412541254,0.37623762376237624,1
35,52,325,7711.375,6419.125,12589.25,367,0.05725319068372325,0.047658865980146854,0.09346902865118903,6.295,2.3739367603550297,0.11918816568047337,39,32,101,0.36239782016348776,0.2452316076294278,0.46321525885558584,1
43,72,377,6017.0,4850.125,6735.75,311,0.0622098613537908,0.05014552165506974,0.06964102935246741,3.2541914548404542,0.935595100308642,0.04739180603536224,33,29,72,0.3183279742765273,0.3987138263665595,0.3183279742765273,1
28,70,542,6012.125,5270.125,9464.875,287,0.07299014192232514,0.0639818985297867,0.11490821789750999,7.668526785714286,1.0755357142857143,0.03221931550496317,30,21,90,0.17770034843205576,0.20209059233449478,0.4076655052264808,1
37,51,300,6388.5,4925.5,7631.5,319,0.06277945381826043,0.048402629691139044,0.07499434950521319,4.6665449233016805,1.8936947327950788,0.08479444444444445,28,26,77,0.29153605015673983,0.14733542319749215,0.26332288401253917,1
99,69,346,8907.625,7254.25,16417.0,303,0.09702343996775915,0.07901458462677952,0.1788168915901491,0.9088485868788899,1.5236819995799202,0.13713288115205988,47,46,116,0.570957095709571,0.5313531353135313,0.40264026402640263,1
28,63,572,8263.5,6541.5,13519.0,299,0.09243185199270702,0.07317032247961432,0.15121754790214875,10.540178571428571,1.6481481481481481,0.04131925766541151,36,32,107,0.34448160535117056,0.28762541806020064,0.5016722408026756,1
28,71,365,6830.5,6015.5,7952.75,275,0.09032066115702479,0.07954380165289256,0.1051603305785124,8.712372448979592,1.1933148184883953,0.05969412647776318,41,34,80,0.3418181818181818,0.2290909090909091,0.41454545454545455,1
42,61,376,7870.375,6159.25,14480.875,335,0.07013031855647138,0.054883047449320564,0.12903430608153263,4.461663832199546,1.6552674012362267,0.10242809953598914,38,30,112,0.3611940298507463,0.2656716417910448,0.42686567164179107,1
37,88,284,12576.375,9871.5,28136.5,351,0.1020801373365476,0.08012516132174252,0.22837882809392782,9.186541271000731,1.2747288223140496,0.34884571513588575,75,61,162,0.358974358974359,0.358974358974359,0.7037037037037037,1
28,68,294,9109.375,6783.75,12951.875,303,0.09922093694517967,0.07388981472404667,0.1410741321656918,11.619100765306122,1.4670739619377162,0.14984352584571242,59,39,108,0.5148514851485149,0.41914191419141916,0.47854785478547857,1
99,71,514,7458.25,6098.75,13579.5,327,0.06974955344200358,0.057035509543715925,0.12699548298403612,0.7609682685440261,1.209829398928784,0.051399339884025494,44,34,107,0.27522935779816515,0.3119266055045872,0.4923547400611621,1
28,63,432,6702.25,5772.75,9748.0,335,0.05972154154600134,0.05143907329026509,0.08686121630652707,8.548788265306122,1.4544595616024187,0.05223336762688614,31,29,94,0.40298507462686567,0.21791044776119403,0.3522388059701492,1
28,74,336,6791.25,5208.75,9907.75,279,0.08724515358230238,0.06691525031795584,0.12728189514523194,8.662308673469388,0.9511961285609934,0.08775997378117914,49,31,92,0.5376344086021505,0.1971326164874552,0.4659498207885305,1
42,67,422,7984.25,6126.5,9072.75,255,0.12278738946559016,0.09421760861207228,0.13952710495963092,4.526218820861678,1.364780574738249,0.050946463466678645,44,29,89,0.5843137254901961,0.43529411764705883,0.41568627450980394,1
37,84,647,6166.0,5427.5,7735.75,263,0.08914398068498894,0.07846723243071319,0.11183839581315329,4.504017531044558,0.769203514739229,0.01847965523913724,33,31,80,0.5285171102661597,0.39543726235741444,0.49049429657794674,1
99,75,770,8106.375,7337.75,13143.0,255,0.12466551326412918,0.11284505959246444,0.20212226066897346,0.8270967248239975,1.3044888888888888,0.022167313206274245,38,30,104,0.35294117647058826,0.24313725490196078,0.5490196078431373,1
36,61,309,6923.0,6410.125,12382.0,243,0.11724161289776287,0.10855602973801419,0.2096902572439838,5.341820987654321,1.722688793335125,0.12968025052104606,36,38,104,0.49382716049382713,0.411522633744856,0.5308641975308642,1
28,53,354,6999.0,5880.5,9731.25,287,0.0849712877417475,0.07139214995932935,0.11814214085396205,8.927295918367347,2.093449626201495,0.07765369146796898,36,27,89,0.42857142857142855,0.27526132404181186,0.40069686411149824,1
42,55,326,6742.25,5944.25,12093.75,275,0.08915371900826446,0.07860165289256198,0.15991735537190083,3.822137188208617,1.9650413223140495,0.11379568293876322,38,33,101,0.44727272727272727,0.36,0.49818181818181817,1
37,68,725,6769.25,5972.0,11285.75,279,0.08696252617515192,0.07672049434102851,0.1449846481931116,4.944667640613587,1.291522491349481,0.021471105826397146,40,30,99,0.4874551971326165,0.3333333333333333,0.4982078853046595,1
28,69,313,5689.375,5362.75,6659.5,331,0.051928834165442084,0.048947618221812504,0.06078349047562545,7.256855867346939,1.1263915143877337,0.06797558411334198,32,27,72,0.09667673716012085,0.1299093655589124,0.4078549848942598,1
99,55,602,6024.125,5521.125,6735.875,271,0.08202672893887611,0.0751776936588554,0.09171818194196703,0.6146439138863381,1.8251652892561983,0.018586646394631406,38,31,69,0.3800738007380074,0.24354243542435425,0.25830258302583026,1
28,53,379,7206.5,6542.625,8584.0,327,0.0673951874608385,0.06118662851050697,0.08027756735777947,9.191964285714286,2.3291651833392666,0.059760096351320305,30,31,82,0.09174311926605505,0.11009174311926606,0.38837920489296635,1
28,53,481,7439.5,7009.0,5587.375,279,0.09557302706799758,0.09004252257807582,0.07177933222851711,9.489158163265307,2.495194019223923,0.024150029607410063,52,37,60,0.44802867383512546,0.21505376344086022,0.3835125448028674,1
42,55,285,8886.5,7085.25,11392.0,335,0.07918467364669192,0.06313432835820895,0.10151035865448875,5.037698412698413,2.3422314049586777,0.14025238534933826,30,28,97,0.33432835820895523,0.16716417910447762,0.36716417910447763,1
37,49,634,7074.625,7072.625,8923.0,311,0.07314466351671302,0.07312398548402105,0.09225504285522275,5.1677319211103,2.9456997084548107,0.022198947148444108,40,28,81,0.42765273311897106,0.3504823151125402,0.40836012861736337,1
99,54,240,7971.5,7414.0,10702.0,335,0.07103141011361105,0.0660637112942749,0.09536199599019826,0.8133353739414345,2.5425240054869684,0.18579861111111112,31,33,92,0.37910447761194027,0.30149253731343284,0.30149253731343284,1
36,54,332,8007.0,6877.75,11550.5,271,0.10902629321496167,0.09365000476573031,0.15727590855244344,6.1782407407407405,2.358624828532236,0.10479115256205546,42,22,96,0.5313653136531366,0.33948339483394835,0.4132841328413284,1
28,53,1021,7073.5,6064.125,8485.125,295,0.08128124102269463,0.0696825624820454,0.09750215455328928,9.022321428571429,2.158819864720541,0.008139669295432547,36,30,79,0.4406779661016949,0.29491525423728815,0.2677966101694915,1
42,68,386,7850.0,6561.5,9815.75,287,0.09530284451674781,0.07965982347727907,0.11916801223761367,4.450113378684807,1.4190095155709344,0.06587928534994228,39,22,85,0.3623693379790941,0.18466898954703834,0.4843205574912892,1
37,48,535,7357.0,7525.75,10575.5,263,0.1063626769217424,0.10880235365553934,0.15289363732307826,5.373995617238861,3.266384548611111,0.0369482050834134,35,45,90,0.5057034220532319,0.5779467680608364,0.5057034220532319,1
28,45,591,6427.75,6444.5,5722.625,295,0.07386095949439817,0.07405343292157426,0.06575840275782821,8.198660714285714,3.182469135802469,0.01638401458997197,45,32,63,0.43389830508474575,0.16271186440677965,0.3525423728813559,1
99,75,375,6388.25,5946.75,8258.0,263,0.09235712530179704,0.08597420809900388,0.11938874351226705,0.6517957351290684,1.0572,0.05872355555555556,40,28,79,0.4372623574144487,0.44866920152091255,0.4828897338403042,1
28,68,554,8240.75,6185.0,10301.0,335,0.07343060815326354,0.05511249721541546,0.09178881710848741,10.511160714285714,1.3375865051903115,0.033562929270549595,38,30,88,0.44477611940298506,0.25970149253731345,0.39104477611940297,1
36,71,235,8001.25,7393.5,10681.875,283,0.09990448126459314,0.09231604839615927,0.13337505774825506,6.173804012345679,1.4666732791112875,0.19342462652784065,6,7,89,0.02120141342756184,0.0353356890459364,0.4628975265017668,1
48,57,432,8250.25,6549.25,13471.0,287,0.10016207553812721,0.07951110247787396,0.16354453738663818,3.580837673611111,2.015774084333641,0.07218257030178327,36,23,104,0.42857142857142855,0.13588850174216027,0.4808362369337979,1
28,71,330,8738.75,7197.25,10079.0,347,0.07257555498343148,0.059773355812273166,0.08370636746422609,11.146364795918368,1.427742511406467,0.09255280073461891,45,2,92,0.27089337175792505,0.005763688760806916,0.3688760806916426,1
99,73,425,6735.0,6738.75,8152.5,291,0.07953377971445778,0.07957806355616963,0.09627307188153186,0.687174778083869,1.264543066241321,0.04513494809688581,35,29,80,0.32989690721649484,0.27147766323024053,0.38831615120274915,1
28,62,513,7729.625,7208.25,7915.0,351,0.06273995340946908,0.05850804782428714,0.06424460840415257,9.85921556122449,1.8751951092611863,0.030075730804160063,40,37,75,0.3247863247863248,0.2934472934472934,0.31054131054131057,0
28,65,549,6359.75,6371.0,6891.75,255,0.09780469050365244,0.09797770088427528,0.10598615916955018,8.111926020408163,1.5079289940828402,0.022865717101137686,32,22,71,0.49411764705882355,0.26666666666666666,0.4666666666666667,1
28,70,345,6329.75,5560.5,7458.75,279,0.08131640138230495,0.07143407715728216,0.09582032604925425,8.073660714285714,1.1347959183673468,0.06266540642722117,34,31,74,0.35125448028673834,0.3942652329749104,0.4121863799283154,1
48,97,414,6606.75,6734.75,8982.75,319,0.06492418510038227,0.0661820343746622,0.08827301225420348,2.8675130208333335,0.715777447125093,0.052409332773226916,33,28,81,0.3448275862068966,0.2507836990595611,0.335423197492163,1
28,65,454,6565.25,6366.0,6365.5,319,0.06451636678098682,0.06255834750051592,0.06255343402678826,8.374043367346939,1.5067455621301775,0.030883094956238234,31,31,68,0.32601880877742945,0.3166144200626959,0.28213166144200624,1
104,72,305,7473.5,5627.25,8425.25,343,0.06352370185891933,0.04783083579120945,0.07161344337818426,0.6909670857988166,1.0855034722222223,0.09056973931738779,28,27,78,0.3294460641399417,0.3177842565597668,0.3819241982507289,1
28,68,278,6634.0,6721.75,8276.25,319,0.06519196941853952,0.06605428405774315,0.08133027387702559,8.46173469387755,1.4536656574394464,0.10708878940013457,30,34,78,0.3385579937304075,0.34169278996865204,0.3824451410658307,1
28,63,275,5842.25,5508.75,10391.0,295,0.06713300775639185,0.06330077563918414,0.11940247055443838,7.451849489795919,1.3879440665154952,0.13740165289256198,33,30,88,0.2711864406779661,0.4271186440677966,0.49830508474576274,1
48,77,333,5952.25,5881.125,7978.0,279,0.07646677200960933,0.07555305044899217,0.10249097519302167,2.5834418402777777,0.9919252825096981,0.07194581969356745,33,24,80,0.41935483870967744,0.16129032258064516,0.2903225806451613,1
28,65,694,8341.75,6793.875,9998.0,335,0.07433058587658721,0.06053798173312542,0.08908888393851637,10.63998724489796,1.60801775147929,0.02075841506864105,30,28,82,0.26865671641791045,0.20298507462686566,0.24477611940298508,1
99,72,296,8171.0,7183.75,12673.75,335,0.07280908888393851,0.06401202940521274,0.11293161060369793,0.8336904397510458,1.3857542438271604,0.1446510911249087,41,40,98,0.44776119402985076,0.3701492537313433,0.4716417910447761,1
28,62,673,6561.5,6285.0,7874.5,327,0.06136314750909482,0.05877731952978144,0.07364232341086141,8.369260204081632,1.635015608740895,0.01738572712279408,27,37,74,0.28134556574923547,0.24464831804281345,0.28440366972477066,1
28,71,652,6423.5,7596.0,8869.25,363,0.04874818811708368,0.05764633563281197,0.06730907876662948,8.193239795918368,1.5068438801825035,0.020863718054875982,36,37,84,0.2231404958677686,0.10192837465564739,0.31955922865013775,1
28,63,489,7126.875,6990.125,8206.625,247,0.11681678113065286,0.11457530856103199,0.13451498959169958,9.090401785714286,1.76118039808516,0.03431996771508985,38,33,79,0.5546558704453441,0.4493927125506073,0.3684210526315789,1
48,87,268,5370.75,5283.0,8039.0,235,0.09725215029425079,0.09566319601629697,0.14556813037573563,2.3310546875,0.6979785969084423,0.11192637558476275,26,20,80,0.2765957446808511,0.23404255319148937,0.4425531914893617,1
98,75,312,4758.25,4818.75,5089.0,235,0.08616115889542779,0.08725667722951562,0.09215029425079221,0.4954446064139942,0.8566666666666667,0.052278517422748194,34,38,59,0.30638297872340425,0.3872340425531915,0.4,1
28,70,268,7045.25,5975.625,6814.875,311,0.07284095491154971,0.06178208455247568,0.07045910402084346,8.986288265306122,1.219515306122449,0.09488297783470706,32,36,71,0.2379421221864952,0.2315112540192926,0.40192926045016075,1
36,67,300,6311.0,5614.25,8195.75,287,0.07661863079556629,0.06815974456409571,0.09950041884689628,4.869598765432099,1.2506683002895969,0.09106388888888889,32,25,82,0.42160278745644597,0.27526132404181186,0.2926829268292683,1
69,53,531,5043.0,4754.5,7459.25,207,0.11769236154869425,0.11095941562230158,0.17408224229270228,1.0592312539382482,1.6925952296190816,0.026454899791105862,29,25,71,0.22705314009661837,0.42995169082125606,0.4106280193236715,1
38,84,276,4578.0,4325.25,7259.0,279,0.05881219408794851,0.05556519058079932,0.0932541976593312,3.170360110803324,0.6129889455782312,0.09529248057130855,24,35,74,0.27598566308243727,0.1935483870967742,0.34767025089605735,1
43,72,198,6011.5,5264.125,5283.875,255,0.09244905805459439,0.08095540176855055,0.08125913110342176,3.251216873985938,1.0154562114197532,0.13477897663503724,40,33,56,0.3254901960784314,0.32941176470588235,0.403921568627451,1
102,78,296,6522.75,5079.25,6560.75,283,0.08144376880720199,0.06342007017193373,0.08191824095693541,0.6269463667820069,0.834853714661407,0.07488072954711468,38,19,67,0.4169611307420495,0.06713780918727916,0.24381625441696114,1
27,62,422,5599.0,5125.75,6950.0,287,0.06797460209544853,0.06222911532251211,0.08437640374412704,7.680384087791495,1.3334417273673258,0.03902652680757395,37,27,73,0.36585365853658536,0.2961672473867596,0.33797909407665505,1
41,67,368,5630.25,5244.25,4938.25,327,0.05265409757876722,0.049044225607646194,0.04618251363053989,3.3493456276026174,1.1682445979059923,0.03646510219754253,23,31,62,0.23547400611620795,0.17737003058103976,0.3516819571865443,1
28,57,327,6202.125,5552.125,7692.125,239,0.10857871885996394,0.09719936625759353,0.13466369636385916,7.910873724489796,1.7088719606032625,0.07193675242450598,42,33,77,0.4560669456066946,0.3305439330543933,0.4686192468619247,1
91,93,290,6351.125,6030.125,9598.0,315,0.06400730662635425,0.06077223481985387,0.09672965482489292,0.7669514551382683,0.6972048791767834,0.11412604042806183,27,34,86,0.3333333333333333,0.26666666666666666,0.4126984126984127,1
99,64,236,8127.0,6575.0,9882.5,291,0.09597194175789138,0.07764433580141944,0.11670268419125895,0.8292011019283747,1.605224609375,0.1774364406779661,33,39,97,0.41580756013745707,0.3127147766323024,0.3402061855670103,1
29,74,299,5665.5,5201.25,6907.25,243,0.09594573997866179,0.08808362546359803,0.1169748852647801,6.736623067776456,0.9498265157048941,0.07726144002863503,18,35,75,0.07407407407407407,0.4567901234567901,0.3333333333333333,1
28,64,304,6828.25,5797.5,10708.875,351,0.05542365727550913,0.04705724791194877,0.08692198115275038,8.709502551020408,1.4154052734375,0.11587685032894737,32,34,94,0.33903133903133903,0.32193732193732194,0.41025641025641024,1
48,64,277,7344.75,6294.0,8680.75,287,0.08916886207189598,0.07641224246986124,0.10538855637436415,3.1878255208333335,1.53662109375,0.1131351900845834,35,37,84,0.313588850174216,0.41114982578397213,0.39372822299651566,1
50,88,316,6346.125,5896.125,12429.125,279,0.08152676610012718,0.0757457509538675,0.15967324417723308,2.53845,0.761379777892562,0.12447048750200289,36,33,101,0.2903225806451613,0.2939068100358423,0.3978494623655914,1
42,67,250,5878.0,5662.0,9827.5,271,0.08003703653272695,0.07709590011029262,0.1338148990345992,3.3321995464852607,1.2613054132323458,0.15724,32,32,91,0.25461254612546125,0.28413284132841327,0.36531365313653136,1
100,73,546,5961.5,5028.25,6537.75,263,0.08618745391721724,0.07269513799534473,0.09451849817114603,0.59615,0.9435635203602928,0.021930221792859157,30,26,66,0.3726235741444867,0.33840304182509506,0.4600760456273764,1
36,65,437,7767.25,6384.5,10596.25,287,0.09429821899015406,0.07751095679199699,0.12864366448542533,5.993248456790123,1.5111242603550297,0.055486754394692334,37,33,92,0.5400696864111498,0.18466898954703834,0.3867595818815331,1
41,57,363,7677.0,7277.625,12177.125,391,0.05021552710932032,0.04760320118261916,0.0796510030677455,4.566924449732302,2.2399584487534625,0.09241266914069318,25,26,99,0.24040920716112532,0.17647058823529413,0.25831202046035806,1
28,60,466,8399.5,6630.625,14621.5,351,0.06817720635384453,0.05381957126971372,0.11868004318146769,10.713647959183673,1.8418402777777778,0.06733177991858387,41,33,112,0.32763532763532766,0.25071225071225073,0.3190883190883191,1
40,56,282,10075.0,9289.75,21173.5,339,0.08766892038878882,0.08083596557635245,0.18424395889350076,6.296875,2.962292729591837,0.2662529550827423,50,47,136,0.15634218289085547,0.40707964601769914,0.5693215339233039,1
104,77,312,6224.75,5642.75,12122.5,319,0.0611702911724531,0.05545100775346154,0.1191271705270192,0.5755131286982249,0.9517203575645135,0.12453258547008547,27,28,103,0.30407523510971785,0.18181818181818182,0.42946708463949845,1
37,64,545,7356.75,6625.25,10926.75,311,0.076061558503324,0.06849856804623608,0.11297184685848988,5.373813002191381,1.61749267578125,0.03678730746570154,38,28,96,0.4340836012861736,0.2347266881028939,0.3408360128617363,1
42,59,558,6560.625,5675.0,8713.875,295,0.07538781959207125,0.0652111462223499,0.1001307095662166,3.719175170068027,1.6302786555587474,0.02798613519867422,48,33,83,0.27796610169491526,0.22033898305084745,0.5084745762711864,1
32,50,293,6728.75,6201.5,11650.0,275,0.08897520661157025,0.08200330578512396,0.1540495867768595,6.571044921875,2.4806,0.13570338617805683,37,21,95,0.48,0.14909090909090908,0.5672727272727273,1
37,51,361,6463.625,5913.375,7068.875,283,0.08070552760054439,0.07383504601131241,0.08826274519596948,4.721420745069394,2.273500576701269,0.054242025460209786,22,32,71,0.14840989399293286,0.38869257950530034,0.4028268551236749,1
29,71,615,6241.625,5886.125,6154.0,269,0.08625675432898937,0.08134388690040215,0.08504581197053661,7.42167063020214,1.167650267804007,0.01627073831713927,31,18,65,0.19330855018587362,0.13382899628252787,0.2899628252788104,1
99,76,513,6253.5,6081.625,13976.125,295,0.07185866130422293,0.06988365412237862,0.16059896581442115,0.6380471380471381,1.0529129155124655,0.05310703388317013,29,24,104,0.3254237288135593,0.1423728813559322,0.5627118644067797,1
28,60,601,7238.125,7680.125,14948.625,303,0.07883894825126077,0.08365329107168143,0.16282308923961702,9.232302295918368,2.1333680555555556,0.04138589040451161,26,39,107,0.2376237623762376,0.4389438943894389,0.49504950495049505,1
42,73,210,5365.25,5846.0,10034.75,327,0.05017581759859346,0.054671791562625666,0.09384498124924015,3.0415249433106575,1.0970163257646839,0.2275453514739229,28,25,85,0.345565749235474,0.16819571865443425,0.40978593272171254,1
28,63,287,10557.0,10352.75,24782.5,383,0.07196858660158567,0.07057618499001289,0.16894586506145656,13.465561224489797,2.6084026203073822,0.3008716871638602,45,42,144,0.31070496083550914,0.2584856396866841,0.587467362924282,1
37,44,499,10334.75,10159.5,22153.0,415,0.06000725794745246,0.05898969371461751,0.12862824793148497,7.5491234477720965,5.247675619834711,0.08896751418669001,50,47,136,0.2891566265060241,0.2674698795180723,0.344578313253012,1
99,60,247,10765.25,9325.875,20751.125,391,0.07041587901701324,0.06100087649871468,0.13573383873731856,1.0983828180797879,2.590520833333333,0.34013219361077873,53,38,124,0.38618925831202044,0.35038363171355497,0.47058823529411764,1
28,73,322,12516.875,13794.75,29306.0,391,0.08187331977158706,0.09023194510763273,0.19169157710899326,15.965401785714286,2.5886188778382437,0.28264727441070947,50,52,157,0.4398976982097187,0.24808184143222506,0.47570332480818417,1
28,65,400,12972.75,11631.5,22266.75,359,0.1006568074425245,0.0902499204692701,0.17276984194722264,16.546875,2.7530177514792897,0.1391671875,54,51,133,0.3983286908077994,0.4958217270194986,0.4958217270194986,1
42,66,378,9422.25,8067.25,19318.5,335,0.083958565382045,0.07188460681666295,0.17214078859434173,5.34141156462585,1.851985766758494,0.13520408163265307,38,35,127,0.37910447761194027,0.27761194029850744,0.4417910447761194,1
37,48,309,9894.25,9812.5,19580.0,295,0.11369434070669347,0.11275495547256535,0.22499281815570238,7.227355734112491,4.258897569444445,0.2050669766759879,40,40,127,0.488135593220339,0.4610169491525424,0.5186440677966102,1
28,50,869,9280.0,8525.25,18268.75,367,0.0688994646927366,0.0632958148029906,0.13563654047472326,11.83673469387755,3.4101,0.024191861073334032,46,46,126,0.2970027247956403,0.4223433242506812,0.42779291553133514,1
99,69,368,8543.5,7437.5,18947.0,295,0.09817293881068659,0.08546394714162597,0.21771904625107727,0.8716967656361596,1.5621718126444024,0.1399087310964083,46,42,126,0.15593220338983052,0.33220338983050846,0.6440677966101694,1
28,50,555,7421.5,5807.75,13038.25,299,0.08301361282312278,0.06496291987785371,0.14584009127414682,9.466198979591837,2.3231,0.042328544760977194,32,29,101,0.4782608695652174,0.33444816053511706,0.46488294314381273,1
43,69,270,7510.625,7381.125,13148.5,323,0.0719898110784154,0.07074854546674463,0.12602919610079652,4.061992969172525,1.5503308128544424,0.18036351165980796,33,30,101,0.3498452012383901,0.2260061919504644,0.34365325077399383,1
37,79,383,7157.25,6803.25,13044.5,367,0.05313908336983718,0.05051080637617029,0.09684903741211234,5.228086194302411,1.0900897292100624,0.0889262316874476,38,35,106,0.3678474114441417,0.18528610354223432,0.3651226158038147,1
28,62,319,6524.875,5913.25,10485.5,343,0.05546052240138038,0.05026179568037127,0.08912527943288935,8.322544642857142,1.5383064516129032,0.10304045754267352,39,37,85,0.26239067055393583,0.31486880466472306,0.46355685131195334,1
99,51,587,6259.0,5988.5,10422.0,263,0.0904885136405037,0.08657780219462476,0.15067443507929854,0.6386083052749719,2.3023836985774704,0.030246481836729365,31,31,95,0.3612167300380228,0.3688212927756654,0.41825095057034223,1
28,65,236,7374.75,7972.25,13836.5,335,0.06571396747605257,0.07103809311650702,0.1232924927600802,9.40656887755102,1.886923076923077,0.24842897155989657,30,41,106,0.2626865671641791,0.37910447761194027,0.4626865671641791,1
36,47,367,6231.25,5565.375,12847.0,311,0.06442499560591805,0.0575405030965354,0.13282534299686727,4.808063271604938,2.5194092349479402,0.09538269643400724,42,35,100,0.2282958199356913,0.3665594855305466,0.4565916398713826,1
42,67,366,9714.125,7964.75,21549.125,319,0.09546019594933226,0.07826917974469591,0.21176211908294926,5.50687358276644,1.7742815771886835,0.16086718773328557,51,50,141,0.5893416927899686,0.5203761755485894,0.6520376175548589,1
37,54,451,10598.375,8957.375,24778.375,311,0.10957677236587711,0.09261044654211598,0.2561840241519422,7.741691015339664,3.071802126200274,0.12182032045073525,60,54,151,0.5755627009646302,0.3183279742765273,0.6334405144694534,1
28,68,386,11030.5,10629.0,25162.5,375,0.07843911111111111,0.075584,0.17893333333333333,14.06951530612245,2.298659169550173,0.1688803726274531,60,60,153,0.37066666666666664,0.16,0.49866666666666665,1
98,55,505,9295.75,8274.5,23260.5,327,0.08693385330452917,0.07738312338093502,0.21753219425974243,0.9679039983340275,2.735371900826446,0.09120870502891873,56,54,148,0.4923547400611621,0.17737003058103976,0.581039755351682,1
27,56,442,10368.75,9212.5,26594.25,303,0.11293827402542235,0.10034419283512509,0.28966931346600006,14.223251028806585,2.93765943877551,0.1361266661206773,53,53,158,0.6138613861386139,0.47194719471947194,0.6402640264026402,1
28,50,416,7928.25,7146.75,23092.5,295,0.09110313128411376,0.08212295317437518,0.26535478310830224,10.112563775510203,2.8587,0.13343946468195267,43,43,146,0.5084745762711864,0.5288135593220339,0.6847457627118644,1
48,57,374,8481.25,6673.25,14155.0,279,0.10895607713158875,0.08572924294394985,0.1818450431006796,3.6810980902777777,2.053939673745768,0.10119677428579599,41,38,110,0.5017921146953405,0.5017921146953405,0.5017921146953405,1
28,59,514,7142.0,6702.75,13095.0,283,0.08917579193147623,0.08369126846383398,0.16350560001997777,9.10969387755102,1.925524274633726,0.04956547411770049,40,29,105,0.30742049469964666,0.24734982332155478,0.6148409893992933,1
99,75,297,6419.75,6822.25,9647.25,319,0.06308654592623893,0.067041892277002,0.09480301883825827,0.6550096928884808,1.2128444444444444,0.10936809169132401,34,31,89,0.4231974921630094,0.09717868338557993,0.3730407523510972,1
39,77,290,8838.25,8816.75,14679.25,383,0.0602516207759273,0.06010505218523543,0.1000705574378447,5.810815253122946,1.4870551526395683,0.17454518430439953,42,46,98,0.2845953002610966,0.28720626631853785,0.5248041775456919,1
29,68,388,6660.25,6441.75,9109.75,275,0.0880694214876033,0.0851801652892562,0.1204595041322314,7.919441141498217,1.3931120242214532,0.06051220905515995,31,31,82,0.32727272727272727,0.11272727272727273,0.5054545454545455,1
69,56,333,9939.25,8136.75,18206.5,383,0.06775729604810177,0.05546939443312041,0.12411632774100308,2.0876391514387733,2.594626913265306,0.16418670923175427,42,36,126,0.2950391644908616,0.30809399477806787,0.3785900783289817,1
28,60,344,9005.125,7321.625,18778.375,311,0.09310413457263676,0.07569840055417128,0.19414992607603312,11.486128826530612,2.0337847222222223,0.1586869169145484,55,49,131,0.5530546623794212,0.4662379421221865,0.5401929260450161,1
96,62,333,8665.0,6814.5,16449.0,311,0.08958757663795866,0.07045522688971372,0.17006647987510468,0.9402126736111112,1.7727627471383975,0.14833752671590508,44,39,121,0.4983922829581994,0.44694533762057875,0.5787781350482315,1
42,66,662,8942.25,7493.625,18187.625,319,0.08787502088226334,0.07363945912481205,0.17872883521191812,5.069302721088436,1.7202995867768596,0.04150113863509826,48,50,129,0.23510971786833856,0.22884012539184953,0.42946708463949845,1
37,90,303,8292.25,7797.75,21510.0,279,0.10652805077015969,0.10017535745943654,0.27633252399121283,6.057158509861212,0.9626851851851852,0.2342907558082541,49,46,138,0.43727598566308246,0.3978494623655914,0.7060931899641577,1
28,49,371,9405.125,7742.875,18202.5,343,0.07994224345298302,0.06581335157969893,0.15471869714149716,11.996332908163266,3.2248542274052476,0.1322462057090547,56,53,130,0.40816326530612246,0.2857142857142857,0.4868804664723032,1
36,53,565,7703.5,6719.25,11300.5,235,0.13949298325033951,0.12167043911272069,0.20462652784065188,5.9440586419753085,2.3920434318262727,0.035399796381862324,30,1,101,0.1276595744680851,0.00425531914893617,0.4425531914893617,1
28,73,804,8625.375,7585.625,19110.875,311,0.08917789311524901,0.07842790086951128,0.1975876490110731,11.001753826530612,1.4234612497654344,0.029564359483676146,46,42,133,0.35691318327974275,0.14790996784565916,0.5659163987138264,1
99,69,709,6750.0,5564.0,11944.5,263,0.09758706935187729,0.08044065983316226,0.17268574072199974,0.6887052341597796,1.1686620457886998,0.023761590352529737,37,35,104,0.2889733840304182,0.3726235741444867,0.5399239543726235,1
48,92,459,7324.625,6169.875,13426.25,283,0.09145606762476745,0.07703773302201301,0.16764162369364083,3.1790907118055554,0.7289549858223062,0.0637278634523284,39,38,110,0.4275618374558304,0.5053003533568905,0.38869257950530034,1
28,53,1101,8055.125,8121.375,15629.0,327,0.07533152839734777,0.07595109839239121,0.14616240683070075,10.274394132653061,2.8911979352082593,0.01289307631325168,47,43,118,0.3241590214067278,0.3241590214067278,0.4617737003058104,1
28,49,516,8229.75,6826.5,14225.5,311,0.08508751977336876,0.07057929508586554,0.1470776770298074,10.497130102040817,2.8431903373594336,0.05342790397211706,37,36,114,0.4565916398713826,0.4180064308681672,0.5048231511254019,1
35,49,409,10735.0,9219.5,17817.75,311,0.11098934047414728,0.09532056120180726,0.18421800849867143,8.763265306122449,3.8398583923365264,0.10651388980218914,50,44,119,0.4887459807073955,0.3408360128617363,0.6366559485530546,1
99,75,518,11348.0,8997.25,19928.0,319,0.11151619972288009,0.0884155029923055,0.19583140888945666,1.1578410366289154,1.599511111111111,0.07426842175876924,58,39,127,0.5329153605015674,0.3072100313479624,0.5172413793103449,1
48,55,164,6807.5,6140.875,12349.875,287,0.08264638395512874,0.07455322997729728,0.14993353081863323,2.9546440972222223,2.0300413223140494,0.45917143813206424,30,31,106,0.1916376306620209,0.2264808362369338,0.3902439024390244,1
28,63,591,7290.75,6717.25,13706.25,247,0.119502860233736,0.11010260781196217,0.22465947647068465,9.299426020408163,1.6924288233812044,0.03924132718355708,43,44,111,0.43724696356275305,0.5991902834008097,0.5506072874493927,1
28,53,493,8261.25,7299.5,16787.5,315,0.08325774754346182,0.07356512975560595,0.1691861929957168,10.537308673469388,2.598611605553578,0.06907043435685808,47,43,122,0.5079365079365079,0.2920634920634921,0.45714285714285713,1
28,70,535,7496.75,7277.0,13545.0,295,0.08614478598103993,0.08361964952599828,0.1556449296179259,9.56218112244898,1.4851020408163265,0.04732291029784261,37,35,109,0.29491525423728815,0.4271186440677966,0.49830508474576274,1
36,71,531,7782.375,6797.0,13711.375,327,0.07278077041775384,0.06356554349147565,0.1282287779741698,6.004918981481482,1.3483435826224954,0.04862862239813308,43,43,114,0.2415902140672783,0.4617737003058104,0.46788990825688076,1
99,69,258,8774.625,8051.0,18754.625,351,0.07122202741860861,0.06534849554792575,0.1522278634101996,0.8952785430058158,1.6910312959462297,0.2817532750435671,47,47,128,0.31339031339031337,0.41595441595441596,0.5213675213675214,1
49,88,510,9461.0,8394.75,16956.5,335,0.08430385386500334,0.07480285141456895,0.15109378480730676,3.9404414827155354,1.084032799586777,0.0651922337562476,45,44,122,0.33134328358208953,0.3701492537313433,0.4955223880597015,1
28,49,330,10453.5,7233.75,19787.0,379,0.07277518257322074,0.05035992509102554,0.1377531484743214,13.333545918367347,3.0128071636817992,0.1816988062442608,49,46,134,0.24010554089709762,0.33773087071240104,0.42744063324538256,1
28,52,425,8739.25,7787.5,16766.0,327,0.08172946534616428,0.0728286994173704,0.15679563074563496,11.147002551020408,2.879992603550296,0.09282214532871973,36,36,123,0.44648318042813456,0.3486238532110092,0.4984709480122324,1
37,59,223,8146.0,6875.25,15651.5,287,0.09889642948196531,0.08346890213551214,0.19001687528074881,5.950328707085464,1.9750790002872738,0.31473586840676465,45,42,119,0.3902439024390244,0.33797909407665505,0.4181184668989547,1
122,75,351,7842.75,7186.5,12826.375,271,0.10678980406040223,0.09785405972140902,0.17464869759398702,0.5269248857833916,1.2776,0.10410934164495418,27,37,108,0.28044280442804426,0.22878228782287824,0.4280442804428044,1
37,48,530,7568.25,6320.875,16829.375,279,0.0972270397348441,0.08120238691692039,0.21620193728240902,5.528305332359387,2.743435329861111,0.059912335350658597,46,30,121,0.33691756272401435,0.34767025089605735,0.6272401433691757,1
35,63,549,7147.5,6428.5,12382.75,271,0.09732302120069171,0.08753284949823668,0.16860813442082762,5.83469387755102,1.6196775006298816,0.041083971187885905,30,35,104,0.3800738007380074,0.12915129151291513,0.5387453874538746,1
29,62,334,7458.75,6499.25,13197.75,351,0.06054131054131054,0.05275322440564606,0.10712372464509216,8.868906064209275,1.6907518210197712,0.11830605256552763,44,43,108,0.45014245014245013,0.30484330484330485,0.45014245014245013,1
42,59,513,8950.0,7668.5,18194.75,307,0.09496121974768963,0.08136425850672156,0.19304979363176267,5.073696145124717,2.2029589198506176,0.06913713241301217,49,46,128,0.501628664495114,0.3550488599348534,0.4820846905537459,1
32,58,879,6882.25,5838.75,15347.75,271,0.0937112784411977,0.07950259391892812,0.2089806783676693,6.720947265625,1.7356569560047563,0.019864011876149466,17,30,116,0.06273062730627306,0.2693726937269373,0.6088560885608856,1
105,69,388,7195.75,7016.25,13970.5,343,0.06116286581271409,0.05963714098717371,0.11874729066970395,0.6526757369614512,1.4736925015752993,0.09280011159528112,42,41,108,0.33819241982507287,0.37317784256559766,0.4402332361516035,1
37,90,357,6522.5,6593.75,8575.75,335,0.058119848518601025,0.05875473379371798,0.07641568278012921,4.764426588750913,0.8140432098765432,0.06728769939348288,38,25,82,0.32238805970149254,0.20298507462686566,0.3044776119402985,1
