SrcIPF0,DstIPF0,DstPortF0,SrcIPF2,DstIPF2,DstPortF2,Events_F1,SrcIP_BurstIndex,DstIP_BurstIndex,DstPort_BurstIndex,SrcIP_Concentration,DstIP_Concentration,DstPort_Concentration,SrcIP_MaxCount,DstIP_MaxCount,DstPort_MaxCount,SrcIP_FractionOfMass,DstIP_FractionOfMass,DstPort_FractionOfMass,Attack
15,17,17,925.75,682.5,4664.0,83,0.13438089708230513,0.09907098272608507,0.6770213383655103,4.114444444444445,2.36159169550173,16.13840830449827,14,12,67,0.5060240963855421,0.40963855421686746,1.0481927710843373,1
16,22,14,694.625,765.125,4466.0,97,0.0738255925178021,0.08131841853544479,0.474651929004145,2.71337890625,1.5808367768595042,22.785714285714285,12,0,65,0.30927835051546393,0.0,0.865979381443299,1
17,17,32,26116.75,23455.75,107130.5,479,0.1138277378498176,0.10222998505062304,0.4669196002458148,90.36937716262976,81.16176470588235,104.61962890625,72,66,299,0.5177453027139874,0.4154488517745303,0.964509394572025,0
14,14,182,74507.0,69455.75,191555.5,879,0.09643158983279428,0.08989394815962394,0.24792303281860528,380.13775510204084,354.36607142857144,5.782982127762348,98,98,425,0.2901023890784983,0.30716723549488056,0.7133105802047781,0
15,15,88,20326.0,17938.25,31602.375,519,0.07546007031455927,0.06659557248450963,0.11732349894750911,90.33777777777777,79.72555555555556,4.080885201446281,58,70,158,0.11753371868978806,0.13680154142581888,0.5568400770712909,0
15,16,72,5959.0,5491.0,3763.25,243,0.10091618825043608,0.0929905671560907,0.06373096919507527,26.484444444444446,21.44921875,0.7259355709876543,33,39,50,0.4156378600823045,0.51440329218107,0.2551440329218107,0
16,16,102,8231.625,7376.0,4012.625,287,0.09993595891658269,0.08954825237650087,0.04871523267248601,32.15478515625,28.8125,0.38568098808150714,39,45,49,0.49477351916376305,0.4146341463414634,0.24390243902439024,0
16,15,110,6762.75,5660.75,4100.375,231,0.12673581829425987,0.10608403140870673,0.0768421693746369,26.4169921875,25.15888888888889,0.3388739669421488,40,34,43,0.47186147186147187,0.27705627705627706,0.19047619047619047,0
16,20,105,4983.5,4593.5,3689.875,231,0.09339217780776222,0.08608346920035231,0.06914928505837596,19.466796875,11.48375,0.3346825396825397,35,30,48,0.48917748917748916,0.21212121212121213,0.4458874458874459,0
13,19,86,5958.625,5270.5,4335.75,251,0.0945798479389216,0.08365740226345614,0.06882033618513991,35.258136094674555,14.59972299168975,0.5862290427257977,36,39,47,0.4103585657370518,0.3545816733067729,0.4940239043824701,0
10,14,104,6470.25,5317.75,4083.25,283,0.08078824807401766,0.06639800721697112,0.050983905405236674,64.7025,27.131377551020407,0.37751941568047337,40,38,48,0.35335689045936397,0.44876325088339225,0.19434628975265017,0
15,21,119,6473.75,4482.0,3192.75,279,0.08316632622910805,0.05757891085674644,0.04101630246271245,28.772222222222222,10.16326530612245,0.22546077254431185,48,36,33,0.4767025089605735,0.4946236559139785,0.2831541218637993,0
16,15,113,6281.125,5038.25,3084.25,239,0.10996174786855972,0.08820311269060416,0.05399502809824758,24.53564453125,22.392222222222223,0.241542015819563,36,35,20,0.5397489539748954,0.3891213389121339,0.21338912133891214,0
16,17,116,6416.125,5198.125,3375.125,235,0.11618153010411951,0.09412630149388863,0.061115889542779536,25.06298828125,17.98659169550173,0.2508267687277051,39,28,25,0.39574468085106385,0.32340425531914896,0.10638297872340426,0
16,19,71,4591.0,4526.25,4843.625,235,0.08313263920325939,0.08196016296966953,0.08770710728836578,17.93359375,12.53808864265928,0.9608460622892283,19,19,46,0.14893617021276595,0.2170212765957447,0.37446808510638296,0
14,18,93,8498.0,6190.375,7613.125,287,0.10316988187303476,0.07515418421979142,0.09242706600784276,43.357142857142854,19.106095679012345,0.880231818707365,49,15,70,0.4808362369337979,0.07317073170731707,0.5296167247386759,0
15,19,84,4952.0,4201.5,3506.375,215,0.1071281773931855,0.09089237425635478,0.07585451595457003,22.00888888888889,11.638504155124654,0.49693523242630383,40,31,37,0.4558139534883721,0.3953488372093023,0.17209302325581396,1
16,16,86,6865.75,5743.75,4065.125,231,0.1286660669777553,0.1076394745225914,0.07618157455819793,26.8193359375,22.4365234375,0.549638318009735,43,34,46,0.4588744588744589,0.4805194805194805,0.3722943722943723,0
13,17,87,4831.25,4295.25,3109.75,227,0.09375788391003125,0.08335597430573076,0.060349511925323604,28.587278106508876,14.862456747404844,0.41085348130532434,38,33,43,0.41409691629955947,0.45374449339207046,0.3392070484581498,0
17,18,94,4495.5,4341.5,3888.5,255,0.0691349480968858,0.06676662821991541,0.0598000768935025,15.555363321799309,13.399691358024691,0.44007469443186964,38,29,48,0.3215686274509804,0.4666666666666667,0.396078431372549,1
16,19,108,5597.5,5863.75,3101.75,223,0.11256007560980515,0.11791409439160248,0.06237306199601842,21.865234375,16.243074792243767,0.26592506858710563,42,40,32,0.48878923766816146,0.452914798206278,0.3811659192825112,0
15,19,90,5641.5,5152.5,4141.25,351,0.04579102442350306,0.04182190079625977,0.033613769368755125,25.073333333333334,14.272853185595569,0.5112654320987654,30,25,44,0.2621082621082621,0.1908831908831909,0.2222222222222222,1
14,13,96,7072.25,5409.875,4609.875,235,0.1280624717066546,0.09796061566319601,0.08347442281575373,36.08290816326531,32.01109467455621,0.5002034505208334,42,31,49,0.4,0.4,0.40425531914893614,1
16,17,70,5956.625,5387.75,4239.125,255,0.09160515186466743,0.08285659361783929,0.0651922337562476,23.26806640625,18.64273356401384,0.8651275510204082,21,28,37,0.08235294117647059,0.18823529411764706,0.38823529411764707,1
14,18,59,6185.5,4657.5,4212.75,259,0.09220941846424471,0.0694309864194034,0.06280094214457149,31.558673469387756,14.375,1.2102125825912093,52,28,46,0.20077220077220076,0.37065637065637064,0.3281853281853282,1
14,18,88,4614.5,4118.25,2654.25,263,0.06671341207766485,0.05953895531235091,0.0383734042706993,23.543367346938776,12.710648148148149,0.34274922520661155,32,29,32,0.20152091254752852,0.20152091254752852,0.17870722433460076,1
17,19,111,6770.25,6249.5,4785.25,307,0.07183365340746321,0.06630839584504876,0.05077242198856221,23.426470588235293,17.31163434903047,0.38838162486811134,29,35,44,0.36807817589576547,0.3257328990228013,0.24104234527687296,1
15,16,88,5125.625,4256.25,3381.5,203,0.12438120313523744,0.10328447669198476,0.08205731757625762,22.780555555555555,16.6259765625,0.4366606404958678,30,24,34,0.5270935960591133,0.32019704433497537,0.16748768472906403,1
16,15,86,5592.75,5366.25,3899.0,227,0.10853597003629024,0.10414038696656251,0.07566612975217839,21.8466796875,23.85,0.527176852352623,32,36,46,0.4008810572687225,0.5638766519823789,0.5022026431718062,0
10,19,98,5061.75,4604.875,3120.625,255,0.07784313725490197,0.07081699346405229,0.04799115724721261,50.6175,12.755886426592797,0.32492971678467303,44,40,39,0.4549019607843137,0.45098039215686275,0.403921568627451,0
14,15,106,4360.5,4556.5,2522.75,211,0.09794254396801509,0.10234496080501336,0.0566642707935581,22.247448979591837,20.25111111111111,0.22452385190459237,29,35,0,0.5355450236966824,0.5355450236966824,0.0,0
16,20,113,5225.625,5533.875,3965.0,267,0.07330198207297059,0.07762593106930943,0.0556186788985678,20.41259765625,13.8346875,0.3105176599577101,40,31,36,0.3408239700374532,0.32209737827715357,0.3895131086142322,1
16,17,84,5075.25,4529.125,3439.375,255,0.07805074971164937,0.06965205690119185,0.05289311803152633,19.8251953125,15.671712802768166,0.48743976757369617,34,26,36,0.4235294117647059,0.4666666666666667,0.3137254901960784,1
15,19,96,5851.5,5876.0,4281.0,231,0.1096587395288694,0.11011787635164258,0.08022713217518412,26.006666666666668,16.277008310249307,0.4645182291666667,44,26,30,0.48484848484848486,0.31601731601731603,0.1471861471861472,1
14,17,89,5055.875,5286.625,4436.75,263,0.07309452211250705,0.07643055414998048,0.06414361925139875,25.7952806122449,18.29282006920415,0.5601249842191642,28,34,47,0.3840304182509506,0.39543726235741444,0.24714828897338403,1
14,21,79,4475.5,4155.25,4397.0,203,0.1086049164017569,0.10083355577665074,0.10669999272003688,22.834183673469386,9.42233560090703,0.7045345297228008,26,27,48,0.5073891625615764,0.18719211822660098,0.4827586206896552,1
15,22,82,4301.625,4830.375,4245.75,251,0.06827867811622038,0.07667140204123744,0.06739178743194553,19.118333333333332,9.980113636363637,0.6314321832242713,28,25,41,0.3745019920318725,0.35856573705179284,0.398406374501992,1
16,19,76,5237.75,4562.75,3940.625,223,0.10532586619477569,0.09175229745219088,0.07924199159444187,20.4599609375,12.639196675900276,0.6822411703601108,40,28,41,0.5381165919282511,0.4304932735426009,0.4439461883408072,1
15,22,95,6174.5,5301.5,4229.25,243,0.10456569967315281,0.08978136801639316,0.07162272011380379,27.442222222222224,10.953512396694215,0.46861495844875345,41,28,28,0.25102880658436216,0.5267489711934157,0.37037037037037035,1
17,18,79,5128.25,4600.5,3759.5,235,0.09286102308736985,0.08330466274332277,0.06807605251244907,17.744809688581316,14.199074074074074,0.6023874379105912,27,31,43,0.2851063829787234,0.26382978723404255,0.1829787234042553,1
14,19,77,5851.0,5270.75,3998.75,275,0.07736859504132232,0.06969586776859504,0.05287603305785124,29.852040816326532,14.600415512465373,0.6744391971664699,42,33,46,0.31272727272727274,0.2727272727272727,0.24363636363636362,1
14,19,82,5514.875,4507.375,4378.5,235,0.09986192847442281,0.0816183793571752,0.07928474422815754,28.137117346938776,12.485803324099724,0.6511748958953004,31,36,46,0.46382978723404256,0.4297872340425532,0.30638297872340425,1
16,16,113,5323.0,4803.25,3465.25,211,0.1195615552211316,0.10788728914444869,0.07783405583881764,20.79296875,18.7626953125,0.2713799044561046,38,25,35,0.4265402843601896,0.23696682464454977,0.3933649289099526,1
15,19,68,4079.625,3847.0,2592.375,239,0.07142075593914672,0.06734826070972147,0.045383921850107665,18.131666666666668,10.65650969529086,0.56063473183391,22,0,30,0.32217573221757323,0.0,0.301255230125523,1
17,19,69,5118.25,5027.75,4455.5,279,0.06575262393854138,0.06458999755912694,0.05723847329813338,17.71020761245675,13.927285318559557,0.9358328082335644,29,33,42,0.2724014336917563,0.2831541218637993,0.3225806451612903,1
14,22,93,7692.5,6810.375,5425.5,311,0.07953288324148841,0.07041257844728653,0.05609433318514077,39.24744897959184,14.071022727272727,0.6272979535206382,47,22,28,0.3183279742765273,0.12861736334405144,0.17363344051446947,1
14,22,81,7405.75,6017.75,5463.0,311,0.07656817030427725,0.06221761561605029,0.0564820462981152,37.7844387755102,12.43336776859504,0.8326474622770919,32,39,43,0.36977491961414793,0.2797427652733119,0.3408360128617363,1
14,21,63,5439.75,6187.5,4491.25,275,0.07193057851239669,0.08181818181818182,0.05938842975206612,27.753826530612244,14.03061224489796,1.1315822625346434,30,32,44,0.4727272727272727,0.3890909090909091,0.41818181818181815,1
16,19,119,11296.625,8670.5,9357.125,399,0.07095825403106765,0.05446259759674876,0.05877554161091953,44.12744140625,24.018005540166204,0.6607672480757009,45,51,68,0.23809523809523808,0.37844611528822053,0.40350877192982454,1
15,19,100,10168.5,8118.25,10471.0,299,0.11374033847496114,0.09080714980816769,0.11712396953054216,45.193333333333335,22.488227146814406,1.0471,50,13,68,0.3110367892976589,0.043478260869565216,0.46488294314381273,1
17,19,90,7872.375,6425.125,4390.5,275,0.10409752066115703,0.08496033057851239,0.058056198347107436,27.240051903114185,17.798130193905816,0.542037037037037,43,39,39,0.5418181818181819,0.5018181818181818,0.38181818181818183,1
14,19,91,7430.5,5878.25,6989.5,287,0.0902099090677318,0.07136483385739781,0.08485595308914762,37.910714285714285,16.283240997229917,0.8440405748098055,33,31,48,0.21254355400696864,0.28222996515679444,0.5505226480836237,1
15,19,74,12064.875,8233.875,8306.375,383,0.0822479872383069,0.05613150952014125,0.05662575244224175,53.62166666666667,22.808518005540165,1.5168690650109569,77,45,67,0.45430809399477806,0.22193211488250653,0.31070496083550914,1
14,24,88,8903.5,8615.75,8093.5,351,0.0722680822395922,0.06993246808061623,0.06569346028035487,45.42602040816327,14.957899305555555,1.045131714876033,44,38,60,0.4074074074074074,0.28205128205128205,0.49572649572649574,1
17,24,71,9885.0,8529.25,8804.75,315,0.09962207105064248,0.08595867976820358,0.08873519778281683,34.20415224913495,14.807725694444445,1.7466276532434042,61,35,60,0.45714285714285713,0.25396825396825395,0.5333333333333333,1
16,18,110,7479.375,6878.625,4881.75,271,0.10184195476641113,0.09366191909151564,0.06647172560286488,29.21630859375,21.230324074074073,0.4034504132231405,44,0,41,0.28413284132841327,0.0,0.3210332103321033,1
16,17,81,9967.0,8315.25,11052.75,359,0.0773349058433749,0.06451881968637736,0.08575934389087608,38.93359375,28.77249134948097,1.6846136259716507,48,19,66,0.3342618384401114,0.052924791086350974,0.38997214484679665,1
14,19,106,8535.75,8137.5,9809.0,363,0.06477813446258225,0.06175579992259181,0.07444087759639977,43.54974489795919,22.541551246537395,0.872997508009968,44,41,66,0.41046831955922863,0.21487603305785125,0.47107438016528924,0
14,22,93,7482.25,6366.5,10522.0,263,0.10817345920860501,0.09204267807832989,0.1521201694400671,38.17474489795919,13.15392561983471,1.2165568273788878,48,32,61,0.39923954372623577,0.21673003802281368,0.623574144486692,1
15,21,126,7244.0,6167.5,5402.875,239,0.12681850807934034,0.10797254950018383,0.09458649183312617,32.19555555555556,13.985260770975056,0.3403171453766692,42,41,56,0.4476987447698745,0.45188284518828453,0.4225941422594142,1
15,20,99,10678.5,9928.75,11483.25,343,0.09076575236508598,0.08439298251578849,0.09760601450076074,47.46,24.821875,1.1716406489133762,42,50,72,0.18075801749271136,0.2594752186588921,0.5335276967930029,1
16,19,94,6678.25,5758.75,6248.0,315,0.06730410682791635,0.05803728898966994,0.06296800201562107,26.0869140625,15.952216066481995,0.7071072883657764,46,38,51,0.37142857142857144,0.273015873015873,0.4634920634920635,1
17,22,80,8500.375,7087.875,8429.5,327,0.07949550636403595,0.06628580646971355,0.07883268336933853,29.413062283737023,14.644369834710744,1.317109375,40,24,58,0.23547400611620795,0.12844036697247707,0.3547400611620795,1
14,18,85,7012.5,7169.0,7830.0,243,0.11875730325661739,0.12140764449863672,0.13260173754000915,35.7780612244898,22.126543209876544,1.0837370242214532,40,44,55,0.551440329218107,0.4609053497942387,0.6502057613168725,1
15,20,112,7962.75,7983.5,10980.625,279,0.1022950630130651,0.1025616320448093,0.1410647987564394,35.39,19.95875,0.8753687021683674,33,44,79,0.4050179211469534,0.37992831541218636,0.4157706093189964,1
15,19,108,9051.5,8139.0,11021.0,319,0.08894861489175618,0.07998152533878401,0.10830278790499308,40.22888888888889,22.545706371191137,0.9448731138545954,48,49,73,0.43573667711598746,0.5611285266457681,0.5830721003134797,1
16,19,117,7545.0,6340.25,5593.75,259,0.11247596189681132,0.09451633100281749,0.08338799361965385,29.47265625,17.56301939058172,0.40863101760537657,24,33,46,0.20463320463320464,0.23938223938223938,0.33976833976833976,1
14,21,106,10521.25,8785.0,10363.0,335,0.09375139229226999,0.07828024058810426,0.09234127868122076,53.67984693877551,19.92063492063492,0.9223033107867569,71,48,68,0.5611940298507463,0.14328358208955225,0.5552238805970149,0
14,22,71,7962.0,8541.75,9445.25,331,0.07267184490831592,0.07796341763948851,0.08620996522485191,40.62244897959184,17.648243801652892,1.8736857766316206,51,44,72,0.31722054380664655,0.35347432024169184,0.25075528700906347,0
16,15,94,7986.375,6866.375,5603.125,243,0.13524996189605243,0.11628266355061051,0.09488941387661096,31.19677734375,30.517222222222223,0.6341246038931643,46,27,53,0.6337448559670782,0.18930041152263374,0.37037037037037035,0
16,23,97,9414.5,7840.125,8795.5,343,0.08002192963816097,0.06663996294061147,0.07476051645147855,36.775390625,14.820652173913043,0.9347964714634924,57,32,65,0.17201166180758018,0.09620991253644315,0.3498542274052478,1
15,19,82,8019.5,7016.75,7186.25,279,0.10302411325651006,0.09014208450559474,0.09231960021068589,35.64222222222222,19.43698060941828,1.0687462819750149,51,33,57,0.5555555555555556,0.4050179211469534,0.5627240143369175,0
16,16,109,8523.375,7845.125,6928.5,315,0.0858994708994709,0.07906399596875788,0.06982615268329553,33.29443359375,30.64501953125,0.5831579833347361,52,47,59,0.546031746031746,0.37142857142857144,0.4,0
14,17,80,8906.5,8257.0,7877.25,335,0.07936288705725106,0.07357540654934284,0.07019157941635108,45.441326530612244,28.570934256055363,1.2308203125,45,31,61,0.4537313432835821,0.16119402985074627,0.48656716417910445,0
14,17,82,10770.0,9176.375,10612.375,327,0.10072103919423168,0.08581745831346034,0.09924693020602456,54.94897959183673,31.752162629757784,1.578283016061868,57,53,67,0.44036697247706424,0.5137614678899083,0.5657492354740061,1
16,21,90,9660.25,7901.5,11300.5,263,0.13966155358614407,0.11423470051612716,0.16337521143865028,37.7353515625,17.917233560090704,1.3951234567901234,52,37,72,0.6007604562737643,0.3269961977186312,0.6844106463878327,0
15,20,80,7752.875,8648.75,7304.625,359,0.06015529829843033,0.06710647806891629,0.05667728369581242,34.45722222222222,21.621875,1.14134765625,45,43,60,0.41225626740947074,0.43175487465181056,0.3871866295264624,0
16,16,76,10125.0,9004.125,8281.875,359,0.07856084294814597,0.06986386666770121,0.06425985987073347,39.55078125,35.17236328125,1.4338426246537397,46,38,60,0.3983286908077994,0.403899721448468,0.41225626740947074,0
14,15,72,7918.0,7410.5,7763.0,371,0.057526463771695936,0.053839335663065514,0.05640034582718812,40.39795918367347,32.93555555555555,1.4974922839506173,35,37,61,0.3584905660377358,0.2398921832884097,0.29649595687331537,1
16,16,77,11744.0,9287.75,9168.5,311,0.121421407967246,0.09602619906742073,0.09479327136816203,45.875,36.2802734375,1.5463821892393321,49,34,62,0.40836012861736337,0.2765273311897106,0.4758842443729904,1
14,16,89,7430.0,7640.375,7572.875,255,0.1142637447135717,0.11749903883121876,0.11646097654748173,37.90816326530612,29.84521484375,0.9560503724277237,44,44,54,0.6078431372549019,0.4980392156862745,0.30980392156862746,1
17,24,106,11267.0,9278.5,10415.25,295,0.12946854352197645,0.10661878770468257,0.11968112611318586,38.98615916955017,16.108506944444443,0.9269535421858313,52,34,78,0.5389830508474577,0.30847457627118646,0.46779661016949153,1
16,18,98,7595.25,7499.5,6561.75,283,0.09483512092796764,0.09363957597173145,0.08193072706613892,29.6689453125,23.146604938271604,0.6832309454394002,36,39,49,0.3215547703180212,0.28975265017667845,0.558303886925795,1
16,17,79,6713.125,6506.25,6111.0,279,0.08624150511941008,0.08358384398967125,0.0785061856862065,26.22314453125,22.512975778546714,0.979170004806922,37,35,48,0.4014336917562724,0.43010752688172044,0.35125448028673834,1
14,17,119,6094.75,5565.125,4330.25,219,0.12707720856529264,0.11603438210212465,0.09028689977273201,31.095663265306122,19.256487889273355,0.3057870206906292,35,36,42,0.4429223744292237,0.3515981735159817,0.4931506849315068,1
14,15,92,7043.5,6340.0,4440.5,259,0.10499992546324592,0.09451260416511381,0.06619609129261639,35.93622448979592,28.177777777777777,0.5246337429111532,38,43,57,0.25868725868725867,0.39768339768339767,0.37065637065637064,0
10,22,71,6346.25,5484.5,4164.75,223,0.1276166824187094,0.1102877596573428,0.08374891914174827,63.4625,11.331611570247935,0.826175362031343,35,33,55,0.5829596412556054,0.6502242152466368,0.4170403587443946,1
17,18,78,5590.75,5691.875,4574.875,271,0.07612573358205907,0.0775026892335344,0.06229320134529759,19.34515570934256,17.567515432098766,0.7519518408941486,37,36,48,0.5202952029520295,0.3874538745387454,0.23247232472324722,1
16,20,117,5492.125,4826.375,3438.25,275,0.07262314049586777,0.0638198347107438,0.04546446280991735,21.45361328125,12.0659375,0.2511688216816422,28,19,44,0.4290909090909091,0.14545454545454545,0.38181818181818183,1
14,17,94,5208.375,4738.625,2674.0,243,0.08820428796423309,0.08024903046622296,0.04528442479974259,26.573341836734695,16.396626297577853,0.3026256224535989,40,33,14,0.5349794238683128,0.411522633744856,0.11934156378600823,1
15,22,90,5829.25,4796.5,4008.0,267,0.08176927716758546,0.06728246994627503,0.05622185750957371,25.907777777777778,9.910123966942148,0.4948148148148148,11,23,49,0.04119850187265917,0.08614232209737828,0.45318352059925093,1
14,17,93,5529.25,4866.5,3146.25,247,0.09063007097313511,0.07976691963480798,0.051570260125555246,28.210459183673468,16.83910034602076,0.3637703780783906,34,31,40,0.5951417004048583,0.43724696356275305,0.2793522267206478,1
15,22,80,5131.75,4623.0,3440.0,223,0.10319431317742163,0.09296386414365863,0.06917492811035814,22.807777777777776,9.551652892561984,0.5375,37,31,47,0.45739910313901344,0.4125560538116592,0.39461883408071746,1
18,31,105,6302.75,6453.75,4321.25,351,0.05115826981923848,0.05238390922151606,0.03507479647080787,19.452932098765434,6.715660770031217,0.3919501133786848,37,34,54,0.3162393162393162,0.21367521367521367,0.20512820512820512,1
14,23,102,6382.125,6223.5,4724.5,295,0.07333668486067223,0.07151393277793737,0.05428899741453605,32.56186224489796,11.764650283553875,0.4541041906958862,25,29,50,0.21694915254237288,0.2033898305084746,0.2135593220338983,1
14,17,109,7075.25,6855.25,4038.5,295,0.08130135018672795,0.07877334099396725,0.04640620511347314,36.098214285714285,23.720588235294116,0.3399124652807003,36,8,51,0.4101694915254237,0.02711864406779661,0.2,1
16,19,90,4972.625,4493.0,4164.5,263,0.07189094825716723,0.06495684482933106,0.06020760745420636,19.42431640625,12.445983379501385,0.5141358024691358,28,31,46,0.43346007604562736,0.5209125475285171,0.17490494296577946,1
14,19,84,5230.5,4392.375,3200.5,231,0.09802102659245517,0.08231433069095406,0.059978261276962576,26.68622448979592,12.16724376731302,0.4535856009070295,28,26,0,0.5021645021645021,0.341991341991342,0.0,1
17,20,121,5199.25,4762.625,4539.125,247,0.08522103296234981,0.07806430198823125,0.07440090806274484,17.990484429065745,11.9065625,0.31002834505839766,33,24,55,0.4898785425101215,0.1902834008097166,0.38461538461538464,0
16,17,108,5471.25,5717.25,3193.25,271,0.07449857708909192,0.0778482046813088,0.04348048093027056,21.3720703125,19.78287197231834,0.27376971879286693,32,28,40,0.42066420664206644,0.45387453874538747,0.23247232472324722,1
14,22,100,6014.25,5782.5,4399.0,275,0.07952727272727272,0.07646280991735538,0.05816859504132232,30.684948979591837,11.947314049586776,0.4399,31,27,47,0.4581818181818182,0.09818181818181818,0.32,1
14,23,103,7504.25,6367.75,4543.25,335,0.06686789930942304,0.056740922254399646,0.04048340387614168,38.286989795918366,12.037334593572778,0.42824488641719294,38,31,46,0.40298507462686567,0.23283582089552238,0.22388059701492538,0
14,14,96,6923.125,6427.0,4217.0,303,0.07540791207833655,0.0700040301059809,0.045932316003877614,35.32206632653061,32.79081632653061,0.4575737847222222,29,45,51,0.21782178217821782,0.25412541254125415,0.26732673267326734,1
15,22,102,6370.5,5633.0,3575.75,275,0.08423801652892562,0.07448595041322315,0.047282644628099176,28.313333333333333,11.638429752066116,0.3436899269511726,33,24,40,0.4509090909090909,0.16363636363636364,0.2509090909090909,1
16,17,91,7929.75,7285.0,4633.5,319,0.07792523658375998,0.0715893122119476,0.045533161034187954,30.9755859375,25.207612456747405,0.5595338727206859,30,27,30,0.1974921630094044,0.23197492163009403,0.1724137931034483,0
16,16,138,8989.25,9543.0,6278.5,319,0.088336887412663,0.093778559566042,0.06169848959817612,35.1142578125,37.27734375,0.3296838899390884,56,50,49,0.4670846394984326,0.5454545454545454,0.1536050156739812,1
14,17,84,12784.0,13425.75,10098.125,311,0.13217398496707022,0.138809048707106,0.10440467943879819,65.22448979591837,46.455882352941174,1.4311401643990929,64,64,62,0.662379421221865,0.4983922829581994,0.19935691318327975,0
14,19,92,11616.125,10878.375,7780.625,339,0.10107921963783817,0.09465959224162686,0.06770411848139156,59.265943877551024,30.134002770083104,0.9192609877126654,68,66,66,0.39823008849557523,0.35693215339233036,0.3392330383480826,0
14,16,91,7411.5,7798.5,5768.25,267,0.10396414594116904,0.10939275344022219,0.08091360518453057,37.81377551020408,30.462890625,0.6965644245864026,39,33,50,0.49063670411985016,0.24719101123595505,0.18726591760299627,1
15,21,105,6609.0,6065.5,4841.0,279,0.08490384244806722,0.07792166082141802,0.06219087627342917,29.373333333333335,13.753968253968255,0.43909297052154195,26,24,47,0.24731182795698925,0.15412186379928317,0.27598566308243727,1
17,21,77,5877.5,6411.75,4247.0,255,0.09038831218762014,0.09860438292964245,0.06531334102268359,20.337370242214533,14.539115646258503,0.7163096643616124,41,32,45,0.5803921568627451,0.2196078431372549,0.17647058823529413,1
14,19,127,5371.25,5312.25,3103.5,263,0.07765400685278087,0.07680102357992742,0.04486836588645202,27.404336734693878,14.715373961218837,0.19241738483476967,36,21,34,0.2813688212927757,0.07984790874524715,0.12927756653992395,0
14,15,78,6119.5,6791.25,5254.0,271,0.08332539044947646,0.09247218855952397,0.07154042020124998,31.221938775510203,30.183333333333334,0.8635765943458251,40,27,57,0.4095940959409594,0.34686346863468637,0.30996309963099633,0
16,19,94,5624.5,5136.75,3907.5,231,0.10540469631378722,0.0962641254849047,0.0732276381627031,21.970703125,14.229224376731302,0.44222498868266186,32,32,48,0.329004329004329,0.37662337662337664,0.2943722943722944,0
15,19,100,6297.5,6101.5,5238.25,255,0.09684736639753941,0.09383314109957709,0.08055747789311803,27.988888888888887,16.901662049861496,0.523825,34,28,51,0.4627450980392157,0.37254901960784315,0.25098039215686274,0
15,17,88,7989.0,7974.125,5725.25,295,0.091801206549842,0.09163027865555874,0.0657885665038782,35.50666666666667,27.59212802768166,0.7393143078512396,42,40,61,0.43728813559322033,0.34576271186440677,0.29491525423728815,1
16,16,78,4935.0,5113.5,5280.5,243,0.08357465833460347,0.08659757150840827,0.08942573117241613,19.27734375,19.974609375,0.8679322813938198,35,20,55,0.3991769547325103,0.0823045267489712,0.4773662551440329,0
14,25,72,6106.375,5503.0,5163.125,235,0.11057265731100045,0.0996468990493436,0.09349253055681304,31.15497448979592,8.8048,0.9959731867283951,32,24,56,0.5319148936170213,0.2978723404255319,0.2425531914893617,1
12,19,76,7234.375,5548.625,4304.125,223,0.1454759798105733,0.11157724868788836,0.08655160972470792,50.23871527777778,15.370152354570637,0.7451739958448753,46,30,48,0.5022421524663677,0.4349775784753363,0.4484304932735426,1
14,19,94,6602.875,5628.5,3600.25,263,0.09546003267359655,0.08137315849585797,0.05205005132356981,33.68813775510204,15.591412742382271,0.40745246717971934,37,33,43,0.532319391634981,0.5285171102661597,0.2585551330798479,1
17,22,203,6948.25,5818.25,4087.25,327,0.06498003348015974,0.05441227356470181,0.03822396169420831,24.042387543252595,12.021177685950413,0.09918343080395059,44,29,6,0.28440366972477066,0.27522935779816515,0.03058103975535168,1
17,22,122,6518.5,5839.25,4168.0,291,0.07697712591962778,0.06895584605755718,0.04922001393464886,22.55536332179931,12.06456611570248,0.28003224939532384,30,32,53,0.29553264604810997,0.10996563573883161,0.18213058419243985,0
14,22,115,5620.5,4697.75,3721.0,255,0.08643598615916954,0.07224529027297194,0.057224144559784695,28.676020408163264,9.706095041322314,0.2813610586011342,29,23,43,0.3803921568627451,0.35294117647058826,0.19607843137254902,0
12,19,122,7248.75,6311.5,5548.5,315,0.07305366591080877,0.0636079617031998,0.05591836734693877,50.338541666666664,17.48337950138504,0.37278285407148615,46,31,58,0.2920634920634921,0.3682539682539683,0.2571428571428571,1
16,17,112,7678.375,6176.75,5468.25,279,0.0986417826081371,0.07935085623257666,0.07024896905229892,29.99365234375,21.372837370242216,0.43592554209183676,31,30,59,0.1971326164874552,0.2007168458781362,0.26523297491039427,1
15,22,96,5916.25,4686.75,3268.25,235,0.10712992304210049,0.08486645540968764,0.059180624717066546,26.294444444444444,9.68336776859504,0.3546278211805556,23,26,27,0.1276595744680851,0.20851063829787234,0.17872340425531916,1
16,22,76,8636.0,8846.0,8490.75,311,0.0892877451639251,0.09145893859658193,0.08778600303967081,33.734375,18.276859504132233,1.4700051939058172,61,56,63,0.2604501607717042,0.24115755627009647,0.5916398713826366,1
14,22,105,5777.125,5043.375,4093.75,311,0.05972978980779769,0.05214353656393131,0.042325348166375454,29.475127551020407,10.420196280991735,0.3713151927437642,34,26,0,0.36012861736334406,0.22186495176848875,0.0,1
17,19,122,5493.75,4505.0,4459.0,239,0.09617741286041911,0.0788676668825826,0.078062358852261,19.009515570934255,12.479224376731302,0.29958344531040043,21,19,47,0.18410041841004185,0.0794979079497908,0.401673640167364,1
14,19,139,6091.5,5657.0,3346.0,263,0.08806690858621637,0.081785192788677,0.04837427171131576,31.07908163265306,15.670360110803324,0.1731794420578645,28,39,42,0.4714828897338403,0.3840304182509506,0.1634980988593156,1
14,18,96,6339.25,5574.5,4272.5,291,0.07486035828580201,0.06582940683270155,0.05045405699035203,32.34311224489796,17.205246913580247,0.4635959201388889,27,37,47,0.29553264604810997,0.21993127147766323,0.281786941580756,1
15,22,99,6103.0,5127.5,3658.75,299,0.0682654556436729,0.05735394458674959,0.04092515743671771,27.124444444444446,10.59400826446281,0.37330374451586573,31,27,44,0.39464882943143814,0.3277591973244147,0.2709030100334448,1
16,22,119,6453.375,6434.875,4639.875,279,0.08290457470998575,0.08266691075397284,0.05960708367055922,25.20849609375,13.295196280991735,0.32765164889485204,38,25,42,0.2078853046594982,0.15412186379928317,0.15053763440860216,1
14,19,81,6511.0,7382.125,3196.0,263,0.09413176422964045,0.1067259176798855,0.04620567017016294,33.21938775510204,20.44909972299169,0.4871208657216888,41,41,35,0.5779467680608364,0.34600760456273766,0.24714828897338403,0
16,15,99,5946.5,5188.5,4582.75,235,0.1076776822091444,0.09395201448619285,0.08298325033952014,23.228515625,23.06,0.46757983879196,44,30,48,0.32340425531914896,0.13191489361702127,0.4765957446808511,0
16,19,94,6237.25,5491.75,4290.75,255,0.09592079969242599,0.0844559784698193,0.06598615916955017,24.3642578125,15.212603878116344,0.4855986871887732,52,39,48,0.6352941176470588,0.3215686274509804,0.32941176470588235,1
15,19,100,5632.25,4657.875,4444.375,223,0.11325886303766414,0.09366516519535885,0.0893718956745561,25.032222222222224,12.90270083102493,0.4444375,36,31,49,0.452914798206278,0.2556053811659193,0.4618834080717489,0
15,21,108,4140.5,3774.5,3572.625,191,0.11349743702201145,0.10346481730215729,0.09793111482689619,18.40222222222222,8.558956916099774,0.3062950102880658,26,26,40,0.24607329842931938,0.4869109947643979,0.2670157068062827,1
11,21,163,5970.75,4807.0,2616.75,211,0.1341108690280991,0.10797151905842187,0.05877563397048584,49.34504132231405,10.900226757369614,0.098488840377884,34,25,36,0.3696682464454976,0.3222748815165877,0.2843601895734597,0
16,16,94,4485.0,4561.25,3113.75,239,0.0785175329563558,0.07985241855009541,0.05451147563943208,17.51953125,17.8173828125,0.3523936170212766,35,35,40,0.3263598326359833,0.5271966527196653,0.2594142259414226,0
14,22,109,5204.0,4798.75,3911.0,259,0.0775778536396297,0.0715366497219779,0.05830264903623977,26.551020408163264,9.914772727272727,0.32918104536655163,31,30,46,0.24324324324324326,0.1274131274131274,0.2548262548262548,0
15,16,67,5214.625,5091.25,4263.25,223,0.1048608457841501,0.10237989905286654,0.08572965472862917,23.176111111111112,19.8876953125,0.9497104032078414,33,34,51,0.6233183856502242,0.5426008968609866,0.35874439461883406,0
16,22,99,6105.625,4778.125,3936.0,235,0.11055907650520598,0.08652105024898143,0.07127206880941603,23.85009765625,9.872159090909092,0.40159167431894705,36,25,50,0.5063829787234042,0.3659574468085106,0.33191489361702126,0
16,18,120,6271.75,4809.875,4061.0,263,0.09067284477150168,0.0695380155850164,0.05871127239081091,24.4990234375,14.845293209876543,0.2820138888888889,47,29,43,0.4714828897338403,0.11026615969581749,0.34980988593155893,0
14,18,79,6524.0,5294.0,4024.0,279,0.08381187292044039,0.06801043152066391,0.05169512210788659,33.285714285714285,16.339506172839506,0.6447684665918924,43,30,52,0.40860215053763443,0.30824372759856633,0.31899641577060933,0
14,22,89,4742.375,4563.875,4226.875,211,0.10651995687428405,0.10251061296916063,0.09494115136677074,24.195790816326532,9.429493801652892,0.533628960989774,25,27,50,0.12796208530805686,0.44549763033175355,0.5213270142180095,0
16,19,117,5374.375,4179.25,3096.25,239,0.09408755098825301,0.07316486055916388,0.05420510845398365,20.99365234375,11.576869806094184,0.2261852582365403,32,29,37,0.4560669456066946,0.4602510460251046,0.3054393305439331,0
18,17,138,4796.0,4270.5,3287.25,223,0.0964427195399063,0.0858754449114199,0.06610327977638802,14.802469135802468,14.77681660899654,0.17261342155009451,31,31,43,0.24663677130044842,0.3632286995515695,0.3273542600896861,0
16,21,100,5510.5,4548.0,4816.25,239,0.09647065002363404,0.07962045482397016,0.08431662610948688,21.525390625,10.312925170068027,0.481625,31,26,54,0.5481171548117155,0.4602510460251046,0.42677824267782427,0
16,20,95,4776.0,4784.0,3834.0,287,0.0579829790333742,0.05808010295135306,0.04654663769136447,18.65625,11.96,0.42481994459833794,37,22,48,0.45993031358885017,0.07665505226480836,0.2264808362369338,0
13,17,109,4954.5,4072.75,3746.0,219,0.1033026834302871,0.08491795417109735,0.07810512708242114,29.316568047337277,14.092560553633218,0.3152933254776534,38,28,44,0.3607305936073059,0.4383561643835616,0.4520547945205479,1
14,15,131,4987.875,4560.25,2829.375,235,0.09031914893617021,0.08257582616568583,0.05123358985966501,25.448341836734695,20.267777777777777,0.16487238505914573,36,30,43,0.5361702127659574,0.425531914893617,0.32340425531914896,0
15,19,92,4264.5,3933.5,3597.75,195,0.11214990138067062,0.10344510190664037,0.09461538461538462,18.953333333333333,10.89612188365651,0.42506498109640833,33,28,46,0.31794871794871793,0.3641025641025641,0.3230769230769231,1
17,18,102,4838.875,4413.125,4122.5,211,0.1086874733271939,0.09912457042743873,0.09259675209451719,16.743512110726645,13.620756172839506,0.39624183006535946,36,28,50,0.4028436018957346,0.36018957345971564,0.5213270142180095,0
14,17,118,4725.875,4239.625,2927.5,191,0.12954346097968805,0.1162146048628053,0.08024725199418875,24.111607142857142,14.669982698961938,0.2102484918126975,24,26,37,0.27225130890052357,0.27225130890052357,0.49214659685863876,1
14,22,101,5349.25,5119.75,4836.25,255,0.08226451364859669,0.07873510188389081,0.0743752402921953,27.292091836734695,10.577995867768594,0.4740956768944221,38,37,56,0.20784313725490197,0.3058823529411765,0.396078431372549,1
16,22,126,5785.5,5435.375,3272.875,207,0.13502065392424561,0.12684951807510095,0.07638159583654228,22.599609375,11.230113636363637,0.20615236835474932,37,45,20,0.5169082125603864,0.5169082125603864,0.1642512077294686,0
13,15,82,4698.5,4508.375,4388.375,207,0.10965250064178861,0.10521540759410955,0.10241487549301034,27.801775147928993,20.037222222222223,0.6526435157644259,39,27,47,0.5603864734299517,0.43478260869565216,0.5555555555555556,1
15,16,123,6180.75,4370.75,3127.5,191,0.16942380965434062,0.11980894164085415,0.08572955785203257,27.47,17.0732421875,0.20672218917311125,40,32,37,0.418848167539267,0.6963350785340314,0.450261780104712,0
16,16,100,5460.75,5049.75,3893.5,227,0.10597430573075356,0.09799821459760523,0.07555939373944769,21.3310546875,19.7255859375,0.38935,28,32,50,0.23348017621145375,0.6079295154185022,0.3920704845814978,0
17,18,83,5648.75,5249.0,3927.0,251,0.08966127521785368,0.08331613783908191,0.062332343931048716,19.54584775086505,16.200617283950617,0.5700391929162433,37,29,44,0.4701195219123506,0.12350597609561753,0.3187250996015936,1
14,21,125,5604.75,5560.5,4577.25,271,0.07631636279462425,0.075713838319195,0.06232554022957204,28.595663265306122,12.608843537414966,0.292944,31,30,46,0.44649446494464945,0.1992619926199262,0.3210332103321033,0
18,23,97,7499.625,6356.375,6033.0,291,0.08856325503950119,0.0750625878296194,0.07124384454600205,23.14699074074074,12.015831758034027,0.6411946009140185,49,45,52,0.35738831615120276,0.3333333333333333,0.46735395189003437,1
16,20,116,7915.25,6450.75,4383.75,303,0.086214314500757,0.07026271934124105,0.047748586739862105,30.9189453125,16.126875,0.3257840368608799,33,33,44,0.3432343234323432,0.30033003300330036,0.23432343234323433,0
21,18,88,5854.0,6090.5,4423.0,259,0.08726763166917607,0.09079322013684948,0.06593521265335937,13.27437641723356,18.79783950617284,0.5711518595041323,33,46,55,0.5096525096525096,0.5405405405405406,0.21235521235521235,0
15,27,93,5451.0,4700.625,3149.625,239,0.09542900159310937,0.0822924143484883,0.05513952836960137,24.226666666666667,6.448045267489712,0.3641605966007631,35,34,43,0.33472803347280333,0.4895397489539749,0.24267782426778242,1
15,19,96,4988.0,4161.5,4269.25,211,0.11203701623952741,0.09347274319983828,0.09589294939466768,22.16888888888889,11.52770083102493,0.4632432725694444,32,25,55,0.38388625592417064,0.3127962085308057,0.3412322274881517,0
16,19,90,5399.0,5716.5,4504.25,255,0.08302960399846213,0.0879123414071511,0.06926951172625913,21.08984375,15.835180055401661,0.5560802469135803,35,28,51,0.33725490196078434,0.3215686274509804,0.35294117647058826,0
16,16,110,4735.5,4570.0,3548.75,211,0.10636553536533322,0.10264818849531682,0.07970957525662047,18.498046875,17.8515625,0.2932851239669422,35,27,49,0.5355450236966824,0.5213270142180095,0.36492890995260663,0
16,24,129,5620.5,5517.0,4275.0,227,0.10907450173688603,0.10706592404277203,0.0829629917134041,21.955078125,9.578125,0.2568956192536506,37,31,54,0.16299559471365638,0.5198237885462555,0.36123348017621143,0
18,18,104,5502.875,6093.125,5206.75,247,0.09019775770787916,0.09987255978626104,0.08534396564441311,16.984182098765434,18.80594135802469,0.48139330621301774,35,30,55,0.44534412955465585,0.46153846153846156,0.32388663967611336,1
15,24,99,4985.5,4615.625,4401.375,207,0.11635043991691754,0.10771838315946697,0.10271826647062941,22.157777777777778,8.013237847222221,0.44907407407407407,45,30,55,0.3333333333333333,0.43478260869565216,0.4782608695652174,1
19,19,95,5012.875,4270.0,4435.125,239,0.08775888027170392,0.0747535932494179,0.07764438647782777,13.886080332409973,11.828254847645429,0.49142659279778395,33,31,55,0.34309623430962344,0.21338912133891214,0.3682008368200837,0
14,17,107,4663.0,4151.375,3571.625,251,0.07401469817939398,0.06589379533658196,0.05669156045142141,23.790816326530614,14.36461937716263,0.31195955978688095,38,26,45,0.15139442231075698,0.3426294820717131,0.3784860557768924,0
17,21,109,6205.25,5537.875,3880.5,243,0.10508645362326204,0.09378439939711088,0.06571660824061373,21.47145328719723,12.557539682539682,0.3266139213870886,36,29,49,0.27983539094650206,0.27983539094650206,0.22633744855967078,0
15,23,107,5403.5,5476.25,3529.0,307,0.057332173285658206,0.058104064764612884,0.03744336809939628,24.015555555555554,10.352079395085067,0.3082365272076164,33,32,49,0.18892508143322476,0.1791530944625407,0.30944625407166126,0
16,19,92,4564.25,4391.75,4055.875,235,0.08264825712992305,0.0795246717971933,0.07344273426889995,17.8291015625,12.165512465373961,0.4791912807183365,33,31,52,0.451063829787234,0.44680851063829785,0.3829787234042553,0
15,18,86,5653.75,5115.0,3773.0,209,0.12943270529520845,0.11709896751447998,0.08637622765046588,25.127777777777776,15.787037037037036,0.5101406165494862,28,37,51,0.4019138755980861,0.40669856459330145,0.37799043062200954,0
17,18,96,6189.25,5696.875,4651.125,231,0.11598826858567118,0.10676102396881618,0.08716337774779333,21.416089965397923,17.582947530864196,0.5046793619791666,0,38,54,0.0,0.48484848484848486,0.38961038961038963,0
16,17,123,5440.5,5011.0,3488.5,215,0.11769605191995673,0.10840454299621417,0.07546782044348296,21.251953125,17.33910034602076,0.23058364729988765,30,30,46,0.3488372093023256,0.4744186046511628,0.30697674418604654,1
15,22,115,5063.5,3336.5,3171.5,199,0.1278629327542234,0.08425292290598722,0.0800863614555188,22.504444444444445,6.893595041322314,0.23981096408317581,31,27,37,0.3768844221105528,0.45226130653266333,0.3165829145728643,0
16,17,127,5763.125,4795.125,3657.875,259,0.08591292616389141,0.07148261057527466,0.05452922586127219,22.51220703125,16.59212802768166,0.22678870357740716,39,31,48,0.3783783783783784,0.38996138996138996,0.3281853281853282,0
14,17,79,4577.5,4318.375,4334.875,219,0.09544213006401034,0.09003930276683138,0.09038333229081963,23.354591836734695,14.942474048442907,0.6945801954814933,37,28,50,0.6073059360730594,0.4337899543378995,0.3607305936073059,0
14,22,100,6041.0,5547.625,4903.625,263,0.08733681273402825,0.08020392083158641,0.07089339154823693,30.821428571428573,11.462035123966942,0.4903625,36,23,51,0.45627376425855515,0.09505703422053231,0.43346007604562736,1
16,16,82,5068.0,3991.375,3399.125,219,0.10566918954984258,0.0832212631096099,0.07087268822585018,19.796875,15.59130859375,0.5055212671029149,33,34,43,0.2922374429223744,0.1598173515981735,0.3105022831050228,0
16,19,105,4765.5,4353.25,4609.25,231,0.0893067970990049,0.08158111729540302,0.0863786285864208,18.615234375,12.058864265927978,0.41807256235827667,29,33,50,0.14285714285714285,0.33766233766233766,0.38961038961038963,0
16,23,93,4419.75,3822.75,3761.0,207,0.10314709794861024,0.08921445074564167,0.08777334360195103,17.2646484375,7.2263705103969755,0.4348479593016534,24,32,50,0.3188405797101449,0.2608695652173913,0.24154589371980675,0
14,13,78,5734.75,5639.0,5615.125,227,0.1112916998195191,0.10943352287061654,0.10897019154262648,29.258928571428573,33.366863905325445,0.9229331032215647,39,38,61,0.5198237885462555,0.28634361233480177,0.44493392070484583,0
14,15,90,5936.0,5165.625,3742.25,203,0.1440462034992356,0.12535186488388458,0.09081147322186901,30.285714285714285,22.958333333333332,0.4620061728395062,40,27,50,0.4975369458128079,0.1330049261083744,0.3793103448275862,1
14,15,123,5708.75,5554.25,4318.0,263,0.08253336032037474,0.08029970073298733,0.06242680969798609,29.12627551020408,24.685555555555556,0.28541212241390707,32,32,49,0.4068441064638783,0.34980988593155893,0.33840304182509506,1
15,17,137,6509.5,5425.5,3397.75,287,0.07902851801041653,0.0658682271242822,0.04125034903908024,28.93111111111111,18.773356401384085,0.18102988971175876,35,31,36,0.37630662020905925,0.47735191637630664,0.18466898954703834,1
15,15,114,6870.125,6593.625,4850.375,307,0.07289334634850238,0.06995962821886705,0.051463410752368724,30.53388888888889,29.305,0.37322060634041243,33,0,52,0.19543973941368079,0.0,0.30293159609120524,1
17,19,106,5219.5,4865.0,3135.75,239,0.09137620139703437,0.08517007755466466,0.054896622958281543,18.060553633217992,13.476454293628809,0.2790806336774653,33,24,41,0.5439330543933054,0.2510460251046025,0.2803347280334728,0
14,19,120,5336.375,5129.125,4770.875,263,0.07714980699446283,0.07415352253177002,0.06897417918431667,27.226403061224488,14.208102493074792,0.3313107638888889,41,37,55,0.5437262357414449,0.2965779467680608,0.33840304182509506,0
14,15,101,6129.25,6100.0,4706.5,239,0.1073029183662751,0.10679084749916844,0.08239526618931742,31.271683673469386,27.11111111111111,0.46137633565336733,34,39,53,0.2719665271966527,0.3263598326359833,0.37656903765690375,0
16,16,123,6740.0,5701.75,3912.625,311,0.06968497017193784,0.058950486450719077,0.040452693830708944,26.328125,22.2724609375,0.258617555687752,42,38,43,0.3440514469453376,0.2379421221864952,0.3215434083601286,1
15,18,100,6592.75,6032.375,4617.25,291,0.07785394598552213,0.07123646390571675,0.054525218171726834,29.301111111111112,18.61844135802469,0.461725,44,0,47,0.49828178694158076,0.0,0.32646048109965636,1
16,16,111,5112.5,5720.5,3058.0,247,0.08379911160648429,0.09376485436574931,0.05012375223327706,19.970703125,22.345703125,0.24819414008603197,31,41,44,0.23076923076923078,0.4777327935222672,0.32793522267206476,0
12,15,93,6380.125,5721.0,4786.625,267,0.08949662640800124,0.080250810082902,0.06714394927688704,44.306423611111114,25.426666666666666,0.5534310324893051,38,45,54,0.4943820224719101,0.46441947565543074,0.2696629213483146,1
14,22,158,6585.25,5428.75,5410.0,251,0.10452611863303757,0.08616926715448961,0.08587165283090745,33.598214285714285,11.21642561983471,0.21671206537413876,27,32,57,0.38247011952191234,0.29880478087649404,0.3784860557768924,1
14,16,160,5958.75,5751.0,3763.875,251,0.09458183203441216,0.09128426532912176,0.059743099315883876,30.401785714285715,22.46484375,0.1470263671875,29,32,51,0.4860557768924303,0.3107569721115538,0.3745019920318725,0
15,22,109,6069.375,6349.25,4658.0,299,0.06788934128253599,0.07101989910627397,0.052102325477343656,26.975,13.118285123966942,0.39205454086356367,33,28,56,0.23745819397993312,0.32441471571906355,0.1939799331103679,0
16,19,120,7409.75,7615.5,4826.5,271,0.10089391484320748,0.10369548344929944,0.06571942103184869,28.9443359375,21.09556786703601,0.3351736111111111,45,31,56,0.45018450184501846,0.28044280442804426,0.34317343173431736,0
17,17,101,6198.75,5933.875,3836.5,227,0.12029633798443595,0.1151560286440645,0.0744532205166023,21.448961937716263,20.532439446366784,0.3760905793549652,39,31,49,0.42731277533039647,0.46255506607929514,0.4008810572687225,0
15,15,104,6781.5,6402.875,5499.0,263,0.09804247567551938,0.09256856395205945,0.07950093249866269,30.14,28.45722222222222,0.5084134615384616,44,42,60,0.2965779467680608,0.3612167300380228,0.38022813688212925,1
14,19,134,8644.0,8524.25,5213.5,279,0.111046877609486,0.10950848524556468,0.06697627214449968,44.10204081632653,23.61288088642659,0.2903486299844063,38,43,58,0.36200716845878134,0.5985663082437276,0.31899641577060933,1
14,22,107,8792.0,7949.75,6241.75,283,0.10977787211726954,0.09926144664061232,0.07793517212101538,44.857142857142854,16.425103305785125,0.5451786182199319,51,43,67,0.35335689045936397,0.24028268551236748,0.23674911660777384,1
15,19,126,7677.75,7167.25,4727.75,303,0.08362742214815541,0.07806696511235282,0.05149549608426189,34.123333333333335,19.85387811634349,0.29779226505416984,46,40,51,0.45874587458745875,0.35313531353135313,0.2739273927392739,1
16,17,124,8410.0,7266.25,4351.25,319,0.08264462809917356,0.0714050569471605,0.04275950511492615,32.8515625,25.14273356401384,0.2829897242455775,48,34,54,0.4106583072100313,0.25391849529780564,0.21630094043887146,0
15,21,114,7135.625,6262.875,4106.25,287,0.08662998215348007,0.07603436972647476,0.049851886025082254,31.71388888888889,14.201530612244898,0.31596260387811637,33,34,55,0.2229965156794425,0.40418118466898956,0.34494773519163763,0
14,22,205,7587.5,6049.25,3408.375,267,0.10643297002342578,0.08485530727040637,0.047810672053191935,38.71173469387755,12.498450413223141,0.08110350981558596,45,27,47,0.36329588014981273,0.11610486891385768,0.3146067415730337,0
15,21,143,6869.875,6303.75,4026.625,255,0.10564975009611688,0.09694348327566321,0.06192425990003845,30.532777777777778,14.29421768707483,0.19691060687564185,38,33,54,0.5294117647058824,0.33725490196078434,0.21176470588235294,0
15,16,112,6609.75,6337.25,5760.25,255,0.10164936562860438,0.09745866974240677,0.08858515955401769,29.376666666666665,24.7548828125,0.45920360331632654,45,43,61,0.403921568627451,0.2980392156862745,0.5215686274509804,0
15,17,142,6294.375,5501.375,3572.625,311,0.06507764601275835,0.05687880605039237,0.0369374282730741,27.975,19.03589965397924,0.17717838722475698,32,44,50,0.1832797427652733,0.3729903536977492,0.2540192926045016,0
14,17,148,6399.5,6711.5,4480.0,231,0.11992841213620434,0.12577537902213226,0.08395644759281123,32.650510204081634,23.22318339100346,0.20452885317750183,28,51,56,0.24242424242424243,0.45454545454545453,0.47619047619047616,0
16,15,114,6793.875,5685.75,4327.0,243,0.11505486968449931,0.09628867550678251,0.07327812494707785,26.53857421875,25.27,0.33294859956909817,33,37,56,0.3045267489711934,0.26337448559670784,0.35390946502057613,0
16,18,133,7387.5,7331.0,3783.25,303,0.08046596738881809,0.07985055931335708,0.041207833654652595,28.857421875,22.626543209876544,0.21387585505116175,43,46,48,0.528052805280528,0.5181518151815182,0.32673267326732675,0
18,19,93,9073.0,7160.5,6651.75,295,0.10425739729962655,0.08228095374892272,0.0764349324906636,28.003086419753085,19.83518005540166,0.769077349982657,56,43,59,0.3254237288135593,0.3423728813559322,0.4847457627118644,0
15,17,118,6194.75,6321.0,4458.5,235,0.11217292892711635,0.11445903123585333,0.08073336351290177,27.532222222222224,21.8719723183391,0.32020252800919274,33,31,55,0.5148936170212766,0.3829787234042553,0.4978723404255319,1
14,21,136,5172.875,4691.125,5094.375,289,0.061935022329713485,0.05616701188922547,0.06099513894709115,26.3922193877551,10.637471655328799,0.2754311743079585,31,33,54,0.3044982698961938,0.2560553633217993,0.3771626297577855,1
14,18,123,5813.875,5918.125,3537.5,299,0.06503143141575597,0.06619752575474547,0.03956890862518316,29.662627551020407,18.265817901234566,0.23382246017582128,33,35,47,0.411371237458194,0.22408026755852842,0.2608695652173913,1
14,22,138,5559.25,5202.875,3920.25,223,0.111790906714392,0.10462456514307547,0.07883227090832311,28.363520408163264,10.74974173553719,0.20585223692501575,28,31,49,0.4798206278026906,0.452914798206278,0.4125560538116592,1
16,21,128,7073.75,6206.0,4564.25,335,0.06303185564713745,0.05529962129650256,0.04067052795722878,27.6318359375,14.072562358276643,0.2785797119140625,24,24,54,0.14328358208955225,0.21791044776119403,0.2626865671641791,0
13,19,133,7211.5,6322.25,5014.0,263,0.10425913342682415,0.09140294062368981,0.07248912084893522,42.671597633136095,17.513157894736842,0.28345299338571994,43,33,55,0.2509505703422053,0.24334600760456274,0.34600760456273766,1
12,22,126,7522.75,6980.125,5408.25,247,0.12330557786556082,0.11441139831828091,0.08864675703584717,52.24131944444444,14.421745867768594,0.3406557067271353,34,33,58,0.4534412955465587,0.13360323886639677,0.46558704453441296,0
16,19,167,6986.75,6278.5,4656.125,251,0.11089903334867701,0.09965714829923335,0.07390557292741386,27.2919921875,17.39196675900277,0.16695202409552154,30,44,55,0.40239043824701193,0.44621513944223107,0.36254980079681276,0
14,22,145,6936.875,5686.625,4531.25,271,0.09445507277951008,0.07743120327882246,0.061699187102572134,35.392219387755105,11.74922520661157,0.21551724137931033,39,29,53,0.3284132841328413,0.11439114391143912,0.4022140221402214,0
17,17,136,7139.25,6815.25,4980.0,247,0.1170196200560573,0.11170892819092265,0.08162730089003262,24.703287197231834,23.58217993079585,0.26924740484429066,32,29,64,0.44129554655870445,0.32388663967611336,0.3441295546558704,0
14,15,91,7401.5,7215.5,6542.5,271,0.10078157977151728,0.09824893451886549,0.08908511594341036,37.76275510204081,32.068888888888885,0.7900615867648835,35,42,64,0.36531365313653136,0.4907749077490775,0.5461254612546126,0
15,14,96,10866.0,8340.75,8886.75,315,0.10950869236583523,0.08405895691609977,0.08956160241874528,48.29333333333334,42.55484693877551,0.9642740885416666,62,45,61,0.5079365079365079,0.23809523809523808,0.5238095238095238,0
14,12,129,7408.25,6448.375,5658.625,243,0.12545936425680368,0.10920379684668664,0.09582931124997883,37.797193877551024,44.78038194444444,0.3400411633916231,41,39,61,0.6502057613168725,0.4773662551440329,0.42386831275720166,0
14,17,114,8199.25,7965.0,4951.625,271,0.11164404079465148,0.1084544055772661,0.06742316961915007,41.83290816326531,27.560553633217992,0.3810114650661742,36,39,53,0.23616236162361623,0.45387453874538747,0.3505535055350554,0
14,19,133,7199.5,6542.25,4830.0,279,0.09248981898999242,0.08404632520137202,0.06204956256985393,36.732142857142854,18.122576177285318,0.2730510486743174,46,35,57,0.4229390681003584,0.4982078853046595,0.3835125448028674,0
20,23,106,7968.75,6802.0,4856.0,303,0.0867970460412378,0.07408859697850974,0.05289241795466675,19.921875,12.858223062381853,0.4321822712709149,51,37,56,0.37623762376237624,0.46534653465346537,0.33993399339933994,0
15,16,114,7102.5,6010.25,4596.25,271,0.0967102844460179,0.08183780177285167,0.06258425130376764,31.566666666666666,23.4775390625,0.35366651277316097,47,38,51,0.4354243542435424,0.47601476014760147,0.4575645756457565,0
17,16,117,6105.5,5771.0,5004.75,255,0.09389465590157632,0.08875048058439063,0.07696655132641292,21.12629757785467,22.54296875,0.3656037694499233,43,35,61,0.4588235294117647,0.20392156862745098,0.4117647058823529,0
14,22,101,6202.25,4910.5,2837.75,251,0.0984468500499992,0.07794320725067856,0.045042935826415456,31.644132653061224,10.145661157024794,0.27818351142044895,35,21,43,0.35856573705179284,0.1553784860557769,0.23904382470119523,0
19,21,91,8339.375,6249.0,7835.75,315,0.08404509952129,0.06297808012093727,0.07896951373141849,23.100761772853186,14.170068027210885,0.9462323390894819,34,32,59,0.38095238095238093,0.45396825396825397,0.3619047619047619,0
18,21,87,6353.375,5919.125,5119.875,247,0.10413832385385763,0.09702052156239244,0.0839199954105132,19.609182098765434,13.422052154195011,0.6764268727705113,42,33,49,0.46963562753036436,0.22672064777327935,0.44129554655870445,0
15,23,107,4769.75,4693.75,4467.0,267,0.06690723674059111,0.06584115361416207,0.06266043849682279,21.198888888888888,8.872873345935728,0.39016507991964366,32,35,48,0.30337078651685395,0.2808988764044944,0.30711610486891383,0
16,17,90,6223.125,5111.25,4168.375,235,0.11268673607967405,0.0925531914893617,0.07547985513807152,24.30908203125,17.68598615916955,0.5146141975308642,32,28,50,0.3446808510638298,0.3872340425531915,0.5063829787234042,0
15,16,114,4274.375,4107.375,3528.25,195,0.11240959894806049,0.10801775147928994,0.09278763971071663,18.997222222222224,16.04443359375,0.2714873807325331,29,35,43,0.6358974358974359,0.49230769230769234,0.5641025641025641,0
16,23,77,6709.5,6084.125,5403.75,271,0.09135905012186653,0.0828437112784412,0.0735794719570812,26.208984375,11.501181474480152,0.9114100185528757,39,32,57,0.45018450184501846,0.3025830258302583,0.5018450184501845,1
18,27,106,12902.5,14765.0,12185.75,367,0.09579475681013297,0.10962290907201033,0.09047323834908567,39.82253086419753,20.253772290809327,1.0845274118903525,97,95,95,0.4986376021798365,0.25885558583106266,0.25885558583106266,1
19,19,108,12406.75,15415.625,10254.0,359,0.09626515933302814,0.11961130810592717,0.07956176628052235,34.36772853185595,42.7025623268698,0.8791152263374485,89,90,89,0.5598885793871866,0.5097493036211699,0.41225626740947074,0
17,28,84,7712.0,6654.75,4913.0,255,0.1186005382545175,0.10234140715109573,0.07555555555555556,26.685121107266436,8.488201530612244,0.6962868480725624,48,41,55,0.28627450980392155,0.5058823529411764,0.5137254901960784,0
16,20,121,6286.125,6630.75,5194.5,303,0.0684695944842009,0.0722233114400549,0.05657942031826945,24.55517578125,16.576875,0.35479133938938595,34,45,54,0.36303630363036304,0.504950495049505,0.43564356435643564,0
15,21,114,6443.5,5779.25,3869.0,263,0.09315589353612168,0.08355260304471657,0.05593546241813529,28.637777777777778,13.104875283446711,0.2977069867651585,32,34,46,0.4524714828897338,0.21292775665399238,0.4714828897338403,0
14,19,113,5715.75,4827.25,3346.0,255,0.08790080738177623,0.07423683198769704,0.05145713187235679,29.161989795918366,13.371883656509695,0.2620408802568721,39,35,41,0.3764705882352941,0.23921568627450981,0.25098039215686274,0
17,20,135,9539.625,8064.875,5499.375,275,0.12614380165289257,0.10664297520661158,0.07271900826446281,33.0090830449827,20.1621875,0.30174897119341565,54,36,51,0.46545454545454545,0.3563636363636364,0.29454545454545455,0
19,20,100,6354.75,5656.25,6274.0,223,0.12778760883991233,0.11374147881517827,0.12616380783848458,17.60318559556787,14.140625,0.6274,41,38,52,0.5381165919282511,0.5515695067264574,0.4484304932735426,1
16,19,67,7259.875,6077.375,4565.5,279,0.09326543852211559,0.07807421538777765,0.05865161033388574,28.35888671875,16.83483379501385,1.0170416573847183,43,44,50,0.36200716845878134,0.41935483870967744,0.26523297491039427,0
14,19,78,6907.25,6752.0,4833.0,275,0.09133553719008264,0.08928264462809918,0.06390743801652893,35.24107142857143,18.70360110803324,0.7943786982248521,39,45,59,0.3927272727272727,0.2727272727272727,0.4581818181818182,0
16,16,87,7462.125,6841.375,5345.5,331,0.06810931809676801,0.06244352461186006,0.04879017168517995,29.14892578125,26.72412109375,0.7062359624785308,36,28,59,0.3081570996978852,0.14501510574018128,0.27794561933534745,1
16,19,91,5548.625,5791.0,4160.25,271,0.07555214389782275,0.07885241214035757,0.05664751296959464,21.67431640625,16.041551246537395,0.5023849776597029,31,15,41,0.28413284132841327,0.07011070110701106,0.2693726937269373,1
14,15,88,7488.75,6396.25,3557.25,267,0.10504776332954593,0.08972281838712845,0.049899002651180406,38.20790816326531,28.427777777777777,0.45935563016528924,43,37,48,0.5168539325842697,0.4606741573033708,0.40074906367041196,0
15,20,107,6074.0,5840.75,5404.5,319,0.05968887884356482,0.05739674334961331,0.05310973752223347,26.995555555555555,14.601875,0.47204996069525723,47,28,52,0.40752351097178685,0.3667711598746082,0.29780564263322884,0
14,14,126,7620.0,5632.25,3585.125,247,0.12489960497631497,0.09231834647347113,0.05876387090429281,38.87755102040816,28.7359693877551,0.22582042076089695,52,34,33,0.5465587044534413,0.46153846153846156,0.3684210526315789,0
16,15,106,4901.25,5014.5,3205.25,247,0.08033650772836795,0.0821927912275238,0.05253733055778655,19.1455078125,22.286666666666665,0.28526610893556426,32,34,42,0.21862348178137653,0.24696356275303644,0.2874493927125506,0
14,19,99,7458.75,7042.75,7521.0,263,0.1078337116338244,0.10181945669302722,0.10873368127340283,38.05484693877551,19.509002770083104,0.7673706764615855,48,36,56,0.5399239543726235,0.13688212927756654,0.6730038022813688,0
16,23,73,6392.375,7287.625,6015.125,323,0.061271314783042104,0.06985234211005568,0.057655349902711615,24.97021484375,13.776228733459357,1.128753049352599,54,40,59,0.3715170278637771,0.24148606811145512,0.4024767801857585,0
15,22,85,7324.625,6791.75,4405.625,239,0.12822998546944206,0.11890110467253724,0.07712793893664327,32.55388888888889,14.03254132231405,0.6097750865051903,38,38,53,0.41841004184100417,0.5857740585774058,0.3682008368200837,0
14,16,98,8851.25,7283.75,4450.75,243,0.14989669596436858,0.1233509458246541,0.0753738420633711,45.1594387755102,28.4521484375,0.46342669720949603,46,28,39,0.6625514403292181,0.3868312757201646,0.2222222222222222,1
14,12,100,6093.5,5594.75,4802.5,283,0.07608410643159486,0.06985665946634369,0.05996453944986203,31.089285714285715,38.85243055555556,0.48025,43,34,58,0.33568904593639576,0.19434628975265017,0.254416961130742,0
16,17,110,7475.125,6790.625,5637.75,287,0.09075167842270757,0.08244151319064211,0.06844504607315859,29.19970703125,23.4969723183391,0.4659297520661157,42,32,60,0.37282229965156793,0.313588850174216,0.36585365853658536,0
16,14,83,6254.75,5664.875,5094.75,219,0.13041325243426952,0.11811419695168991,0.10622693438418715,24.4326171875,28.902423469387756,0.739548555668457,0,40,55,0.0,0.4703196347031963,0.2602739726027397,1
15,17,69,7283.0,6369.5,5510.0,331,0.06647438413304003,0.05813656319310704,0.05029161836784987,32.36888888888889,22.03979238754325,1.1573198907792481,35,21,55,0.43202416918429004,0.12386706948640483,0.3293051359516616,1
15,18,96,6441.25,5110.0,4821.25,319,0.06329782529652814,0.050215701496644095,0.04737817041892277,28.627777777777776,15.771604938271604,0.5231391059027778,33,33,55,0.2884012539184953,0.2445141065830721,0.3322884012539185,1
15,17,89,6226.5,6161.625,4728.0,235,0.1127478497057492,0.11157311000452694,0.08561339972838389,27.673333333333332,21.320501730103807,0.5968943315237975,35,38,57,0.37446808510638296,0.6425531914893617,0.251063829787234,0
14,17,98,6656.0,5658.75,4773.75,231,0.1247352935664624,0.10604655085174566,0.08946140439646934,33.95918367346939,19.580449826989618,0.4970585172844648,28,30,58,0.12121212121212122,0.46320346320346323,0.46320346320346323,1
16,15,81,5983.75,5591.0,4313.625,259,0.08920186043738167,0.08334699840491347,0.06430472115800301,23.3740234375,24.84888888888889,0.6574645633287609,30,42,51,0.32432432432432434,0.33976833976833976,0.3359073359073359,0
15,17,109,4872.125,5049.0,3059.125,263,0.07043798522459484,0.07299512787520421,0.04422682126386098,21.65388888888889,17.470588235294116,0.25748043094015655,31,34,38,0.311787072243346,0.21292775665399238,0.3612167300380228,0
15,16,96,5069.0,4519.75,5874.5,255,0.07795463283352556,0.06950788158400616,0.09034217608612072,22.52888888888889,17.6552734375,0.6374240451388888,23,23,61,0.19607843137254902,0.19215686274509805,0.4235294117647059,1
16,18,107,5796.75,4418.5,3089.75,211,0.13020260101974349,0.0992452999708003,0.06939983378630309,22.6435546875,13.637345679012345,0.2698707310682156,35,27,39,0.6540284360189573,0.5734597156398105,0.1990521327014218,1
14,16,107,6328.0,5249.5,3620.25,279,0.08129391965673617,0.06743875335620046,0.04650826685165915,32.285714285714285,20.505859375,0.31620665560310945,33,30,37,0.23655913978494625,0.13261648745519714,0.13978494623655913,0
15,17,134,6853.25,5716.0,3921.5,287,0.0832018113610703,0.06939503939588923,0.04760893054425815,30.45888888888889,19.77854671280277,0.2183949654711517,29,32,49,0.2682926829268293,0.2961672473867596,0.28222996515679444,0
17,19,114,7505.25,6786.125,4202.0,375,0.053370666666666663,0.04825688888888889,0.029880888888888887,25.969723183391004,18.798130193905816,0.3233302554632195,34,41,58,0.19733333333333333,0.19466666666666665,0.232,0
12,15,89,6203.625,6857.625,5204.375,255,0.09540369088811995,0.10546136101499423,0.08003652441368704,43.080729166666664,30.47833333333333,0.6570350965787148,43,58,60,0.4627450980392157,0.32941176470588235,0.23529411764705882,0
15,16,120,7355.125,6370.875,4466.0,311,0.07604475760176177,0.06586858076322619,0.04617404700116831,32.68944444444445,24.88623046875,0.3101388888888889,42,35,55,0.3890675241157556,0.2540192926045016,0.3022508038585209,0
14,18,108,7791.125,7316.5,5779.625,287,0.0945880731828722,0.08882589323653316,0.07016747805606478,39.75063775510204,22.58179012345679,0.4955096879286694,39,42,62,0.37282229965156793,0.3205574912891986,0.42160278745644597,0
14,19,110,7270.875,6143.875,4704.75,275,0.09614380165289256,0.08124132231404958,0.06221157024793388,37.09630102040816,17.01904432132964,0.3888223140495868,30,34,53,0.2109090909090909,0.20363636363636364,0.2909090909090909,1
15,22,98,6139.0,6394.0,5386.75,271,0.08359090970983511,0.08706308465298675,0.07334799362753776,27.284444444444443,13.210743801652892,0.5608860891295293,30,32,60,0.31365313653136534,0.11808118081180811,0.43911439114391143,0
17,20,134,8200.875,6094.875,4748.625,291,0.09684433343961456,0.07197452793424736,0.05607662875969816,28.376730103806228,15.2371875,0.2644589552238806,58,24,58,0.33676975945017185,0.09965635738831616,0.41237113402061853,0
15,17,133,7194.5,7724.0,4326.25,279,0.09242558548836731,0.09922791331046621,0.05557803728112434,31.975555555555555,26.726643598615915,0.24457289841144214,35,51,55,0.5842293906810035,0.5913978494623656,0.3046594982078853,0
14,22,116,5882.375,4704.375,2969.75,271,0.08009660816165358,0.06405652156152558,0.04043722171539058,30.012117346938776,9.71978305785124,0.22070080261593342,34,29,24,0.34317343173431736,0.39114391143911437,0.22140221402214022,0
14,15,116,6414.25,5079.25,4011.0,239,0.11229232681500674,0.08892088723936906,0.07021935890478108,32.72576530612245,22.574444444444445,0.29808263971462545,28,38,53,0.29707112970711297,0.4225941422594142,0.29707112970711297,0
14,26,96,7296.75,5836.5,4582.75,259,0.10877521205706533,0.08700675302991906,0.06831666194600558,37.22831632653061,8.63387573964497,0.4972601996527778,33,32,59,0.3667953667953668,0.26640926640926643,0.4555984555984556,0
16,14,121,7738.5,6849.5,6949.5,263,0.11187815350807442,0.099025575040842,0.10047130940161055,30.228515625,34.94642857142857,0.4746602008059559,44,43,59,0.55893536121673,0.49049429657794674,0.39543726235741444,1
16,17,140,7678.75,6603.0,3452.25,303,0.08363831432648215,0.07192105349148777,0.03760252262850047,29.9951171875,22.847750865051903,0.17613520408163266,35,49,42,0.29042904290429045,0.37293729372937295,0.28052805280528054,0
14,22,143,8264.625,7793.125,6724.75,279,0.10617316067368096,0.10011594147043332,0.08639084801068846,42.16645408163265,16.101497933884296,0.3288547117218446,46,43,57,0.41935483870967744,0.5734767025089605,0.5161290322580645,1
16,17,88,5819.125,5712.375,4330.25,223,0.11701673068028716,0.11487009591988578,0.08707695710752278,22.73095703125,19.766003460207614,0.5591748450413223,28,31,53,0.33183856502242154,0.23766816143497757,0.33183856502242154,1
14,15,95,6726.375,6018.75,5574.5,283,0.08398625279376694,0.0751507697686324,0.0696038157549726,34.318239795918366,26.75,0.6176731301939058,36,32,60,0.31802120141342755,0.3498233215547703,0.4169611307420495,1
16,21,149,5294.5,5154.0,4711.75,275,0.0700099173553719,0.06815206611570247,0.062304132231404956,20.681640625,11.687074829931973,0.21223143101662087,18,31,57,0.06545454545454546,0.22545454545454546,0.3890909090909091,1
16,19,117,27087.5,22287.25,23911.5,407,0.16352347433428516,0.1345450319651794,0.1443504035641628,105.810546875,61.73753462603878,1.7467674775367084,143,141,144,0.6191646191646192,0.4201474201474201,0.47174447174447176,1
15,17,110,6538.5,6630.375,5869.75,227,0.12688971258902754,0.12867268916532437,0.11391158376836344,29.06,22.942474048442907,0.48510330578512395,40,31,55,0.36123348017621143,0.3788546255506608,0.5066079295154186,1
11,15,113,14542.25,13038.0,12937.75,331,0.1327319940489773,0.11900219968784513,0.11808718430828488,120.18388429752066,57.946666666666665,1.0132156002819328,101,100,100,0.42900302114803623,0.5317220543806647,0.5891238670694864,1
14,16,118,138826.625,130900.875,124614.875,639,0.3399938406302884,0.32058325435135593,0.3051885036527634,708.2991071428571,511.33154296875,8.949646294168343,370,356,350,0.6776212832550861,0.6244131455399061,0.6979655712050078,1
14,14,99,92559.25,89419.25,90217.0,551,0.30487136076626886,0.2945288388378167,0.29715646522903416,472.24107142857144,456.22066326530614,9.204877053361901,298,297,294,0.7023593466424682,0.6787658802177858,0.7422867513611615,1
17,24,102,68540.25,58186.125,62473.625,495,0.2797275788184879,0.23747015610651975,0.25496837057443117,237.1634948096886,101.017578125,6.004769800076893,249,240,242,0.6787878787878788,0.5373737373737374,0.6101010101010101,1
19,23,104,124809.0,106952.25,117465.0,671,0.27720487472264854,0.23754444841762523,0.2608936103109224,345.7313019390582,202.17816635160682,10.860299556213018,346,310,312,0.6304023845007451,0.5737704918032787,0.6497764530551415,1
17,23,151,143496.125,110276.25,127279.0,639,0.35142969624388654,0.270072443004401,0.31171308847695806,496.526384083045,208.4617202268431,5.582167448796105,369,324,326,0.6463223787167449,0.5915492957746479,0.7934272300469484,1
17,22,128,119227.875,95588.625,101897.0,567,0.3708614447150602,0.2973309351175312,0.31695330166817526,412.5532006920415,197.4971590909091,6.21929931640625,337,297,296,0.7724867724867724,0.6490299823633157,0.7372134038800705,1
17,15,130,59045.75,46427.75,51922.5,423,0.3299954171766455,0.25947582560680493,0.29018493368878157,204.310553633218,206.34555555555556,3.072337278106509,233,201,196,0.6619385342789598,0.7139479905437353,0.8463356973995272,1
19,26,127,99949.5,80768.0,88843.5,479,0.4356217938380673,0.3520207809415057,0.3872171930910343,276.86842105263156,119.47928994082841,5.508308016616033,311,274,270,0.8121085594989561,0.7515657620041754,0.9123173277661796,1
17,16,130,92300.75,71407.75,80479.375,623,0.23780946540969627,0.183979424366641,0.2073521303484151,319.3797577854671,278.9365234375,4.762093195266273,296,258,252,0.5955056179775281,0.5682182985553772,0.6757624398073836,1
18,19,160,59247.125,43941.5,50188.75,591,0.16962596018678372,0.12580558347004275,0.14369161219762885,182.86149691358025,121.72160664819944,1.960498046875,232,187,188,0.571912013536379,0.4890016920473773,0.5786802030456852,1
17,18,139,19751.625,14442.875,17181.75,359,0.1532547466267332,0.1120636478612053,0.13331484082215378,68.344723183391,44.576774691358025,0.8892785052533513,119,88,97,0.6267409470752089,0.42896935933147634,0.5682451253481894,1
17,22,132,20109.75,14809.25,19971.75,415,0.11676440702569313,0.08598780664827986,0.1159631296269415,69.58391003460207,30.597623966942148,1.1462207300275482,116,85,107,0.38313253012048193,0.3759036144578313,0.5012048192771085,1
17,23,104,23994.0,17429.0,26775.25,447,0.12008468087023107,0.08722830302939306,0.13400422403395243,83.0242214532872,32.94706994328922,2.475522374260355,131,85,135,0.5659955257270693,0.43847874720357943,0.49440715883668906,1
22,28,138,7027.375,7063.25,10132.625,367,0.05217482496714654,0.05244117930937196,0.07522978862416381,14.519369834710744,9.009247448979592,0.5320639046418819,19,37,91,0.09809264305177112,0.28610354223433243,0.36239782016348776,1
20,29,105,5466.5,5300.75,7367.0,283,0.06825531596099339,0.06618574336051143,0.09198516650226624,13.66625,6.302913198573127,0.6682086167800454,29,29,73,0.4416961130742049,0.4028268551236749,0.4028268551236749,1
21,27,134,7896.75,5497.625,9646.75,311,0.0816446273301558,0.05684003473909492,0.09973790593562928,17.906462585034014,7.541323731138546,0.5372438182223213,52,24,87,0.2379421221864952,0.3022508038585209,0.38263665594855306,1
17,23,93,7788.125,5278.125,7407.625,283,0.09724337924059484,0.06590324513978199,0.09249241468865886,26.948529411764707,9.977551984877127,0.8564718464562378,51,25,69,0.5371024734982333,0.127208480565371,0.4169611307420495,1
18,28,107,5482.625,4772.125,6199.75,271,0.07465346332430114,0.06497903078661783,0.08441810432864476,16.921682098765434,6.086894132653061,0.5415101755611844,0,32,69,0.0,0.33579335793357934,0.4022140221402214,1
17,22,131,4533.125,5008.625,7359.75,247,0.0743025619170942,0.08209649395990755,0.12063384090871838,15.685553633217992,10.348398760330578,0.4288648680146845,19,39,73,0.14979757085020243,0.39271255060728744,0.3441295546558704,1
17,23,85,6314.5,5899.0,10309.25,327,0.05905320352757437,0.05516744755866042,0.09641210522870315,21.84948096885813,11.151228733459357,1.426885813148789,36,32,92,0.3211009174311927,0.18042813455657492,0.41896024464831805,1
19,24,139,6865.75,5748.75,6142.0,255,0.10558631295655517,0.08840830449826989,0.0944559784698193,19.01869806094183,9.98046875,0.31789244863102323,30,33,67,0.36470588235294116,0.47058823529411764,0.40784313725490196,1
20,17,124,7450.75,7076.0,11404.75,351,0.06047637600344153,0.05743459874514006,0.09257027134520011,18.626875,24.484429065743946,0.7417241155046826,35,30,97,0.39886039886039887,0.28774928774928776,0.27635327635327633,1
17,22,105,7421.75,6260.0,11306.5,287,0.09010367978244242,0.07599946581845111,0.13726644732848522,25.680795847750865,12.933884297520661,1.025532879818594,39,35,99,0.41114982578397213,0.47038327526132406,0.34843205574912894,1
20,20,88,7101.75,6944.0,13926.25,303,0.07735352743195112,0.07563528630090732,0.15168719842281259,17.754375,17.36,1.7983277376033058,37,38,113,0.3333333333333333,0.18151815181518152,0.37623762376237624,1
18,22,121,8606.0,8019.25,12616.25,331,0.07854984894259819,0.07319438486322688,0.11515274595887223,26.561728395061728,16.56869834710744,0.8617068506249573,39,36,104,0.24773413897280966,0.2598187311178248,0.3716012084592145,1
19,22,144,7458.25,6350.75,10699.5,307,0.07913346560706215,0.06738267780029496,0.11352375091512908,20.659972299168974,13.121384297520661,0.5159866898148148,36,30,95,0.2931596091205212,0.2768729641693811,0.41042345276872966,1
17,26,112,8099.25,6851.25,12463.875,279,0.10404863760743054,0.08801595560180368,0.1601196670135276,28.025086505190313,10.134985207100591,0.9936124840561225,39,37,106,0.45878136200716846,0.21505376344086022,0.5125448028673835,1
17,22,127,12614.5,12099.75,26203.375,351,0.1023895909935796,0.09821145932257043,0.21268800577917388,43.64878892733564,24.99948347107438,1.6246124992249984,65,63,161,0.5413105413105413,0.48717948717948717,0.49572649572649574,1
17,23,139,12726.875,12824.875,27595.125,335,0.11340498997549565,0.11427823568723547,0.24589106705279573,44.03762975778547,24.243620037807183,1.4282451736452564,65,64,161,0.6179104477611941,0.5850746268656717,0.6417910447761194,1
17,23,99,10994.25,8768.5,17882.5,311,0.11366973046184387,0.0906576648297681,0.18488745980707397,38.042387543252595,16.575614366729678,1.8245587184981125,52,52,131,0.6012861736334405,0.2090032154340836,0.6205787781350482,1
18,27,112,9432.875,9563.375,16690.625,311,0.09752664881463177,0.09887589044778279,0.17256464469970326,29.113811728395063,13.118484224965707,1.33056640625,47,42,129,0.4983922829581994,0.2379421221864952,0.5112540192926045,1
17,20,130,7773.125,6123.375,9428.875,243,0.13163855442090466,0.1036998933089468,0.15967882605971312,26.896626297577853,15.3084375,0.5579215976331361,36,25,92,0.5473251028806584,0.15637860082304528,0.4691358024691358,1
16,16,110,8203.75,7040.625,11556.25,335,0.07310091334372912,0.06273668968589886,0.10297393628870573,32.0458984375,27.50244140625,0.9550619834710744,39,32,101,0.3970149253731343,0.26865671641791045,0.5074626865671642,1
17,24,135,5849.25,5500.25,6632.875,271,0.07964556582835201,0.07489345188654839,0.09031569559238027,20.23961937716263,9.54904513888889,0.3639437585733882,33,29,72,0.36531365313653136,0.4575645756457565,0.36531365313653136,1
17,23,119,5975.875,4938.625,9674.375,267,0.08382604609406781,0.06927611552974512,0.13570642034535482,20.677768166089965,9.335775047258979,0.6831703269543111,30,21,90,0.19101123595505617,0.21722846441947566,0.43820224719101125,1
17,24,116,6153.75,5657.5,7748.5,291,0.07266978424912318,0.06680955586259019,0.09150222600111005,21.29325259515571,9.82204861111111,0.575839774078478,28,26,77,0.31958762886597936,0.16151202749140894,0.28865979381443296,1
17,23,162,8262.25,7661.125,14564.625,299,0.09241787004619635,0.08569395196921735,0.16291344615832037,28.58910034602076,14.482277882797732,0.5549697073616827,47,46,116,0.5785953177257525,0.5384615384615384,0.4080267558528428,1
17,22,96,7668.75,7444.25,12437.0,383,0.05227897115666478,0.05074852238409151,0.08478481685743307,26.535467128027683,15.380681818181818,1.3495008680555556,36,32,107,0.2689295039164491,0.2245430809399478,0.391644908616188,1
17,22,121,6119.75,6052.0,7483.75,279,0.07861859431405044,0.07774823036703023,0.09614149355737979,21.17560553633218,12.50413223140496,0.5111501946588348,41,34,80,0.33691756272401435,0.22580645161290322,0.40860215053763443,1
17,22,82,7378.625,7209.625,13836.5,287,0.08958012116208768,0.08752837839478445,0.16798188638929695,25.531574394463668,14.895919421487603,2.0577781082688875,38,30,112,0.42160278745644597,0.31010452961672474,0.49825783972125437,1
17,23,102,12554.0,11150.5,26246.5,311,0.1297960112074937,0.115285201765904,0.27136299252489116,43.43944636678201,21.078449905482042,2.522731641676278,75,61,162,0.40514469453376206,0.40514469453376206,0.7942122186495176,1
17,23,130,9332.125,7148.75,12968.375,319,0.09170630202140309,0.07025039062116135,0.1274395397057812,32.29108996539792,13.513705103969754,0.7673594674556213,59,39,108,0.4890282131661442,0.3981191222570533,0.45454545454545453,1
17,22,119,7606.25,6261.0,13064.5,287,0.09234360014082968,0.07601160630819848,0.1586094283043378,26.319204152249135,12.935950413223141,0.9225690276110444,44,34,107,0.313588850174216,0.3554006968641115,0.5609756097560976,1
17,22,122,5984.0,6285.25,10419.75,299,0.06693437433585754,0.07030402344492791,0.11655070972360489,20.705882352941178,12.986053719008265,0.7000638269282451,31,29,94,0.451505016722408,0.24414715719063546,0.39464882943143814,1
17,23,80,7232.75,5937.25,9913.5,295,0.08311117494972708,0.06822464808962941,0.11391554151106004,25.02681660899654,11.223534971644613,1.548984375,49,31,92,0.5084745762711864,0.1864406779661017,0.4406779661016949,1
17,22,144,8676.0,6625.5,10056.75,271,0.11813564630111245,0.0902152748464754,0.13693645239035415,30.02076124567474,13.689049586776859,0.4849898726851852,44,29,89,0.5498154981549815,0.4095940959409594,0.39114391143911437,1
17,24,163,6838.25,5864.75,7833.25,271,0.09311215805884997,0.07985661959940632,0.10666044852330442,23.66176470588235,10.18185763888889,0.29482667770710225,33,31,80,0.5129151291512916,0.3837638376383764,0.47601476014760147,1
17,23,119,7706.5,7646.875,12051.5,351,0.06255225201094147,0.0620682867833865,0.09781982289104796,26.666089965397923,14.455340264650284,0.8510345314596427,38,30,104,0.2564102564102564,0.17663817663817663,0.39886039886039887,1
17,15,105,7104.625,7429.375,12227.875,327,0.06644245246846038,0.06947951444416388,0.1143550860851593,24.583477508650518,33.019444444444446,1.1091043083900227,36,38,104,0.3669724770642202,0.3058103975535168,0.3944954128440367,1
17,22,101,7067.0,6238.25,9522.0,255,0.10868127643214148,0.0959361783929258,0.14643598615916956,24.453287197231834,12.888946280991735,0.9334378982452701,36,27,89,0.4823529411764706,0.30980392156862746,0.45098039215686275,1
17,22,163,6911.75,6531.0,11248.75,287,0.08391203001129066,0.0792895385399847,0.1365653340455754,23.916089965397923,13.493801652892563,0.4233787496706688,38,33,101,0.42857142857142855,0.34494773519163763,0.47735191637630664,1
17,17,102,7646.5,6324.0,11527.25,263,0.11054807789616736,0.09142824097500325,0.16665341410169296,26.458477508650518,21.88235294117647,1.1079632833525568,40,30,99,0.5171102661596958,0.35361216730038025,0.5285171102661597,1
17,23,93,5354.0,5638.625,6725.375,295,0.061522550991094514,0.06479316288422866,0.07728095374892273,18.525951557093425,10.659026465028356,0.7775898947855243,32,27,72,0.10847457627118644,0.14576271186440679,0.4576271186440678,1
18,22,105,5902.875,5022.5,6057.25,227,0.11455442566321877,0.09746938617089405,0.11755031147509169,18.21875,10.37706611570248,0.5494104308390023,38,31,69,0.45374449339207046,0.2907488986784141,0.30837004405286345,1
17,16,85,6887.125,5945.0,7550.375,295,0.07913961505314565,0.06831370295891985,0.08676098822177535,23.830882352941178,23.22265625,1.0450346020761245,30,31,82,0.1016949152542373,0.12203389830508475,0.43050847457627117,1
17,22,151,7138.875,6313.75,5133.625,319,0.07015334951504014,0.06204488949597586,0.05044786313027584,24.701989619377162,13.044938016528926,0.2251491162668304,52,37,60,0.39184952978056425,0.18808777429467086,0.335423197492163,1
17,17,107,7262.0,7313.75,10084.25,323,0.0696067248799471,0.07010275187148347,0.0966581679111273,25.1280276816609,25.307093425605537,0.8807974495589135,30,28,97,0.34674922600619196,0.17337461300309598,0.38080495356037153,1
17,22,122,6613.0,6364.625,7463.625,403,0.04071818679999261,0.03918886884347542,0.045955735211718564,22.88235294117647,13.150051652892563,0.5014529024455792,40,28,81,0.33002481389578164,0.2704714640198511,0.315136476426799,1
17,18,115,6741.0,6957.25,8878.25,295,0.07746049985636311,0.07994541798333812,0.10201953461648952,23.325259515570934,21.472993827160494,0.6713232514177694,31,33,92,0.43050847457627117,0.3423728813559322,0.3423728813559322,1
17,15,105,7567.0,7323.75,10638.5,303,0.08242111339846855,0.07977159102048818,0.11587643912906143,26.18339100346021,32.55,0.9649433106575964,42,22,96,0.4752475247524752,0.30363036303630364,0.3696369636963696,1
17,23,115,6090.75,5769.875,7534.25,263,0.0880560655785106,0.08341706544839451,0.10892524107620466,21.075259515570934,10.907136105860113,0.5696975425330812,36,30,79,0.49429657794676807,0.33079847908745247,0.30038022813688214,1
17,23,106,7875.5,6873.5,9169.0,299,0.08809185579579647,0.07688392747284706,0.10256037404503306,27.250865051903116,12.993383742911153,0.8160377358490566,39,22,85,0.34782608695652173,0.17725752508361203,0.46488294314381273,1
17,17,98,7353.0,7202.5,9280.0,259,0.10961375054039146,0.10737019424278112,0.13834021556029277,25.442906574394463,24.922145328719722,0.9662640566430654,35,45,90,0.5135135135135135,0.5868725868725869,0.5135135135135135,1
17,22,97,6437.0,6227.0,4847.0,295,0.07396725079000287,0.07155415110600402,0.05569663889686872,22.273356401384085,12.865702479338843,0.5151450738654479,45,32,63,0.43389830508474575,0.16271186440677965,0.3525423728813559,1
17,23,107,6037.0,6274.25,7003.75,251,0.09582387581149505,0.09958968905255472,0.1111688703353915,20.889273356401382,11.860586011342155,0.6117346493143506,40,28,79,0.4581673306772908,0.4701195219123506,0.5059760956175299,1
17,22,95,7096.0,6286.75,8481.0,343,0.06031500480242076,0.053436493297860585,0.07208731055937577,24.55363321799308,12.989152892561984,0.9397229916897507,38,30,88,0.43440233236151604,0.2536443148688047,0.3819241982507289,1
17,22,111,7668.5,7480.25,8983.875,291,0.09055750404459087,0.0883344551906567,0.10609079958904595,26.534602076124568,15.455061983471074,0.7291514487460433,6,7,89,0.020618556701030927,0.03436426116838488,0.45017182130584193,1
17,17,95,7912.0,7366.25,12731.5,271,0.1077327378439836,0.10030160264702279,0.1733568442695497,27.377162629757784,25.488754325259517,1.4106925207756233,36,23,104,0.45387453874538747,0.14391143911439114,0.5092250922509225,1
17,22,117,7577.5,7461.25,10077.0,279,0.09734587171285056,0.0958524428000668,0.12945619917524184,26.219723183391004,15.415805785123966,0.7361385053692746,45,2,92,0.33691756272401435,0.007168458781362007,0.45878136200716846,1
17,19,137,7617.625,6846.25,8097.5,299,0.0852073802306462,0.07657912103891455,0.09057504949609065,26.35856401384083,18.964681440443215,0.4314294847887474,35,29,80,0.3210702341137124,0.26421404682274247,0.3779264214046823,1
16,15,120,7338.5,6707.125,6846.125,255,0.1128565936178393,0.10314686658977316,0.10528450595924645,28.666015625,29.809444444444445,0.47542534722222224,40,37,75,0.4470588235294118,0.403921568627451,0.42745098039215684,1
17,17,103,6376.0,5852.5,6323.25,227,0.12373614857652972,0.11357682081934445,0.12271245318170351,22.06228373702422,20.250865051903116,0.5960269582430012,32,22,71,0.5550660792951542,0.29955947136563876,0.5242290748898678,1
17,23,116,5454.0,5251.0,6652.0,287,0.06621423108208185,0.0637497116633685,0.08075853779941483,18.8719723183391,9.926275992438564,0.4943519619500594,34,31,74,0.34146341463414637,0.3832752613240418,0.40069686411149824,1
17,22,107,6523.5,6496.0,8200.5,323,0.06252815612150026,0.06226456689894468,0.07860230616607079,22.57266435986159,13.421487603305785,0.7162634291204472,33,28,81,0.34055727554179566,0.2476780185758514,0.33126934984520123,1
17,17,86,6492.5,5592.75,5951.25,287,0.07882212968471149,0.06789872403452756,0.07225108960895482,22.465397923875432,19.352076124567475,0.8046579232017307,31,31,68,0.3623693379790941,0.3519163763066202,0.313588850174216,1
17,22,140,6999.25,6160.75,8099.5,287,0.08497432286418434,0.07479452221102599,0.09833189670871323,24.218858131487888,12.728822314049587,0.41323979591836735,28,27,78,0.39372822299651566,0.3797909407665505,0.4564459930313589,1
17,22,125,6450.25,5852.75,7477.0,311,0.06668924018568874,0.06051167791896279,0.07730482521892867,22.319204152249135,12.09245867768595,0.478528,30,34,78,0.34726688102893893,0.3504823151125402,0.39228295819935693,1
17,22,122,5581.5,5028.75,9518.5,263,0.08069366334629675,0.07270236666714858,0.13761222512975466,19.313148788927336,10.389979338842975,0.6395122278957269,33,30,88,0.3041825095057034,0.4790874524714829,0.55893536121673,1
17,22,124,6162.5,5881.0,7183.125,303,0.06712304893855722,0.06405690073957891,0.07823987844328988,21.323529411764707,12.150826446280991,0.4671647372528616,33,24,80,0.38613861386138615,0.1485148514851485,0.26732673267326734,1
17,18,122,8213.375,7220.5,8437.25,283,0.10255309717938793,0.09015595150395185,0.10534842487732397,28.419982698961938,22.285493827160494,0.5668671056167697,30,28,82,0.31802120141342755,0.24028268551236748,0.28975265017667845,1
18,22,79,7422.25,7324.75,10880.5,351,0.06024504671228318,0.05945365703200461,0.08831502991047151,22.90817901234568,15.133780991735538,1.743390482294504,41,40,98,0.42735042735042733,0.35327635327635326,0.45014245014245013,1
17,22,145,6178.25,6475.0,6165.0,327,0.05777899353776805,0.060554199515566405,0.05765507953875936,21.3780276816609,13.37809917355372,0.2932223543400713,27,37,74,0.28134556574923547,0.24464831804281345,0.28440366972477066,1
17,22,114,6353.75,7293.75,7840.25,271,0.08651502566686184,0.09931441565338163,0.10675576312958701,21.985294117647058,15.069731404958677,0.6032817790089259,36,37,84,0.2988929889298893,0.13653136531365315,0.4280442804428044,1
17,23,144,7746.5,6934.75,7167.0,347,0.06433489191007316,0.057593286216146636,0.059522128744529064,26.804498269896193,13.109168241965973,0.34563078703703703,38,33,79,0.39481268011527376,0.31988472622478387,0.2622478386167147,1
17,22,122,5188.5,4994.0,7205.0,247,0.08504482945139241,0.08185677522988412,0.11809732990214558,17.953287197231834,10.318181818181818,0.48407686105885517,26,20,80,0.2631578947368421,0.22267206477732793,0.42105263157894735,1
15,22,128,4985.0,5469.75,5065.25,247,0.08170925601140815,0.08965480502876624,0.08302463570948548,22.155555555555555,11.301136363636363,0.3091583251953125,34,38,59,0.291497975708502,0.3684210526315789,0.3805668016194332,1
17,23,116,6907.875,5763.125,6162.5,359,0.053598862516585064,0.044716637828694686,0.047815426633871554,23.902681660899653,10.89437618147448,0.4579741379310345,32,36,71,0.20612813370473537,0.20055710306406685,0.34818941504178275,1
17,23,92,6318.5,5885.5,8779.75,343,0.05370636384499656,0.05002592457224456,0.0746266436603796,21.863321799307958,11.125708884688091,1.037305056710775,32,25,82,0.35276967930029157,0.2303206997084548,0.24489795918367346,1
17,16,101,5355.25,4632.5,6882.5,255,0.08235678585159555,0.07124183006535947,0.10584390618992695,18.530276816608996,18.095703125,0.6746887560043133,29,25,71,0.1843137254901961,0.34901960784313724,0.3333333333333333,1
19,24,86,4688.25,4418.0,6944.5,243,0.0793959254178733,0.07481921793764501,0.11760571728564413,12.986842105263158,7.670138888888889,0.938953488372093,24,35,74,0.3168724279835391,0.2222222222222222,0.3991769547325103,1
17,24,102,5667.625,5067.0,5168.125,275,0.07494380165289256,0.06700165289256198,0.0683388429752066,19.611159169550174,8.796875,0.4967440407535563,40,33,56,0.3018181818181818,0.3054545454545455,0.37454545454545457,1
24,34,144,7066.5,5037.5,6197.0,271,0.09622009504227884,0.06859247559265261,0.08438065930474803,12.268229166666666,4.357698961937716,0.298852237654321,38,19,67,0.4354243542435424,0.07011070110701106,0.25461254612546125,1
15,22,139,6287.375,5063.375,6849.875,287,0.076331811725285,0.061471852274520754,0.08316083720817298,27.94388888888889,10.461518595041323,0.3545300450287252,37,27,73,0.36585365853658536,0.2961672473867596,0.33797909407665505,1
17,24,137,5378.0,4862.0,5580.75,251,0.08536372438532722,0.07717337820034603,0.0885819272709957,18.608996539792386,8.440972222222221,0.2973386967872556,23,31,62,0.30677290836653387,0.23107569721115537,0.4581673306772908,1
17,22,116,6306.5,4982.375,7621.5,271,0.08587165207445432,0.06784187306817718,0.10377718168325595,21.82179930795848,10.294163223140496,0.5664016052318668,42,33,77,0.4022140221402214,0.2915129151291513,0.4132841328413284,1
21,23,106,6547.625,5847.125,8737.375,215,0.14164683612763657,0.12649269875608438,0.18901838831800974,14.847222222222221,11.053166351606805,0.777623264506942,27,34,86,0.4883720930232558,0.39069767441860465,0.6046511627906976,1
17,19,102,8087.75,7820.75,10716.5,343,0.06874474071177826,0.06647527815791039,0.0910887470356739,27.985294117647058,21.664127423822716,1.030036524413687,33,39,97,0.35276967930029157,0.2653061224489796,0.2886297376093295,1
17,24,111,5514.0,5096.5,6823.0,295,0.06336110313128411,0.05856363114047687,0.07840275782821028,19.079584775086506,8.848090277777779,0.5537699862024187,18,35,75,0.061016949152542375,0.376271186440678,0.2745762711864407,1
17,16,137,6255.375,7320.0,9674.5,271,0.08517551503928324,0.09967184542694135,0.1317315940687082,21.644896193771626,28.59375,0.5154510096435612,32,34,94,0.43911439114391143,0.41697416974169743,0.5313653136531366,1
17,23,96,7075.0,6252.75,8715.5,311,0.07314854064784276,0.06464728445735672,0.0901096969634309,24.480968858131487,11.819943289224952,0.9456922743055556,35,37,84,0.28938906752411575,0.37942122186495175,0.3633440514469453,1
17,24,82,6599.125,5329.0,10726.625,299,0.073814890213756,0.05960783436426886,0.11998327759197325,22.834342560553633,9.25173611111111,1.5952743902439024,36,33,101,0.2709030100334448,0.27424749163879597,0.3712374581939799,1
17,23,94,5719.625,5655.375,9018.125,327,0.05348993257208054,0.05288906657688747,0.08433750432529996,19.791089965397923,10.690689981096408,1.0206117021276595,32,32,91,0.21100917431192662,0.23547400611620795,0.30275229357798167,1
17,20,150,6485.5,5112.5,6481.5,295,0.07452456190749784,0.05874748635449584,0.0744785981039931,22.441176470588236,12.78125,0.2880666666666667,30,26,66,0.33220338983050846,0.3016949152542373,0.4101694915254237,1
17,18,120,7951.5,5853.75,10523.75,271,0.10827058455086395,0.07970683950381939,0.1432952982666358,27.513840830449826,18.06712962962963,0.7308159722222223,37,33,92,0.5719557195571956,0.19557195571955718,0.4095940959409594,1
22,29,111,8316.125,7118.125,11254.75,359,0.06452560889502719,0.05523021236644657,0.0873266812020391,17.18207644628099,8.463882282996433,0.9134607580553527,25,26,99,0.2618384401114206,0.19220055710306408,0.28133704735376047,1
17,17,64,9270.75,6926.25,13870.875,287,0.11255144532530442,0.08408806711262733,0.1683992157243623,32.07871972318339,23.966262975778548,3.386444091796875,41,33,112,0.40069686411149824,0.30662020905923343,0.3902439024390244,1
19,27,115,10695.75,9434.25,20312.75,351,0.08681544792655904,0.0765760829863394,0.16487487926234365,29.628116343490305,12.941358024691358,1.5359357277882797,50,47,136,0.150997150997151,0.39316239316239315,0.5498575498575499,1
20,36,127,5968.5,5871.25,12310.25,275,0.07892231404958677,0.07763636363636364,0.1627801652892562,14.92125,4.530285493827161,0.7632370264740529,27,28,103,0.3527272727272727,0.2109090909090909,0.49818181818181817,1
18,25,139,7161.75,6899.5,11139.25,271,0.09751705450633842,0.09394616086382267,0.15167617543334105,22.104166666666668,11.0392,0.5765358935872884,38,28,96,0.4981549815498155,0.2693726937269373,0.39114391143911437,1
17,20,137,6909.75,5776.625,8547.75,231,0.12949063923089896,0.1082555611776391,0.16018721538202058,23.90916955017301,14.4415625,0.4554185092439661,48,33,83,0.354978354978355,0.2813852813852814,0.6493506493506493,1
18,24,103,7213.375,5674.5,10349.25,319,0.07088545710046089,0.0557630133351677,0.10170153595188726,22.263503086419753,9.8515625,0.9755160712602508,37,21,95,0.41379310344827586,0.12852664576802508,0.4890282131661442,1
17,23,103,6302.125,5553.375,6650.125,307,0.06686675720697302,0.05892237583422636,0.0705591040753748,21.80666089965398,10.497873345935728,0.6268380620228108,22,32,71,0.13680781758957655,0.3583061889250814,0.3713355048859935,1
18,29,101,6115.5,5894.5,6683.375,295,0.0702729100833094,0.06773340993967251,0.07679833381212295,18.875,7.008917954815695,0.6551686109204979,31,18,65,0.17627118644067796,0.12203389830508475,0.26440677966101694,1
19,24,91,6382.375,5512.125,13376.125,327,0.059687970522496234,0.05154939258760486,0.12509351999925183,17.679709141274238,9.569661458333334,1.6152789518174133,29,24,104,0.29357798165137616,0.12844036697247707,0.5076452599388379,1
17,17,80,6947.375,6613.0,14879.0,295,0.0798319448434358,0.07598965814421144,0.1709738580867567,24.039359861591695,22.88235294117647,2.32484375,26,39,107,0.2440677966101695,0.45084745762711864,0.5084745762711864,1
17,23,82,5902.25,5051.5,9891.5,271,0.08036723356163451,0.06878310480521779,0.13468634686346864,20.423010380622838,9.54914933837429,1.471073765615705,28,25,85,0.41697416974169743,0.2029520295202952,0.4944649446494465,1
17,23,92,11347.25,9912.25,24695.5,367,0.08424778563951028,0.07359361195049335,0.18335201835339188,39.26384083044983,18.737712665406427,2.917710302457467,45,42,144,0.3242506811989101,0.26975476839237056,0.6130790190735694,1
17,16,97,10596.25,10208.5,22134.5,415,0.061525620554507186,0.05927420525475396,0.12852083030918857,36.66522491349481,39.876953125,2.352481666489531,50,47,136,0.2891566265060241,0.2674698795180723,0.344578313253012,1
17,18,86,10416.375,8814.625,19417.125,335,0.09281688572065049,0.07854421920249499,0.17301960347516152,36.042820069204154,27.205632716049383,2.6253549215792322,53,38,124,0.4507462686567164,0.408955223880597,0.5492537313432836,1
17,17,94,13145.5,12267.875,28824.125,383,0.08961476320651174,0.08363186742018829,0.19649820368262105,45.48615916955017,42.44939446366782,3.2621236985061115,50,52,157,0.4490861618798956,0.25326370757180156,0.4856396866840731,1
17,17,93,13769.5,11516.0,22939.0,375,0.09791644444444444,0.08189155555555555,0.16312177777777778,47.64532871972318,39.8477508650519,2.6522141288010173,54,51,133,0.38133333333333336,0.4746666666666667,0.4746666666666667,1
17,16,85,10047.75,7705.25,18836.0,375,0.07145066666666666,0.05479288888888889,0.1339448888888889,34.767301038062286,30.0986328125,2.6070588235294117,38,35,127,0.33866666666666667,0.248,0.39466666666666667,1
17,19,74,10478.625,8516.75,19123.375,399,0.06582009535115986,0.0534968373314238,0.12012094773274037,36.25821799307958,23.592105263157894,3.492216033601169,40,40,127,0.3609022556390977,0.3408521303258145,0.38345864661654133,1
17,20,81,9061.0,8888.0,17538.0,399,0.056915471636484694,0.05582879504525726,0.11016262460662936,31.352941176470587,22.22,2.6730681298582533,46,46,126,0.2731829573934837,0.38847117794486213,0.39348370927318294,1
17,18,87,8665.25,8960.75,17459.0,391,0.056679705130133894,0.05861258102707335,0.11419993328144112,29.98356401384083,27.656635802469136,2.306645527810807,46,42,126,0.11764705882352941,0.2506393861892583,0.4859335038363171,1
17,20,90,7270.5,6149.75,12095.5,335,0.06478503007351304,0.054798396079304965,0.10777901537090666,25.157439446366784,15.374375,1.4932716049382717,32,29,101,0.42686567164179107,0.29850746268656714,0.41492537313432837,1
17,23,67,7307.0,6776.125,11447.625,335,0.06511026954778347,0.06037981733125418,0.10200601470260637,25.283737024221452,12.809310018903592,2.550150367565159,33,30,101,0.3373134328358209,0.21791044776119403,0.33134328358208953,1
17,23,92,8016.25,7074.0,12911.75,319,0.07877526753864447,0.06951582629887677,0.12688308880612414,27.7378892733564,13.372400756143668,1.5254903119092627,38,35,106,0.4231974921630094,0.21316614420062696,0.4200626959247649,1
17,22,118,7327.0,6349.375,10150.375,275,0.09688595041322313,0.08395867768595042,0.1342198347107438,25.352941176470587,13.118543388429751,0.7289841281241023,39,37,85,0.32727272727272727,0.3927272727272727,0.5781818181818181,1
17,19,103,6263.75,6334.75,9195.5,327,0.05857858953137128,0.059242581526059344,0.08599631531202948,21.67387543252595,17.547783933518005,0.8667640682439438,31,31,95,0.290519877675841,0.2966360856269113,0.3363914373088685,1
17,17,76,7308.75,7533.75,11643.25,323,0.07005482655829155,0.07221146565192804,0.1116012805643685,25.28979238754325,26.06833910034602,2.0157981301939056,30,41,106,0.2724458204334365,0.3931888544891641,0.47987616099071206,1
17,23,99,7020.5,6030.875,11770.0,331,0.06407845857558803,0.05504581922399394,0.10742873832841979,24.292387543252595,11.400519848771266,1.2008978675645343,42,35,100,0.21450151057401812,0.34441087613293053,0.42900302114803623,1
17,22,119,8840.125,9240.375,20210.625,319,0.0868714438733896,0.09080467959237822,0.1986087499140142,30.588667820069205,19.09168388429752,1.4272032342348704,51,50,141,0.5893416927899686,0.5203761755485894,0.6520376175548589,1
17,23,68,11555.625,9821.0,23795.375,287,0.14029094683679538,0.11923174980878729,0.288887506222001,39.9848615916955,18.565217391304348,5.146058607266436,60,54,151,0.6236933797909407,0.34494773519163763,0.686411149825784,1
17,22,109,11030.0,10675.5,24322.0,399,0.06928348440022361,0.06705673959334427,0.1527754222649355,38.16608996539792,22.056818181818183,2.047134079622927,60,60,153,0.3483709273182957,0.15037593984962405,0.46867167919799496,1
15,22,80,9869.75,9515.75,22765.5,263,0.1426903670719542,0.13757246743483353,0.3291286559007648,43.86555555555555,19.660640495867767,3.557109375,56,54,148,0.6121673003802282,0.22053231939163498,0.7224334600760456,1
16,22,58,10419.25,10859.75,25105.75,343,0.08856216372429855,0.0923063519451929,0.21339535397665937,40.7001953125,22.4375,7.463064803804994,53,53,158,0.5422740524781341,0.41690962099125367,0.565597667638484,1
17,23,68,8769.5,8099.25,22630.0,303,0.09551895783637769,0.08821847531287783,0.2464899955342069,30.344290657439448,15.310491493383743,4.8940311418685125,43,43,146,0.49504950495049505,0.5148514851485149,0.6666666666666666,1
17,23,80,8551.25,7112.0,13250.5,331,0.07805012732632963,0.06491360976989988,0.12094175847244913,29.58910034602076,13.444234404536862,2.070390625,41,38,110,0.4229607250755287,0.4229607250755287,0.4229607250755287,1
17,16,66,7584.5,6158.5,11213.25,319,0.07453248297481353,0.06051925590353868,0.1101920185532768,26.2439446366782,24.056640625,2.5742079889807163,40,29,105,0.2727272727272727,0.219435736677116,0.5454545454545454,1
18,21,68,6306.25,5882.5,8386.75,283,0.07874052616464183,0.07344953738965401,0.10471787636254666,19.463734567901234,13.339002267573695,1.8137435121107266,34,31,89,0.47703180212014135,0.10954063604240283,0.4204946996466431,1
17,18,84,9016.75,9160.5,13382.75,359,0.0699618252496489,0.07107719524212258,0.10383803663844943,31.19982698961938,28.27314814814815,1.8966482426303855,42,46,98,0.30362116991643456,0.3064066852367688,0.5598885793871866,1
20,27,89,6365.0,6852.5,7925.75,295,0.07313990232691756,0.07874174087905775,0.0910744039069233,15.9125,9.399862825788752,1.0005996717586163,31,31,82,0.3050847457627119,0.10508474576271186,0.4711864406779661,1
16,23,89,9279.25,8829.0,16280.25,323,0.0889421924872279,0.08462651803429536,0.15604721601855667,36.2470703125,16.689981096408317,2.0553276101502336,42,36,126,0.3498452012383901,0.3653250773993808,0.44891640866873067,1
17,17,119,10271.625,8163.5,18460.625,291,0.1212978708328905,0.09640297115055325,0.21800197210708425,35.541955017301035,28.247404844290656,1.3036243909328438,55,49,131,0.5910652920962199,0.49828178694158076,0.5773195876288659,1
16,19,82,8562.25,8393.5,15094.0,327,0.0800741613594067,0.07849601137203191,0.1411590868707273,33.4462890625,23.250692520775623,2.244794765020821,44,39,121,0.4740061162079511,0.42507645259938837,0.5504587155963303,1
17,22,81,8939.5,9042.625,17454.25,303,0.0973706281519241,0.09849388404186954,0.19011480355956387,30.932525951557093,18.683109504132233,2.660303307422649,48,50,129,0.24752475247524752,0.24092409240924093,0.4521452145214521,1
17,22,91,8438.0,7498.0,19974.5,279,0.10840045734253156,0.09632455903701134,0.2566064156421423,29.197231833910035,15.491735537190083,2.412087912087912,49,46,138,0.43727598566308246,0.3978494623655914,0.7060931899641577,1
17,14,88,9350.875,8957.625,18106.5,339,0.08136785269881049,0.07794593677395777,0.15755606025008484,32.35596885813149,45.702168367346935,2.3381327479338845,56,53,130,0.41297935103244837,0.2890855457227139,0.49262536873156343,1
17,23,114,7900.25,7179.75,10385.75,359,0.06129879501245335,0.055708366632785285,0.08058402712579822,27.336505190311417,13.572306238185256,0.7991497383810403,30,1,101,0.08356545961002786,0.002785515320334262,0.28969359331476324,1
17,16,120,8750.375,8160.75,18285.25,303,0.09531064492587872,0.08888834427997255,0.19916620374908778,30.278114186851212,31.8779296875,1.2698090277777778,46,42,133,0.36633663366336633,0.15181518151815182,0.5808580858085809,1
17,22,97,7117.75,6317.25,11111.0,287,0.08641297089924607,0.07669450885648726,0.13489298158287705,24.628892733564015,13.052169421487603,1.1808906366245084,37,35,104,0.26480836236933797,0.34146341463414637,0.49477351916376305,1
17,23,87,7173.5,6867.25,13013.125,263,0.10370975436973211,0.09928219288987841,0.18813521953476267,24.82179930795848,12.98156899810964,1.7192660853481305,39,38,110,0.4600760456273764,0.5437262357414449,0.41825095057034223,1
16,16,83,8080.625,8570.875,14304.75,295,0.09285406492387245,0.09848750359092215,0.16437517954610745,31.56494140625,33.47998046875,2.076462476411671,47,43,118,0.3593220338983051,0.3593220338983051,0.511864406779661,1
17,22,127,8125.75,7412.75,13414.75,327,0.07599201339206389,0.0693240374454077,0.12545474099636209,28.116782006920417,15.31559917355372,0.8317161634323269,37,36,114,0.43425076452599387,0.39755351681957185,0.4801223241590214,1
16,20,99,10222.75,9351.75,15756.25,295,0.11746911806952025,0.10746049985636312,0.18105429474288998,39.9326171875,23.379375,1.6076165697377818,50,44,119,0.5152542372881356,0.3593220338983051,0.6711864406779661,1
16,22,103,11416.25,8305.0,17443.25,359,0.08857977514140952,0.06443928895647923,0.1353438443215059,44.5947265625,17.15909090909091,1.644193609199736,58,39,127,0.4735376044568245,0.27298050139275765,0.4596100278551532,1
17,17,120,6649.625,6943.25,11849.625,291,0.07852558425148498,0.08199300905752176,0.13993251142523117,23.0090830449827,24.025086505190313,0.822890625,30,31,106,0.18900343642611683,0.22336769759450173,0.3848797250859107,1
17,23,94,7745.5,7214.5,13059.125,271,0.10546561185169047,0.0982353181465394,0.17781790825288327,26.801038062283737,13.637996219281664,1.4779453372566773,43,44,111,0.3985239852398524,0.5461254612546126,0.5018450184501845,1
17,22,127,8619.25,8938.5,15607.75,351,0.06996087694093392,0.07255217084276913,0.12668525417813167,29.82439446366782,18.46797520661157,0.9676824353648708,47,43,122,0.45584045584045585,0.2621082621082621,0.41025641025641024,1
17,23,107,7960.0,7452.0,13442.75,355,0.06316207101765522,0.059131124776829996,0.10666732791112875,27.54325259515571,14.08695652173913,1.1741418464494715,37,35,109,0.24507042253521127,0.35492957746478876,0.4140845070422535,1
17,22,176,8778.875,7305.25,14389.125,263,0.12691921236392026,0.10561450939004467,0.20802852433893795,30.376730103806228,15.09349173553719,0.464524954803719,43,43,114,0.30038022813688214,0.5741444866920152,0.5817490494296578,1
17,23,108,8324.375,9025.5,17867.5,339,0.07243562969344158,0.07853655989766883,0.15547637072423665,28.804065743944637,17.061436672967865,1.5318501371742113,47,47,128,0.32448377581120946,0.4306784660766962,0.5398230088495575,1
20,27,144,9379.5,9165.0,15554.5,343,0.07972443454682998,0.07790121462995861,0.13221106851736947,23.44875,12.572016460905349,0.7501205632716049,45,44,122,0.3236151603498542,0.36151603498542273,0.4839650145772595,1
17,20,118,9280.25,8796.5,18495.0,399,0.05829266147825705,0.05525404991174679,0.11617389338006671,32.11159169550173,21.99125,1.3282821028440104,49,46,134,0.22807017543859648,0.3208020050125313,0.40601503759398494,1
17,14,99,9474.75,8522.75,15946.5,359,0.07351549103436504,0.06612883202333936,0.12373041798247997,32.784602076124564,43.483418367346935,1.6270278543005816,36,36,123,0.40668523676880225,0.31754874651810583,0.45403899721448465,1
18,25,103,8416.875,7561.375,15053.875,263,0.1216856539779381,0.10931739652156312,0.2176390435021469,25.97800925925926,12.0982,1.4189720991610897,45,42,119,0.42585551330798477,0.3688212927756654,0.45627376425855515,1
21,31,134,7652.25,7915.0,12350.625,355,0.06072009521920254,0.06280499900813331,0.09800138861337036,17.352040816326532,8.23621227887617,0.6878271886834484,27,37,108,0.2140845070422535,0.17464788732394365,0.3267605633802817,1
17,17,111,7183.5,7414.75,15745.375,283,0.08969396546342194,0.09258137821673389,0.19659847170023348,24.856401384083046,25.656574394463668,1.277929956984011,46,30,121,0.3321554770318021,0.34275618374558303,0.6183745583038869,1
18,24,145,7485.0,6730.5,11911.25,303,0.08152795477567559,0.07330980622814756,0.1297394590944243,23.10185185185185,11.684895833333334,0.5665279429250892,30,35,104,0.33993399339933994,0.11551155115511551,0.48184818481848185,1
18,25,112,7933.0,7426.5,12563.75,311,0.08201941667269776,0.07678270489345644,0.12989681661686708,24.484567901234566,11.8824,1.0015744579081634,44,43,108,0.5080385852090032,0.3440514469453376,0.5080385852090032,1
17,23,121,8659.5,9007.75,17138.25,303,0.0943208182204359,0.09811401932272436,0.1866728752083129,29.963667820069205,17.027882797731568,1.1705655351410422,49,46,128,0.5082508250825083,0.35973597359735976,0.4884488448844885,1
16,22,117,7191.0,7105.0,14520.5,303,0.07832565434761297,0.07738892701151304,0.15815987539347995,28.08984375,14.679752066115702,1.0607422017678427,17,30,116,0.056105610561056105,0.24092409240924093,0.5445544554455446,1
20,22,122,7984.5,7052.25,12551.0,279,0.10257447874513431,0.090598142367133,0.1612389357793451,19.96125,14.570764462809917,0.8432545014780973,42,41,108,0.4157706093189964,0.45878136200716846,0.5412186379928315,1
17,23,105,6668.75,5999.25,7971.0,287,0.08096189100268304,0.07283383311682794,0.09677184377617794,23.075259515570934,11.340737240075615,0.7229931972789115,38,25,82,0.37630662020905925,0.23693379790940766,0.3554006968641115,1
