SrcIPF0,DstIPF0,DstPortF0,SrcIPF2,DstIPF2,DstPortF2,Events_F1,SrcIP_BurstIndex,DstIP_BurstIndex,DstPort_BurstIndex,SrcIP_Concentration,DstIP_Concentration,DstPort_Concentration,SrcIP_MaxCount,DstIP_MaxCount,DstPort_MaxCount,SrcIP_FractionOfMass,DstIP_FractionOfMass,DstPort_FractionOfMass,Attack
14,20,20,1123.75,809.25,4791.0,93,0.12992831541218638,0.09356573014221298,0.5539368713146029,5.733418367346939,2.023125,11.9775,14,12,67,0.45161290322580644,0.3655913978494624,0.9354838709677419,1
17,20,15,740.0,782.875,4538.5,79,0.11857074186829034,0.12544063451369972,0.727207178336805,2.5605536332179932,1.9571875,20.17111111111111,12,0,65,0.379746835443038,0.0,1.0632911392405062,1
17,20,31,26399.0,24681.5,99410.0,583,0.07766947444606916,0.07261635416268253,0.2924778383531094,91.34602076124567,61.70375,103.44432882414152,72,66,299,0.42538593481989706,0.34133790737564323,0.7924528301886793,0
15,18,224,81706.75,74959.25,179965.5,959,0.08884248995031974,0.08150570687009952,0.19568252470149977,363.1411111111111,231.35570987654322,3.5866848692602042,98,98,425,0.2659019812304484,0.28154327424400416,0.6538060479666319,0
15,18,77,18384.875,20616.625,33562.875,351,0.14922667023806624,0.16734137709921185,0.272423722210047,81.71055555555556,63.63155864197531,5.6607986169674485,58,70,158,0.1737891737891738,0.2022792022792023,0.8233618233618234,0
16,18,92,5871.75,6036.5,4036.25,235,0.10632412856496153,0.10930737890448167,0.07308736985061114,22.9365234375,18.631172839506174,0.4768726370510397,33,39,50,0.4297872340425532,0.5319148936170213,0.26382978723404255,0
17,19,122,8391.5,6992.0,3956.25,251,0.13319629847145284,0.11098236535928001,0.06279662227583689,29.036332179930795,19.36842105263158,0.26580556302069336,39,45,49,0.5657370517928287,0.47410358565737054,0.2788844621513944,1
15,17,103,8130.75,5975.25,4347.875,211,0.18262729947665146,0.1342119449248669,0.09765896992430538,36.13666666666666,20.67560553633218,0.40982891884249223,40,34,43,0.5165876777251185,0.3033175355450237,0.20853080568720378,0
17,20,93,5099.375,4988.125,3824.5,255,0.07842176086120722,0.07671088043060362,0.0588158400615148,17.644896193771626,12.4703125,0.4421898485374032,35,30,48,0.44313725490196076,0.19215686274509805,0.403921568627451,0
14,17,112,6157.25,5821.625,4930.125,247,0.10092363421790228,0.09542239669556951,0.08080979855431165,31.414540816326532,20.144031141868513,0.39302654655612246,36,39,47,0.41700404858299595,0.3603238866396761,0.5020242914979757,0
14,16,90,6112.25,5970.25,4135.75,235,0.11067904028972386,0.10810774105930285,0.07488909008601177,31.184948979591837,23.3212890625,0.5105864197530864,40,38,48,0.425531914893617,0.5404255319148936,0.23404255319148937,0
16,19,140,5796.0,5741.0,3070.0,251,0.09199853970571896,0.09112553768987794,0.04872938524785321,22.640625,15.903047091412743,0.15663265306122448,48,36,33,0.5298804780876494,0.549800796812749,0.3147410358565737,0
17,18,125,6206.125,5504.75,3067.25,215,0.13425905895078422,0.11908599242833964,0.06635478637101136,21.47448096885813,16.98996913580247,0.196304,36,35,20,0.6,0.4325581395348837,0.2372093023255814,1
15,17,98,5987.875,5493.5,3814.125,259,0.08926335325949225,0.08189353170048151,0.056858499426066994,26.61277777777778,19.008650519031143,0.39713921282798836,39,28,25,0.3590733590733591,0.29343629343629346,0.09652509652509653,0
17,21,115,4828.75,5495.5,5181.75,231,0.09049211971289893,0.10298720038979779,0.09710743801652892,16.708477508650518,12.461451247165533,0.3918147448015123,19,19,46,0.15151515151515152,0.22077922077922077,0.38095238095238093,0
15,19,86,7816.625,7050.75,7821.875,287,0.09489765567142978,0.0855995580861732,0.0949613932426034,34.74055555555555,19.531163434903046,1.0575818009734992,49,15,70,0.4808362369337979,0.07317073170731707,0.5296167247386759,0
16,19,89,5543.0,4296.25,3436.125,211,0.12450304350755823,0.09649940477527459,0.07717987017362593,21.65234375,11.900969529085872,0.43379939401590706,40,31,37,0.46445497630331756,0.4028436018957346,0.17535545023696683,1
16,18,100,7166.25,5919.25,4194.75,239,0.12545736244113373,0.1036265121408939,0.07343621435198963,27.9931640625,18.26929012345679,0.419475,43,34,46,0.4435146443514644,0.46443514644351463,0.3598326359832636,0
14,18,124,6010.5,5543.75,3326.25,203,0.1458540610060909,0.13452765172656458,0.08071659103593876,30.665816326530614,17.11033950617284,0.21632739334027054,38,33,43,0.4630541871921182,0.5073891625615764,0.3793103448275862,0
17,18,99,5234.0,4326.5,4463.0,227,0.10157387102408352,0.0839624289235188,0.08661142269401696,18.110726643598618,13.353395061728396,0.4553616977859402,38,29,48,0.36123348017621143,0.5242290748898678,0.44493392070484583,1
15,20,141,6013.5,5594.75,3455.25,227,0.11670127501018844,0.10857478313182868,0.0670544741795882,26.726666666666667,13.986875,0.17379658970876716,42,40,32,0.4801762114537445,0.44493392070484583,0.3744493392070485,1
14,20,111,6405.25,6025.5,4170.0,239,0.11213476654820469,0.10548659862397367,0.07300292361828399,32.67984693877551,15.06375,0.3384465546627709,30,25,44,0.38493723849372385,0.2803347280334728,0.3263598326359833,1
15,15,86,6210.5,5910.25,5279.25,247,0.10179645626055173,0.09687505122195086,0.08653231490435838,27.602222222222224,26.267777777777777,0.7137979989183343,42,31,49,0.3805668016194332,0.3805668016194332,0.38461538461538464,1
17,17,74,6323.25,5638.125,4571.75,327,0.059135033526919734,0.05272774457817804,0.042755005657959956,21.879757785467127,19.5090830449827,0.8348703433162893,21,28,37,0.06422018348623854,0.14678899082568808,0.30275229357798167,1
15,19,80,7078.75,5466.0,4650.25,251,0.11235932762972016,0.08676052761067285,0.0738123204393581,31.461111111111112,15.141274238227147,0.7266015625,52,28,46,0.20717131474103587,0.38247011952191234,0.3386454183266932,1
17,20,132,5157.5,4760.75,2850.0,239,0.09029078622573135,0.08334500446420756,0.0498940844873164,17.846020761245676,11.901875,0.16356749311294766,32,29,32,0.2217573221757322,0.2217573221757322,0.19665271966527198,1
15,22,84,7206.0,6502.25,4885.0,263,0.10417961803698189,0.0940052624730732,0.07062412352354379,32.026666666666664,13.43440082644628,0.6923185941043084,29,35,44,0.4296577946768061,0.38022813688212925,0.2813688212927757,1
16,19,79,5301.0,4817.5,3192.75,203,0.12863694823946226,0.11690407435268994,0.07747700744982892,20.70703125,13.344875346260388,0.5115766704053838,30,24,34,0.5270935960591133,0.32019704433497537,0.16748768472906403,0
17,15,91,5556.5,5472.25,4547.5,247,0.09107672638463178,0.08969578258945402,0.07453818289104887,19.226643598615915,24.32111111111111,0.5491486535442579,32,36,46,0.3684210526315789,0.5182186234817814,0.46153846153846156,0
14,16,79,6561.0,5187.875,3598.875,247,0.10754151026897671,0.08503458506122047,0.05898924748807553,33.474489795918366,20.26513671875,0.5766503765422208,44,40,39,0.46963562753036436,0.46558704453441296,0.41700404858299595,0
15,16,90,5109.25,5187.875,2805.625,223,0.10274186088600214,0.10432293028212913,0.05641828711616964,22.70777777777778,20.26513671875,0.34637345679012344,29,35,0,0.5067264573991032,0.5067264573991032,0.0,0
17,21,100,6392.625,5578.0,3646.75,255,0.09831026528258362,0.08578239138792772,0.05608227604767397,22.119809688581316,12.648526077097506,0.364675,40,31,36,0.3568627450980392,0.33725490196078434,0.40784313725490196,1
16,22,99,5854.0,4967.375,3348.0,271,0.07971024359690092,0.0676376274832859,0.04558761454773219,22.8671875,10.263171487603305,0.3415977961432507,34,26,36,0.3985239852398524,0.43911439114391143,0.2952029520295203,1
16,17,83,6652.25,6509.0,3874.5,215,0.14391022174148188,0.1408112493239589,0.08381828015143321,25.9853515625,22.52249134948097,0.5624183480911599,44,26,30,0.5209302325581395,0.3395348837209302,0.15813953488372093,1
15,16,68,5510.75,5031.625,4667.125,255,0.08474817377931565,0.07737985390234525,0.07177431757016532,24.49222222222222,19.65478515625,1.0093263408304498,28,34,47,0.396078431372549,0.40784313725490196,0.2549019607843137,1
15,18,102,5050.75,4534.25,4997.25,223,0.10156548492831145,0.09117919121639285,0.10048965392426953,22.447777777777777,13.994598765432098,0.48032006920415227,26,27,48,0.4618834080717489,0.17040358744394618,0.43946188340807174,1
17,20,83,5742.125,4939.0,4591.5,271,0.07818691194292017,0.06725126291853324,0.06251957353521875,19.8689446366782,12.3475,0.6664973145594426,28,25,41,0.34686346863468637,0.33210332103321033,0.36900369003690037,1
15,20,69,5848.875,4871.625,4385.125,271,0.07964045968872972,0.06633385983306328,0.05970949469642298,25.995,12.1790625,0.9210512497374501,40,28,41,0.44280442804428044,0.35424354243542433,0.36531365313653136,1
16,20,76,6660.5,5552.25,3951.25,303,0.07254735374527552,0.06047609711466196,0.043037719613545515,26.017578125,13.880625,0.6840806786703602,41,28,28,0.20132013201320131,0.42244224422442245,0.297029702970297,1
17,20,66,6341.75,4983.25,3496.5,247,0.10394777819665951,0.08168057171892672,0.05731121637791146,21.94377162629758,12.458125,0.8026859504132231,27,31,43,0.27125506072874495,0.25101214574898784,0.17408906882591094,1
15,17,105,5383.25,5762.75,4593.5,287,0.06535529143245639,0.06996260729157815,0.05576733965448166,23.925555555555555,19.94031141868512,0.4166439909297052,42,33,46,0.29965156794425085,0.2613240418118467,0.23344947735191637,1
15,18,93,6108.625,5821.5,4942.125,287,0.07416169918294505,0.07067586106423533,0.05999981789265379,27.149444444444445,17.96759259259259,0.5714099895941728,31,36,46,0.3797909407665505,0.3519163763066202,0.2508710801393728,1
17,21,94,4971.25,5334.5,3846.0,251,0.07890747765908478,0.0846732591546166,0.06104665005317376,17.201557093425606,12.096371882086167,0.4352648257129923,38,25,35,0.35856573705179284,0.199203187250996,0.33067729083665337,0
16,20,89,4522.375,4352.625,2572.875,211,0.10157846858785742,0.09776566114867141,0.057790143976999615,17.66552734375,10.8815625,0.3248169423052645,22,0,30,0.36492890995260663,0.0,0.3412322274881517,1
17,20,68,6539.25,5396.25,4904.5,255,0.10056516724336793,0.08298731257208766,0.0754248366013072,22.627162629757784,13.490625,1.0606617647058822,29,33,42,0.2980392156862745,0.30980392156862746,0.35294117647058826,1
15,18,90,10346.125,6966.875,6021.25,271,0.140876690132215,0.09486356394929263,0.08198758186843862,45.98277777777778,21.50270061728395,0.7433641975308642,47,22,28,0.36531365313653136,0.14760147601476015,0.1992619926199262,1
15,18,85,8356.25,6949.0,5579.25,267,0.11721654112135112,0.09747646902046599,0.07826242477801625,37.138888888888886,21.44753086419753,0.7722145328719723,32,39,43,0.4307116104868914,0.3258426966292135,0.3970037453183521,1
17,19,77,6491.25,6465.0,5032.5,259,0.09676734097583518,0.09637602301694966,0.07502124297491093,22.46107266435986,17.90858725761773,0.8487940630797773,30,32,44,0.5019305019305019,0.41312741312741313,0.444015444015444,1
15,20,83,11156.625,9038.0,9436.375,367,0.08283248817646578,0.06710273296260273,0.07006047264438818,49.585,22.595,1.3697742778342286,45,51,68,0.25885558583106266,0.4114441416893733,0.43869209809264303,1
16,20,92,10933.5,9256.0,10465.5,315,0.11018896447467875,0.09328294280675233,0.1054724111866969,42.708984375,23.14,1.2364721172022684,50,13,68,0.29523809523809524,0.04126984126984127,0.44126984126984126,1
17,20,73,7964.25,6986.875,5116.375,267,0.11171779657450659,0.09800775715748573,0.07176948757872884,27.55795847750865,17.4671875,0.960100394070182,43,39,39,0.5580524344569289,0.5168539325842697,0.39325842696629215,1
15,18,93,7573.375,6877.0,6855.625,327,0.07082620243339038,0.06431370348549037,0.06411380448708956,33.659444444444446,21.22530864197531,0.7926494392415309,33,31,48,0.18654434250764526,0.24770642201834864,0.4831804281345566,1
15,20,78,13494.375,9348.625,8828.875,299,0.15094210355588863,0.10456957975861568,0.09875588639948099,59.975,23.3715625,1.45116288625904,77,45,67,0.5819397993311036,0.2842809364548495,0.3979933110367893,1
17,20,97,9415.75,8991.75,8990.25,371,0.06840803249031902,0.06532755501631055,0.06531665710071853,32.58044982698962,22.479375,0.9554947390796046,44,38,60,0.38544474393531,0.2668463611859838,0.46900269541778977,1
16,20,90,11213.0,9033.75,9948.0,307,0.11897208458445183,0.09584982334030069,0.10555019151396831,43.80078125,22.584375,1.2281481481481482,61,35,60,0.46905537459283386,0.26058631921824105,0.5472312703583062,1
17,20,97,7880.875,7674.625,5935.125,311,0.0814804954456633,0.07934807332430392,0.06136335439046329,27.26946366782007,19.1865625,0.6307923264959082,44,0,41,0.24758842443729903,0.0,0.2797427652733119,1
15,18,99,9331.75,8792.5,10784.5,299,0.1043808234807217,0.09834901175602062,0.12063064171541706,41.474444444444444,27.137345679012345,1.1003469033772064,48,19,66,0.4013377926421405,0.06354515050167224,0.4682274247491639,1
15,17,92,11570.0,9200.75,9728.75,319,0.11369778205795934,0.09041528679946148,0.0956039150558662,51.422222222222224,31.836505190311417,1.1494269848771266,44,41,66,0.4670846394984326,0.2445141065830721,0.5360501567398119,0
15,20,86,10255.75,7528.25,9210.25,287,0.12450982772645049,0.09139664194053589,0.11181694569558936,45.58111111111111,18.820625,1.2453015143320714,48,32,61,0.36585365853658536,0.1986062717770035,0.5714285714285714,1
17,20,105,8213.75,7345.5,6460.5,271,0.11184147819337972,0.10001906292125652,0.08796857341267139,28.42128027681661,18.36375,0.5859863945578231,42,41,56,0.3948339483394834,0.3985239852398524,0.3726937269372694,1
16,22,82,10531.25,10836.5,12408.5,359,0.08171297553557158,0.08408143946741568,0.09627873775032782,41.1376953125,22.389462809917354,1.8454045211183818,42,50,72,0.17270194986072424,0.2479108635097493,0.5097493036211699,1
17,19,130,7669.25,6714.0,6973.25,303,0.0835348386323781,0.0731300852857563,0.07595388251696457,26.53719723183391,18.598337950138504,0.41261834319526625,46,38,51,0.38613861386138615,0.2838283828382838,0.48184818481848185,1
15,21,98,10334.125,8033.125,8804.5,335,0.092083983069726,0.07158053018489641,0.07845399866339942,45.92944444444444,18.215702947845806,0.9167534360683048,40,24,58,0.2298507462686567,0.1253731343283582,0.34626865671641793,0
15,19,103,7984.5,7632.25,8403.5,327,0.07467104340263166,0.07137680142898559,0.07858953137128374,35.486666666666665,21.14196675900277,0.7921104722405504,40,44,55,0.40978593272171254,0.3425076452599388,0.4831804281345566,1
20,20,95,9464.75,9345.0,10990.25,291,0.11176946422456041,0.11035533354589577,0.12978413103293537,23.661875,23.3625,1.2177562326869806,33,44,79,0.38831615120274915,0.3642611683848797,0.39862542955326463,0
16,21,73,9987.75,9893.75,11780.25,319,0.098149094446792,0.09722536138599266,0.11576389776043867,39.0146484375,22.43480725623583,2.210592981797711,48,49,73,0.43573667711598746,0.5611285266457681,0.5830721003134797,1
17,19,99,7469.5,7307.5,6181.5,271,0.10170749308969104,0.09950164077286529,0.08416960553369371,25.846020761245676,20.242382271468145,0.6307009488827671,24,33,46,0.19557195571955718,0.22878228782287824,0.3247232472324723,1
15,18,108,13085.0,8761.0,10916.0,343,0.11122066485902983,0.07446727129002371,0.09278446905626057,58.15555555555556,27.040123456790123,0.9358710562414266,71,48,68,0.5481049562682215,0.13994169096209913,0.5422740524781341,0
15,19,89,11449.0,7991.25,9278.0,335,0.1020182668745823,0.07120739585653821,0.08267320115838717,50.88444444444445,22.136426592797783,1.1713167529352355,51,44,72,0.31343283582089554,0.3492537313432836,0.24776119402985075,1
15,17,104,7738.0,6430.125,6248.75,303,0.0842836758923417,0.07003806816325196,0.06806249931923886,34.39111111111111,22.249567474048444,0.5777320636094675,46,27,53,0.5082508250825083,0.15181518151815182,0.297029702970297,0
17,20,86,10251.875,7709.25,7516.625,287,0.12446278332867948,0.09359407058480738,0.09125550874722287,35.47361591695502,19.273125,1.0163094916170903,57,32,65,0.20557491289198607,0.11498257839721254,0.4181184668989547,1
16,19,107,7969.0,7288.25,8512.5,355,0.06323348541955962,0.05783177940884745,0.06754612180122992,31.12890625,20.189058171745152,0.7435147174425714,51,33,57,0.43661971830985913,0.3183098591549296,0.4422535211267606,0
17,19,110,8014.75,8170.0,7175.625,335,0.0714167966139452,0.07280017821341056,0.0639396302071731,27.732698961937718,22.63157894736842,0.5930268595041323,52,47,59,0.5134328358208955,0.3492537313432836,0.3761194029850746,0
15,17,76,10679.5,8794.5,8460.5,303,0.1163230184404579,0.09579126229454629,0.09215327473341393,47.464444444444446,30.430795847750865,1.4647680055401662,45,31,61,0.5016501650165016,0.1782178217821782,0.5379537953795379,0
15,17,105,10977.375,9812.0,11231.375,375,0.07806133333333333,0.06977422222222222,0.07986755555555555,48.788333333333334,33.951557093425606,1.018718820861678,57,53,67,0.384,0.448,0.49333333333333335,1
15,18,103,9105.5,8230.75,11289.25,251,0.1445294519134617,0.1306447516706084,0.1791916001333312,40.46888888888889,25.40354938271605,1.0641200867188236,52,37,72,0.6294820717131474,0.3426294820717131,0.7171314741035857,0
18,19,83,8689.75,8417.625,7144.875,259,0.12954115174192393,0.12548448890147731,0.1065111581520848,26.820216049382715,23.31752077562327,1.0371425460879664,45,43,60,0.5714285714285714,0.5984555984555985,0.5366795366795367,1
17,19,79,9686.25,9917.625,9653.125,295,0.111304222924447,0.1139629416834243,0.11092358517667338,33.516435986159166,27.47264542936288,1.546727287293703,46,38,60,0.4847457627118644,0.4915254237288136,0.5016949152542373,1
15,18,73,8454.25,8132.75,9011.5,271,0.11511621573780313,0.11073855203496684,0.12270393921651393,37.574444444444445,25.10108024691358,1.6910302120472884,35,37,61,0.4907749077490775,0.3284132841328413,0.4059040590405904,1
15,18,95,10722.25,9132.5,10839.25,343,0.09113762122924972,0.0776249691880084,0.09213210482027047,47.654444444444444,28.186728395061728,1.2010249307479224,49,34,62,0.37026239067055394,0.25072886297376096,0.4314868804664723,1
15,19,91,8231.75,7861.75,8534.25,319,0.0808929747152642,0.07725700415679877,0.08386562632049606,36.58555555555556,21.77770083102493,1.03058205530733,44,44,54,0.48589341692789967,0.3981191222570533,0.2476489028213166,1
18,23,105,10623.5,9103.5,10402.0,279,0.1364769209028661,0.11694993640883339,0.13363137678087383,32.78858024691358,17.208884688090738,0.9434920634920635,52,34,78,0.5698924731182796,0.32616487455197135,0.4946236559139785,1
17,19,92,8054.75,7487.5,7560.75,279,0.10347695944296707,0.09618966868359861,0.09713068948240644,27.871107266435985,20.740997229916896,0.8932833175803403,36,39,49,0.32616487455197135,0.2939068100358423,0.5663082437275986,1
15,18,75,7056.375,6426.25,5976.5,303,0.07685929484037513,0.06999586097223584,0.06509710376978292,31.361666666666668,19.834104938271604,1.0624888888888888,37,35,48,0.3696369636963696,0.39603960396039606,0.3234323432343234,0
15,19,85,6723.25,5640.875,4327.75,279,0.08637157796020092,0.07246663069590575,0.055597307331611875,29.88111111111111,15.625692520775623,0.5989965397923875,35,36,42,0.34767025089605735,0.27598566308243727,0.3870967741935484,1
15,16,84,7363.25,6566.75,5768.25,303,0.08020183206439456,0.07152621202714331,0.06282880763323857,32.72555555555556,25.6513671875,0.8174957482993197,38,43,57,0.22112211221122113,0.33993399339933994,0.31683168316831684,0
14,20,63,6250.0,5886.75,5430.5,231,0.11712674050336389,0.11031933434530837,0.10176908228856281,31.887755102040817,14.716875,1.3682287729906777,35,33,55,0.5627705627705628,0.6277056277056277,0.4025974025974026,1
18,20,81,6901.125,6610.5,4885.25,283,0.08616820037708049,0.08253942488981009,0.06099776498645257,21.29976851851852,16.52625,0.7445892394452065,37,36,48,0.49823321554770317,0.3710247349823322,0.2226148409893993,1
17,21,85,6258.5,5243.0,4277.75,223,0.12585211848217337,0.1054314383961069,0.08602123509421063,21.655709342560552,11.88888888888889,0.592076124567474,28,19,44,0.5291479820627802,0.17937219730941703,0.47085201793721976,1
15,18,107,6757.125,5177.25,3323.0,271,0.09200752985389632,0.07049536362522296,0.04524720523958007,30.031666666666666,15.979166666666666,0.29024368940518824,40,33,14,0.4797047970479705,0.36900369003690037,0.1070110701107011,1
15,20,112,6503.75,5119.25,4763.75,235,0.11776822091444092,0.09269805341783613,0.08626075147125396,28.905555555555555,12.798125,0.3797632334183674,11,23,49,0.04680851063829787,0.09787234042553192,0.5148936170212766,1
15,18,85,6353.0,5327.75,3692.0,255,0.09770088427527873,0.08193387158785083,0.056778162245290274,28.235555555555557,16.443672839506174,0.5110034602076124,34,31,40,0.5764705882352941,0.4235294117647059,0.27058823529411763,1
16,20,109,5921.5,5024.75,3982.75,275,0.07830082644628099,0.06644297520661158,0.05266446280991736,23.130859375,12.561875,0.3352200993182392,37,31,47,0.3709090909090909,0.33454545454545453,0.32,1
20,22,82,7817.25,6117.25,5311.75,283,0.0976070371711471,0.07638065152517824,0.06632309056175005,19.543125,12.638946280991735,0.7899687685901249,37,34,54,0.392226148409894,0.26501766784452296,0.254416961130742,1
15,18,116,8025.0,6615.375,5214.5,327,0.0750497993996016,0.06186698650506411,0.048766003609871975,35.666666666666664,20.417824074074073,0.38752229488703926,25,29,50,0.19571865443425077,0.1834862385321101,0.1926605504587156,1
15,19,94,7513.75,6713.25,4941.0,335,0.06695255067943863,0.05981955892180887,0.04402762307863667,33.394444444444446,18.596260387811633,0.5591896785875962,36,8,51,0.3611940298507463,0.023880597014925373,0.1761194029850746,1
15,20,59,6060.375,5249.5,5199.375,243,0.1026329827770157,0.08890074345035479,0.08805187217395723,26.935,13.12375,1.49364406779661,28,31,46,0.4691358024691358,0.5637860082304527,0.18930041152263374,1
15,19,99,4813.625,4371.75,3349.75,259,0.07175839656534637,0.06517121092410667,0.04993589839149685,21.39388888888889,12.1101108033241,0.34177634935210693,28,26,0,0.44787644787644787,0.305019305019305,0.0,1
18,21,80,5644.5,5041.0,4919.5,219,0.1176893726152499,0.10510623214695274,0.10257292383394842,17.421296296296298,11.430839002267573,0.768671875,33,24,55,0.5525114155251142,0.2146118721461187,0.4337899543378995,1
17,20,120,6950.5,5499.75,3171.5,275,0.09190743801652893,0.07272396694214876,0.041937190082644626,24.05017301038062,13.749375,0.22024305555555557,32,28,40,0.41454545454545455,0.44727272727272727,0.2290909090909091,1
15,20,94,6712.25,5134.25,4689.0,259,0.10006186550588095,0.0765380659203053,0.06990056797006604,29.83222222222222,12.835625,0.5306699864191942,31,27,47,0.4864864864864865,0.10424710424710425,0.33976833976833976,1
15,22,141,8469.5,7089.5,4759.25,351,0.06874538356019838,0.05754417577779401,0.03862996241913621,37.64222222222222,14.647727272727273,0.23938685176801971,38,31,46,0.38461538461538464,0.2222222222222222,0.21367521367521367,0
15,18,95,8822.0,7230.625,4883.875,259,0.13151264888716627,0.10778946348444418,0.07280563796007812,39.208888888888886,22.316743827160494,0.5411495844875346,29,45,51,0.2548262548262548,0.2972972972972973,0.3127413127413127,0
16,20,96,7472.25,5628.0,4154.5,295,0.0858632576845734,0.0646710715311692,0.0477391554151106,29.1884765625,14.07,0.4507921006944444,33,24,40,0.42033898305084744,0.15254237288135594,0.23389830508474577,1
17,20,83,8052.5,6983.75,4134.0,319,0.07913149438389953,0.06862894429103487,0.040624600780259625,27.863321799307958,17.459375,0.6000870953694295,30,27,30,0.1974921630094044,0.23197492163009403,0.1724137931034483,0
15,22,95,10777.5,10263.75,5548.5,327,0.10079117919367056,0.09598658923210729,0.05188957158488343,47.9,21.206095041322314,0.614792243767313,56,50,49,0.45565749235474007,0.5321100917431193,0.14984709480122324,1
15,15,112,13439.125,12823.0,11540.125,363,0.10199003559259007,0.09731423931273668,0.08757845168438708,59.72944444444445,56.99111111111111,0.9199716996173469,64,64,62,0.5674931129476584,0.42699724517906334,0.17079889807162535,0
15,19,101,12176.375,11421.125,7176.625,319,0.11965659732117412,0.11223479525554977,0.07052431678147816,54.117222222222225,31.63746537396122,0.7035217135574944,68,66,66,0.4231974921630094,0.3793103448275862,0.3605015673981191,0
15,18,110,8008.0,7128.25,5046.5,271,0.10903990958728775,0.09706090603341458,0.06871502294358738,35.59111111111111,22.000771604938272,0.4170661157024793,39,33,50,0.4833948339483395,0.24354243542435425,0.18450184501845018,1
18,20,81,7374.75,5754.75,4680.25,323,0.07068744069242493,0.05515963921824229,0.044860489413298316,22.761574074074073,14.386875,0.7133440024386526,26,24,47,0.21362229102167182,0.13312693498452013,0.23839009287925697,1
17,18,104,7539.25,6121.75,3810.0,231,0.1412876445343978,0.11472329978823485,0.07140046101085062,26.087370242214533,18.89429012345679,0.3522559171597633,41,32,45,0.6406926406926406,0.24242424242424243,0.19480519480519481,1
15,18,94,5715.0,5077.25,3309.0,279,0.07341889235749798,0.0652259092252155,0.042509731375496206,25.4,15.670524691358025,0.3744907197827071,36,21,34,0.26523297491039427,0.07526881720430108,0.12186379928315412,0
15,17,85,7203.0,6068.75,5620.25,247,0.11806454785359537,0.09947302856955531,0.09212165418216985,32.013333333333335,20.999134948096884,0.7778892733564013,40,27,57,0.4493927125506073,0.3805668016194332,0.340080971659919,0
15,20,108,6429.25,5355.75,3914.0,239,0.11255492725967682,0.09376148876945431,0.06852120936258119,28.574444444444445,13.389375,0.335562414266118,32,32,48,0.3179916317991632,0.36401673640167365,0.28451882845188287,0
16,20,87,6679.5,5620.75,4984.5,247,0.10948384664557688,0.0921298496943074,0.0817010604992706,26.091796875,14.051875,0.6585414189456996,34,28,51,0.4777327935222672,0.38461538461538464,0.2591093117408907,0
17,18,100,8429.0,7527.625,5713.5,263,0.12186094926918128,0.10882946117480374,0.08260203270251124,29.166089965397923,23.23341049382716,0.57135,42,40,61,0.49049429657794674,0.38783269961977185,0.33079847908745247,1
17,20,107,6722.75,5699.5,6067.5,247,0.11019275844547526,0.09342064285597207,0.09945253978921142,23.2621107266436,14.24875,0.5299589483797712,35,20,55,0.39271255060728744,0.08097165991902834,0.46963562753036436,0
15,18,93,6249.875,5569.625,5596.625,247,0.10244185284138406,0.09129185857824255,0.09173441623367044,27.77722222222222,17.19020061728395,0.647083477858712,32,24,56,0.5060728744939271,0.2834008097165992,0.23076923076923078,1
15,18,78,9349.75,6158.875,4721.75,263,0.13517254839595771,0.08904097211178418,0.06826396217958912,41.55444444444444,19.008873456790123,0.7760930309007232,46,30,48,0.42585551330798477,0.3688212927756654,0.38022813688212925,1
15,17,94,7522.375,5267.75,3472.25,275,0.09946942148760331,0.06965619834710744,0.04591404958677686,33.43277777777778,18.22750865051903,0.39296627433227704,37,33,43,0.509090909090909,0.5054545454545455,0.24727272727272728,1
16,20,122,7766.25,6485.5,4117.0,291,0.09171183618521274,0.07658742811256362,0.048617753687367884,30.3369140625,16.21375,0.27660575114216607,44,29,6,0.31958762886597936,0.30927835051546393,0.03436426116838488,1
18,20,108,7131.25,5705.5,4863.75,335,0.06354421920249499,0.05083983069725997,0.04333927378035197,22.01003086419753,14.26375,0.41698816872427985,30,32,53,0.25671641791044775,0.0955223880597015,0.1582089552238806,0
15,20,86,6871.0,5379.75,3613.0,239,0.12028851035521086,0.09418164948092646,0.06325169377286813,30.537777777777777,13.449375,0.4885073012439156,29,23,43,0.40585774058577406,0.37656903765690375,0.20920502092050208,0
15,18,81,8300.5,6348.0,6089.5,283,0.10364094944374383,0.07926182122388842,0.0760341619947808,36.89111111111111,19.59259259259259,0.9281359548849261,46,31,58,0.3250883392226148,0.4098939929328622,0.2862190812720848,1
15,20,79,9407.875,6276.25,6236.625,295,0.108105429474289,0.07212008043665613,0.0716647515081873,41.812777777777775,15.690625,0.9992989905463868,31,30,59,0.1864406779661017,0.18983050847457628,0.25084745762711863,1
16,20,101,6362.0,5106.0,3480.25,251,0.10098252408691925,0.08104633259789527,0.05524118664783099,24.8515625,12.765,0.34116753259484367,23,26,27,0.11952191235059761,0.1952191235059761,0.16733067729083664,1
17,20,95,10566.0,8383.0,8333.75,279,0.13573823563417736,0.10769388882465539,0.10706118883364808,36.56055363321799,20.9575,0.9234072022160665,61,56,63,0.2903225806451613,0.26881720430107525,0.6594982078853047,1
15,18,92,6342.0,5195.375,4147.375,267,0.08896183141859193,0.0728776529338327,0.058176927716758545,28.186666666666667,16.035108024691358,0.49000177221172025,34,26,0,0.41947565543071164,0.25842696629213485,0.0,1
15,22,104,6125.0,4797.25,4935.5,283,0.07647741887150546,0.059898987376543596,0.061625191973929,27.22222222222222,9.911673553719009,0.45631471893491127,21,19,47,0.15547703180212014,0.06713780918727916,0.3392226148409894,1
15,19,97,7268.0,5755.25,3464.25,299,0.08129662979161308,0.06437567812440577,0.038749566559658166,32.30222222222222,15.942520775623269,0.3681847167605484,28,39,42,0.41471571906354515,0.3377926421404682,0.14381270903010032,1
15,18,111,7504.0,5499.5,4887.0,251,0.11910922048856368,0.08729226520213965,0.07757019729845557,33.35111111111111,16.973765432098766,0.3966398831263696,27,37,47,0.3426294820717131,0.2549800796812749,0.32669322709163345,1
16,20,117,6705.0,5655.75,3910.0,271,0.09129777644639915,0.07701079778325459,0.0532400157949919,26.19140625,14.139375,0.2856307984513113,31,27,44,0.4354243542435424,0.36162361623616235,0.2988929889298893,1
17,18,104,7041.875,6414.375,4468.125,247,0.11542354406726876,0.10513817633463915,0.07323714533921225,24.366349480968857,19.797453703703702,0.41310327292899407,38,25,42,0.23481781376518218,0.17408906882591094,0.1700404858299595,1
15,16,119,7023.75,6743.125,3369.25,287,0.08527176486299458,0.08186483992764268,0.04090434508128058,31.216666666666665,26.34033203125,0.2379245815973448,41,41,35,0.5296167247386759,0.3170731707317073,0.2264808362369338,0
15,19,82,6585.0,4879.25,5106.75,255,0.10126874279123414,0.07503652441368705,0.07853517877739331,29.266666666666666,13.515927977839334,0.7594809637120762,44,30,48,0.2980392156862745,0.12156862745098039,0.4392156862745098,0
15,20,98,7323.25,5085.0,4542.0,287,0.08890784154232782,0.06173439036530733,0.05514210443249281,32.547777777777775,12.7125,0.4729279466888796,52,39,48,0.5644599303135889,0.2857142857142857,0.2926829268292683,1
16,20,102,5946.125,5304.25,4717.25,243,0.10069814899490254,0.08982793950786634,0.07988704296431777,23.22705078125,13.260625,0.4534073433294887,36,31,49,0.4156378600823045,0.2345679012345679,0.42386831275720166,0
16,19,99,4241.625,4075.75,3497.375,223,0.08529479780409821,0.08195921896680006,0.07032868145347786,16.56884765625,11.29016620498615,0.356838587899194,26,26,40,0.21076233183856502,0.4170403587443946,0.22869955156950672,1
15,18,137,6036.25,5250.25,3175.0,255,0.09282968089196462,0.08074202229911573,0.048827374086889655,26.82777777777778,16.204475308641975,0.1691619159251958,34,25,36,0.3058823529411765,0.26666666666666666,0.23529411764705882,0
15,19,81,5205.25,4797.5,3173.25,199,0.13144238781848944,0.1211459306583167,0.08013055225878134,23.134444444444444,13.289473684210526,0.48365340649291266,35,35,40,0.39195979899497485,0.6331658291457286,0.31155778894472363,0
15,19,119,5552.5,5460.75,4058.5,247,0.09101116228753135,0.08950728581029029,0.06652297202052156,24.677777777777777,15.126731301939058,0.2865969917378716,31,30,46,0.2550607287449393,0.13360323886639677,0.26720647773279355,0
16,21,142,6114.875,6094.375,4553.875,247,0.10022906456424462,0.09989304856660493,0.07464267567080267,23.88623046875,13.819444444444445,0.2258418468557826,33,34,51,0.562753036437247,0.4898785425101215,0.32388663967611336,0
15,20,138,5879.875,5199.0,4518.375,211,0.13206969744614902,0.1167763527324184,0.10148862334628603,26.13277777777778,12.9975,0.23725976685570258,36,25,50,0.5639810426540285,0.4075829383886256,0.3696682464454976,0
17,17,87,6883.75,5553.125,4488.375,263,0.09952073905940523,0.08028343622142868,0.06488997961514552,23.819204152249135,19.214965397923876,0.5929944510503369,47,29,43,0.4714828897338403,0.11026615969581749,0.34980988593155893,0
15,17,66,6222.5,5291.75,4621.25,227,0.12075724349395486,0.10269459915775583,0.0896825088784956,27.655555555555555,18.310553633217992,1.0608930211202938,43,30,52,0.5022026431718062,0.3788546255506608,0.3920704845814978,1
15,18,92,5545.0,5012.375,4315.125,239,0.09707463104637525,0.08775012692354826,0.07554358292046708,24.644444444444446,15.470293209876543,0.5098210066162571,25,27,50,0.11297071129707113,0.39330543933054396,0.4602510460251046,0
15,17,118,5093.375,4435.5,2813.125,259,0.07592872795575498,0.06612155453854296,0.04193624126056558,22.63722222222222,15.347750865051903,0.20203425739729963,32,29,37,0.42084942084942084,0.4247104247104247,0.28185328185328185,0
18,21,125,4713.25,4527.75,3439.75,207,0.10999673271254871,0.10566757683959953,0.08027608578963337,14.547067901234568,10.267006802721088,0.220144,31,31,43,0.26570048309178745,0.391304347826087,0.3526570048309179,0
17,19,115,5325.75,5030.0,5873.0,251,0.08453437247027824,0.07984000253964223,0.09322074252789639,18.42820069204152,13.933518005540167,0.4440831758034026,31,26,54,0.5219123505976095,0.43824701195219123,0.4063745019920319,0
17,19,100,5507.0,5262.25,4399.75,223,0.1107402119487623,0.10581853646765468,0.08847453196324076,19.05536332179931,14.576869806094184,0.439975,37,22,48,0.5919282511210763,0.09865470852017937,0.2914798206278027,0
14,19,98,5551.5,4539.5,4184.25,183,0.1657708501298934,0.13555197228940846,0.12494401146645168,28.323979591836736,12.574792243767313,0.43567784256559766,38,28,44,0.43169398907103823,0.5245901639344263,0.5409836065573771,1
15,16,108,5252.25,4342.0,3395.75,195,0.13812623274161737,0.1141880341880342,0.08930309007232085,23.343333333333334,16.9609375,0.29113082990397804,36,30,43,0.6461538461538462,0.5128205128205128,0.38974358974358975,0
16,20,88,4760.5,4279.0,4362.75,247,0.07802947106164665,0.07013719287318264,0.07150994115622285,18.595703125,10.6975,0.5633716425619835,33,28,46,0.25101214574898784,0.2874493927125506,0.2550607287449393,0
17,20,107,5543.75,4334.25,4927.25,231,0.10389141882648376,0.08122505200427278,0.09233803714323195,19.182525951557093,10.835625,0.4303650973884182,36,28,50,0.36796536796536794,0.329004329004329,0.47619047619047616,0
15,15,97,4876.625,4750.5,3142.625,203,0.118338833749909,0.11527821592370599,0.07626064694605547,21.67388888888889,21.113333333333333,0.3340020193431821,24,26,37,0.2561576354679803,0.2561576354679803,0.4630541871921182,0
17,20,113,5688.0,4863.0,4900.75,235,0.10299683114531462,0.08805794477138977,0.08874151199637845,19.68166089965398,12.1575,0.383800610854413,38,37,56,0.225531914893617,0.33191489361702126,0.4297872340425532,1
15,20,128,5693.5,5476.25,3614.5,211,0.1278834707216819,0.12300375103883561,0.08118640641495024,25.304444444444446,13.690625,0.220611572265625,37,45,20,0.5071090047393365,0.5071090047393365,0.16113744075829384,0
14,19,84,6017.0,5296.25,4534.75,239,0.10533779170532728,0.09271984033892965,0.07938849109784493,30.698979591836736,14.671052631578947,0.6426799886621315,39,27,47,0.48535564853556484,0.37656903765690375,0.4811715481171548,0
16,21,95,6121.375,5221.75,3239.75,223,0.12309467312835569,0.1050041223430996,0.06514810271672465,23.91162109375,11.840702947845806,0.35897506925207756,40,32,37,0.35874439461883406,0.5964125560538116,0.38565022421524664,0
17,19,111,5607.5,5051.0,3653.0,227,0.1088222166158862,0.09802247278231675,0.07089211900095092,19.403114186851212,13.99168975069252,0.29648567486405325,28,32,50,0.23348017621145375,0.6079295154185022,0.3920704845814978,0
17,20,122,6043.25,5762.0,3794.75,283,0.07545667944411842,0.07194496123063092,0.04738166290002372,20.91089965397924,14.405,0.25495498521902715,37,29,44,0.4169611307420495,0.10954063604240283,0.2826855123674912,1
15,17,127,6152.0,5649.75,4231.75,263,0.08894157787448134,0.08168037704752129,0.061179863811823214,27.342222222222222,19.54930795847751,0.26236902473804946,31,30,46,0.4600760456273764,0.20532319391634982,0.33079847908745247,0
21,24,118,8458.5,7341.75,7317.25,311,0.0874525697625128,0.07590647325813422,0.07565316735765759,19.18027210884354,12.74609375,0.5255135018672795,49,45,52,0.33440514469453375,0.31189710610932475,0.43729903536977494,1
23,28,95,8621.5,7515.0,4772.75,291,0.10181150435162552,0.08874481879051971,0.05636152147471098,16.29773156899811,9.58545918367347,0.5288365650969529,33,33,44,0.35738831615120276,0.3127147766323024,0.24398625429553264,0
22,20,106,6730.0,6907.75,4631.0,263,0.09729792247972358,0.09986771530598967,0.06695195824719166,13.90495867768595,17.269375,0.4121573513705945,33,46,55,0.5019011406844106,0.532319391634981,0.20912547528517111,0
18,19,124,6081.5,4805.875,3740.25,235,0.11012222725215029,0.08702354006337709,0.06772747849705749,18.770061728395063,13.312673130193906,0.24325247138397502,35,34,43,0.3404255319148936,0.4978723404255319,0.24680851063829787,1
20,26,112,4774.25,4849.25,4693.25,223,0.09600534899153411,0.09751352329626577,0.09437652074242393,11.935625,7.1734467455621305,0.3741430165816326,32,25,55,0.3632286995515695,0.29596412556053814,0.32286995515695066,0
19,23,90,6509.5,5401.5,4705.0,263,0.09411007821422891,0.07809134149691335,0.06802180167416039,18.03185595567867,10.210775047258979,0.5808641975308642,35,28,51,0.3269961977186312,0.311787072243346,0.34220532319391633,0
21,23,70,5418.75,4861.0,3765.75,231,0.10154888401641649,0.09109649369389629,0.07057120368808681,12.287414965986395,9.189035916824196,0.7685204081632653,35,27,49,0.48917748917748916,0.47619047619047616,0.3333333333333333,0
17,19,92,6744.25,6044.75,4585.5,211,0.1514846926169673,0.13577300599716988,0.10299633880640596,23.336505190311417,16.744459833795013,0.5417651228733459,37,31,54,0.17535545023696683,0.5592417061611374,0.3886255924170616,1
22,16,86,6330.25,5519.75,5126.625,243,0.10720333959931583,0.09347745093058307,0.08681984453589392,13.079028925619834,21.5615234375,0.6931618442401298,35,30,55,0.45267489711934156,0.4691358024691358,0.3292181069958848,1
17,21,84,6030.75,4931.0,4355.375,235,0.10920325939339068,0.08928927116342236,0.07886600271616116,20.86764705882353,11.18140589569161,0.6172583616780045,45,30,55,0.2936170212765957,0.3829787234042553,0.42127659574468085,1
22,27,92,5470.625,4581.875,4601.875,243,0.09264551474199394,0.07759445545225152,0.07793315720842013,11.302944214876034,6.285150891632373,0.5436997873345936,33,31,55,0.3374485596707819,0.20987654320987653,0.36213991769547327,0
15,18,119,5093.0,4366.75,3606.5,207,0.11885924992415225,0.10191019627062475,0.0841676585217858,22.635555555555555,13.477623456790123,0.25467834192500527,38,26,45,0.18357487922705315,0.41545893719806765,0.45893719806763283,1
25,22,115,6859.25,6248.0,4004.5,295,0.07881930479747198,0.0717954610744039,0.04601551278368285,10.9748,12.909090909090908,0.3027977315689981,36,29,49,0.2305084745762712,0.2305084745762712,0.1864406779661017,0
18,22,114,5877.5,5350.5,4205.5,255,0.09038831218762014,0.08228373702422145,0.06467512495194157,18.140432098765434,11.054752066115702,0.32359956909818405,33,32,49,0.22745098039215686,0.21568627450980393,0.37254901960784315,0
21,23,83,5305.5,4601.25,4448.375,215,0.1147755543537047,0.09954029204975663,0.09623309897241752,12.03061224489796,8.698015122873345,0.6457214399767746,33,31,52,0.4930232558139535,0.4883720930232558,0.4186046511627907,0
18,20,124,5821.75,5545.25,4636.5,255,0.08953094963475586,0.08527873894655902,0.0713033448673587,17.968364197530864,13.863125,0.3015413631633715,28,37,51,0.32941176470588235,0.3333333333333333,0.30980392156862746,0
18,24,107,6638.875,5950.875,5023.375,287,0.08059919387148078,0.07224653692529957,0.060986232684626496,20.490354938271604,10.331380208333334,0.43876102716394444,0,38,54,0.0,0.3902439024390244,0.313588850174216,0
15,19,101,5843.5,5006.75,3766.5,275,0.07726942148760331,0.06620495867768596,0.04980495867768595,25.97111111111111,13.869113573407203,0.36922850700911675,30,30,46,0.2727272727272727,0.3709090909090909,0.24,0
16,20,90,4785.75,3997.0,2866.0,183,0.1429051330287557,0.11935262324942518,0.08558033981307295,18.6943359375,9.9925,0.3538271604938272,31,27,37,0.4098360655737705,0.4918032786885246,0.3442622950819672,1
17,16,106,6099.875,5221.625,4307.875,215,0.13196051919956733,0.11296106003244998,0.09319361817198486,21.106833910034602,20.39697265625,0.3833993414026344,39,31,48,0.4558139534883721,0.4697674418604651,0.3953488372093023,0
15,15,95,5643.25,4665.875,4287.875,207,0.13170085649606758,0.10889110597680227,0.10006942985833975,25.08111111111111,20.737222222222222,0.4751108033240997,37,28,50,0.642512077294686,0.45893719806763283,0.38164251207729466,0
17,20,83,6488.625,5778.5,5561.0,247,0.10635520988706584,0.09471553377370552,0.09115048599386975,22.451989619377162,14.44625,0.8072289156626506,36,23,51,0.48582995951417,0.10121457489878542,0.46153846153846156,0
17,20,98,5246.25,4659.0,3660.125,251,0.08327248773828987,0.07395120712369645,0.058096300058729226,18.153114186851212,11.6475,0.3811042274052478,33,34,43,0.2549800796812749,0.1394422310756972,0.27091633466135456,0
16,21,103,5059.75,4628.5,4906.25,235,0.0916206428248076,0.08381167949298325,0.08884110457220462,19.7646484375,10.495464852607709,0.4624611179187482,29,33,50,0.14042553191489363,0.33191489361702126,0.3829787234042553,0
16,21,84,4806.0,4741.5,4001.75,227,0.0932678685788585,0.09201614624774399,0.07766015253546546,18.7734375,10.751700680272108,0.5671414399092971,24,32,50,0.2907488986784141,0.23788546255506607,0.22026431718061673,0
15,15,67,6057.625,5918.25,5939.875,223,0.12181272496933379,0.11901003438637414,0.1194448913109051,26.922777777777778,26.303333333333335,1.3232067275562487,39,38,61,0.5291479820627802,0.2914798206278027,0.452914798206278,0
17,17,107,5530.75,5412.75,4074.75,255,0.0850557477893118,0.08324106113033448,0.06266435986159169,19.137543252595155,18.72923875432526,0.3559044458031269,40,27,50,0.396078431372549,0.10588235294117647,0.30196078431372547,0
15,18,132,6930.75,5280.0,4790.75,251,0.11001015856891161,0.08380819352073776,0.0760424437707338,30.803333333333335,16.296296296296298,0.2749512167125803,32,32,49,0.4262948207171315,0.3665338645418327,0.3545816733067729,1
15,20,109,6487.5,5704.0,3123.5,263,0.09379201665485984,0.08246468793823823,0.04515751275860573,28.833333333333332,14.26,0.26289874589681006,35,31,36,0.41064638783269963,0.5209125475285171,0.20152091254752852,1
16,19,90,6352.25,7201.125,4999.5,247,0.10411988395154813,0.11803381468307955,0.0819469258633972,24.8134765625,19.947714681440445,0.6172222222222222,33,0,52,0.242914979757085,0.0,0.3765182186234818,1
17,17,113,5778.5,5100.125,3492.75,303,0.06294045246108769,0.05555147098868303,0.03804365585073359,19.994809688581316,17.64749134948097,0.2735335578353826,33,24,41,0.429042904290429,0.19801980198019803,0.22112211221122113,0
15,18,64,6793.0,5259.0,5462.0,207,0.15853345468972438,0.12273331933067283,0.12747088613503232,30.191111111111113,16.23148148148148,1.33349609375,41,37,55,0.6908212560386473,0.37681159420289856,0.42995169082125606,1
17,18,77,6800.75,5991.0,5109.0,287,0.08256443564933409,0.07273367407641224,0.06202576211924389,23.532006920415224,18.49074074074074,0.8616967448136279,34,39,53,0.2264808362369338,0.27177700348432055,0.313588850174216,0
15,16,121,8282.625,6390.875,3859.25,271,0.11277930583733882,0.08702053348946774,0.05254898489944309,36.81166666666667,24.96435546875,0.2635919677617649,42,38,43,0.3948339483394834,0.2730627306273063,0.36900369003690037,1
16,18,150,7623.875,6719.75,4820.375,255,0.11724529027297194,0.10334102268358324,0.07413110342176087,29.78076171875,20.73996913580247,0.2142388888888889,44,0,47,0.5686274509803921,0.0,0.37254901960784315,1
17,18,120,5954.75,6025.75,3443.0,183,0.17781211741168743,0.1799322165487175,0.10280987787034548,20.60467128027682,18.597993827160494,0.2390972222222222,31,41,44,0.3114754098360656,0.644808743169399,0.4426229508196721,1
15,19,107,7955.625,6909.0,4981.75,287,0.09658518374631232,0.08387864366448543,0.060480884798892784,35.358333333333334,19.138504155124654,0.4351253384575072,38,45,54,0.45993031358885017,0.43205574912891986,0.2508710801393728,1
15,18,95,6769.25,6499.5,5951.25,275,0.08951074380165289,0.08594380165289256,0.07869421487603306,30.085555555555555,20.060185185185187,0.6594182825484765,27,32,57,0.3490909090909091,0.2727272727272727,0.34545454545454546,1
17,16,125,6807.625,5951.0,4425.375,255,0.10469242599000385,0.09151864667435601,0.0680565167243368,23.555795847750865,23.24609375,0.283224,29,32,51,0.47843137254901963,0.3058823529411765,0.3686274509803922,0
16,20,118,7649.25,7128.875,4854.625,295,0.08789715598965814,0.08191755242746337,0.05578425739729963,29.8798828125,17.8221875,0.3486516087331227,33,28,56,0.24067796610169492,0.3288135593220339,0.19661016949152543,0
15,19,128,8729.25,8116.5,5576.25,287,0.10597737012711093,0.09853828503441829,0.06769840595369617,38.79666666666667,22.48337950138504,0.3403472900390625,45,31,56,0.4250871080139373,0.26480836236933797,0.3240418118466899,0
17,17,129,7263.875,5638.875,4782.75,231,0.13612704034781956,0.10567408781694496,0.08963006690279418,25.134515570934255,19.511678200692042,0.2874076077158825,39,31,49,0.4199134199134199,0.45454545454545453,0.3939393939393939,0
15,18,113,6672.375,7072.375,6114.625,263,0.0964648180543307,0.1022477554974049,0.0884012346571441,29.655,21.828317901234566,0.4788648288824497,44,42,60,0.2965779467680608,0.3612167300380228,0.38022813688212925,1
17,18,142,8749.75,8938.0,6399.75,291,0.10332601173817031,0.10554906059210449,0.07557480426541964,30.275951557093425,27.58641975308642,0.31738494346359847,38,43,58,0.3470790378006873,0.5738831615120275,0.30584192439862545,1
15,20,115,8396.25,7675.25,7279.0,263,0.12138747126602958,0.11096372652488831,0.10523500412034292,37.31666666666667,19.188125,0.5503969754253308,51,43,67,0.38022813688212925,0.2585551330798479,0.25475285171102663,1
16,20,171,7905.5,7106.5,4664.25,307,0.08387887404640898,0.07540133051809568,0.049488588738342054,30.880859375,17.76625,0.1595106186518929,46,40,51,0.4527687296416938,0.3485342019543974,0.2703583061889251,1
17,18,118,8495.0,7024.75,5232.75,267,0.11916284419756204,0.09853904529450547,0.0734019273660733,29.39446366782007,21.681327160493826,0.3758079574834818,48,34,54,0.49063670411985016,0.30337078651685395,0.25842696629213485,0
14,19,136,7590.875,6603.5,4676.125,273,0.10185129278535872,0.08860309409759959,0.0627423553247729,38.72895408163265,18.29224376731302,0.2528181769031142,33,34,55,0.23443223443223443,0.4249084249084249,0.3626373626373626,0
15,18,173,8388.75,6450.25,3550.25,303,0.09137176093847009,0.07025727325207769,0.03866995610452134,37.28333333333333,19.90817901234568,0.11862240636172275,45,27,47,0.3201320132013201,0.10231023102310231,0.27722772277227725,0
17,19,103,8126.25,6707.875,4981.5,275,0.10745454545454546,0.08869917355371901,0.06587107438016529,28.118512110726645,18.581371191135734,0.46955415213497975,38,33,54,0.4909090909090909,0.31272727272727274,0.19636363636363635,0
16,20,128,8196.375,6787.375,5796.5,283,0.10234083332292825,0.08474790545518111,0.07237573199815206,32.01708984375,16.9684375,0.353790283203125,45,43,61,0.36395759717314485,0.26855123674911663,0.46996466431095407,0
16,17,103,6123.375,6040.0,3962.125,223,0.1231348911098152,0.12145830400772185,0.07967433489513161,23.91943359375,20.899653979238753,0.37346828164765766,32,44,50,0.2556053811659193,0.5201793721973094,0.3542600896860987,0
15,15,133,7299.5,7265.5,5345.25,279,0.09377448902249458,0.09333770121144384,0.06866882491232126,32.44222222222222,32.291111111111114,0.30217932048165524,28,51,56,0.2007168458781362,0.3763440860215054,0.3942652329749104,0
17,20,92,6461.5,6481.0,4620.875,251,0.10256186409739527,0.10287138299392073,0.07334605799907938,22.358131487889274,16.2025,0.5459445888468809,33,37,56,0.2948207171314741,0.2549800796812749,0.3426294820717131,0
17,20,112,9043.75,7691.25,4424.75,311,0.09350347907900042,0.07951995947105592,0.04574756257689643,31.29325259515571,19.228125,0.35273836096938777,43,46,48,0.5144694533762058,0.5048231511254019,0.3183279742765273,0
21,27,113,8061.75,8064.0,7566.25,279,0.10356688634524222,0.10359579142097353,0.09720134633419406,18.28061224489796,11.061728395061728,0.5925483593076983,56,43,59,0.34408602150537637,0.36200716845878134,0.5125448028673835,0
16,19,92,6774.0,6643.5,4693.0,247,0.11103279843957449,0.10889376977167303,0.07692307692307693,26.4609375,18.40304709141274,0.5544659735349716,33,31,55,0.4898785425101215,0.3643724696356275,0.47368421052631576,1
15,18,138,6446.375,5555.0,5457.5,231,0.12080686268997957,0.10410224695938981,0.10227506980753734,28.650555555555556,17.145061728395063,0.2865731989077925,31,33,54,0.38095238095238093,0.3203463203463203,0.47186147186147187,1
15,17,145,7056.5,5651.75,4007.625,295,0.08108589485779949,0.0649439816144786,0.04605142200517093,31.362222222222222,19.55622837370242,0.19061236623067776,33,35,47,0.41694915254237286,0.2271186440677966,0.26440677966101694,1
15,20,145,6462.875,6086.375,4815.25,287,0.07846246767594604,0.07389157328606635,0.058459493255957944,28.72388888888889,15.2159375,0.22902497027348395,28,31,49,0.37282229965156793,0.3519163763066202,0.3205574912891986,1
18,18,114,7692.5,6536.5,4999.625,255,0.11830065359477124,0.10052287581699347,0.0768877354863514,23.742283950617285,20.174382716049383,0.3847049092028316,24,24,54,0.18823529411764706,0.28627450980392155,0.34509803921568627,1
16,19,94,8420.5,7222.25,5470.25,283,0.10513928254816517,0.090177802195058,0.06830213887050657,32.892578125,20.00623268698061,0.6190866908103214,43,33,55,0.2332155477031802,0.22614840989399293,0.3215547703180212,0
15,19,107,7646.5,6828.75,5451.5,287,0.09283225485316078,0.08290436936226007,0.06618387985771346,33.98444444444444,18.916204986149584,0.4761551227181413,34,33,58,0.3902439024390244,0.11498257839721254,0.40069686411149824,0
15,20,156,6942.125,6362.375,4968.625,287,0.0842807973873666,0.07724234845633673,0.060321540870958736,30.85388888888889,15.9059375,0.2041676939513478,30,44,55,0.3519163763066202,0.3902439024390244,0.3170731707317073,0
15,19,129,7102.75,6614.25,5279.125,307,0.075361542297531,0.07017846343197276,0.05601253063692983,31.567777777777778,18.32202216066482,0.3172360435070008,39,29,53,0.2899022801302932,0.10097719869706841,0.3550488599348534,0
17,17,80,7116.5,7044.5,6146.5,311,0.07357760982620114,0.07283320064929023,0.06354876397059583,24.624567474048444,24.375432525951556,0.960390625,32,29,64,0.3504823151125402,0.2572347266881029,0.2733118971061093,0
17,19,111,8222.5,7390.5,7602.75,283,0.10266703292586997,0.09227859006854874,0.09492876674699396,28.451557093425606,20.47229916897507,0.6170562454346238,35,42,64,0.3498233215547703,0.46996466431095407,0.5229681978798587,0
15,18,127,11874.0,9617.0,9061.0,299,0.13281730629411304,0.10757150367445555,0.10135233386651156,52.77333333333333,29.682098765432098,0.5617831235662472,62,45,61,0.5351170568561873,0.2508361204013378,0.5518394648829431,0
15,14,100,7171.875,6666.5,6192.0,251,0.11383747877017825,0.10581578070189362,0.0982841542197743,31.875,34.01275510204081,0.6192,41,39,61,0.6294820717131474,0.46215139442231074,0.4103585657370518,0
15,18,131,8474.5,7455.875,5603.5,303,0.09230576522998835,0.08121072008190919,0.06103432125390757,37.66444444444444,23.01195987654321,0.32652526076568966,36,39,53,0.21122112211221122,0.40594059405940597,0.31353135313531355,0
15,16,114,9226.5,7102.5,5715.75,271,0.1256314592666222,0.0967102844460179,0.07782778012281968,41.00666666666667,27.744140625,0.4398084025854109,46,35,57,0.4354243542435424,0.5129151291512916,0.3948339483394834,0
26,23,113,8622.5,7121.25,5606.75,363,0.06543648354317025,0.05404343965576122,0.04254984100964567,12.7551775147929,13.4617202268431,0.43909076670060304,51,37,56,0.3140495867768595,0.3884297520661157,0.2837465564738292,0
16,20,130,7661.0,6608.5,5126.25,243,0.12973970770038443,0.11191552778201155,0.08681349387796576,29.92578125,16.52125,0.3033284023668639,47,38,51,0.48559670781893005,0.5308641975308642,0.5102880658436214,0
21,19,90,6381.5,5521.0,5497.0,287,0.07747453532275492,0.06702764389515473,0.06673627214121818,14.470521541950113,15.293628808864266,0.678641975308642,43,35,61,0.4076655052264808,0.18118466898954705,0.36585365853658536,0
15,20,157,5697.5,5764.5,3398.5,247,0.09338786080742185,0.09448605943385402,0.055704895998950975,25.322222222222223,14.41125,0.13787577589354538,35,21,43,0.3643724696356275,0.15789473684210525,0.242914979757085,0
25,23,84,7970.375,6653.5,7353.375,315,0.08032627865961199,0.06705467372134039,0.07410808767951625,12.7526,12.57750472589792,1.0421449829931972,34,32,59,0.38095238095238093,0.45396825396825397,0.3619047619047619,0
20,22,89,7712.875,6658.625,6253.0,271,0.10502137770455196,0.09066631717977697,0.08514317615500878,19.2821875,13.757489669421487,0.7894205277111476,42,33,49,0.4280442804428044,0.2066420664206642,0.4022140221402214,0
18,23,84,5190.75,4814.0,4140.75,227,0.10073453783306488,0.09342312096101224,0.08035766267538667,16.020833333333332,9.100189035916824,0.5868409863945578,32,35,48,0.3568281938325991,0.3303964757709251,0.36123348017621143,0
20,21,94,6191.75,5534.625,4760.125,239,0.1083970868857338,0.09689299907214509,0.08333406277901297,15.479375,12.55017006802721,0.5387194431869624,32,28,50,0.3389121338912134,0.3807531380753138,0.497907949790795,0
18,20,97,4743.125,4204.875,4033.625,223,0.09537945665507049,0.0845557923947797,0.08111212773230912,14.639274691358025,10.5121875,0.42869858645977255,29,35,43,0.5560538116591929,0.4304932735426009,0.49327354260089684,0
18,26,81,7643.875,6522.75,6460.5,271,0.1040818480140521,0.08881619258997019,0.08796857341267139,23.592206790123456,9.649038461538462,0.9846822130772748,39,32,57,0.45018450184501846,0.3025830258302583,0.5018450184501845,1
23,21,101,17153.0,16126.25,11981.75,439,0.08900431193279404,0.08367666211777647,0.062171481052921064,32.42533081285444,36.567460317460316,1.1745662189981374,97,95,95,0.4168564920273349,0.2164009111617312,0.2164009111617312,0
25,25,112,15278.0,13549.375,9453.625,343,0.12986085729585461,0.11516778723151068,0.08035448665097025,24.4448,21.679,0.7536371970663265,89,90,89,0.5860058309037901,0.5335276967930029,0.4314868804664723,0
20,25,79,8099.125,6991.5,5683.0,267,0.11360974343867918,0.09807263392669276,0.07971776851968747,20.2478125,11.1864,0.9105912514020189,48,41,55,0.27340823970037453,0.48314606741573035,0.49063670411985016,0
15,18,77,6443.25,7221.0,6036.5,283,0.08045112312552286,0.09016219455855361,0.07537239820699472,28.636666666666667,22.287037037037038,1.0181312194299208,34,45,54,0.38869257950530034,0.5406360424028268,0.4664310954063604,0
15,21,92,7299.0,6201.0,4078.0,235,0.1321684019918515,0.11228610230873698,0.07384336803983703,32.44,14.061224489795919,0.4818052930056711,32,34,46,0.5063829787234042,0.23829787234042554,0.5276595744680851,0
15,16,85,5669.5,5231.75,3267.25,205,0.13490779298036884,0.1244913741820345,0.07774538964901845,25.197777777777777,20.4365234375,0.45221453287197233,39,35,41,0.4682926829268293,0.2975609756097561,0.3121951219512195,0
20,24,93,8983.625,7825.625,6328.25,287,0.10906560720659471,0.095006920079156,0.07682805424370819,22.4590625,13.58615451388889,0.7316741819863568,54,36,51,0.445993031358885,0.34146341463414637,0.28222996515679444,0
23,28,99,7019.75,6351.75,6071.75,239,0.12289263143152256,0.11119815829554805,0.1062962833283731,13.26984877126654,8.10172193877551,0.6195031119273543,41,38,52,0.502092050209205,0.5146443514644351,0.41841004184100417,0
16,22,130,6821.0,6646.25,4870.0,291,0.0805493558177159,0.07848572879394433,0.05750994910310459,26.64453125,13.731921487603305,0.28816568047337277,43,44,50,0.3470790378006873,0.4020618556701031,0.2542955326460481,0
15,17,113,7620.5,6769.25,5930.0,279,0.09789827982682647,0.08696252617515192,0.0761809329273776,33.86888888888889,23.423010380622838,0.46440598324066096,39,45,59,0.3870967741935484,0.26881720430107525,0.45161290322580644,0
15,18,66,7814.75,6986.125,5823.0,295,0.08979890835966677,0.08027721918988796,0.06691180695202528,34.73222222222222,21.562114197530864,1.3367768595041323,36,28,59,0.34576271186440677,0.16271186440677965,0.31186440677966104,1
17,18,101,6748.75,6190.875,3797.625,255,0.10378700499807766,0.0952076124567474,0.05840253748558247,23.352076124567475,19.10763888888889,0.3722796784628958,31,15,41,0.30196078431372547,0.07450980392156863,0.28627450980392155,1
15,16,100,7946.0,6819.75,4460.25,331,0.07252580754100456,0.0622461459826033,0.04071019797190606,35.315555555555555,26.6396484375,0.446025,43,37,48,0.4169184290030212,0.3716012084592145,0.32326283987915405,0
18,19,95,6716.5,6041.5,5682.75,263,0.09710274834101983,0.08734404140583209,0.08215746938657491,20.729938271604937,16.735457063711912,0.6296675900277008,47,28,52,0.49429657794676807,0.4448669201520912,0.3612167300380228,0
15,16,104,8707.0,6076.75,3888.375,355,0.0690894663757191,0.04821860741916287,0.03085399722277326,38.69777777777778,23.7373046875,0.3595021264792899,52,34,33,0.38028169014084506,0.3211267605633803,0.2563380281690141,0
17,18,102,5885.0,5594.5,3421.0,215,0.12731206057328284,0.1210275824770146,0.07400757166035694,20.363321799307958,17.266975308641975,0.3288158400615148,32,34,42,0.25116279069767444,0.2837209302325581,0.3302325581395349,1
15,16,70,8504.0,7545.5,7471.75,271,0.11579363026102586,0.1027423373864735,0.10173812992742473,37.79555555555555,29.474609375,1.5248469387755101,48,36,56,0.5239852398523985,0.13284132841328414,0.6531365313653137,0
17,21,81,9212.625,6604.0,6004.75,327,0.08615646831074826,0.06176060750591514,0.056156421550748625,31.877595155709344,14.975056689342404,0.9152187166590459,54,40,59,0.3669724770642202,0.23853211009174313,0.39755351681957185,0
16,20,87,7836.5,7826.875,5390.5,251,0.12438691449342074,0.12423413914064856,0.08556213393438199,30.611328125,19.5671875,0.7121812656889945,38,38,53,0.398406374501992,0.5577689243027888,0.350597609561753,0
17,18,102,8604.0,7502.25,4762.75,323,0.08246987894065888,0.07190953617881893,0.04565125708096503,29.771626297577853,23.15509259259259,0.4577806612841215,46,28,39,0.4984520123839009,0.29102167182662536,0.16718266253869968,0
15,18,96,7596.0,6099.25,5901.75,263,0.10981798204397925,0.08817895299917593,0.08532362763665804,33.76,18.824845679012345,0.640380859375,43,34,58,0.3612167300380228,0.20912547528517111,0.2737642585551331,0
15,17,83,7887.25,6992.5,6028.25,303,0.08590933350760818,0.07616355694975438,0.0656607739981919,35.05444444444444,24.195501730103807,0.8750544346058935,42,32,60,0.35313531353135313,0.297029702970297,0.3465346534653465,0
17,16,116,8885.875,6404.75,5842.75,239,0.1555623150855202,0.11212601320004902,0.10228724987307646,30.7469723183391,25.0185546875,0.4342115041617122,0,40,55,0.0,0.4309623430962343,0.2384937238493724,1
15,20,89,6926.0,6467.5,6017.25,279,0.08897624645109904,0.08308603435207666,0.07730180753073573,30.782222222222224,16.16875,0.7596578714808736,35,21,55,0.5125448028673835,0.14695340501792115,0.3906810035842294,1
18,21,97,5962.25,5724.75,4983.0,279,0.07659523901285954,0.07354414768566693,0.06401510771958223,18.402006172839506,12.981292517006803,0.5295993198001913,33,33,55,0.32974910394265233,0.27956989247311825,0.37992831541218636,1
14,17,77,6637.875,6349.5,5770.0,303,0.07230091821063295,0.06915988628565826,0.06284786894531037,33.86670918367347,21.970588235294116,0.9731826614943498,35,38,57,0.29042904290429045,0.49834983498349833,0.19471947194719472,0
15,17,114,6723.75,6434.0,5989.75,279,0.08637800131036344,0.08265566989118844,0.07694852327179764,29.883333333333333,22.262975778546714,0.4608918128654971,28,30,58,0.1003584229390681,0.3835125448028674,0.3835125448028674,0
15,19,79,5914.375,6402.875,4376.5,319,0.058120252356010656,0.06292071618793055,0.04300763553817278,26.28611111111111,17.736495844875346,0.7012497997115846,30,42,51,0.26332288401253917,0.27586206896551724,0.2727272727272727,0
16,17,115,5933.5,5194.75,3279.5,187,0.16967885841745545,0.14855300408933628,0.09378306500042895,23.177734375,17.974913494809687,0.2479773156899811,31,34,38,0.4385026737967914,0.2994652406417112,0.5080213903743316,0
16,20,126,5332.875,4961.125,6438.375,223,0.10723873393794366,0.09976321663415713,0.12946922318968812,20.83154296875,12.4028125,0.40554138321995464,23,23,61,0.2242152466367713,0.21973094170403587,0.484304932735426,1
17,20,134,6298.125,5251.375,3246.5,279,0.08091012448452616,0.06746284091930987,0.04170681260518236,21.79282006920415,13.1284375,0.18080307418133215,35,27,39,0.4946236559139785,0.4336917562724014,0.15053763440860216,1
15,19,121,7480.75,6481.25,4711.25,255,0.11504421376393695,0.09967320261437909,0.07245290272971934,33.24777777777778,17.95360110803324,0.32178471415886895,33,30,37,0.25882352941176473,0.1450980392156863,0.15294117647058825,0
15,14,138,7130.25,6237.5,4199.0,291,0.08420129663088533,0.07365879004735419,0.04958609369280004,31.69,31.823979591836736,0.22048939298466708,29,32,49,0.2646048109965636,0.2920962199312715,0.27835051546391754,0
17,18,123,8654.5,6680.5,5117.75,303,0.09426635732880219,0.07276519731181039,0.05574344563169188,29.94636678200692,20.618827160493826,0.3382741754246811,34,41,58,0.24422442244224424,0.24092409240924093,0.2871287128712871,0
15,17,102,6579.5,6763.25,5843.5,251,0.10443485024047237,0.1073514706115776,0.0927524959921271,29.24222222222222,23.402249134948097,0.5616589773164168,43,58,60,0.4701195219123506,0.3346613545816733,0.23904382470119523,0
16,19,113,7900.375,7098.375,5058.875,271,0.10757444751569287,0.0966541169101728,0.06888352555112268,30.86083984375,19.66308864265928,0.3961841177852612,42,35,55,0.44649446494464945,0.2915129151291513,0.34686346863468637,0
17,18,140,9695.125,8692.5,6313.5,315,0.0977084908037289,0.08760393046107331,0.0636281179138322,33.54714532871972,26.828703703703702,0.32211734693877553,39,42,62,0.3396825396825397,0.2920634920634921,0.38412698412698415,0
15,18,143,8553.75,7285.625,4655.5,271,0.11647104478424858,0.09920378262823219,0.06339102136408818,38.016666666666666,22.486496913580247,0.22766394444716123,30,34,53,0.2140221402214022,0.2066420664206642,0.2952029520295203,1
15,20,91,7097.0,7054.5,5652.25,235,0.12851063829787235,0.12774105930285196,0.10234947940244454,31.54222222222222,17.63625,0.6825564545344766,30,32,60,0.3617021276595745,0.13617021276595745,0.5063829787234042,0
17,21,146,8122.25,7181.25,5689.5,279,0.10434411171490603,0.09225536670906077,0.07309130149920993,28.10467128027682,16.284013605442176,0.26691217864514916,58,24,58,0.35125448028673834,0.1039426523297491,0.43010752688172044,0
16,20,136,8661.25,7993.0,5019.75,255,0.13319876970396002,0.12292195309496348,0.07719723183391003,33.8330078125,19.9825,0.27139651816608995,35,51,55,0.6392156862745098,0.6470588235294118,0.3333333333333333,0
17,19,98,6387.125,5766.75,2995.375,215,0.13817468902109248,0.12475392103839913,0.06479989183342347,22.100778546712803,15.97437673130194,0.3118882757184506,34,29,24,0.4325581395348837,0.4930232558139535,0.27906976744186046,0
15,19,96,6642.25,6344.25,4502.5,271,0.09044334908293733,0.08638567012976403,0.061307716398197196,29.52111111111111,17.57409972299169,0.4885525173611111,28,38,53,0.26199261992619927,0.3726937269372694,0.26199261992619927,0
15,19,120,7440.0,6116.75,5387.5,295,0.08549267451881644,0.07028727377190462,0.06190749784544671,33.06666666666667,16.943905817174514,0.3741319444444444,33,32,59,0.3220338983050847,0.23389830508474577,0.4,0
17,16,83,8770.0,8048.25,7808.25,291,0.10356514448341422,0.09504198108194283,0.0922078152123853,30.346020761245676,31.4384765625,1.1334373639134854,44,43,59,0.5051546391752577,0.44329896907216493,0.35738831615120276,1
15,18,140,7510.75,7845.5,3869.0,303,0.08180842836758924,0.08545458506246664,0.04214183794617085,33.38111111111111,24.214506172839506,0.19739795918367348,35,49,42,0.29042904290429045,0.37293729372937295,0.28052805280528054,0
15,16,105,9895.875,8208.5,6136.0,319,0.0972462436493352,0.0806644981869282,0.060298149585794165,43.98166666666667,32.064453125,0.5565532879818594,46,43,57,0.3667711598746082,0.5015673981191222,0.45141065830721006,1
17,20,118,6412.875,6054.375,4859.25,211,0.14404157588553715,0.13598919610970103,0.10914512252644819,22.189878892733564,15.1359375,0.3489837690318874,28,31,53,0.35071090047393366,0.25118483412322273,0.35071090047393366,0
15,19,107,6821.0,6708.25,6037.125,311,0.07052243049596262,0.06935670640295283,0.06241793405775375,30.315555555555555,18.582409972299168,0.5273058782426413,36,32,60,0.28938906752411575,0.3183279742765273,0.37942122186495175,1
17,20,116,7492.75,5599.75,5619.75,279,0.09625711386030499,0.07193831014503925,0.07219524415153968,25.926470588235293,13.999375,0.4176389714625446,18,31,57,0.06451612903225806,0.2222222222222222,0.3835125448028674,1
17,16,161,27249.75,27686.75,23273.5,367,0.20231607629427792,0.20556058772431304,0.17279436331103504,94.28979238754326,108.1513671875,0.8978627367771305,143,141,144,0.6866485013623979,0.4659400544959128,0.5231607629427792,1
16,20,129,8048.375,6249.125,6198.625,303,0.08766433574050474,0.06806658388611138,0.06751652888061083,31.43896484375,15.6228125,0.372491136349979,40,31,55,0.2706270627062706,0.2838283828382838,0.3795379537953795,1
15,18,92,17521.0,15710.75,13323.0,347,0.14551237864279248,0.13047820345655226,0.11064787515883365,77.8711111111111,48.48996913580247,1.574078449905482,101,100,100,0.4092219020172911,0.5072046109510087,0.5619596541786743,1
15,18,115,146426.75,135085.0,124427.25,655,0.34130120622341353,0.3148651011013344,0.2900233086649962,650.7855555555556,416.929012345679,9.408487712665407,370,356,350,0.6610687022900763,0.6091603053435114,0.6809160305343511,1
15,14,106,98879.75,98500.0,88630.25,535,0.3454616123678924,0.3441348589396454,0.30965237138614726,439.46555555555557,502.55102040816325,7.888060697757209,298,297,294,0.7233644859813084,0.6990654205607477,0.7644859813084112,1
17,20,123,70706.625,63527.5,61624.75,479,0.3081690935796131,0.27687945920737794,0.2685864775693969,244.65960207612457,158.81875,4.073286403595743,249,240,242,0.7014613778705637,0.5553235908141962,0.6304801670146137,1
18,22,108,129499.25,107905.5,105802.75,535,0.45243864092933883,0.37699537077474016,0.36964887763123416,399.68904320987656,222.9452479338843,9.07088048696845,346,310,312,0.7906542056074767,0.719626168224299,0.8149532710280374,1
18,20,110,145749.625,119692.875,117609.375,711,0.28831566838964157,0.2367713210727151,0.23264983057083682,449.8445216049383,299.2321875,9.71978305785124,369,324,326,0.5808720112517581,0.5316455696202531,0.7130801687763713,1
15,19,128,123810.0,99578.75,97669.0,671,0.27498606301958284,0.22116766354019293,0.21692604627299603,550.2666666666667,275.84141274238226,5.96124267578125,337,297,296,0.6527570789865872,0.5484351713859911,0.6229508196721312,1
17,18,130,61596.0,48501.75,47766.0,463,0.2873363219495356,0.2262535627819321,0.22282139675046297,213.1349480968858,149.69675925925927,2.8263905325443788,233,201,196,0.6047516198704104,0.652267818574514,0.7732181425485961,1
21,27,92,108309.5,85289.25,81146.75,623,0.2790554171422388,0.2197445952247835,0.20907159732975378,245.5997732426304,116.9948559670782,9.587281427221171,311,274,270,0.6243980738362761,0.5778491171749599,0.7014446227929374,1
17,20,117,96617.0,79050.75,73389.25,495,0.39431486583001735,0.3226232017141108,0.29951739618406287,334.3148788927336,197.626875,5.3611841624662135,296,258,252,0.7494949494949495,0.7151515151515152,0.8505050505050505,1
20,20,124,58931.375,45045.875,46101.0,495,0.24051168248137944,0.18384195490256097,0.18814814814814815,147.3284375,112.6146875,2.998244016649324,232,187,188,0.6828282828282828,0.5838383838383838,0.6909090909090909,1
19,17,145,20101.5,17086.5,16150.5,383,0.13703481515314714,0.11648112673751951,0.11010028018460825,55.68282548476454,59.122837370242216,0.7681569560047562,119,88,97,0.587467362924282,0.402088772845953,0.5326370757180157,1
19,20,103,20317.5,15507.25,17931.5,511,0.07780875532798971,0.0593872189521333,0.06867122904707013,56.28116343490305,38.768125,1.6902158544631916,116,85,107,0.3111545988258317,0.30528375733855184,0.4070450097847358,1
19,23,175,25816.25,19041.5,25481.5,503,0.10203688406341277,0.07526016861060278,0.10071380859969409,71.51315789473684,35.99527410207939,0.8320489795918368,131,85,135,0.5029821073558648,0.38966202783300197,0.4393638170974155,1
23,24,155,6627.375,8051.875,9516.75,303,0.07218655033820214,0.08770245836464835,0.10365813809103683,12.5281190926276,13.978949652777779,0.39611862643080126,19,37,91,0.1188118811881188,0.3465346534653465,0.4389438943894389,1
26,31,118,5493.25,6038.5,7612.5,255,0.084479046520569,0.0928642829680892,0.11707035755478662,8.12610946745562,6.283558792924038,0.5467178971559896,29,29,73,0.49019607843137253,0.4470588235294118,0.4470588235294118,1
29,30,130,7538.375,7042.375,9975.125,291,0.08902085473719017,0.08316357860677129,0.11779649508154132,8.963585017835909,7.824861111111111,0.5902440828402367,52,24,87,0.2542955326460481,0.3230240549828179,0.40893470790378006,1
18,22,140,7253.375,6267.375,7561.875,263,0.10486453469039599,0.09060959389321806,0.10932462519336697,22.38695987654321,12.949121900826446,0.3858099489795918,51,25,69,0.5779467680608364,0.13688212927756654,0.44866920152091255,1
19,23,138,5488.5,5805.0,6451.25,219,0.11443672984299744,0.12103584162131732,0.13451033131085674,15.203601108033242,10.973534971644613,0.3387549884478051,0,32,69,0.0,0.4155251141552511,0.4977168949771689,1
17,19,114,5088.0,5617.625,6889.25,287,0.061770811834549404,0.06820071871699304,0.08363886899197513,17.60553633217993,15.561288088642659,0.5301054170514005,19,39,73,0.1289198606271777,0.33797909407665505,0.2961672473867596,1
17,21,82,5969.0,6369.5,9914.0,311,0.061713588569183526,0.06585436461575046,0.10250100805409373,20.653979238754324,14.443310657596372,1.4744199881023201,36,32,92,0.33762057877813506,0.18971061093247588,0.4405144694533762,1
19,24,112,6563.75,6140.0,6600.25,311,0.06786271854095802,0.06348156036434693,0.06824009263758646,18.18213296398892,10.659722222222221,0.5261678890306123,30,33,67,0.2990353697749196,0.3858520900321543,0.33440514469453375,1
21,17,127,6698.0,8121.75,11509.75,319,0.06582089405567948,0.07981201049517989,0.1131057084737768,15.188208616780045,28.102941176470587,0.7136059272118545,35,30,97,0.438871473354232,0.3166144200626959,0.30407523510971785,1
18,19,125,6984.25,7521.5,11721.25,327,0.06531670547746636,0.07034106743727146,0.10961712912306297,21.556327160493826,20.83518005540166,0.75016,39,35,99,0.36085626911314983,0.41284403669724773,0.3058103975535168,1
22,19,98,7197.25,8073.75,15534.75,295,0.08270324619362253,0.09277506463659868,0.178509049123815,14.870351239669422,22.364958448753463,1.6175291545189505,37,38,113,0.3423728813559322,0.1864406779661017,0.3864406779661017,1
19,24,135,8173.0,8727.0,13497.0,327,0.07643389538852884,0.08161490334708077,0.12622394299020845,22.6398891966759,15.151041666666666,0.7405761316872428,39,36,104,0.25076452599388377,0.26299694189602446,0.3761467889908257,1
19,22,123,7309.75,7653.0,11092.25,303,0.07961910052391377,0.0833578407345685,0.12081876504482131,20.248614958448755,15.811983471074381,0.7331780025117325,36,30,95,0.297029702970297,0.28052805280528054,0.4158415841584158,1
19,25,107,7941.5,8222.5,12872.25,271,0.1081344208276031,0.11196062145123296,0.17527334867444616,21.998614958448755,13.156,1.1243121670014848,39,37,106,0.47232472324723246,0.22140221402214022,0.5276752767527675,1
17,17,127,11142.375,13601.375,27852.875,343,0.09470862480769067,0.11560977993863102,0.23674553119873523,38.55493079584775,47.063581314878896,1.7268817037634074,65,63,161,0.5539358600583091,0.49854227405247814,0.5072886297376094,1
18,20,116,12321.0,13765.875,29132.5,327,0.11522599107819208,0.1287384619700923,0.2724471378204229,38.02777777777778,34.4146875,2.165019322235434,65,64,161,0.6330275229357798,0.599388379204893,0.6574923547400612,1
17,18,115,8939.75,10841.25,20074.0,295,0.10272622809537489,0.12457627118644068,0.23066934788853777,30.93339100346021,33.460648148148145,1.517882797731569,52,52,131,0.6338983050847458,0.22033898305084745,0.6542372881355932,1
19,25,125,9160.625,10453.0,19322.0,379,0.06377444462235712,0.07277170167292069,0.13451591119527154,25.375692520775623,16.7248,1.236608,47,42,129,0.40897097625329815,0.19525065963060687,0.41952506596306066,1
18,20,173,7112.375,8345.125,10114.5,327,0.06651493046788055,0.07804360837565114,0.09459080324327357,21.951774691358025,20.8628125,0.337949814561128,36,25,92,0.40672782874617736,0.1162079510703364,0.3486238532110092,1
17,18,102,6876.25,7948.875,12951.5,371,0.04995786139304422,0.05775077920096483,0.09409623585995452,23.79325259515571,24.533564814814813,1.2448577470203768,39,32,101,0.3584905660377358,0.24258760107816713,0.4582210242587601,1
18,21,112,7321.0,5875.875,7293.0,255,0.11258746635909266,0.09036332179930796,0.11215686274509803,22.59567901234568,13.323979591836734,0.5813934948979592,33,29,72,0.38823529411764707,0.48627450980392156,0.38823529411764707,1
17,20,76,6605.0,6043.125,10665.125,307,0.07008031915457989,0.06411871743997284,0.11315902555995289,22.85467128027682,15.1078125,1.8464551592797784,30,21,90,0.16612377850162866,0.18892508143322476,0.3811074918566775,1
17,20,158,5299.25,6079.0,8067.5,291,0.06257897285105278,0.07178705967100057,0.09526930480273024,18.336505190311417,15.1975,0.3231653581156866,28,26,77,0.31958762886597936,0.16151202749140894,0.28865979381443296,1
18,20,173,9996.375,9737.0,17201.75,263,0.14452102820627738,0.14077115470803395,0.24869161040350446,30.85300925925926,24.3425,0.5747519128604364,47,46,116,0.6577946768060836,0.6121673003802282,0.46387832699619774,1
17,17,120,8087.25,7745.0,14174.5,315,0.08150415721844294,0.07805492567397329,0.14285210380448476,27.98356401384083,26.79930795847751,0.9843402777777778,36,32,107,0.326984126984127,0.273015873015873,0.47619047619047616,1
17,19,99,6232.0,6362.5,8068.25,243,0.10553946722213754,0.1077494961811377,0.13663652221036765,21.56401384083045,17.62465373961219,0.823206815631058,41,34,80,0.3868312757201646,0.25925925925925924,0.4691358024691358,1
18,20,87,7188.125,7661.125,15475.625,319,0.07063732667721426,0.07528547282357681,0.1520781537131121,22.18557098765432,19.1528125,2.0446062888096184,38,30,112,0.3793103448275862,0.27899686520376177,0.4482758620689655,1
17,20,88,13083.5,12890.0,28892.0,299,0.14634623773783292,0.1441818324179819,0.3231731188689165,45.27162629757785,32.225,3.730888429752066,75,61,162,0.4214046822742475,0.4214046822742475,0.8260869565217391,1
17,20,125,9416.0,8357.875,13761.875,291,0.11119377428230653,0.09869835027928343,0.1625143184421535,32.581314878892734,20.8946875,0.88076,59,39,108,0.5360824742268041,0.436426116838488,0.49828178694158076,1
18,20,105,7770.25,7247.75,14139.5,279,0.09982207320049845,0.09310967228067471,0.18164591924564175,23.982253086419753,18.119375,1.2824943310657597,44,34,107,0.3225806451612903,0.3655913978494624,0.5770609318996416,1
17,19,109,6639.5,7702.0,10833.75,307,0.0704463707837749,0.08171969994376597,0.11494816921134442,22.974048442906575,21.33518005540166,0.9118550627051595,31,29,94,0.43973941368078173,0.23778501628664495,0.38436482084690554,1
17,20,149,7100.25,6296.5,10532.0,315,0.07155706727135298,0.06345679012345679,0.10614260519022424,24.56833910034602,15.74125,0.47439304535831717,49,31,92,0.47619047619047616,0.1746031746031746,0.4126984126984127,1
18,19,105,7790.75,7040.75,10230.0,275,0.10301818181818181,0.093100826446281,0.13527272727272727,24.045524691358025,19.503462603878116,0.927891156462585,44,29,89,0.5418181818181819,0.4036363636363636,0.38545454545454544,1
17,20,151,5762.25,6903.0,8402.5,283,0.0719480827579318,0.08619161183183709,0.10491453258250197,19.938581314878892,17.2575,0.368514538836016,33,31,80,0.4911660777385159,0.3674911660777385,0.4558303886925795,1
18,20,137,9422.625,7859.625,13437.375,311,0.09742067389708543,0.08126079134831111,0.1389292397721281,29.082175925925927,19.6490625,0.7159345196867175,38,30,104,0.28938906752411575,0.19935691318327975,0.45016077170418006,1
17,16,86,7246.0,7764.5,12972.5,295,0.08326343004883655,0.08922148807813847,0.14906636024130998,25.07266435986159,30.330078125,1.7539886425094646,36,38,104,0.4067796610169492,0.3389830508474576,0.43728813559322033,1
17,19,118,5701.75,7313.75,9550.0,271,0.07763715091025448,0.09958674309990333,0.13003635571411065,19.72923875432526,20.259695290858726,0.6858661304222925,36,27,89,0.45387453874538747,0.2915129151291513,0.42435424354243545,1
18,17,123,6584.75,7228.5,12097.5,319,0.06470799225636541,0.07103408968072247,0.1188814968406364,20.323302469135804,25.0121107266436,0.7996232401348403,38,33,101,0.38557993730407525,0.3103448275862069,0.42946708463949845,1
17,19,124,6903.5,7197.0,12840.5,295,0.07932777937374318,0.08270037345590348,0.14754955472565354,23.887543252595155,19.93628808864266,0.835100156087409,40,30,99,0.4610169491525424,0.3152542372881356,0.4711864406779661,1
17,21,89,5764.875,6173.5,7213.5,287,0.06998840583229128,0.07494931345530478,0.08757542279255545,19.94766435986159,13.998866213151928,0.910680469637672,32,27,72,0.11149825783972125,0.14982578397212543,0.47038327526132406,1
18,20,93,6477.0,5826.375,7089.0,263,0.09364021454697914,0.08423390536222874,0.10248810883488269,19.99074074074074,14.5659375,0.8196323274366979,38,31,69,0.3916349809885932,0.2509505703422053,0.2661596958174905,1
17,16,79,6675.375,6161.25,8158.625,303,0.07270937489788583,0.06710943371564879,0.08886519840102822,23.09818339100346,24.0673828125,1.3072624579394327,30,31,82,0.09900990099009901,0.1188118811881188,0.41914191419141916,1
17,20,114,8053.875,7167.125,5385.625,267,0.11297500315616715,0.10053619773036514,0.07554636760229488,27.868079584775085,17.9178125,0.41440635580178514,52,37,60,0.4681647940074906,0.2247191011235955,0.40074906367041196,1
18,17,115,9414.5,8427.5,11568.0,311,0.09733666938927431,0.08713206025578726,0.11960174109035267,29.057098765432098,29.16089965397924,0.8747069943289225,30,28,97,0.36012861736334406,0.18006430868167203,0.3954983922829582,1
17,19,117,6958.0,6819.0,8560.75,319,0.06837590039406059,0.06700995469777223,0.08412604042806184,24.07612456747405,18.889196675900276,0.625374388194901,40,28,81,0.4169278996865204,0.34169278996865204,0.3981191222570533,1
18,20,106,7516.5,7537.5,10562.75,327,0.07029430743764555,0.0704906994360744,0.09878283720973731,23.199074074074073,18.84375,0.9400809896760413,31,33,92,0.38837920489296635,0.308868501529052,0.308868501529052,1
17,18,93,7519.5,7506.75,11678.0,335,0.06700378703497438,0.06689017598574293,0.10405881042548452,26.019031141868513,23.16898148148148,1.3502138975604117,42,22,96,0.4298507462686567,0.2746268656716418,0.33432835820895523,1
17,20,106,7258.0,6359.375,8504.5,295,0.08340132145935077,0.07307526572823901,0.09772479172651537,25.114186851211073,15.8984375,0.7568974724101104,36,30,79,0.4406779661016949,0.29491525423728815,0.2677966101694915,1
18,20,120,8332.5,7372.75,9532.75,287,0.10116063081984727,0.08950879578482196,0.1157322536391118,25.71759259259259,18.431875,0.6619965277777777,39,22,85,0.3623693379790941,0.18466898954703834,0.4843205574912892,1
17,18,99,6820.25,8090.0,10754.75,287,0.08280117519940755,0.09821656205611334,0.13056793211038134,23.59948096885813,24.969135802469136,1.0973114988266504,35,45,90,0.4634146341463415,0.5296167247386759,0.4634146341463415,1
17,18,112,7021.125,5996.25,5461.125,271,0.09560225214798274,0.08164717256028649,0.07436071131929031,24.294550173010382,18.506944444444443,0.4353575414540816,45,32,63,0.47232472324723246,0.17712177121771217,0.3837638376383764,1
18,20,85,7312.5,6321.5,7952.5,311,0.07560405703001416,0.06535809183114319,0.08222102749144447,22.569444444444443,15.80375,1.1006920415224914,40,28,79,0.36977491961414793,0.37942122186495175,0.40836012861736337,1
17,19,134,8198.0,7741.75,9308.75,399,0.05149465141550619,0.04862877745742803,0.0584716804542685,28.366782006920417,21.445290858725762,0.5184200267320116,38,30,88,0.37343358395989973,0.21804511278195488,0.3283208020050125,1
17,20,105,7310.875,7418.125,10984.25,247,0.11983272959727254,0.12159066695077775,0.18004310839384352,25.297145328719722,18.5453125,0.9963038548752835,6,7,89,0.024291497975708502,0.04048582995951417,0.5303643724696356,1
18,20,116,7405.25,8894.75,13295.0,351,0.06010706081931153,0.07219706008879798,0.10791308512106233,22.85570987654321,22.236875,0.9880350772889417,36,23,104,0.3504273504273504,0.1111111111111111,0.39316239316239315,1
17,21,132,9159.375,8091.0,10067.25,271,0.12471746027423374,0.1101700684903528,0.13707942429977804,31.69333910034602,18.346938775510203,0.5777806473829201,45,2,92,0.34686346863468637,0.007380073800738007,0.47232472324723246,1
18,19,127,8436.0,7108.625,8252.25,347,0.0700612080492322,0.059037322791485686,0.06853515933194362,26.037037037037038,19.691481994459835,0.5116405232810466,35,29,80,0.276657060518732,0.2276657060518732,0.3256484149855908,1
15,16,118,7484.75,6661.5,8421.875,295,0.08600689457052571,0.07654696926170641,0.09677535191037058,33.26555555555556,26.021484375,0.6048459494398162,40,37,75,0.3864406779661017,0.34915254237288135,0.3694915254237288,1
17,19,130,6451.25,5895.0,7222.0,267,0.09049432591283367,0.08269157934604217,0.10130595182987558,22.32266435986159,16.329639889196677,0.4273372781065089,32,22,71,0.47191011235955055,0.2546816479400749,0.44569288389513106,1
17,17,132,6244.75,6034.0,7129.0,283,0.0779726304486259,0.07534118293398594,0.08901347251183059,21.608131487889274,20.878892733564015,0.4091483011937557,34,31,74,0.3462897526501767,0.38869257950530034,0.40636042402826855,1
18,20,127,7609.25,7948.0,8579.0,327,0.07116170543070635,0.07432969540536244,0.08023080735815354,23.48533950617284,19.87,0.5318990637981276,33,28,81,0.3363914373088685,0.24464831804281345,0.327217125382263,1
17,20,141,6646.0,6240.75,6560.75,323,0.06370232629470234,0.05981797966049708,0.06288519970478007,22.996539792387544,15.601875,0.3300010059856144,31,31,68,0.3219814241486068,0.3126934984520124,0.2786377708978328,1
18,20,137,7593.5,6631.75,8560.5,291,0.08967182721035415,0.07831449793932523,0.10109115385977964,23.436728395061728,16.579375,0.45609782087484685,28,27,78,0.38831615120274915,0.3745704467353952,0.45017182130584193,1
17,19,90,7060.25,6441.75,8500.75,311,0.0729960401567395,0.06660135854674787,0.08788939320313065,24.42993079584775,17.844182825484765,1.0494753086419752,30,34,78,0.34726688102893893,0.3504823151125402,0.39228295819935693,1
17,15,91,6155.75,5390.0,10974.5,243,0.10424816677674474,0.09128012328743924,0.18585412115361818,21.30017301038062,23.955555555555556,1.3252626494384736,33,30,88,0.3292181069958848,0.5185185185185185,0.6049382716049383,1
18,20,155,7255.625,6459.625,8575.75,295,0.08337403045101982,0.07422723355357656,0.09854352197644355,22.393904320987655,16.1490625,0.35695109261186264,33,24,80,0.39661016949152544,0.15254237288135594,0.2745762711864407,1
17,20,101,7951.75,7623.625,9494.125,351,0.06454290143748834,0.06187957078270469,0.07706207741820277,27.514705882352942,19.0590625,0.9307053230075483,30,28,82,0.2564102564102564,0.19373219373219372,0.2336182336182336,1
18,21,96,8305.25,8036.75,13003.75,335,0.07400534640231678,0.07161283136556026,0.11587213187792382,25.633487654320987,18.22392290249433,1.4109971788194444,41,40,98,0.44776119402985076,0.3701492537313433,0.4716417910447761,1
17,19,135,6866.25,6516.25,7468.25,303,0.074788419436003,0.07097615702164276,0.08134551078870263,23.758650519031143,18.0505540166205,0.40978052126200276,27,37,74,0.30363036303630364,0.264026402640264,0.3069306930693069,1
17,19,101,7735.5,7310.0,9239.5,327,0.07234239542126084,0.06836311945309505,0.08640780330873757,26.76643598615917,20.249307479224377,0.9057445348495246,36,37,84,0.24770642201834864,0.11314984709480122,0.3547400611620795,1
17,20,101,7611.75,7950.75,7909.75,303,0.08290853837859033,0.0866009868313564,0.08615440751995991,26.33823529411765,19.876875,0.7753896676796392,38,33,79,0.4521452145214521,0.36633663366336633,0.30033003300330036,1
18,20,98,5138.5,5648.25,7918.75,263,0.07428906012809207,0.08165869103210976,0.11448408969335974,15.859567901234568,14.120625,0.8245262390670554,26,20,80,0.24714828897338403,0.20912547528517111,0.39543726235741444,1
18,20,110,5662.25,5298.0,5482.75,227,0.10988472510625084,0.10281589008131344,0.10640124978167634,17.47608024691358,13.245,0.4531198347107438,34,38,59,0.31718061674008813,0.4008810572687225,0.41409691629955947,1
17,20,84,6573.5,5774.625,7232.25,247,0.10774639807241554,0.09465201855463948,0.11854398531364226,22.74567474048443,14.4365625,1.0249787414965987,32,36,71,0.29959514170040485,0.291497975708502,0.5060728744939271,1
17,18,139,7350.0,7409.75,8437.0,263,0.1062614755164886,0.10712530179704781,0.12197660801804276,25.432525951557093,22.869598765432098,0.43667512033538636,32,25,82,0.4600760456273764,0.30038022813688214,0.3193916349809886,1
19,19,90,5009.375,5005.0,7063.125,295,0.05756248204538925,0.05751220913530595,0.0811620224073542,13.876385041551247,13.86426592797784,0.8719907407407408,29,25,71,0.15932203389830507,0.3016949152542373,0.288135593220339,1
23,19,80,4892.5,4936.0,7221.75,263,0.07073255360060142,0.07136144804753575,0.10440732119880293,9.248582230623818,13.673130193905816,1.1283984375,24,35,74,0.29277566539923955,0.20532319391634982,0.3688212927756654,1
18,21,122,5789.5,5984.5,5268.625,315,0.05834719072814311,0.06031242126480222,0.05309775762156715,17.868827160493826,13.570294784580499,0.35397910507927977,40,33,56,0.2634920634920635,0.26666666666666666,0.326984126984127,1
30,29,100,6690.0,5104.75,6774.5,279,0.08594442517439396,0.0655791934841536,0.08702997135185828,7.433333333333334,6.069857312722949,0.67745,38,19,67,0.4229390681003584,0.06810035842293907,0.24731182795698925,1
17,16,94,6252.5,5667.625,7367.125,275,0.08267768595041322,0.07494380165289256,0.09741652892561983,21.634948096885815,22.13916015625,0.8337624490719783,37,27,73,0.38181818181818183,0.3090909090909091,0.3527272727272727,1
18,21,103,6350.75,5392.5,6557.0,295,0.07297615627693192,0.061964952599827636,0.07534616489514508,19.60108024691358,12.227891156462585,0.6180601376190027,23,31,62,0.26101694915254237,0.19661016949152543,0.3898305084745763,1
17,17,101,6193.0,5496.25,8227.75,287,0.07518605300537824,0.06672716677390766,0.09988891451881168,21.429065743944637,19.018166089965398,0.8065630820507793,42,33,77,0.3797909407665505,0.27526132404181186,0.3902439024390244,1
21,19,84,6742.25,6303.75,9592.875,287,0.08185421699911374,0.07653061224489796,0.11646220058517161,15.288548752834467,17.46191135734072,1.3595344387755102,27,34,86,0.36585365853658536,0.2926829268292683,0.4529616724738676,1
18,20,105,8123.5,8797.5,11622.75,255,0.12492887351018839,0.13529411764705881,0.17874279123414072,25.07253086419753,21.99375,1.0542176870748299,33,39,97,0.4745098039215686,0.3568627450980392,0.38823529411764707,1
19,21,108,5520.0,5498.5,7534.25,279,0.07091378579411878,0.07063758173713082,0.09679025192379337,15.290858725761773,12.468253968253968,0.645940500685871,18,35,75,0.06451612903225806,0.3978494623655914,0.2903225806451613,1
17,17,123,7539.75,7205.625,11155.0,279,0.096860908775581,0.09256850502948318,0.14330494212561504,26.08910034602076,24.93295847750865,0.7373256659395863,32,34,94,0.4265232974910394,0.4050179211469534,0.5161290322580645,1
19,20,91,6395.25,6529.75,9450.0,303,0.06965820344410678,0.0711232014290538,0.10293108518772669,17.715373961218837,16.324375,1.1411665257819104,35,37,84,0.297029702970297,0.38943894389438943,0.37293729372937295,1
20,19,95,7444.75,6643.375,11660.625,283,0.09295596149283922,0.08294990572987551,0.14559583713119154,18.611875,18.40270083102493,1.2920360110803324,36,33,101,0.2862190812720848,0.28975265017667845,0.392226148409894,1
18,21,95,6779.75,6267.25,10449.875,259,0.1010681116858723,0.09342809439334536,0.1557799525946244,20.925154320987655,14.211451247165533,1.1578808864265928,32,32,91,0.26640926640926643,0.2972972972972973,0.38223938223938225,1
23,21,154,5993.0,5888.0,6245.25,271,0.08160291935022672,0.0801732002559878,0.08503764926948162,11.328922495274101,13.351473922902494,0.26333487940630795,30,26,66,0.36162361623616235,0.3284132841328413,0.44649446494464945,1
17,20,140,6911.75,7984.5,10770.25,295,0.0794225797184717,0.09174949727089916,0.12376041367423155,23.916089965397923,19.96125,0.5495025510204081,37,33,92,0.5254237288135594,0.17966101694915254,0.376271186440678,1
23,29,98,7985.125,9279.0,13776.25,359,0.061957348251487805,0.07199664807070089,0.10689124075697737,15.094754253308128,11.033293697978596,1.4344283631820074,25,26,99,0.2618384401114206,0.19220055710306408,0.28133704735376047,1
17,17,80,8654.875,8531.375,15656.25,319,0.08505100185729307,0.08383737384656204,0.1538531460972278,29.94766435986159,29.52032871972318,2.4462890625,41,33,112,0.3605015673981191,0.27586206896551724,0.3510971786833856,1
23,21,119,9871.75,11484.75,21185.0,383,0.06729713884476682,0.07829319171853377,0.14442119040964216,18.661153119092628,26.042517006802722,1.4960101687733918,50,47,136,0.13838120104438642,0.360313315926893,0.5039164490861618,1
25,26,123,6657.25,6374.75,13260.0,279,0.0855236957387495,0.08189450289693093,0.17034724630978534,10.6516,9.430103550295858,0.876462423160817,27,28,103,0.34767025089605735,0.2078853046594982,0.4910394265232975,1
20,25,101,7323.0,7094.5,11782.75,287,0.08890480641989097,0.08613070451262005,0.14304835557066373,18.3075,11.3512,1.1550583276149398,38,28,96,0.47038327526132406,0.25435540069686413,0.3693379790940767,1
18,19,135,6700.375,6719.375,9208.625,275,0.0886,0.08885123966942149,0.12176694214876033,20.68016975308642,18.613227146814406,0.5052743484224965,48,33,83,0.29818181818181816,0.23636363636363636,0.5454545454545454,1
18,20,88,6241.625,6486.75,12559.125,231,0.11696979067108937,0.1215635014336313,0.23536149997188957,19.264274691358025,16.216875,1.6217878357438016,37,21,95,0.5714285714285714,0.1774891774891775,0.6753246753246753,1
17,18,133,7001.25,6240.75,7886.125,287,0.08499860384367905,0.0757657613908145,0.09574141970887105,24.225778546712803,19.261574074074073,0.44582084911526937,22,32,71,0.14634146341463414,0.3832752613240418,0.397212543554007,1
19,27,127,6427.5,6551.75,6925.0,255,0.09884659746251442,0.10075740099961553,0.10649750096116878,17.804709141274238,8.987311385459533,0.4293508587017174,31,18,65,0.20392156862745098,0.1411764705882353,0.3058823529411765,1
21,26,68,5844.25,6536.125,14343.25,327,0.0546554255627566,0.061125840510993276,0.13413807292689542,13.252267573696145,9.668823964497042,3.10191392733564,29,24,104,0.29357798165137616,0.12844036697247707,0.5076452599388379,1
17,18,89,7221.5,7273.75,15726.875,271,0.09833063275282199,0.09904208820685993,0.21414298552579622,24.9878892733564,22.449845679012345,1.9854658502714304,26,39,107,0.2656826568265683,0.4907749077490775,0.5535055350553506,1
18,20,91,6136.0,5619.75,10580.0,255,0.09436370626682046,0.0864244521337947,0.16270665128796616,18.938271604938272,14.049375,1.2776234754256732,28,25,85,0.44313725490196076,0.21568627450980393,0.5254901960784314,1
17,20,74,11215.0,10033.25,25928.0,311,0.11595206832022001,0.10373393575335242,0.268070015818695,38.806228373702425,25.083125,4.734842951059167,45,42,144,0.38263665594855306,0.3183279742765273,0.7234726688102894,1
17,17,109,10377.75,11087.75,21881.25,351,0.08423430004626586,0.08999724028214057,0.17760610709328659,35.90916955017301,38.3659169550173,1.8417010352663916,50,47,136,0.3418803418803419,0.3162393162393162,0.4074074074074074,1
18,20,72,10838.25,10335.0,19246.875,383,0.07388590828214794,0.07045518068839518,0.13120871367314524,33.451388888888886,25.8375,3.712745949074074,53,38,124,0.39425587467362927,0.3577023498694517,0.4804177545691906,1
17,20,90,13061.625,13856.625,29898.25,335,0.11638783693472934,0.12347182000445533,0.2664134551124972,45.19593425605537,34.6415625,3.691141975308642,50,52,157,0.5134328358208955,0.28955223880597014,0.5552238805970149,1
17,19,135,13405.0,12027.0,22841.25,391,0.08768257664457978,0.07866903016071324,0.14940541990175366,46.3840830449827,33.31578947368421,1.2532921810699589,54,51,133,0.3657289002557545,0.45524296675191817,0.45524296675191817,1
17,19,81,8647.5,9170.25,21118.75,335,0.07705502339051014,0.08171307640899977,0.18818222321229672,29.922145328719722,25.40235457063712,3.2188309708885843,38,35,127,0.37910447761194027,0.27761194029850744,0.4417910447761194,1
17,16,73,9220.625,10398.0,20833.125,351,0.07484212790480596,0.0843986655952468,0.16909866803029197,31.905276816608996,40.6171875,3.909387314693188,40,40,127,0.41025641025641024,0.38746438746438744,0.4358974358974359,1
17,18,101,9031.75,10211.0,19671.25,343,0.07676860831796276,0.08679206793087914,0.1672028661527085,31.251730103806228,31.515432098765434,1.9283648661895894,46,46,126,0.3177842565597668,0.4518950437317784,0.4577259475218659,1
18,20,85,9529.75,10243.25,20440.25,327,0.08912222128702223,0.09579487323364101,0.19115721647074227,29.41280864197531,25.608125,2.8291003460207613,46,42,126,0.14067278287461774,0.2996941896024465,0.581039755351682,1
17,17,78,6116.25,7777.75,13484.25,303,0.06661928569094533,0.08471663998082976,0.1468728556023919,21.163494809688583,26.912629757785467,2.2163461538461537,32,29,101,0.47194719471947194,0.33003300330033003,0.45874587458745875,1
18,21,86,7664.25,8093.0,14412.125,375,0.05450133333333333,0.057550222222222225,0.10248622222222223,23.65509259259259,18.351473922902493,1.9486377771768524,33,30,101,0.30133333333333334,0.19466666666666665,0.296,1
17,20,84,6819.75,9114.75,13746.25,319,0.06701732490836372,0.08957016931830465,0.13508367645758199,23.597750865051903,22.786875,1.9481646825396826,38,35,106,0.4231974921630094,0.21316614420062696,0.4200626959247649,1
17,17,131,7734.75,7257.0,10755.25,299,0.08651748861869554,0.08117358866231922,0.12030346416706748,26.763840830449826,25.110726643598618,0.626726298001282,39,37,85,0.3010033444816054,0.3612040133779264,0.5317725752508361,1
18,20,99,5902.75,8019.75,10961.75,335,0.052597460458899535,0.07146134996658499,0.09767654265983515,18.218364197530864,20.049375,1.1184317926742169,31,31,95,0.2835820895522388,0.28955223880597014,0.3283582089552239,1
17,19,86,7229.25,8774.0,12990.75,347,0.06003911667732478,0.0728683071863399,0.10788852992716491,25.014705882352942,24.304709141274238,1.7564561925365063,30,41,106,0.25360230547550433,0.3659942363112392,0.44668587896253603,1
17,18,121,6930.875,7856.875,13517.375,235,0.12550248981439566,0.1422702580353101,0.2447691263014939,23.98226643598616,24.249614197530864,0.9232549006215423,42,35,100,0.3021276595744681,0.4851063829787234,0.6042553191489362,1
18,19,89,10502.125,10657.75,22506.5,311,0.10858164204257607,0.11019065146141996,0.23269507139090786,32.413966049382715,29.52285318559557,2.841371039010226,51,50,141,0.6045016077170418,0.5337620578778135,0.6688102893890675,1
17,21,84,9534.125,12089.875,25022.375,359,0.07397618733560417,0.09380649591483617,0.19415099975946803,32.990051903114185,27.41468253968254,3.5462549603174605,60,54,151,0.4986072423398329,0.2757660167130919,0.5487465181058496,1
17,16,103,11353.75,13406.0,25668.75,375,0.08073777777777778,0.09533155555555556,0.18253333333333333,39.286332179930795,52.3671875,2.419525874257706,60,60,153,0.37066666666666664,0.16,0.49866666666666665,1
18,19,64,9637.0,11161.75,23550.5,327,0.09012522327899822,0.10438468516492252,0.2202442742380458,29.743827160493826,30.918975069252078,5.7496337890625,56,54,148,0.4923547400611621,0.17737003058103976,0.581039755351682,1
16,17,58,10221.75,12006.75,27128.0,303,0.11133712381139103,0.1307796621246283,0.2954830136478994,39.9287109375,41.54584775086505,8.064209274673008,53,53,158,0.6138613861386139,0.47194719471947194,0.6402640264026402,1
17,18,65,7788.75,9024.0,23618.25,303,0.08483645394242395,0.09829101722053393,0.25725419076561123,26.95069204152249,27.85185185185185,5.590118343195266,43,43,146,0.49504950495049505,0.5148514851485149,0.6666666666666666,1
18,18,82,7080.0,8595.0,15073.75,247,0.11604845186775721,0.14088085364454425,0.2470742021668934,21.85185185185185,26.52777777777778,2.241783164782867,41,38,110,0.5668016194331984,0.5668016194331984,0.5668016194331984,1
17,18,67,7404.5,7927.5,13590.75,335,0.0659790599242593,0.07063934061038094,0.12110269547783471,25.621107266435985,24.46759259259259,3.0275673869458677,40,29,105,0.25970149253731345,0.208955223880597,0.5194029850746269,1
19,21,79,6967.5,7387.0,10175.0,311,0.0720370963906494,0.07637431374779004,0.10519949132039577,19.3005540166205,16.750566893424036,1.6303477006889922,34,31,89,0.4340836012861736,0.09967845659163987,0.38263665594855306,1
18,21,132,10032.0,10626.75,15750.25,311,0.10372101198291994,0.10987014195469443,0.16284209220334778,30.962962962962962,24.096938775510203,0.9039399678604224,42,46,98,0.3504823151125402,0.3536977491961415,0.6463022508038585,1
22,26,116,6913.5,8242.75,9580.25,279,0.08881566269703627,0.10589213910407112,0.1230746007887874,14.284090909090908,12.193417159763314,0.7119686385255648,31,31,82,0.3225806451612903,0.1111111111111111,0.4982078853046595,1
21,19,72,9130.75,10948.75,19692.0,327,0.08539077331687381,0.10239270918085833,0.18415958252672335,20.704648526077097,30.32894736842105,3.798611111111111,42,36,126,0.345565749235474,0.36085626911314983,0.4434250764525994,1
17,18,69,9631.0,9821.25,19745.875,267,0.13509798145576457,0.13776669612422673,0.27698347571154036,33.325259515570934,30.3125,4.147421760134425,55,49,131,0.6441947565543071,0.5430711610486891,0.6292134831460674,1
17,18,94,8604.0,9244.25,16667.25,303,0.09371630232330164,0.10069001949699921,0.18154265921641669,29.771626297577853,28.531635802469136,1.8862890448166592,44,39,121,0.5115511551155115,0.45874587458745875,0.594059405940594,1
18,20,82,9156.625,10464.375,19041.25,327,0.08563275631493796,0.09786283421709732,0.17807376857540985,28.261188271604937,26.1609375,2.831833729922665,48,50,129,0.22935779816513763,0.22324159021406728,0.41896024464831805,1
17,19,75,8785.75,10273.75,22658.75,335,0.07828692359100023,0.09154600133660058,0.20190465582535086,30.40051903114187,28.459141274238227,4.028222222222222,49,46,138,0.3641791044776119,0.33134328358208953,0.5880597014925373,1
17,16,95,8916.5,10276.875,18627.125,279,0.11454760344805437,0.13202393340270552,0.23929709279171646,30.852941176470587,40.14404296875,2.0639473684210525,56,53,130,0.5017921146953405,0.35125448028673834,0.5985663082437276,1
16,18,106,7360.75,8344.0,12093.5,259,0.10972928250920529,0.124386935197746,0.18028204707741388,28.7529296875,25.753086419753085,1.0763171947312211,30,1,101,0.11583011583011583,0.003861003861003861,0.4015444015444015,1
17,20,90,8157.875,9836.375,20687.375,351,0.06621598038976956,0.07984005811641139,0.16791564191849093,28.227941176470587,24.5909375,2.5539969135802467,46,42,133,0.3162393162393162,0.13105413105413105,0.5014245014245015,1
18,19,115,6697.5,7289.0,12368.0,273,0.08986434810610634,0.09780085604261428,0.16594882528948462,20.671296296296298,20.191135734072024,0.9351984877126654,37,35,104,0.2783882783882784,0.358974358974359,0.5201465201465202,1
18,19,140,6332.875,7925.5,14163.25,287,0.07688420400878972,0.09621945149267322,0.17194879141424566,19.54591049382716,21.954293628808863,0.7226147959183673,39,38,110,0.42160278745644597,0.49825783972125437,0.3832752613240418,1
15,17,108,7345.75,8938.25,16004.125,327,0.06869745345042037,0.08359051333127589,0.1496705758026354,32.647777777777776,30.92820069204152,1.3720957647462277,47,43,118,0.3241590214067278,0.3241590214067278,0.4617737003058104,1
17,18,118,7834.0,9367.25,14963.75,343,0.06658790129962856,0.07962031126486413,0.12718977636868992,27.10726643598616,28.911265432098766,1.0746732260844585,37,36,114,0.4139941690962099,0.37900874635568516,0.4577259475218659,1
17,14,110,9206.75,9813.75,18394.75,359,0.07143605341361411,0.07614582444270296,0.14272662378473167,31.85726643598616,50.07015306122449,1.5202272727272728,50,44,119,0.4233983286908078,0.29526462395543174,0.5515320334261838,1
18,20,93,10685.25,10250.75,19064.5,359,0.08290787625794338,0.07953654921982294,0.14792327806270902,32.979166666666664,25.626875,2.2042432651173547,58,39,127,0.4735376044568245,0.27298050139275765,0.4596100278551532,1
18,20,105,6068.5,7851.125,12574.125,335,0.05407440409890844,0.0699587881488082,0.11204388505235019,18.729938271604937,19.6278125,1.1405102040816326,30,31,106,0.16417910447761194,0.19402985074626866,0.33432835820895523,1
17,18,126,7072.125,8247.375,14271.5,251,0.11225417056872113,0.13090863637085126,0.2265281503468199,24.471020761245676,25.45486111111111,0.8989355001259763,43,44,111,0.4302788844621514,0.5896414342629482,0.5418326693227091,1
17,19,144,8261.25,10332.75,16889.5,299,0.09240668448898783,0.11557756624646257,0.18891846847350702,28.585640138408305,28.622576177285318,0.814501350308642,47,43,122,0.5351170568561873,0.3076923076923077,0.4816053511705686,1
17,20,112,7398.75,8058.5,14953.0,319,0.07270712748498934,0.0791904560686314,0.1469423452992797,25.60121107266436,20.14625,1.192044005102041,37,35,109,0.2727272727272727,0.3949843260188088,0.4608150470219436,1
17,18,137,7436.625,9137.625,14378.625,351,0.06036172596001656,0.07416843207441498,0.11670867119585068,25.73226643598616,28.202546296296298,0.7660837018487933,43,43,114,0.22507122507122507,0.4301994301994302,0.4358974358974359,1
18,20,124,7870.375,10302.125,18745.5,339,0.06848508975731155,0.08964527806058074,0.16311640170203878,24.29128086419753,25.7553125,1.2191402185223725,47,47,128,0.32448377581120946,0.4306784660766962,0.5398230088495575,1
22,25,131,9409.0,10006.25,17465.25,327,0.08799296729605627,0.0935784492513724,0.16333501669331987,19.4400826446281,16.01,1.017729153312744,45,44,122,0.3394495412844037,0.37920489296636084,0.5076452599388379,1
20,16,115,10277.0,10116.75,20259.5,371,0.07466525235939872,0.07350099171031887,0.1471908806242326,25.6925,39.5185546875,1.5319092627599245,49,46,134,0.24528301886792453,0.3450134770889488,0.4366576819407008,1
17,16,118,7757.75,9819.75,17703.5,295,0.08914392415972422,0.1128382648664177,0.20343004883654123,26.843425605536332,38.3583984375,1.2714378052283826,36,36,123,0.49491525423728816,0.3864406779661017,0.5525423728813559,1
21,25,112,6962.5,9256.875,15879.25,327,0.0651132994790936,0.08657029430743765,0.14850274481197803,15.787981859410431,14.811,1.265884088010204,45,42,119,0.3425076452599388,0.2966360856269113,0.3669724770642202,1
24,29,125,6982.125,8707.625,14503.125,327,0.06529683247762534,0.08143370834853034,0.1356332239149342,12.121744791666666,10.353894173602853,0.9282,27,37,108,0.2324159021406728,0.18960244648318042,0.3547400611620795,1
17,17,119,8476.5,8458.375,16566.0,315,0.08542705971277399,0.08524439405391786,0.1669538926681784,29.330449826989618,29.26773356401384,1.169832638937928,46,30,121,0.2984126984126984,0.30793650793650795,0.5555555555555556,1
19,22,127,5988.5,8205.75,13263.75,279,0.07693246489639136,0.10541681119204532,0.17039542143600417,16.588642659279778,16.954028925619834,0.8223541447082894,30,35,104,0.36917562724014336,0.12544802867383512,0.5232974910394266,1
21,20,123,7854.0,8633.0,14208.0,291,0.09274807808126971,0.10194730813287514,0.16778261947780493,17.80952380952381,21.5825,0.9391235375768392,44,43,108,0.5429553264604811,0.36769759450171824,0.5429553264604811,1
18,19,115,8640.25,9822.0,18948.25,291,0.10203292356018469,0.11598823821164134,0.22376034765768,26.667438271604937,27.20775623268698,1.4327599243856333,49,46,128,0.5292096219931272,0.3745704467353952,0.5085910652920962,1
20,19,90,7302.25,8108.0,15568.75,255,0.11229911572472126,0.12469050365244137,0.23942714340638216,18.255625,22.45983379501385,1.9220679012345678,17,30,116,0.06666666666666667,0.28627450980392155,0.6470588235294118,1
23,21,77,6723.0,8052.5,13068.0,291,0.07939207142097991,0.0950921694358829,0.15432033159740674,12.708884688090738,18.259637188208618,2.204081632653061,42,41,108,0.39862542955326463,0.43986254295532645,0.5189003436426117,1
17,16,120,6418.5,6881.75,8572.5,307,0.06810151831849674,0.07301668983225286,0.09095587221084574,22.209342560553633,26.8818359375,0.5953125,38,25,82,0.3517915309446254,0.22149837133550487,0.3322475570032573,1
