retriever,query_id,memory_mb
Classic,5299788,3.914609909057617
Classic,6287934,3.9140682220458984
Classic,1011209,3.914102554321289
Classic,5507504,3.914091110229492
Classic,346568,3.914091110229492
Classic,1203808,3.9140682220458984
Classic,1010335,3.914091110229492
Classic,3409325,3.9140682220458984
Classic,4895081,3.914125442504883
Classic,1397599,3.9140682220458984
Classic,1644652,3.9140796661376953
Classic,2227097,3.914091110229492
Classic,3601209,3.914102554321289
Classic,3711744,3.914125442504883
Classic,1776679,3.9140796661376953
Classic,5851433,3.9140796661376953
Classic,4370660,3.9140796661376953
Classic,1040527,3.914102554321289
Classic,3895110,3.9140796661376953
Classic,4382555,3.9140682220458984
Classic,5767055,3.914091110229492
Classic,2966359,3.9141368865966797
Classic,2105501,3.9140567779541016
Classic,1706796,3.9140567779541016
Classic,2151547,3.914091110229492
Classic,4499037,3.914091110229492
Classic,5590619,3.914091110229492
Classic,1305866,3.9140796661376953
Classic,1070632,3.9140796661376953
Classic,1579621,3.9140796661376953
Classic,3353693,3.9140796661376953
Classic,3183267,3.914091110229492
Classic,267585,3.914091110229492
Classic,2208303,3.9140796661376953
Classic,3843978,3.914102554321289
Classic,5635806,3.914125442504883
Classic,1265872,3.914091110229492
Classic,3677350,3.914091110229492
Classic,3513416,3.914113998413086
Classic,4432085,3.9140682220458984
Classic,3084813,3.9140796661376953
Classic,5679395,3.9140796661376953
Classic,4018265,3.9140796661376953
Classic,3527049,3.914102554321289
Classic,1077998,3.914102554321289
Classic,6219647,3.9140796661376953
Classic,4003778,3.9140796661376953
Classic,1850213,3.9140796661376953
Classic,3450981,3.914113998413086
Classic,3421016,3.9140796661376953
Classic,316293,3.9140567779541016
Classic,2819930,3.9140472412109375
Classic,5634233,3.914102554321289
Classic,5984821,3.914113998413086
Classic,2859729,3.914102554321289
Classic,1555823,3.914091110229492
Classic,1250062,3.9140796661376953
Classic,1682807,3.914102554321289
Classic,4604261,3.914102554321289
Classic,525313,3.9140682220458984
Classic,1340509,3.9140796661376953
Classic,3289123,3.9140682220458984
Classic,5662233,3.9140682220458984
Classic,3223160,3.914091110229492
Classic,3258688,3.9140796661376953
Classic,2045751,3.914091110229492
Classic,6053021,3.9140682220458984
Classic,1552659,3.9140682220458984
Classic,3714755,3.9140682220458984
Classic,4994038,3.9140682220458984
Classic,5546008,3.914091110229492
Classic,5591184,3.9140682220458984
Classic,5019203,3.914125442504883
Classic,4646715,3.914091110229492
Classic,1346416,3.914194107055664
Classic,4175214,3.914152145385742
Classic,4011263,3.9141407012939453
Classic,5571959,3.9141407012939453
Classic,2720946,3.914175033569336
Classic,3746682,3.9141292572021484
Classic,297891,3.914152145385742
Classic,1455271,3.914152145385742
Classic,5894445,3.914152145385742
Classic,1241174,3.914186477661133
Classic,3924770,3.9141407012939453
Classic,434590,3.9141407012939453
Classic,4695937,3.9141407012939453
Classic,5832927,3.914163589477539
Classic,4321671,3.914175033569336
Classic,5508475,3.9141292572021484
Classic,5324522,3.914152145385742
Classic,6013566,3.9141407012939453
Classic,4363037,3.9142093658447266
Classic,5516488,3.914163589477539
Classic,4972606,3.9141178131103516
Classic,1925113,3.9141292572021484
Classic,2435093,3.914163589477539
Classic,2962173,3.914152145385742
Classic,6386375,3.9141407012939453
Classic,3878668,3.9141407012939453
Classic,5998189,3.9141178131103516
Classic,3180305,3.9141407012939453
Classic,1515659,3.914163589477539
Classic,6341489,3.9141292572021484
Classic,1671167,3.914163589477539
Classic,5984743,3.9141407012939453
Classic,2119365,3.9141178131103516
Classic,1263837,3.9141292572021484
Classic,2284722,3.9141178131103516
Classic,1407940,3.9141407012939453
Classic,5136947,3.914163589477539
Classic,2011460,3.914152145385742
Classic,2263688,3.9141407012939453
Classic,1320455,3.914163589477539
Classic,1773046,3.9141407012939453
Classic,1202815,3.9141407012939453
Classic,2765403,3.9141178131103516
Classic,1020829,3.914163589477539
Classic,435424,3.9141292572021484
Classic,352956,3.914152145385742
Classic,425874,3.914175033569336
Classic,4955213,3.9141178131103516
Classic,6163035,3.9141292572021484
Classic,3446482,3.914175033569336
Classic,2409062,3.9141178131103516
Classic,6075455,3.9141407012939453
Classic,221171,3.914152145385742
Classic,1708585,3.914175033569336
Classic,3431872,3.9141178131103516
Classic,3899907,3.9141292572021484
Classic,333210,3.914152145385742
Classic,3408817,3.914152145385742
Classic,2456608,3.9141292572021484
Classic,1138728,3.914152145385742
Classic,102381,3.914152145385742
Classic,3310199,3.914152145385742
Classic,384192,3.914152145385742
Classic,3790054,3.9141407012939453
Classic,4134703,3.9141178131103516
Classic,114977,3.914152145385742
Classic,159878,3.9141407012939453
Classic,4223029,3.9141178131103516
Classic,5211805,3.9141407012939453
Classic,292631,3.914152145385742
Classic,1016522,3.9141292572021484
Classic,6351265,3.9141407012939453
Classic,3990258,3.914175033569336
Classic,1154489,3.9141178131103516
Classic,5517500,3.9141292572021484
Classic,1952166,3.9141407012939453
Classic,1416349,3.9141407012939453
Classic,3216677,3.9141407012939453
Classic,5719491,3.914152145385742
Classic,1341494,3.914152145385742
Classic,1028197,3.914152145385742
Classic,2364664,3.914175033569336
Classic,4702150,3.914152145385742
Classic,5210824,3.9141292572021484
Classic,2958343,3.9141292572021484
Classic,1568471,3.9141407012939453
Classic,3964562,3.914152145385742
Classic,1717352,3.9141292572021484
Classic,5837609,3.9141292572021484
Classic,5813041,3.9141979217529297
Classic,2997872,3.9141407012939453
Classic,3284246,3.9141178131103516
Classic,2130387,3.9141407012939453
Classic,5858213,3.914152145385742
Classic,3823779,3.9141979217529297
Classic,4449340,3.9141178131103516
Classic,5242937,3.914152145385742
Classic,3345443,3.914186477661133
Classic,5489694,3.9141292572021484
Classic,3727614,3.9141292572021484
Classic,5725329,3.914163589477539
Classic,2388017,3.914152145385742
Classic,4337388,3.9141407012939453
Classic,4542555,3.9141178131103516
Classic,1742928,3.9141407012939453
Classic,1208620,3.9141292572021484
Classic,6372446,3.914163589477539
Classic,3678780,3.914152145385742
Classic,3637792,3.914186477661133
Classic,5835632,3.914186477661133
Classic,3412552,3.9141178131103516
Classic,3784642,3.914175033569336
Classic,2249513,3.914152145385742
Classic,3994629,3.914152145385742
Classic,4093193,3.9141407012939453
Classic,3940443,3.914152145385742
Classic,5342699,3.914152145385742
Classic,2983666,3.914186477661133
Classic,529339,3.9141407012939453
Classic,2997326,3.9141292572021484
Classic,1181883,3.914152145385742
Classic,1578571,3.9141407012939453
Classic,4990938,3.9141407012939453
Classic,5193988,3.914175033569336
Classic,4171316,3.9141407012939453
Classic,595005,3.9141407012939453
Classic,2974317,3.9141178131103516
Classic,172332,3.9141292572021484
Classic,1451423,3.914186477661133
Classic,2403263,3.914152145385742
Classic,3335342,3.9141178131103516
Classic,1295286,3.914163589477539
Classic,6020647,3.914152145385742
Classic,5913997,3.9141407012939453
Classic,114290,3.9141407012939453
Classic,3668800,3.9141407012939453
Classic,4852505,3.914152145385742
Classic,2667746,3.9141407012939453
Classic,1202645,3.914152145385742
Classic,221628,3.914175033569336
Classic,5892697,3.9141979217529297
Classic,3420522,3.914175033569336
Classic,5375356,3.9141407012939453
Classic,4556631,3.914152145385742
Classic,3880043,3.914163589477539
Classic,4557468,3.914152145385742
Classic,1262444,3.9141292572021484
Classic,2144649,3.914152145385742
Classic,4965439,3.914152145385742
Classic,176319,3.9141292572021484
Classic,5262524,3.914152145385742
Classic,4988240,3.9141407012939453
Classic,4536961,3.9141407012939453
Classic,5827256,3.9141292572021484
Classic,1107871,3.9141407012939453
Classic,1742368,3.914152145385742
Classic,2182354,3.914152145385742
Classic,4392637,3.9141979217529297
Classic,57975,3.9141407012939453
Classic,6319414,3.914152145385742
Classic,4164053,3.914152145385742
Classic,277058,3.9141407012939453
Classic,1401471,3.914152145385742
Classic,5163910,3.914163589477539
Classic,3794093,3.9141407012939453
Classic,4938255,3.914163589477539
Classic,255457,3.914152145385742
Classic,1885819,3.9141407012939453
Classic,2160326,3.914152145385742
Classic,4444346,3.914152145385742
Classic,4684037,3.9141407012939453
Classic,3817273,3.9141178131103516
Classic,5471841,3.914175033569336
Classic,261112,3.9141178131103516
Classic,1940858,3.9141178131103516
Classic,39751,3.9141407012939453
Classic,1006365,3.914175033569336
Classic,4961817,3.9141407012939453
Classic,2663338,3.9141292572021484
Classic,4703848,3.9141292572021484
Classic,4566246,3.914163589477539
Classic,1609854,3.9141407012939453
Classic,4997395,3.9141407012939453
Classic,2401207,3.914152145385742
Classic,2616251,3.9141178131103516
Classic,4720752,3.914175033569336
Classic,5446902,3.9141407012939453
Classic,4304490,3.914163589477539
Classic,6220453,3.914186477661133
Classic,6244530,3.9141292572021484
Classic,6057081,3.914152145385742
Classic,5731699,3.914152145385742
Classic,5519007,3.9141407012939453
Classic,1775170,3.914186477661133
Classic,4832681,3.914163589477539
Classic,2736719,3.914163589477539
Classic,4335992,3.914152145385742
Classic,4722891,3.914175033569336
Classic,5095605,3.9141292572021484
Classic,2064070,3.9141407012939453
Classic,4437445,3.9141292572021484
Classic,32046,3.914152145385742
Classic,2722684,3.9141178131103516
Classic,114185,3.9141407012939453
Classic,3763304,3.914152145385742
Classic,3118616,3.914163589477539
Classic,1119434,3.914175033569336
Classic,3178780,3.914152145385742
Classic,2775355,3.9141292572021484
Classic,2177379,3.9141292572021484
Classic,32329,3.9141178131103516
Classic,5950416,3.914175033569336
Classic,5736119,3.9141407012939453
Classic,4887472,3.9141407012939453
Classic,1306156,3.9141292572021484
Classic,1359907,3.9141292572021484
Classic,5433002,3.9141292572021484
Classic,5865847,3.914152145385742
Classic,108141,3.9141407012939453
Classic,3790860,3.914152145385742
Classic,1762055,3.914152145385742
Classic,5679396,3.9141292572021484
Classic,598090,3.914163589477539
Classic,4556098,3.9141407012939453
Classic,2987957,3.9141979217529297
Classic,436019,3.9141292572021484
Classic,5573495,3.914163589477539
Classic,2298254,3.9141292572021484
Classic,2703379,3.9141407012939453
Classic,4926591,3.914186477661133
Classic,365705,3.914152145385742
Classic,2075574,3.914186477661133
Classic,5640946,3.914163589477539
Classic,2892764,3.914152145385742
Classic,5358454,3.914152145385742
Classic,5590627,3.914152145385742
Classic,2902047,3.9141407012939453
Classic,3350380,3.9141407012939453
Classic,4220432,3.9141407012939453
Classic,1597130,3.9141407012939453
Classic,5469765,3.9141407012939453
Classic,4789489,3.9141407012939453
Classic,4832773,3.914152145385742
Classic,2823270,3.914163589477539
Classic,1961411,3.914152145385742
Classic,2023599,3.9141407012939453
Classic,6155967,3.9141407012939453
Classic,4180731,3.9141407012939453
Classic,32902,3.9141407012939453
Classic,6168664,3.914152145385742
Classic,1570337,3.9141407012939453
Classic,1101380,3.9141979217529297
Classic,5207652,3.914152145385742
Classic,407765,3.914175033569336
Classic,4042131,3.914186477661133
Classic,5207645,3.914152145385742
Classic,1390975,3.9141292572021484
Classic,1960028,3.9141407012939453
Classic,5468039,3.9141178131103516
Classic,4865176,3.9141407012939453
Classic,3736729,3.914163589477539
Classic,1765059,3.9141407012939453
Classic,5884875,3.9141407012939453
Classic,3260497,3.9141407012939453
Classic,1199396,3.9141292572021484
Classic,3534087,3.914152145385742
Classic,3754566,3.9141407012939453
Classic,1991478,3.9141407012939453
Classic,1024056,3.9141407012939453
Classic,3460811,3.914175033569336
Classic,1938310,3.9141407012939453
Classic,4032973,3.9141292572021484
Classic,543562,3.9141407012939453
Classic,5975249,3.9141292572021484
Classic,4507798,3.9141407012939453
Classic,6381629,3.914163589477539
Classic,6356930,3.914186477661133
Classic,6357695,3.914163589477539
Classic,5965768,3.9141407012939453
Classic,2616095,3.9141407012939453
Classic,5935727,3.9141292572021484
Classic,3405327,3.914152145385742
Classic,6213291,3.9141292572021484
Classic,1445590,3.9141407012939453
Classic,2571477,3.9141178131103516
Classic,1757962,3.9141292572021484
Classic,134441,3.9141292572021484
Classic,4175890,3.914175033569336
Classic,2997428,3.914152145385742
Classic,2730746,3.9141407012939453
Classic,303246,3.9141407012939453
Classic,5255166,3.914152145385742
Classic,5119166,3.914175033569336
Classic,2143759,3.914152145385742
Classic,1012393,3.9141292572021484
Classic,1725061,3.9142093658447266
Classic,2184043,3.9141178131103516
Classic,5779990,3.9141407012939453
Classic,5502419,3.914152145385742
Classic,2839061,3.914152145385742
Classic,4610332,3.9142208099365234
Classic,1401465,3.914152145385742
Classic,3934033,3.914152145385742
Classic,2183102,3.9141979217529297
Classic,3470450,3.914152145385742
Classic,3077285,3.914163589477539
Classic,377287,3.914163589477539
Classic,5616865,3.914186477661133
Classic,2376462,3.914175033569336
Classic,3050231,3.914152145385742
Classic,1553444,3.9141407012939453
Classic,4153945,3.914163589477539
Classic,4246057,3.9141292572021484
Classic,1180348,3.914152145385742
Classic,328548,3.914163589477539
Classic,2230476,3.9141407012939453
Classic,426529,3.914152145385742
Classic,2850614,3.914175033569336
Classic,4416303,3.914163589477539
Classic,3101236,3.9141407012939453
Classic,3638231,3.914186477661133
Classic,1679427,3.914152145385742
Classic,2138088,3.914163589477539
Classic,2995132,3.914175033569336
Classic,2585972,3.914152145385742
Classic,1848574,3.9141292572021484
Classic,114873,3.9141178131103516
Classic,2267564,3.914152145385742
Classic,3173110,3.9141407012939453
Classic,3227933,3.9141292572021484
Classic,3378328,3.9141407012939453
Classic,133403,3.914163589477539
Classic,2381783,3.9141407012939453
Classic,2849736,3.9141407012939453
Classic,2737656,3.9141292572021484
Classic,570516,3.9141178131103516
Classic,1003868,3.9142093658447266
Classic,4108047,3.9141407012939453
Classic,2216762,3.914175033569336
Classic,2170698,3.9141407012939453
Classic,329015,3.9142093658447266
Classic,1371149,3.9141292572021484
Classic,4259303,3.914163589477539
Classic,3158632,3.914163589477539
Classic,5483756,3.914152145385742
Classic,1470329,3.914152145385742
Classic,3504407,3.9141178131103516
Classic,3978029,3.914163589477539
Classic,4848204,3.914186477661133
Classic,2626366,3.9141292572021484
Classic,2394252,3.914152145385742
Classic,4925629,3.914163589477539
Classic,131924,3.9141407012939453
Classic,4389733,3.9141292572021484
Classic,1481006,3.9141407012939453
Classic,2572817,3.9141407012939453
Classic,2607150,3.9141178131103516
Classic,5602650,3.9141292572021484
Classic,441342,3.9141178131103516
Classic,3467540,3.9141292572021484
Classic,1917102,3.9141178131103516
Classic,5669909,3.9141407012939453
Classic,4817739,3.914163589477539
Classic,3579104,3.9141292572021484
Classic,2091789,3.9141407012939453
Classic,2860888,3.914152145385742
Classic,464025,3.914152145385742
Classic,5966834,3.9141407012939453
Classic,4101141,3.914152145385742
Classic,1018172,3.9141407012939453
Classic,4459676,3.914186477661133
Classic,6333575,3.914163589477539
Classic,262161,3.9141407012939453
Classic,2354370,3.914152145385742
Classic,527910,3.914163589477539
Classic,2255639,3.914152145385742
Classic,541811,3.914152145385742
Classic,583256,3.9141407012939453
Classic,4127095,3.914163589477539
Classic,4872862,3.914163589477539
Classic,1211754,3.914152145385742
Classic,1851445,3.9141407012939453
Classic,5605815,3.914186477661133
Classic,1404683,3.9141407012939453
Classic,4079683,3.914152145385742
Classic,3331871,3.9141407012939453
Classic,3795207,3.9141979217529297
Classic,5271262,3.9141407012939453
Classic,1728132,3.914163589477539
Classic,4907076,3.9141178131103516
Classic,1284155,3.914163589477539
Classic,5322075,3.9141292572021484
Classic,2185446,3.914152145385742
Classic,144272,3.9141178131103516
Classic,5733342,3.914175033569336
Classic,6155859,3.914152145385742
Classic,631174,3.914152145385742
Classic,2253001,3.914163589477539
Classic,1072810,3.914186477661133
Classic,382577,3.9141292572021484
Classic,1125455,3.914186477661133
Classic,4338937,3.914186477661133
Classic,4422428,3.9141292572021484
Classic,4082142,3.9141407012939453
Classic,483921,3.9141292572021484
Classic,2351278,3.914175033569336
Classic,2457668,3.914175033569336
Classic,6079444,3.914152145385742
Classic,1679576,3.9141407012939453
Classic,5785923,3.914163589477539
Classic,5039203,3.914163589477539
Classic,5828929,3.9141407012939453
Classic,1145657,3.9141407012939453
Classic,2351599,3.9142208099365234
Classic,544321,3.9142093658447266
Classic,2010779,3.9141407012939453
Classic,3533868,3.9141178131103516
Classic,3050557,3.914175033569336
Classic,4239886,3.914186477661133
Classic,2567125,3.9141292572021484
Classic,6341076,3.914175033569336
Classic,239464,3.914163589477539
Classic,1085625,3.914186477661133
Classic,252574,3.9141407012939453
Classic,4775767,3.914152145385742
Classic,2352421,3.9141407012939453
Classic,443487,3.914175033569336
Classic,4147273,3.9142093658447266
Classic,4389381,3.914175033569336
Classic,2575944,3.9141407012939453
Classic,563879,3.914152145385742
Classic,4672468,3.9141407012939453
Classic,2753570,3.914175033569336
Classic,4946320,3.9141292572021484
Classic,4235441,3.914175033569336
Classic,1977745,3.9141407012939453
Classic,5231602,3.914163589477539
Classic,1146188,3.9141178131103516
Classic,5809935,3.9141178131103516
Classic,1334191,3.9141292572021484
Classic,499389,3.9141407012939453
Classic,2268103,3.914152145385742
Classic,5718400,3.914152145385742
Classic,4069697,3.9141407012939453
Classic,5639753,3.9141407012939453
Classic,4346860,3.914152145385742
Classic,5972324,3.914163589477539
Classic,4602234,3.914152145385742
Classic,2821445,3.9141407012939453
Classic,1483495,3.9141407012939453
Classic,5538472,3.9141407012939453
Classic,5994916,3.9141407012939453
Classic,5213680,3.914186477661133
Classic,6214747,3.914175033569336
Classic,1776829,3.914163589477539
Classic,3729268,3.914163589477539
Classic,5559189,3.9141407012939453
Classic,3208189,3.914152145385742
Classic,5527000,3.914152145385742
Classic,4610979,3.914152145385742
Classic,4346957,3.914152145385742
Classic,416205,3.914152145385742
Classic,2438086,3.914175033569336
Classic,1374089,3.9141292572021484
Classic,6236609,3.9141407012939453
Classic,544160,3.9141178131103516
Classic,2089863,3.914186477661133
Classic,3847613,3.9141407012939453
Classic,1419407,3.9141407012939453
Classic,5820128,3.9141292572021484
Classic,416465,3.914152145385742
Classic,3250211,3.914163589477539
Classic,1181554,3.9142322540283203
Classic,4326700,3.9141407012939453
Classic,1866208,3.9141407012939453
Classic,4966019,3.9141292572021484
Classic,3734341,3.914152145385742
Classic,3089024,3.9141292572021484
Classic,4563269,3.9141407012939453
Classic,5241113,3.9141407012939453
Classic,3957364,3.914152145385742
Classic,3723343,3.9141407012939453
Classic,1218527,3.9141292572021484
Classic,3368656,3.914152145385742
Classic,151596,3.9141407012939453
Classic,1425761,3.9141292572021484
Classic,550092,3.9141979217529297
Classic,5786594,3.9141178131103516
Classic,3449640,3.914152145385742
Classic,1828756,3.9141292572021484
Classic,3409621,3.914163589477539
Classic,4959077,3.914163589477539
Classic,3417151,3.9141407012939453
Classic,4393988,3.9141979217529297
Classic,2341087,3.914152145385742
Classic,4816123,3.914152145385742
Classic,2145204,3.9141407012939453
Classic,495949,3.9141407012939453
Classic,3296939,3.914175033569336
Classic,4518053,3.914152145385742
Classic,5201624,3.9141292572021484
Classic,1656204,3.914152145385742
Classic,2883408,3.914152145385742
Classic,527358,3.9141292572021484
Classic,317466,3.914163589477539
Classic,3307887,3.9141979217529297
Classic,2014017,3.914163589477539
Classic,1495317,3.914163589477539
Classic,5288688,3.914175033569336
Classic,1946645,3.914152145385742
Classic,2383369,3.9141407012939453
Classic,1489898,3.9141407012939453
Classic,5845137,3.9141407012939453
Classic,5490351,3.914175033569336
Classic,1389845,3.9141292572021484
Classic,2223199,3.914186477661133
Classic,313874,3.9141178131103516
Classic,2133704,3.914163589477539
Classic,1712723,3.914163589477539
Classic,4207095,3.914163589477539
Classic,4257437,3.9141178131103516
Classic,2866825,3.9141292572021484
Classic,1698385,3.9141407012939453
Classic,3349374,3.9141292572021484
Classic,2182546,3.914163589477539
Classic,2053262,3.9141178131103516
Classic,4266176,3.9141407012939453
Classic,2963158,3.9141292572021484
Classic,5458144,3.9141292572021484
Classic,3797871,3.9141407012939453
Classic,5512795,3.914152145385742
Classic,5499635,3.9141407012939453
Classic,1874923,3.914163589477539
Classic,623340,3.914152145385742
Classic,3288985,3.914163589477539
Classic,2818548,3.9141292572021484
Classic,4793901,3.914163589477539
Classic,2305257,3.914152145385742
Classic,4549309,3.9142093658447266
Classic,2972406,3.914175033569336
Classic,3014250,3.914175033569336
Classic,1672871,3.914152145385742
Classic,1074798,3.9141407012939453
Classic,4248795,3.914152145385742
Classic,6024428,3.9141407012939453
Classic,4475585,3.914152145385742
Classic,5979841,3.914163589477539
Classic,3646966,3.914152145385742
Classic,3134845,3.9141292572021484
Classic,3657359,3.914163589477539
Classic,3494751,3.9141292572021484
Classic,4012235,3.914186477661133
Classic,2872682,3.9141292572021484
Classic,4098349,3.9141292572021484
Classic,1939841,3.914163589477539
Classic,3029287,3.9141178131103516
Classic,4270585,3.9141407012939453
Classic,6337530,3.914152145385742
Classic,5559447,3.914175033569336
Classic,2492200,3.914175033569336
Classic,3506958,3.9141292572021484
Classic,4280289,3.9141292572021484
Classic,4600871,3.914175033569336
Classic,5478105,3.914243698120117
Classic,5161710,3.9141292572021484
Classic,2140677,3.914175033569336
Classic,6244236,3.914163589477539
Classic,3025411,3.914152145385742
Classic,1210230,3.914163589477539
Classic,5891364,3.914163589477539
Classic,1716415,3.9141292572021484
Classic,1149463,3.914152145385742
Classic,4547086,3.9141178131103516
Classic,6201636,3.9141407012939453
Classic,426218,3.9141407012939453
Classic,5116237,3.914163589477539
Classic,3375418,3.9141407012939453
Classic,4644312,3.914152145385742
Classic,134842,3.914163589477539
Classic,4710580,3.9141407012939453
Classic,581914,3.9141292572021484
Classic,1674565,3.914175033569336
Classic,3369189,3.9141178131103516
Classic,5318494,3.914175033569336
Classic,1956956,3.9141407012939453
Classic,3584287,3.9141407012939453
Classic,5871812,3.914163589477539
Classic,4849183,3.9142093658447266
Classic,5519066,3.9141178131103516
Classic,5807249,3.9141292572021484
Classic,5161178,3.9141407012939453
Classic,3189416,3.9141407012939453
Classic,5093856,3.914152145385742
Classic,14081,3.9141292572021484
Classic,3371797,3.914152145385742
Classic,6009715,3.914163589477539
Classic,5130169,3.9142093658447266
Classic,4536966,3.9141407012939453
Classic,5141891,3.9141979217529297
Classic,1056367,3.9141407012939453
Classic,3054306,3.914152145385742
Classic,1400501,3.9141292572021484
Classic,2129555,3.914152145385742
Classic,2277682,3.9141407012939453
Classic,5216541,3.914163589477539
Classic,2045127,3.914186477661133
Classic,4656891,3.914152145385742
Classic,2065591,3.9141292572021484
Classic,1131241,3.9141407012939453
Classic,3917828,3.914163589477539
Classic,2284353,3.914175033569336
Classic,3299760,3.9141407012939453
Classic,4048139,3.9141292572021484
Classic,2247982,3.9141407012939453
Classic,1621077,3.914152145385742
Classic,3331144,3.9141407012939453
Classic,1792141,3.914243698120117
Classic,1141676,3.914152145385742
Classic,1233181,3.9141292572021484
Classic,636700,3.914152145385742
Classic,4671892,3.9141292572021484
Classic,2096772,3.914186477661133
Classic,3394837,3.9141292572021484
Classic,6104666,3.9141407012939453
Classic,5315539,3.9141979217529297
Classic,356041,3.914163589477539
Classic,5763739,3.914175033569336
Classic,2673476,3.914152145385742
Classic,5612772,3.9141979217529297
Classic,5709980,3.9141292572021484
Classic,5374565,3.9141407012939453
Classic,2967781,3.9141407012939453
Classic,5157284,3.914152145385742
Classic,5463212,3.9141407012939453
Classic,2276496,3.914175033569336
Classic,2857216,3.9141407012939453
Classic,4067802,3.9142093658447266
Classic,3467850,3.914163589477539
Classic,1466717,3.914152145385742
Classic,6348401,3.914175033569336
Classic,1045667,3.9141178131103516
Classic,4357655,3.914163589477539
Classic,5355416,3.914186477661133
Classic,2156003,3.9142208099365234
Classic,1340392,3.9141292572021484
Classic,144030,3.9141292572021484
Classic,5574465,3.914163589477539
Classic,1549801,3.9141292572021484
Classic,3096727,3.9141178131103516
Classic,266254,3.914243698120117
Classic,2465167,3.9141178131103516
Classic,470861,3.9141292572021484
Classic,34557,3.9141292572021484
Classic,4838265,3.9141407012939453
Classic,4151609,3.914175033569336
Classic,3890237,3.914175033569336
Classic,6031947,3.9141407012939453
Classic,1934038,3.9141292572021484
Classic,14039,3.9141407012939453
Classic,6019659,3.9141407012939453
Classic,5860328,3.9141292572021484
Classic,6123851,3.9141178131103516
Classic,5004568,3.914163589477539
Classic,3834869,3.914175033569336
Classic,3312569,3.914163589477539
Classic,2540577,3.914152145385742
Classic,2329040,3.9141407012939453
Classic,3827249,3.914175033569336
Classic,6238444,3.9141178131103516
Classic,5537725,3.914163589477539
Classic,2150872,3.914175033569336
Classic,5375968,3.914152145385742
Classic,2412075,3.9141407012939453
Classic,4711167,3.914175033569336
Classic,5656940,3.914163589477539
Classic,4298954,3.9141407012939453
Classic,1459856,3.914152145385742
Classic,6085026,3.914163589477539
Classic,4987229,3.9141407012939453
Classic,2111910,3.9141979217529297
Classic,6019970,3.9141407012939453
Classic,4736213,3.9141407012939453
Classic,1470710,3.9141292572021484
Classic,2525335,3.9141407012939453
Classic,3076814,3.914163589477539
Classic,4497077,3.914163589477539
Classic,1484311,3.9141292572021484
Classic,3130029,3.914152145385742
Classic,1411378,3.914163589477539
Classic,4631905,3.9141407012939453
Classic,4547288,3.914152145385742
Classic,468377,3.9141292572021484
Classic,5245704,3.9141407012939453
Classic,2571620,3.9141407012939453
Classic,3633749,3.9141407012939453
Classic,4271222,3.9141292572021484
Classic,3486001,3.914163589477539
Classic,5069519,3.914152145385742
Classic,1216804,3.9141407012939453
Classic,4112705,3.914175033569336
Classic,3737610,3.914152145385742
Classic,4154683,3.914175033569336
Classic,3730430,3.9141292572021484
Classic,4237791,3.9141407012939453
Classic,2573332,3.9141292572021484
Classic,106544,3.914163589477539
Classic,1334134,3.914186477661133
Classic,4497363,3.9141178131103516
Classic,6002614,3.9141407012939453
Classic,4211860,3.914163589477539
Classic,3580359,3.9141979217529297
Classic,4382311,3.914152145385742
Classic,4431314,3.9141292572021484
Classic,4241244,3.9141407012939453
Classic,4196959,3.914175033569336
Classic,1949648,3.9141292572021484
Classic,5078384,3.914163589477539
Classic,5097701,3.914163589477539
Classic,1451762,3.914152145385742
Classic,6002684,3.914152145385742
Classic,5825909,3.9141178131103516
Classic,4496667,3.9141292572021484
Classic,5255518,3.9141407012939453
Classic,2440457,3.9141407012939453
Classic,1671070,3.9141292572021484
Classic,4131094,3.9141979217529297
Classic,3152728,3.9141407012939453
Classic,289549,3.914163589477539
Classic,1506519,3.9141407012939453
Classic,3516831,3.9141407012939453
Classic,1509884,3.9141407012939453
Classic,3449914,3.9141178131103516
Classic,5452715,3.9141407012939453
Classic,1220618,3.914152145385742
Classic,1711487,3.9141178131103516
Classic,5475534,3.914255142211914
Classic,5446866,3.9141407012939453
Classic,4222138,3.914152145385742
Classic,427641,3.914163589477539
Classic,2497872,3.914152145385742
Classic,6268528,3.9141407012939453
Classic,5523895,3.914175033569336
Classic,5012075,3.914152145385742
Classic,629903,3.9141292572021484
Classic,618954,3.914152145385742
Classic,1747307,3.914163589477539
Classic,2663232,3.9141407012939453
Classic,5109015,3.9141407012939453
Classic,398287,3.9141407012939453
Classic,374300,3.9141292572021484
Classic,4965925,3.9141178131103516
Classic,3337510,3.9141292572021484
Classic,4071243,3.914175033569336
Classic,2944561,3.914152145385742
Classic,6334469,3.914152145385742
Classic,4710152,3.9141407012939453
Classic,4019189,3.914163589477539
Classic,1008960,3.9141292572021484
Classic,385828,3.914163589477539
Classic,2398763,3.9141178131103516
Classic,5749657,3.914152145385742
Classic,2564110,3.914163589477539
Classic,248965,3.9141292572021484
Classic,2553883,3.914175033569336
Classic,1109802,3.914152145385742
Classic,4244456,3.9141407012939453
Classic,6228621,3.9141407012939453
Classic,5017515,3.9141292572021484
Classic,118186,3.9141292572021484
Classic,1486403,3.914152145385742
Classic,3886844,3.9141407012939453
Classic,1332237,3.9141292572021484
Classic,5089218,3.9141292572021484
Classic,252193,3.9141082763671875
Classic,4677589,3.9141407012939453
Classic,4192405,3.914175033569336
Classic,5799660,3.914163589477539
Classic,4499704,3.9141407012939453
Classic,5739806,3.914163589477539
Classic,4590235,3.9141178131103516
Classic,2882474,3.9141407012939453
Classic,1456935,3.914163589477539
Classic,5273871,3.9141407012939453
Classic,2775930,3.914163589477539
Classic,4287619,3.9141979217529297
Classic,307373,3.914175033569336
Classic,4921122,3.9141979217529297
Classic,1140444,3.914175033569336
Classic,2380941,3.914163589477539
Classic,2964885,3.914152145385742
Classic,1409524,3.9141407012939453
Classic,3952935,3.914163589477539
Classic,4065797,3.9142093658447266
Classic,1987019,3.9141407012939453
Classic,3944044,3.9141292572021484
Classic,5245492,3.9141407012939453
Classic,1906998,3.9141178131103516
Classic,2070689,3.9141407012939453
Classic,4479260,3.914175033569336
Classic,5287891,3.9141178131103516
Classic,5282651,3.914152145385742
Classic,2659553,3.9141407012939453
Classic,2947113,3.9141407012939453
Classic,4164689,3.914186477661133
Classic,5746950,3.9141407012939453
Classic,459476,3.9141407012939453
Classic,5976027,3.914175033569336
Classic,1341370,3.914163589477539
Classic,5233318,3.9141178131103516
Classic,247695,3.914152145385742
Classic,5978756,3.9141292572021484
Classic,6018740,3.914163589477539
Classic,4379005,3.9141292572021484
Classic,1358442,3.9141292572021484
Classic,2396449,3.914175033569336
Classic,1162415,3.9141292572021484
Classic,1744672,3.9141407012939453
Classic,1140078,3.9141178131103516
Classic,3106757,3.914152145385742
Classic,1003655,3.9141407012939453
Classic,1704209,3.914152145385742
Classic,5704761,3.9141292572021484
Classic,5531947,3.9141292572021484
Classic,3045502,3.9141407012939453
Classic,623100,3.9141292572021484
Classic,2642439,3.9141407012939453
Classic,5276254,3.9141292572021484
Classic,1704362,3.9141292572021484
Classic,3028180,3.9141292572021484
Classic,1444620,3.914152145385742
Classic,3150630,3.914163589477539
Classic,2272178,3.914152145385742
Classic,5427227,3.914152145385742
Classic,4313573,3.914152145385742
Classic,5798963,3.9141407012939453
Classic,5919132,3.914163589477539
Classic,325775,3.9141407012939453
Classic,2284504,3.914152145385742
Classic,323727,3.914163589477539
Classic,2367373,3.9141407012939453
Classic,2818639,3.9141178131103516
Classic,4730229,3.914152145385742
Classic,3908695,3.914163589477539
Classic,5142481,3.9141292572021484
Classic,5726137,3.914152145385742
Classic,5029187,3.9141292572021484
Classic,2147283,3.9141407012939453
Classic,2047468,3.914175033569336
Classic,4513386,3.914163589477539
Classic,2295012,3.9141292572021484
Classic,1193461,3.9141979217529297
Classic,4289882,3.914152145385742
Classic,450211,3.914163589477539
Classic,6106194,3.9141292572021484
Classic,5150046,3.914163589477539
Classic,4659608,3.9141178131103516
Classic,1326539,3.9141407012939453
Classic,4370797,3.914152145385742
Classic,3954786,3.9141292572021484
Classic,1313562,3.9141407012939453
Classic,5360190,3.914152145385742
Classic,2154201,3.9141407012939453
Classic,5802495,3.9141178131103516
Classic,442927,3.9141407012939453
Classic,4708186,3.9141407012939453
Classic,4185516,3.9141178131103516
Classic,6065753,3.914163589477539
Classic,5599908,3.9141292572021484
Classic,4944787,3.9141292572021484
Classic,6252676,3.914163589477539
Classic,30491,3.914175033569336
Classic,5223234,3.9141407012939453
Classic,617680,3.914163589477539
Classic,5219299,3.914175033569336
Classic,2898439,3.9141979217529297
Classic,3243817,3.9141407012939453
Classic,3021056,3.914186477661133
Classic,200026,3.9141407012939453
Classic,4511591,3.9142208099365234
Classic,5843246,3.914163589477539
Classic,1482995,3.9141407012939453
Classic,1118987,3.914175033569336
Classic,6344891,3.914175033569336
Classic,3201824,3.914186477661133
Classic,3911637,3.9141178131103516
Classic,5325451,3.9141292572021484
Classic,4221125,3.914152145385742
Classic,2200424,3.9141407012939453
Classic,1379072,3.9141292572021484
Classic,4852704,3.9141407012939453
Classic,488165,3.914152145385742
Classic,3577571,3.914152145385742
Classic,5044872,3.914152145385742
Classic,5921798,3.9141979217529297
Classic,1807641,3.9141292572021484
Classic,4186465,3.9141407012939453
Classic,3969739,3.9141292572021484
Classic,1784190,3.9141407012939453
Classic,3451282,3.9141292572021484
Classic,4602526,3.914152145385742
Classic,6094792,3.9141292572021484
Classic,2099269,3.914163589477539
Classic,5995908,3.9141178131103516
Classic,5688213,3.914186477661133
Classic,3758627,3.9141292572021484
Classic,2999367,3.914163589477539
Classic,5835162,3.9141407012939453
Classic,1169611,3.9141407012939453
Classic,2242006,3.9141979217529297
Classic,2100845,3.9141407012939453
Classic,1179775,3.914152145385742
Classic,2337021,3.9141407012939453
Classic,5164352,3.914152145385742
Classic,4356762,3.914152145385742
Classic,2067626,3.914243698120117
Classic,1495570,3.914186477661133
Classic,3561152,3.914163589477539
Classic,2021764,3.914186477661133
Classic,4339074,3.9141407012939453
Classic,5148632,3.9141292572021484
Classic,3012761,3.9141407012939453
Classic,5347592,3.9141407012939453
Classic,1539123,3.914163589477539
Classic,595893,3.914152145385742
Classic,4733461,3.9141292572021484
Classic,2364708,3.9141407012939453
BM25,5299788,3.8794937133789062
BM25,6287934,3.8789472579956055
BM25,1011209,3.879105567932129
BM25,5507504,3.8790416717529297
BM25,346568,3.878994941711426
BM25,1203808,3.8789520263671875
BM25,1010335,3.879042625427246
BM25,3409325,3.8789920806884766
BM25,4895081,3.879150390625
BM25,1397599,3.878997802734375
BM25,1644652,3.8789491653442383
BM25,2227097,3.878995895385742
BM25,3601209,3.879033088684082
BM25,3711744,3.879110336303711
BM25,1776679,3.878988265991211
BM25,5851433,3.878994941711426
BM25,4370660,3.878994941711426
BM25,1040527,3.879034996032715
BM25,3895110,3.87899112701416
BM25,4382555,3.8789939880371094
BM25,5767055,3.8790416717529297
BM25,2966359,3.8792028427124023
BM25,2105501,3.8789052963256836
BM25,1706796,3.8789491653442383
BM25,2151547,3.8790388107299805
BM25,4499037,3.8790359497070312
BM25,5590619,3.8789873123168945
BM25,1305866,3.87899112701416
BM25,1070632,3.8789920806884766
BM25,1579621,3.878995895385742
BM25,3353693,3.8790407180786133
BM25,3183267,3.8790359497070312
BM25,267585,3.879033088684082
BM25,2208303,3.8789892196655273
BM25,3843978,3.879108428955078
BM25,5635806,3.879108428955078
BM25,1265872,3.878997802734375
BM25,3677350,3.8789920806884766
BM25,3513416,3.8791074752807617
BM25,4432085,3.8789901733398438
BM25,3084813,3.8789968490600586
BM25,5679395,3.8790454864501953
BM25,4018265,3.878995895385742
BM25,3527049,3.8790407180786133
BM25,1077998,3.87911319732666
BM25,6219647,3.878997802734375
BM25,4003778,3.878988265991211
BM25,1850213,3.8789920806884766
BM25,3450981,3.879034996032715
BM25,3421016,3.879000663757324
BM25,316293,3.8789472579956055
BM25,2819930,3.878908157348633
BM25,5634233,3.879030227661133
BM25,5984821,3.87911319732666
BM25,2859729,3.879034996032715
BM25,1555823,3.8790369033813477
BM25,1250062,3.8789920806884766
BM25,1682807,3.879105567932129
BM25,4604261,3.879039764404297
BM25,525313,3.878995895385742
BM25,1340509,3.8789920806884766
BM25,3289123,3.8789501190185547
BM25,5662233,3.878948211669922
BM25,3223160,3.878993034362793
BM25,3258688,3.878995895385742
BM25,2045751,3.8790407180786133
BM25,6053021,3.878951072692871
BM25,1552659,3.8789901733398438
BM25,3714755,3.878988265991211
BM25,4994038,3.878951072692871
BM25,5546008,3.879108428955078
BM25,5591184,3.8789472579956055
BM25,5019203,3.879152297973633
BM25,4646715,3.879110336303711
BM25,1346416,3.879484176635742
BM25,4175214,3.879108428955078
BM25,4011263,3.8790407180786133
BM25,5571959,3.8789939880371094
BM25,2720946,3.8791074752807617
BM25,3746682,3.8789920806884766
BM25,297891,3.8790369033813477
BM25,1455271,3.879034996032715
BM25,5894445,3.879039764404297
BM25,1241174,3.8791122436523438
BM25,3924770,3.87899112701416
BM25,434590,3.8789920806884766
BM25,4695937,3.87899112701416
BM25,5832927,3.8790435791015625
BM25,4321671,3.8791074752807617
BM25,5508475,3.8789501190185547
BM25,5324522,3.879129409790039
BM25,6013566,3.878994941711426
BM25,4363037,3.879148483276367
BM25,5516488,3.879033088684082
BM25,4972606,3.878948211669922
BM25,1925113,3.8789491653442383
BM25,2435093,3.8790359497070312
BM25,2962173,3.879033088684082
BM25,6386375,3.878988265991211
BM25,3878668,3.8789968490600586
BM25,5998189,3.878908157348633
BM25,3180305,3.87899112701416
BM25,1515659,3.879034996032715
BM25,6341489,3.8789501190185547
BM25,1671167,3.879034996032715
BM25,5984743,3.8789901733398438
BM25,2119365,3.878951072692871
BM25,1263837,3.8789472579956055
BM25,2284722,3.878948211669922
BM25,1407940,3.8790340423583984
BM25,5136947,3.879031181335449
BM25,2011460,3.8790435791015625
BM25,2263688,3.8789892196655273
BM25,1320455,3.879108428955078
BM25,1773046,3.8789939880371094
BM25,1202815,3.8789920806884766
BM25,2765403,3.878951072692871
BM25,1020829,3.879110336303711
BM25,435424,3.878995895385742
BM25,352956,3.879117012023926
BM25,425874,3.879033088684082
BM25,4955213,3.8789520263671875
BM25,6163035,3.878993034362793
BM25,3446482,3.8790340423583984
BM25,2409062,3.878948211669922
BM25,6075455,3.878988265991211
BM25,221171,3.879129409790039
BM25,1708585,3.879108428955078
BM25,3431872,3.8789491653442383
BM25,3899907,3.8789501190185547
BM25,333210,3.879042625427246
BM25,3408817,3.879037857055664
BM25,2456608,3.878995895385742
BM25,1138728,3.8789939880371094
BM25,102381,3.8789987564086914
BM25,3310199,3.878997802734375
BM25,384192,3.879039764404297
BM25,3790054,3.878994941711426
BM25,4134703,3.878955841064453
BM25,114977,3.879039764404297
BM25,159878,3.8790407180786133
BM25,4223029,3.878946304321289
BM25,5211805,3.878997802734375
BM25,292631,3.8790407180786133
BM25,1016522,3.8789901733398438
BM25,6351265,3.8789901733398438
BM25,3990258,3.8791074752807617
BM25,1154489,3.878951072692871
BM25,5517500,3.8789453506469727
BM25,1952166,3.87899112701416
BM25,1416349,3.878997802734375
BM25,3216677,3.87899112701416
BM25,5719491,3.879044532775879
BM25,1341494,3.878997802734375
BM25,1028197,3.878994941711426
BM25,2364664,3.87911319732666
BM25,4702150,3.878993034362793
BM25,5210824,3.8789539337158203
BM25,2958343,3.8789472579956055
BM25,1568471,3.878993034362793
BM25,3964562,3.8790416717529297
BM25,1717352,3.8789491653442383
BM25,5837609,3.8789491653442383
BM25,5813041,3.8791074752807617
BM25,2997872,3.8789920806884766
BM25,3284246,3.878951072692871
BM25,2130387,3.8789901733398438
BM25,5858213,3.879110336303711
BM25,3823779,3.8791122436523438
BM25,4449340,3.8789491653442383
BM25,5242937,3.8790407180786133
BM25,3345443,3.87911319732666
BM25,5489694,3.878994941711426
BM25,3727614,3.87899112701416
BM25,5725329,3.8790321350097656
BM25,2388017,3.879031181335449
BM25,4337388,3.8789968490600586
BM25,4542555,3.878951072692871
BM25,1742928,3.878995895385742
BM25,1208620,3.8789472579956055
BM25,6372446,3.8791065216064453
BM25,3678780,3.8790369033813477
BM25,3637792,3.879108428955078
BM25,5835632,3.879108428955078
BM25,3412552,3.8789567947387695
BM25,3784642,3.8791074752807617
BM25,2249513,3.8790321350097656
BM25,3994629,3.8790340423583984
BM25,4093193,3.8789892196655273
BM25,3940443,3.879034996032715
BM25,5342699,3.879117012023926
BM25,2983666,3.8791074752807617
BM25,529339,3.8790016174316406
BM25,2997326,3.8789920806884766
BM25,1181883,3.8790359497070312
BM25,1578571,3.878997802734375
BM25,4990938,3.8789892196655273
BM25,5193988,3.8790340423583984
BM25,4171316,3.8790388107299805
BM25,595005,3.87899112701416
BM25,2974317,3.878948211669922
BM25,172332,3.878951072692871
BM25,1451423,3.879108428955078
BM25,2403263,3.879039764404297
BM25,3335342,3.8789501190185547
BM25,1295286,3.8790435791015625
BM25,6020647,3.878997802734375
BM25,5913997,3.8789920806884766
BM25,114290,3.878993034362793
BM25,3668800,3.879108428955078
BM25,4852505,3.8790407180786133
BM25,2667746,3.8789920806884766
BM25,1202645,3.878993034362793
BM25,221628,3.8791580200195312
BM25,5892697,3.8791561126708984
BM25,3420522,3.8790674209594727
BM25,5375356,3.878993034362793
BM25,4556631,3.878997802734375
BM25,3880043,3.879030227661133
BM25,4557468,3.879034996032715
BM25,1262444,3.8789491653442383
BM25,2144649,3.8789939880371094
BM25,4965439,3.8790369033813477
BM25,176319,3.878997802734375
BM25,5262524,3.8790340423583984
BM25,4988240,3.8789968490600586
BM25,4536961,3.878997802734375
BM25,5827256,3.8790388107299805
BM25,1107871,3.8789920806884766
BM25,1742368,3.878993034362793
BM25,2182354,3.8790369033813477
BM25,4392637,3.879153251647949
BM25,57975,3.8789901733398438
BM25,6319414,3.8790416717529297
BM25,4164053,3.87899112701416
BM25,277058,3.878994941711426
BM25,1401471,3.879039764404297
BM25,5163910,3.879108428955078
BM25,3794093,3.878995895385742
BM25,4938255,3.8791112899780273
BM25,255457,3.879044532775879
BM25,1885819,3.8789939880371094
BM25,2160326,3.879042625427246
BM25,4444346,3.879042625427246
BM25,4684037,3.878994941711426
BM25,3817273,3.8789501190185547
BM25,5471841,3.879034996032715
BM25,261112,3.878952980041504
BM25,1940858,3.8789491653442383
BM25,39751,3.878995895385742
BM25,1006365,3.879115104675293
BM25,4961817,3.8790435791015625
BM25,2663338,3.8789892196655273
BM25,4703848,3.87899112701416
BM25,4566246,3.879033088684082
BM25,1609854,3.8790407180786133
BM25,4997395,3.8789968490600586
BM25,2401207,3.879044532775879
BM25,2616251,3.8789520263671875
BM25,4720752,3.8790674209594727
BM25,5446902,3.878988265991211
BM25,4304490,3.8790407180786133
BM25,6220453,3.8791112899780273
BM25,6244530,3.878952980041504
BM25,6057081,3.879034996032715
BM25,5731699,3.879110336303711
BM25,5519007,3.8789892196655273
BM25,1775170,3.87911319732666
BM25,4832681,3.8790369033813477
BM25,2736719,3.879030227661133
BM25,4335992,3.87911319732666
BM25,4722891,3.8791093826293945
BM25,5095605,3.8789520263671875
BM25,2064070,3.878994941711426
BM25,4437445,3.878995895385742
BM25,32046,3.878997802734375
BM25,2722684,3.87890625
BM25,114185,3.878994941711426
BM25,3763304,3.8790369033813477
BM25,3118616,3.879031181335449
BM25,1119434,3.8791580200195312
BM25,3178780,3.8790340423583984
BM25,2775355,3.8789472579956055
BM25,2177379,3.8790016174316406
BM25,32329,3.8789501190185547
BM25,5950416,3.8791122436523438
BM25,5736119,3.8789939880371094
BM25,4887472,3.878988265991211
BM25,1306156,3.8789520263671875
BM25,1359907,3.878995895385742
BM25,5433002,3.8789873123168945
BM25,5865847,3.879037857055664
BM25,108141,3.8789901733398438
BM25,3790860,3.879044532775879
BM25,1762055,3.8789968490600586
BM25,5679396,3.878951072692871
BM25,598090,3.879034996032715
BM25,4556098,3.878993034362793
BM25,2987957,3.879155158996582
BM25,436019,3.878988265991211
BM25,5573495,3.879034996032715
BM25,2298254,3.8789491653442383
BM25,2703379,3.8789968490600586
BM25,4926591,3.87911319732666
BM25,365705,3.8790416717529297
BM25,2075574,3.8791112899780273
BM25,5640946,3.8790369033813477
BM25,2892764,3.8790359497070312
BM25,5358454,3.878995895385742
BM25,5590627,3.879042625427246
BM25,2902047,3.878995895385742
BM25,3350380,3.878993034362793
BM25,4220432,3.87899112701416
BM25,1597130,3.878993034362793
BM25,5469765,3.878988265991211
BM25,4789489,3.8789968490600586
BM25,4832773,3.879039764404297
BM25,2823270,3.8790407180786133
BM25,1961411,3.878981590270996
BM25,2023599,3.8789968490600586
BM25,6155967,3.8789472579956055
BM25,4180731,3.8789968490600586
BM25,32902,3.878993034362793
BM25,6168664,3.879031181335449
BM25,1570337,3.878993034362793
BM25,1101380,3.879152297973633
BM25,5207652,3.879042625427246
BM25,407765,3.8790340423583984
BM25,4042131,3.8791065216064453
BM25,5207645,3.879042625427246
BM25,1390975,3.879117012023926
BM25,1960028,3.8789920806884766
BM25,5468039,3.878903388977051
BM25,4865176,3.878995895385742
BM25,3736729,3.8791122436523438
BM25,1765059,3.878994941711426
BM25,5884875,3.879033088684082
BM25,3260497,3.8789901733398438
BM25,1199396,3.8789472579956055
BM25,3534087,3.8789920806884766
BM25,3754566,3.8790369033813477
BM25,1991478,3.878995895385742
BM25,1024056,3.8789901733398438
BM25,3460811,3.8790369033813477
BM25,1938310,3.87899112701416
BM25,4032973,3.878946304321289
BM25,543562,3.878995895385742
BM25,5975249,3.878995895385742
BM25,4507798,3.8789939880371094
BM25,6381629,3.8791141510009766
BM25,6356930,3.8791122436523438
BM25,6357695,3.8791122436523438
BM25,5965768,3.8790416717529297
BM25,2616095,3.879037857055664
BM25,5935727,3.878951072692871
BM25,3405327,3.879037857055664
BM25,6213291,3.878997802734375
BM25,1445590,3.8789920806884766
BM25,2571477,3.878994941711426
BM25,1757962,3.878994941711426
BM25,134441,3.878951072692871
BM25,4175890,3.8790435791015625
BM25,2997428,3.8790407180786133
BM25,2730746,3.878994941711426
BM25,303246,3.878994941711426
BM25,5255166,3.879031181335449
BM25,5119166,3.8791065216064453
BM25,2143759,3.8789939880371094
BM25,1012393,3.87899112701416
BM25,1725061,3.879208564758301
BM25,2184043,3.8789472579956055
BM25,5779990,3.8789892196655273
BM25,5502419,3.8789920806884766
BM25,2839061,3.8790407180786133
BM25,4610332,3.8793487548828125
BM25,1401465,3.879039764404297
BM25,3934033,3.8790388107299805
BM25,2183102,3.8792028427124023
BM25,3470450,3.8791074752807617
BM25,3077285,3.8790416717529297
BM25,377287,3.879033088684082
BM25,5616865,3.8791112899780273
BM25,2376462,3.8790340423583984
BM25,3050231,3.8790321350097656
BM25,1553444,3.8789920806884766
BM25,4153945,3.8790369033813477
BM25,4246057,3.8790016174316406
BM25,1180348,3.879030227661133
BM25,328548,3.879030227661133
BM25,2230476,3.8790388107299805
BM25,426529,3.879110336303711
BM25,2850614,3.8791608810424805
BM25,4416303,3.879037857055664
BM25,3101236,3.87899112701416
BM25,3638231,3.879153251647949
BM25,1679427,3.878999710083008
BM25,2138088,3.8790388107299805
BM25,2995132,3.879103660583496
BM25,2585972,3.879033088684082
BM25,1848574,3.878997802734375
BM25,114873,3.878946304321289
BM25,2267564,3.879042625427246
BM25,3173110,3.8790016174316406
BM25,3227933,3.878951072692871
BM25,3378328,3.8789968490600586
BM25,133403,3.8790369033813477
BM25,2381783,3.878997802734375
BM25,2849736,3.8789939880371094
BM25,2737656,3.878957748413086
BM25,570516,3.879000663757324
BM25,1003868,3.879148483276367
BM25,4108047,3.878994941711426
BM25,2216762,3.87921142578125
BM25,2170698,3.87899112701416
BM25,329015,3.87941837310791
BM25,1371149,3.878951072692871
BM25,4259303,3.879034996032715
BM25,3158632,3.8790369033813477
BM25,5483756,3.8789920806884766
BM25,1470329,3.8789939880371094
BM25,3504407,3.8789520263671875
BM25,3978029,3.8790359497070312
BM25,4848204,3.8791122436523438
BM25,2626366,3.8789548873901367
BM25,2394252,3.879042625427246
BM25,4925629,3.879110336303711
BM25,131924,3.878994941711426
BM25,4389733,3.878994941711426
BM25,1481006,3.878994941711426
BM25,2572817,3.878988265991211
BM25,2607150,3.878955841064453
BM25,5602650,3.878993034362793
BM25,441342,3.878948211669922
BM25,3467540,3.8789901733398438
BM25,1917102,3.878946304321289
BM25,5669909,3.878993034362793
BM25,4817739,3.8790407180786133
BM25,3579104,3.8789520263671875
BM25,2091789,3.8789892196655273
BM25,2860888,3.8789987564086914
BM25,464025,3.87899112701416
BM25,5966834,3.8790369033813477
BM25,4101141,3.8790340423583984
BM25,1018172,3.878994941711426
BM25,4459676,3.8791046142578125
BM25,6333575,3.8790435791015625
BM25,262161,3.878994941711426
BM25,2354370,3.8789920806884766
BM25,527910,3.879037857055664
BM25,2255639,3.8790359497070312
BM25,541811,3.8790369033813477
BM25,583256,3.8789892196655273
BM25,4127095,3.879034996032715
BM25,4872862,3.8790359497070312
BM25,1211754,3.8789892196655273
BM25,1851445,3.878993034362793
BM25,5605815,3.8791112899780273
BM25,1404683,3.8789892196655273
BM25,4079683,3.8790416717529297
BM25,3331871,3.878997802734375
BM25,3795207,3.8791074752807617
BM25,5271262,3.8789472579956055
BM25,1728132,3.8790388107299805
BM25,4907076,3.878904342651367
BM25,1284155,3.8790435791015625
BM25,5322075,3.878997802734375
BM25,2185446,3.8789920806884766
BM25,144272,3.8789491653442383
BM25,5733342,3.8791122436523438
BM25,6155859,3.8790416717529297
BM25,631174,3.8790321350097656
BM25,2253001,3.8790359497070312
BM25,1072810,3.8791122436523438
BM25,382577,3.8789520263671875
BM25,1125455,3.8791542053222656
BM25,4338937,3.8791074752807617
BM25,4422428,3.878951072692871
BM25,4082142,3.878995895385742
BM25,483921,3.8789901733398438
BM25,2351278,3.8791122436523438
BM25,2457668,3.8790369033813477
BM25,6079444,3.8789920806884766
BM25,1679576,3.87899112701416
BM25,5785923,3.879033088684082
BM25,5039203,3.8790388107299805
BM25,5828929,3.8789920806884766
BM25,1145657,3.8789968490600586
BM25,2351599,3.879425048828125
BM25,544321,3.8791561126708984
BM25,2010779,3.87899112701416
BM25,3533868,3.8789501190185547
BM25,3050557,3.879039764404297
BM25,4239886,3.8791990280151367
BM25,2567125,3.8789491653442383
BM25,6341076,3.8791141510009766
BM25,239464,3.87899112701416
BM25,1085625,3.8791122436523438
BM25,252574,3.8790016174316406
BM25,4775767,3.8790321350097656
BM25,2352421,3.8789920806884766
BM25,443487,3.8791770935058594
BM25,4147273,3.879153251647949
BM25,4389381,3.879148483276367
BM25,2575944,3.878997802734375
BM25,563879,3.878997802734375
BM25,4672468,3.878995895385742
BM25,2753570,3.879117965698242
BM25,4946320,3.8789472579956055
BM25,4235441,3.8790340423583984
BM25,1977745,3.878994941711426
BM25,5231602,3.8790388107299805
BM25,1146188,3.878948211669922
BM25,5809935,3.8789501190185547
BM25,1334191,3.878946304321289
BM25,499389,3.87899112701416
BM25,2268103,3.8790388107299805
BM25,5718400,3.8790407180786133
BM25,4069697,3.878994941711426
BM25,5639753,3.878988265991211
BM25,4346860,3.879033088684082
BM25,5972324,3.8790407180786133
BM25,4602234,3.8789939880371094
BM25,2821445,3.87899112701416
BM25,1483495,3.8789968490600586
BM25,5538472,3.879033088684082
BM25,5994916,3.878999710083008
BM25,5213680,3.879152297973633
BM25,6214747,3.87911319732666
BM25,1776829,3.878993034362793
BM25,3729268,3.8790407180786133
BM25,5559189,3.8789939880371094
BM25,3208189,3.8790359497070312
BM25,5527000,3.8790340423583984
BM25,4610979,3.8790359497070312
BM25,4346957,3.878994941711426
BM25,416205,3.8790388107299805
BM25,2438086,3.8791112899780273
BM25,1374089,3.8789501190185547
BM25,6236609,3.879034996032715
BM25,544160,3.878951072692871
BM25,2089863,3.879108428955078
BM25,3847613,3.878997802734375
BM25,1419407,3.8789920806884766
BM25,5820128,3.8789539337158203
BM25,416465,3.879037857055664
BM25,3250211,3.879034996032715
BM25,1181554,3.8792037963867188
BM25,4326700,3.879039764404297
BM25,1866208,3.878993034362793
BM25,4966019,3.878994941711426
BM25,3734341,3.8790388107299805
BM25,3089024,3.8789968490600586
BM25,4563269,3.87899112701416
BM25,5241113,3.878993034362793
BM25,3957364,3.8790359497070312
BM25,3723343,3.878994941711426
BM25,1218527,3.878946304321289
BM25,3368656,3.8790416717529297
BM25,151596,3.87899112701416
BM25,1425761,3.878951072692871
BM25,550092,3.879153251647949
BM25,5786594,3.8789520263671875
BM25,3449640,3.8790359497070312
BM25,1828756,3.8789920806884766
BM25,3409621,3.8791122436523438
BM25,4959077,3.879037857055664
BM25,3417151,3.878993034362793
BM25,4393988,3.8792028427124023
BM25,2341087,3.8789939880371094
BM25,4816123,3.878997802734375
BM25,2145204,3.878994941711426
BM25,495949,3.878997802734375
BM25,3296939,3.879148483276367
BM25,4518053,3.8790369033813477
BM25,5201624,3.878995895385742
BM25,1656204,3.879037857055664
BM25,2883408,3.878995895385742
BM25,527358,3.878951072692871
BM25,317466,3.879042625427246
BM25,3307887,3.8791122436523438
BM25,2014017,3.879034996032715
BM25,1495317,3.879110336303711
BM25,5288688,3.8791074752807617
BM25,1946645,3.8790340423583984
BM25,2383369,3.8789939880371094
BM25,1489898,3.8789920806884766
BM25,5845137,3.8789968490600586
BM25,5490351,3.8790388107299805
BM25,1389845,3.8789491653442383
BM25,2223199,3.8791074752807617
BM25,313874,3.878952980041504
BM25,2133704,3.87899112701416
BM25,1712723,3.879033088684082
BM25,4207095,3.8791112899780273
BM25,4257437,3.8789520263671875
BM25,2866825,3.878946304321289
BM25,1698385,3.878997802734375
BM25,3349374,3.8789920806884766
BM25,2182546,3.8791065216064453
BM25,2053262,3.878951072692871
BM25,4266176,3.878995895385742
BM25,2963158,3.8789501190185547
BM25,5458144,3.8790016174316406
BM25,3797871,3.8789892196655273
BM25,5512795,3.879039764404297
BM25,5499635,3.8789939880371094
BM25,1874923,3.8791122436523438
BM25,623340,3.8790407180786133
BM25,3288985,3.8790388107299805
BM25,2818548,3.87899112701416
BM25,4793901,3.879031181335449
BM25,2305257,3.878994941711426
BM25,4549309,3.879148483276367
BM25,2972406,3.879110336303711
BM25,3014250,3.8791093826293945
BM25,1672871,3.8789939880371094
BM25,1074798,3.878988265991211
BM25,4248795,3.8790321350097656
BM25,6024428,3.8789987564086914
BM25,4475585,3.879039764404297
BM25,5979841,3.8790321350097656
BM25,3646966,3.879033088684082
BM25,3134845,3.8789968490600586
BM25,3657359,3.8790435791015625
BM25,3494751,3.878993034362793
BM25,4012235,3.879117012023926
BM25,2872682,3.8789501190185547
BM25,4098349,3.8789920806884766
BM25,1939841,3.8790369033813477
BM25,3029287,3.8789453506469727
BM25,4270585,3.878994941711426
BM25,6337530,3.8790340423583984
BM25,5559447,3.8791580200195312
BM25,2492200,3.8791112899780273
BM25,3506958,3.878999710083008
BM25,4280289,3.8789453506469727
BM25,4600871,3.8790369033813477
BM25,5478105,3.8794422149658203
BM25,5161710,3.878995895385742
BM25,2140677,3.8791112899780273
BM25,6244236,3.8790321350097656
BM25,3025411,3.8790359497070312
BM25,1210230,3.8790407180786133
BM25,5891364,3.879110336303711
BM25,1716415,3.8790407180786133
BM25,1149463,3.879033088684082
BM25,4547086,3.878951072692871
BM25,6201636,3.878997802734375
BM25,426218,3.8789968490600586
BM25,5116237,3.8790416717529297
BM25,3375418,3.879108428955078
BM25,4644312,3.879034996032715
BM25,134842,3.87899112701416
BM25,4710580,3.8789920806884766
BM25,581914,3.8789491653442383
BM25,1674565,3.879152297973633
BM25,3369189,3.878951072692871
BM25,5318494,3.8790340423583984
BM25,1956956,3.878997802734375
BM25,3584287,3.878993034362793
BM25,5871812,3.879117012023926
BM25,4849183,3.8791494369506836
BM25,5519066,3.878997802734375
BM25,5807249,3.879002571105957
BM25,5161178,3.878995895385742
BM25,3189416,3.878994941711426
BM25,5093856,3.8790407180786133
BM25,14081,3.878952980041504
BM25,3371797,3.879034996032715
BM25,6009715,3.879039764404297
BM25,5130169,3.8791990280151367
BM25,4536966,3.878997802734375
BM25,5141891,3.8791122436523438
BM25,1056367,3.87899112701416
BM25,3054306,3.879042625427246
BM25,1400501,3.878951072692871
BM25,2129555,3.879034996032715
BM25,2277682,3.87899112701416
BM25,5216541,3.8790435791015625
BM25,2045127,3.879153251647949
BM25,4656891,3.879039764404297
BM25,2065591,3.8789501190185547
BM25,1131241,3.8790340423583984
BM25,3917828,3.8790388107299805
BM25,2284353,3.8790369033813477
BM25,3299760,3.878994941711426
BM25,4048139,3.878993034362793
BM25,2247982,3.8789987564086914
BM25,1621077,3.8789901733398438
BM25,3331144,3.878994941711426
BM25,1792141,3.8794422149658203
BM25,1141676,3.8789939880371094
BM25,1233181,3.878948211669922
BM25,636700,3.878995895385742
BM25,4671892,3.878946304321289
BM25,2096772,3.8791065216064453
BM25,3394837,3.8789453506469727
BM25,6104666,3.878994941711426
BM25,5315539,3.8792076110839844
BM25,356041,3.879037857055664
BM25,5763739,3.879033088684082
BM25,2673476,3.879034996032715
BM25,5612772,3.8792028427124023
BM25,5709980,3.878951072692871
BM25,5374565,3.87899112701416
BM25,2967781,3.8789892196655273
BM25,5157284,3.878993034362793
BM25,5463212,3.87899112701416
BM25,2276496,3.879105567932129
BM25,2857216,3.878988265991211
BM25,4067802,3.8791990280151367
BM25,3467850,3.8790321350097656
BM25,1466717,3.8790340423583984
BM25,6348401,3.8791074752807617
BM25,1045667,3.878952980041504
BM25,4357655,3.8790369033813477
BM25,5355416,3.879152297973633
BM25,2156003,3.8792381286621094
BM25,1340392,3.8789901733398438
BM25,144030,3.878946304321289
BM25,5574465,3.878993034362793
BM25,1549801,3.878994941711426
BM25,3096727,3.878951072692871
BM25,266254,3.8792495727539062
BM25,2465167,3.87899112701416
BM25,470861,3.878988265991211
BM25,34557,3.8789501190185547
BM25,4838265,3.878994941711426
BM25,4151609,3.87911319732666
BM25,3890237,3.8790388107299805
BM25,6031947,3.878993034362793
BM25,1934038,3.8789548873901367
BM25,14039,3.87899112701416
BM25,6019659,3.8789939880371094
BM25,5860328,3.878946304321289
BM25,6123851,3.878955841064453
BM25,5004568,3.8791160583496094
BM25,3834869,3.8791046142578125
BM25,3312569,3.879033088684082
BM25,2540577,3.8789920806884766
BM25,2329040,3.878994941711426
BM25,3827249,3.879105567932129
BM25,6238444,3.8789501190185547
BM25,5537725,3.87899112701416
BM25,2150872,3.8790340423583984
BM25,5375968,3.8790407180786133
BM25,2412075,3.8789892196655273
BM25,4711167,3.8791494369506836
BM25,5656940,3.8790407180786133
BM25,4298954,3.8789920806884766
BM25,1459856,3.8790340423583984
BM25,6085026,3.8790369033813477
BM25,4987229,3.878995895385742
BM25,2111910,3.8791074752807617
BM25,6019970,3.87899112701416
BM25,4736213,3.8789968490600586
BM25,1470710,3.878994941711426
BM25,2525335,3.878995895385742
BM25,3076814,3.8790340423583984
BM25,4497077,3.879033088684082
BM25,1484311,3.8790407180786133
BM25,3130029,3.8790340423583984
BM25,1411378,3.8791141510009766
BM25,4631905,3.8789472579956055
BM25,4547288,3.879031181335449
BM25,468377,3.8789939880371094
BM25,5245704,3.8789939880371094
BM25,2571620,3.878988265991211
BM25,3633749,3.87899112701416
BM25,4271222,3.878951072692871
BM25,3486001,3.8791141510009766
BM25,5069519,3.878995895385742
BM25,1216804,3.87899112701416
BM25,4112705,3.879105567932129
BM25,3737610,3.8791160583496094
BM25,4154683,3.8791122436523438
BM25,3730430,3.878946304321289
BM25,4237791,3.879039764404297
BM25,2573332,3.878946304321289
BM25,106544,3.879042625427246
BM25,1334134,3.8791112899780273
BM25,4497363,3.8789472579956055
BM25,6002614,3.87899112701416
BM25,4211860,3.8791122436523438
BM25,3580359,3.879148483276367
BM25,4382311,3.879042625427246
BM25,4431314,3.8789939880371094
BM25,4241244,3.8789920806884766
BM25,4196959,3.8790359497070312
BM25,1949648,3.878948211669922
BM25,5078384,3.8790369033813477
BM25,5097701,3.8790369033813477
BM25,1451762,3.879033088684082
BM25,6002684,3.8789920806884766
BM25,5825909,3.8789491653442383
BM25,4496667,3.878951072692871
BM25,5255518,3.8789968490600586
BM25,2440457,3.8789968490600586
BM25,1671070,3.8789939880371094
BM25,4131094,3.8791513442993164
BM25,3152728,3.878994941711426
BM25,289549,3.87911319732666
BM25,1506519,3.87899112701416
BM25,3516831,3.878995895385742
BM25,1509884,3.878948211669922
BM25,3449914,3.878951072692871
BM25,5452715,3.879042625427246
BM25,1220618,3.8789939880371094
BM25,1711487,3.878951072692871
BM25,5475534,3.879484176635742
BM25,5446866,3.8789901733398438
BM25,4222138,3.879042625427246
BM25,427641,3.8790359497070312
BM25,2497872,3.8790388107299805
BM25,6268528,3.878994941711426
BM25,5523895,3.879115104675293
BM25,5012075,3.8790416717529297
BM25,629903,3.878948211669922
BM25,618954,3.879039764404297
BM25,1747307,3.8791027069091797
BM25,2663232,3.879034996032715
BM25,5109015,3.8789472579956055
BM25,398287,3.879037857055664
BM25,374300,3.878997802734375
BM25,4965925,3.878955841064453
BM25,3337510,3.8789892196655273
BM25,4071243,3.8790369033813477
BM25,2944561,3.8789939880371094
BM25,6334469,3.8789968490600586
BM25,4710152,3.878994941711426
BM25,4019189,3.879034996032715
BM25,1008960,3.8789491653442383
BM25,385828,3.8790340423583984
BM25,2398763,3.878955841064453
BM25,5749657,3.879117012023926
BM25,2564110,3.8791112899780273
BM25,248965,3.878948211669922
BM25,2553883,3.8790369033813477
BM25,1109802,3.8790321350097656
BM25,4244456,3.8790369033813477
BM25,6228621,3.879039764404297
BM25,5017515,3.878994941711426
BM25,118186,3.878994941711426
BM25,1486403,3.8790369033813477
BM25,3886844,3.87899112701416
BM25,1332237,3.8789472579956055
BM25,5089218,3.878948211669922
BM25,252193,3.8789100646972656
BM25,4677589,3.8789939880371094
BM25,4192405,3.8791074752807617
BM25,5799660,3.879037857055664
BM25,4499704,3.8789968490600586
BM25,5739806,3.8790388107299805
BM25,4590235,3.8789052963256836
BM25,2882474,3.8790407180786133
BM25,1456935,3.8790435791015625
BM25,5273871,3.878988265991211
BM25,2775930,3.879108428955078
BM25,4287619,3.8792028427124023
BM25,307373,3.8791608810424805
BM25,4921122,3.879349708557129
BM25,1140444,3.8791141510009766
BM25,2380941,3.8790435791015625
BM25,2964885,3.8789901733398438
BM25,1409524,3.8789939880371094
BM25,3952935,3.878995895385742
BM25,4065797,3.8791942596435547
BM25,1987019,3.878995895385742
BM25,3944044,3.8789501190185547
BM25,5245492,3.878997802734375
BM25,1906998,3.8789072036743164
BM25,2070689,3.878988265991211
BM25,4479260,3.8791513442993164
BM25,5287891,3.8789520263671875
BM25,5282651,3.8789968490600586
BM25,2659553,3.8789987564086914
BM25,2947113,3.87899112701416
BM25,4164689,3.87911319732666
BM25,5746950,3.878999710083008
BM25,459476,3.87899112701416
BM25,5976027,3.8791074752807617
BM25,1341370,3.8791141510009766
BM25,5233318,3.8789539337158203
BM25,247695,3.879033088684082
BM25,5978756,3.878997802734375
BM25,6018740,3.8790407180786133
BM25,4379005,3.8789472579956055
BM25,1358442,3.878993034362793
BM25,2396449,3.8790369033813477
BM25,1162415,3.8789491653442383
BM25,1744672,3.878995895385742
BM25,1140078,3.878951072692871
BM25,3106757,3.8790321350097656
BM25,1003655,3.878988265991211
BM25,1704209,3.879039764404297
BM25,5704761,3.8790407180786133
BM25,5531947,3.8789472579956055
BM25,3045502,3.878997802734375
BM25,623100,3.8789501190185547
BM25,2642439,3.87899112701416
BM25,5276254,3.8789491653442383
BM25,1704362,3.8789491653442383
BM25,3028180,3.878951072692871
BM25,1444620,3.879030227661133
BM25,3150630,3.87899112701416
BM25,2272178,3.8789939880371094
BM25,5427227,3.879033088684082
BM25,4313573,3.8789901733398438
BM25,5798963,3.8789968490600586
BM25,5919132,3.879034996032715
BM25,325775,3.8789987564086914
BM25,2284504,3.8790407180786133
BM25,323727,3.879034996032715
BM25,2367373,3.879000663757324
BM25,2818639,3.878951072692871
BM25,4730229,3.879108428955078
BM25,3908695,3.8790321350097656
BM25,5142481,3.8789968490600586
BM25,5726137,3.8790359497070312
BM25,5029187,3.8789472579956055
BM25,2147283,3.8789968490600586
BM25,2047468,3.8791580200195312
BM25,4513386,3.879110336303711
BM25,2295012,3.8789472579956055
BM25,1193461,3.8791141510009766
BM25,4289882,3.879031181335449
BM25,450211,3.8790388107299805
BM25,6106194,3.878951072692871
BM25,5150046,3.879034996032715
BM25,4659608,3.878955841064453
BM25,1326539,3.878997802734375
BM25,4370797,3.8790407180786133
BM25,3954786,3.8790016174316406
BM25,1313562,3.87899112701416
BM25,5360190,3.8790416717529297
BM25,2154201,3.8789939880371094
BM25,5802495,3.8789052963256836
BM25,442927,3.8789939880371094
BM25,4708186,3.878994941711426
BM25,4185516,3.8789520263671875
BM25,6065753,3.879108428955078
BM25,5599908,3.8789939880371094
BM25,4944787,3.8789520263671875
BM25,6252676,3.879037857055664
BM25,30491,3.8790369033813477
BM25,5223234,3.878995895385742
BM25,617680,3.8791122436523438
BM25,5219299,3.8791580200195312
BM25,2898439,3.8792009353637695
BM25,3243817,3.878995895385742
BM25,3021056,3.879110336303711
BM25,200026,3.8789939880371094
BM25,4511591,3.879425048828125
BM25,5843246,3.8791141510009766
BM25,1482995,3.8790340423583984
BM25,1118987,3.8790340423583984
BM25,6344891,3.8790369033813477
BM25,3201824,3.8791160583496094
BM25,3911637,3.878948211669922
BM25,5325451,3.878997802734375
BM25,4221125,3.879033088684082
BM25,2200424,3.8789892196655273
BM25,1379072,3.8789901733398438
BM25,4852704,3.878999710083008
BM25,488165,3.8790407180786133
BM25,3577571,3.879033088684082
BM25,5044872,3.8790321350097656
BM25,5921798,3.8791093826293945
BM25,1807641,3.878951072692871
BM25,4186465,3.878993034362793
BM25,3969739,3.878997802734375
BM25,1784190,3.8789901733398438
BM25,3451282,3.87899112701416
BM25,4602526,3.8789920806884766
BM25,6094792,3.878994941711426
BM25,2099269,3.879034996032715
BM25,5995908,3.8789472579956055
BM25,5688213,3.8791160583496094
BM25,3758627,3.8789548873901367
BM25,2999367,3.8790388107299805
BM25,5835162,3.878994941711426
BM25,1169611,3.8789939880371094
BM25,2242006,3.879108428955078
BM25,2100845,3.87899112701416
BM25,1179775,3.8790388107299805
BM25,2337021,3.8789901733398438
BM25,5164352,3.879031181335449
BM25,4356762,3.879033088684082
BM25,2067626,3.8794422149658203
BM25,1495570,3.8791160583496094
BM25,3561152,3.8790416717529297
BM25,2021764,3.8791093826293945
BM25,4339074,3.878997802734375
BM25,5148632,3.8789539337158203
BM25,3012761,3.8789901733398438
BM25,5347592,3.879039764404297
BM25,1539123,3.8790388107299805
BM25,595893,3.878994941711426
BM25,4733461,3.8789472579956055
BM25,2364708,3.87899112701416
MinHashDBSCAN,5299788,1.6483421325683594
MinHashDBSCAN,6287934,1.646683692932129
MinHashDBSCAN,1011209,1.6469316482543945
MinHashDBSCAN,5507504,1.6468486785888672
MinHashDBSCAN,346568,1.6465625762939453
MinHashDBSCAN,1203808,1.6464567184448242
MinHashDBSCAN,1010335,1.6468515396118164
MinHashDBSCAN,3409325,1.6465578079223633
MinHashDBSCAN,4895081,1.6474084854125977
MinHashDBSCAN,1397599,1.6465263366699219
MinHashDBSCAN,1644652,1.646402359008789
MinHashDBSCAN,2227097,1.646566390991211
MinHashDBSCAN,3601209,1.6468257904052734
MinHashDBSCAN,3711744,1.6469411849975586
MinHashDBSCAN,1776679,1.6465492248535156
MinHashDBSCAN,5851433,1.6465139389038086
MinHashDBSCAN,4370660,1.6465644836425781
MinHashDBSCAN,1040527,1.6468315124511719
MinHashDBSCAN,3895110,1.6465539932250977
MinHashDBSCAN,4382555,1.6465635299682617
MinHashDBSCAN,5767055,1.6468048095703125
MinHashDBSCAN,2966359,1.6475400924682617
MinHashDBSCAN,2105501,1.646341323852539
MinHashDBSCAN,1706796,1.6464509963989258
MinHashDBSCAN,2151547,1.6468381881713867
MinHashDBSCAN,4499037,1.6468353271484375
MinHashDBSCAN,5590619,1.6465473175048828
MinHashDBSCAN,1305866,1.6465539932250977
MinHashDBSCAN,1070632,1.6465587615966797
MinHashDBSCAN,1579621,1.6465654373168945
MinHashDBSCAN,3353693,1.6468505859375
MinHashDBSCAN,3183267,1.6468353271484375
MinHashDBSCAN,267585,1.6468267440795898
MinHashDBSCAN,2208303,1.646550178527832
MinHashDBSCAN,3843978,1.646937370300293
MinHashDBSCAN,5635806,1.6469392776489258
MinHashDBSCAN,1265872,1.6465721130371094
MinHashDBSCAN,3677350,1.64678955078125
MinHashDBSCAN,3513416,1.646937370300293
MinHashDBSCAN,4432085,1.6465539932250977
MinHashDBSCAN,3084813,1.6465692520141602
MinHashDBSCAN,5679395,1.6468544006347656
MinHashDBSCAN,4018265,1.6465673446655273
MinHashDBSCAN,3527049,1.6468467712402344
MinHashDBSCAN,1077998,1.6469507217407227
MinHashDBSCAN,6219647,1.6465730667114258
MinHashDBSCAN,4003778,1.6465492248535156
MinHashDBSCAN,1850213,1.6465606689453125
MinHashDBSCAN,3450981,1.6468315124511719
MinHashDBSCAN,3421016,1.646575927734375
MinHashDBSCAN,316293,1.6464471817016602
MinHashDBSCAN,2819930,1.6463441848754883
MinHashDBSCAN,5634233,1.6467952728271484
MinHashDBSCAN,5984821,1.6469478607177734
MinHashDBSCAN,2859729,1.6468305587768555
MinHashDBSCAN,1555823,1.646836280822754
MinHashDBSCAN,1250062,1.6465559005737305
MinHashDBSCAN,1682807,1.6469316482543945
MinHashDBSCAN,4604261,1.6468420028686523
MinHashDBSCAN,525313,1.6465635299682617
MinHashDBSCAN,1340509,1.6465082168579102
MinHashDBSCAN,3289123,1.6464529037475586
MinHashDBSCAN,5662233,1.646449089050293
MinHashDBSCAN,3223160,1.6465110778808594
MinHashDBSCAN,3258688,1.6465158462524414
MinHashDBSCAN,2045751,1.6467981338500977
MinHashDBSCAN,6053021,1.6464061737060547
MinHashDBSCAN,1552659,1.6465511322021484
MinHashDBSCAN,3714755,1.6465492248535156
MinHashDBSCAN,4994038,1.6464548110961914
MinHashDBSCAN,5546008,1.6469411849975586
MinHashDBSCAN,5591184,1.6464471817016602
MinHashDBSCAN,5019203,1.647414207458496
MinHashDBSCAN,4646715,1.6469440460205078
MinHashDBSCAN,1346416,1.6487903594970703
MinHashDBSCAN,4175214,1.6469364166259766
MinHashDBSCAN,4011263,1.6468505859375
MinHashDBSCAN,5571959,1.646561622619629
MinHashDBSCAN,2720946,1.646937370300293
MinHashDBSCAN,3746682,1.6465559005737305
MinHashDBSCAN,297891,1.6468381881713867
MinHashDBSCAN,1455271,1.6468315124511719
MinHashDBSCAN,5894445,1.6468486785888672
MinHashDBSCAN,1241174,1.6469488143920898
MinHashDBSCAN,3924770,1.6465539932250977
MinHashDBSCAN,434590,1.646561622619629
MinHashDBSCAN,4695937,1.6465559005737305
MinHashDBSCAN,5832927,1.6468515396118164
MinHashDBSCAN,4321671,1.646932601928711
MinHashDBSCAN,5508475,1.6464529037475586
MinHashDBSCAN,5324522,1.6469841003417969
MinHashDBSCAN,6013566,1.6465625762939453
MinHashDBSCAN,4363037,1.6474027633666992
MinHashDBSCAN,5516488,1.6468257904052734
MinHashDBSCAN,4972606,1.646449089050293
MinHashDBSCAN,1925113,1.6464509963989258
MinHashDBSCAN,2435093,1.6468324661254883
MinHashDBSCAN,2962173,1.6468276977539062
MinHashDBSCAN,6386375,1.6465482711791992
MinHashDBSCAN,3878668,1.6465692520141602
MinHashDBSCAN,5998189,1.6463441848754883
MinHashDBSCAN,3180305,1.6465559005737305
MinHashDBSCAN,1515659,1.6468315124511719
MinHashDBSCAN,6341489,1.6464529037475586
MinHashDBSCAN,1671167,1.6468315124511719
MinHashDBSCAN,5984743,1.646554946899414
MinHashDBSCAN,2119365,1.6464548110961914
MinHashDBSCAN,1263837,1.6464471817016602
MinHashDBSCAN,2284722,1.646449089050293
MinHashDBSCAN,1407940,1.646829605102539
MinHashDBSCAN,5136947,1.646820068359375
MinHashDBSCAN,2011460,1.6468515396118164
MinHashDBSCAN,2263688,1.646550178527832
MinHashDBSCAN,1320455,1.6469354629516602
MinHashDBSCAN,1773046,1.6465606689453125
MinHashDBSCAN,1202815,1.6465578079223633
MinHashDBSCAN,2765403,1.6464548110961914
MinHashDBSCAN,1020829,1.646942138671875
MinHashDBSCAN,435424,1.646566390991211
MinHashDBSCAN,352956,1.646956443786621
MinHashDBSCAN,425874,1.6468276977539062
MinHashDBSCAN,4955213,1.6464080810546875
MinHashDBSCAN,6163035,1.646561622619629
MinHashDBSCAN,3446482,1.6467790603637695
MinHashDBSCAN,2409062,1.646449089050293
MinHashDBSCAN,6075455,1.6464996337890625
MinHashDBSCAN,221171,1.6469841003417969
MinHashDBSCAN,1708585,1.6469383239746094
MinHashDBSCAN,3431872,1.6464509963989258
MinHashDBSCAN,3899907,1.6464529037475586
MinHashDBSCAN,333210,1.646799087524414
MinHashDBSCAN,3408817,1.6468353271484375
MinHashDBSCAN,2456608,1.6465635299682617
MinHashDBSCAN,1138728,1.646561622619629
MinHashDBSCAN,102381,1.646571159362793
MinHashDBSCAN,3310199,1.646571159362793
MinHashDBSCAN,384192,1.6468439102172852
MinHashDBSCAN,3790054,1.6465635299682617
MinHashDBSCAN,4134703,1.6464643478393555
MinHashDBSCAN,114977,1.6468420028686523
MinHashDBSCAN,159878,1.6468429565429688
MinHashDBSCAN,4223029,1.6464452743530273
MinHashDBSCAN,5211805,1.6465730667114258
MinHashDBSCAN,292631,1.6468486785888672
MinHashDBSCAN,1016522,1.6465530395507812
MinHashDBSCAN,6351265,1.6465530395507812
MinHashDBSCAN,3990258,1.6469354629516602
MinHashDBSCAN,1154489,1.6464548110961914
MinHashDBSCAN,5517500,1.6464433670043945
MinHashDBSCAN,1952166,1.646554946899414
MinHashDBSCAN,1416349,1.646571159362793
MinHashDBSCAN,3216677,1.6465559005737305
MinHashDBSCAN,5719491,1.6468563079833984
MinHashDBSCAN,1341494,1.6465721130371094
MinHashDBSCAN,1028197,1.6465635299682617
MinHashDBSCAN,2364664,1.6469478607177734
MinHashDBSCAN,4702150,1.646559715270996
MinHashDBSCAN,5210824,1.6464605331420898
MinHashDBSCAN,2958343,1.6464471817016602
MinHashDBSCAN,1568471,1.646559715270996
MinHashDBSCAN,3964562,1.6468534469604492
MinHashDBSCAN,1717352,1.6464509963989258
MinHashDBSCAN,5837609,1.646402359008789
MinHashDBSCAN,5813041,1.6469354629516602
MinHashDBSCAN,2997872,1.6465578079223633
MinHashDBSCAN,3284246,1.6464548110961914
MinHashDBSCAN,2130387,1.6465530395507812
MinHashDBSCAN,5858213,1.6469440460205078
MinHashDBSCAN,3823779,1.6469478607177734
MinHashDBSCAN,4449340,1.6464509963989258
MinHashDBSCAN,5242937,1.6468439102172852
MinHashDBSCAN,3345443,1.6469507217407227
MinHashDBSCAN,5489694,1.6465673446655273
MinHashDBSCAN,3727614,1.6465578079223633
MinHashDBSCAN,5725329,1.6468238830566406
MinHashDBSCAN,2388017,1.6468229293823242
MinHashDBSCAN,4337388,1.6465692520141602
MinHashDBSCAN,4542555,1.6464548110961914
MinHashDBSCAN,1742928,1.6465644836425781
MinHashDBSCAN,1208620,1.6464471817016602
MinHashDBSCAN,6372446,1.6469335556030273
MinHashDBSCAN,3678780,1.646836280822754
MinHashDBSCAN,3637792,1.6469392776489258
MinHashDBSCAN,5835632,1.6469392776489258
MinHashDBSCAN,3412552,1.6464662551879883
MinHashDBSCAN,3784642,1.646937370300293
MinHashDBSCAN,2249513,1.6468229293823242
MinHashDBSCAN,3994629,1.6468315124511719
MinHashDBSCAN,4093193,1.6465511322021484
MinHashDBSCAN,3940443,1.6468315124511719
MinHashDBSCAN,5342699,1.646956443786621
MinHashDBSCAN,2983666,1.6469345092773438
MinHashDBSCAN,529339,1.6465816497802734
MinHashDBSCAN,2997326,1.6465568542480469
MinHashDBSCAN,1181883,1.6468372344970703
MinHashDBSCAN,1578571,1.6465730667114258
MinHashDBSCAN,4990938,1.6465511322021484
MinHashDBSCAN,5193988,1.6468305587768555
MinHashDBSCAN,4171316,1.646845817565918
MinHashDBSCAN,595005,1.6465539932250977
MinHashDBSCAN,2974317,1.646449089050293
MinHashDBSCAN,172332,1.6464548110961914
MinHashDBSCAN,1451423,1.6469383239746094
MinHashDBSCAN,2403263,1.6468486785888672
MinHashDBSCAN,3335342,1.6464529037475586
MinHashDBSCAN,1295286,1.6468515396118164
MinHashDBSCAN,6020647,1.6465702056884766
MinHashDBSCAN,5913997,1.6465606689453125
MinHashDBSCAN,114290,1.6465625762939453
MinHashDBSCAN,3668800,1.6469392776489258
MinHashDBSCAN,4852505,1.6468477249145508
MinHashDBSCAN,2667746,1.646559715270996
MinHashDBSCAN,1202645,1.6465587615966797
MinHashDBSCAN,221628,1.6470088958740234
MinHashDBSCAN,5892697,1.6474227905273438
MinHashDBSCAN,3420522,1.6468992233276367
MinHashDBSCAN,5375356,1.6465587615966797
MinHashDBSCAN,4556631,1.6465721130371094
MinHashDBSCAN,3880043,1.646820068359375
MinHashDBSCAN,4557468,1.646829605102539
MinHashDBSCAN,1262444,1.6464509963989258
MinHashDBSCAN,2144649,1.6465606689453125
MinHashDBSCAN,4965439,1.6468400955200195
MinHashDBSCAN,176319,1.6465673446655273
MinHashDBSCAN,5262524,1.6468286514282227
MinHashDBSCAN,4988240,1.6465692520141602
MinHashDBSCAN,4536961,1.646571159362793
MinHashDBSCAN,5827256,1.6468448638916016
MinHashDBSCAN,1107871,1.6465587615966797
MinHashDBSCAN,1742368,1.6465587615966797
MinHashDBSCAN,2182354,1.6468353271484375
MinHashDBSCAN,4392637,1.6474170684814453
MinHashDBSCAN,57975,1.6465530395507812
MinHashDBSCAN,6319414,1.6468496322631836
MinHashDBSCAN,4164053,1.646554946899414
MinHashDBSCAN,277058,1.6465635299682617
MinHashDBSCAN,1401471,1.6468439102172852
MinHashDBSCAN,5163910,1.6469402313232422
MinHashDBSCAN,3794093,1.6465673446655273
MinHashDBSCAN,4938255,1.6469440460205078
MinHashDBSCAN,255457,1.6468563079833984
MinHashDBSCAN,1885819,1.646559715270996
MinHashDBSCAN,2160326,1.646855354309082
MinHashDBSCAN,4444346,1.646855354309082
MinHashDBSCAN,4684037,1.6465625762939453
MinHashDBSCAN,3817273,1.6464529037475586
MinHashDBSCAN,5471841,1.6468334197998047
MinHashDBSCAN,261112,1.646458625793457
MinHashDBSCAN,1940858,1.6464509963989258
MinHashDBSCAN,39751,1.6465673446655273
MinHashDBSCAN,1006365,1.6469535827636719
MinHashDBSCAN,4961817,1.6468572616577148
MinHashDBSCAN,2663338,1.6465511322021484
MinHashDBSCAN,4703848,1.6465578079223633
MinHashDBSCAN,4566246,1.6468276977539062
MinHashDBSCAN,1609854,1.6468429565429688
MinHashDBSCAN,4997395,1.6465702056884766
MinHashDBSCAN,2401207,1.6468563079833984
MinHashDBSCAN,2616251,1.6464567184448242
MinHashDBSCAN,4720752,1.6468992233276367
MinHashDBSCAN,5446902,1.6465482711791992
MinHashDBSCAN,4304490,1.6468477249145508
MinHashDBSCAN,6220453,1.6469430923461914
MinHashDBSCAN,6244530,1.646458625793457
MinHashDBSCAN,6057081,1.646834373474121
MinHashDBSCAN,5731699,1.6469440460205078
MinHashDBSCAN,5519007,1.6465511322021484
MinHashDBSCAN,1775170,1.6469526290893555
MinHashDBSCAN,4832681,1.6468353271484375
MinHashDBSCAN,2736719,1.6468181610107422
MinHashDBSCAN,4335992,1.6469497680664062
MinHashDBSCAN,4722891,1.646942138671875
MinHashDBSCAN,5095605,1.6464567184448242
MinHashDBSCAN,2064070,1.6465635299682617
MinHashDBSCAN,4437445,1.6465635299682617
MinHashDBSCAN,32046,1.6465692520141602
MinHashDBSCAN,2722684,1.6463422775268555
MinHashDBSCAN,114185,1.6465644836425781
MinHashDBSCAN,3763304,1.6468353271484375
MinHashDBSCAN,3118616,1.6468219757080078
MinHashDBSCAN,1119434,1.6470088958740234
MinHashDBSCAN,3178780,1.6468276977539062
MinHashDBSCAN,2775355,1.6464471817016602
MinHashDBSCAN,2177379,1.6465797424316406
MinHashDBSCAN,32329,1.6464529037475586
MinHashDBSCAN,5950416,1.6469478607177734
MinHashDBSCAN,5736119,1.6465606689453125
MinHashDBSCAN,4887472,1.6465492248535156
MinHashDBSCAN,1306156,1.6464567184448242
MinHashDBSCAN,1359907,1.6465654373168945
MinHashDBSCAN,5433002,1.6465463638305664
MinHashDBSCAN,5865847,1.6468391418457031
MinHashDBSCAN,108141,1.6465530395507812
MinHashDBSCAN,3790860,1.6468563079833984
MinHashDBSCAN,1762055,1.646566390991211
MinHashDBSCAN,5679396,1.6464548110961914
MinHashDBSCAN,598090,1.646829605102539
MinHashDBSCAN,4556098,1.6465587615966797
MinHashDBSCAN,2987957,1.6474218368530273
MinHashDBSCAN,436019,1.6465492248535156
MinHashDBSCAN,5573495,1.646829605102539
MinHashDBSCAN,2298254,1.6464509963989258
MinHashDBSCAN,2703379,1.6465682983398438
MinHashDBSCAN,4926591,1.6469488143920898
MinHashDBSCAN,365705,1.6468496322631836
MinHashDBSCAN,2075574,1.646942138671875
MinHashDBSCAN,5640946,1.6468372344970703
MinHashDBSCAN,2892764,1.6468353271484375
MinHashDBSCAN,5358454,1.646566390991211
MinHashDBSCAN,5590627,1.646799087524414
MinHashDBSCAN,2902047,1.6465673446655273
MinHashDBSCAN,3350380,1.6465606689453125
MinHashDBSCAN,4220432,1.6465539932250977
MinHashDBSCAN,1597130,1.6465587615966797
MinHashDBSCAN,5469765,1.6465492248535156
MinHashDBSCAN,4789489,1.6465740203857422
MinHashDBSCAN,4832773,1.6468439102172852
MinHashDBSCAN,2823270,1.6468420028686523
MinHashDBSCAN,1961411,1.6465330123901367
MinHashDBSCAN,2023599,1.6465702056884766
MinHashDBSCAN,6155967,1.6464471817016602
MinHashDBSCAN,4180731,1.646566390991211
MinHashDBSCAN,32902,1.646561622619629
MinHashDBSCAN,6168664,1.6468210220336914
MinHashDBSCAN,1570337,1.6465587615966797
MinHashDBSCAN,1101380,1.6474151611328125
MinHashDBSCAN,5207652,1.646799087524414
MinHashDBSCAN,407765,1.646829605102539
MinHashDBSCAN,4042131,1.6469345092773438
MinHashDBSCAN,5207645,1.646799087524414
MinHashDBSCAN,1390975,1.6469621658325195
MinHashDBSCAN,1960028,1.6465587615966797
MinHashDBSCAN,5468039,1.6463394165039062
MinHashDBSCAN,4865176,1.6465644836425781
MinHashDBSCAN,3736729,1.6469488143920898
MinHashDBSCAN,1765059,1.6465654373168945
MinHashDBSCAN,5884875,1.6468267440795898
MinHashDBSCAN,3260497,1.6465530395507812
MinHashDBSCAN,1199396,1.6464471817016602
MinHashDBSCAN,3534087,1.6465578079223633
MinHashDBSCAN,3754566,1.6468353271484375
MinHashDBSCAN,1991478,1.6465644836425781
MinHashDBSCAN,1024056,1.6465530395507812
MinHashDBSCAN,3460811,1.6468372344970703
MinHashDBSCAN,1938310,1.6465559005737305
MinHashDBSCAN,4032973,1.6464452743530273
MinHashDBSCAN,543562,1.6465644836425781
MinHashDBSCAN,5975249,1.6465654373168945
MinHashDBSCAN,4507798,1.6465606689453125
MinHashDBSCAN,6381629,1.646946907043457
MinHashDBSCAN,6356930,1.6469488143920898
MinHashDBSCAN,6357695,1.646946907043457
MinHashDBSCAN,5965768,1.6468496322631836
MinHashDBSCAN,2616095,1.6468372344970703
MinHashDBSCAN,5935727,1.6464548110961914
MinHashDBSCAN,3405327,1.6468400955200195
MinHashDBSCAN,6213291,1.6465721130371094
MinHashDBSCAN,1445590,1.6465568542480469
MinHashDBSCAN,2571477,1.6465625762939453
MinHashDBSCAN,1757962,1.6465644836425781
MinHashDBSCAN,134441,1.6464548110961914
MinHashDBSCAN,4175890,1.6468505859375
MinHashDBSCAN,2997428,1.6468467712402344
MinHashDBSCAN,2730746,1.6465635299682617
MinHashDBSCAN,303246,1.6465635299682617
MinHashDBSCAN,5255166,1.6468229293823242
MinHashDBSCAN,5119166,1.646932601928711
MinHashDBSCAN,2143759,1.6465635299682617
MinHashDBSCAN,1012393,1.6465578079223633
MinHashDBSCAN,1725061,1.647552490234375
MinHashDBSCAN,2184043,1.6464471817016602
MinHashDBSCAN,5779990,1.6465511322021484
MinHashDBSCAN,5502419,1.6465568542480469
MinHashDBSCAN,2839061,1.6468448638916016
MinHashDBSCAN,4610332,1.6476964950561523
MinHashDBSCAN,1401465,1.6468439102172852
MinHashDBSCAN,3934033,1.6468391418457031
MinHashDBSCAN,2183102,1.6475400924682617
MinHashDBSCAN,3470450,1.6468849182128906
MinHashDBSCAN,3077285,1.6468467712402344
MinHashDBSCAN,377287,1.6468257904052734
MinHashDBSCAN,5616865,1.6469440460205078
MinHashDBSCAN,2376462,1.6468286514282227
MinHashDBSCAN,3050231,1.6468238830566406
MinHashDBSCAN,1553444,1.6465587615966797
MinHashDBSCAN,4153945,1.6468372344970703
MinHashDBSCAN,4246057,1.6465797424316406
MinHashDBSCAN,1180348,1.6468191146850586
MinHashDBSCAN,328548,1.646820068359375
MinHashDBSCAN,2230476,1.646845817565918
MinHashDBSCAN,426529,1.6469440460205078
MinHashDBSCAN,2850614,1.6474332809448242
MinHashDBSCAN,4416303,1.646841049194336
MinHashDBSCAN,3101236,1.6465568542480469
MinHashDBSCAN,3638231,1.6474151611328125
MinHashDBSCAN,1679427,1.646575927734375
MinHashDBSCAN,2138088,1.6468381881713867
MinHashDBSCAN,2995132,1.6469240188598633
MinHashDBSCAN,2585972,1.6468257904052734
MinHashDBSCAN,1848574,1.6465730667114258
MinHashDBSCAN,114873,1.6464452743530273
MinHashDBSCAN,2267564,1.646799087524414
MinHashDBSCAN,3173110,1.6465816497802734
MinHashDBSCAN,3227933,1.6464548110961914
MinHashDBSCAN,3378328,1.6465682983398438
MinHashDBSCAN,133403,1.6468381881713867
MinHashDBSCAN,2381783,1.646571159362793
MinHashDBSCAN,2849736,1.646559715270996
MinHashDBSCAN,2737656,1.646468162536621
MinHashDBSCAN,570516,1.646580696105957
MinHashDBSCAN,1003868,1.6474027633666992
MinHashDBSCAN,4108047,1.6465635299682617
MinHashDBSCAN,2216762,1.6470251083374023
MinHashDBSCAN,2170698,1.646554946899414
MinHashDBSCAN,329015,1.6479129791259766
MinHashDBSCAN,1371149,1.6464548110961914
MinHashDBSCAN,4259303,1.646829605102539
MinHashDBSCAN,3158632,1.6468353271484375
MinHashDBSCAN,5483756,1.6465587615966797
MinHashDBSCAN,1470329,1.646794319152832
MinHashDBSCAN,3504407,1.6464567184448242
MinHashDBSCAN,3978029,1.6468315124511719
MinHashDBSCAN,4848204,1.6469488143920898
MinHashDBSCAN,2626366,1.6464624404907227
MinHashDBSCAN,2394252,1.646799087524414
MinHashDBSCAN,4925629,1.6469430923461914
MinHashDBSCAN,131924,1.6465635299682617
MinHashDBSCAN,4389733,1.6465635299682617
MinHashDBSCAN,1481006,1.6465625762939453
MinHashDBSCAN,2572817,1.6465482711791992
MinHashDBSCAN,2607150,1.6464643478393555
MinHashDBSCAN,5602650,1.6465606689453125
MinHashDBSCAN,441342,1.646449089050293
MinHashDBSCAN,3467540,1.6465530395507812
MinHashDBSCAN,1917102,1.6464452743530273
MinHashDBSCAN,5669909,1.646559715270996
MinHashDBSCAN,4817739,1.6468477249145508
MinHashDBSCAN,3579104,1.6464567184448242
MinHashDBSCAN,2091789,1.646550178527832
MinHashDBSCAN,2860888,1.6465740203857422
MinHashDBSCAN,464025,1.646554946899414
MinHashDBSCAN,5966834,1.6468381881713867
MinHashDBSCAN,4101141,1.646829605102539
MinHashDBSCAN,1018172,1.6465625762939453
MinHashDBSCAN,4459676,1.6469297409057617
MinHashDBSCAN,6333575,1.6468515396118164
MinHashDBSCAN,262161,1.6465635299682617
MinHashDBSCAN,2354370,1.6465587615966797
MinHashDBSCAN,527910,1.6468400955200195
MinHashDBSCAN,2255639,1.6468353271484375
MinHashDBSCAN,541811,1.6468353271484375
MinHashDBSCAN,583256,1.6465511322021484
MinHashDBSCAN,4127095,1.646829605102539
MinHashDBSCAN,4872862,1.646834373474121
MinHashDBSCAN,1211754,1.6465511322021484
MinHashDBSCAN,1851445,1.646559715270996
MinHashDBSCAN,5605815,1.6469440460205078
MinHashDBSCAN,1404683,1.6465511322021484
MinHashDBSCAN,4079683,1.6468534469604492
MinHashDBSCAN,3331871,1.646571159362793
MinHashDBSCAN,3795207,1.6469345092773438
MinHashDBSCAN,5271262,1.6464471817016602
MinHashDBSCAN,1728132,1.6468420028686523
MinHashDBSCAN,4907076,1.6463403701782227
MinHashDBSCAN,1284155,1.6468515396118164
MinHashDBSCAN,5322075,1.6465730667114258
MinHashDBSCAN,2185446,1.6465578079223633
MinHashDBSCAN,144272,1.6464509963989258
MinHashDBSCAN,5733342,1.6469497680664062
MinHashDBSCAN,6155859,1.6468505859375
MinHashDBSCAN,631174,1.6468229293823242
MinHashDBSCAN,2253001,1.6468315124511719
MinHashDBSCAN,1072810,1.6469488143920898
MinHashDBSCAN,382577,1.6464567184448242
MinHashDBSCAN,1125455,1.647416114807129
MinHashDBSCAN,4338937,1.6469354629516602
MinHashDBSCAN,4422428,1.6464548110961914
MinHashDBSCAN,4082142,1.6465644836425781
MinHashDBSCAN,483921,1.6465511322021484
MinHashDBSCAN,2351278,1.6469478607177734
MinHashDBSCAN,2457668,1.646834373474121
MinHashDBSCAN,6079444,1.6465568542480469
MinHashDBSCAN,1679576,1.6465568542480469
MinHashDBSCAN,5785923,1.6468257904052734
MinHashDBSCAN,5039203,1.6468420028686523
MinHashDBSCAN,5828929,1.6465578079223633
MinHashDBSCAN,1145657,1.6465673446655273
MinHashDBSCAN,2351599,1.6479225158691406
MinHashDBSCAN,544321,1.6474266052246094
MinHashDBSCAN,2010779,1.6465559005737305
MinHashDBSCAN,3533868,1.6464529037475586
MinHashDBSCAN,3050557,1.6468439102172852
MinHashDBSCAN,4239886,1.6475296020507812
MinHashDBSCAN,2567125,1.6464509963989258
MinHashDBSCAN,6341076,1.646951675415039
MinHashDBSCAN,239464,1.6465568542480469
MinHashDBSCAN,1085625,1.646946907043457
MinHashDBSCAN,252574,1.6465816497802734
MinHashDBSCAN,4775767,1.6468238830566406
MinHashDBSCAN,2352421,1.646559715270996
MinHashDBSCAN,443487,1.6475067138671875
MinHashDBSCAN,4147273,1.6474132537841797
MinHashDBSCAN,4389381,1.64739990234375
MinHashDBSCAN,2575944,1.6465721130371094
MinHashDBSCAN,563879,1.6465721130371094
MinHashDBSCAN,4672468,1.6465673446655273
MinHashDBSCAN,2753570,1.646963119506836
MinHashDBSCAN,4946320,1.6464471817016602
MinHashDBSCAN,4235441,1.646829605102539
MinHashDBSCAN,1977745,1.6465635299682617
MinHashDBSCAN,5231602,1.6468439102172852
MinHashDBSCAN,1146188,1.646449089050293
MinHashDBSCAN,5809935,1.6464529037475586
MinHashDBSCAN,1334191,1.6464452743530273
MinHashDBSCAN,499389,1.6465559005737305
MinHashDBSCAN,2268103,1.6468420028686523
MinHashDBSCAN,5718400,1.6468467712402344
MinHashDBSCAN,4069697,1.6465644836425781
MinHashDBSCAN,5639753,1.6465482711791992
MinHashDBSCAN,4346860,1.6468276977539062
MinHashDBSCAN,5972324,1.6468467712402344
MinHashDBSCAN,4602234,1.6465635299682617
MinHashDBSCAN,2821445,1.646554946899414
MinHashDBSCAN,1483495,1.6465682983398438
MinHashDBSCAN,5538472,1.6468267440795898
MinHashDBSCAN,5994916,1.6465749740600586
MinHashDBSCAN,5213680,1.647414207458496
MinHashDBSCAN,6214747,1.6469478607177734
MinHashDBSCAN,1776829,1.6467924118041992
MinHashDBSCAN,3729268,1.646845817565918
MinHashDBSCAN,5559189,1.6465635299682617
MinHashDBSCAN,3208189,1.646836280822754
MinHashDBSCAN,5527000,1.6468305587768555
MinHashDBSCAN,4610979,1.6468353271484375
MinHashDBSCAN,4346957,1.6465635299682617
MinHashDBSCAN,416205,1.6468400955200195
MinHashDBSCAN,2438086,1.6469478607177734
MinHashDBSCAN,1374089,1.6464529037475586
MinHashDBSCAN,6236609,1.6468315124511719
MinHashDBSCAN,544160,1.6464548110961914
MinHashDBSCAN,2089863,1.6469383239746094
MinHashDBSCAN,3847613,1.646571159362793
MinHashDBSCAN,1419407,1.646559715270996
MinHashDBSCAN,5820128,1.6464605331420898
MinHashDBSCAN,416465,1.6468391418457031
MinHashDBSCAN,3250211,1.646829605102539
MinHashDBSCAN,1181554,1.6475419998168945
MinHashDBSCAN,4326700,1.6468400955200195
MinHashDBSCAN,1866208,1.6465625762939453
MinHashDBSCAN,4966019,1.646566390991211
MinHashDBSCAN,3734341,1.6468400955200195
MinHashDBSCAN,3089024,1.6465692520141602
MinHashDBSCAN,4563269,1.646554946899414
MinHashDBSCAN,5241113,1.6465587615966797
MinHashDBSCAN,3957364,1.6468353271484375
MinHashDBSCAN,3723343,1.6465644836425781
MinHashDBSCAN,1218527,1.6464452743530273
MinHashDBSCAN,3368656,1.6468486785888672
MinHashDBSCAN,151596,1.646554946899414
MinHashDBSCAN,1425761,1.6464548110961914
MinHashDBSCAN,550092,1.6474170684814453
MinHashDBSCAN,5786594,1.6464567184448242
MinHashDBSCAN,3449640,1.6468324661254883
MinHashDBSCAN,1828756,1.646559715270996
MinHashDBSCAN,3409621,1.6469488143920898
MinHashDBSCAN,4959077,1.6468372344970703
MinHashDBSCAN,3417151,1.646559715270996
MinHashDBSCAN,4393988,1.6475400924682617
MinHashDBSCAN,2341087,1.646561622619629
MinHashDBSCAN,4816123,1.6465721130371094
MinHashDBSCAN,2145204,1.6465644836425781
MinHashDBSCAN,495949,1.646571159362793
MinHashDBSCAN,3296939,1.6474037170410156
MinHashDBSCAN,4518053,1.646834373474121
MinHashDBSCAN,5201624,1.6465635299682617
MinHashDBSCAN,1656204,1.6468391418457031
MinHashDBSCAN,2883408,1.646566390991211
MinHashDBSCAN,527358,1.6464548110961914
MinHashDBSCAN,317466,1.646855354309082
MinHashDBSCAN,3307887,1.6469478607177734
MinHashDBSCAN,2014017,1.6468324661254883
MinHashDBSCAN,1495317,1.6468944549560547
MinHashDBSCAN,5288688,1.646937370300293
MinHashDBSCAN,1946645,1.6468276977539062
MinHashDBSCAN,2383369,1.6465625762939453
MinHashDBSCAN,1489898,1.6465559005737305
MinHashDBSCAN,5845137,1.6465692520141602
MinHashDBSCAN,5490351,1.6468400955200195
MinHashDBSCAN,1389845,1.6464509963989258
MinHashDBSCAN,2223199,1.6469364166259766
MinHashDBSCAN,313874,1.646458625793457
MinHashDBSCAN,2133704,1.6465568542480469
MinHashDBSCAN,1712723,1.6468276977539062
MinHashDBSCAN,4207095,1.6469440460205078
MinHashDBSCAN,4257437,1.6464567184448242
MinHashDBSCAN,2866825,1.6464452743530273
MinHashDBSCAN,1698385,1.646571159362793
MinHashDBSCAN,3349374,1.6465568542480469
MinHashDBSCAN,2182546,1.6469335556030273
MinHashDBSCAN,2053262,1.6464548110961914
MinHashDBSCAN,4266176,1.646566390991211
MinHashDBSCAN,2963158,1.6464529037475586
MinHashDBSCAN,5458144,1.6465797424316406
MinHashDBSCAN,3797871,1.646550178527832
MinHashDBSCAN,5512795,1.6468486785888672
MinHashDBSCAN,5499635,1.6465606689453125
MinHashDBSCAN,1874923,1.646946907043457
MinHashDBSCAN,623340,1.6468467712402344
MinHashDBSCAN,3288985,1.6468381881713867
MinHashDBSCAN,2818548,1.6465539932250977
MinHashDBSCAN,4793901,1.6468219757080078
MinHashDBSCAN,2305257,1.6465654373168945
MinHashDBSCAN,4549309,1.6469812393188477
MinHashDBSCAN,2972406,1.6469449996948242
MinHashDBSCAN,3014250,1.6469392776489258
MinHashDBSCAN,1672871,1.646794319152832
MinHashDBSCAN,1074798,1.6465482711791992
MinHashDBSCAN,4248795,1.6468238830566406
MinHashDBSCAN,6024428,1.6465702056884766
MinHashDBSCAN,4475585,1.6468420028686523
MinHashDBSCAN,5979841,1.6468257904052734
MinHashDBSCAN,3646966,1.6468286514282227
MinHashDBSCAN,3134845,1.6465692520141602
MinHashDBSCAN,3657359,1.6468515396118164
MinHashDBSCAN,3494751,1.646561622619629
MinHashDBSCAN,4012235,1.6469621658325195
MinHashDBSCAN,2872682,1.6464529037475586
MinHashDBSCAN,4098349,1.6465559005737305
MinHashDBSCAN,1939841,1.6468372344970703
MinHashDBSCAN,3029287,1.6464433670043945
MinHashDBSCAN,4270585,1.6465635299682617
MinHashDBSCAN,6337530,1.6468305587768555
MinHashDBSCAN,5559447,1.6470088958740234
MinHashDBSCAN,2492200,1.646946907043457
MinHashDBSCAN,3506958,1.6465749740600586
MinHashDBSCAN,4280289,1.6464433670043945
MinHashDBSCAN,4600871,1.646834373474121
MinHashDBSCAN,5478105,1.647933006286621
MinHashDBSCAN,5161710,1.6465654373168945
MinHashDBSCAN,2140677,1.6469449996948242
MinHashDBSCAN,6244236,1.646824836730957
MinHashDBSCAN,3025411,1.6468353271484375
MinHashDBSCAN,1210230,1.6468477249145508
MinHashDBSCAN,5891364,1.646942138671875
MinHashDBSCAN,1716415,1.646845817565918
MinHashDBSCAN,1149463,1.6468267440795898
MinHashDBSCAN,4547086,1.6464061737060547
MinHashDBSCAN,6201636,1.6465225219726562
MinHashDBSCAN,426218,1.6465682983398438
MinHashDBSCAN,5116237,1.6467981338500977
MinHashDBSCAN,3375418,1.6469392776489258
MinHashDBSCAN,4644312,1.646829605102539
MinHashDBSCAN,134842,1.6465568542480469
MinHashDBSCAN,4710580,1.646554946899414
MinHashDBSCAN,581914,1.6464509963989258
MinHashDBSCAN,1674565,1.6474132537841797
MinHashDBSCAN,3369189,1.6464548110961914
MinHashDBSCAN,5318494,1.6468276977539062
MinHashDBSCAN,1956956,1.6465721130371094
MinHashDBSCAN,3584287,1.6465587615966797
MinHashDBSCAN,5871812,1.646963119506836
MinHashDBSCAN,4849183,1.6474065780639648
MinHashDBSCAN,5519066,1.6465702056884766
MinHashDBSCAN,5807249,1.6465835571289062
MinHashDBSCAN,5161178,1.6465682983398438
MinHashDBSCAN,3189416,1.646566390991211
MinHashDBSCAN,5093856,1.6468486785888672
MinHashDBSCAN,14081,1.646458625793457
MinHashDBSCAN,3371797,1.6468334197998047
MinHashDBSCAN,6009715,1.6468420028686523
MinHashDBSCAN,5130169,1.6475324630737305
MinHashDBSCAN,4536966,1.646571159362793
MinHashDBSCAN,5141891,1.646946907043457
MinHashDBSCAN,1056367,1.6465559005737305
MinHashDBSCAN,3054306,1.646855354309082
MinHashDBSCAN,1400501,1.6464548110961914
MinHashDBSCAN,2129555,1.6468315124511719
MinHashDBSCAN,2277682,1.6465559005737305
MinHashDBSCAN,5216541,1.6468515396118164
MinHashDBSCAN,2045127,1.6474151611328125
MinHashDBSCAN,4656891,1.6468439102172852
MinHashDBSCAN,2065591,1.6464529037475586
MinHashDBSCAN,1131241,1.6468305587768555
MinHashDBSCAN,3917828,1.6468381881713867
MinHashDBSCAN,2284353,1.646836280822754
MinHashDBSCAN,3299760,1.6465139389038086
MinHashDBSCAN,4048139,1.6465587615966797
MinHashDBSCAN,2247982,1.6465702056884766
MinHashDBSCAN,1621077,1.6465559005737305
MinHashDBSCAN,3331144,1.6465644836425781
MinHashDBSCAN,1792141,1.647933006286621
MinHashDBSCAN,1141676,1.646561622619629
MinHashDBSCAN,1233181,1.646449089050293
MinHashDBSCAN,636700,1.6465673446655273
MinHashDBSCAN,4671892,1.6464452743530273
MinHashDBSCAN,2096772,1.6469316482543945
MinHashDBSCAN,3394837,1.6464433670043945
MinHashDBSCAN,6104666,1.6465635299682617
MinHashDBSCAN,5315539,1.6475543975830078
MinHashDBSCAN,356041,1.646834373474121
MinHashDBSCAN,5763739,1.6468276977539062
MinHashDBSCAN,2673476,1.6468315124511719
MinHashDBSCAN,5612772,1.6475400924682617
MinHashDBSCAN,5709980,1.6464061737060547
MinHashDBSCAN,5374565,1.6465559005737305
MinHashDBSCAN,2967781,1.6465024948120117
MinHashDBSCAN,5157284,1.6465606689453125
MinHashDBSCAN,5463212,1.6465072631835938
MinHashDBSCAN,2276496,1.6469297409057617
MinHashDBSCAN,2857216,1.6464996337890625
MinHashDBSCAN,4067802,1.6475324630737305
MinHashDBSCAN,3467850,1.646775245666504
MinHashDBSCAN,1466717,1.6468305587768555
MinHashDBSCAN,6348401,1.6468868255615234
MinHashDBSCAN,1045667,1.646458625793457
MinHashDBSCAN,4357655,1.6468372344970703
MinHashDBSCAN,5355416,1.647414207458496
MinHashDBSCAN,2156003,1.6476240158081055
MinHashDBSCAN,1340392,1.6465511322021484
MinHashDBSCAN,144030,1.6464452743530273
MinHashDBSCAN,5574465,1.6467924118041992
MinHashDBSCAN,1549801,1.6465635299682617
MinHashDBSCAN,3096727,1.6464548110961914
MinHashDBSCAN,266254,1.6476564407348633
MinHashDBSCAN,2465167,1.6465044021606445
MinHashDBSCAN,470861,1.6465492248535156
MinHashDBSCAN,34557,1.6464529037475586
MinHashDBSCAN,4838265,1.6465635299682617
MinHashDBSCAN,4151609,1.646951675415039
MinHashDBSCAN,3890237,1.6468400955200195
MinHashDBSCAN,6031947,1.6465568542480469
MinHashDBSCAN,1934038,1.6464624404907227
MinHashDBSCAN,14039,1.6465559005737305
MinHashDBSCAN,6019659,1.6465625762939453
MinHashDBSCAN,5860328,1.6464452743530273
MinHashDBSCAN,6123851,1.6464643478393555
MinHashDBSCAN,5004568,1.6469593048095703
MinHashDBSCAN,3834869,1.6469297409057617
MinHashDBSCAN,3312569,1.6468257904052734
MinHashDBSCAN,2540577,1.6465578079223633
MinHashDBSCAN,2329040,1.6465654373168945
MinHashDBSCAN,3827249,1.6469297409057617
MinHashDBSCAN,6238444,1.6464529037475586
MinHashDBSCAN,5537725,1.6465568542480469
MinHashDBSCAN,2150872,1.6468276977539062
MinHashDBSCAN,5375968,1.6468486785888672
MinHashDBSCAN,2412075,1.6465530395507812
MinHashDBSCAN,4711167,1.647404670715332
MinHashDBSCAN,5656940,1.6468477249145508
MinHashDBSCAN,4298954,1.646554946899414
MinHashDBSCAN,1459856,1.6468286514282227
MinHashDBSCAN,6085026,1.6468353271484375
MinHashDBSCAN,4987229,1.6465673446655273
MinHashDBSCAN,2111910,1.6469335556030273
MinHashDBSCAN,6019970,1.646554946899414
MinHashDBSCAN,4736213,1.6465692520141602
MinHashDBSCAN,1470710,1.646561622619629
MinHashDBSCAN,2525335,1.6465682983398438
MinHashDBSCAN,3076814,1.6468305587768555
MinHashDBSCAN,4497077,1.6468276977539062
MinHashDBSCAN,1484311,1.646845817565918
MinHashDBSCAN,3130029,1.6468305587768555
MinHashDBSCAN,1411378,1.646946907043457
MinHashDBSCAN,4631905,1.6464471817016602
MinHashDBSCAN,4547288,1.6468229293823242
MinHashDBSCAN,468377,1.646559715270996
MinHashDBSCAN,5245704,1.6465644836425781
MinHashDBSCAN,2571620,1.6465482711791992
MinHashDBSCAN,3633749,1.646554946899414
MinHashDBSCAN,4271222,1.6464548110961914
MinHashDBSCAN,3486001,1.646946907043457
MinHashDBSCAN,5069519,1.646566390991211
MinHashDBSCAN,1216804,1.646554946899414
MinHashDBSCAN,4112705,1.6469306945800781
MinHashDBSCAN,3737610,1.646958351135254
MinHashDBSCAN,4154683,1.6469478607177734
MinHashDBSCAN,3730430,1.6464452743530273
MinHashDBSCAN,4237791,1.6468448638916016
MinHashDBSCAN,2573332,1.6464452743530273
MinHashDBSCAN,106544,1.646855354309082
MinHashDBSCAN,1334134,1.6469430923461914
MinHashDBSCAN,4497363,1.6464471817016602
MinHashDBSCAN,6002614,1.6465539932250977
MinHashDBSCAN,4211860,1.646946907043457
MinHashDBSCAN,3580359,1.6474065780639648
MinHashDBSCAN,4382311,1.6468534469604492
MinHashDBSCAN,4431314,1.6465635299682617
MinHashDBSCAN,4241244,1.6465578079223633
MinHashDBSCAN,4196959,1.6468324661254883
MinHashDBSCAN,1949648,1.646449089050293
MinHashDBSCAN,5078384,1.646836280822754
MinHashDBSCAN,5097701,1.6468372344970703
MinHashDBSCAN,1451762,1.6468267440795898
MinHashDBSCAN,6002684,1.6465587615966797
MinHashDBSCAN,5825909,1.6464509963989258
MinHashDBSCAN,4496667,1.6464548110961914
MinHashDBSCAN,5255518,1.6465702056884766
MinHashDBSCAN,2440457,1.646566390991211
MinHashDBSCAN,1671070,1.6465635299682617
MinHashDBSCAN,4131094,1.6474103927612305
MinHashDBSCAN,3152728,1.646566390991211
MinHashDBSCAN,289549,1.6469497680664062
MinHashDBSCAN,1506519,1.6465559005737305
MinHashDBSCAN,3516831,1.646566390991211
MinHashDBSCAN,1509884,1.6465139389038086
MinHashDBSCAN,3449914,1.6464548110961914
MinHashDBSCAN,5452715,1.6468515396118164
MinHashDBSCAN,1220618,1.6465654373168945
MinHashDBSCAN,1711487,1.6464548110961914
MinHashDBSCAN,5475534,1.6487903594970703
MinHashDBSCAN,5446866,1.6465530395507812
MinHashDBSCAN,4222138,1.6468496322631836
MinHashDBSCAN,427641,1.6468372344970703
MinHashDBSCAN,2497872,1.6468381881713867
MinHashDBSCAN,6268528,1.6465635299682617
MinHashDBSCAN,5523895,1.6469535827636719
MinHashDBSCAN,5012075,1.646845817565918
MinHashDBSCAN,629903,1.646449089050293
MinHashDBSCAN,618954,1.6468420028686523
MinHashDBSCAN,1747307,1.6469249725341797
MinHashDBSCAN,2663232,1.6468315124511719
MinHashDBSCAN,5109015,1.6464471817016602
MinHashDBSCAN,398287,1.6468391418457031
MinHashDBSCAN,374300,1.6465749740600586
MinHashDBSCAN,4965925,1.6464643478393555
MinHashDBSCAN,3337510,1.6465530395507812
MinHashDBSCAN,4071243,1.646834373474121
MinHashDBSCAN,2944561,1.646561622619629
MinHashDBSCAN,6334469,1.6465673446655273
MinHashDBSCAN,4710152,1.6465625762939453
MinHashDBSCAN,4019189,1.6468305587768555
MinHashDBSCAN,1008960,1.6464509963989258
MinHashDBSCAN,385828,1.6468305587768555
MinHashDBSCAN,2398763,1.6464643478393555
MinHashDBSCAN,5749657,1.646956443786621
MinHashDBSCAN,2564110,1.6469440460205078
MinHashDBSCAN,248965,1.646449089050293
MinHashDBSCAN,2553883,1.646834373474121
MinHashDBSCAN,1109802,1.6468257904052734
MinHashDBSCAN,4244456,1.6468372344970703
MinHashDBSCAN,6228621,1.6468448638916016
MinHashDBSCAN,5017515,1.6465625762939453
MinHashDBSCAN,118186,1.6465635299682617
MinHashDBSCAN,1486403,1.6468353271484375
MinHashDBSCAN,3886844,1.646554946899414
MinHashDBSCAN,1332237,1.6464471817016602
MinHashDBSCAN,5089218,1.646449089050293
MinHashDBSCAN,252193,1.646346092224121
MinHashDBSCAN,4677589,1.6465377807617188
MinHashDBSCAN,4192405,1.646932601928711
MinHashDBSCAN,5799660,1.6468391418457031
MinHashDBSCAN,4499704,1.6465682983398438
MinHashDBSCAN,5739806,1.6468381881713867
MinHashDBSCAN,4590235,1.646341323852539
MinHashDBSCAN,2882474,1.6468448638916016
MinHashDBSCAN,1456935,1.6468515396118164
MinHashDBSCAN,5273871,1.6465492248535156
MinHashDBSCAN,2775930,1.646937370300293
MinHashDBSCAN,4287619,1.6475400924682617
MinHashDBSCAN,307373,1.6474332809448242
MinHashDBSCAN,4921122,1.6477489471435547
MinHashDBSCAN,1140444,1.646956443786621
MinHashDBSCAN,2380941,1.6468515396118164
MinHashDBSCAN,2964885,1.6465530395507812
MinHashDBSCAN,1409524,1.6465606689453125
MinHashDBSCAN,3952935,1.6465654373168945
MinHashDBSCAN,4065797,1.6475162506103516
MinHashDBSCAN,1987019,1.6465654373168945
MinHashDBSCAN,3944044,1.6464529037475586
MinHashDBSCAN,5245492,1.646571159362793
MinHashDBSCAN,1906998,1.6463432312011719
MinHashDBSCAN,2070689,1.646550178527832
MinHashDBSCAN,4479260,1.6474113464355469
MinHashDBSCAN,5287891,1.6464567184448242
MinHashDBSCAN,5282651,1.6465692520141602
MinHashDBSCAN,2659553,1.6465730667114258
MinHashDBSCAN,2947113,1.646554946899414
MinHashDBSCAN,4164689,1.6469488143920898
MinHashDBSCAN,5746950,1.6465730667114258
MinHashDBSCAN,459476,1.646554946899414
MinHashDBSCAN,5976027,1.6469364166259766
MinHashDBSCAN,1341370,1.646946907043457
MinHashDBSCAN,5233318,1.6464605331420898
MinHashDBSCAN,247695,1.6468276977539062
MinHashDBSCAN,5978756,1.6465702056884766
MinHashDBSCAN,6018740,1.646845817565918
MinHashDBSCAN,4379005,1.6464471817016602
MinHashDBSCAN,1358442,1.6465120315551758
MinHashDBSCAN,2396449,1.646834373474121
MinHashDBSCAN,1162415,1.646402359008789
MinHashDBSCAN,1744672,1.6465654373168945
MinHashDBSCAN,1140078,1.6464548110961914
MinHashDBSCAN,3106757,1.6468238830566406
MinHashDBSCAN,1003655,1.6465492248535156
MinHashDBSCAN,1704209,1.646845817565918
MinHashDBSCAN,5704761,1.646845817565918
MinHashDBSCAN,5531947,1.6464471817016602
MinHashDBSCAN,3045502,1.646571159362793
MinHashDBSCAN,623100,1.6464529037475586
MinHashDBSCAN,2642439,1.6465539932250977
MinHashDBSCAN,5276254,1.6464509963989258
MinHashDBSCAN,1704362,1.6464509963989258
MinHashDBSCAN,3028180,1.6464548110961914
MinHashDBSCAN,1444620,1.646820068359375
MinHashDBSCAN,3150630,1.6465568542480469
MinHashDBSCAN,2272178,1.6465635299682617
MinHashDBSCAN,5427227,1.6468276977539062
MinHashDBSCAN,4313573,1.6465568542480469
MinHashDBSCAN,5798963,1.6465682983398438
MinHashDBSCAN,5919132,1.6468324661254883
MinHashDBSCAN,325775,1.6465702056884766
MinHashDBSCAN,2284504,1.6467981338500977
MinHashDBSCAN,323727,1.6467819213867188
MinHashDBSCAN,2367373,1.6465272903442383
MinHashDBSCAN,2818639,1.6464548110961914
MinHashDBSCAN,4730229,1.6469364166259766
MinHashDBSCAN,3908695,1.6468257904052734
MinHashDBSCAN,5142481,1.646566390991211
MinHashDBSCAN,5726137,1.6468353271484375
MinHashDBSCAN,5029187,1.6464471817016602
MinHashDBSCAN,2147283,1.6465177536010742
MinHashDBSCAN,2047468,1.6470088958740234
MinHashDBSCAN,4513386,1.6469449996948242
MinHashDBSCAN,2295012,1.6464471817016602
MinHashDBSCAN,1193461,1.646951675415039
MinHashDBSCAN,4289882,1.6468210220336914
MinHashDBSCAN,450211,1.6468420028686523
MinHashDBSCAN,6106194,1.6464548110961914
MinHashDBSCAN,5150046,1.646829605102539
MinHashDBSCAN,4659608,1.6464643478393555
MinHashDBSCAN,1326539,1.6465702056884766
MinHashDBSCAN,4370797,1.6468439102172852
MinHashDBSCAN,3954786,1.646531105041504
MinHashDBSCAN,1313562,1.6465559005737305
MinHashDBSCAN,5360190,1.6468496322631836
MinHashDBSCAN,2154201,1.6465635299682617
MinHashDBSCAN,5802495,1.646341323852539
MinHashDBSCAN,442927,1.646559715270996
MinHashDBSCAN,4708186,1.646566390991211
MinHashDBSCAN,4185516,1.6464567184448242
MinHashDBSCAN,6065753,1.6469402313232422
MinHashDBSCAN,5599908,1.6465644836425781
MinHashDBSCAN,4944787,1.6464567184448242
MinHashDBSCAN,6252676,1.6468391418457031
MinHashDBSCAN,30491,1.646834373474121
MinHashDBSCAN,5223234,1.6465644836425781
MinHashDBSCAN,617680,1.646946907043457
MinHashDBSCAN,5219299,1.6470088958740234
MinHashDBSCAN,2898439,1.6475334167480469
MinHashDBSCAN,3243817,1.6465644836425781
MinHashDBSCAN,3021056,1.6469430923461914
MinHashDBSCAN,200026,1.6465606689453125
MinHashDBSCAN,4511591,1.6479225158691406
MinHashDBSCAN,5843246,1.646946907043457
MinHashDBSCAN,1482995,1.6468324661254883
MinHashDBSCAN,1118987,1.6468276977539062
MinHashDBSCAN,6344891,1.646834373474121
MinHashDBSCAN,3201824,1.6469573974609375
MinHashDBSCAN,3911637,1.646449089050293
MinHashDBSCAN,5325451,1.6465749740600586
MinHashDBSCAN,4221125,1.6468257904052734
MinHashDBSCAN,2200424,1.6465520858764648
MinHashDBSCAN,1379072,1.6465511322021484
MinHashDBSCAN,4852704,1.6465749740600586
MinHashDBSCAN,488165,1.6468467712402344
MinHashDBSCAN,3577571,1.6468267440795898
MinHashDBSCAN,5044872,1.6468229293823242
MinHashDBSCAN,5921798,1.646942138671875
MinHashDBSCAN,1807641,1.6464548110961914
MinHashDBSCAN,4186465,1.6465587615966797
MinHashDBSCAN,3969739,1.6465730667114258
MinHashDBSCAN,1784190,1.6465530395507812
MinHashDBSCAN,3451282,1.646554946899414
MinHashDBSCAN,4602526,1.6465578079223633
MinHashDBSCAN,6094792,1.646566390991211
MinHashDBSCAN,2099269,1.6468324661254883
MinHashDBSCAN,5995908,1.6464471817016602
MinHashDBSCAN,5688213,1.6469554901123047
MinHashDBSCAN,3758627,1.6464624404907227
MinHashDBSCAN,2999367,1.6468381881713867
MinHashDBSCAN,5835162,1.6465625762939453
MinHashDBSCAN,1169611,1.6465606689453125
MinHashDBSCAN,2242006,1.6469383239746094
MinHashDBSCAN,2100845,1.646505355834961
MinHashDBSCAN,1179775,1.6468400955200195
MinHashDBSCAN,2337021,1.6465530395507812
MinHashDBSCAN,5164352,1.6468229293823242
MinHashDBSCAN,4356762,1.6468286514282227
MinHashDBSCAN,2067626,1.647933006286621
MinHashDBSCAN,1495570,1.6469554901123047
MinHashDBSCAN,3561152,1.6468467712402344
MinHashDBSCAN,2021764,1.6469383239746094
MinHashDBSCAN,4339074,1.6465721130371094
MinHashDBSCAN,5148632,1.6464605331420898
MinHashDBSCAN,3012761,1.6465539932250977
MinHashDBSCAN,5347592,1.6468448638916016
MinHashDBSCAN,1539123,1.6468400955200195
MinHashDBSCAN,595893,1.6465654373168945
MinHashDBSCAN,4733461,1.6463985443115234
MinHashDBSCAN,2364708,1.646554946899414
MinHashLSH,5299788,0.01934814453125
MinHashLSH,6287934,0.01853656768798828
MinHashLSH,1011209,0.019021034240722656
MinHashLSH,5507504,0.018938064575195312
MinHashLSH,346568,0.018651962280273438
MinHashLSH,1203808,0.018546104431152344
MinHashLSH,1010335,0.01894092559814453
MinHashLSH,3409325,0.018647193908691406
MinHashLSH,4895081,0.01949787139892578
MinHashLSH,1397599,0.01866436004638672
MinHashLSH,1644652,0.018540382385253906
MinHashLSH,2227097,0.018655776977539062
MinHashLSH,3601209,0.018915176391601562
MinHashLSH,3711744,0.01898193359375
MinHashLSH,1776679,0.01863861083984375
MinHashLSH,5851433,0.01860332489013672
MinHashLSH,4370660,0.04449176788330078
MinHashLSH,1040527,0.0189208984375
MinHashLSH,3895110,0.01864337921142578
MinHashLSH,4382555,0.018652915954589844
MinHashLSH,5767055,0.018942832946777344
MinHashLSH,2966359,0.019629478454589844
MinHashLSH,2105501,0.018430709838867188
MinHashLSH,1706796,0.018491744995117188
MinHashLSH,2151547,0.018878936767578125
MinHashLSH,4499037,0.018924713134765625
MinHashLSH,5590619,0.018636703491210938
MinHashLSH,1305866,0.01864337921142578
MinHashLSH,1070632,0.018648147583007812
MinHashLSH,1579621,0.018654823303222656
MinHashLSH,3353693,0.018939971923828125
MinHashLSH,3183267,0.018924713134765625
MinHashLSH,267585,0.01891613006591797
MinHashLSH,2208303,0.018639564514160156
MinHashLSH,3843978,0.019026756286621094
MinHashLSH,5635806,0.019028663635253906
MinHashLSH,1265872,0.0186614990234375
MinHashLSH,3677350,0.018878936767578125
MinHashLSH,3513416,0.019026756286621094
MinHashLSH,4432085,0.01864337921142578
MinHashLSH,3084813,0.01865863800048828
MinHashLSH,5679395,0.01894378662109375
MinHashLSH,4018265,0.01865673065185547
MinHashLSH,3527049,0.0189361572265625
MinHashLSH,1077998,0.01904010772705078
MinHashLSH,6219647,0.018662452697753906
MinHashLSH,4003778,0.01863861083984375
MinHashLSH,1850213,0.018650054931640625
MinHashLSH,3450981,0.0189208984375
MinHashLSH,3421016,0.018665313720703125
MinHashLSH,316293,0.01853656768798828
MinHashLSH,2819930,0.018433570861816406
MinHashLSH,5634233,0.018907546997070312
MinHashLSH,5984821,0.019037246704101562
MinHashLSH,2859729,0.018919944763183594
MinHashLSH,1555823,0.01892566680908203
MinHashLSH,1250062,0.018645286560058594
MinHashLSH,1682807,0.019021034240722656
MinHashLSH,4604261,0.01893138885498047
MinHashLSH,525313,0.018652915954589844
MinHashLSH,1340509,0.018646240234375
MinHashLSH,3289123,0.01854228973388672
MinHashLSH,5662233,0.018538475036621094
MinHashLSH,3223160,0.01864910125732422
MinHashLSH,3258688,0.01865386962890625
MinHashLSH,2045751,0.0189361572265625
MinHashLSH,6053021,0.01854419708251953
MinHashLSH,1552659,0.018640518188476562
MinHashLSH,3714755,0.01863861083984375
MinHashLSH,4994038,0.01854419708251953
MinHashLSH,5546008,0.01903057098388672
MinHashLSH,5591184,0.01853656768798828
MinHashLSH,5019203,0.01950359344482422
MinHashLSH,4646715,0.019033432006835938
MinHashLSH,1346416,0.020879745483398438
MinHashLSH,4175214,0.16205120086669922
MinHashLSH,4011263,0.018939971923828125
MinHashLSH,5571959,0.01865100860595703
MinHashLSH,2720946,0.019026756286621094
MinHashLSH,3746682,0.018645286560058594
MinHashLSH,297891,0.018927574157714844
MinHashLSH,1455271,0.0189208984375
MinHashLSH,5894445,0.018938064575195312
MinHashLSH,1241174,0.01903820037841797
MinHashLSH,3924770,0.01864337921142578
MinHashLSH,434590,0.16167640686035156
MinHashLSH,4695937,0.018645286560058594
MinHashLSH,5832927,0.01894092559814453
MinHashLSH,4321671,0.019021987915039062
MinHashLSH,5508475,0.01854228973388672
MinHashLSH,5324522,0.019073486328125
MinHashLSH,6013566,0.018651962280273438
MinHashLSH,4363037,0.019492149353027344
MinHashLSH,5516488,0.018915176391601562
MinHashLSH,4972606,0.018538475036621094
MinHashLSH,1925113,0.018540382385253906
MinHashLSH,2435093,0.018921852111816406
MinHashLSH,2962173,0.018917083740234375
MinHashLSH,6386375,0.018637657165527344
MinHashLSH,3878668,0.01865863800048828
MinHashLSH,5998189,0.018433570861816406
MinHashLSH,3180305,0.018645286560058594
MinHashLSH,1515659,0.0189208984375
MinHashLSH,6341489,0.01854228973388672
MinHashLSH,1671167,0.0189208984375
MinHashLSH,5984743,0.018644332885742188
MinHashLSH,2119365,0.01854419708251953
MinHashLSH,1263837,0.01853656768798828
MinHashLSH,2284722,0.018538475036621094
MinHashLSH,1407940,0.018918991088867188
MinHashLSH,5136947,0.018909454345703125
MinHashLSH,2011460,0.01894092559814453
MinHashLSH,2263688,0.018639564514160156
MinHashLSH,1320455,0.01902484893798828
MinHashLSH,1773046,0.018601417541503906
MinHashLSH,1202815,0.018647193908691406
MinHashLSH,2765403,0.01854419708251953
MinHashLSH,1020829,0.019031524658203125
MinHashLSH,435424,0.018655776977539062
MinHashLSH,352956,0.01904582977294922
MinHashLSH,425874,0.018917083740234375
MinHashLSH,4955213,0.018546104431152344
MinHashLSH,6163035,0.01865100860595703
MinHashLSH,3446482,0.018917083740234375
MinHashLSH,2409062,0.018538475036621094
MinHashLSH,6075455,0.018637657165527344
MinHashLSH,221171,0.019073486328125
MinHashLSH,1708585,0.0190277099609375
MinHashLSH,3431872,0.018540382385253906
MinHashLSH,3899907,0.01854228973388672
MinHashLSH,333210,0.018888473510742188
MinHashLSH,3408817,0.018924713134765625
MinHashLSH,2456608,0.018652915954589844
MinHashLSH,1138728,0.01865100860595703
MinHashLSH,102381,0.018660545349121094
MinHashLSH,3310199,0.018660545349121094
MinHashLSH,384192,0.01893329620361328
MinHashLSH,3790054,0.018652915954589844
MinHashLSH,4134703,0.018553733825683594
MinHashLSH,114977,0.01893138885498047
MinHashLSH,159878,0.018932342529296875
MinHashLSH,4223029,0.01853466033935547
MinHashLSH,5211805,0.018662452697753906
MinHashLSH,292631,0.018938064575195312
MinHashLSH,1016522,0.018642425537109375
MinHashLSH,6351265,0.018642425537109375
MinHashLSH,3990258,0.01902484893798828
MinHashLSH,1154489,0.01854419708251953
MinHashLSH,5517500,0.018532752990722656
MinHashLSH,1952166,0.018644332885742188
MinHashLSH,1416349,0.018660545349121094
MinHashLSH,3216677,0.018645286560058594
MinHashLSH,5719491,0.018945693969726562
MinHashLSH,1341494,0.0186614990234375
MinHashLSH,1028197,0.018652915954589844
MinHashLSH,2364664,0.019037246704101562
MinHashLSH,4702150,0.01864910125732422
MinHashLSH,5210824,0.01854991912841797
MinHashLSH,2958343,0.01853656768798828
MinHashLSH,1568471,0.01864910125732422
MinHashLSH,3964562,0.018942832946777344
MinHashLSH,1717352,0.018540382385253906
MinHashLSH,5837609,0.018540382385253906
MinHashLSH,5813041,0.01902484893798828
MinHashLSH,2997872,0.018647193908691406
MinHashLSH,3284246,0.01854419708251953
MinHashLSH,2130387,0.018642425537109375
MinHashLSH,5858213,0.019033432006835938
MinHashLSH,3823779,0.019037246704101562
MinHashLSH,4449340,0.018540382385253906
MinHashLSH,5242937,0.01893329620361328
MinHashLSH,3345443,0.01904010772705078
MinHashLSH,5489694,0.01865673065185547
MinHashLSH,3727614,0.018647193908691406
MinHashLSH,5725329,0.01891326904296875
MinHashLSH,2388017,0.018912315368652344
MinHashLSH,4337388,0.01865863800048828
MinHashLSH,4542555,0.01854419708251953
MinHashLSH,1742928,0.01865386962890625
MinHashLSH,1208620,0.01853656768798828
MinHashLSH,6372446,0.01902294158935547
MinHashLSH,3678780,0.01892566680908203
MinHashLSH,3637792,0.019028663635253906
MinHashLSH,5835632,0.019028663635253906
MinHashLSH,3412552,0.018555641174316406
MinHashLSH,3784642,0.019026756286621094
MinHashLSH,2249513,0.018912315368652344
MinHashLSH,3994629,0.0189208984375
MinHashLSH,4093193,0.018640518188476562
MinHashLSH,3940443,0.0189208984375
MinHashLSH,5342699,0.01904582977294922
MinHashLSH,2983666,0.044861793518066406
MinHashLSH,529339,0.018671035766601562
MinHashLSH,2997326,0.018646240234375
MinHashLSH,1181883,0.018926620483398438
MinHashLSH,1578571,0.018662452697753906
MinHashLSH,4990938,0.018640518188476562
MinHashLSH,5193988,0.018919944763183594
MinHashLSH,4171316,0.018935203552246094
MinHashLSH,595005,0.01864337921142578
MinHashLSH,2974317,0.018538475036621094
MinHashLSH,172332,0.01854419708251953
MinHashLSH,1451423,0.0190277099609375
MinHashLSH,2403263,0.018938064575195312
MinHashLSH,3335342,0.01854228973388672
MinHashLSH,1295286,0.01894092559814453
MinHashLSH,6020647,0.018659591674804688
MinHashLSH,5913997,0.018650054931640625
MinHashLSH,114290,0.018651962280273438
MinHashLSH,3668800,0.019028663635253906
MinHashLSH,4852505,0.018937110900878906
MinHashLSH,2667746,0.01864910125732422
MinHashLSH,1202645,0.018648147583007812
MinHashLSH,221628,0.019098281860351562
MinHashLSH,5892697,0.019512176513671875
MinHashLSH,3420522,0.018988609313964844
MinHashLSH,5375356,0.018648147583007812
MinHashLSH,4556631,0.0186614990234375
MinHashLSH,3880043,0.018909454345703125
MinHashLSH,4557468,0.018918991088867188
MinHashLSH,1262444,0.018540382385253906
MinHashLSH,2144649,0.018650054931640625
MinHashLSH,4965439,0.018929481506347656
MinHashLSH,176319,0.01865673065185547
MinHashLSH,5262524,0.018869400024414062
MinHashLSH,4988240,0.01865863800048828
MinHashLSH,4536961,0.018660545349121094
MinHashLSH,5827256,0.01888561248779297
MinHashLSH,1107871,0.018648147583007812
MinHashLSH,1742368,0.018648147583007812
MinHashLSH,2182354,0.018924713134765625
MinHashLSH,4392637,0.019506454467773438
MinHashLSH,57975,0.018642425537109375
MinHashLSH,6319414,0.01893901824951172
MinHashLSH,4164053,0.018644332885742188
MinHashLSH,277058,0.018652915954589844
MinHashLSH,1401471,0.01893329620361328
MinHashLSH,5163910,0.044867515563964844
MinHashLSH,3794093,0.01865673065185547
MinHashLSH,4938255,0.019033432006835938
MinHashLSH,255457,0.018945693969726562
MinHashLSH,1885819,0.01864910125732422
MinHashLSH,2160326,0.018944740295410156
MinHashLSH,4444346,0.018944740295410156
MinHashLSH,4684037,0.018651962280273438
MinHashLSH,3817273,0.01854228973388672
MinHashLSH,5471841,0.018922805786132812
MinHashLSH,261112,0.018548011779785156
MinHashLSH,1940858,0.018540382385253906
MinHashLSH,39751,0.01865673065185547
MinHashLSH,1006365,0.01904296875
MinHashLSH,4961817,0.01894664764404297
MinHashLSH,2663338,0.018640518188476562
MinHashLSH,4703848,0.018647193908691406
MinHashLSH,4566246,0.018917083740234375
MinHashLSH,1609854,0.018932342529296875
MinHashLSH,4997395,0.018659591674804688
MinHashLSH,2401207,0.018945693969726562
MinHashLSH,2616251,0.018546104431152344
MinHashLSH,4720752,0.018988609313964844
MinHashLSH,5446902,0.018637657165527344
MinHashLSH,4304490,0.018937110900878906
MinHashLSH,6220453,0.01903247833251953
MinHashLSH,6244530,0.018499374389648438
MinHashLSH,6057081,0.01892375946044922
MinHashLSH,5731699,0.01898479461669922
MinHashLSH,5519007,0.018640518188476562
MinHashLSH,1775170,0.019042015075683594
MinHashLSH,4832681,0.018876075744628906
MinHashLSH,2736719,0.018907546997070312
MinHashLSH,4335992,0.019039154052734375
MinHashLSH,4722891,0.019031524658203125
MinHashLSH,5095605,0.018497467041015625
MinHashLSH,2064070,0.018652915954589844
MinHashLSH,4437445,0.018652915954589844
MinHashLSH,32046,0.01865863800048828
MinHashLSH,2722684,0.018431663513183594
MinHashLSH,114185,0.01865386962890625
MinHashLSH,3763304,0.018924713134765625
MinHashLSH,3118616,0.01886272430419922
MinHashLSH,1119434,0.019098281860351562
MinHashLSH,3178780,0.1619424819946289
MinHashLSH,2775355,0.01853656768798828
MinHashLSH,2177379,0.01866912841796875
MinHashLSH,32329,0.01854228973388672
MinHashLSH,5950416,0.019037246704101562
MinHashLSH,5736119,0.018650054931640625
MinHashLSH,4887472,0.01863861083984375
MinHashLSH,1306156,0.018546104431152344
MinHashLSH,1359907,0.018654823303222656
MinHashLSH,5433002,0.01863574981689453
MinHashLSH,5865847,0.01892852783203125
MinHashLSH,108141,0.018642425537109375
MinHashLSH,3790860,0.018945693969726562
MinHashLSH,1762055,0.018655776977539062
MinHashLSH,5679396,0.01854419708251953
MinHashLSH,598090,0.018918991088867188
MinHashLSH,4556098,0.018648147583007812
MinHashLSH,2987957,0.01951122283935547
MinHashLSH,436019,0.01863861083984375
MinHashLSH,5573495,0.018918991088867188
MinHashLSH,2298254,0.018540382385253906
MinHashLSH,2703379,0.018657684326171875
MinHashLSH,4926591,0.01903820037841797
MinHashLSH,365705,0.01893901824951172
MinHashLSH,2075574,0.019031524658203125
MinHashLSH,5640946,0.018926620483398438
MinHashLSH,2892764,0.018924713134765625
MinHashLSH,5358454,0.018655776977539062
MinHashLSH,5590627,0.018888473510742188
MinHashLSH,2902047,0.01865673065185547
MinHashLSH,3350380,0.018650054931640625
MinHashLSH,4220432,0.01864337921142578
MinHashLSH,1597130,0.018648147583007812
MinHashLSH,5469765,0.01863861083984375
MinHashLSH,4789489,0.018663406372070312
MinHashLSH,4832773,0.01893329620361328
MinHashLSH,2823270,0.01893138885498047
MinHashLSH,1961411,0.018622398376464844
MinHashLSH,2023599,0.018659591674804688
MinHashLSH,6155967,0.01853656768798828
MinHashLSH,4180731,0.018655776977539062
MinHashLSH,32902,0.01865100860595703
MinHashLSH,6168664,0.01891040802001953
MinHashLSH,1570337,0.018648147583007812
MinHashLSH,1101380,0.045342445373535156
MinHashLSH,5207652,0.018888473510742188
MinHashLSH,407765,0.018918991088867188
MinHashLSH,4042131,0.019023895263671875
MinHashLSH,5207645,0.018888473510742188
MinHashLSH,1390975,0.019051551818847656
MinHashLSH,1960028,0.018648147583007812
MinHashLSH,5468039,0.018428802490234375
MinHashLSH,4865176,0.01865386962890625
MinHashLSH,3736729,0.01903820037841797
MinHashLSH,1765059,0.018654823303222656
MinHashLSH,5884875,0.01891613006591797
MinHashLSH,3260497,0.018642425537109375
MinHashLSH,1199396,0.01853656768798828
MinHashLSH,3534087,0.018647193908691406
MinHashLSH,3754566,0.018876075744628906
MinHashLSH,1991478,0.01865386962890625
MinHashLSH,1024056,0.044480323791503906
MinHashLSH,3460811,0.16195201873779297
MinHashLSH,1938310,0.018645286560058594
MinHashLSH,4032973,0.01853466033935547
MinHashLSH,543562,0.01865386962890625
MinHashLSH,5975249,0.018654823303222656
MinHashLSH,4507798,0.018650054931640625
MinHashLSH,6381629,0.019036293029785156
MinHashLSH,6356930,0.01903820037841797
MinHashLSH,6357695,0.019036293029785156
MinHashLSH,5965768,0.01893901824951172
MinHashLSH,2616095,0.018926620483398438
MinHashLSH,5935727,0.01854419708251953
MinHashLSH,3405327,0.018929481506347656
MinHashLSH,6213291,0.0186614990234375
MinHashLSH,1445590,0.018646240234375
MinHashLSH,2571477,0.018651962280273438
MinHashLSH,1757962,0.01865386962890625
MinHashLSH,134441,0.01854419708251953
MinHashLSH,4175890,0.018939971923828125
MinHashLSH,2997428,0.0189361572265625
MinHashLSH,2730746,0.018652915954589844
MinHashLSH,303246,0.018652915954589844
MinHashLSH,5255166,0.018912315368652344
MinHashLSH,5119166,0.019021987915039062
MinHashLSH,2143759,0.018652915954589844
MinHashLSH,1012393,0.018647193908691406
MinHashLSH,1725061,0.045479774475097656
MinHashLSH,2184043,0.01853656768798828
MinHashLSH,5779990,0.018640518188476562
MinHashLSH,5502419,0.018646240234375
MinHashLSH,2839061,0.018934249877929688
MinHashLSH,4610332,0.01978588104248047
MinHashLSH,1401465,0.01893329620361328
MinHashLSH,3934033,0.01892852783203125
MinHashLSH,2183102,0.019629478454589844
MinHashLSH,3470450,0.01897430419921875
MinHashLSH,3077285,0.0189361572265625
MinHashLSH,377287,0.018915176391601562
MinHashLSH,5616865,0.019033432006835938
MinHashLSH,2376462,0.01891803741455078
MinHashLSH,3050231,0.01891326904296875
MinHashLSH,1553444,0.018648147583007812
MinHashLSH,4153945,0.018926620483398438
MinHashLSH,4246057,0.01866912841796875
MinHashLSH,1180348,0.01890850067138672
MinHashLSH,328548,0.018909454345703125
MinHashLSH,2230476,0.018935203552246094
MinHashLSH,426529,0.01898479461669922
MinHashLSH,2850614,0.019522666931152344
MinHashLSH,4416303,0.018930435180664062
MinHashLSH,3101236,0.018646240234375
MinHashLSH,3638231,0.019504547119140625
MinHashLSH,1679427,0.018665313720703125
MinHashLSH,2138088,0.018927574157714844
MinHashLSH,2995132,0.16203880310058594
MinHashLSH,2585972,0.018915176391601562
MinHashLSH,1848574,0.04450035095214844
MinHashLSH,114873,0.01853466033935547
MinHashLSH,2267564,0.018888473510742188
MinHashLSH,3173110,0.018671035766601562
MinHashLSH,3227933,0.01854419708251953
MinHashLSH,3378328,0.044495582580566406
MinHashLSH,133403,0.018927574157714844
MinHashLSH,2381783,0.018660545349121094
MinHashLSH,2849736,0.01864910125732422
MinHashLSH,2737656,0.01855754852294922
MinHashLSH,570516,0.018670082092285156
MinHashLSH,1003868,0.019492149353027344
MinHashLSH,4108047,0.018652915954589844
MinHashLSH,2216762,0.01911449432373047
MinHashLSH,2170698,0.018644332885742188
MinHashLSH,329015,0.020002365112304688
MinHashLSH,1371149,0.01854419708251953
MinHashLSH,4259303,0.018918991088867188
MinHashLSH,3158632,0.018924713134765625
MinHashLSH,5483756,0.018648147583007812
MinHashLSH,1470329,0.018883705139160156
MinHashLSH,3504407,0.018546104431152344
MinHashLSH,3978029,0.0189208984375
MinHashLSH,4848204,0.01903820037841797
MinHashLSH,2626366,0.01855182647705078
MinHashLSH,2394252,0.018888473510742188
MinHashLSH,4925629,0.01903247833251953
MinHashLSH,131924,0.018652915954589844
MinHashLSH,4389733,0.018652915954589844
MinHashLSH,1481006,0.018651962280273438
MinHashLSH,2572817,0.018637657165527344
MinHashLSH,2607150,0.018553733825683594
MinHashLSH,5602650,0.018650054931640625
MinHashLSH,441342,0.018538475036621094
MinHashLSH,3467540,0.018642425537109375
MinHashLSH,1917102,0.01853466033935547
MinHashLSH,5669909,0.01864910125732422
MinHashLSH,4817739,0.04477500915527344
MinHashLSH,3579104,0.018546104431152344
MinHashLSH,2091789,0.018639564514160156
MinHashLSH,2860888,0.018663406372070312
MinHashLSH,464025,0.018644332885742188
MinHashLSH,5966834,0.018927574157714844
MinHashLSH,4101141,0.018918991088867188
MinHashLSH,1018172,0.018651962280273438
MinHashLSH,4459676,0.019019126892089844
MinHashLSH,6333575,0.01894092559814453
MinHashLSH,262161,0.018652915954589844
MinHashLSH,2354370,0.018648147583007812
MinHashLSH,527910,0.018929481506347656
MinHashLSH,2255639,0.018924713134765625
MinHashLSH,541811,0.018924713134765625
MinHashLSH,583256,0.018640518188476562
MinHashLSH,4127095,0.018918991088867188
MinHashLSH,4872862,0.01892375946044922
MinHashLSH,1211754,0.018640518188476562
MinHashLSH,1851445,0.01864910125732422
MinHashLSH,5605815,0.019033432006835938
MinHashLSH,1404683,0.018640518188476562
MinHashLSH,4079683,0.018942832946777344
MinHashLSH,3331871,0.018660545349121094
MinHashLSH,3795207,0.019023895263671875
MinHashLSH,5271262,0.01853656768798828
MinHashLSH,1728132,0.01893138885498047
MinHashLSH,4907076,0.01842975616455078
MinHashLSH,1284155,0.01894092559814453
MinHashLSH,5322075,0.04450035095214844
MinHashLSH,2185446,0.018647193908691406
MinHashLSH,144272,0.018540382385253906
MinHashLSH,5733342,0.044877052307128906
MinHashLSH,6155859,0.018939971923828125
MinHashLSH,631174,0.018912315368652344
MinHashLSH,2253001,0.0189208984375
MinHashLSH,1072810,0.01903820037841797
MinHashLSH,382577,0.018546104431152344
MinHashLSH,1125455,0.01950550079345703
MinHashLSH,4338937,0.1620502471923828
MinHashLSH,4422428,0.01854419708251953
MinHashLSH,4082142,0.01865386962890625
MinHashLSH,483921,0.018640518188476562
MinHashLSH,2351278,0.019037246704101562
MinHashLSH,2457668,0.01892375946044922
MinHashLSH,6079444,0.018646240234375
MinHashLSH,1679576,0.018646240234375
MinHashLSH,5785923,0.018915176391601562
MinHashLSH,5039203,0.161956787109375
MinHashLSH,5828929,0.018647193908691406
MinHashLSH,1145657,0.01865673065185547
MinHashLSH,2351599,0.02001190185546875
MinHashLSH,544321,0.16254138946533203
MinHashLSH,2010779,0.018645286560058594
MinHashLSH,3533868,0.01854228973388672
MinHashLSH,3050557,0.01893329620361328
MinHashLSH,4239886,0.019618988037109375
MinHashLSH,2567125,0.018540382385253906
MinHashLSH,6341076,0.019041061401367188
MinHashLSH,239464,0.018646240234375
MinHashLSH,1085625,0.019036293029785156
MinHashLSH,252574,0.018671035766601562
MinHashLSH,4775767,0.01891326904296875
MinHashLSH,2352421,0.01864910125732422
MinHashLSH,443487,0.16262149810791016
MinHashLSH,4147273,0.019502639770507812
MinHashLSH,4389381,0.019489288330078125
MinHashLSH,2575944,0.0186614990234375
MinHashLSH,563879,0.0186614990234375
MinHashLSH,4672468,0.01865673065185547
MinHashLSH,2753570,0.019052505493164062
MinHashLSH,4946320,0.01853656768798828
MinHashLSH,4235441,0.018918991088867188
MinHashLSH,1977745,0.018652915954589844
MinHashLSH,5231602,0.01893329620361328
MinHashLSH,1146188,0.018538475036621094
MinHashLSH,5809935,0.01854228973388672
MinHashLSH,1334191,0.01853466033935547
MinHashLSH,499389,0.018645286560058594
MinHashLSH,2268103,0.01893138885498047
MinHashLSH,5718400,0.0189361572265625
MinHashLSH,4069697,0.01865386962890625
MinHashLSH,5639753,0.018637657165527344
MinHashLSH,4346860,0.018917083740234375
MinHashLSH,5972324,0.0189361572265625
MinHashLSH,4602234,0.018652915954589844
MinHashLSH,2821445,0.018644332885742188
MinHashLSH,1483495,0.044495582580566406
MinHashLSH,5538472,0.01891613006591797
MinHashLSH,5994916,0.01866436004638672
MinHashLSH,5213680,0.01950359344482422
MinHashLSH,6214747,0.019037246704101562
MinHashLSH,1776829,0.018881797790527344
MinHashLSH,3729268,0.018935203552246094
MinHashLSH,5559189,0.018652915954589844
MinHashLSH,3208189,0.04476356506347656
MinHashLSH,5527000,0.018919944763183594
MinHashLSH,4610979,0.018924713134765625
MinHashLSH,4346957,0.018652915954589844
MinHashLSH,416205,0.018929481506347656
MinHashLSH,2438086,0.019037246704101562
MinHashLSH,1374089,0.01854228973388672
MinHashLSH,6236609,0.0189208984375
MinHashLSH,544160,0.01854419708251953
MinHashLSH,2089863,0.0190277099609375
MinHashLSH,3847613,0.018660545349121094
MinHashLSH,1419407,0.01864910125732422
MinHashLSH,5820128,0.01854991912841797
MinHashLSH,416465,0.01892852783203125
MinHashLSH,3250211,0.018918991088867188
MinHashLSH,1181554,0.019631385803222656
MinHashLSH,4326700,0.018929481506347656
MinHashLSH,1866208,0.018651962280273438
MinHashLSH,4966019,0.018655776977539062
MinHashLSH,3734341,0.018929481506347656
MinHashLSH,3089024,0.01865863800048828
MinHashLSH,4563269,0.018644332885742188
MinHashLSH,5241113,0.018648147583007812
MinHashLSH,3957364,0.018924713134765625
MinHashLSH,3723343,0.01865386962890625
MinHashLSH,1218527,0.01853466033935547
MinHashLSH,3368656,0.018938064575195312
MinHashLSH,151596,0.018644332885742188
MinHashLSH,1425761,0.01854419708251953
MinHashLSH,550092,0.019506454467773438
MinHashLSH,5786594,0.018546104431152344
MinHashLSH,3449640,0.018921852111816406
MinHashLSH,1828756,0.01864910125732422
MinHashLSH,3409621,0.01903820037841797
MinHashLSH,4959077,0.018926620483398438
MinHashLSH,3417151,0.01864910125732422
MinHashLSH,4393988,0.019629478454589844
MinHashLSH,2341087,0.01865100860595703
MinHashLSH,4816123,0.0186614990234375
MinHashLSH,2145204,0.01865386962890625
MinHashLSH,495949,0.018660545349121094
MinHashLSH,3296939,0.01949310302734375
MinHashLSH,4518053,0.01892375946044922
MinHashLSH,5201624,0.018652915954589844
MinHashLSH,1656204,0.01892852783203125
MinHashLSH,2883408,0.018655776977539062
MinHashLSH,527358,0.01854419708251953
MinHashLSH,317466,0.018944740295410156
MinHashLSH,3307887,0.019037246704101562
MinHashLSH,2014017,0.018921852111816406
MinHashLSH,1495317,0.01903247833251953
MinHashLSH,5288688,0.019026756286621094
MinHashLSH,1946645,0.1619424819946289
MinHashLSH,2383369,0.018651962280273438
MinHashLSH,1489898,0.018645286560058594
MinHashLSH,5845137,0.01865863800048828
MinHashLSH,5490351,0.018929481506347656
MinHashLSH,1389845,0.018540382385253906
MinHashLSH,2223199,0.16205120086669922
MinHashLSH,313874,0.018548011779785156
MinHashLSH,2133704,0.018646240234375
MinHashLSH,1712723,0.1619424819946289
MinHashLSH,4207095,0.019033432006835938
MinHashLSH,4257437,0.018546104431152344
MinHashLSH,2866825,0.01853466033935547
MinHashLSH,1698385,0.018660545349121094
MinHashLSH,3349374,0.018646240234375
MinHashLSH,2182546,0.01902294158935547
MinHashLSH,2053262,0.01854419708251953
MinHashLSH,4266176,0.018655776977539062
MinHashLSH,2963158,0.01854228973388672
MinHashLSH,5458144,0.01866912841796875
MinHashLSH,3797871,0.018639564514160156
MinHashLSH,5512795,0.018938064575195312
MinHashLSH,5499635,0.018650054931640625
MinHashLSH,1874923,0.019036293029785156
MinHashLSH,623340,0.0189361572265625
MinHashLSH,3288985,0.16195297241210938
MinHashLSH,2818548,0.01864337921142578
MinHashLSH,4793901,0.018911361694335938
MinHashLSH,2305257,0.018654823303222656
MinHashLSH,4549309,0.01907062530517578
MinHashLSH,2972406,0.019034385681152344
MinHashLSH,3014250,0.019028663635253906
MinHashLSH,1672871,0.018883705139160156
MinHashLSH,1074798,0.018637657165527344
MinHashLSH,4248795,0.01891326904296875
MinHashLSH,6024428,0.018659591674804688
MinHashLSH,4475585,0.01893138885498047
MinHashLSH,5979841,0.018915176391601562
MinHashLSH,3646966,0.01891803741455078
MinHashLSH,3134845,0.01865863800048828
MinHashLSH,3657359,0.01894092559814453
MinHashLSH,3494751,0.01865100860595703
MinHashLSH,4012235,0.019051551818847656
MinHashLSH,2872682,0.01854228973388672
MinHashLSH,4098349,0.018645286560058594
MinHashLSH,1939841,0.018926620483398438
MinHashLSH,3029287,0.018532752990722656
MinHashLSH,4270585,0.018652915954589844
MinHashLSH,6337530,0.018919944763183594
MinHashLSH,5559447,0.019098281860351562
MinHashLSH,2492200,0.1620616912841797
MinHashLSH,3506958,0.01866436004638672
MinHashLSH,4280289,0.018532752990722656
MinHashLSH,4600871,0.01892375946044922
MinHashLSH,5478105,0.04586029052734375
MinHashLSH,5161710,0.018654823303222656
MinHashLSH,2140677,0.019034385681152344
MinHashLSH,6244236,0.018914222717285156
MinHashLSH,3025411,0.018924713134765625
MinHashLSH,1210230,0.018937110900878906
MinHashLSH,5891364,0.019031524658203125
MinHashLSH,1716415,0.018935203552246094
MinHashLSH,1149463,0.01891613006591797
MinHashLSH,4547086,0.018495559692382812
MinHashLSH,6201636,0.018660545349121094
MinHashLSH,426218,0.018657684326171875
MinHashLSH,5116237,0.0189361572265625
MinHashLSH,3375418,0.019028663635253906
MinHashLSH,4644312,0.018918991088867188
MinHashLSH,134842,0.018646240234375
MinHashLSH,4710580,0.018644332885742188
MinHashLSH,581914,0.018540382385253906
MinHashLSH,1674565,0.019502639770507812
MinHashLSH,3369189,0.01854419708251953
MinHashLSH,5318494,0.018917083740234375
MinHashLSH,1956956,0.0186614990234375
MinHashLSH,3584287,0.018648147583007812
MinHashLSH,5871812,0.019052505493164062
MinHashLSH,4849183,0.0453338623046875
MinHashLSH,5519066,0.018659591674804688
MinHashLSH,5807249,0.018672943115234375
MinHashLSH,5161178,0.018657684326171875
MinHashLSH,3189416,0.018655776977539062
MinHashLSH,5093856,0.018938064575195312
MinHashLSH,14081,0.018548011779785156
MinHashLSH,3371797,0.018922805786132812
MinHashLSH,6009715,0.01893138885498047
MinHashLSH,5130169,0.019621849060058594
MinHashLSH,4536966,0.018660545349121094
MinHashLSH,5141891,0.019036293029785156
MinHashLSH,1056367,0.018645286560058594
MinHashLSH,3054306,0.018944740295410156
MinHashLSH,1400501,0.01854419708251953
MinHashLSH,2129555,0.0189208984375
MinHashLSH,2277682,0.018645286560058594
MinHashLSH,5216541,0.01894092559814453
MinHashLSH,2045127,0.019504547119140625
MinHashLSH,4656891,0.01893329620361328
MinHashLSH,2065591,0.01854228973388672
MinHashLSH,1131241,0.018919944763183594
MinHashLSH,3917828,0.018927574157714844
MinHashLSH,2284353,0.01892566680908203
MinHashLSH,3299760,0.018651962280273438
MinHashLSH,4048139,0.018648147583007812
MinHashLSH,2247982,0.018659591674804688
MinHashLSH,1621077,0.018645286560058594
MinHashLSH,3331144,0.04449176788330078
MinHashLSH,1792141,0.04586029052734375
MinHashLSH,1141676,0.01865100860595703
MinHashLSH,1233181,0.018538475036621094
MinHashLSH,636700,0.01865673065185547
MinHashLSH,4671892,0.01853466033935547
MinHashLSH,2096772,0.019021034240722656
MinHashLSH,3394837,0.018532752990722656
MinHashLSH,6104666,0.018652915954589844
MinHashLSH,5315539,0.019643783569335938
MinHashLSH,356041,0.01892375946044922
MinHashLSH,5763739,0.018917083740234375
MinHashLSH,2673476,0.0189208984375
MinHashLSH,5612772,0.019629478454589844
MinHashLSH,5709980,0.01854419708251953
MinHashLSH,5374565,0.018645286560058594
MinHashLSH,2967781,0.018640518188476562
MinHashLSH,5157284,0.018650054931640625
MinHashLSH,5463212,0.018645286560058594
MinHashLSH,2276496,0.16204452514648438
MinHashLSH,2857216,0.018637657165527344
MinHashLSH,4067802,0.019621849060058594
MinHashLSH,3467850,0.01891326904296875
MinHashLSH,1466717,0.018919944763183594
MinHashLSH,6348401,0.01902484893798828
MinHashLSH,1045667,0.018548011779785156
MinHashLSH,4357655,0.018926620483398438
MinHashLSH,5355416,0.01950359344482422
MinHashLSH,2156003,0.019713401794433594
MinHashLSH,1340392,0.018640518188476562
MinHashLSH,144030,0.01853466033935547
MinHashLSH,5574465,0.018881797790527344
MinHashLSH,1549801,0.018652915954589844
MinHashLSH,3096727,0.01854419708251953
MinHashLSH,266254,0.019745826721191406
MinHashLSH,2465167,0.018593788146972656
MinHashLSH,470861,0.01863861083984375
MinHashLSH,34557,0.01854228973388672
MinHashLSH,4838265,0.018652915954589844
MinHashLSH,4151609,0.16206645965576172
MinHashLSH,3890237,0.018929481506347656
MinHashLSH,6031947,0.018646240234375
MinHashLSH,1934038,0.01855182647705078
MinHashLSH,14039,0.018645286560058594
MinHashLSH,6019659,0.018651962280273438
MinHashLSH,5860328,0.01853466033935547
MinHashLSH,6123851,0.018553733825683594
MinHashLSH,5004568,0.019048690795898438
MinHashLSH,3834869,0.019019126892089844
MinHashLSH,3312569,0.018915176391601562
MinHashLSH,2540577,0.018598556518554688
MinHashLSH,2329040,0.018654823303222656
MinHashLSH,3827249,0.16204452514648438
MinHashLSH,6238444,0.01854228973388672
MinHashLSH,5537725,0.018646240234375
MinHashLSH,2150872,0.018917083740234375
MinHashLSH,5375968,0.018938064575195312
MinHashLSH,2412075,0.018642425537109375
MinHashLSH,4711167,0.019494056701660156
MinHashLSH,5656940,0.04477500915527344
MinHashLSH,4298954,0.018644332885742188
MinHashLSH,1459856,0.01891803741455078
MinHashLSH,6085026,0.018924713134765625
MinHashLSH,4987229,0.01865673065185547
MinHashLSH,2111910,0.16204833984375
MinHashLSH,6019970,0.018644332885742188
MinHashLSH,4736213,0.01865863800048828
MinHashLSH,1470710,0.01865100860595703
MinHashLSH,2525335,0.018657684326171875
MinHashLSH,3076814,0.018919944763183594
MinHashLSH,4497077,0.018917083740234375
MinHashLSH,1484311,0.018935203552246094
MinHashLSH,3130029,0.018919944763183594
MinHashLSH,1411378,0.019036293029785156
MinHashLSH,4631905,0.01853656768798828
MinHashLSH,4547288,0.018912315368652344
MinHashLSH,468377,0.01864910125732422
MinHashLSH,5245704,0.01865386962890625
MinHashLSH,2571620,0.018637657165527344
MinHashLSH,3633749,0.01859569549560547
MinHashLSH,4271222,0.018495559692382812
MinHashLSH,3486001,0.019036293029785156
MinHashLSH,5069519,0.018655776977539062
MinHashLSH,1216804,0.018644332885742188
MinHashLSH,4112705,0.01902008056640625
MinHashLSH,3737610,0.01904773712158203
MinHashLSH,4154683,0.019037246704101562
MinHashLSH,3730430,0.01853466033935547
MinHashLSH,4237791,0.018934249877929688
MinHashLSH,2573332,0.01848602294921875
MinHashLSH,106544,0.018896102905273438
MinHashLSH,1334134,0.01903247833251953
MinHashLSH,4497363,0.01853656768798828
MinHashLSH,6002614,0.01864337921142578
MinHashLSH,4211860,0.019036293029785156
MinHashLSH,3580359,0.1625213623046875
MinHashLSH,4382311,0.018942832946777344
MinHashLSH,4431314,0.018604278564453125
MinHashLSH,4241244,0.018598556518554688
MinHashLSH,4196959,0.018921852111816406
MinHashLSH,1949648,0.018489837646484375
MinHashLSH,5078384,0.04476356506347656
MinHashLSH,5097701,0.018926620483398438
MinHashLSH,1451762,0.01891613006591797
MinHashLSH,6002684,0.018648147583007812
MinHashLSH,5825909,0.018540382385253906
MinHashLSH,4496667,0.01854419708251953
MinHashLSH,5255518,0.018659591674804688
MinHashLSH,2440457,0.018655776977539062
MinHashLSH,1671070,0.018652915954589844
MinHashLSH,4131094,0.045337677001953125
MinHashLSH,3152728,0.018655776977539062
MinHashLSH,289549,0.019039154052734375
MinHashLSH,1506519,0.018645286560058594
MinHashLSH,3516831,0.018655776977539062
MinHashLSH,1509884,0.01860332489013672
MinHashLSH,3449914,0.01854419708251953
MinHashLSH,5452715,0.01894092559814453
MinHashLSH,1220618,0.018654823303222656
MinHashLSH,1711487,0.01854419708251953
MinHashLSH,5475534,0.020879745483398438
MinHashLSH,5446866,0.018642425537109375
MinHashLSH,4222138,0.01893901824951172
MinHashLSH,427641,0.018926620483398438
MinHashLSH,2497872,0.018927574157714844
MinHashLSH,6268528,0.018652915954589844
MinHashLSH,5523895,0.01904296875
MinHashLSH,5012075,0.018935203552246094
MinHashLSH,629903,0.018538475036621094
MinHashLSH,618954,0.01893138885498047
MinHashLSH,1747307,0.044852256774902344
MinHashLSH,2663232,0.0189208984375
MinHashLSH,5109015,0.01853656768798828
MinHashLSH,398287,0.01892852783203125
MinHashLSH,374300,0.01866436004638672
MinHashLSH,4965925,0.018553733825683594
MinHashLSH,3337510,0.018642425537109375
MinHashLSH,4071243,0.01892375946044922
MinHashLSH,2944561,0.018602371215820312
MinHashLSH,6334469,0.04449462890625
MinHashLSH,4710152,0.018651962280273438
MinHashLSH,4019189,0.018919944763183594
MinHashLSH,1008960,0.018540382385253906
MinHashLSH,385828,0.018919944763183594
MinHashLSH,2398763,0.018553733825683594
MinHashLSH,5749657,0.01904582977294922
MinHashLSH,2564110,0.019033432006835938
MinHashLSH,248965,0.018538475036621094
MinHashLSH,2553883,0.01892375946044922
MinHashLSH,1109802,0.018915176391601562
MinHashLSH,4244456,0.018926620483398438
MinHashLSH,6228621,0.018934249877929688
MinHashLSH,5017515,0.018651962280273438
MinHashLSH,118186,0.018652915954589844
MinHashLSH,1486403,0.018876075744628906
MinHashLSH,3886844,0.018644332885742188
MinHashLSH,1332237,0.01853656768798828
MinHashLSH,5089218,0.018538475036621094
MinHashLSH,252193,0.01843547821044922
MinHashLSH,4677589,0.018650054931640625
MinHashLSH,4192405,0.019021987915039062
MinHashLSH,5799660,0.01892852783203125
MinHashLSH,4499704,0.018657684326171875
MinHashLSH,5739806,0.16195297241210938
MinHashLSH,4590235,0.018430709838867188
MinHashLSH,2882474,0.04477214813232422
MinHashLSH,1456935,0.01894092559814453
MinHashLSH,5273871,0.01863861083984375
MinHashLSH,2775930,0.019026756286621094
MinHashLSH,4287619,0.019629478454589844
MinHashLSH,307373,0.019522666931152344
MinHashLSH,4921122,0.019838333129882812
MinHashLSH,1140444,0.01904582977294922
MinHashLSH,2380941,0.01894092559814453
MinHashLSH,2964885,0.018642425537109375
MinHashLSH,1409524,0.018650054931640625
MinHashLSH,3952935,0.018654823303222656
MinHashLSH,4065797,0.019605636596679688
MinHashLSH,1987019,0.018654823303222656
MinHashLSH,3944044,0.01854228973388672
MinHashLSH,5245492,0.018660545349121094
MinHashLSH,1906998,0.0184326171875
MinHashLSH,2070689,0.018639564514160156
MinHashLSH,4479260,0.019500732421875
MinHashLSH,5287891,0.018546104431152344
MinHashLSH,5282651,0.01865863800048828
MinHashLSH,2659553,0.018613815307617188
MinHashLSH,2947113,0.018644332885742188
MinHashLSH,4164689,0.01903820037841797
MinHashLSH,5746950,0.018662452697753906
MinHashLSH,459476,0.018644332885742188
MinHashLSH,5976027,0.019025802612304688
MinHashLSH,1341370,0.019036293029785156
MinHashLSH,5233318,0.01854991912841797
MinHashLSH,247695,0.018917083740234375
MinHashLSH,5978756,0.018659591674804688
MinHashLSH,6018740,0.018935203552246094
MinHashLSH,4379005,0.01853656768798828
MinHashLSH,1358442,0.018650054931640625
MinHashLSH,2396449,0.01892375946044922
MinHashLSH,1162415,0.018540382385253906
MinHashLSH,1744672,0.018654823303222656
MinHashLSH,1140078,0.01854419708251953
MinHashLSH,3106757,0.01891326904296875
MinHashLSH,1003655,0.01863861083984375
MinHashLSH,1704209,0.018935203552246094
MinHashLSH,5704761,0.018935203552246094
MinHashLSH,5531947,0.01853656768798828
MinHashLSH,3045502,0.018660545349121094
MinHashLSH,623100,0.01854228973388672
MinHashLSH,2642439,0.01864337921142578
MinHashLSH,5276254,0.018540382385253906
MinHashLSH,1704362,0.018540382385253906
MinHashLSH,3028180,0.01854419708251953
MinHashLSH,1444620,0.018909454345703125
MinHashLSH,3150630,0.018646240234375
MinHashLSH,2272178,0.018652915954589844
MinHashLSH,5427227,0.018917083740234375
MinHashLSH,4313573,0.16167163848876953
MinHashLSH,5798963,0.018657684326171875
MinHashLSH,5919132,0.018921852111816406
MinHashLSH,325775,0.018659591674804688
MinHashLSH,2284504,0.0189361572265625
MinHashLSH,323727,0.018919944763183594
MinHashLSH,2367373,0.018665313720703125
MinHashLSH,2818639,0.01854419708251953
MinHashLSH,4730229,0.16205120086669922
MinHashLSH,3908695,0.018915176391601562
MinHashLSH,5142481,0.018607139587402344
MinHashLSH,5726137,0.018924713134765625
MinHashLSH,5029187,0.1615619659423828
MinHashLSH,2147283,0.018655776977539062
MinHashLSH,2047468,0.019098281860351562
MinHashLSH,4513386,0.019034385681152344
MinHashLSH,2295012,0.01853656768798828
MinHashLSH,1193461,0.019041061401367188
MinHashLSH,4289882,0.01891040802001953
MinHashLSH,450211,0.01893138885498047
MinHashLSH,6106194,0.01854419708251953
MinHashLSH,5150046,0.018918991088867188
MinHashLSH,4659608,0.018553733825683594
MinHashLSH,1326539,0.018659591674804688
MinHashLSH,4370797,0.01893329620361328
MinHashLSH,3954786,0.01866912841796875
MinHashLSH,1313562,0.018645286560058594
MinHashLSH,5360190,0.01893901824951172
MinHashLSH,2154201,0.018652915954589844
MinHashLSH,5802495,0.018430709838867188
MinHashLSH,442927,0.01864910125732422
MinHashLSH,4708186,0.018655776977539062
MinHashLSH,4185516,0.018546104431152344
MinHashLSH,6065753,0.019029617309570312
MinHashLSH,5599908,0.01865386962890625
MinHashLSH,4944787,0.018546104431152344
MinHashLSH,6252676,0.01892852783203125
MinHashLSH,30491,0.01892375946044922
MinHashLSH,5223234,0.01865386962890625
MinHashLSH,617680,0.019036293029785156
MinHashLSH,5219299,0.019098281860351562
MinHashLSH,2898439,0.019622802734375
MinHashLSH,3243817,0.01865386962890625
MinHashLSH,3021056,0.01903247833251953
MinHashLSH,200026,0.018601417541503906
MinHashLSH,4511591,0.01996326446533203
MinHashLSH,5843246,0.019036293029785156
MinHashLSH,1482995,0.018921852111816406
MinHashLSH,1118987,0.018917083740234375
MinHashLSH,6344891,0.01892375946044922
MinHashLSH,3201824,0.019046783447265625
MinHashLSH,3911637,0.018538475036621094
MinHashLSH,5325451,0.01866436004638672
MinHashLSH,4221125,0.018915176391601562
MinHashLSH,2200424,0.01864147186279297
MinHashLSH,1379072,0.018640518188476562
MinHashLSH,4852704,0.01866436004638672
MinHashLSH,488165,0.0189361572265625
MinHashLSH,3577571,0.01891613006591797
MinHashLSH,5044872,0.018912315368652344
MinHashLSH,5921798,0.019031524658203125
MinHashLSH,1807641,0.01854419708251953
MinHashLSH,4186465,0.018648147583007812
MinHashLSH,3969739,0.04450035095214844
MinHashLSH,1784190,0.018642425537109375
MinHashLSH,3451282,0.018644332885742188
MinHashLSH,4602526,0.018647193908691406
MinHashLSH,6094792,0.018655776977539062
MinHashLSH,2099269,0.018921852111816406
MinHashLSH,5995908,0.01853656768798828
MinHashLSH,5688213,0.019044876098632812
MinHashLSH,3758627,0.01855182647705078
MinHashLSH,2999367,0.018927574157714844
MinHashLSH,5835162,0.018651962280273438
MinHashLSH,1169611,0.018650054931640625
MinHashLSH,2242006,0.0190277099609375
MinHashLSH,2100845,0.01864337921142578
MinHashLSH,1179775,0.018929481506347656
MinHashLSH,2337021,0.1616678237915039
MinHashLSH,5164352,0.018912315368652344
MinHashLSH,4356762,0.01891803741455078
MinHashLSH,2067626,0.04586029052734375
MinHashLSH,1495570,0.019044876098632812
MinHashLSH,3561152,0.0189361572265625
MinHashLSH,2021764,0.0190277099609375
MinHashLSH,4339074,0.0186614990234375
MinHashLSH,5148632,0.01854991912841797
MinHashLSH,3012761,0.01864337921142578
MinHashLSH,5347592,0.018934249877929688
MinHashLSH,1539123,0.018929481506347656
MinHashLSH,595893,0.018654823303222656
MinHashLSH,4733461,0.01853656768798828
MinHashLSH,2364708,0.018644332885742188
ProbMinHashDBSCAN,5299788,1.7196941375732422
ProbMinHashDBSCAN,6287934,1.7185287475585938
ProbMinHashDBSCAN,1011209,1.7188949584960938
ProbMinHashDBSCAN,5507504,1.7187576293945312
ProbMinHashDBSCAN,346568,1.7186660766601562
ProbMinHashDBSCAN,1203808,1.7184371948242188
ProbMinHashDBSCAN,1010335,1.7187118530273438
ProbMinHashDBSCAN,3409325,1.7185745239257812
ProbMinHashDBSCAN,4895081,1.718759536743164
ProbMinHashDBSCAN,1397599,1.7185287475585938
ProbMinHashDBSCAN,1644652,1.7184371948242188
ProbMinHashDBSCAN,2227097,1.7187118530273438
ProbMinHashDBSCAN,3601209,1.718759536743164
ProbMinHashDBSCAN,3711744,1.7188034057617188
ProbMinHashDBSCAN,1776679,1.7184391021728516
ProbMinHashDBSCAN,5851433,1.7184829711914062
ProbMinHashDBSCAN,4370660,1.7185745239257812
ProbMinHashDBSCAN,1040527,1.7187137603759766
ProbMinHashDBSCAN,3895110,1.718484878540039
ProbMinHashDBSCAN,4382555,1.7185306549072266
ProbMinHashDBSCAN,5767055,1.7187118530273438
ProbMinHashDBSCAN,2966359,1.7190322875976562
ProbMinHashDBSCAN,2105501,1.7183303833007812
ProbMinHashDBSCAN,1706796,1.7183303833007812
ProbMinHashDBSCAN,2151547,1.7186203002929688
ProbMinHashDBSCAN,4499037,1.7185745239257812
ProbMinHashDBSCAN,5590619,1.7186222076416016
ProbMinHashDBSCAN,1305866,1.718484878540039
ProbMinHashDBSCAN,1070632,1.7186203002929688
ProbMinHashDBSCAN,1579621,1.7186203002929688
ProbMinHashDBSCAN,3353693,1.7186660766601562
ProbMinHashDBSCAN,3183267,1.7185745239257812
ProbMinHashDBSCAN,267585,1.7187118530273438
ProbMinHashDBSCAN,2208303,1.718667984008789
ProbMinHashDBSCAN,3843978,1.7187137603759766
ProbMinHashDBSCAN,5635806,1.7188053131103516
ProbMinHashDBSCAN,1265872,1.718576431274414
ProbMinHashDBSCAN,3677350,1.7186203002929688
ProbMinHashDBSCAN,3513416,1.718759536743164
ProbMinHashDBSCAN,4432085,1.7185287475585938
ProbMinHashDBSCAN,3084813,1.718484878540039
ProbMinHashDBSCAN,5679395,1.7186222076416016
ProbMinHashDBSCAN,4018265,1.7185287475585938
ProbMinHashDBSCAN,3527049,1.7186660766601562
ProbMinHashDBSCAN,1077998,1.7187118530273438
ProbMinHashDBSCAN,6219647,1.7186222076416016
ProbMinHashDBSCAN,4003778,1.7185287475585938
ProbMinHashDBSCAN,1850213,1.7184829711914062
ProbMinHashDBSCAN,3450981,1.7188491821289062
ProbMinHashDBSCAN,3421016,1.7185287475585938
ProbMinHashDBSCAN,316293,1.7184371948242188
ProbMinHashDBSCAN,2819930,0.0103759765625
ProbMinHashDBSCAN,5634233,1.7186660766601562
ProbMinHashDBSCAN,5984821,1.7186222076416016
ProbMinHashDBSCAN,2859729,1.7186203002929688
ProbMinHashDBSCAN,1555823,1.7186660766601562
ProbMinHashDBSCAN,1250062,1.7184829711914062
ProbMinHashDBSCAN,1682807,1.718851089477539
ProbMinHashDBSCAN,4604261,1.718667984008789
ProbMinHashDBSCAN,525313,1.7185287475585938
ProbMinHashDBSCAN,1340509,1.718484878540039
ProbMinHashDBSCAN,3289123,1.7184371948242188
ProbMinHashDBSCAN,5662233,1.718484878540039
ProbMinHashDBSCAN,3223160,1.7185306549072266
ProbMinHashDBSCAN,3258688,1.718484878540039
ProbMinHashDBSCAN,2045751,1.7186698913574219
ProbMinHashDBSCAN,6053021,1.7184371948242188
ProbMinHashDBSCAN,1552659,1.7184410095214844
ProbMinHashDBSCAN,3714755,1.7184371948242188
ProbMinHashDBSCAN,4994038,1.718393325805664
ProbMinHashDBSCAN,5546008,1.7186222076416016
ProbMinHashDBSCAN,5591184,1.7183475494384766
ProbMinHashDBSCAN,5019203,1.7188529968261719
ProbMinHashDBSCAN,4646715,1.7187137603759766
ProbMinHashDBSCAN,1346416,1.7190799713134766
ProbMinHashDBSCAN,4175214,1.7187118530273438
ProbMinHashDBSCAN,4011263,1.7186660766601562
ProbMinHashDBSCAN,5571959,1.7185306549072266
ProbMinHashDBSCAN,2720946,1.7188034057617188
ProbMinHashDBSCAN,3746682,1.718484878540039
ProbMinHashDBSCAN,297891,1.7186698913574219
ProbMinHashDBSCAN,1455271,1.7187118530273438
ProbMinHashDBSCAN,5894445,1.7186203002929688
ProbMinHashDBSCAN,1241174,1.7188034057617188
ProbMinHashDBSCAN,3924770,1.7185287475585938
ProbMinHashDBSCAN,434590,1.7186203002929688
ProbMinHashDBSCAN,4695937,1.7185745239257812
ProbMinHashDBSCAN,5832927,1.7186660766601562
ProbMinHashDBSCAN,4321671,1.7188949584960938
ProbMinHashDBSCAN,5508475,1.7184371948242188
ProbMinHashDBSCAN,5324522,1.7188034057617188
ProbMinHashDBSCAN,6013566,1.7185745239257812
ProbMinHashDBSCAN,4363037,1.7188968658447266
ProbMinHashDBSCAN,5516488,1.7187576293945312
ProbMinHashDBSCAN,4972606,1.7184371948242188
ProbMinHashDBSCAN,1925113,1.7184371948242188
ProbMinHashDBSCAN,2435093,1.7186660766601562
ProbMinHashDBSCAN,2962173,1.718667984008789
ProbMinHashDBSCAN,6386375,1.718667984008789
ProbMinHashDBSCAN,3878668,1.718484878540039
ProbMinHashDBSCAN,5998189,1.7182865142822266
ProbMinHashDBSCAN,3180305,1.7185745239257812
ProbMinHashDBSCAN,1515659,1.718667984008789
ProbMinHashDBSCAN,6341489,1.7184371948242188
ProbMinHashDBSCAN,1671167,1.7186222076416016
ProbMinHashDBSCAN,5984743,1.7185325622558594
ProbMinHashDBSCAN,2119365,1.7184371948242188
ProbMinHashDBSCAN,1263837,1.7184371948242188
ProbMinHashDBSCAN,2284722,1.7184371948242188
ProbMinHashDBSCAN,1407940,1.7185306549072266
ProbMinHashDBSCAN,5136947,1.7186203002929688
ProbMinHashDBSCAN,2011460,1.7187576293945312
ProbMinHashDBSCAN,2263688,1.7185287475585938
ProbMinHashDBSCAN,1320455,1.7187576293945312
ProbMinHashDBSCAN,1773046,1.7185745239257812
ProbMinHashDBSCAN,1202815,1.7185745239257812
ProbMinHashDBSCAN,2765403,1.7184371948242188
ProbMinHashDBSCAN,1020829,1.718667984008789
ProbMinHashDBSCAN,435424,1.7185287475585938
ProbMinHashDBSCAN,352956,1.7186660766601562
ProbMinHashDBSCAN,425874,1.7187118530273438
ProbMinHashDBSCAN,4955213,1.7183303833007812
ProbMinHashDBSCAN,6163035,1.7185745239257812
ProbMinHashDBSCAN,3446482,1.718667984008789
ProbMinHashDBSCAN,2409062,1.7183303833007812
ProbMinHashDBSCAN,6075455,1.7185306549072266
ProbMinHashDBSCAN,221171,1.7187118530273438
ProbMinHashDBSCAN,1708585,1.7186660766601562
ProbMinHashDBSCAN,3431872,1.7183303833007812
ProbMinHashDBSCAN,3899907,1.7184371948242188
ProbMinHashDBSCAN,333210,1.7187118530273438
ProbMinHashDBSCAN,3408817,1.7187118530273438
ProbMinHashDBSCAN,2456608,1.7185287475585938
ProbMinHashDBSCAN,1138728,1.7186203002929688
ProbMinHashDBSCAN,102381,1.7186222076416016
ProbMinHashDBSCAN,3310199,1.7185306549072266
ProbMinHashDBSCAN,384192,1.7187137603759766
ProbMinHashDBSCAN,3790054,1.7185287475585938
ProbMinHashDBSCAN,4134703,1.7183303833007812
ProbMinHashDBSCAN,114977,1.7186660766601562
ProbMinHashDBSCAN,159878,1.7186222076416016
ProbMinHashDBSCAN,4223029,1.7184371948242188
ProbMinHashDBSCAN,5211805,1.7186203002929688
ProbMinHashDBSCAN,292631,1.7187137603759766
ProbMinHashDBSCAN,1016522,1.7185287475585938
ProbMinHashDBSCAN,6351265,1.7184829711914062
ProbMinHashDBSCAN,3990258,1.718851089477539
ProbMinHashDBSCAN,1154489,1.7184371948242188
ProbMinHashDBSCAN,5517500,1.7184371948242188
ProbMinHashDBSCAN,1952166,1.7184829711914062
ProbMinHashDBSCAN,1416349,1.7185287475585938
ProbMinHashDBSCAN,3216677,1.7186203002929688
ProbMinHashDBSCAN,5719491,1.718667984008789
ProbMinHashDBSCAN,1341494,1.7185745239257812
ProbMinHashDBSCAN,1028197,1.7185745239257812
ProbMinHashDBSCAN,2364664,1.718667984008789
ProbMinHashDBSCAN,4702150,1.7185287475585938
ProbMinHashDBSCAN,5210824,1.7183914184570312
ProbMinHashDBSCAN,2958343,1.7184371948242188
ProbMinHashDBSCAN,1568471,1.7186660766601562
ProbMinHashDBSCAN,3964562,1.7186660766601562
ProbMinHashDBSCAN,1717352,1.7184371948242188
ProbMinHashDBSCAN,5837609,1.7184371948242188
ProbMinHashDBSCAN,5813041,1.7188949584960938
ProbMinHashDBSCAN,2997872,1.7186203002929688
ProbMinHashDBSCAN,3284246,1.7184371948242188
ProbMinHashDBSCAN,2130387,1.7186203002929688
ProbMinHashDBSCAN,5858213,1.7186660766601562
ProbMinHashDBSCAN,3823779,1.718851089477539
ProbMinHashDBSCAN,4449340,1.7183303833007812
ProbMinHashDBSCAN,5242937,1.7186660766601562
ProbMinHashDBSCAN,3345443,1.7188491821289062
ProbMinHashDBSCAN,5489694,1.7183914184570312
ProbMinHashDBSCAN,3727614,1.718484878540039
ProbMinHashDBSCAN,5725329,1.7187576293945312
ProbMinHashDBSCAN,2388017,1.7186660766601562
ProbMinHashDBSCAN,4337388,1.7184829711914062
ProbMinHashDBSCAN,4542555,1.7184371948242188
ProbMinHashDBSCAN,1742928,1.718484878540039
ProbMinHashDBSCAN,1208620,1.7184371948242188
ProbMinHashDBSCAN,6372446,1.7188034057617188
ProbMinHashDBSCAN,3678780,1.7186222076416016
ProbMinHashDBSCAN,3637792,1.7187137603759766
ProbMinHashDBSCAN,5835632,1.7188034057617188
ProbMinHashDBSCAN,3412552,1.7183303833007812
ProbMinHashDBSCAN,3784642,1.7186660766601562
ProbMinHashDBSCAN,2249513,1.718667984008789
ProbMinHashDBSCAN,3994629,1.7186222076416016
ProbMinHashDBSCAN,4093193,1.7184829711914062
ProbMinHashDBSCAN,3940443,1.718667984008789
ProbMinHashDBSCAN,5342699,1.7186222076416016
ProbMinHashDBSCAN,2983666,1.718759536743164
ProbMinHashDBSCAN,529339,1.7185287475585938
ProbMinHashDBSCAN,2997326,1.7185287475585938
ProbMinHashDBSCAN,1181883,1.718667984008789
ProbMinHashDBSCAN,1578571,1.7186660766601562
ProbMinHashDBSCAN,4990938,1.7184829711914062
ProbMinHashDBSCAN,5193988,1.7187118530273438
ProbMinHashDBSCAN,4171316,1.7185287475585938
ProbMinHashDBSCAN,595005,1.7185287475585938
ProbMinHashDBSCAN,2974317,1.718393325805664
ProbMinHashDBSCAN,172332,1.7184371948242188
ProbMinHashDBSCAN,1451423,1.7187576293945312
ProbMinHashDBSCAN,2403263,1.7186660766601562
ProbMinHashDBSCAN,3335342,1.7182865142822266
ProbMinHashDBSCAN,1295286,1.7186660766601562
ProbMinHashDBSCAN,6020647,1.7185287475585938
ProbMinHashDBSCAN,5913997,1.7185287475585938
ProbMinHashDBSCAN,114290,1.718576431274414
ProbMinHashDBSCAN,3668800,1.7187118530273438
ProbMinHashDBSCAN,4852505,1.7186203002929688
ProbMinHashDBSCAN,2667746,1.7186660766601562
ProbMinHashDBSCAN,1202645,1.7185306549072266
ProbMinHashDBSCAN,221628,1.7188987731933594
ProbMinHashDBSCAN,5892697,1.7188034057617188
ProbMinHashDBSCAN,3420522,1.7188053131103516
ProbMinHashDBSCAN,5375356,1.7185745239257812
ProbMinHashDBSCAN,4556631,1.7186203002929688
ProbMinHashDBSCAN,3880043,1.7185745239257812
ProbMinHashDBSCAN,4557468,1.7187118530273438
ProbMinHashDBSCAN,1262444,1.718393325805664
ProbMinHashDBSCAN,2144649,1.718576431274414
ProbMinHashDBSCAN,4965439,1.718667984008789
ProbMinHashDBSCAN,176319,1.718393325805664
ProbMinHashDBSCAN,5262524,1.718759536743164
ProbMinHashDBSCAN,4988240,1.718484878540039
ProbMinHashDBSCAN,4536961,1.718484878540039
ProbMinHashDBSCAN,5827256,1.718484878540039
ProbMinHashDBSCAN,1107871,1.718576431274414
ProbMinHashDBSCAN,1742368,1.718576431274414
ProbMinHashDBSCAN,2182354,1.718576431274414
ProbMinHashDBSCAN,4392637,1.719125747680664
ProbMinHashDBSCAN,57975,1.718576431274414
ProbMinHashDBSCAN,6319414,1.718576431274414
ProbMinHashDBSCAN,4164053,1.718667984008789
ProbMinHashDBSCAN,277058,1.718484878540039
ProbMinHashDBSCAN,1401471,1.7187137603759766
ProbMinHashDBSCAN,5163910,1.7185306549072266
ProbMinHashDBSCAN,3794093,1.718667984008789
ProbMinHashDBSCAN,4938255,1.719034194946289
ProbMinHashDBSCAN,255457,1.718759536743164
ProbMinHashDBSCAN,1885819,1.718667984008789
ProbMinHashDBSCAN,2160326,1.7187137603759766
ProbMinHashDBSCAN,4444346,1.718667984008789
ProbMinHashDBSCAN,4684037,1.718484878540039
ProbMinHashDBSCAN,3817273,1.7182865142822266
ProbMinHashDBSCAN,5471841,1.7187137603759766
ProbMinHashDBSCAN,261112,1.718393325805664
ProbMinHashDBSCAN,1940858,1.7182865142822266
ProbMinHashDBSCAN,39751,1.7185306549072266
ProbMinHashDBSCAN,1006365,1.7187137603759766
ProbMinHashDBSCAN,4961817,1.718576431274414
ProbMinHashDBSCAN,2663338,1.718576431274414
ProbMinHashDBSCAN,4703848,1.718484878540039
ProbMinHashDBSCAN,4566246,1.718851089477539
ProbMinHashDBSCAN,1609854,1.718667984008789
ProbMinHashDBSCAN,4997395,1.718484878540039
ProbMinHashDBSCAN,2401207,1.718759536743164
ProbMinHashDBSCAN,2616251,1.7182865142822266
ProbMinHashDBSCAN,4720752,1.718942642211914
ProbMinHashDBSCAN,5446902,1.7184391021728516
ProbMinHashDBSCAN,4304490,1.718667984008789
ProbMinHashDBSCAN,6220453,1.7187137603759766
ProbMinHashDBSCAN,6244530,1.718393325805664
ProbMinHashDBSCAN,6057081,1.718667984008789
ProbMinHashDBSCAN,5731699,1.718759536743164
ProbMinHashDBSCAN,5519007,1.718484878540039
ProbMinHashDBSCAN,1775170,1.7188053131103516
ProbMinHashDBSCAN,4832681,1.718851089477539
ProbMinHashDBSCAN,2736719,1.718667984008789
ProbMinHashDBSCAN,4335992,1.718851089477539
ProbMinHashDBSCAN,4722891,1.718851089477539
ProbMinHashDBSCAN,5095605,1.718393325805664
ProbMinHashDBSCAN,2064070,1.718484878540039
ProbMinHashDBSCAN,4437445,1.718484878540039
ProbMinHashDBSCAN,32046,1.718576431274414
ProbMinHashDBSCAN,2722684,1.7182865142822266
ProbMinHashDBSCAN,114185,1.718576431274414
ProbMinHashDBSCAN,3763304,1.7185306549072266
ProbMinHashDBSCAN,3118616,1.718759536743164
ProbMinHashDBSCAN,1119434,1.719125747680664
ProbMinHashDBSCAN,3178780,1.718759536743164
ProbMinHashDBSCAN,2775355,1.718393325805664
ProbMinHashDBSCAN,2177379,1.718484878540039
ProbMinHashDBSCAN,32329,1.718393325805664
ProbMinHashDBSCAN,5950416,1.718851089477539
ProbMinHashDBSCAN,5736119,1.718484878540039
ProbMinHashDBSCAN,4887472,1.718576431274414
ProbMinHashDBSCAN,1306156,1.718393325805664
ProbMinHashDBSCAN,1359907,1.718393325805664
ProbMinHashDBSCAN,5433002,1.7184391021728516
ProbMinHashDBSCAN,5865847,1.718759536743164
ProbMinHashDBSCAN,108141,1.718393325805664
ProbMinHashDBSCAN,3790860,1.7186222076416016
ProbMinHashDBSCAN,1762055,1.7184391021728516
ProbMinHashDBSCAN,5679396,1.718393325805664
ProbMinHashDBSCAN,598090,1.718759536743164
ProbMinHashDBSCAN,4556098,1.718576431274414
ProbMinHashDBSCAN,2987957,1.718942642211914
ProbMinHashDBSCAN,436019,1.718484878540039
ProbMinHashDBSCAN,5573495,1.718759536743164
ProbMinHashDBSCAN,2298254,1.718393325805664
ProbMinHashDBSCAN,2703379,1.718576431274414
ProbMinHashDBSCAN,4926591,1.7188968658447266
ProbMinHashDBSCAN,365705,1.7187137603759766
ProbMinHashDBSCAN,2075574,1.7188968658447266
ProbMinHashDBSCAN,5640946,1.718851089477539
ProbMinHashDBSCAN,2892764,1.718851089477539
ProbMinHashDBSCAN,5358454,1.718576431274414
ProbMinHashDBSCAN,5590627,1.7186222076416016
ProbMinHashDBSCAN,2902047,1.718484878540039
ProbMinHashDBSCAN,3350380,1.7185306549072266
ProbMinHashDBSCAN,4220432,1.718484878540039
ProbMinHashDBSCAN,1597130,1.718484878540039
ProbMinHashDBSCAN,5469765,1.7184391021728516
ProbMinHashDBSCAN,4789489,1.718484878540039
ProbMinHashDBSCAN,4832773,1.7187137603759766
ProbMinHashDBSCAN,2823270,1.718851089477539
ProbMinHashDBSCAN,1961411,1.718576431274414
ProbMinHashDBSCAN,2023599,1.718484878540039
ProbMinHashDBSCAN,6155967,1.718484878540039
ProbMinHashDBSCAN,4180731,1.7184391021728516
ProbMinHashDBSCAN,32902,1.718484878540039
ProbMinHashDBSCAN,6168664,1.7186222076416016
ProbMinHashDBSCAN,1570337,1.718484878540039
ProbMinHashDBSCAN,1101380,1.7190799713134766
ProbMinHashDBSCAN,5207652,1.718759536743164
ProbMinHashDBSCAN,407765,1.7188053131103516
ProbMinHashDBSCAN,4042131,1.7188968658447266
ProbMinHashDBSCAN,5207645,1.7186222076416016
ProbMinHashDBSCAN,1390975,1.718393325805664
ProbMinHashDBSCAN,1960028,1.718484878540039
ProbMinHashDBSCAN,5468039,1.7182865142822266
ProbMinHashDBSCAN,4865176,1.718576431274414
ProbMinHashDBSCAN,3736729,1.7188053131103516
ProbMinHashDBSCAN,1765059,1.7184391021728516
ProbMinHashDBSCAN,5884875,1.718484878540039
ProbMinHashDBSCAN,3260497,1.7185306549072266
ProbMinHashDBSCAN,1199396,1.718393325805664
ProbMinHashDBSCAN,3534087,1.7185306549072266
ProbMinHashDBSCAN,3754566,1.718667984008789
ProbMinHashDBSCAN,1991478,1.718484878540039
ProbMinHashDBSCAN,1024056,1.7184391021728516
ProbMinHashDBSCAN,3460811,1.718759536743164
ProbMinHashDBSCAN,1938310,1.718667984008789
ProbMinHashDBSCAN,4032973,1.718393325805664
ProbMinHashDBSCAN,543562,1.718484878540039
ProbMinHashDBSCAN,5975249,1.718484878540039
ProbMinHashDBSCAN,4507798,1.7185306549072266
ProbMinHashDBSCAN,6381629,1.7187137603759766
ProbMinHashDBSCAN,6356930,1.718942642211914
ProbMinHashDBSCAN,6357695,1.7188053131103516
ProbMinHashDBSCAN,5965768,1.718667984008789
ProbMinHashDBSCAN,2616095,1.718576431274414
ProbMinHashDBSCAN,5935727,1.718393325805664
ProbMinHashDBSCAN,3405327,1.718667984008789
ProbMinHashDBSCAN,6213291,1.718484878540039
ProbMinHashDBSCAN,1445590,1.718484878540039
ProbMinHashDBSCAN,2571477,1.718484878540039
ProbMinHashDBSCAN,1757962,1.718393325805664
ProbMinHashDBSCAN,134441,1.718484878540039
ProbMinHashDBSCAN,4175890,1.7187137603759766
ProbMinHashDBSCAN,2997428,1.7186222076416016
ProbMinHashDBSCAN,2730746,1.718393325805664
ProbMinHashDBSCAN,303246,1.7184391021728516
ProbMinHashDBSCAN,5255166,1.7185306549072266
ProbMinHashDBSCAN,5119166,1.718759536743164
ProbMinHashDBSCAN,2143759,1.7186222076416016
ProbMinHashDBSCAN,1012393,1.718484878540039
ProbMinHashDBSCAN,1725061,1.719308853149414
ProbMinHashDBSCAN,2184043,1.7182865142822266
ProbMinHashDBSCAN,5779990,1.718484878540039
ProbMinHashDBSCAN,5502419,1.718667984008789
ProbMinHashDBSCAN,2839061,1.718667984008789
ProbMinHashDBSCAN,4610332,1.7195377349853516
ProbMinHashDBSCAN,1401465,1.718759536743164
ProbMinHashDBSCAN,3934033,1.718576431274414
ProbMinHashDBSCAN,2183102,1.7191715240478516
ProbMinHashDBSCAN,3470450,1.718851089477539
ProbMinHashDBSCAN,3077285,1.718667984008789
ProbMinHashDBSCAN,377287,1.7188053131103516
ProbMinHashDBSCAN,5616865,1.718942642211914
ProbMinHashDBSCAN,2376462,1.718851089477539
ProbMinHashDBSCAN,3050231,1.7186222076416016
ProbMinHashDBSCAN,1553444,1.718576431274414
ProbMinHashDBSCAN,4153945,1.718851089477539
ProbMinHashDBSCAN,4246057,1.718484878540039
ProbMinHashDBSCAN,1180348,1.718576431274414
ProbMinHashDBSCAN,328548,1.7186222076416016
ProbMinHashDBSCAN,2230476,1.718484878540039
ProbMinHashDBSCAN,426529,1.718759536743164
ProbMinHashDBSCAN,2850614,1.718851089477539
ProbMinHashDBSCAN,4416303,1.7185306549072266
ProbMinHashDBSCAN,3101236,1.7186222076416016
ProbMinHashDBSCAN,3638231,1.718942642211914
ProbMinHashDBSCAN,1679427,1.718576431274414
ProbMinHashDBSCAN,2138088,1.718759536743164
ProbMinHashDBSCAN,2995132,1.718851089477539
ProbMinHashDBSCAN,2585972,1.718759536743164
ProbMinHashDBSCAN,1848574,1.718393325805664
ProbMinHashDBSCAN,114873,1.718393325805664
ProbMinHashDBSCAN,2267564,1.718759536743164
ProbMinHashDBSCAN,3173110,1.718484878540039
ProbMinHashDBSCAN,3227933,1.718484878540039
ProbMinHashDBSCAN,3378328,1.718576431274414
ProbMinHashDBSCAN,133403,1.718759536743164
ProbMinHashDBSCAN,2381783,1.718484878540039
ProbMinHashDBSCAN,2849736,1.718667984008789
ProbMinHashDBSCAN,2737656,1.718393325805664
ProbMinHashDBSCAN,570516,1.718393325805664
ProbMinHashDBSCAN,1003868,1.7189884185791016
ProbMinHashDBSCAN,4108047,1.718484878540039
ProbMinHashDBSCAN,2216762,1.7188968658447266
ProbMinHashDBSCAN,2170698,1.718576431274414
ProbMinHashDBSCAN,329015,1.719400405883789
ProbMinHashDBSCAN,1371149,1.718393325805664
ProbMinHashDBSCAN,4259303,1.718759536743164
ProbMinHashDBSCAN,3158632,1.718851089477539
ProbMinHashDBSCAN,5483756,1.718576431274414
ProbMinHashDBSCAN,1470329,1.718759536743164
ProbMinHashDBSCAN,3504407,1.7183475494384766
ProbMinHashDBSCAN,3978029,1.718851089477539
ProbMinHashDBSCAN,4848204,1.7188968658447266
ProbMinHashDBSCAN,2626366,1.718484878540039
ProbMinHashDBSCAN,2394252,1.7187137603759766
ProbMinHashDBSCAN,4925629,1.7188968658447266
ProbMinHashDBSCAN,131924,1.718484878540039
ProbMinHashDBSCAN,4389733,1.718484878540039
ProbMinHashDBSCAN,1481006,1.718576431274414
ProbMinHashDBSCAN,2572817,1.718667984008789
ProbMinHashDBSCAN,2607150,1.7182865142822266
ProbMinHashDBSCAN,5602650,1.718393325805664
ProbMinHashDBSCAN,441342,1.718484878540039
ProbMinHashDBSCAN,3467540,1.718576431274414
ProbMinHashDBSCAN,1917102,1.7182865142822266
ProbMinHashDBSCAN,5669909,1.718484878540039
ProbMinHashDBSCAN,4817739,1.718851089477539
ProbMinHashDBSCAN,3579104,1.718393325805664
ProbMinHashDBSCAN,2091789,1.718667984008789
ProbMinHashDBSCAN,2860888,1.718576431274414
ProbMinHashDBSCAN,464025,1.718576431274414
ProbMinHashDBSCAN,5966834,1.718759536743164
ProbMinHashDBSCAN,4101141,1.718576431274414
ProbMinHashDBSCAN,1018172,1.718484878540039
ProbMinHashDBSCAN,4459676,1.718942642211914
ProbMinHashDBSCAN,6333575,1.718851089477539
ProbMinHashDBSCAN,262161,1.718667984008789
ProbMinHashDBSCAN,2354370,1.718576431274414
ProbMinHashDBSCAN,527910,1.718759536743164
ProbMinHashDBSCAN,2255639,1.718851089477539
ProbMinHashDBSCAN,541811,1.718576431274414
ProbMinHashDBSCAN,583256,1.718484878540039
ProbMinHashDBSCAN,4127095,1.718759536743164
ProbMinHashDBSCAN,4872862,1.718851089477539
ProbMinHashDBSCAN,1211754,1.718576431274414
ProbMinHashDBSCAN,1851445,1.7184391021728516
ProbMinHashDBSCAN,5605815,1.718942642211914
ProbMinHashDBSCAN,1404683,1.718484878540039
ProbMinHashDBSCAN,4079683,1.718667984008789
ProbMinHashDBSCAN,3331871,1.718484878540039
ProbMinHashDBSCAN,3795207,1.719034194946289
ProbMinHashDBSCAN,5271262,1.7184391021728516
ProbMinHashDBSCAN,1728132,1.7185306549072266
ProbMinHashDBSCAN,4907076,1.7182865142822266
ProbMinHashDBSCAN,1284155,1.7188053131103516
ProbMinHashDBSCAN,5322075,1.7184391021728516
ProbMinHashDBSCAN,2185446,1.718576431274414
ProbMinHashDBSCAN,144272,1.7182865142822266
ProbMinHashDBSCAN,5733342,1.7187137603759766
ProbMinHashDBSCAN,6155859,1.718759536743164
ProbMinHashDBSCAN,631174,1.7185306549072266
ProbMinHashDBSCAN,2253001,1.7188053131103516
ProbMinHashDBSCAN,1072810,1.719034194946289
ProbMinHashDBSCAN,382577,1.718484878540039
ProbMinHashDBSCAN,1125455,1.7188968658447266
ProbMinHashDBSCAN,4338937,1.718851089477539
ProbMinHashDBSCAN,4422428,1.718484878540039
ProbMinHashDBSCAN,4082142,1.718484878540039
ProbMinHashDBSCAN,483921,1.718484878540039
ProbMinHashDBSCAN,2351278,1.718851089477539
ProbMinHashDBSCAN,2457668,1.718851089477539
ProbMinHashDBSCAN,6079444,1.718667984008789
ProbMinHashDBSCAN,1679576,1.718576431274414
ProbMinHashDBSCAN,5785923,1.718667984008789
ProbMinHashDBSCAN,5039203,1.718759536743164
ProbMinHashDBSCAN,5828929,1.718576431274414
ProbMinHashDBSCAN,1145657,1.718484878540039
ProbMinHashDBSCAN,2351599,1.7195377349853516
ProbMinHashDBSCAN,544321,1.719125747680664
ProbMinHashDBSCAN,2010779,1.718484878540039
ProbMinHashDBSCAN,3533868,1.7182865142822266
ProbMinHashDBSCAN,3050557,1.718759536743164
ProbMinHashDBSCAN,4239886,1.7189884185791016
ProbMinHashDBSCAN,2567125,1.718393325805664
ProbMinHashDBSCAN,6341076,1.718942642211914
ProbMinHashDBSCAN,239464,1.718667984008789
ProbMinHashDBSCAN,1085625,1.718851089477539
ProbMinHashDBSCAN,252574,1.718484878540039
ProbMinHashDBSCAN,4775767,1.718667984008789
ProbMinHashDBSCAN,2352421,1.718484878540039
ProbMinHashDBSCAN,443487,1.7191944122314453
ProbMinHashDBSCAN,4147273,1.7190799713134766
ProbMinHashDBSCAN,4389381,1.718759536743164
ProbMinHashDBSCAN,2575944,1.718393325805664
ProbMinHashDBSCAN,563879,1.718576431274414
ProbMinHashDBSCAN,4672468,1.718576431274414
ProbMinHashDBSCAN,2753570,1.718851089477539
ProbMinHashDBSCAN,4946320,1.718393325805664
ProbMinHashDBSCAN,4235441,1.718851089477539
ProbMinHashDBSCAN,1977745,1.718576431274414
ProbMinHashDBSCAN,5231602,1.718667984008789
ProbMinHashDBSCAN,1146188,1.718484878540039
ProbMinHashDBSCAN,5809935,1.718393325805664
ProbMinHashDBSCAN,1334191,1.718393325805664
ProbMinHashDBSCAN,499389,1.718484878540039
ProbMinHashDBSCAN,2268103,1.718667984008789
ProbMinHashDBSCAN,5718400,1.718759536743164
ProbMinHashDBSCAN,4069697,1.718484878540039
ProbMinHashDBSCAN,5639753,1.718576431274414
ProbMinHashDBSCAN,4346860,1.7187137603759766
ProbMinHashDBSCAN,5972324,1.718667984008789
ProbMinHashDBSCAN,4602234,1.718576431274414
ProbMinHashDBSCAN,2821445,1.718576431274414
ProbMinHashDBSCAN,1483495,1.718576431274414
ProbMinHashDBSCAN,5538472,1.718484878540039
ProbMinHashDBSCAN,5994916,1.718576431274414
ProbMinHashDBSCAN,5213680,1.7188968658447266
ProbMinHashDBSCAN,6214747,1.718576431274414
ProbMinHashDBSCAN,1776829,1.7185306549072266
ProbMinHashDBSCAN,3729268,1.718759536743164
ProbMinHashDBSCAN,5559189,1.718667984008789
ProbMinHashDBSCAN,3208189,1.718576431274414
ProbMinHashDBSCAN,5527000,1.718576431274414
ProbMinHashDBSCAN,4610979,1.7188053131103516
ProbMinHashDBSCAN,4346957,1.718667984008789
ProbMinHashDBSCAN,416205,1.7187137603759766
ProbMinHashDBSCAN,2438086,1.7185306549072266
ProbMinHashDBSCAN,1374089,1.718393325805664
ProbMinHashDBSCAN,6236609,1.7186222076416016
ProbMinHashDBSCAN,544160,1.718393325805664
ProbMinHashDBSCAN,2089863,1.718759536743164
ProbMinHashDBSCAN,3847613,1.718484878540039
ProbMinHashDBSCAN,1419407,1.7185306549072266
ProbMinHashDBSCAN,5820128,1.718393325805664
ProbMinHashDBSCAN,416465,1.7188053131103516
ProbMinHashDBSCAN,3250211,1.718576431274414
ProbMinHashDBSCAN,1181554,1.718851089477539
ProbMinHashDBSCAN,4326700,1.718576431274414
ProbMinHashDBSCAN,1866208,1.7184391021728516
ProbMinHashDBSCAN,4966019,1.718667984008789
ProbMinHashDBSCAN,3734341,1.7188053131103516
ProbMinHashDBSCAN,3089024,1.718484878540039
ProbMinHashDBSCAN,4563269,1.7185306549072266
ProbMinHashDBSCAN,5241113,1.718576431274414
ProbMinHashDBSCAN,3957364,1.718667984008789
ProbMinHashDBSCAN,3723343,1.718576431274414
ProbMinHashDBSCAN,1218527,1.718393325805664
ProbMinHashDBSCAN,3368656,1.718667984008789
ProbMinHashDBSCAN,151596,1.7184391021728516
ProbMinHashDBSCAN,1425761,1.718484878540039
ProbMinHashDBSCAN,550092,1.7190799713134766
ProbMinHashDBSCAN,5786594,1.718393325805664
ProbMinHashDBSCAN,3449640,1.718667984008789
ProbMinHashDBSCAN,1828756,1.718484878540039
ProbMinHashDBSCAN,3409621,1.718851089477539
ProbMinHashDBSCAN,4959077,1.7187137603759766
ProbMinHashDBSCAN,3417151,1.718576431274414
ProbMinHashDBSCAN,4393988,1.719217300415039
ProbMinHashDBSCAN,2341087,1.718576431274414
ProbMinHashDBSCAN,4816123,1.718576431274414
ProbMinHashDBSCAN,2145204,1.718576431274414
ProbMinHashDBSCAN,495949,1.718484878540039
ProbMinHashDBSCAN,3296939,1.719125747680664
ProbMinHashDBSCAN,4518053,1.7186222076416016
ProbMinHashDBSCAN,5201624,1.718393325805664
ProbMinHashDBSCAN,1656204,1.718851089477539
ProbMinHashDBSCAN,2883408,1.718576431274414
ProbMinHashDBSCAN,527358,1.718393325805664
ProbMinHashDBSCAN,317466,1.7186222076416016
ProbMinHashDBSCAN,3307887,1.719034194946289
ProbMinHashDBSCAN,2014017,1.7187137603759766
ProbMinHashDBSCAN,1495317,1.718942642211914
ProbMinHashDBSCAN,5288688,1.718759536743164
ProbMinHashDBSCAN,1946645,1.7187137603759766
ProbMinHashDBSCAN,2383369,1.718484878540039
ProbMinHashDBSCAN,1489898,1.718576431274414
ProbMinHashDBSCAN,5845137,1.718667984008789
ProbMinHashDBSCAN,5490351,1.718851089477539
ProbMinHashDBSCAN,1389845,1.718393325805664
ProbMinHashDBSCAN,2223199,1.718942642211914
ProbMinHashDBSCAN,313874,1.718393325805664
ProbMinHashDBSCAN,2133704,1.718484878540039
ProbMinHashDBSCAN,1712723,1.7188053131103516
ProbMinHashDBSCAN,4207095,1.7189884185791016
ProbMinHashDBSCAN,4257437,1.7182865142822266
ProbMinHashDBSCAN,2866825,1.718393325805664
ProbMinHashDBSCAN,1698385,1.718484878540039
ProbMinHashDBSCAN,3349374,1.718484878540039
ProbMinHashDBSCAN,2182546,1.7187137603759766
ProbMinHashDBSCAN,2053262,1.718393325805664
ProbMinHashDBSCAN,4266176,1.718667984008789
ProbMinHashDBSCAN,2963158,1.718393325805664
ProbMinHashDBSCAN,5458144,1.718484878540039
ProbMinHashDBSCAN,3797871,1.718484878540039
ProbMinHashDBSCAN,5512795,1.718667984008789
ProbMinHashDBSCAN,5499635,1.718484878540039
ProbMinHashDBSCAN,1874923,1.718759536743164
ProbMinHashDBSCAN,623340,1.7187137603759766
ProbMinHashDBSCAN,3288985,1.718667984008789
ProbMinHashDBSCAN,2818548,1.718393325805664
ProbMinHashDBSCAN,4793901,1.718667984008789
ProbMinHashDBSCAN,2305257,1.718667984008789
ProbMinHashDBSCAN,4549309,1.719125747680664
ProbMinHashDBSCAN,2972406,1.7187137603759766
ProbMinHashDBSCAN,3014250,1.718851089477539
ProbMinHashDBSCAN,1672871,1.7186222076416016
ProbMinHashDBSCAN,1074798,1.7184391021728516
ProbMinHashDBSCAN,4248795,1.7185306549072266
ProbMinHashDBSCAN,6024428,1.718484878540039
ProbMinHashDBSCAN,4475585,1.718576431274414
ProbMinHashDBSCAN,5979841,1.718851089477539
ProbMinHashDBSCAN,3646966,1.718484878540039
ProbMinHashDBSCAN,3134845,1.718393325805664
ProbMinHashDBSCAN,3657359,1.718759536743164
ProbMinHashDBSCAN,3494751,1.718576431274414
ProbMinHashDBSCAN,4012235,1.718942642211914
ProbMinHashDBSCAN,2872682,1.718393325805664
ProbMinHashDBSCAN,4098349,1.718484878540039
ProbMinHashDBSCAN,1939841,1.718851089477539
ProbMinHashDBSCAN,3029287,1.7182865142822266
ProbMinHashDBSCAN,4270585,1.718576431274414
ProbMinHashDBSCAN,6337530,1.718667984008789
ProbMinHashDBSCAN,5559447,1.7189884185791016
ProbMinHashDBSCAN,2492200,1.718942642211914
ProbMinHashDBSCAN,3506958,1.718484878540039
ProbMinHashDBSCAN,4280289,1.718393325805664
ProbMinHashDBSCAN,4600871,1.718851089477539
ProbMinHashDBSCAN,5478105,1.719491958618164
ProbMinHashDBSCAN,5161710,1.718484878540039
ProbMinHashDBSCAN,2140677,1.718667984008789
ProbMinHashDBSCAN,6244236,1.718759536743164
ProbMinHashDBSCAN,3025411,1.718667984008789
ProbMinHashDBSCAN,1210230,1.7185306549072266
ProbMinHashDBSCAN,5891364,1.7186222076416016
ProbMinHashDBSCAN,1716415,1.718393325805664
ProbMinHashDBSCAN,1149463,1.7186222076416016
ProbMinHashDBSCAN,4547086,1.7182865142822266
ProbMinHashDBSCAN,6201636,1.718484878540039
ProbMinHashDBSCAN,426218,1.718576431274414
ProbMinHashDBSCAN,5116237,1.718667984008789
ProbMinHashDBSCAN,3375418,1.718759536743164
ProbMinHashDBSCAN,4644312,1.718667984008789
ProbMinHashDBSCAN,134842,1.718667984008789
ProbMinHashDBSCAN,4710580,1.718484878540039
ProbMinHashDBSCAN,581914,1.718484878540039
ProbMinHashDBSCAN,1674565,1.718851089477539
ProbMinHashDBSCAN,3369189,1.718393325805664
ProbMinHashDBSCAN,5318494,1.718851089477539
ProbMinHashDBSCAN,1956956,1.718484878540039
ProbMinHashDBSCAN,3584287,1.718576431274414
ProbMinHashDBSCAN,5871812,1.718759536743164
ProbMinHashDBSCAN,4849183,1.7190799713134766
ProbMinHashDBSCAN,5519066,1.718484878540039
ProbMinHashDBSCAN,5807249,1.7185306549072266
ProbMinHashDBSCAN,5161178,1.7185306549072266
ProbMinHashDBSCAN,3189416,1.718393325805664
ProbMinHashDBSCAN,5093856,1.718759536743164
ProbMinHashDBSCAN,14081,1.718393325805664
ProbMinHashDBSCAN,3371797,1.718759536743164
ProbMinHashDBSCAN,6009715,1.718759536743164
ProbMinHashDBSCAN,5130169,1.7191715240478516
ProbMinHashDBSCAN,4536966,1.718484878540039
ProbMinHashDBSCAN,5141891,1.7189884185791016
ProbMinHashDBSCAN,1056367,1.718484878540039
ProbMinHashDBSCAN,3054306,1.718759536743164
ProbMinHashDBSCAN,1400501,1.718484878540039
ProbMinHashDBSCAN,2129555,1.718667984008789
ProbMinHashDBSCAN,2277682,1.718667984008789
ProbMinHashDBSCAN,5216541,1.7187137603759766
ProbMinHashDBSCAN,2045127,1.718942642211914
ProbMinHashDBSCAN,4656891,1.718759536743164
ProbMinHashDBSCAN,2065591,1.718393325805664
ProbMinHashDBSCAN,1131241,1.7186222076416016
ProbMinHashDBSCAN,3917828,1.7185306549072266
ProbMinHashDBSCAN,2284353,1.718851089477539
ProbMinHashDBSCAN,3299760,1.718484878540039
ProbMinHashDBSCAN,4048139,1.718484878540039
ProbMinHashDBSCAN,2247982,1.718484878540039
ProbMinHashDBSCAN,1621077,1.718576431274414
ProbMinHashDBSCAN,3331144,1.718576431274414
ProbMinHashDBSCAN,1792141,1.719491958618164
ProbMinHashDBSCAN,1141676,1.718576431274414
ProbMinHashDBSCAN,1233181,1.718393325805664
ProbMinHashDBSCAN,636700,1.718576431274414
ProbMinHashDBSCAN,4671892,1.718393325805664
ProbMinHashDBSCAN,2096772,1.718942642211914
ProbMinHashDBSCAN,3394837,1.718484878540039
ProbMinHashDBSCAN,6104666,1.718576431274414
ProbMinHashDBSCAN,5315539,1.719125747680664
ProbMinHashDBSCAN,356041,1.718759536743164
ProbMinHashDBSCAN,5763739,1.718851089477539
ProbMinHashDBSCAN,2673476,1.718667984008789
ProbMinHashDBSCAN,5612772,1.7188968658447266
ProbMinHashDBSCAN,5709980,1.7184391021728516
ProbMinHashDBSCAN,5374565,1.718393325805664
ProbMinHashDBSCAN,2967781,1.718576431274414
ProbMinHashDBSCAN,5157284,1.718667984008789
ProbMinHashDBSCAN,5463212,1.718484878540039
ProbMinHashDBSCAN,2276496,1.718851089477539
ProbMinHashDBSCAN,2857216,1.718576431274414
ProbMinHashDBSCAN,4067802,1.719217300415039
ProbMinHashDBSCAN,3467850,1.718759536743164
ProbMinHashDBSCAN,1466717,1.718667984008789
ProbMinHashDBSCAN,6348401,1.718942642211914
ProbMinHashDBSCAN,1045667,1.7182865142822266
ProbMinHashDBSCAN,4357655,1.718851089477539
ProbMinHashDBSCAN,5355416,1.719125747680664
ProbMinHashDBSCAN,2156003,1.7191715240478516
ProbMinHashDBSCAN,1340392,1.718484878540039
ProbMinHashDBSCAN,144030,1.718393325805664
ProbMinHashDBSCAN,5574465,1.718759536743164
ProbMinHashDBSCAN,1549801,1.7185306549072266
ProbMinHashDBSCAN,3096727,1.7183475494384766
ProbMinHashDBSCAN,266254,1.719400405883789
ProbMinHashDBSCAN,2465167,1.718484878540039
ProbMinHashDBSCAN,470861,1.718484878540039
ProbMinHashDBSCAN,34557,1.718393325805664
ProbMinHashDBSCAN,4838265,1.718667984008789
ProbMinHashDBSCAN,4151609,1.718942642211914
ProbMinHashDBSCAN,3890237,1.7186222076416016
ProbMinHashDBSCAN,6031947,1.7184391021728516
ProbMinHashDBSCAN,1934038,1.718484878540039
ProbMinHashDBSCAN,14039,1.718667984008789
ProbMinHashDBSCAN,6019659,1.718484878540039
ProbMinHashDBSCAN,5860328,1.718484878540039
ProbMinHashDBSCAN,6123851,1.7182865142822266
ProbMinHashDBSCAN,5004568,1.718759536743164
ProbMinHashDBSCAN,3834869,1.7188053131103516
ProbMinHashDBSCAN,3312569,1.718851089477539
ProbMinHashDBSCAN,2540577,1.718576431274414
ProbMinHashDBSCAN,2329040,1.718576431274414
ProbMinHashDBSCAN,3827249,1.718759536743164
ProbMinHashDBSCAN,6238444,1.718393325805664
ProbMinHashDBSCAN,5537725,1.718667984008789
ProbMinHashDBSCAN,2150872,1.7187137603759766
ProbMinHashDBSCAN,5375968,1.718759536743164
ProbMinHashDBSCAN,2412075,1.718576431274414
ProbMinHashDBSCAN,4711167,1.719034194946289
ProbMinHashDBSCAN,5656940,1.718759536743164
ProbMinHashDBSCAN,4298954,1.718393325805664
ProbMinHashDBSCAN,1459856,1.7187137603759766
ProbMinHashDBSCAN,6085026,1.7188053131103516
ProbMinHashDBSCAN,4987229,1.718576431274414
ProbMinHashDBSCAN,2111910,1.7188053131103516
ProbMinHashDBSCAN,6019970,1.718576431274414
ProbMinHashDBSCAN,4736213,1.718484878540039
ProbMinHashDBSCAN,1470710,1.7185306549072266
ProbMinHashDBSCAN,2525335,1.718576431274414
ProbMinHashDBSCAN,3076814,1.718759536743164
ProbMinHashDBSCAN,4497077,1.7188053131103516
ProbMinHashDBSCAN,1484311,1.7183475494384766
ProbMinHashDBSCAN,3130029,1.718576431274414
ProbMinHashDBSCAN,1411378,1.718759536743164
ProbMinHashDBSCAN,4631905,1.718484878540039
ProbMinHashDBSCAN,4547288,1.718759536743164
ProbMinHashDBSCAN,468377,1.718576431274414
ProbMinHashDBSCAN,5245704,1.718576431274414
ProbMinHashDBSCAN,2571620,1.7185306549072266
ProbMinHashDBSCAN,3633749,1.7185306549072266
ProbMinHashDBSCAN,4271222,1.7183475494384766
ProbMinHashDBSCAN,3486001,1.7187137603759766
ProbMinHashDBSCAN,5069519,1.7186222076416016
ProbMinHashDBSCAN,1216804,1.7184391021728516
ProbMinHashDBSCAN,4112705,1.7188968658447266
ProbMinHashDBSCAN,3737610,1.718576431274414
ProbMinHashDBSCAN,4154683,1.718667984008789
ProbMinHashDBSCAN,3730430,1.7183475494384766
ProbMinHashDBSCAN,4237791,1.718667984008789
ProbMinHashDBSCAN,2573332,1.718393325805664
ProbMinHashDBSCAN,106544,1.718667984008789
ProbMinHashDBSCAN,1334134,1.718942642211914
ProbMinHashDBSCAN,4497363,1.718393325805664
ProbMinHashDBSCAN,6002614,1.718484878540039
ProbMinHashDBSCAN,4211860,1.7188053131103516
ProbMinHashDBSCAN,3580359,1.7190799713134766
ProbMinHashDBSCAN,4382311,1.7186222076416016
ProbMinHashDBSCAN,4431314,1.718576431274414
ProbMinHashDBSCAN,4241244,1.718576431274414
ProbMinHashDBSCAN,4196959,1.718759536743164
ProbMinHashDBSCAN,1949648,1.718393325805664
ProbMinHashDBSCAN,5078384,1.7187137603759766
ProbMinHashDBSCAN,5097701,1.718667984008789
ProbMinHashDBSCAN,1451762,1.718484878540039
ProbMinHashDBSCAN,6002684,1.718576431274414
ProbMinHashDBSCAN,5825909,1.718393325805664
ProbMinHashDBSCAN,4496667,1.718393325805664
ProbMinHashDBSCAN,5255518,1.718484878540039
ProbMinHashDBSCAN,2440457,1.718576431274414
ProbMinHashDBSCAN,1671070,1.718484878540039
ProbMinHashDBSCAN,4131094,1.7188968658447266
ProbMinHashDBSCAN,3152728,1.718393325805664
ProbMinHashDBSCAN,289549,1.7187137603759766
ProbMinHashDBSCAN,1506519,1.718484878540039
ProbMinHashDBSCAN,3516831,1.7186222076416016
ProbMinHashDBSCAN,1509884,1.718576431274414
ProbMinHashDBSCAN,3449914,1.718393325805664
ProbMinHashDBSCAN,5452715,1.7184391021728516
ProbMinHashDBSCAN,1220618,1.718576431274414
ProbMinHashDBSCAN,1711487,1.7182865142822266
ProbMinHashDBSCAN,5475534,1.719583511352539
ProbMinHashDBSCAN,5446866,1.718576431274414
ProbMinHashDBSCAN,4222138,1.718759536743164
ProbMinHashDBSCAN,427641,1.718667984008789
ProbMinHashDBSCAN,2497872,1.718667984008789
ProbMinHashDBSCAN,6268528,1.718484878540039
ProbMinHashDBSCAN,5523895,1.718851089477539
ProbMinHashDBSCAN,5012075,1.718759536743164
ProbMinHashDBSCAN,629903,1.718393325805664
ProbMinHashDBSCAN,618954,1.718667984008789
ProbMinHashDBSCAN,1747307,1.718942642211914
ProbMinHashDBSCAN,2663232,1.718667984008789
ProbMinHashDBSCAN,5109015,1.718484878540039
ProbMinHashDBSCAN,398287,1.718576431274414
ProbMinHashDBSCAN,374300,1.718484878540039
ProbMinHashDBSCAN,4965925,1.7182865142822266
ProbMinHashDBSCAN,3337510,1.718576431274414
ProbMinHashDBSCAN,4071243,1.718851089477539
ProbMinHashDBSCAN,2944561,1.718667984008789
ProbMinHashDBSCAN,6334469,1.718576431274414
ProbMinHashDBSCAN,4710152,1.718667984008789
ProbMinHashDBSCAN,4019189,1.718759536743164
ProbMinHashDBSCAN,1008960,1.718393325805664
ProbMinHashDBSCAN,385828,1.718759536743164
ProbMinHashDBSCAN,2398763,1.7182865142822266
ProbMinHashDBSCAN,5749657,1.718667984008789
ProbMinHashDBSCAN,2564110,1.719034194946289
ProbMinHashDBSCAN,248965,1.718393325805664
ProbMinHashDBSCAN,2553883,1.718851089477539
ProbMinHashDBSCAN,1109802,1.718759536743164
ProbMinHashDBSCAN,4244456,1.718576431274414
ProbMinHashDBSCAN,6228621,1.718576431274414
ProbMinHashDBSCAN,5017515,1.718484878540039
ProbMinHashDBSCAN,118186,1.718576431274414
ProbMinHashDBSCAN,1486403,1.718576431274414
ProbMinHashDBSCAN,3886844,1.718576431274414
ProbMinHashDBSCAN,1332237,1.718393325805664
ProbMinHashDBSCAN,5089218,1.718393325805664
ProbMinHashDBSCAN,252193,0.010377883911132812
ProbMinHashDBSCAN,4677589,1.718576431274414
ProbMinHashDBSCAN,4192405,1.719034194946289
ProbMinHashDBSCAN,5799660,1.718759536743164
ProbMinHashDBSCAN,4499704,1.718576431274414
ProbMinHashDBSCAN,5739806,1.718667984008789
ProbMinHashDBSCAN,4590235,1.7182865142822266
ProbMinHashDBSCAN,2882474,1.718667984008789
ProbMinHashDBSCAN,1456935,1.718851089477539
ProbMinHashDBSCAN,5273871,1.718576431274414
ProbMinHashDBSCAN,2775930,1.7186222076416016
ProbMinHashDBSCAN,4287619,1.7189884185791016
ProbMinHashDBSCAN,307373,1.718759536743164
ProbMinHashDBSCAN,4921122,1.718942642211914
ProbMinHashDBSCAN,1140444,1.718851089477539
ProbMinHashDBSCAN,2380941,1.718851089477539
ProbMinHashDBSCAN,2964885,1.718667984008789
ProbMinHashDBSCAN,1409524,1.718484878540039
ProbMinHashDBSCAN,3952935,1.718667984008789
ProbMinHashDBSCAN,4065797,1.7188053131103516
ProbMinHashDBSCAN,1987019,1.718393325805664
ProbMinHashDBSCAN,3944044,1.718393325805664
ProbMinHashDBSCAN,5245492,1.718484878540039
ProbMinHashDBSCAN,1906998,1.7182865142822266
ProbMinHashDBSCAN,2070689,1.718393325805664
ProbMinHashDBSCAN,4479260,1.718942642211914
ProbMinHashDBSCAN,5287891,1.7182865142822266
ProbMinHashDBSCAN,5282651,1.718576431274414
ProbMinHashDBSCAN,2659553,1.718576431274414
ProbMinHashDBSCAN,2947113,1.718576431274414
ProbMinHashDBSCAN,4164689,1.7188053131103516
ProbMinHashDBSCAN,5746950,1.7184391021728516
ProbMinHashDBSCAN,459476,1.718484878540039
ProbMinHashDBSCAN,5976027,1.718576431274414
ProbMinHashDBSCAN,1341370,1.718759536743164
ProbMinHashDBSCAN,5233318,1.718393325805664
ProbMinHashDBSCAN,247695,1.718759536743164
ProbMinHashDBSCAN,5978756,1.718484878540039
ProbMinHashDBSCAN,6018740,1.718759536743164
ProbMinHashDBSCAN,4379005,1.718393325805664
ProbMinHashDBSCAN,1358442,1.718484878540039
ProbMinHashDBSCAN,2396449,1.718851089477539
ProbMinHashDBSCAN,1162415,1.718393325805664
ProbMinHashDBSCAN,1744672,1.718667984008789
ProbMinHashDBSCAN,1140078,1.7183475494384766
ProbMinHashDBSCAN,3106757,1.718667984008789
ProbMinHashDBSCAN,1003655,1.718484878540039
ProbMinHashDBSCAN,1704209,1.7185306549072266
ProbMinHashDBSCAN,5704761,1.7183475494384766
ProbMinHashDBSCAN,5531947,1.718484878540039
ProbMinHashDBSCAN,3045502,1.718484878540039
ProbMinHashDBSCAN,623100,1.718393325805664
ProbMinHashDBSCAN,2642439,1.718484878540039
ProbMinHashDBSCAN,5276254,1.718393325805664
ProbMinHashDBSCAN,1704362,1.718393325805664
ProbMinHashDBSCAN,3028180,1.718484878540039
ProbMinHashDBSCAN,1444620,1.718667984008789
ProbMinHashDBSCAN,3150630,1.718667984008789
ProbMinHashDBSCAN,2272178,1.718667984008789
ProbMinHashDBSCAN,5427227,1.718759536743164
ProbMinHashDBSCAN,4313573,1.718667984008789
ProbMinHashDBSCAN,5798963,1.718576431274414
ProbMinHashDBSCAN,5919132,1.718759536743164
ProbMinHashDBSCAN,325775,1.718484878540039
ProbMinHashDBSCAN,2284504,1.718759536743164
ProbMinHashDBSCAN,323727,1.718759536743164
ProbMinHashDBSCAN,2367373,1.718576431274414
ProbMinHashDBSCAN,2818639,1.7182865142822266
ProbMinHashDBSCAN,4730229,1.718759536743164
ProbMinHashDBSCAN,3908695,1.718667984008789
ProbMinHashDBSCAN,5142481,1.718484878540039
ProbMinHashDBSCAN,5726137,1.718667984008789
ProbMinHashDBSCAN,5029187,1.718393325805664
ProbMinHashDBSCAN,2147283,1.718576431274414
ProbMinHashDBSCAN,2047468,1.719034194946289
ProbMinHashDBSCAN,4513386,1.718667984008789
ProbMinHashDBSCAN,2295012,1.718484878540039
ProbMinHashDBSCAN,1193461,1.718942642211914
ProbMinHashDBSCAN,4289882,1.718667984008789
ProbMinHashDBSCAN,450211,1.718667984008789
ProbMinHashDBSCAN,6106194,1.718393325805664
ProbMinHashDBSCAN,5150046,1.718851089477539
ProbMinHashDBSCAN,4659608,1.7182865142822266
ProbMinHashDBSCAN,1326539,1.718576431274414
ProbMinHashDBSCAN,4370797,1.7186222076416016
ProbMinHashDBSCAN,3954786,1.718393325805664
ProbMinHashDBSCAN,1313562,1.718484878540039
ProbMinHashDBSCAN,5360190,1.7186222076416016
ProbMinHashDBSCAN,2154201,1.718576431274414
ProbMinHashDBSCAN,5802495,1.7182865142822266
ProbMinHashDBSCAN,442927,1.718484878540039
ProbMinHashDBSCAN,4708186,1.718484878540039
ProbMinHashDBSCAN,4185516,1.7182865142822266
ProbMinHashDBSCAN,6065753,1.718759536743164
ProbMinHashDBSCAN,5599908,1.718393325805664
ProbMinHashDBSCAN,4944787,1.718393325805664
ProbMinHashDBSCAN,6252676,1.718759536743164
ProbMinHashDBSCAN,30491,1.718851089477539
ProbMinHashDBSCAN,5223234,1.718576431274414
ProbMinHashDBSCAN,617680,1.7188053131103516
ProbMinHashDBSCAN,5219299,1.718942642211914
ProbMinHashDBSCAN,2898439,1.719125747680664
ProbMinHashDBSCAN,3243817,1.7185306549072266
ProbMinHashDBSCAN,3021056,1.719034194946289
ProbMinHashDBSCAN,200026,1.718484878540039
ProbMinHashDBSCAN,4511591,1.719217300415039
ProbMinHashDBSCAN,5843246,1.718667984008789
ProbMinHashDBSCAN,1482995,1.7184391021728516
ProbMinHashDBSCAN,1118987,1.7187137603759766
ProbMinHashDBSCAN,6344891,1.7186222076416016
ProbMinHashDBSCAN,3201824,1.718667984008789
ProbMinHashDBSCAN,3911637,1.7184391021728516
ProbMinHashDBSCAN,5325451,1.7184391021728516
ProbMinHashDBSCAN,4221125,1.718667984008789
ProbMinHashDBSCAN,2200424,1.718484878540039
ProbMinHashDBSCAN,1379072,1.718484878540039
ProbMinHashDBSCAN,4852704,1.718484878540039
ProbMinHashDBSCAN,488165,1.718667984008789
ProbMinHashDBSCAN,3577571,1.718484878540039
ProbMinHashDBSCAN,5044872,1.7185306549072266
ProbMinHashDBSCAN,5921798,1.7189884185791016
ProbMinHashDBSCAN,1807641,1.718484878540039
ProbMinHashDBSCAN,4186465,1.718576431274414
ProbMinHashDBSCAN,3969739,1.718484878540039
ProbMinHashDBSCAN,1784190,1.718484878540039
ProbMinHashDBSCAN,3451282,1.718484878540039
ProbMinHashDBSCAN,4602526,1.718576431274414
ProbMinHashDBSCAN,6094792,1.718667984008789
ProbMinHashDBSCAN,2099269,1.718759536743164
ProbMinHashDBSCAN,5995908,1.718393325805664
ProbMinHashDBSCAN,5688213,1.719034194946289
ProbMinHashDBSCAN,3758627,1.718393325805664
ProbMinHashDBSCAN,2999367,1.718759536743164
ProbMinHashDBSCAN,5835162,1.718576431274414
ProbMinHashDBSCAN,1169611,1.718484878540039
ProbMinHashDBSCAN,2242006,1.719034194946289
ProbMinHashDBSCAN,2100845,1.718576431274414
ProbMinHashDBSCAN,1179775,1.718851089477539
ProbMinHashDBSCAN,2337021,1.718576431274414
ProbMinHashDBSCAN,5164352,1.718576431274414
ProbMinHashDBSCAN,4356762,1.718759536743164
ProbMinHashDBSCAN,2067626,1.719400405883789
ProbMinHashDBSCAN,1495570,1.719034194946289
ProbMinHashDBSCAN,3561152,1.718667984008789
ProbMinHashDBSCAN,2021764,1.719034194946289
ProbMinHashDBSCAN,4339074,1.718484878540039
ProbMinHashDBSCAN,5148632,1.718393325805664
ProbMinHashDBSCAN,3012761,1.718484878540039
ProbMinHashDBSCAN,5347592,1.718576431274414
ProbMinHashDBSCAN,1539123,1.718759536743164
ProbMinHashDBSCAN,595893,1.718667984008789
ProbMinHashDBSCAN,4733461,1.718393325805664
ProbMinHashDBSCAN,2364708,1.718484878540039
ProbMinHashLSH,5299788,0.023799896240234375
ProbMinHashLSH,6287934,0.022764205932617188
ProbMinHashLSH,1011209,0.023221969604492188
ProbMinHashLSH,5507504,0.023038864135742188
ProbMinHashLSH,346568,0.022947311401367188
ProbMinHashLSH,1203808,0.022626876831054688
ProbMinHashLSH,1010335,0.022901535034179688
ProbMinHashLSH,3409325,0.022855758666992188
ProbMinHashLSH,4895081,0.023199081420898438
ProbMinHashLSH,1397599,0.022764205932617188
ProbMinHashLSH,1644652,0.022741317749023438
ProbMinHashLSH,2227097,0.022947311401367188
ProbMinHashLSH,3601209,0.023130416870117188
ProbMinHashLSH,3711744,0.023176193237304688
ProbMinHashLSH,1776679,0.022764205932617188
ProbMinHashLSH,5851433,0.022764205932617188
ProbMinHashLSH,4370660,0.022855758666992188
ProbMinHashLSH,1040527,0.023038864135742188
ProbMinHashLSH,3895110,0.022764205932617188
ProbMinHashLSH,4382555,0.022787094116210938
ProbMinHashLSH,5767055,0.022901535034179688
ProbMinHashLSH,2966359,0.023267745971679688
ProbMinHashLSH,2105501,0.022565841674804688
ProbMinHashLSH,1706796,0.022542953491210938
ProbMinHashLSH,2151547,0.022924423217773438
ProbMinHashLSH,4499037,0.022901535034179688
ProbMinHashLSH,5590619,0.022901535034179688
ProbMinHashLSH,1305866,0.022764205932617188
ProbMinHashLSH,1070632,0.022787094116210938
ProbMinHashLSH,1579621,0.022855758666992188
ProbMinHashLSH,3353693,0.022764205932617188
ProbMinHashLSH,3183267,0.022947311401367188
ProbMinHashLSH,267585,0.022809982299804688
ProbMinHashLSH,2208303,0.022947311401367188
ProbMinHashLSH,3843978,0.023130416870117188
ProbMinHashLSH,5635806,0.023176193237304688
ProbMinHashLSH,1265872,0.022764205932617188
ProbMinHashLSH,3677350,0.022764205932617188
ProbMinHashLSH,3513416,0.023038864135742188
ProbMinHashLSH,4432085,0.022764205932617188
ProbMinHashLSH,3084813,0.022764205932617188
ProbMinHashLSH,5679395,0.022901535034179688
ProbMinHashLSH,4018265,0.022855758666992188
ProbMinHashLSH,3527049,0.023084640502929688
ProbMinHashLSH,1077998,0.023130416870117188
ProbMinHashLSH,6219647,0.022947311401367188
ProbMinHashLSH,4003778,0.022764205932617188
ProbMinHashLSH,1850213,0.022718429565429688
ProbMinHashLSH,3450981,0.023130416870117188
ProbMinHashLSH,3421016,0.022764205932617188
ProbMinHashLSH,316293,0.022672653198242188
ProbMinHashLSH,2819930,0.01043701171875
ProbMinHashLSH,5634233,0.022764205932617188
ProbMinHashLSH,5984821,0.023038864135742188
ProbMinHashLSH,2859729,0.023038864135742188
ProbMinHashLSH,1555823,0.022947311401367188
ProbMinHashLSH,1250062,0.022764205932617188
ProbMinHashLSH,1682807,0.023176193237304688
ProbMinHashLSH,4604261,0.022947311401367188
ProbMinHashLSH,525313,0.022764205932617188
ProbMinHashLSH,1340509,0.022741317749023438
ProbMinHashLSH,3289123,0.022672653198242188
ProbMinHashLSH,5662233,0.022741317749023438
ProbMinHashLSH,3223160,0.022855758666992188
ProbMinHashLSH,3258688,0.022764205932617188
ProbMinHashLSH,2045751,0.022993087768554688
ProbMinHashLSH,6053021,0.022672653198242188
ProbMinHashLSH,1552659,0.022764205932617188
ProbMinHashLSH,3714755,0.022672653198242188
ProbMinHashLSH,4994038,0.022649765014648438
ProbMinHashLSH,5546008,0.022947311401367188
ProbMinHashLSH,5591184,0.022603988647460938
ProbMinHashLSH,5019203,0.023244857788085938
ProbMinHashLSH,4646715,0.022993087768554688
ProbMinHashLSH,1346416,0.023817062377929688
ProbMinHashLSH,4175214,0.022901535034179688
ProbMinHashLSH,4011263,0.022764205932617188
ProbMinHashLSH,5571959,0.022855758666992188
ProbMinHashLSH,2720946,0.022901535034179688
ProbMinHashLSH,3746682,0.022672653198242188
ProbMinHashLSH,297891,0.023038864135742188
ProbMinHashLSH,1455271,0.022901535034179688
ProbMinHashLSH,5894445,0.022947311401367188
ProbMinHashLSH,1241174,0.023176193237304688
ProbMinHashLSH,3924770,0.022764205932617188
ProbMinHashLSH,434590,0.04879283905029297
ProbMinHashLSH,4695937,0.022901535034179688
ProbMinHashLSH,5832927,0.022901535034179688
ProbMinHashLSH,4321671,0.022993087768554688
ProbMinHashLSH,5508475,0.022626876831054688
ProbMinHashLSH,5324522,0.023176193237304688
ProbMinHashLSH,6013566,0.022764205932617188
ProbMinHashLSH,4363037,0.023084640502929688
ProbMinHashLSH,5516488,0.022901535034179688
ProbMinHashLSH,4972606,0.022672653198242188
ProbMinHashLSH,1925113,0.022672653198242188
ProbMinHashLSH,2435093,0.022947311401367188
ProbMinHashLSH,2962173,0.023038864135742188
ProbMinHashLSH,6386375,0.022947311401367188
ProbMinHashLSH,3878668,0.022764205932617188
ProbMinHashLSH,5998189,0.022565841674804688
ProbMinHashLSH,3180305,0.022832870483398438
ProbMinHashLSH,1515659,0.022924423217773438
ProbMinHashLSH,6341489,0.022672653198242188
ProbMinHashLSH,1671167,0.022832870483398438
ProbMinHashLSH,5984743,0.022764205932617188
ProbMinHashLSH,2119365,0.022626876831054688
ProbMinHashLSH,1263837,0.022603988647460938
ProbMinHashLSH,2284722,0.022649765014648438
ProbMinHashLSH,1407940,0.022855758666992188
ProbMinHashLSH,5136947,0.04876995086669922
ProbMinHashLSH,2011460,0.023038864135742188
ProbMinHashLSH,2263688,0.022855758666992188
ProbMinHashLSH,1320455,0.023130416870117188
ProbMinHashLSH,1773046,0.022855758666992188
ProbMinHashLSH,1202815,0.022855758666992188
ProbMinHashLSH,2765403,0.022649765014648438
ProbMinHashLSH,1020829,0.022970199584960938
ProbMinHashLSH,435424,0.022855758666992188
ProbMinHashLSH,352956,0.022947311401367188
ProbMinHashLSH,425874,0.023038864135742188
ProbMinHashLSH,4955213,0.022565841674804688
ProbMinHashLSH,6163035,0.022832870483398438
ProbMinHashLSH,3446482,0.023038864135742188
ProbMinHashLSH,2409062,0.022565841674804688
ProbMinHashLSH,6075455,0.022855758666992188
ProbMinHashLSH,221171,0.023038864135742188
ProbMinHashLSH,1708585,0.022993087768554688
ProbMinHashLSH,3431872,0.022565841674804688
ProbMinHashLSH,3899907,0.022649765014648438
ProbMinHashLSH,333210,0.023038864135742188
ProbMinHashLSH,3408817,0.023130416870117188
ProbMinHashLSH,2456608,0.022764205932617188
ProbMinHashLSH,1138728,0.022832870483398438
ProbMinHashLSH,102381,0.022947311401367188
ProbMinHashLSH,3310199,0.022764205932617188
ProbMinHashLSH,384192,0.023038864135742188
ProbMinHashLSH,3790054,0.022764205932617188
ProbMinHashLSH,4134703,0.022565841674804688
ProbMinHashLSH,114977,0.022924423217773438
ProbMinHashLSH,159878,0.022924423217773438
ProbMinHashLSH,4223029,0.022649765014648438
ProbMinHashLSH,5211805,0.022947311401367188
ProbMinHashLSH,292631,0.023038864135742188
ProbMinHashLSH,1016522,0.022764205932617188
ProbMinHashLSH,6351265,0.022718429565429688
ProbMinHashLSH,3990258,0.023267745971679688
ProbMinHashLSH,1154489,0.022672653198242188
ProbMinHashLSH,5517500,0.022626876831054688
ProbMinHashLSH,1952166,0.022764205932617188
ProbMinHashLSH,1416349,0.022764205932617188
ProbMinHashLSH,3216677,0.022901535034179688
ProbMinHashLSH,5719491,0.022855758666992188
ProbMinHashLSH,1341494,0.022764205932617188
ProbMinHashLSH,1028197,0.022718429565429688
ProbMinHashLSH,2364664,0.023038864135742188
ProbMinHashLSH,4702150,0.022855758666992188
ProbMinHashLSH,5210824,0.022672653198242188
ProbMinHashLSH,2958343,0.022672653198242188
ProbMinHashLSH,1568471,0.022947311401367188
ProbMinHashLSH,3964562,0.022947311401367188
ProbMinHashLSH,1717352,0.022672653198242188
ProbMinHashLSH,5837609,0.022672653198242188
ProbMinHashLSH,5813041,0.023290634155273438
ProbMinHashLSH,2997872,0.022855758666992188
ProbMinHashLSH,3284246,0.022672653198242188
ProbMinHashLSH,2130387,0.022924423217773438
ProbMinHashLSH,5858213,0.023038864135742188
ProbMinHashLSH,3823779,0.023176193237304688
ProbMinHashLSH,4449340,0.022565841674804688
ProbMinHashLSH,5242937,0.022901535034179688
ProbMinHashLSH,3345443,0.023221969604492188
ProbMinHashLSH,5489694,0.022672653198242188
ProbMinHashLSH,3727614,0.022764205932617188
ProbMinHashLSH,5725329,0.022901535034179688
ProbMinHashLSH,2388017,0.022993087768554688
ProbMinHashLSH,4337388,0.022764205932617188
ProbMinHashLSH,4542555,0.022672653198242188
ProbMinHashLSH,1742928,0.022741317749023438
ProbMinHashLSH,1208620,0.022672653198242188
ProbMinHashLSH,6372446,0.022970199584960938
ProbMinHashLSH,3678780,0.022924423217773438
ProbMinHashLSH,3637792,0.023221969604492188
ProbMinHashLSH,5835632,0.023176193237304688
ProbMinHashLSH,3412552,0.022565841674804688
ProbMinHashLSH,3784642,0.022947311401367188
ProbMinHashLSH,2249513,0.023038864135742188
ProbMinHashLSH,3994629,0.022991180419921875
ProbMinHashLSH,4093193,0.022762298583984375
ProbMinHashLSH,3940443,0.022855758666992188
ProbMinHashLSH,5342699,0.022901535034179688
ProbMinHashLSH,2983666,0.023176193237304688
ProbMinHashLSH,529339,0.022764205932617188
ProbMinHashLSH,2997326,0.022764205932617188
ProbMinHashLSH,1181883,0.022993087768554688
ProbMinHashLSH,1578571,0.022809982299804688
ProbMinHashLSH,4990938,0.022672653198242188
ProbMinHashLSH,5193988,0.022901535034179688
ProbMinHashLSH,4171316,0.022718429565429688
ProbMinHashLSH,595005,0.022718429565429688
ProbMinHashLSH,2974317,0.022672653198242188
ProbMinHashLSH,172332,0.022649765014648438
ProbMinHashLSH,1451423,0.023084640502929688
ProbMinHashLSH,2403263,0.022855758666992188
ProbMinHashLSH,3335342,0.022565841674804688
ProbMinHashLSH,1295286,0.022993087768554688
ProbMinHashLSH,6020647,0.022809982299804688
ProbMinHashLSH,5913997,0.022718429565429688
ProbMinHashLSH,114290,0.022764205932617188
ProbMinHashLSH,3668800,0.022878646850585938
ProbMinHashLSH,4852505,0.022764205932617188
ProbMinHashLSH,2667746,0.022809982299804688
ProbMinHashLSH,1202645,0.022809982299804688
ProbMinHashLSH,221628,0.023038864135742188
ProbMinHashLSH,5892697,0.023038864135742188
ProbMinHashLSH,3420522,0.023038864135742188
ProbMinHashLSH,5375356,0.022764205932617188
ProbMinHashLSH,4556631,0.022764205932617188
ProbMinHashLSH,3880043,0.022901535034179688
ProbMinHashLSH,4557468,0.022901535034179688
ProbMinHashLSH,1262444,0.022672653198242188
ProbMinHashLSH,2144649,0.022764205932617188
ProbMinHashLSH,4965439,0.022809982299804688
ProbMinHashLSH,176319,0.022626876831054688
ProbMinHashLSH,5262524,0.022947311401367188
ProbMinHashLSH,4988240,0.022718429565429688
ProbMinHashLSH,4536961,0.022718429565429688
ProbMinHashLSH,5827256,0.022764205932617188
ProbMinHashLSH,1107871,0.022832870483398438
ProbMinHashLSH,1742368,0.022809982299804688
ProbMinHashLSH,2182354,0.022764205932617188
ProbMinHashLSH,4392637,0.023313522338867188
ProbMinHashLSH,57975,0.022809982299804688
ProbMinHashLSH,6319414,0.022947311401367188
ProbMinHashLSH,4164053,0.022855758666992188
ProbMinHashLSH,277058,0.022718429565429688
ProbMinHashLSH,1401471,0.022947311401367188
ProbMinHashLSH,5163910,0.022809982299804688
ProbMinHashLSH,3794093,0.022764205932617188
ProbMinHashLSH,4938255,0.023107528686523438
ProbMinHashLSH,255457,0.022993087768554688
ProbMinHashLSH,1885819,0.022855758666992188
ProbMinHashLSH,2160326,0.022947311401367188
ProbMinHashLSH,4444346,0.022901535034179688
ProbMinHashLSH,4684037,0.022809982299804688
ProbMinHashLSH,3817273,0.022565841674804688
ProbMinHashLSH,5471841,0.022947311401367188
ProbMinHashLSH,261112,0.022672653198242188
ProbMinHashLSH,1940858,0.022565841674804688
ProbMinHashLSH,39751,0.022787094116210938
ProbMinHashLSH,1006365,0.022901535034179688
ProbMinHashLSH,4961817,0.022809982299804688
ProbMinHashLSH,2663338,0.022809982299804688
ProbMinHashLSH,4703848,0.022718429565429688
ProbMinHashLSH,4566246,0.023038864135742188
ProbMinHashLSH,1609854,0.022809982299804688
ProbMinHashLSH,4997395,0.022695541381835938
ProbMinHashLSH,2401207,0.022947311401367188
ProbMinHashLSH,2616251,0.022565841674804688
ProbMinHashLSH,4720752,0.023107528686523438
ProbMinHashLSH,5446902,0.022718429565429688
ProbMinHashLSH,4304490,0.022901535034179688
ProbMinHashLSH,6220453,0.023130416870117188
ProbMinHashLSH,6244530,0.022672653198242188
ProbMinHashLSH,6057081,0.022901535034179688
ProbMinHashLSH,5731699,0.023038864135742188
ProbMinHashLSH,5519007,0.022764205932617188
ProbMinHashLSH,1775170,0.023015975952148438
ProbMinHashLSH,4832681,0.023038864135742188
ProbMinHashLSH,2736719,0.022947311401367188
ProbMinHashLSH,4335992,0.022993087768554688
ProbMinHashLSH,4722891,0.022855758666992188
ProbMinHashLSH,5095605,0.022672653198242188
ProbMinHashLSH,2064070,0.022718429565429688
ProbMinHashLSH,4437445,0.022718429565429688
ProbMinHashLSH,32046,0.022787094116210938
ProbMinHashLSH,2722684,0.022565841674804688
ProbMinHashLSH,114185,0.022855758666992188
ProbMinHashLSH,3763304,0.022809982299804688
ProbMinHashLSH,3118616,0.022855758666992188
ProbMinHashLSH,1119434,0.023221969604492188
ProbMinHashLSH,3178780,0.022855758666992188
ProbMinHashLSH,2775355,0.022672653198242188
ProbMinHashLSH,2177379,0.022695541381835938
ProbMinHashLSH,32329,0.022672653198242188
ProbMinHashLSH,5950416,0.022970199584960938
ProbMinHashLSH,5736119,0.022764205932617188
ProbMinHashLSH,4887472,0.022809982299804688
ProbMinHashLSH,1306156,0.022672653198242188
ProbMinHashLSH,1359907,0.022649765014648438
ProbMinHashLSH,5433002,0.022855758666992188
ProbMinHashLSH,5865847,0.023038864135742188
ProbMinHashLSH,108141,0.022764205932617188
ProbMinHashLSH,3790860,0.022993087768554688
ProbMinHashLSH,1762055,0.022855758666992188
ProbMinHashLSH,5679396,0.022672653198242188
ProbMinHashLSH,598090,0.022947311401367188
ProbMinHashLSH,4556098,0.022718429565429688
ProbMinHashLSH,2987957,0.023084640502929688
ProbMinHashLSH,436019,0.022718429565429688
ProbMinHashLSH,5573495,0.022832870483398438
ProbMinHashLSH,2298254,0.022672653198242188
ProbMinHashLSH,2703379,0.022855758666992188
ProbMinHashLSH,4926591,0.023084640502929688
ProbMinHashLSH,365705,0.022901535034179688
ProbMinHashLSH,2075574,0.023038864135742188
ProbMinHashLSH,5640946,0.022947311401367188
ProbMinHashLSH,2892764,0.022947311401367188
ProbMinHashLSH,5358454,0.022855758666992188
ProbMinHashLSH,5590627,0.022947311401367188
ProbMinHashLSH,2902047,0.022855758666992188
ProbMinHashLSH,3350380,0.022832870483398438
ProbMinHashLSH,4220432,0.022764205932617188
ProbMinHashLSH,1597130,0.022764205932617188
ProbMinHashLSH,5469765,0.022809982299804688
ProbMinHashLSH,4789489,0.022718429565429688
ProbMinHashLSH,4832773,0.022878646850585938
ProbMinHashLSH,2823270,0.022901535034179688
ProbMinHashLSH,1961411,0.022855758666992188
ProbMinHashLSH,2023599,0.022764205932617188
ProbMinHashLSH,6155967,0.022764205932617188
ProbMinHashLSH,4180731,0.022809982299804688
ProbMinHashLSH,32902,0.022718429565429688
ProbMinHashLSH,6168664,0.022809982299804688
ProbMinHashLSH,1570337,0.022741317749023438
ProbMinHashLSH,1101380,0.023267745971679688
ProbMinHashLSH,5207652,0.022993087768554688
ProbMinHashLSH,407765,0.023084640502929688
ProbMinHashLSH,4042131,0.023221969604492188
ProbMinHashLSH,5207645,0.022901535034179688
ProbMinHashLSH,1390975,0.022672653198242188
ProbMinHashLSH,1960028,0.022741317749023438
ProbMinHashLSH,5468039,0.022565841674804688
ProbMinHashLSH,4865176,0.022809982299804688
ProbMinHashLSH,3736729,0.023130416870117188
ProbMinHashLSH,1765059,0.022809982299804688
ProbMinHashLSH,5884875,0.022718429565429688
ProbMinHashLSH,3260497,0.022809982299804688
ProbMinHashLSH,1199396,0.022626876831054688
ProbMinHashLSH,3534087,0.022787094116210938
ProbMinHashLSH,3754566,0.022855758666992188
ProbMinHashLSH,1991478,0.022764205932617188
ProbMinHashLSH,1024056,0.022764205932617188
ProbMinHashLSH,3460811,0.022947311401367188
ProbMinHashLSH,1938310,0.022855758666992188
ProbMinHashLSH,4032973,0.022672653198242188
ProbMinHashLSH,543562,0.022718429565429688
ProbMinHashLSH,5975249,0.022718429565429688
ProbMinHashLSH,4507798,0.022809982299804688
ProbMinHashLSH,6381629,0.022901535034179688
ProbMinHashLSH,6356930,0.023084640502929688
ProbMinHashLSH,6357695,0.022947311401367188
ProbMinHashLSH,5965768,0.022855758666992188
ProbMinHashLSH,2616095,0.022672653198242188
ProbMinHashLSH,5935727,0.022672653198242188
ProbMinHashLSH,3405327,0.022855758666992188
ProbMinHashLSH,6213291,0.022718429565429688
ProbMinHashLSH,1445590,0.022764205932617188
ProbMinHashLSH,2571477,0.022764205932617188
ProbMinHashLSH,1757962,0.022649765014648438
ProbMinHashLSH,134441,0.022764205932617188
ProbMinHashLSH,4175890,0.022947311401367188
ProbMinHashLSH,2997428,0.022855758666992188
ProbMinHashLSH,2730746,0.022672653198242188
ProbMinHashLSH,303246,0.022764205932617188
ProbMinHashLSH,5255166,0.022809982299804688
ProbMinHashLSH,5119166,0.022901535034179688
ProbMinHashLSH,2143759,0.022809982299804688
ProbMinHashLSH,1012393,0.022764205932617188
ProbMinHashLSH,1725061,0.023313522338867188
ProbMinHashLSH,2184043,0.022565841674804688
ProbMinHashLSH,5779990,0.022718429565429688
ProbMinHashLSH,5502419,0.022855758666992188
ProbMinHashLSH,2839061,0.022901535034179688
ProbMinHashLSH,4610332,0.023588180541992188
ProbMinHashLSH,1401465,0.023038864135742188
ProbMinHashLSH,3934033,0.022809982299804688
ProbMinHashLSH,2183102,0.023221969604492188
ProbMinHashLSH,3470450,0.023038864135742188
ProbMinHashLSH,3077285,0.022832870483398438
ProbMinHashLSH,377287,0.022947311401367188
ProbMinHashLSH,5616865,0.023038864135742188
ProbMinHashLSH,2376462,0.023084640502929688
ProbMinHashLSH,3050231,0.022947311401367188
ProbMinHashLSH,1553444,0.022809982299804688
ProbMinHashLSH,4153945,0.022970199584960938
ProbMinHashLSH,4246057,0.022718429565429688
ProbMinHashLSH,1180348,0.022809982299804688
ProbMinHashLSH,328548,0.022855758666992188
ProbMinHashLSH,2230476,0.022764205932617188
ProbMinHashLSH,426529,0.022901535034179688
ProbMinHashLSH,2850614,0.023176193237304688
ProbMinHashLSH,4416303,0.022947311401367188
ProbMinHashLSH,3101236,0.022855758666992188
ProbMinHashLSH,3638231,0.023221969604492188
ProbMinHashLSH,1679427,0.022809982299804688
ProbMinHashLSH,2138088,0.022901535034179688
ProbMinHashLSH,2995132,0.04883861541748047
ProbMinHashLSH,2585972,0.022947311401367188
ProbMinHashLSH,1848574,0.022764205932617188
ProbMinHashLSH,114873,0.022672653198242188
ProbMinHashLSH,2267564,0.022924423217773438
ProbMinHashLSH,3173110,0.022718429565429688
ProbMinHashLSH,3227933,0.022718429565429688
ProbMinHashLSH,3378328,0.022809982299804688
ProbMinHashLSH,133403,0.022924423217773438
ProbMinHashLSH,2381783,0.022718429565429688
ProbMinHashLSH,2849736,0.022764205932617188
ProbMinHashLSH,2737656,0.022672653198242188
ProbMinHashLSH,570516,0.022626876831054688
ProbMinHashLSH,1003868,0.023038864135742188
ProbMinHashLSH,4108047,0.022764205932617188
ProbMinHashLSH,2216762,0.022947311401367188
ProbMinHashLSH,2170698,0.022809982299804688
ProbMinHashLSH,329015,0.023267745971679688
ProbMinHashLSH,1371149,0.022672653198242188
ProbMinHashLSH,4259303,0.022993087768554688
ProbMinHashLSH,3158632,0.022993087768554688
ProbMinHashLSH,5483756,0.022809982299804688
ProbMinHashLSH,1470329,0.022947311401367188
ProbMinHashLSH,3504407,0.022672653198242188
ProbMinHashLSH,3978029,0.022947311401367188
ProbMinHashLSH,4848204,0.022947311401367188
ProbMinHashLSH,2626366,0.022718429565429688
ProbMinHashLSH,2394252,0.022947311401367188
ProbMinHashLSH,4925629,0.023038864135742188
ProbMinHashLSH,131924,0.022672653198242188
ProbMinHashLSH,4389733,0.022764205932617188
ProbMinHashLSH,1481006,0.022764205932617188
ProbMinHashLSH,2572817,0.022809982299804688
ProbMinHashLSH,2607150,0.022565841674804688
ProbMinHashLSH,5602650,0.022649765014648438
ProbMinHashLSH,441342,0.022718429565429688
ProbMinHashLSH,3467540,0.022809982299804688
ProbMinHashLSH,1917102,0.022542953491210938
ProbMinHashLSH,5669909,0.022718429565429688
ProbMinHashLSH,4817739,0.022901535034179688
ProbMinHashLSH,3579104,0.022672653198242188
ProbMinHashLSH,2091789,0.022787094116210938
ProbMinHashLSH,2860888,0.022809982299804688
ProbMinHashLSH,464025,0.022809982299804688
ProbMinHashLSH,5966834,0.022991180419921875
ProbMinHashLSH,4101141,0.022855758666992188
ProbMinHashLSH,1018172,0.022716522216796875
ProbMinHashLSH,4459676,0.023130416870117188
ProbMinHashLSH,6333575,0.023128509521484375
ProbMinHashLSH,262161,0.022991180419921875
ProbMinHashLSH,2354370,0.022809982299804688
ProbMinHashLSH,527910,0.022808074951171875
ProbMinHashLSH,2255639,0.023038864135742188
ProbMinHashLSH,541811,0.022809982299804688
ProbMinHashLSH,583256,0.022808074951171875
ProbMinHashLSH,4127095,0.023036956787109375
ProbMinHashLSH,4872862,0.023130416870117188
ProbMinHashLSH,1211754,0.022855758666992188
ProbMinHashLSH,1851445,0.022764205932617188
ProbMinHashLSH,5605815,0.02313232421875
ProbMinHashLSH,1404683,0.022808074951171875
ProbMinHashLSH,4079683,0.022855758666992188
ProbMinHashLSH,3331871,0.022808074951171875
ProbMinHashLSH,3795207,0.023223876953125
ProbMinHashLSH,5271262,0.0227203369140625
ProbMinHashLSH,1728132,0.022991180419921875
ProbMinHashLSH,4907076,0.022609710693359375
ProbMinHashLSH,1284155,0.023084640502929688
ProbMinHashLSH,5322075,0.022764205932617188
ProbMinHashLSH,2185446,0.022855758666992188
ProbMinHashLSH,144272,0.022609710693359375
ProbMinHashLSH,5733342,0.023059844970703125
ProbMinHashLSH,6155859,0.023038864135742188
ProbMinHashLSH,631174,0.022899627685546875
ProbMinHashLSH,2253001,0.023038864135742188
ProbMinHashLSH,1072810,0.023221969604492188
ProbMinHashLSH,382577,0.022764205932617188
ProbMinHashLSH,1125455,0.023176193237304688
ProbMinHashLSH,4338937,0.023130416870117188
ProbMinHashLSH,4422428,0.022764205932617188
ProbMinHashLSH,4082142,0.022764205932617188
ProbMinHashLSH,483921,0.022764205932617188
ProbMinHashLSH,2351278,0.023084640502929688
ProbMinHashLSH,2457668,0.023084640502929688
ProbMinHashLSH,6079444,0.022947311401367188
ProbMinHashLSH,1679576,0.022855758666992188
ProbMinHashLSH,5785923,0.023130416870117188
ProbMinHashLSH,5039203,0.023038864135742188
ProbMinHashLSH,5828929,0.022855758666992188
ProbMinHashLSH,1145657,0.022741317749023438
ProbMinHashLSH,2351599,0.023542404174804688
ProbMinHashLSH,544321,0.023267745971679688
ProbMinHashLSH,2010779,0.022764205932617188
ProbMinHashLSH,3533868,0.022609710693359375
ProbMinHashLSH,3050557,0.023084640502929688
ProbMinHashLSH,4239886,0.023221969604492188
ProbMinHashLSH,2567125,0.022716522216796875
ProbMinHashLSH,6341076,0.023130416870117188
ProbMinHashLSH,239464,0.022947311401367188
ProbMinHashLSH,1085625,0.023084640502929688
ProbMinHashLSH,252574,0.022764205932617188
ProbMinHashLSH,4775767,0.022947311401367188
ProbMinHashLSH,2352421,0.022764205932617188
ProbMinHashLSH,443487,0.02329254150390625
ProbMinHashLSH,4147273,0.0232696533203125
ProbMinHashLSH,4389381,0.022947311401367188
ProbMinHashLSH,2575944,0.022764205932617188
ProbMinHashLSH,563879,0.0228118896484375
ProbMinHashLSH,4672468,0.022855758666992188
ProbMinHashLSH,2753570,0.023082733154296875
ProbMinHashLSH,4946320,0.022716522216796875
ProbMinHashLSH,4235441,0.023082733154296875
ProbMinHashLSH,1977745,0.022899627685546875
ProbMinHashLSH,5231602,0.022947311401367188
ProbMinHashLSH,1146188,0.022741317749023438
ProbMinHashLSH,5809935,0.022716522216796875
ProbMinHashLSH,1334191,0.022716522216796875
ProbMinHashLSH,499389,0.022764205932617188
ProbMinHashLSH,2268103,0.022947311401367188
ProbMinHashLSH,5718400,0.022991180419921875
ProbMinHashLSH,4069697,0.022762298583984375
ProbMinHashLSH,5639753,0.022855758666992188
ProbMinHashLSH,4346860,0.023038864135742188
ProbMinHashLSH,5972324,0.0229034423828125
ProbMinHashLSH,4602234,0.022855758666992188
ProbMinHashLSH,2821445,0.022855758666992188
ProbMinHashLSH,1483495,0.022855758666992188
ProbMinHashLSH,5538472,0.02269744873046875
ProbMinHashLSH,5994916,0.022855758666992188
ProbMinHashLSH,5213680,0.0232696533203125
ProbMinHashLSH,6214747,0.023038864135742188
ProbMinHashLSH,1776829,0.0229949951171875
ProbMinHashLSH,3729268,0.02294921875
ProbMinHashLSH,5559189,0.022855758666992188
ProbMinHashLSH,3208189,0.022855758666992188
ProbMinHashLSH,5527000,0.0228118896484375
ProbMinHashLSH,4610979,0.0230865478515625
ProbMinHashLSH,4346957,0.022855758666992188
ProbMinHashLSH,416205,0.023040771484375
ProbMinHashLSH,2438086,0.0229949951171875
ProbMinHashLSH,1374089,0.022716522216796875
ProbMinHashLSH,6236609,0.022857666015625
ProbMinHashLSH,544160,0.022672653198242188
ProbMinHashLSH,2089863,0.023107528686523438
ProbMinHashLSH,3847613,0.022855758666992188
ProbMinHashLSH,1419407,0.022947311401367188
ProbMinHashLSH,5820128,0.022672653198242188
ProbMinHashLSH,416465,0.023084640502929688
ProbMinHashLSH,3250211,0.023038864135742188
ProbMinHashLSH,1181554,0.023313522338867188
ProbMinHashLSH,4326700,0.022947311401367188
ProbMinHashLSH,1866208,0.022855758666992188
ProbMinHashLSH,4966019,0.022924423217773438
ProbMinHashLSH,3734341,0.023061752319335938
ProbMinHashLSH,3089024,0.022764205932617188
ProbMinHashLSH,4563269,0.022855758666992188
ProbMinHashLSH,5241113,0.022787094116210938
ProbMinHashLSH,3957364,0.022855758666992188
ProbMinHashLSH,3723343,0.022809982299804688
ProbMinHashLSH,1218527,0.022672653198242188
ProbMinHashLSH,3368656,0.023015975952148438
ProbMinHashLSH,151596,0.022809982299804688
ProbMinHashLSH,1425761,0.022718429565429688
ProbMinHashLSH,550092,0.023221969604492188
ProbMinHashLSH,5786594,0.022672653198242188
ProbMinHashLSH,3449640,0.022878646850585938
ProbMinHashLSH,1828756,0.022764205932617188
ProbMinHashLSH,3409621,0.022993087768554688
ProbMinHashLSH,4959077,0.023038864135742188
ProbMinHashLSH,3417151,0.022855758666992188
ProbMinHashLSH,4393988,0.023313522338867188
ProbMinHashLSH,2341087,0.022809982299804688
ProbMinHashLSH,4816123,0.022764205932617188
ProbMinHashLSH,2145204,0.022764205932617188
ProbMinHashLSH,495949,0.022718429565429688
ProbMinHashLSH,3296939,0.023130416870117188
ProbMinHashLSH,4518053,0.023084640502929688
ProbMinHashLSH,5201624,0.022718429565429688
ProbMinHashLSH,1656204,0.022878646850585938
ProbMinHashLSH,2883408,0.022855758666992188
ProbMinHashLSH,527358,0.022718429565429688
ProbMinHashLSH,317466,0.022809982299804688
ProbMinHashLSH,3307887,0.023267745971679688
ProbMinHashLSH,2014017,0.023038864135742188
ProbMinHashLSH,1495317,0.023130416870117188
ProbMinHashLSH,5288688,0.022947311401367188
ProbMinHashLSH,1946645,0.022947311401367188
ProbMinHashLSH,2383369,0.022764205932617188
ProbMinHashLSH,1489898,0.022809982299804688
ProbMinHashLSH,5845137,0.022855758666992188
ProbMinHashLSH,5490351,0.022993087768554688
ProbMinHashLSH,1389845,0.022672653198242188
ProbMinHashLSH,2223199,0.023221969604492188
ProbMinHashLSH,313874,0.022672653198242188
ProbMinHashLSH,2133704,0.022947311401367188
ProbMinHashLSH,1712723,0.04897594451904297
ProbMinHashLSH,4207095,0.023267745971679688
ProbMinHashLSH,4257437,0.022565841674804688
ProbMinHashLSH,2866825,0.022672653198242188
ProbMinHashLSH,1698385,0.022764205932617188
ProbMinHashLSH,3349374,0.022764205932617188
ProbMinHashLSH,2182546,0.023084640502929688
ProbMinHashLSH,2053262,0.022649765014648438
ProbMinHashLSH,4266176,0.022947311401367188
ProbMinHashLSH,2963158,0.022672653198242188
ProbMinHashLSH,5458144,0.022764205932617188
ProbMinHashLSH,3797871,0.022764205932617188
ProbMinHashLSH,5512795,0.022947311401367188
ProbMinHashLSH,5499635,0.022718429565429688
ProbMinHashLSH,1874923,0.023084640502929688
ProbMinHashLSH,623340,0.022947311401367188
ProbMinHashLSH,3288985,0.022947311401367188
ProbMinHashLSH,2818548,0.022764205932617188
ProbMinHashLSH,4793901,0.022901535034179688
ProbMinHashLSH,2305257,0.022947311401367188
ProbMinHashLSH,4549309,0.023221969604492188
ProbMinHashLSH,2972406,0.022993087768554688
ProbMinHashLSH,3014250,0.022947311401367188
ProbMinHashLSH,1672871,0.022947311401367188
ProbMinHashLSH,1074798,0.022718429565429688
ProbMinHashLSH,4248795,0.022855758666992188
ProbMinHashLSH,6024428,0.022764205932617188
ProbMinHashLSH,4475585,0.022947311401367188
ProbMinHashLSH,5979841,0.023061752319335938
ProbMinHashLSH,3646966,0.022832870483398438
ProbMinHashLSH,3134845,0.022741317749023438
ProbMinHashLSH,3657359,0.022993087768554688
ProbMinHashLSH,3494751,0.022809982299804688
ProbMinHashLSH,4012235,0.023176193237304688
ProbMinHashLSH,2872682,0.022672653198242188
ProbMinHashLSH,4098349,0.022764205932617188
ProbMinHashLSH,1939841,0.023130416870117188
ProbMinHashLSH,3029287,0.022565841674804688
ProbMinHashLSH,4270585,0.022832870483398438
ProbMinHashLSH,6337530,0.022947311401367188
ProbMinHashLSH,5559447,0.023221969604492188
ProbMinHashLSH,2492200,0.023221969604492188
ProbMinHashLSH,3506958,0.022718429565429688
ProbMinHashLSH,4280289,0.022649765014648438
ProbMinHashLSH,4600871,0.022993087768554688
ProbMinHashLSH,5478105,0.023450851440429688
ProbMinHashLSH,5161710,0.022718429565429688
ProbMinHashLSH,2140677,0.022993087768554688
ProbMinHashLSH,6244236,0.022947311401367188
ProbMinHashLSH,3025411,0.022947311401367188
ProbMinHashLSH,1210230,0.022855758666992188
ProbMinHashLSH,5891364,0.022901535034179688
ProbMinHashLSH,1716415,0.022672653198242188
ProbMinHashLSH,1149463,0.022947311401367188
ProbMinHashLSH,4547086,0.022565841674804688
ProbMinHashLSH,6201636,0.022764205932617188
ProbMinHashLSH,426218,0.022809982299804688
ProbMinHashLSH,5116237,0.022855758666992188
ProbMinHashLSH,3375418,0.022947311401367188
ProbMinHashLSH,4644312,0.022855758666992188
ProbMinHashLSH,134842,0.022901535034179688
ProbMinHashLSH,4710580,0.022764205932617188
ProbMinHashLSH,581914,0.022718429565429688
ProbMinHashLSH,1674565,0.022993087768554688
ProbMinHashLSH,3369189,0.022672653198242188
ProbMinHashLSH,5318494,0.022970199584960938
ProbMinHashLSH,1956956,0.022718429565429688
ProbMinHashLSH,3584287,0.022809982299804688
ProbMinHashLSH,5871812,0.022947311401367188
ProbMinHashLSH,4849183,0.023038864135742188
ProbMinHashLSH,5519066,0.022718429565429688
ProbMinHashLSH,5807249,0.022809982299804688
ProbMinHashLSH,5161178,0.022764205932617188
ProbMinHashLSH,3189416,0.022764205932617188
ProbMinHashLSH,5093856,0.022947311401367188
ProbMinHashLSH,14081,0.022672653198242188
ProbMinHashLSH,3371797,0.022855758666992188
ProbMinHashLSH,6009715,0.022947311401367188
ProbMinHashLSH,5130169,0.023313522338867188
ProbMinHashLSH,4536966,0.022764205932617188
ProbMinHashLSH,5141891,0.023221969604492188
ProbMinHashLSH,1056367,0.022764205932617188
ProbMinHashLSH,3054306,0.023038864135742188
ProbMinHashLSH,1400501,0.022764205932617188
ProbMinHashLSH,2129555,0.022947311401367188
ProbMinHashLSH,2277682,0.022947311401367188
ProbMinHashLSH,5216541,0.023038864135742188
ProbMinHashLSH,2045127,0.023130416870117188
ProbMinHashLSH,4656891,0.023038864135742188
ProbMinHashLSH,2065591,0.022672653198242188
ProbMinHashLSH,1131241,0.022947311401367188
ProbMinHashLSH,3917828,0.023038864135742188
ProbMinHashLSH,2284353,0.023130416870117188
ProbMinHashLSH,3299760,0.022764205932617188
ProbMinHashLSH,4048139,0.022764205932617188
ProbMinHashLSH,2247982,0.022741317749023438
ProbMinHashLSH,1621077,0.022855758666992188
ProbMinHashLSH,3331144,0.022855758666992188
ProbMinHashLSH,1792141,0.023450851440429688
ProbMinHashLSH,1141676,0.022809982299804688
ProbMinHashLSH,1233181,0.022672653198242188
ProbMinHashLSH,636700,0.022855758666992188
ProbMinHashLSH,4671892,0.022672653198242188
ProbMinHashLSH,2096772,0.023084640502929688
ProbMinHashLSH,3394837,0.022718429565429688
ProbMinHashLSH,6104666,0.022809982299804688
ProbMinHashLSH,5315539,0.023084640502929688
ProbMinHashLSH,356041,0.022947311401367188
ProbMinHashLSH,5763739,0.023038864135742188
ProbMinHashLSH,2673476,0.022855758666992188
ProbMinHashLSH,5612772,0.023313522338867188
ProbMinHashLSH,5709980,0.022764205932617188
ProbMinHashLSH,5374565,0.022764205932617188
ProbMinHashLSH,2967781,0.022855758666992188
ProbMinHashLSH,5157284,0.022855758666992188
ProbMinHashLSH,5463212,0.022764205932617188
ProbMinHashLSH,2276496,0.023130416870117188
ProbMinHashLSH,2857216,0.022809982299804688
ProbMinHashLSH,4067802,0.023359298706054688
ProbMinHashLSH,3467850,0.023038864135742188
ProbMinHashLSH,1466717,0.022947311401367188
ProbMinHashLSH,6348401,0.023130416870117188
ProbMinHashLSH,1045667,0.022565841674804688
ProbMinHashLSH,4357655,0.023061752319335938
ProbMinHashLSH,5355416,0.023267745971679688
ProbMinHashLSH,2156003,0.023313522338867188
ProbMinHashLSH,1340392,0.022764205932617188
ProbMinHashLSH,144030,0.022672653198242188
ProbMinHashLSH,5574465,0.023038864135742188
ProbMinHashLSH,1549801,0.022855758666992188
ProbMinHashLSH,3096727,0.022672653198242188
ProbMinHashLSH,266254,0.023336410522460938
ProbMinHashLSH,2465167,0.022764205932617188
ProbMinHashLSH,470861,0.022764205932617188
ProbMinHashLSH,34557,0.022649765014648438
ProbMinHashLSH,4838265,0.022924423217773438
ProbMinHashLSH,4151609,0.023153305053710938
ProbMinHashLSH,3890237,0.023084640502929688
ProbMinHashLSH,6031947,0.022855758666992188
ProbMinHashLSH,1934038,0.022764205932617188
ProbMinHashLSH,14039,0.022947311401367188
ProbMinHashLSH,6019659,0.022764205932617188
ProbMinHashLSH,5860328,0.022764205932617188
ProbMinHashLSH,6123851,0.022565841674804688
ProbMinHashLSH,5004568,0.023015975952148438
ProbMinHashLSH,3834869,0.023221969604492188
ProbMinHashLSH,3312569,0.023130416870117188
ProbMinHashLSH,2540577,0.022855758666992188
ProbMinHashLSH,2329040,0.022855758666992188
ProbMinHashLSH,3827249,0.023130416870117188
ProbMinHashLSH,6238444,0.022672653198242188
ProbMinHashLSH,5537725,0.022947311401367188
ProbMinHashLSH,2150872,0.023130416870117188
ProbMinHashLSH,5375968,0.023038864135742188
ProbMinHashLSH,2412075,0.022855758666992188
ProbMinHashLSH,4711167,0.023221969604492188
ProbMinHashLSH,5656940,0.023130416870117188
ProbMinHashLSH,4298954,0.022764205932617188
ProbMinHashLSH,1459856,0.023038864135742188
ProbMinHashLSH,6085026,0.023130416870117188
ProbMinHashLSH,4987229,0.022855758666992188
ProbMinHashLSH,2111910,0.023130416870117188
ProbMinHashLSH,6019970,0.022855758666992188
ProbMinHashLSH,4736213,0.022764205932617188
ProbMinHashLSH,1470710,0.022855758666992188
ProbMinHashLSH,2525335,0.022855758666992188
ProbMinHashLSH,3076814,0.023038864135742188
ProbMinHashLSH,4497077,0.023130416870117188
ProbMinHashLSH,1484311,0.022672653198242188
ProbMinHashLSH,3130029,0.022855758666992188
ProbMinHashLSH,1411378,0.023038864135742188
ProbMinHashLSH,4631905,0.022764205932617188
ProbMinHashLSH,4547288,0.023038864135742188
ProbMinHashLSH,468377,0.022809982299804688
ProbMinHashLSH,5245704,0.022809982299804688
ProbMinHashLSH,2571620,0.022809982299804688
ProbMinHashLSH,3633749,0.022809982299804688
ProbMinHashLSH,4271222,0.022649765014648438
ProbMinHashLSH,3486001,0.022993087768554688
ProbMinHashLSH,5069519,0.022855758666992188
ProbMinHashLSH,1216804,0.022764205932617188
ProbMinHashLSH,4112705,0.022993087768554688
ProbMinHashLSH,3737610,0.022901535034179688
ProbMinHashLSH,4154683,0.022947311401367188
ProbMinHashLSH,3730430,0.022672653198242188
ProbMinHashLSH,4237791,0.022924423217773438
ProbMinHashLSH,2573332,0.022672653198242188
ProbMinHashLSH,106544,0.022901535034179688
ProbMinHashLSH,1334134,0.023130416870117188
ProbMinHashLSH,4497363,0.022672653198242188
ProbMinHashLSH,6002614,0.022718429565429688
ProbMinHashLSH,4211860,0.023015975952148438
ProbMinHashLSH,3580359,0.04906749725341797
ProbMinHashLSH,4382311,0.022947311401367188
ProbMinHashLSH,4431314,0.022809982299804688
ProbMinHashLSH,4241244,0.022809982299804688
ProbMinHashLSH,4196959,0.022924423217773438
ProbMinHashLSH,1949648,0.022672653198242188
ProbMinHashLSH,5078384,0.022947311401367188
ProbMinHashLSH,5097701,0.022993087768554688
ProbMinHashLSH,1451762,0.022855758666992188
ProbMinHashLSH,6002684,0.022809982299804688
ProbMinHashLSH,5825909,0.022649765014648438
ProbMinHashLSH,4496667,0.022672653198242188
ProbMinHashLSH,5255518,0.022764205932617188
ProbMinHashLSH,2440457,0.022809982299804688
ProbMinHashLSH,1671070,0.022764205932617188
ProbMinHashLSH,4131094,0.023084640502929688
ProbMinHashLSH,3152728,0.022718429565429688
ProbMinHashLSH,289549,0.022947311401367188
ProbMinHashLSH,1506519,0.022764205932617188
ProbMinHashLSH,3516831,0.022855758666992188
ProbMinHashLSH,1509884,0.022764205932617188
ProbMinHashLSH,3449914,0.022649765014648438
ProbMinHashLSH,5452715,0.022741317749023438
ProbMinHashLSH,1220618,0.022809982299804688
ProbMinHashLSH,1711487,0.022565841674804688
ProbMinHashLSH,5475534,0.023519515991210938
ProbMinHashLSH,5446866,0.022855758666992188
ProbMinHashLSH,4222138,0.023038864135742188
ProbMinHashLSH,427641,0.022947311401367188
ProbMinHashLSH,2497872,0.022947311401367188
ProbMinHashLSH,6268528,0.022718429565429688
ProbMinHashLSH,5523895,0.022947311401367188
ProbMinHashLSH,5012075,0.022901535034179688
ProbMinHashLSH,629903,0.022672653198242188
ProbMinHashLSH,618954,0.022855758666992188
ProbMinHashLSH,1747307,0.023061752319335938
ProbMinHashLSH,2663232,0.022855758666992188
ProbMinHashLSH,5109015,0.022764205932617188
ProbMinHashLSH,398287,0.022855758666992188
ProbMinHashLSH,374300,0.022718429565429688
ProbMinHashLSH,4965925,0.022542953491210938
ProbMinHashLSH,3337510,0.022855758666992188
ProbMinHashLSH,4071243,0.022993087768554688
ProbMinHashLSH,2944561,0.022855758666992188
ProbMinHashLSH,6334469,0.022809982299804688
ProbMinHashLSH,4710152,0.022901535034179688
ProbMinHashLSH,4019189,0.022947311401367188
ProbMinHashLSH,1008960,0.022672653198242188
ProbMinHashLSH,385828,0.022947311401367188
ProbMinHashLSH,2398763,0.022565841674804688
ProbMinHashLSH,5749657,0.022878646850585938
ProbMinHashLSH,2564110,0.023267745971679688
ProbMinHashLSH,248965,0.022672653198242188
ProbMinHashLSH,2553883,0.023084640502929688
ProbMinHashLSH,1109802,0.023038864135742188
ProbMinHashLSH,4244456,0.022855758666992188
ProbMinHashLSH,6228621,0.022855758666992188
ProbMinHashLSH,5017515,0.022764205932617188
ProbMinHashLSH,118186,0.022855758666992188
ProbMinHashLSH,1486403,0.022855758666992188
ProbMinHashLSH,3886844,0.022855758666992188
ProbMinHashLSH,1332237,0.022649765014648438
ProbMinHashLSH,5089218,0.022649765014648438
ProbMinHashLSH,252193,0.010438919067382812
ProbMinHashLSH,4677589,0.022855758666992188
ProbMinHashLSH,4192405,0.023176193237304688
ProbMinHashLSH,5799660,0.023038864135742188
ProbMinHashLSH,4499704,0.022809982299804688
ProbMinHashLSH,5739806,0.022855758666992188
ProbMinHashLSH,4590235,0.022565841674804688
ProbMinHashLSH,2882474,0.022878646850585938
ProbMinHashLSH,1456935,0.023130416870117188
ProbMinHashLSH,5273871,0.022855758666992188
ProbMinHashLSH,2775930,0.022947311401367188
ProbMinHashLSH,4287619,0.023267745971679688
ProbMinHashLSH,307373,0.023176193237304688
ProbMinHashLSH,4921122,0.023313522338867188
ProbMinHashLSH,1140444,0.023130416870117188
ProbMinHashLSH,2380941,0.023084640502929688
ProbMinHashLSH,2964885,0.022947311401367188
ProbMinHashLSH,1409524,0.022718429565429688
ProbMinHashLSH,3952935,0.022855758666992188
ProbMinHashLSH,4065797,0.023130416870117188
ProbMinHashLSH,1987019,0.022764205932617188
ProbMinHashLSH,3944044,0.022649765014648438
ProbMinHashLSH,5245492,0.022764205932617188
ProbMinHashLSH,1906998,0.022565841674804688
ProbMinHashLSH,2070689,0.022764205932617188
ProbMinHashLSH,4479260,0.023038864135742188
ProbMinHashLSH,5287891,0.022565841674804688
ProbMinHashLSH,5282651,0.022855758666992188
ProbMinHashLSH,2659553,0.022855758666992188
ProbMinHashLSH,2947113,0.022855758666992188
ProbMinHashLSH,4164689,0.023084640502929688
ProbMinHashLSH,5746950,0.022764205932617188
ProbMinHashLSH,459476,0.022809982299804688
ProbMinHashLSH,5976027,0.022993087768554688
ProbMinHashLSH,1341370,0.022947311401367188
ProbMinHashLSH,5233318,0.022672653198242188
ProbMinHashLSH,247695,0.022878646850585938
ProbMinHashLSH,5978756,0.022764205932617188
ProbMinHashLSH,6018740,0.022924423217773438
ProbMinHashLSH,4379005,0.022672653198242188
ProbMinHashLSH,1358442,0.022695541381835938
ProbMinHashLSH,2396449,0.022993087768554688
ProbMinHashLSH,1162415,0.022672653198242188
ProbMinHashLSH,1744672,0.022878646850585938
ProbMinHashLSH,1140078,0.022672653198242188
ProbMinHashLSH,3106757,0.022832870483398438
ProbMinHashLSH,1003655,0.022764205932617188
ProbMinHashLSH,1704209,0.022901535034179688
ProbMinHashLSH,5704761,0.022672653198242188
ProbMinHashLSH,5531947,0.022764205932617188
ProbMinHashLSH,3045502,0.022855758666992188
ProbMinHashLSH,623100,0.022764205932617188
ProbMinHashLSH,2642439,0.022764205932617188
ProbMinHashLSH,5276254,0.022672653198242188
ProbMinHashLSH,1704362,0.022672653198242188
ProbMinHashLSH,3028180,0.022764205932617188
ProbMinHashLSH,1444620,0.022993087768554688
ProbMinHashLSH,3150630,0.022855758666992188
ProbMinHashLSH,2272178,0.022901535034179688
ProbMinHashLSH,5427227,0.022947311401367188
ProbMinHashLSH,4313573,0.04870128631591797
ProbMinHashLSH,5798963,0.022809982299804688
ProbMinHashLSH,5919132,0.022947311401367188
ProbMinHashLSH,325775,0.022764205932617188
ProbMinHashLSH,2284504,0.022947311401367188
ProbMinHashLSH,323727,0.022947311401367188
ProbMinHashLSH,2367373,0.022809982299804688
ProbMinHashLSH,2818639,0.022565841674804688
ProbMinHashLSH,4730229,0.023015975952148438
ProbMinHashLSH,3908695,0.022947311401367188
ProbMinHashLSH,5142481,0.022764205932617188
ProbMinHashLSH,5726137,0.022947311401367188
ProbMinHashLSH,5029187,0.022672653198242188
ProbMinHashLSH,2147283,0.022855758666992188
ProbMinHashLSH,2047468,0.023221969604492188
ProbMinHashLSH,4513386,0.022947311401367188
ProbMinHashLSH,2295012,0.022764205932617188
ProbMinHashLSH,1193461,0.023130416870117188
ProbMinHashLSH,4289882,0.022947311401367188
ProbMinHashLSH,450211,0.022924423217773438
ProbMinHashLSH,6106194,0.022672653198242188
ProbMinHashLSH,5150046,0.022901535034179688
ProbMinHashLSH,4659608,0.022542953491210938
ProbMinHashLSH,1326539,0.022787094116210938
ProbMinHashLSH,4370797,0.022855758666992188
ProbMinHashLSH,3954786,0.022764205932617188
ProbMinHashLSH,1313562,0.022718429565429688
ProbMinHashLSH,5360190,0.022947311401367188
ProbMinHashLSH,2154201,0.022809982299804688
ProbMinHashLSH,5802495,0.022565841674804688
ProbMinHashLSH,442927,0.022741317749023438
ProbMinHashLSH,4708186,0.022855758666992188
ProbMinHashLSH,4185516,0.022565841674804688
ProbMinHashLSH,6065753,0.023038864135742188
ProbMinHashLSH,5599908,0.022764205932617188
ProbMinHashLSH,4944787,0.022672653198242188
ProbMinHashLSH,6252676,0.023038864135742188
ProbMinHashLSH,30491,0.022947311401367188
ProbMinHashLSH,5223234,0.022855758666992188
ProbMinHashLSH,617680,0.022993087768554688
ProbMinHashLSH,5219299,0.023313522338867188
ProbMinHashLSH,2898439,0.023313522338867188
ProbMinHashLSH,3243817,0.022855758666992188
ProbMinHashLSH,3021056,0.023176193237304688
ProbMinHashLSH,200026,0.022764205932617188
ProbMinHashLSH,4511591,0.023496627807617188
ProbMinHashLSH,5843246,0.023038864135742188
ProbMinHashLSH,1482995,0.022764205932617188
ProbMinHashLSH,1118987,0.023130416870117188
ProbMinHashLSH,6344891,0.023130416870117188
ProbMinHashLSH,3201824,0.023084640502929688
ProbMinHashLSH,3911637,0.022764205932617188
ProbMinHashLSH,5325451,0.022764205932617188
ProbMinHashLSH,4221125,0.023015975952148438
ProbMinHashLSH,2200424,0.022764205932617188
ProbMinHashLSH,1379072,0.022764205932617188
ProbMinHashLSH,4852704,0.022764205932617188
ProbMinHashLSH,488165,0.023038864135742188
ProbMinHashLSH,3577571,0.022947311401367188
ProbMinHashLSH,5044872,0.022855758666992188
ProbMinHashLSH,5921798,0.023176193237304688
ProbMinHashLSH,1807641,0.022764205932617188
ProbMinHashLSH,4186465,0.022855758666992188
ProbMinHashLSH,3969739,0.022764205932617188
ProbMinHashLSH,1784190,0.022764205932617188
ProbMinHashLSH,3451282,0.022764205932617188
ProbMinHashLSH,4602526,0.022855758666992188
ProbMinHashLSH,6094792,0.022947311401367188
ProbMinHashLSH,2099269,0.022970199584960938
ProbMinHashLSH,5995908,0.022672653198242188
ProbMinHashLSH,5688213,0.023153305053710938
ProbMinHashLSH,3758627,0.022764205932617188
ProbMinHashLSH,2999367,0.023038864135742188
ProbMinHashLSH,5835162,0.022855758666992188
ProbMinHashLSH,1169611,0.022764205932617188
ProbMinHashLSH,2242006,0.023176193237304688
ProbMinHashLSH,2100845,0.022855758666992188
ProbMinHashLSH,1179775,0.023038864135742188
ProbMinHashLSH,2337021,0.022809982299804688
ProbMinHashLSH,5164352,0.022787094116210938
ProbMinHashLSH,4356762,0.022947311401367188
ProbMinHashLSH,2067626,0.023496627807617188
ProbMinHashLSH,1495570,0.023176193237304688
ProbMinHashLSH,3561152,0.022947311401367188
ProbMinHashLSH,2021764,0.023176193237304688
ProbMinHashLSH,4339074,0.022764205932617188
ProbMinHashLSH,5148632,0.022672653198242188
ProbMinHashLSH,3012761,0.022764205932617188
ProbMinHashLSH,5347592,0.022855758666992188
ProbMinHashLSH,1539123,0.022993087768554688
ProbMinHashLSH,595893,0.022947311401367188
ProbMinHashLSH,4733461,0.022672653198242188
ProbMinHashLSH,2364708,0.022855758666992188
